date,event_id,fight_id,fighter_id,opponent_id,fighter,opponent,target,current_logistic_probability,previous_bayesian_probit_probability,bayesian_logistic_probability,bayesian_logistic_lower_probability,bayesian_logistic_upper_probability,selected_logistic_bayesian_blend_probability
2023-01-14,2e2cdb6e9eb84bb9,b6723b9c6ff4d594,09e62c450e754913,814e5233e2acf2ee,Jimmy Flick,Charles Johnson,0,0.460654683055169,0.524611502533183,0.474179337832522,0.395721829467953,0.553490528508574,0.4680368167927
2023-01-14,2e2cdb6e9eb84bb9,9f09e77e46f15766,0978385b2bd9ef9b,e4ba58725825412d,Nick Aguirre,Dan Argueta,0,0.571853652571312,0.56877066947595,0.585185761497877,0.507606967738245,0.655820988304295,0.579150727794681
2023-01-14,2e2cdb6e9eb84bb9,c9144a294c73b06f,253076a23d03dcd0,798e48f9e7f6ba22,Allan Nascimento,Carlos Hernandez,1,0.473240040172007,0.465785065465693,0.458290298269103,0.377234898815228,0.537851081831538,0.465065861070996
2023-01-14,2e2cdb6e9eb84bb9,76b6058cddda9238,036e96c1c12b8a59,849c5d9979df5357,Nick Fiore,Mateusz Rebecki,0,0.60920174368581,0.610822714445905,0.630265894986972,0.599363413230527,0.658550623155712,0.620764366066369
2023-01-14,2e2cdb6e9eb84bb9,5305049e4215d263,972c456ff38b2015,eae431e70064e046,Claudio Ribeiro,Abdul Razak Alhassan,0,0.553633492962043,0.561404163649709,0.568342217775001,0.479995949818772,0.658521931068826,0.5616816689924
2023-01-14,2e2cdb6e9eb84bb9,5a2fa552e70958d4,48812daf291a4e23,bbab3baf66128ae2,Mateus Mendonca,Javid Basharat,0,0.321101767445916,0.319031295349552,0.32356708378717,0.266069316591895,0.383691615649338,0.322447255785329
2023-01-14,2e2cdb6e9eb84bb9,a4c7d59d340794c0,2b6fc1c02736833d,b9f28e7045fdfce7,Umar Nurmagomedov,Raoni Barcelos,1,0.832878903225826,0.872538336802827,0.868148558014478,0.821049937283575,0.906979796564583,0.852998325191556
2023-01-14,2e2cdb6e9eb84bb9,622cc4ef46913020,b9706f80d005036c,fc169c387b4b465d,Ketlen Vieira,Raquel Pennington,0,0.391256170417324,0.370216366019654,0.377682740683266,0.319729874458442,0.442010462944376,0.38381916162755
2023-01-14,2e2cdb6e9eb84bb9,d4420be78065de03,64facb6cc564262d,9d83f6da776ff7d6,Punahele Soriano,Roman Kopylov,0,0.645854337547901,0.650315266868023,0.657760682489665,0.582471196328227,0.729314715186059,0.652381873875277
2023-01-14,2e2cdb6e9eb84bb9,c88a7dbe7717d2da,29af297d9f1de0f8,82a5152216251682,Damon Jackson,Dan Ige,0,0.527633739193577,0.5328742243837,0.495447708155392,0.385001359430224,0.602568715856051,0.510063032731254
2023-01-14,2e2cdb6e9eb84bb9,868c83e734dbbceb,0d8011111be000b2,881bf86d4cba8578,Sean Strickland,Nassourdine Imavov,1,0.460332793205995,0.371846989132252,0.441413150335975,0.34711693079588,0.538528173478775,0.449979960936669
2023-01-21,5717efc6f271cd52,1d35e4c0941d1397,72ea1984c52019b5,850266b3dc4e506e,Saimon Oliveira,Daniel Marcos,0,0.598610114344456,0.681008265789781,0.648275970836981,0.553947439237802,0.73785152178881,0.626064900981943
2023-01-21,5717efc6f271cd52,fcf385ae75191b57,68d35296f566792b,862b0b3375aa4b6e,Josiane Nunes,Zarah Fairn,1,0.804438205862007,0.77603368863227,0.815806175849244,0.745607275653656,0.875601822580249,0.810712708125051
2023-01-21,5717efc6f271cd52,f09c3d8a26806761,9d19d9e4aa2662e8,d317a5e2b3f88c5f,Nicolas Dalby,Warlley Alves,1,0.392421676976472,0.322613019674323,0.352699671276279,0.25039873488392,0.459550358564749,0.370508503180616
2023-01-21,5717efc6f271cd52,911b73db91738da6,809bd1a871491508,eb393afdbe3293d5,Terrance McKinney,Ismael Bonfim,0,0.681636855870174,0.668510348569153,0.684225236465074,0.616842926095531,0.748929973918261,0.683052197968037
2023-01-21,5717efc6f271cd52,354dc211166a3982,6fc506e1099afe20,bf7ad5628363eec9,Luan Lacerda,Cody Stamann,0,0.356331608041083,0.323383951394395,0.343048804572841,0.271613561353606,0.41942297358982,0.349046748972906
2023-01-21,5717efc6f271cd52,fffdc57255274be1,2f5cbecbbe18bac4,41e83a89929d1327,Shamil Abdurakhimov,Jailton Almeida,0,0.116055028997466,0.185845152701908,0.116515474817337,0.0698833224202304,0.180314626185019,0.11630635772509
2023-01-21,5717efc6f271cd52,7ed9e8f3258446c7,01641ba5df0c69b0,49ee5024966efc0d,Gabriel Bonfim,Mounir Lazzez,1,0.496431124419487,0.481913175263375,0.499501989675836,0.434056869980313,0.565591632945943,0.498108608824457
2023-01-21,5717efc6f271cd52,8cdcdfb76d1670dd,20bccc9bb4ceb23e,d945aae53e3e54e6,Melquizael Costa,Thiago Moises,0,0.429906874732286,0.476280442216874,0.42422834733918,0.355218507703644,0.500051822911781,0.426802514825012
2023-01-21,5717efc6f271cd52,5ad8aa57c8d69680,1e719d4b676dc19a,d1c65d2cf2925ddd,Brunno Ferreira,Gregory Rodrigues,1,0.242422178894283,0.257432268338473,0.243798635688325,0.191367231858226,0.304539428997551,0.243173432024181
2023-01-21,5717efc6f271cd52,a3ef3d05ddd80a94,140745cbbcb023ac,260bd4cef10b033f,Mauricio Rua,Ihor Potieria,0,0.406899365830709,0.399616847121215,0.374884847316138,0.286206946747257,0.466666367543831,0.389293969386935
2023-01-21,5717efc6f271cd52,2d1ac675e6c1e6ea,c21f26bbde777573,eabf206b162b3b83,Johnny Walker,Paul Craig,1,0.510374955440562,0.498094703333593,0.534887475183349,0.425912724380804,0.631709720606614,0.52377900366235
2023-01-21,5717efc6f271cd52,0221982930283140,6a1901c62ab3870f,729d4bd5a6cd0a97,Jessica Andrade,Lauren Murphy,1,0.77245488818756,0.857718573391062,0.81720062955252,0.723663036822799,0.890493444585261,0.797799147673053
2023-01-21,5717efc6f271cd52,1c51f405e5c46572,23024fdfc966410a,84b3e7d38f2d2ec5,Gilbert Burns,Neil Magny,1,0.43383826817204,0.526601577581682,0.442448273180472,0.350293651591651,0.542962286479641,0.438536995761225
2023-01-21,5717efc6f271cd52,0462bcc27498f7c4,792be9a24df82ed6,aa72b0f831d0bfe5,Brandon Moreno,Deiveson Figueiredo,1,0.577374601928089,0.584775536480584,0.589781437583354,0.507377351838611,0.668849072742099,0.584165160995864
2023-01-21,5717efc6f271cd52,dde7d29cc443e263,5444c5a201d3ee5a,7ff97850e8c32bda,Jamahal Hill,Glover Teixeira,1,0.594666606799724,0.639614493872177,0.62957705678965,0.525223549728746,0.728964544535628,0.613880382382803
2023-02-04,d26394fc0e8e880a,a26ca06cce403ce2,4461d7e47375a895,c051c2e12d692b8a,Tatsuro Taira,Jesus Aguilar,1,0.786853688467081,0.785520576653973,0.80585121899973,0.752643902596368,0.853331443895941,0.79739494553988
2023-02-04,d26394fc0e8e880a,983fab4080743ed0,0112352cb32f5026,285ae0b4a68221f4,Denis Tiuliulin,JunYong Park,0,0.372628652401895,0.413853609537938,0.377003409814188,0.309109912916113,0.452107191206547,0.375015891604962
2023-02-04,d26394fc0e8e880a,98094a500529d442,adccbc19b22e19af,b671bdf981ad527d,SeungGuk Choi,HyunSung Park,0,0.500559634750646,0.499229911575421,0.500330898487091,0.489930924047443,0.510204596109071,0.500434684399506
2023-02-04,d26394fc0e8e880a,a8067e65eb737a09,148bb103cfbf123e,d8c811df0386d5e8,Toshiomi Kazama,Rinya Nakamura,0,0.535355384229117,0.536022830091591,0.543597408282604,0.534615502359449,0.55261621816092,0.539860388893399
2023-02-04,d26394fc0e8e880a,765482eb58e8db48,3f11fd1751fa83b1,d008d785f6347dc2,Yizha,JeongYeong Lee,0,0.495000890669063,0.496441087916347,0.497803566855965,0.478613037927212,0.516597961474126,0.496531863940281
2023-02-04,d26394fc0e8e880a,b1b20c686dfe3204,57186c150c645200,a72a2a769fa5a2be,Jeka Saragih,Anshul Jubli,0,0.503372266171837,0.511923747338497,0.515320221490662,0.486119659903193,0.54404916648419,0.509900352906434
2023-02-04,d26394fc0e8e880a,c63d8062c89c4c33,21b5c82c1b89dab1,a01a62132460a98d,Yusaku Kinoshita,Adam Fugitt,0,0.636601174251566,0.577481234107045,0.628823355770735,0.555520808594721,0.702372911871595,0.632360989342019
2023-02-04,d26394fc0e8e880a,8741e6a3a5a22a7f,1788eee370f077b7,c9cf753cfdf77fc2,Blagoy Ivanov,Marcin Tybura,0,0.388749881394931,0.486557714426271,0.410856808234689,0.336706432005734,0.488713791588325,0.400775649881444
2023-02-04,d26394fc0e8e880a,7a1abc0230af730c,74f9448b97bf8bec,cc7040fe76f0ef91,Da Woon Jung,Devin Clark,0,0.767055042829266,0.75711234727382,0.780255094535232,0.699939472689627,0.847076913614176,0.774333276782844
2023-02-04,d26394fc0e8e880a,caeeb398f73d213a,d3df1add9d9a7efb,e2f6b2769aaedd6c,Derrick Lewis,Serghei Spivac,0,0.289882712629965,0.370434505296751,0.298743219318971,0.217584717861332,0.395275526354466,0.29470362220481
2023-02-11,01dd4cdc2446f665,0ac5fc42ba039211,48a9a128784d53d1,aceffa19749c4dc0,Elves Brener,Zubaira Tukhugov,1,0.408205768174837,0.412732722869955,0.408917232682716,0.327117907429254,0.49223913292387,0.408594368114009
2023-02-11,01dd4cdc2446f665,5c962ea13cb9b937,4cd8b03aee1d0138,5095b0920a3602aa,Shane Young,Blake Bilder,0,0.556253479336483,0.617821205852608,0.598180465516061,0.523140669502882,0.672546680690901,0.579295896191439
2023-02-11,01dd4cdc2446f665,51a12878b151d67b,4e30e4250cb08b61,ac7c765882f2c68c,Loma Lookboonmee,Elise Reed,1,0.681706029810026,0.699527300985705,0.70138509099787,0.640716322223986,0.760348364152649,0.692542320251368
2023-02-11,01dd4cdc2446f665,28af78600d6580f1,a9da3158dd2c2b5a,da4628f173337902,Jack Jenkins,Don Shainis,1,0.515581415966512,0.459760090380179,0.490637604198847,0.426259488223464,0.552733311778585,0.501957192956309
2023-02-11,01dd4cdc2446f665,a37a6b6f9551a6e8,3920d0cc288f9b0d,af9f42e6894047fc,Francisco Prado,Jamie Mullarkey,0,0.445375138815401,0.432874252591194,0.434997175547923,0.367011641516212,0.50226959368683,0.439699534440745
2023-02-11,01dd4cdc2446f665,16dbe70eb7007f17,102a8fdf8cbf7467,51c655162e462ceb,Kleydson Rodrigues,Shannon Ross,1,0.598702002584963,0.674540938826589,0.634576283906237,0.5655961737241,0.704299291188116,0.618457105943072
2023-02-11,01dd4cdc2446f665,8b7bc2af1e15b668,6751eacd16bd59bc,a52bc1e62cf0b7c6,Josh Culibao,Melsik Baghdasaryan,1,0.478746862384043,0.464326154459546,0.478567883818616,0.410354740743163,0.550236025623794,0.478649092167394
2023-02-11,01dd4cdc2446f665,ca2672e68fedf4b7,476fe566d2df676e,49e96ff8ab781589,Modestas Bukauskas,Tyson Pedro,1,0.284471874913747,0.34307165527257,0.286645735495887,0.199604126319001,0.386803461424641,0.285658145509161
2023-02-11,01dd4cdc2446f665,da22d5a717ae9e35,ac40f7e3cbecdda4,e13abac8089a801a,Parker Porter,Justin Tafa,0,0.383281325127398,0.357198992283746,0.352405220317332,0.28240104453481,0.428339692273802,0.366279970815958
2023-02-11,01dd4cdc2446f665,4f672dd40867d8c6,6b453bc35a823c3f,c6aee362c7a7d482,Jack Della Maddalena,Randy Brown,1,0.600764547568597,0.538870830997543,0.585735695712666,0.48697119239929,0.679961098647116,0.592576417195338
2023-02-11,01dd4cdc2446f665,2208b9f471a201d9,cbf5e6f231b55443,fba03cd6cc28dc41,Yair Rodriguez,Josh Emmett,1,0.512690077094642,0.506267299026806,0.518417816654313,0.430056815230667,0.609957793948026,0.515819443997978
2023-02-11,01dd4cdc2446f665,256894b49303537b,275aca31f61ba28c,e1248941344b3288,Islam Makhachev,Alexander Volkanovski,1,0.553820021548188,0.396805975651322,0.495262344957896,0.334819592663453,0.653244736901685,0.52191292553762
2023-02-18,f21a3d68fb9df387,40781a64c4cea877,4a043165cf47cab2,b62d5280966b2460,Juancamilo Ronderos,Clayton Carpenter,0,0.536438221831874,0.592729700968525,0.568786882124015,0.5103918014597,0.629243746589128,0.554164894844161
2023-02-18,f21a3d68fb9df387,435ba9b407b844ef,40f3cb27fc7305a1,725b1abc9a39d873,Themba Gorimbo,AJ Fletcher,0,0.513907038200752,0.501940490819458,0.511405042740859,0.427124079371851,0.595533303851462,0.512540366646335
2023-02-18,f21a3d68fb9df387,3d46d635f9ae5e68,50db8711c70196cd,53c943c873cffe90,Ovince Saint Preux,Philipe Lins,0,0.539210854536585,0.500396839427045,0.54028037264722,0.462905408131458,0.612753983740578,0.539795139100443
2023-02-18,f21a3d68fb9df387,43ec12079ccc371c,5c10da56d712ac9c,e00a3dee329a51f7,Khusein Askhabov,Jamall Emmers,0,0.433294981198973,0.39027077429784,0.415991312218206,0.353827033663249,0.478886810408106,0.423819636370015
2023-02-18,f21a3d68fb9df387,c3a4187fc821bfff,2eeaefbfc7f9fcff,cc8c623cca88f54f,Lina Lansberg,Mayra Bueno Silva,0,0.163715162895135,0.196959241249167,0.144949066451771,0.0968077829717721,0.200693767015438,0.15323260050058
2023-02-18,f21a3d68fb9df387,d45d9c7d60f332da,d9a56ecb6e94f02e,ff62013d2fce6d13,Evan Elder,Nazim Sadykhov,0,0.479469695524029,0.505993030969279,0.501757223345384,0.425081618343039,0.574885081067241,0.491640111078006
2023-02-18,f21a3d68fb9df387,682ff095649c9a5c,262a7d06203657e6,d1941565abf50b16,Alexander Hernandez,Jim Miller,1,0.555973234837788,0.572244865515274,0.57633932609671,0.461929984527666,0.685820826866121,0.567126324842494
2023-02-18,f21a3d68fb9df387,dc6f69f923744948,5da33b8fbfa5ee95,6370c1c1e12723d5,William Knight,Marcin Prachnio,0,0.431903952000291,0.405464281709261,0.431789559985274,0.332608529203885,0.537761725404023,0.431841462865764
2023-02-18,f21a3d68fb9df387,3e90b7fd1e9f86bd,b5da8f7d05e85a55,f41b9f5efc7162d6,Josh Parisian,Jamal Pogues,0,0.307138430592213,0.289937173859227,0.277674937224485,0.218642048271041,0.342817180785795,0.290827155978634
2023-02-18,f21a3d68fb9df387,3f837b469ba33c7c,56f7d7ee06be4aab,c878270af633eb11,Zac Pauga,Jordan Wright,1,0.672248344654664,0.750567398045431,0.70856328520518,0.626925761818187,0.785894367831864,0.692378155725623
2023-02-18,f21a3d68fb9df387,dcc3da324eb5f26c,669970f7feba8ecd,6a1901c62ab3870f,Erin Blanchfield,Jessica Andrade,1,0.58718738881771,0.50898248616744,0.571882967752665,0.463956235440661,0.676567186579676,0.578846035833402
2023-02-25,806975e1b4f47b27,02615499125b4b5d,029afd138865d20a,ca28cdf526d6b6e9,Rafael Alves,Nurullo Aliev,0,0.398377673622498,0.430419203034944,0.390884219074343,0.330576765203272,0.452786191379467,0.394278124451841
2023-02-25,806975e1b4f47b27,12d9b4a3931be5ec,914a897455693650,af65aa688d13eedf,Carl Deaton,Joe Solecki,0,0.302921058072397,0.324682181625406,0.297419287438026,0.240703847684303,0.359161923068007,0.299908500024935
2023-02-25,806975e1b4f47b27,63670e1b8f164d4a,6d68c1afe954f121,814e5233e2acf2ee,Ode Osbourne,Charles Johnson,1,0.298366676828939,0.302385914586525,0.2947803538708,0.217531051420838,0.379928652664839,0.296404488756386
2023-02-25,806975e1b4f47b27,a7f66f13f953352f,3e708ce33b6b18e6,ac026518a9b4dc0f,Victor Martinez,Jordan Leavitt,0,0.309385086999843,0.33625447405326,0.294105953862665,0.23927409803301,0.35373309321322,0.300984142328214
2023-02-25,806975e1b4f47b27,faac24c1b3d6368a,a6eb54ae17a551be,a9e260472d321361,Gabriella Fernandes,Jasmine Jasudavicius,0,0.50105443203049,0.497252972186177,0.50603595971602,0.453621909178232,0.56014829180251,0.503775750123517
2023-02-25,806975e1b4f47b27,83fa3a382acc7bdc,0bc697c5936a2d0a,a2ccf35a88346a91,Trevor Peek,Erick Gonzalez,1,0.615846703337855,0.576068018748053,0.598639968388821,0.538660274723931,0.655548969849199,0.606480219230932
2023-02-25,806975e1b4f47b27,00a94d5fc7ce55cf,dd6103dd7127db1d,f998f5c102250d6e,Mike Malott,Yohan Lainesse,1,0.581476436512767,0.609833274501858,0.582954470502785,0.522969100097808,0.640845961110772,0.582284016258917
2023-02-25,806975e1b4f47b27,5737084215c45792,80d8aed0ca9b00f3,b08012bbe542592a,Montana De La Rosa,Tatiana Suarez,0,0.311430532332304,0.200013416286592,0.263212090204674,0.156339080042821,0.385624594999589,0.284488754344739
2023-02-25,806975e1b4f47b27,d6357dab7ccdf2db,1a9480fc288e55d7,441eacbe20e0e80b,Don'Tale Mayes,Augusto Sakai,0,0.588267790354498,0.586789097580916,0.57154539277566,0.497238430496232,0.645393114759756,0.579155618883895
2023-02-25,806975e1b4f47b27,2ba11e0bf32829d6,2f181c0467965b98,886264a0c9f4ea5e,Brendan Allen,Andre Muniz,1,0.385323155699415,0.362482687521395,0.370317070642267,0.275860770236653,0.47107410390237,0.377096807692582
2023-03-04,1ccff7f0cfdf85eb,ee2354d638c078fd,323d4ca260dfa0ba,8c169fbe1ac33637,Esteban Ribovics,Loik Radzhabov,0,0.576737964741001,0.579552967304779,0.595317704801687,0.576641416686549,0.614626558591033,0.586917854181671
2023-03-04,1ccff7f0cfdf85eb,cd20dac4daa4f93a,a09ed60aa67a3f67,da22387a0407a2dc,Farid Basharat,Da'Mon Blackshear,1,0.524251500732777,0.517663938142454,0.532884647238603,0.458947915763515,0.605649341951965,0.528969605276391
2023-03-04,1ccff7f0cfdf85eb,c3b9b97467f828d1,c742287ed86a09bc,d25240135aee03e5,Jessica Penne,Tabatha Ricci,0,0.276133651687261,0.26848304252341,0.250716956359576,0.183510024497466,0.322591826779787,0.262053855763744
2023-03-04,1ccff7f0cfdf85eb,0eb16f1307f66a11,3c8a5200436e19f3,c0386644627a7ee5,Cameron Saaiman,Mana Martinez,1,0.703398310836116,0.731070767912282,0.71818173869131,0.580243900771788,0.832139880720986,0.711529562310539
2023-03-04,1ccff7f0cfdf85eb,ed9f8f702585ed44,32490e80ddab1e5a,442c9011034ae1fd,Song Kenan,Ian Machado Garry,0,0.251687573184001,0.291121487583677,0.251176208642804,0.184341575816175,0.325849558050146,0.251408147573177
2023-03-04,1ccff7f0cfdf85eb,c29e2c49e1e417c8,8e9eb3fc86db0f7d,d0e1b42d41dab603,Marc-Andre Barriault,Julian Marquez,1,0.513171819184589,0.491320328397539,0.513216002818111,0.412966738777755,0.612593248102494,0.513195955136166
2023-03-04,1ccff7f0cfdf85eb,009feda296ae589c,36541f1e6c5d4955,beecb672a279223e,Viviane Araujo,Amanda Ribas,0,0.312004779229919,0.265260080915505,0.285605730437424,0.22153456517784,0.354476493773408,0.297417689094041
2023-03-04,1ccff7f0cfdf85eb,c2fc4c1e0c769655,0d7b51c9d2649a6e,b1a3e0aca758b322,Dricus Du Plessis,Derek Brunson,1,0.646920668317745,0.711353767882395,0.668693643406947,0.578398687751798,0.753225708954861,0.658897019679797
2023-03-04,1ccff7f0cfdf85eb,ec490d4224d3bc78,d8c7c61b176e3994,ec23c1be628d8057,Cody Garbrandt,Trevin Jones,1,0.62678977978703,0.538491903283475,0.620259470693452,0.521305459053639,0.712364342817323,0.623228065764437
2023-03-04,1ccff7f0cfdf85eb,2b9daf452ab40b9b,35673bf5204524ee,830f60497fab345a,Bo Nickal,Jamie Pickett,1,0.724853150320455,0.724982430495764,0.741840415499715,0.6843898457332,0.793268920311603,0.734218112374299
2023-03-04,1ccff7f0cfdf85eb,d6d034e98ce85246,4d8fa64202cee4c1,72db2a14ffa73ece,Jalin Turner,Mateusz Gamrot,0,0.402288834596306,0.344152426306874,0.373324903625721,0.270786116294129,0.481285719004896,0.386368181049717
2023-03-04,1ccff7f0cfdf85eb,22fc6b3f4e48cfa3,01afe0916a40c7c5,b997be68943010fc,Shavkat Rakhmonov,Geoff Neal,1,0.649220105857608,0.646189150469872,0.65572893849589,0.569796676839992,0.729381912847378,0.652782711403701
2023-03-04,1ccff7f0cfdf85eb,a69afe4a88c0ca12,132deb59abae64b1,e8b731feff72294b,Valentina Shevchenko,Alexa Grasso,0,0.672995307366948,0.656650778276081,0.673075252889593,0.582171514592667,0.752676363052241,0.673038979969299
2023-03-04,1ccff7f0cfdf85eb,636fd144716a3084,07f72a2a7591b409,787bb1f087ccff8a,Jon Jones,Ciryl Gane,1,0.494142404473042,0.52462219529307,0.538435848332522,0.37847188308302,0.694547723918388,0.518371424665638
2023-03-11,35080a7f406f9ab3,ccb5e29cd0347110,a53d30163304aa6e,c730a0be691dc081,Carlston Harris,Jared Gooden,1,0.610040882035594,0.620138939795388,0.612674794371065,0.522024940168852,0.700732715142433,0.611480499557341
2023-03-11,35080a7f406f9ab3,c3af2b6ab1262fef,294aa73dbf37d281,6e00cfffd54653c4,Bruno Silva,Tyson Nam,1,0.605042982251512,0.662434555323712,0.636154241905507,0.556018595268936,0.718620348267036,0.622161381748941
2023-03-11,35080a7f406f9ab3,8e5ce3308c0e2046,6551c64fbcd1a467,6fd953151d981979,Ariane da Silva,JJ Aldrich,1,0.305273295761703,0.286199804977892,0.284810901423771,0.220902970788162,0.354885062874594,0.293993004840968
2023-03-11,35080a7f406f9ab3,c4e4954beb59eca6,601964f9654f911a,eb8d8c2a95cfccb8,Tony Gravely,Victor Henry,0,0.630422996797888,0.617310713502926,0.650157462080222,0.56375687911791,0.730239556881395,0.641262153265398
2023-03-11,35080a7f406f9ab3,3cf3771274a4f8b1,4e6738062d469256,ca43de99b07b6b40,Sedriques Dumas,Josh Fremd,0,0.6015338204993,0.568600410280425,0.599540057117338,0.52503505954735,0.671735803670422,0.600445112248486
2023-03-11,35080a7f406f9ab3,804c350ce714770f,113df4fde64735c6,2f13e4020cea5b38,Davey Grant,Raphael Assuncao,1,0.530541236796382,0.575418627463307,0.524927486720129,0.419524121004978,0.631563586723234,0.527475514072962
2023-03-11,35080a7f406f9ab3,e9c6bac0d1a5ec0f,0c25d0a5e8cdbf19,d35f734c56a89103,Lukasz Brzeski,Karl Williams,0,0.666838050056321,0.722927799459583,0.692874960660158,0.638542853532378,0.745979189650931,0.681200268143638
2023-03-11,35080a7f406f9ab3,8d5b88e0ff253617,71171fc96445bf65,82529ce93cd9a2cf,Vitor Petrino,Anton Turkalj,1,0.512609626202718,0.468382495009141,0.493050926044184,0.430129927758883,0.558341647765082,0.501926372921783
2023-03-11,35080a7f406f9ab3,2c58a97f2fe6c985,bc711b6dd95c1af6,d05412b513b19621,Mario Bautista,Guido Cannetti,1,0.806676181981867,0.795231548483126,0.828174970757145,0.761919551088207,0.882553824533097,0.818664083008755
2023-03-11,35080a7f406f9ab3,b9539d5e379b3edc,0fd5f4b838e890cc,f2477cf43c4975cc,Said Nurmagomedov,Jonathan Martinez,0,0.614581118430707,0.59211033057217,0.623001106614768,0.530553882110054,0.706505959187543,0.61918951285666
2023-03-11,35080a7f406f9ab3,d6945828f5fa7492,1091d4d957141094,a67f5afa8d6a1b80,Nikita Krylov,Ryan Spann,1,0.546981103445253,0.553288162044548,0.548184719118059,0.456101003483042,0.635560010046068,0.547638664286715
2023-03-11,35080a7f406f9ab3,3b561a154aa2bbb2,279566840aa55bf2,c0badf3243907e59,Alexander Volkov,Alexandr Romanov,1,0.541012159336185,0.581943361677961,0.570903670691766,0.470579572920183,0.66528873765794,0.557391462553172
2023-03-11,35080a7f406f9ab3,0ccd2593c88209e4,c03520b5c88ed6b4,d661ce4da776fc20,Merab Dvalishvili,Petr Yan,1,0.516578620484323,0.49170105691475,0.511839751261202,0.398197215573522,0.622086908721525,0.513990262079293
2023-03-18,e4bb7e483c4ad318,53d6d5ad08ac0694,4798e823ada58fe9,aa0c573da7119292,Veronica Hardy,Juliana Miller,1,0.2763745069319,0.337576216863384,0.292814496209443,0.196956613753844,0.396855978206769,0.285284222971217
2023-03-18,e4bb7e483c4ad318,8a3e7085e8e5a6e9,12f91bfa8f1f723b,528b071cf3da7c56,Joanne Wood,Luana Carolina,1,0.410068710962648,0.468084360921339,0.398518574528347,0.326860424576184,0.478922701544019,0.403746123486774
2023-03-18,e4bb7e483c4ad318,6068385c48de6801,60a42bf82447c919,dee294e9717012c2,Jake Hadley,Malcolm Gordon,1,0.698308663074482,0.648330013346448,0.701145943097109,0.632288398359434,0.763623322591823,0.699860463855469
2023-03-18,e4bb7e483c4ad318,38094db8e3539cba,866fd7b1a6c90e7f,a93f94c923c3a9cb,Dusko Todorovic,Christian Leroy Duncan,0,0.50487943093697,0.483681853649069,0.490081934624503,0.416475665969335,0.564190746240811,0.496795495602436
2023-03-18,e4bb7e483c4ad318,533984c3ff4b4858,396fe87b84ac2e1c,f2f140ce7532e327,Lerone Murphy,Gabriel Santos,1,0.68723792496963,0.644870874070693,0.69325710774555,0.620323343299232,0.759538380432529,0.690533981096267
2023-03-18,e4bb7e483c4ad318,f40ac11da3bd7f8e,65adf3856c4d9256,75353550928a7921,Jafel Filho,Muhammad Mokaev,0,0.147922776528659,0.145629378946927,0.13227918472985,0.0941017572897063,0.177383528407559,0.139195990295684
2023-03-18,e4bb7e483c4ad318,9f8cf5ac0807d64e,8b6e5dc2ba1edbe7,c739c2995a275314,Sam Patterson,Yanal Ashmouz,0,0.583665188923889,0.585490660622046,0.597790465802963,0.552393636015452,0.63981741787526,0.591399922288656
2023-03-18,e4bb7e483c4ad318,cdaf65287d9a0ecb,a0e6753c42698f13,fd406a32a6fb3a29,Omar Morales,Chris Duncan,0,0.37154571537535,0.361009203800321,0.348505553034255,0.289335420178407,0.411991257238183,0.358879553598589
2023-03-18,e4bb7e483c4ad318,13f5be7a2ea5577e,87a1dc546b1c5caf,b8a85389d115e35a,Makwan Amirkhani,Jack Shore,0,0.163047053667134,0.142053574932912,0.140411913662231,0.0943100740624495,0.194312196805968,0.150338309886794
2023-03-18,e4bb7e483c4ad318,5e9c027fb24efc2b,327d5f279895110d,7acbb0972e75281a,Roman Dolidze,Marvin Vettori,0,0.441682428220922,0.381241337313433,0.402008501026134,0.317454528847659,0.488973262158075,0.419883837593103
2023-03-18,e4bb7e483c4ad318,dd9cbf6d6284de26,04835018f90b118c,8e1f36476ef02a6a,Casey O'Neill,Jennifer Maia,0,0.757745496079431,0.711260252184603,0.758183210292165,0.678583435125603,0.826573953741164,0.757984670348994
2023-03-18,e4bb7e483c4ad318,019b4d006800504b,a331233f597090a5,fd55393021a8c255,Bryan Barberena,Gunnar Nelson,0,0.409286286967802,0.440426019589954,0.394669401065209,0.280484252011415,0.516957015169353,0.40127996516381
2023-03-18,e4bb7e483c4ad318,90a83875e1d11238,9e8f6c728eb01124,c814b4c899793af6,Justin Gaethje,Rafael Fiziev,1,0.488107644245781,0.547887467909332,0.507570203540022,0.410533850060774,0.606334179677456,0.498738639526819
2023-03-18,e4bb7e483c4ad318,c483ac06b1e33c3b,f1b2aa7853d1ed6e,f1fac969a1d70b08,Kamaru Usman,Leon Edwards,0,0.630733498360227,0.643800259351486,0.628909018855637,0.538055374365881,0.713433109494524,0.629737310312589
2023-03-25,aec273fcb765330d,6f6fec9c78244174,65cdf4ec31143d86,dc7927cd622676a7,Vinicius Salvador,Victor Altamirano,0,0.476932505610983,0.461411278660015,0.486201690104341,0.426996330669183,0.542160087569554,0.481994366647264
2023-03-25,aec273fcb765330d,16bd47ba50891833,077e3ace32b72be9,31bb0772f21cabd8,CJ Vergara,Daniel Lacerda,1,0.728373431214675,0.671323914600136,0.718008740405382,0.637825017459291,0.789599860128204,0.722741255307011
2023-03-25,aec273fcb765330d,07e39fd5f4f23270,9fe7af8b3fbe00a0,b27a1fcb56a3035a,Preston Parsons,Trevin Giles,0,0.549898775803816,0.596128265799283,0.564146663485381,0.479417693488306,0.645949845626584,0.557693557073217
2023-03-25,aec273fcb765330d,b9e037a45f8850fb,11583163f45c7b31,b93c06d09d1c4ac0,Lucas Alexander,Steven Peterson,1,0.621759944932913,0.660313157596039,0.666039894906193,0.563661569525467,0.756898611786847,0.646255374066843
2023-03-25,aec273fcb765330d,c6cc6ae23cbf8a27,361d49960a196976,7832f2f62f04178f,Daniel Pineda,Tucker Lutz,1,0.330237562101842,0.282616583033364,0.293997379194303,0.212226252750103,0.381368846566865,0.310154916211055
2023-03-25,aec273fcb765330d,2f382615155e32b9,6b7c7460855dbbb9,c68c68efaa5ca6ef,Albert Duraev,Chidi Njokuani,1,0.425259132664205,0.444958211786089,0.422117137477112,0.352797453953809,0.494880390403206,0.423542008778311
2023-03-25,aec273fcb765330d,9433730f95d52fc8,05fa626cb33d15b8,6a740daf1b279661,Andrea Lee,Maycee Barber,0,0.435271292932613,0.505658064378293,0.437079374762617,0.334354160287737,0.545005987577915,0.436258772643656
2023-03-25,aec273fcb765330d,bce8ece2ff26b4d4,305d73ede05e31ad,583ee11abddfc581,Austin Lingo,Nate Landwehr,0,0.605780186012825,0.615629842495837,0.627096351056328,0.554754321010315,0.697611723212172,0.617480067058502
2023-03-25,aec273fcb765330d,1c2d0db1c9eed052,3143bf892608139a,634e2fb70bde3fd5,Yana Santos,Holly Holm,0,0.449588964145876,0.39657525987908,0.438268608943956,0.342865378040246,0.537751165994114,0.443397824636675
2023-03-25,aec273fcb765330d,33fa6793a7f984ac,65f09bacd3957381,7c7332319c14094c,Cory Sandhagen,Marlon Vera,1,0.550216933444617,0.569530152448928,0.561529159536933,0.453575180236639,0.664485517084525,0.556403595798049
2023-04-08,3dc3022232b79c7a,355a2f4090c0ca31,bc7d1ad49fcb2d08,e94085e821bd81de,Jaqueline Amorim,Sam Hughes,0,0.523835040662204,0.565374386583728,0.545523830593339,0.472986236723144,0.615036214258737,0.535699259444149
2023-04-08,3dc3022232b79c7a,0810cdbeb9dd4d02,0a73acff6325c1e2,97cf1a2c7c5e7889,Shayilan Nuerdanbieke,Steve Garcia,0,0.503430025142018,0.425519080757462,0.481428761510483,0.340059066629184,0.624590007702322,0.491407729398693
2023-04-08,3dc3022232b79c7a,d7022b6058dbb26b,cfc3e7bb44685289,e4a47b07044ddd72,Trey Ogden,Ignacio Bahamondes,0,0.294731390788193,0.286303710265283,0.274605473873363,0.20478276895089,0.350428256421292,0.283631015873396
2023-04-08,3dc3022232b79c7a,780147f2ed2637d1,8e5d953bdb9ae5e7,98215d037be5bcb7,Loopy Godinez,Cynthia Calvillo,1,0.642439274228362,0.662054729381448,0.660912578344165,0.590211821988081,0.727767826315564,0.652587201438331
2023-04-08,3dc3022232b79c7a,28e3d939eb043664,6ac9bc2953c47345,c1085e1701b13eca,Gerald Meerschaert,Joe Pyfer,0,0.51957948629396,0.558057355601407,0.526606654432597,0.434766468947403,0.618082636518897,0.523419313259619
2023-04-08,3dc3022232b79c7a,95349402616097cd,a3a542074109b347,eb04b9d31e938edb,Luana Pinheiro,Michelle Waterson-Gomez,1,0.592876338212607,0.562163178488697,0.588597571702814,0.503897133930485,0.674697332577568,0.590540704273807
2023-04-08,3dc3022232b79c7a,bbc76ff9e1b1b142,5442f1bc4b47eaf3,8c0580d4fff106c1,Chris Curtis,Kelvin Gastelum,0,0.61804184221865,0.601745906812673,0.593217902144066,0.496903028610138,0.684398527912772,0.604548791726509
2023-04-08,3dc3022232b79c7a,2cb34fc074f7a9ae,5ec591b78349ba7e,fe2babf95de24fb1,Christian Rodriguez,Raul Rosas Jr.,1,0.426012326918699,0.467569969368506,0.441281493011847,0.374190578875017,0.514607538359386,0.43433775896474
2023-04-08,3dc3022232b79c7a,3165b03ddc6d3b6e,3a46b268013afede,6d1bffff14897645,Kevin Holland,Santiago Ponzinibbio,1,0.562715130844921,0.48866911827354,0.569951224032477,0.454761768466863,0.680202244127798,0.566671458773761
2023-04-08,3dc3022232b79c7a,678d27af287476f8,0232cabbc30a2372,05339613bf8e9808,Adrian Yanez,Rob Font,0,0.584919610528569,0.474479983059215,0.561074497425463,0.470748913256863,0.646850809364143,0.571935753322277
2023-04-08,3dc3022232b79c7a,71ea7d7985dad804,23024fdfc966410a,47b9e0e7703a4868,Gilbert Burns,Jorge Masvidal,1,0.687589161130326,0.65958550679293,0.674878583436092,0.57021336164615,0.768205217485176,0.680679232781878
2023-04-08,3dc3022232b79c7a,fe143cb868adfded,1338e2c7480bdf9e,e5549c82bfb5582d,Israel Adesanya,Alex Pereira,1,0.590626240060381,0.577608963669524,0.613202077346944,0.524657475114886,0.695868508518479,0.603012533371603
2023-04-15,15b1b21cd743d652,8b2b2562884821a7,3cf66c62d9069f43,f9ab66e67240db7b,Lucie Pudilova,Joselyne Edwards,0,0.356922612858091,0.282776513648231,0.323926418438123,0.23193312442824,0.424655089325663,0.338705465682544
2023-04-15,15b1b21cd743d652,119559fd8124fee3,34c2b3656f88f7ef,96924b0019b3aff1,Aaron Phillips,Gaston Bolanos,0,0.335376741721745,0.364519098168105,0.335867118690335,0.24674161246943,0.434064041362877,0.335644573043038
2023-04-15,15b1b21cd743d652,5de3a1bbcf705b58,7138a15258dabf20,cffb87059e645bd1,Bruna Brasil,Denise Gomes,0,0.459406792742562,0.418038750650535,0.424005561895528,0.346109736675666,0.501760511394664,0.439994184092691
2023-04-15,15b1b21cd743d652,cef255a992ba7af3,4148802ae4a50768,f9b200db02b488d9,Daniel Zellhuber,Lando Vannata,1,0.658904661916383,0.633771551888287,0.669039623931402,0.588745990939134,0.742362717012587,0.66445975311774
2023-04-15,15b1b21cd743d652,68c1b833ed8849a3,38c7f72747f4f712,e375cb5caf4717b6,Gillian Robertson,Piera Rodriguez,1,0.496647937123031,0.48786273141502,0.482647974806464,0.377263244890442,0.584732870592707,0.488998207641747
2023-04-15,15b1b21cd743d652,50e675146cda6e7c,06f36cf4bd97ec77,4ba8d454f762005d,Ed Herman,Zak Cummings,0,0.254568941380437,0.294063473996129,0.234487011031761,0.164236053938254,0.31536966654977,0.24346052251816
2023-04-15,15b1b21cd743d652,bbde45b2c766bb67,1a31ef98efce7a79,6e15f63b6c2e2c15,Matheus Nicolau,Brandon Royval,0,0.668828127417746,0.584047319186014,0.660672545077098,0.560518728461181,0.749285008579866,0.664385208314726
2023-04-15,15b1b21cd743d652,b01e6e97d66681c5,9abc648e76c4493a,d31cbcdd7d69536d,Bill Algeo,TJ Brown,1,0.596247042114178,0.603142516576891,0.601246495841943,0.528216220451661,0.673561319966351,0.598980611648344
2023-04-15,15b1b21cd743d652,bdbddbc00d07dc4b,c47df9303d318c67,e132d47bd9efbbe0,Clay Guida,Rafa Garcia,0,0.244481357629463,0.227052371196362,0.210471930608546,0.157488905269808,0.26994826178281,0.225457473263669
2023-04-15,15b1b21cd743d652,d856812dc733690a,45f0cc9d18f35137,6bd02119599741a4,Chris Gutierrez,Pedro Munhoz,0,0.682417830341216,0.592968870917232,0.674534172838687,0.585497383070309,0.753064898410511,0.678123870987452
2023-04-15,15b1b21cd743d652,995e79b951da945b,04c8b08b16a5b99e,cd13728ae1151f46,Tanner Boser,Ion Cutelaba,0,0.63088597571742,0.525527262032302,0.59641729169749,0.471708530006408,0.711437131030046,0.612197739454533
2023-04-15,15b1b21cd743d652,792f139c2b9fd294,e4277e87a789d687,e90a2f22417af68e,Dustin Jacoby,Azamat Murzakanov,0,0.533842155040228,0.574128348438475,0.529565174978519,0.45753301043569,0.599626372161778,0.531506371148594
2023-04-15,15b1b21cd743d652,83c81018bb3aeebf,64a50dad704d1d49,aa171d55d4b5208f,Edson Barboza,Billy Quarantillo,1,0.435199524833858,0.490894952204961,0.475887757786919,0.368113172905263,0.585227580513938,0.457353388587137
2023-04-15,15b1b21cd743d652,6049301b4deea035,040a74bb0a465c54,150ff4cc642270b9,Arnold Allen,Max Holloway,0,0.507298395863729,0.448173822367419,0.494828752023956,0.391086728168198,0.596773715511554,0.500486813347437
2023-04-22,6fb1ba67bef41b37,277233ca9ea25674,3b0a516d2921e0d6,7af33fc4435017f1,Batgerel Danaa,Brady Hiestand,0,0.373687557168311,0.360300473406583,0.353492169253118,0.273998530246583,0.443484069981509,0.362595807674322
2023-04-22,6fb1ba67bef41b37,a941c4e25ddddfff,5d495dec23d7c68e,e1d40e8782d80bc2,Francis Marshall,William Gomis,0,0.394527764727194,0.405078282612617,0.385584996474242,0.331773064591397,0.439309880538375,0.389633481567284
2023-04-22,6fb1ba67bef41b37,8beab5f941dae8e0,c15fa95b9a12fde4,da7f113b5ea39c43,Junior Tafa,Mohammed Usman,0,0.527357484139795,0.510687882970913,0.524010003821286,0.450637241568056,0.598087440080898,0.525529161854425
2023-04-22,6fb1ba67bef41b37,01aa5949ac6851f3,351c4ec637380ad5,d3f5d33d61cd00c9,Karol Rosa,Norma Dumont,0,0.480079989815103,0.387245205371943,0.466654647051258,0.381319921911166,0.551707829909618,0.472741398623613
2023-04-22,6fb1ba67bef41b37,034cbbec91f67852,94527830000ab715,cc1a8b4b38b92c6d,Rani Yahya,Montel Jackson,0,0.204262390898389,0.158213556799178,0.167898373312948,0.100704885074789,0.24809002603027,0.18371662251831
2023-04-22,6fb1ba67bef41b37,16628e25a043043a,814ff3018127e8fc,de45aaae23dfa392,Ricky Glenn,Christos Giagos,0,0.54960195044098,0.494569650214487,0.535554873273476,0.428056979285631,0.642060062756808,0.541936888735266
2023-04-22,6fb1ba67bef41b37,06d9fb9c995f1e4f,4aa58269d0664b5b,d66a46de8d705353,Matthew Semelsberger,Jeremiah Wells,0,0.530338544123254,0.510083938427758,0.527188203402921,0.436820165878579,0.614589705473477,0.528617910056738
2023-04-22,6fb1ba67bef41b37,20c0f50c11509301,4333a8e70a672eb7,abcf2cc6efc42031,Brogan Walker,Iasmin Lucindo,0,0.192975681892317,0.202627999317763,0.169071953927826,0.127957914201191,0.217450721284096,0.179612863417909
2023-04-22,6fb1ba67bef41b37,d00d5ef4ae0ac01b,0c6d9ea8306c029e,12ebd7d157e91701,Brad Tavares,Bruno Silva,0,0.58781349576692,0.571531676193921,0.593967428754616,0.506911263315109,0.680572019038302,0.591178700318478
2023-04-22,6fb1ba67bef41b37,856468ba24a37fcc,f14cf73e51b29254,fa6796c55d6c5440,Sergei Pavlovich,Curtis Blaydes,1,0.30078018373077,0.284320137809055,0.283618909184459,0.193711145752301,0.384003059250537,0.291332168936859
2023-04-29,51b1e2fd9872005b,e434035be5453be0,3c26c420584d912d,5c637af9472ae7cc,Hailey Cowan,Jamey-Lyn Horth,0,0.533173494782327,0.533559121696652,0.539238211257198,0.531096658981484,0.54750378283439,0.536487761418204
2023-04-29,51b1e2fd9872005b,88a63555728c2025,78f485f851891d68,c0ac37a4a1133da9,Journey Newson,Marcus McGhee,0,0.541421470168182,0.524076031604931,0.548308742827655,0.475036208245858,0.616046463202278,0.545185871029165
2023-04-29,51b1e2fd9872005b,f9345fa82bf43847,103e2e33a60683e1,5e6294b37bbef029,Irina Alekseeva,Stephanie Egger,1,0.348640420503292,0.322955502506828,0.33146590263322,0.274826583970309,0.388499714765354,0.339206408137246
2023-04-29,51b1e2fd9872005b,ca63933f8c898fa2,7f6ed67d3ed3c036,814e5233e2acf2ee,Cody Durden,Charles Johnson,1,0.394024658564192,0.397240238533146,0.377543710120877,0.307138840246924,0.454138141421913,0.384989185370165
2023-04-29,51b1e2fd9872005b,5d11b618f24082dd,8eb046f83e82bf26,92fa1401b7927da3,Martin Buday,Jake Collier,1,0.630161197820448,0.535823199551947,0.619973186733789,0.537472236997488,0.694235853118603,0.624609570628712
2023-04-29,51b1e2fd9872005b,c02d44564cb006a9,31dbfbe4e7a6727c,876f478f796495f7,Trey Waters,Josh Quinlan,1,0.440076491722638,0.455833914226369,0.435535437350554,0.368947828215091,0.50637562405978,0.437594584487077
2023-04-29,51b1e2fd9872005b,8dbfbd8f8bd0f00b,ab943cd2c3c17825,fc08099550072fe4,Marcos Rogerio de Lima,Waldo Cortes-Acosta,1,0.507521036372543,0.475918645422638,0.487366943846285,0.378619452628803,0.590279873695066,0.496510427285816
2023-04-29,51b1e2fd9872005b,e0e2c1fc1a178d89,902ec2cc48c8ae8a,d2f43cfaf8ca3560,Julian Erosa,Fernando Padilla,0,0.414817717562562,0.399835092388466,0.390485010936481,0.307406150275118,0.476237997358402,0.40146599211261
2023-04-29,51b1e2fd9872005b,37ae5c09d6f03f33,260e9e0d4954aea6,f14f644d41ade29f,Rodolfo Vieira,Cody Brundage,1,0.525863000384407,0.579157130023603,0.538717964613934,0.46483428140731,0.615468118555948,0.532890549581326
2023-04-29,51b1e2fd9872005b,ecec1b0dd64ca2ae,0d65c432720accb9,4126a78111c0855a,Michal Oleksiejczuk,Caio Borralho,0,0.616047218906201,0.593805384939105,0.621771141659676,0.523675398937113,0.717595001432361,0.619178088415899
2023-04-29,51b1e2fd9872005b,2b1ac5d8f98639bf,5987b2458f4b5290,efb96bf3e9ada36f,Ricky Simon,Song Yadong,0,0.63980306603176,0.612984002490247,0.652310259026546,0.564361827973676,0.735192161082483,0.646660091089993
2023-05-06,3c6976f8182d9527,93fb6c7e590487f9,8d20d76af3f213ce,972c456ff38b2015,Joseph Holmes,Claudio Ribeiro,0,0.680094270104291,0.663867685108542,0.693450564136618,0.632292825544058,0.750664812479455,0.687428759769264
2023-05-06,3c6976f8182d9527,d22de60b7a3d908c,547afe1017e72dbe,b07aed698fba8624,Phil Hawes,Ikram Aliskerov,0,0.620521404938386,0.576239435262943,0.611714236703598,0.552829565021848,0.668782754421764,0.615719796265892
2023-05-06,3c6976f8182d9527,2372578d3f554c65,ac40f7e3cbecdda4,eaa9402e5a7990ad,Parker Porter,Braxton Smith,1,0.370058485052377,0.357506566603378,0.346039254746179,0.279010451928198,0.418281786771522,0.356849083657415
2023-05-06,3c6976f8182d9527,5f44d6d9e6bbecff,7dda2cf308f24a02,cd2c4d30c6e13b47,Virna Jandiroba,Marina Rodriguez,1,0.442628821609397,0.410481082912624,0.433789330760252,0.350045671568529,0.519975011438374,0.437795254634126
2023-05-06,3c6976f8182d9527,4c9bbd9758be1168,2558ae2e5671e318,40a456a25d52ee65,Khaos Williams,Rolando Bedoya,1,0.679648461743005,0.710835001924183,0.695329216873016,0.634401201216036,0.750330063548364,0.688267541074556
2023-05-06,3c6976f8182d9527,c3ca708aaf4262a7,8667caa0451d245b,cc7040fe76f0ef91,Kennedy Nzechukwu,Devin Clark,1,0.685077670460067,0.665844698009007,0.694421523758655,0.60731085012976,0.77094015030078,0.690201080812977
2023-05-06,3c6976f8182d9527,3f8b4aeb3baf4724,519e4fe37ce9ff75,dccb63727f2f5f74,Drew Dober,Matt Frevola,0,0.598442364907384,0.60568448740765,0.60472123545951,0.490812788319166,0.714076148366859,0.60187643073552
2023-05-06,3c6976f8182d9527,0c6e3c1f03cd4061,242d36d241b43c12,f1d64ae34e088832,Kron Gracie,Charles Jourdain,0,0.288154556113071,0.280866331383072,0.281556534045111,0.196812980709849,0.373023850704184,0.284538895048008
2023-05-06,3c6976f8182d9527,069ab7e7b8b5d262,76e2870ffafbe38f,f166e93d04a8c274,Movsar Evloev,Diego Lopes,1,0.817705272443166,0.809703316920541,0.834242097491755,0.786311731651653,0.876226846891212,0.82689252631526
2023-05-06,3c6976f8182d9527,11a5a852313d1f5b,6a1901c62ab3870f,c41d426cc7326d1b,Jessica Andrade,Yan Xiaonan,0,0.750205263415236,0.764852652484072,0.782071074066007,0.714500418297515,0.843722231954286,0.767987137625129
2023-05-06,3c6976f8182d9527,ed707998b13d0101,23024fdfc966410a,b1b0729d27936f2f,Gilbert Burns,Belal Muhammad,0,0.380148298066473,0.417300457005606,0.369279478075594,0.282317316509961,0.460043435465669,0.37419537681773
2023-05-06,3c6976f8182d9527,e3aad51099a23ba4,056c493bbd76a918,cb696ebfb6598724,Henry Cejudo,Aljamain Sterling,0,0.408726389670455,0.53945632379078,0.428428136660896,0.315489283111942,0.549124252504178,0.419456656254266
2023-05-13,901cddcbfa079097,acfcf75f0215b7ab,2c5f5749569eef66,6c8072b61c276e67,Tainara Lisboa,Jessica-Rose Clark,1,0.586617231411975,0.654681844252557,0.613983622284251,0.527314530071345,0.696621945393145,0.601644462478858
2023-05-13,901cddcbfa079097,81fda78adcaedbc7,5eb50529a8418b77,f626118b6da0e020,Gabe Green,Bryan Battle,0,0.379689453900192,0.387097109525513,0.365500066847166,0.299040117926625,0.435497514080665,0.371911058960333
2023-05-13,901cddcbfa079097,6ca856d1950d8f7f,297a2b35444c245b,a20f234df70f2182,Mandy Bohm,Ji Yeon Kim,1,0.506109810220562,0.495211434747276,0.507429263892653,0.423918567819126,0.58812747065087,0.506830591912659
2023-05-13,901cddcbfa079097,14e689e60419d469,3a314d9fa7c6825d,bf7ad5628363eec9,Douglas Silva de Andrade,Cody Stamann,1,0.330534594551119,0.369396671381215,0.313956277278206,0.234290752535615,0.403779155642281,0.321422937784061
2023-05-13,901cddcbfa079097,3387f430abb7e39f,01b352b6a9074d5c,d35f734c56a89103,Chase Sherman,Karl Williams,0,0.257083339385415,0.270615587494321,0.252639331126598,0.177194566556448,0.339939017775716,0.254649418352199
2023-05-13,901cddcbfa079097,f2ced83baf0457fc,31123249b0bbf52e,523fa774700d7d3f,Matt Brown,Court McGee,1,0.413180256758904,0.414475757426608,0.389496478535181,0.287386471830385,0.50589881151895,0.400185343299536
2023-05-13,901cddcbfa079097,838a022ca5d99cc1,4b47e71384a9522f,cdb96af67d096b1e,Tim Means,Alex Morono,0,0.41175613500604,0.470079366723626,0.40463429108839,0.329137288873713,0.480325602145562,0.407860945266888
2023-05-13,901cddcbfa079097,dae2484418631ff5,260bd4cef10b033f,9014c02eff8b3d62,Ihor Potieria,Carlos Ulberg,0,0.422659383258813,0.413301096876214,0.432211673923038,0.365670499798076,0.498881638710267,0.427870761859403
2023-05-13,901cddcbfa079097,b0f4c7788782e26e,442c9011034ae1fd,8a1f3b5c526cd6e6,Ian Machado Garry,Daniel Rodriguez,1,0.565163113531376,0.520797525416027,0.559614335595126,0.494706334511533,0.622935856551634,0.562133948245839
2023-05-13,901cddcbfa079097,c501576b8ec35758,c21f26bbde777573,d4c9dcd330403612,Johnny Walker,Anthony Smith,1,0.648542794298105,0.619724176706194,0.664004766471243,0.568585576341592,0.754012977186782,0.657030224339659
2023-05-13,901cddcbfa079097,755202fce24b8f83,2cd428e9606856fd,41e83a89929d1327,Jairzinho Rozenstruik,Jailton Almeida,0,0.249372014518128,0.263817299591651,0.246051751656325,0.173761604061528,0.325647214764311,0.247554575038402
2023-05-20,6f812143641ceff8,8502f245aabd64ac,40f3cb27fc7305a1,8abac218746e04ca,Themba Gorimbo,Takashi Sato,1,0.622886388227868,0.584211934823832,0.617599929824694,0.538082839352,0.693034522904262,0.620002120734982
2023-05-20,6f812143641ceff8,744cbe6e49d4f41c,262d32ebda89efc4,9dedfdd91070ddd8,Natalia Silva,Victoria Leonardo,1,0.859895206713856,0.866497103245365,0.878462663635298,0.840957440673934,0.911253898250586,0.870315534393511
2023-05-20,6f812143641ceff8,eca400aeeb2763d1,036e96c1c12b8a59,971246648e162f0d,Nick Fiore,Chase Hooper,0,0.534035272780295,0.620254414242597,0.566184695426602,0.453851826793159,0.675799729717339,0.551649771337364
2023-05-20,6f812143641ceff8,fb70b62915fdcec6,d31a5546c0e9b213,e9a3aeb207578eea,Rodrigo Nascimento,Ilir Latifi,1,0.493332897057211,0.57334686589604,0.525738332481284,0.422722808366602,0.627538883288918,0.511045280259669
2023-05-20,6f812143641ceff8,7d583e4002622848,2c010b26a3306969,b12fb759e02378de,Orion Cosce,Gilbert Urbina,0,0.365633713355789,0.321594833710136,0.329541036678335,0.267041563299927,0.395472492466269,0.345699603121906
2023-05-20,6f812143641ceff8,33007109c9ca1ede,2c483cf443f38ece,d7c3816669784109,Vanessa Demopoulos,Karolina Kowalkiewicz,0,0.510138883292453,0.552539750296496,0.495456381885194,0.4004164136136,0.595814521338373,0.502118911815409
2023-05-20,6f812143641ceff8,49bd9a2f1fbebd1f,19c591115a58982c,8c1ca54b5089d199,Viacheslav Borshchev,Maheshate,1,0.428186378847361,0.481565976959956,0.435297731115839,0.354852262167684,0.513591234277328,0.432067572077124
2023-05-20,6f812143641ceff8,12683e06369d1a83,511e82663651438d,f53d4f21d1b5f2dc,Michael Johnson,Diego Ferreira,0,0.457916694587706,0.441923950024062,0.437868521048604,0.326931005078191,0.553606108006981,0.446943977593881
2023-05-20,6f812143641ceff8,73700c8c5107f719,33efaf2d0941cfcf,b9437600497350f3,Andre Fialho,Joaquin Buckley,0,0.372981171463033,0.446317899521294,0.376619321156015,0.2973439513107,0.458564020752412,0.374966809248402
2023-05-20,6f812143641ceff8,924f982f0d9d2142,02f8fedc18cbd26c,8e5d953bdb9ae5e7,Emily Ducote,Loopy Godinez,0,0.379161194153754,0.3724855630182,0.388296286018469,0.31820258331189,0.466346449474546,0.384141205765764
2023-05-20,6f812143641ceff8,3638ee66c7d34fe0,093e1f5bb73850be,4144798612ef96e5,Anthony Hernandez,Edmen Shahbazyan,1,0.657734462144133,0.674824194824265,0.666490124162495,0.576215499184458,0.751472481388563,0.662531143506845
2023-05-20,6f812143641ceff8,cb9654746447b934,7447e9f28508106a,f0feeb2192937424,Mackenzie Dern,Angela Hill,1,0.610064699877751,0.478652927709744,0.593171093004539,0.491128342679836,0.686818801449241,0.60086626214734
2023-06-03,7abe471b61725980,99808befeece3a8a,53c943c873cffe90,950d0ef5c17157c5,Philipe Lins,Maxim Grishin,1,0.415943459862625,0.373420481327051,0.401291036370159,0.330645908691932,0.474935326853388,0.407919194748264
2023-06-03,7abe471b61725980,72bb7605e340a8fe,6fc506e1099afe20,da22387a0407a2dc,Luan Lacerda,Da'Mon Blackshear,0,0.527261816896629,0.580043349775721,0.5489652441971,0.483958632112015,0.612232286031941,0.539135683934728
2023-06-03,7abe471b61725980,dfc62aa72446e4a8,ac7c765882f2c68c,d05cb1e8d1b885d8,Elise Reed,Jinh Yu Frey,1,0.510843117430326,0.436948325612993,0.505691719257921,0.424317773013675,0.586182156273046,0.508029309823352
2023-06-03,7abe471b61725980,ad7bd4b3ee923498,8d11d9c13e2ccdf7,af9f42e6894047fc,Muhammad Naimov,Jamie Mullarkey,1,0.322556299246026,0.333486864680737,0.309839808067746,0.255402453061472,0.367736573269769,0.315575633997444
2023-06-03,7abe471b61725980,c98f62eb74e69bcb,5fa2974cbd18e05c,a54660deb6a8489c,John Castaneda,Muin Gafurov,1,0.545111953117548,0.538526071323815,0.552643568588348,0.484364608661523,0.617291603058513,0.549228985123274
2023-06-03,7abe471b61725980,5459c3bb88d031f9,1a9480fc288e55d7,3738e68d2261e60f,Don'Tale Mayes,Andrei Arlovski,1,0.582269091280731,0.630783978861417,0.606348367982417,0.497949184868589,0.70918875556376,0.595479184950701
2023-06-03,7abe471b61725980,84f60cb00b8d4187,b67d6bacc68d4c92,f6bcbd91b114ff58,Daniel Santos,Johnny Munoz,1,0.385781936994636,0.37756484004076,0.383012509544731,0.305811932614155,0.470638911089576,0.384268169618503
2023-06-03,7abe471b61725980,a122968e96068800,029e1293e609fd74,8adcbd525fab8d9b,Abubakar Nurmagomedov,Elizeu Zaleski dos Santos,0,0.405418647402954,0.375116341909023,0.388414197478329,0.296416420172652,0.487726208468,0.396098784830309
2023-06-03,7abe471b61725980,4d0029ad31bdd85a,8bd4200561c77a62,9d62c2d8ee151f08,Ketlen Souza,Karine Silva,0,0.44153287093957,0.418926341700451,0.432580484020621,0.36918450691475,0.496483288129432,0.436637411569459
2023-06-03,7abe471b61725980,913d8a35095591d5,c96d9178c9ed9e62,dc7927cd622676a7,Tim Elliott,Victor Altamirano,1,0.312798485341657,0.310961685333097,0.302929061193758,0.21997799966247,0.3944307053498,0.307385391076397
2023-06-03,7abe471b61725980,e2f4cd4a9a579488,a75a48bfe776b2c2,d1941565abf50b16,Jesse Butler,Jim Miller,0,0.507731782867364,0.542575306124332,0.529903972314655,0.44233209342793,0.617206378162601,0.519853006337667
2023-06-03,7abe471b61725980,7be3e513a31f6570,361d49960a196976,7aa3d6964eff4877,Daniel Pineda,Alex Caceres,0,0.283478193141729,0.24612524804931,0.258988398182909,0.182191724373449,0.34681283834376,0.269927959864273
2023-06-03,7abe471b61725980,d7ae0993c7a378ee,6d35bf94f7d30241,853eb0dd5c0e2149,Amir Albazi,Kai Kara-France,1,0.610374305647749,0.527589731608187,0.576656064570851,0.485947504783955,0.662434602418594,0.592064045273454
2023-06-10,b6c6d1731ff00eeb,1676c64a94be0557,37d752ec41ed84bb,d7e40dca3ae125be,Maria Oliveira,Diana Belbita,0,0.55871451818557,0.585861788799654,0.582340359304173,0.520120139541591,0.642507073455357,0.571660506168231
2023-06-10,b6c6d1731ff00eeb,947ea1122c04ba18,32ab52e5de93092d,9ada30894bf04e19,Steve Erceg,David Dvorak,1,0.424219524870163,0.421133596695078,0.412480924631064,0.350640438436068,0.475329879424494,0.417795664909013
2023-06-10,b6c6d1731ff00eeb,7ee8b91d7f80f8a7,31f8081c7600da93,5095b0920a3602aa,Kyle Nelson,Blake Bilder,1,0.327566610722473,0.348451638558396,0.323124473587151,0.254337657809415,0.398463259292068,0.325136138424179
2023-06-10,b6c6d1731ff00eeb,e24b65cd8721349a,24656ef4d605c96f,7d420039bbfe7c1a,Aiemann Zahabi,Aoriqileng,1,0.599574285538162,0.563193973272444,0.605496732763226,0.507971661812353,0.691860421308782,0.602813230314387
2023-06-10,b6c6d1731ff00eeb,47a5d4bb68352055,a9e260472d321361,f29a6350c69f4a33,Jasmine Jasudavicius,Miranda Maverick,1,0.324291770269273,0.319083295947416,0.296389067865938,0.233494732452272,0.360194474695029,0.308878089836521
2023-06-10,b6c6d1731ff00eeb,5311298f79414125,8e9eb3fc86db0f7d,cad24459b28592ca,Marc-Andre Barriault,Eryk Anders,1,0.498073971905388,0.506042634187605,0.499631209846346,0.418987412404219,0.58017072188972,0.498924632147855
2023-06-10,b6c6d1731ff00eeb,46c67efd68a0b15d,583ee11abddfc581,82a5152216251682,Nate Landwehr,Dan Ige,0,0.385008233750703,0.331333850434941,0.338698254094839,0.25577995185216,0.430479688737263,0.359390579390654
2023-06-10,b6c6d1731ff00eeb,e9d5ffcacf7d8757,a01a62132460a98d,dd6103dd7127db1d,Adam Fugitt,Mike Malott,0,0.375062383384787,0.414955484482072,0.388821859054565,0.31004506207643,0.469985973525862,0.382555253014194
2023-06-10,b6c6d1731ff00eeb,40e8bf8ce508c436,07225ba28ae309b6,08af939f41b5a57b,Charles Oliveira,Beneil Dariush,1,0.467207440315376,0.585040219894635,0.484973566006657,0.38598688097556,0.582000518319473,0.476905018223523
2023-06-10,b6c6d1731ff00eeb,69bc7ca8ce831731,578ef12674df1e6a,80fa8218c99f9c58,Irene Aldana,Amanda Nunes,0,0.292515881915337,0.314167843664558,0.279204256133569,0.193888741880581,0.372783521659488,0.285198113033328
2023-06-17,b9415726dc3ec526,8794031c523bf534,476fe566d2df676e,56f7d7ee06be4aab,Modestas Bukauskas,Zac Pauga,1,0.449718409791588,0.446940509885594,0.457471518211357,0.35623532733824,0.558465255588699,0.453950870702399
2023-06-17,b9415726dc3ec526,9cfb84817a43b63c,59c438c81fbf3ece,a6eb54ae17a551be,Tereza Bleda,Gabriella Fernandes,1,0.587635804648893,0.592789467233135,0.615008854115439,0.529896499054589,0.69374177565744,0.602667569957286
2023-06-17,b9415726dc3ec526,8ea12c7360fa0f6b,2526be54e6a0e62a,798e48f9e7f6ba22,Denys Bondar,Carlos Hernandez,0,0.537188487448636,0.574379094656499,0.560582457359099,0.494913128104463,0.62609892234526,0.549994759413776
2023-06-17,b9415726dc3ec526,7ba54a10f28c9496,7debc13b36343605,a7897d200692ab64,Cristian Quinonez,Kyung Ho Kang,0,0.612129082233927,0.651439278408596,0.642176097397378,0.547317131330211,0.733867902334871,0.628664873477001
2023-06-17,b9415726dc3ec526,bc1be168c064f028,09e62c450e754913,3fa97913cfd205d3,Jimmy Flick,Alessandro Costa,0,0.48898490502338,0.468160133086656,0.473489040922066,0.389004093124531,0.559628874707849,0.48051554211675
2023-06-17,b9415726dc3ec526,870672b1b443311e,447f9858ae78f921,9d19d9e4aa2662e8,Muslim Salikhov,Nicolas Dalby,0,0.668062183205712,0.718428285068792,0.686056268634286,0.616201962647844,0.751620025381236,0.677956791548808
2023-06-17,b9415726dc3ec526,98458778348ea5d7,2e7878927067fdca,37f560436d745c18,Manuel Torres,Nikolas Motta,1,0.643924740315913,0.660893594498302,0.66063086778997,0.606226326902494,0.712042173041482,0.653097217565779
2023-06-17,b9415726dc3ec526,76fd6919d828d5c2,710f0f8c5d5c9d41,b8bbdeff718dbb7d,Lucas Almeida,Pat Sabatini,0,0.380274947900173,0.403718308138051,0.371016040128295,0.297180652059781,0.45239267430087,0.375205861877999
2023-06-17,b9415726dc3ec526,5d9b84493f1ed114,369ea36e450ae62a,a93f94c923c3a9cb,Armen Petrosyan,Christian Leroy Duncan,1,0.408207131189929,0.397608700265235,0.37938762456645,0.298749372904077,0.464455312030828,0.392372058696784
2023-06-17,b9415726dc3ec526,6c2199524d762b11,ae7fe94f117f98cf,eae48ff31db420c2,Joaquim Silva,Arman Tsarukyan,0,0.0953594769277016,0.0844596726943492,0.0773985794968673,0.049536528565807,0.114628619793224,0.085128592775803
2023-06-17,b9415726dc3ec526,175d9e1ac0725145,13a0275fa13c4d26,7acbb0972e75281a,Jared Cannonier,Marvin Vettori,1,0.39588533169752,0.454353659768343,0.397972569369647,0.313448206635289,0.48667231939259,0.397025049567108
2023-06-24,a780d16cf7eed44d,7b909acede0a26eb,4e6738062d469256,f14f644d41ade29f,Sedriques Dumas,Cody Brundage,1,0.443494769164898,0.49253899207985,0.467776187715584,0.386719460342635,0.550147140931573,0.456732895700469
2023-06-24,a780d16cf7eed44d,fcc1191761e365f9,a9da3158dd2c2b5a,e00a3dee329a51f7,Jack Jenkins,Jamall Emmers,1,0.474449416598141,0.501028502925796,0.475225258399711,0.415869517079147,0.537598201355411,0.474873215955068
2023-06-24,a780d16cf7eed44d,f18d44292036d5de,0bc697c5936a2d0a,e0c6edcb5b5d0b90,Trevor Peek,Chepe Mariscal,0,0.71986154621086,0.729166214290331,0.735764499750721,0.672960335961187,0.793245748165416,0.72862090854161
2023-06-24,a780d16cf7eed44d,c2cdeb207cce5ceb,17e97649403ba428,55fa6ce3e522c8bb,Joshua Van,Zhalgas Zhumagulov,1,0.679492396381162,0.63643628949277,0.692145005556925,0.625911527328399,0.753185711977282,0.686438311240937
2023-06-24,a780d16cf7eed44d,c22de92b9d9030dc,38c7f72747f4f712,d25240135aee03e5,Gillian Robertson,Tabatha Ricci,0,0.540094134390129,0.539161707358099,0.537167157232419,0.451492460356712,0.622405881781011,0.538495562011463
2023-06-24,a780d16cf7eed44d,8b296724a6844865,849c5d9979df5357,8c169fbe1ac33637,Mateusz Rebecki,Loik Radzhabov,1,0.541312357291802,0.523050205626346,0.543177377097663,0.456561696197584,0.624109151833483,0.542331297200058
2023-06-24,a780d16cf7eed44d,42922bab8a3e1828,4dcfb28c011c11b2,c6aee362c7a7d482,Wellington Turman,Randy Brown,0,0.412875054785451,0.421927376863872,0.411839195440198,0.322570591079002,0.508402538035395,0.412309105963309
2023-06-24,a780d16cf7eed44d,ced01368259428f5,84b3e7d38f2d2ec5,8e382b585a92affe,Neil Magny,Phil Rowe,1,0.583988235836974,0.571880775521012,0.595034171693076,0.487465231057851,0.696028708372354,0.590033440197271
2023-06-24,a780d16cf7eed44d,9124740fe7816d70,12ebd7d157e91701,2f181c0467965b98,Bruno Silva,Brendan Allen,0,0.29212113373611,0.296236000000591,0.279494864573983,0.197142998522113,0.374776715116757,0.285182363622977
2023-06-24,a780d16cf7eed44d,582806c33ce6dcf6,f2f140ce7532e327,ffe9703408fb5964,Gabriel Santos,David Onama,0,0.496739230230636,0.532312853319946,0.515673325850863,0.444566162819273,0.587426024282413,0.507084554845596
2023-06-24,a780d16cf7eed44d,07cb64236ae7aaea,6a740daf1b279661,beecb672a279223e,Maycee Barber,Amanda Ribas,1,0.424672898658214,0.375665846585252,0.413461938692591,0.325569580268224,0.509708145592997,0.418538376809585
2023-06-24,a780d16cf7eed44d,c3ef3cb03edde8bb,54f64b5e283b0ce7,fba03cd6cc28dc41,Ilia Topuria,Josh Emmett,1,0.766082986900869,0.750361938811371,0.781502135606977,0.704221113684443,0.845132111694545,0.774598143736403
2023-07-01,e9e1acc96536bb4f,bd2e14ee959f9b77,1788eee370f077b7,c0badf3243907e59,Blagoy Ivanov,Alexandr Romanov,0,0.318893207073447,0.344785506749131,0.324879489079229,0.245648619238973,0.406099179784469,0.322156051530324
2023-07-01,e9e1acc96536bb4f,dffc65202afb881d,38c5817ade8a8014,528b071cf3da7c56,Ivana Petrovic,Luana Carolina,0,0.6215734253753,0.661554953995477,0.645965874974262,0.578265957182773,0.709368257795859,0.634983395810192
2023-07-01,e9e1acc96536bb4f,454265014520a3f8,48a9a128784d53d1,7772b283d288dbe2,Elves Brener,Guram Kutateladze,1,0.562805537064725,0.537198909440897,0.563316897240848,0.510235396631894,0.617753327955152,0.563084891307582
2023-07-01,e9e1acc96536bb4f,fe370c518cf7873e,3143bf892608139a,351c4ec637380ad5,Yana Santos,Karol Rosa,0,0.390954388882054,0.449870652234536,0.383105526767787,0.31260014299965,0.457556143716599,0.386659559964051
2023-07-01,e9e1acc96536bb4f,f5a6acc99bc5c634,791c8437b341fba5,7b3503352cd53abb,Joanderson Brito,Westin Wilson,1,0.685141616738852,0.698435668378818,0.714324634811221,0.656619591009517,0.769700487658111,0.701284436163737
2023-07-01,e9e1acc96536bb4f,962e74250884e4c1,8f765fd5775a8873,ee9ebceabfd16fa7,Rinat Fakhretdinov,Kevin Lee,1,0.555143609333738,0.483776204953981,0.502459670336779,0.391422323396505,0.615240737330428,0.526441783743621
2023-07-01,e9e1acc96536bb4f,288f7fb936c1523c,1e719d4b676dc19a,49d2a08964c5eb11,Brunno Ferreira,Nursulton Ruziboev,0,0.612626155752064,0.637296951382073,0.636012137864848,0.572496632437246,0.697437799844943,0.625473150510524
2023-07-01,e9e1acc96536bb4f,cd137988da724076,c2299ec916bc7c56,eb393afdbe3293d5,Benoit Saint Denis,Ismael Bonfim,1,0.410045708270068,0.385874501329357,0.382392110015058,0.312294829364997,0.455967822458419,0.394856941954894
2023-07-01,e9e1acc96536bb4f,ea29714dcfb07ce2,6551c64fbcd1a467,a4a80dd7336ffd59,Ariane da Silva,Melissa Gatto,1,0.351500445929148,0.339025957093109,0.333750894476581,0.24789359521613,0.422557012742568,0.341749849846775
2023-07-01,e9e1acc96536bb4f,0548a24a9bf8d7a0,b0d6a1d8ac3d563d,c32aeb1a59e6272d,Max Griffin,Michael Morales,0,0.343612676315912,0.324469609890647,0.319426776959566,0.245447393886386,0.393372553465059,0.330290302912022
2023-07-01,e9e1acc96536bb4f,4dc5a41f357a7d85,135d124172a0bea3,99bd51917728c25d,Damir Ismagulov,Grant Dawson,0,0.278540291593482,0.299955678563202,0.267988471378025,0.1969469141611,0.35245268052235,0.272744688194871
2023-07-01,e9e1acc96536bb4f,f557405652165aa3,0d8011111be000b2,36b8f265bcd1b7a4,Sean Strickland,Abus Magomedov,1,0.682203751326962,0.640133871888617,0.687569911692683,0.595068329257764,0.768491612985474,0.685141207769683
2023-07-08,6085ceb59087514b,5b71958ee063a6e8,323d4ca260dfa0ba,c7d7fda69ec410d3,Esteban Ribovics,Kamuela Kirk,1,0.570801117125354,0.638366993209477,0.590411590089834,0.494567157882932,0.682195830973037,0.581545289800015
2023-07-08,6085ceb59087514b,420f7e6530dbc727,51c655162e462ceb,c051c2e12d692b8a,Shannon Ross,Jesus Aguilar,0,0.317592369388638,0.312133969119262,0.294072264859179,0.239531017509578,0.351029487379576,0.304618532769127
2023-07-08,6085ceb59087514b,dbf8a4b0870a47d1,3c8a5200436e19f3,f3ca6908f78efebe,Cameron Saaiman,Terrence Mitchell,1,0.715256846040662,0.656707323542877,0.714002295714866,0.616093257527884,0.801962216059699,0.714571940973895
2023-07-08,6085ceb59087514b,69f67a4a690eb15d,6370c1c1e12723d5,71171fc96445bf65,Marcin Prachnio,Vitor Petrino,0,0.328867391937345,0.289064671021675,0.293101551804822,0.193786972294005,0.415402720097954,0.3090490862401
2023-07-08,6085ceb59087514b,6ef12db5b099ec81,70e1f8a821b72c8b,a495f599e787614f,Jimmy Crute,Alonzo Menifield,0,0.416553239310655,0.441174418370848,0.425876973459763,0.319674415721927,0.535485104697861,0.421639507375359
2023-07-08,6085ceb59087514b,ef270d8cf29d071b,40cb680ae1cd331f,cffb87059e645bd1,Yazmin Jauregui,Denise Gomes,0,0.560252146057284,0.546146596591915,0.552068057711224,0.484186395034855,0.62023873041743,0.555785242654995
2023-07-08,6085ceb59087514b,d3a9aceeb7e23580,4461d7e47375a895,5ef94841c4bc3f86,Tatsuro Taira,Edgar Chairez,1,0.77945605990933,0.778470951019632,0.789780367503479,0.718199693045522,0.85436247695695,0.785140364503424
2023-07-08,6085ceb59087514b,20d8f6b4b7c8bae7,d8da10db80131bec,f2925e6db404bf1d,Niko Price,Robbie Lawler,0,0.603318710743372,0.609396759581775,0.611691188789978,0.501980245186621,0.713429773874111,0.607900136285188
2023-07-08,6085ceb59087514b,1ffe6e8df6dbefd2,35673bf5204524ee,7a47e068f8017019,Bo Nickal,Val Woodburn,1,0.664906356281645,0.659286693150593,0.669931615077157,0.607892199389293,0.72877443189814,0.667656196739361
2023-07-08,6085ceb59087514b,b6ea8880cc7af439,193b9d1858bc4df3,4d8fa64202cee4c1,Dan Hooker,Jalin Turner,1,0.418798476450184,0.390379355921073,0.419787890810445,0.315593001193298,0.522343677627415,0.419338877431493
2023-07-08,6085ceb59087514b,4ec5d9bd1442e6c1,0d7b51c9d2649a6e,e1147d3d2dabe1ce,Dricus Du Plessis,Robert Whittaker,1,0.529498101114761,0.558554874066038,0.518189173232566,0.432331767708725,0.605757748904272,0.523323450051721
2023-07-08,6085ceb59087514b,0f24f3bc1b39ea45,792be9a24df82ed6,a0f0004aadf10b71,Brandon Moreno,Alexandre Pantoja,0,0.685469679945337,0.677097740012545,0.705680875469075,0.621503798351389,0.780192879501985,0.696603990266505
2023-07-08,6085ceb59087514b,4b12a4b48755cd6b,cbf5e6f231b55443,e1248941344b3288,Yair Rodriguez,Alexander Volkanovski,0,0.267941799553178,0.242393267484386,0.244660335868755,0.176041427003009,0.323841938775184,0.255051956269942
2023-07-15,c9885b1b7c7055a0,cae7de0873e03947,06e4245d16fc5315,fc6e681bf6658faf,Ailin Perez,Ashlee Evans-Smith,1,0.676304515949323,0.639341200116623,0.696310608057648,0.608370056060023,0.775799343601623,0.687319114793396
2023-07-15,c9885b1b7c7055a0,57785c9be5b4526d,914a897455693650,f8f1ec513bcfef43,Carl Deaton,Alexander Munoz,0,0.429807541625434,0.403703753631901,0.413053799050368,0.327364325442731,0.504464163606891,0.4206330812949
2023-07-15,c9885b1b7c7055a0,dae80502466c8726,6e00cfffd54653c4,7f1bf0c255ec8756,Tyson Nam,Azat Maksum,0,0.368416087428857,0.321433428695053,0.332612680325841,0.262736503257187,0.407188571693921,0.348648405118354
2023-07-15,c9885b1b7c7055a0,3624f4ae9c1d703e,cda1099995b46cc2,d9a56ecb6e94f02e,Genaro Valdez,Evan Elder,0,0.356986851554604,0.387372004675797,0.34991279920041,0.248373015773935,0.455281665663207,0.353114592274852
2023-07-15,c9885b1b7c7055a0,b4cc389bb4af3707,20bccc9bb4ceb23e,305d73ede05e31ad,Melquizael Costa,Austin Lingo,1,0.505665865444162,0.586935675350886,0.539352892441638,0.464772640849319,0.611238246027844,0.524093862968356
2023-07-15,c9885b1b7c7055a0,eb30c9c975e15436,6c9b66b43663f2f7,efc67b07eed39794,Viktoriia Dudakova,Istela Nunes,1,0.695638898588065,0.664582835425348,0.7036721908209,0.642585066461862,0.761995859169709,0.700042401181378
2023-07-15,c9885b1b7c7055a0,8362b372adb2f302,7832f2f62f04178f,a52bc1e62cf0b7c6,Tucker Lutz,Melsik Baghdasaryan,0,0.363603013702534,0.37595897851076,0.36583157588058,0.313378031492324,0.421710696800663,0.364819678278722
2023-07-15,c9885b1b7c7055a0,e4620f3fa451a3a4,809bd1a871491508,ff62013d2fce6d13,Terrance McKinney,Nazim Sadykhov,0,0.525677707267043,0.516668850687937,0.537115889506045,0.460886349785278,0.613603828745432,0.531930085825642
2023-07-15,c9885b1b7c7055a0,81b7a6aa147bd912,af9efbfd63d39734,d3f5d33d61cd00c9,Chelsea Chandler,Norma Dumont,0,0.453941673097931,0.455959720448897,0.465834322058212,0.382180301305348,0.551400018178395,0.460432562089784
2023-07-15,c9885b1b7c7055a0,6adfe44b110c1510,285ae0b4a68221f4,6b7c7460855dbbb9,JunYong Park,Albert Duraev,1,0.617230817407776,0.61625666059604,0.61476684570253,0.528449297422527,0.699181517103213,0.615885576226133
2023-07-15,c9885b1b7c7055a0,b52dccbe69864d2a,3920d0cc288f9b0d,ee18ff42063174df,Francisco Prado,Ottman Azaitar,1,0.518816736460097,0.526721184513892,0.530682261685291,0.442417665879696,0.615487945853754,0.525301934217787
2023-07-15,c9885b1b7c7055a0,3352c65f3f6d9b2a,6b453bc35a823c3f,f4d92416da98804b,Jack Della Maddalena,Bassil Hafez,1,0.865112032694721,0.86536947906916,0.875591199760615,0.824385891336705,0.916512275862307,0.87092574908003
2023-07-22,1174782eacde9b0c,d918da575ee1bc35,65adf3856c4d9256,e8fe9c15d348e778,Jafel Filho,Daniel Barez,1,0.551337661288178,0.587907226755026,0.581090185765581,0.513953662580345,0.645854530432947,0.567649991048568
2023-07-22,1174782eacde9b0c,c81d1facf185467d,7138a15258dabf20,9c442aaf149ea982,Bruna Brasil,Shauna Bannon,1,0.38267617260156,0.398308338359686,0.383334291080964,0.321049441487598,0.447838839773814,0.383035625854588
2023-07-22,1174782eacde9b0c,a8a4c9f98ff73839,c739c2995a275314,fd406a32a6fb3a29,Yanal Ashmouz,Chris Duncan,0,0.574744397492766,0.597706006444997,0.582796406036334,0.528068333404391,0.634720456460413,0.579148119787075
2023-07-22,1174782eacde9b0c,a0bc695b35f155f1,91dac5e69e28d5b5,b9706f80d005036c,Pannie Kianzad,Ketlen Vieira,0,0.426102061629136,0.427882263808549,0.415929051377945,0.355065759274502,0.4803040462358,0.420536584799911
2023-07-22,1174782eacde9b0c,8b341eb556c97c23,a331233f597090a5,ea7e5bc78d9de658,Bryan Barberena,Makhmud Muradov,0,0.428583544702716,0.399596538944514,0.413554701216358,0.311145138558487,0.519750607993818,0.420355647642639
2023-07-22,1174782eacde9b0c,89b96bc5f3e824c5,0d5cc0170c1a7e71,f41b9f5efc7162d6,Mick Parkin,Jamal Pogues,1,0.339111899118938,0.32932349830559,0.325988072109844,0.279522758760867,0.373087465474209,0.331910583520332
2023-07-22,1174782eacde9b0c,319b96f615a0a154,32c355b04fc57f3a,58bbef3770bb2dfc,Marc Diakiese,Joel Alvarez,0,0.500497822287492,0.495070711081544,0.499200548914631,0.392340484255642,0.604944218716212,0.49978916833003
2023-07-22,1174782eacde9b0c,d54ebd2a3435a357,2975297f505e9447,a6cba6bb66c1a8c9,Jonny Parsons,Danny Roberts,1,0.609408612369582,0.578885734430651,0.611312211584647,0.53361247213988,0.68989629955026,0.610448896883986
2023-07-22,1174782eacde9b0c,b4e2037f180c1e0e,113df4fde64735c6,850266b3dc4e506e,Davey Grant,Daniel Marcos,0,0.365724972666288,0.391824148072613,0.341933586643384,0.266621675423082,0.422035835331584,0.352638658450574
2023-07-22,1174782eacde9b0c,3c4305abc2e302d0,396fe87b84ac2e1c,6751eacd16bd59bc,Lerone Murphy,Josh Culibao,1,0.525727760472657,0.471996924607377,0.521663106517301,0.426700244845507,0.606143614143873,0.523507774547574
2023-07-22,1174782eacde9b0c,c4caa8a4f32a0eed,1e4f273069fb9e85,4c88a1db5a46c6a4,Fares Ziam,Jai Herbert,1,0.735954068781357,0.701715911830537,0.760087252216275,0.69506406603387,0.81430633360089,0.749327401946749
2023-07-22,1174782eacde9b0c,8104fe27bdc46914,886264a0c9f4ea5e,eabf206b162b3b83,Andre Muniz,Paul Craig,0,0.719417693811523,0.674556184903129,0.741270495669607,0.661153103412545,0.813022023399418,0.731493730530041
2023-07-22,1174782eacde9b0c,9541cf21e031354c,329e403448756217,8fd808923cffff82,Nathaniel Wood,Andre Fili,1,0.718908931799099,0.680226948364127,0.71680915918875,0.629342351041992,0.795126359876452,0.717763077135718
2023-07-22,1174782eacde9b0c,743a04674ab72ee0,51018a31ddf31eb2,a78a87d8c2bbb1cb,Molly McCann,Julija Stoliarenko,0,0.713990488449337,0.709586748746403,0.724674382132525,0.641223738016346,0.795168306145412,0.719857467719886
2023-07-22,1174782eacde9b0c,90e46589a18064bc,399afbabc02376b5,c9cf753cfdf77fc2,Tom Aspinall,Marcin Tybura,1,0.737803628199234,0.785597570814205,0.769810095832748,0.689773542671358,0.836221795809881,0.755635712763861
2023-07-29,ccd58ff71e260ed5,74fef059e229d217,b1e5bcaad32a3cac,f29a6350c69f4a33,Priscila Cachoeira,Miranda Maverick,0,0.204716199612491,0.221371601228918,0.183281935386972,0.129218932079636,0.24685510788081,0.192784371589276
2023-07-29,ccd58ff71e260ed5,3de326b65aa6245d,4aa58269d0664b5b,681399317dbf4701,Matthew Semelsberger,Uros Medic,0,0.575898473028037,0.582602470941263,0.577904258105203,0.494090023256396,0.658782271502926,0.576994475392392
2023-07-29,ccd58ff71e260ed5,7a8f218c07347c88,65db4065e2bc107d,a845f0735bc67405,Darrius Flowers,Jake Matthews,0,0.317829130537797,0.263572567872503,0.298107954763109,0.237977955837429,0.364218676507945,0.306969168619322
2023-07-29,ccd58ff71e260ed5,5116f9398bfca446,972c456ff38b2015,9d83f6da776ff7d6,Claudio Ribeiro,Roman Kopylov,0,0.362496382515965,0.327626217884119,0.345892941253184,0.287618262362523,0.40790975826815,0.353382890236642
2023-07-29,ccd58ff71e260ed5,e5ac7343b6d45188,077e3ace32b72be9,65cdf4ec31143d86,CJ Vergara,Vinicius Salvador,1,0.391370954042734,0.317495983628385,0.34981586058689,0.287641859463173,0.418686637238635,0.368431972116621
2023-07-29,ccd58ff71e260ed5,4327fe98e1b6f222,01641ba5df0c69b0,b27a1fcb56a3035a,Gabriel Bonfim,Trevin Giles,1,0.552065837066137,0.599984669982149,0.565249010946693,0.484031982697679,0.644261284248351,0.559277614206105
2023-07-29,ccd58ff71e260ed5,cbf1e76186a0c8b3,3a46b268013afede,c58f51dedb310998,Kevin Holland,Michael Chiesa,1,0.626641422657605,0.552619075001261,0.629509936101315,0.5275840804162,0.72614216589256,0.628209506675229
2023-07-29,ccd58ff71e260ed5,f1eca70738ca073e,22a92d7f62195791,887961364be5ceb3,Tony Ferguson,King Green,0,0.39645211537082,0.355397569441066,0.38968140823723,0.285676429544704,0.50507998130032,0.392748424352796
2023-07-29,ccd58ff71e260ed5,eff6ec2b2f1fb27b,ab943cd2c3c17825,d3df1add9d9a7efb,Marcos Rogerio de Lima,Derrick Lewis,0,0.602538841312988,0.467458182688369,0.552169842584538,0.439569331006313,0.659749496448959,0.575222038275627
2023-07-29,ccd58ff71e260ed5,800a35b3a7e52308,99df7d0a2a08a8a8,e5549c82bfb5582d,Jan Blachowicz,Alex Pereira,0,0.443661364116185,0.454455498530228,0.43948500625471,0.339641473202864,0.545163577574685,0.441378944931456
2023-07-29,ccd58ff71e260ed5,c27e33ee8ef53866,029eaff01e6bb8f0,9e8f6c728eb01124,Dustin Poirier,Justin Gaethje,0,0.551267309974397,0.497202269508535,0.536205643649723,0.422528959170113,0.650392969266684,0.543049527807123
2023-08-05,6f81b6de2557739a,6b5c225814a924ed,6d68c1afe954f121,8d3273573b85be09,Ode Osbourne,Asu Almabayev,0,0.502078692115782,0.520657103494485,0.509513577306922,0.437965808027886,0.581197990562717,0.506140425838673
2023-08-05,6f81b6de2557739a,436a1ce6b0c6b4bb,4682bc59d5f55145,c4d039123e62f6a9,Sean Woodson,Dennis Buzukja,1,0.536389704620883,0.568756656118165,0.529283312341593,0.442898042157313,0.61653110737239,0.532509384543629
2023-08-05,6f81b6de2557739a,38901948cff43ff9,60a42bf82447c919,7f6ed67d3ed3c036,Jake Hadley,Cody Durden,0,0.496040101291789,0.47760940066103,0.501987486852113,0.409151085648508,0.592496551727133,0.499288912230022
2023-08-05,6f81b6de2557739a,1b0d5e65fdfc62cf,29af297d9f1de0f8,aa171d55d4b5208f,Damon Jackson,Billy Quarantillo,0,0.552438362118411,0.637437990096921,0.578784680748508,0.47335829362894,0.679344315650488,0.566876657661171
2023-08-05,6f81b6de2557739a,bda7992779a005fa,a53d30163304aa6e,d66a46de8d705353,Carlston Harris,Jeremiah Wells,1,0.43755175040718,0.46669885304235,0.443852074377033,0.384637434643403,0.503389992305612,0.44099102699281
2023-08-05,6f81b6de2557739a,e5cb9dfc1189d77d,60425d07ef4b91a7,b9f28e7045fdfce7,Kyler Phillips,Raoni Barcelos,1,0.731052669836764,0.751222237870162,0.76616512517732,0.709308036361351,0.821386703857309,0.750638198448335
2023-08-05,6f81b6de2557739a,531ce3d8011fa1f6,5b86d491d63890c5,e4a47b07044ddd72,Ludovit Klein,Ignacio Bahamondes,1,0.269271618366051,0.265000109093129,0.260716486047059,0.187181999066028,0.344944431193666,0.264576361817681
2023-08-05,6f81b6de2557739a,2c0496a5f39ab8a4,04c8b08b16a5b99e,c2a670b22d2e196f,Tanner Boser,Aleksa Camur,1,0.450056120902294,0.387542899993377,0.41605182140059,0.330246117527909,0.507874065016788,0.431401967202844
2023-08-05,6f81b6de2557739a,79bfba62da6242a6,da816417a579a0bd,f166e93d04a8c274,Gavin Tucker,Diego Lopes,0,0.491791855967911,0.471713223485624,0.468541284506006,0.367857279436603,0.568343356888745,0.479080062673847
2023-08-05,6f81b6de2557739a,2c54be25b09fce50,8667caa0451d245b,e4277e87a789d687,Kennedy Nzechukwu,Dustin Jacoby,0,0.559746711380386,0.487027675250596,0.568073185086538,0.482680112735095,0.650305211945169,0.56429963867779
2023-08-05,6f81b6de2557739a,ec2358459ffbe7de,6a1901c62ab3870f,b08012bbe542592a,Jessica Andrade,Tatiana Suarez,0,0.387562952049111,0.360396572818757,0.381194898619235,0.282177361971417,0.488760324535813,0.3840793989795
2023-08-05,6f81b6de2557739a,554163b1c8c05522,05339613bf8e9808,65f09bacd3957381,Rob Font,Cory Sandhagen,0,0.299527461500766,0.267699829526647,0.276105896231221,0.216836427835294,0.345528362693807,0.286592108420612
2023-08-12,d2fa318f34d0aadc,e3573545220ca4ea,5078e1dacf9d25f4,aa0c573da7119292,Luana Santos,Juliana Miller,1,0.58963138500116,0.610512721161322,0.614932475576274,0.543783855214372,0.685405478729815,0.603520491365782
2023-08-12,d2fa318f34d0aadc,91a5480f48bfaa71,84f727cf0166d6f2,da22387a0407a2dc,Jose Johnson,Da'Mon Blackshear,0,0.426978670669043,0.450132384643996,0.425796124326691,0.356753633971512,0.497720681734014,0.426332583891319
2023-08-12,d2fa318f34d0aadc,ca2aa660bea0cb60,1235b31de15d0c6e,bc7d1ad49fcb2d08,Montserrat Conejo Ruiz,Jaqueline Amorim,0,0.416591311257696,0.383573827220797,0.393730044602706,0.314139811217518,0.479731360616781,0.404051845332644
2023-08-12,d2fa318f34d0aadc,d5929b7fbc801ce4,8eb046f83e82bf26,b5da8f7d05e85a55,Martin Buday,Josh Parisian,1,0.676595407981685,0.594738130421803,0.660432559406355,0.58446936600663,0.730849233194019,0.667815426831835
2023-08-12,d2fa318f34d0aadc,9479ba3cdcb1e513,5d495dec23d7c68e,a57cb948c4c70a47,Francis Marshall,Isaac Dulgarian,0,0.603154442169052,0.580860557051924,0.597791341841585,0.530270020553981,0.658895706713495,0.600227757365251
2023-08-12,d2fa318f34d0aadc,9576d9cba5cf5c4e,809bd1a871491508,d80ee110748171ac,Terrance McKinney,Mike Breeden,1,0.634600741966905,0.556634827759886,0.617806769316913,0.514823547739075,0.718995123866692,0.625464436144719
2023-08-12,d2fa318f34d0aadc,2c160a1d1fdbf0b0,0b362247806341e5,c0ac37a4a1133da9,JP Buys,Marcus McGhee,0,0.154470534838532,0.145351828982317,0.159754731815377,0.0800852232524033,0.26223700601475,0.15733917618667
2023-08-12,d2fa318f34d0aadc,9a9479663bedf8b4,830f60497fab345a,ca43de99b07b6b40,Jamie Pickett,Josh Fremd,0,0.273922618226124,0.282809508559154,0.263155171673887,0.198105861567018,0.33707509900788,0.268006871139204
2023-08-12,d2fa318f34d0aadc,560a971c6ab8b854,009c4420727149ea,6aae253467e8f9ce,AJ Dobson,Tafon Nchukwi,1,0.393804884906208,0.447351803112419,0.393528558300614,0.313373380125465,0.476774053626038,0.393653929212762
2023-08-12,d2fa318f34d0aadc,c2f730cb33df5221,9673a497a9da119a,abcf2cc6efc42031,Polyana Viana,Iasmin Lucindo,0,0.323159495755063,0.292565521766551,0.285422880327783,0.201441872876492,0.377603618312916,0.302217771696069
2023-08-12,d2fa318f34d0aadc,c57a4810c932b296,749f572d1d3161fb,d0aaedcf7ccd0b45,Khalil Rountree Jr.,Chris Daukaus,1,0.457281725993395,0.505421888638431,0.461292706716047,0.338225629076518,0.589304448469146,0.45947212740944
2023-08-12,d2fa318f34d0aadc,1b1fd32485861655,2c9d00968f818270,d247691a6c0e9034,Hakeem Dawodu,Cub Swanson,0,0.644299498005923,0.63030628139982,0.65875147267815,0.545113580196857,0.758822541989036,0.65222868961062
2023-08-12,d2fa318f34d0aadc,e346f2b7af63e804,6a2f7c151031653d,6d4b63c767106d3a,Rafael Dos Anjos,Vicente Luque,0,0.466147814611961,0.402350881151542,0.454783645840822,0.326388804252623,0.581834407432691,0.459934862208629
2023-08-19,2719f300b0439039,f329bd89e375d6df,9d62c2d8ee151f08,b4192a975027aab6,Karine Silva,Maryna Moroz,1,0.555054882758899,0.517590786589183,0.552672139951754,0.461628584367299,0.638149978553225,0.553753582816643
2023-08-19,2719f300b0439039,8c7b5b21b3532027,05fa626cb33d15b8,262d32ebda89efc4,Andrea Lee,Natalia Silva,0,0.318607207575603,0.373226776867525,0.319795876880521,0.243019515317555,0.407371131250892,0.319256243415239
2023-08-19,2719f300b0439039,9f7c28381b6913c8,5f61780fe5e9b6d0,6ac9bc2953c47345,Andre Petroski,Gerald Meerschaert,1,0.741054216404869,0.718277736877457,0.746658941836966,0.662837328230273,0.82252550151531,0.744125842686289
2023-08-19,2719f300b0439039,e9754f597ec50f6f,700a674c042b7a96,7b433309b0fd12aa,Cody Gibson,Brad Katona,0,0.43042828957478,0.436458073022597,0.405775259961257,0.322162137724295,0.486267410444207,0.416910263646845
2023-08-19,2719f300b0439039,62d53ad8f8769666,a7151778b3381036,d2cd7a69cc55e7ed,Kurt Holobaugh,Austin Hubbard,1,0.289859738069007,0.328132361094871,0.268273164159339,0.17751784215632,0.377263964984489,0.277940748789916
2023-08-19,2719f300b0439039,f995ed679ef8bdf4,0112352cb32f5026,d1c65d2cf2925ddd,Denis Tiuliulin,Gregory Rodrigues,0,0.26515792706364,0.270167125361677,0.261032042628629,0.209794532122917,0.316819430379714,0.262898948691252
2023-08-19,2719f300b0439039,1a95cc401f68f4c8,0c6d9ea8306c029e,3a8176e15b9887c1,Brad Tavares,Chris Weidman,1,0.362141869407959,0.337114825315833,0.325598389398861,0.222775503882237,0.440266992014442,0.341949412686669
2023-08-19,2719f300b0439039,621e6f0929a3dbfc,6bd02119599741a4,7c7332319c14094c,Pedro Munhoz,Marlon Vera,0,0.346833500930369,0.336649142878173,0.33006667944619,0.257174676068101,0.409986831518839,0.337624036056828
2023-08-19,2719f300b0439039,fd4d30036a3f3efb,bc711b6dd95c1af6,da22387a0407a2dc,Mario Bautista,Da'Mon Blackshear,1,0.600528470832065,0.67901918291149,0.625691997085597,0.528797291247241,0.71936681978506,0.614349517987452
2023-08-19,2719f300b0439039,78d2c01dc963f204,442c9011034ae1fd,84b3e7d38f2d2ec5,Ian Machado Garry,Neil Magny,1,0.607059466396743,0.640708829348437,0.607962525396836,0.513963422076626,0.697734274822766,0.60755286612093
2023-08-19,2719f300b0439039,845e38dfbfea6e53,1ebe20ebbfa15e29,3df5493bb279226f,Zhang Weili,Amanda Lemos,1,0.600072612962339,0.61701240952089,0.623331856864877,0.544388283109451,0.698647011846944,0.612841578203759
2023-08-19,2719f300b0439039,ee796ecb4ee8680b,b50a426a33da0012,cb696ebfb6598724,Sean O'Malley,Aljamain Sterling,1,0.451179646847431,0.467021509723364,0.442844929535553,0.343422176358158,0.543904667835362,0.44662299140243
2023-08-26,89a407032911e27e,b65b37c0e00074d9,082eba4cd80f736f,a68575214ecad140,Jarno Errens,SeungWoo Choi,0,0.688999624867212,0.712064447048877,0.712534312034679,0.640231668109209,0.775606909547362,0.701987466590669
2023-08-26,89a407032911e27e,23865dfc8361ac62,6fd953151d981979,ec0dcceace7d25a3,JJ Aldrich,Liang Na,1,0.710507300544581,0.708258411450563,0.711278363073367,0.606930277901015,0.800366920572785,0.710928655420741
2023-08-26,89a407032911e27e,977250a28d3b8a3f,21b5c82c1b89dab1,fa07345cc9db5cc9,Yusaku Kinoshita,Billy Ray Goff,0,0.500912268214687,0.559504968728644,0.527332982409919,0.459313196452987,0.594654128049455,0.515355022259873
2023-08-26,89a407032911e27e,da6b863cf684e0ae,32490e80ddab1e5a,40a456a25d52ee65,Song Kenan,Rolando Bedoya,1,0.19388521814581,0.156573809260131,0.162356647998037,0.110395327783691,0.227990232822199,0.176119337731138
2023-08-26,89a407032911e27e,293c5f4c9aca5c54,0d65c432720accb9,c68c68efaa5ca6ef,Michal Oleksiejczuk,Chidi Njokuani,1,0.617798358153865,0.541676853348689,0.615616650148171,0.543380326590071,0.684142418626714,0.616607152072693
2023-08-26,89a407032911e27e,48231fbd1af53674,148bb103cfbf123e,1effd880e1f1bb30,Toshiomi Kazama,Garrett Armfield,0,0.394339797067957,0.422942786926792,0.392243661388691,0.297638385771559,0.494919915937806,0.393194266562147
2023-08-26,89a407032911e27e,bfc9989751bd0d04,0c25d0a5e8cdbf19,fc08099550072fe4,Lukasz Brzeski,Waldo Cortes-Acosta,0,0.485191712032605,0.555170879510671,0.511039530250549,0.441984643322331,0.577973531550036,0.499310458316951
2023-08-26,89a407032911e27e,f7bc845ce74f5fe7,ac40f7e3cbecdda4,c15fa95b9a12fde4,Parker Porter,Junior Tafa,0,0.305499295746253,0.23774370564519,0.26439225240972,0.183356911583685,0.358856171398524,0.282600102541939
2023-08-26,89a407032911e27e,5531317352862978,669970f7feba8ecd,f7467152fd9f18a2,Erin Blanchfield,Taila Santos,1,0.805020907961625,0.800254106613117,0.819145632222763,0.759623456290102,0.870245707955785,0.812837897774521
2023-08-26,89a407032911e27e,de89bea7b0dcd2d3,9e92e1ca498d7244,d8c811df0386d5e8,Fernie Garcia,Rinya Nakamura,0,0.34316929289654,0.355202906927048,0.33926536764199,0.267357498836823,0.414776418079511,0.341034050120371
2023-08-26,89a407032911e27e,dd617f6ab4916ec4,7aa3d6964eff4877,9560ff14eb3129f7,Alex Caceres,Giga Chikadze,0,0.486076206482343,0.486650381960743,0.484281981594955,0.383862013539828,0.582847632073649,0.485096038680715
2023-08-26,89a407032911e27e,c53b0f678fe2f16a,a67f5afa8d6a1b80,d4c9dcd330403612,Ryan Spann,Anthony Smith,0,0.592014899526288,0.63180097391707,0.619448376135988,0.509274033620962,0.727997086948159,0.607083770978876
2023-08-26,89a407032911e27e,96704d7ba3a452d9,150ff4cc642270b9,c451d67c09c55418,Max Holloway,Chan Sung Jung,1,0.785234526419774,0.697694030998944,0.777095097922365,0.698660682661393,0.846514800800339,0.78081526114605
2023-09-02,ef61d9f5176b3200,2a48d0a98c21e736,862b0b3375aa4b6e,e3964ece586e0635,Zarah Fairn,Jacqueline Cavalcanti,0,0.332878946242859,0.356192341109215,0.312290289415035,0.234231949092535,0.393635673942709,0.321546648440015
2023-09-02,ef61d9f5176b3200,ac73c6888ee9322c,102a8fdf8cbf7467,a09ed60aa67a3f67,Kleydson Rodrigues,Farid Basharat,0,0.337856685511113,0.331454649787677,0.315967837612506,0.252925762639074,0.386032828330291,0.325805992297363
2023-09-02,ef61d9f5176b3200,e3a5a7ede88a2555,f2b3f4ef3f780168,f9ab66e67240db7b,Nora Cornolle,Joselyne Edwards,1,0.346489682704903,0.366094390064432,0.329330123585547,0.266289545426229,0.394358870890473,0.337063073061655
2023-09-02,ef61d9f5176b3200,1be27d95bba03f17,1497e735d9f2560a,f748267c4ab6c127,Ange Loosa,Rhys McKee,1,0.517837570057024,0.434587194948882,0.480237861857919,0.398657571217535,0.563717512856264,0.497296040989404
2023-09-02,ef61d9f5176b3200,1b9a127f9dadaad9,42ac4020cba261ad,8b1ed83b02303075,Caolan Loughran,Taylor Lapilus,0,0.423132709196038,0.408922878382383,0.39476630744937,0.309976577285214,0.483762567017018,0.407561637833572
2023-09-02,ef61d9f5176b3200,0d41a3fa5efef91b,5b03b61f9d90125e,fd7ab338e4953644,Morgan Charriere,Manolo Zecchini,1,0.494624465143128,0.496414325822344,0.49512322717535,0.488975955937875,0.50141214889774,0.494896919596732
2023-09-02,ef61d9f5176b3200,1c29c53ff032c5c1,e1d40e8782d80bc2,eb70e786bbdf1d16,William Gomis,Yanis Ghemmouri,1,0.737761723446278,0.686229691822915,0.746089039667925,0.691847336754503,0.796282270133338,0.742332359708288
2023-09-02,ef61d9f5176b3200,5098d052525da54f,0845c81e37d3bcb3,ef5dcb10d2bd4b0f,Volkan Oezdemir,Bogdan Guskov,1,0.657028796460065,0.726478315463361,0.692830802217672,0.621250880327301,0.756730869485945,0.67684044607575
2023-09-02,ef61d9f5176b3200,dfa8fd0b82b37fa1,c2299ec916bc7c56,d945aae53e3e54e6,Benoit Saint Denis,Thiago Moises,1,0.600472542450396,0.610228667671763,0.587233291312524,0.50051768364603,0.6747936973224,0.593257291066973
2023-09-02,ef61d9f5176b3200,4eaf54ad3c82b6fa,34ff304266360297,47b63240018d5d86,Manon Fiorot,Rose Namajunas,1,0.521733712703606,0.429044006424019,0.475071796238072,0.370077273240801,0.57440264963053,0.496238979205748
2023-09-02,ef61d9f5176b3200,ea006bae605e2a6b,787bb1f087ccff8a,e2f6b2769aaedd6c,Ciryl Gane,Serghei Spivac,1,0.648584980660442,0.717906961804398,0.688946026243153,0.596696367703323,0.770688103970538,0.670941857398308
2023-09-09,ece280745f8727b8,65c89e0c92e51bb8,4729c93ba705a3bf,dda15dbfafb792df,Kiefer Crosbie,Kevin Jousset,0,0.422058099467857,0.419387787653168,0.406652807668627,0.384177573805733,0.430957770529709,0.413621924135856
2023-09-09,ece280745f8727b8,5d481ff494bf40da,4cd8b03aee1d0138,b909a9a9688b5284,Shane Young,Gabriel Miranda,0,0.69901807122696,0.727887848587791,0.726908587904687,0.626736624728681,0.816980801834666,0.71445475341943
2023-09-09,ece280745f8727b8,56809feb4fe7ea61,9edf2c9082cc2cd8,feedf3053472fe56,Blood Diamond,Charles Radtke,0,0.449405273423629,0.468033686325507,0.464038477823369,0.396884455242257,0.53699224037253,0.457389653766822
2023-09-09,ece280745f8727b8,bfff5a3777841344,267f4a6568abe245,b7b84ccd221be298,Landon Quinones,Nasrat Haqparast,0,0.402718866045989,0.396472352231435,0.391145830663689,0.328186432785346,0.460660706230106,0.396382615877056
2023-09-09,ece280745f8727b8,0aae15358d8606b9,af9f42e6894047fc,c21a036b4e012f1c,Jamie Mullarkey,John Makdessi,1,0.667771075819529,0.6497857080055,0.686985127045352,0.607075318304627,0.760920210725822,0.678341414255518
2023-09-09,ece280745f8727b8,09a7f0979a58e6ea,a9da3158dd2c2b5a,e0c6edcb5b5d0b90,Jack Jenkins,Chepe Mariscal,0,0.454240083300196,0.427455165627956,0.441880660732202,0.37622389353466,0.507565332463,0.447480594633148
2023-09-09,ece280745f8727b8,a3d75cc363a6544b,74f9448b97bf8bec,9014c02eff8b3d62,Da Woon Jung,Carlos Ulberg,0,0.459641044654812,0.448527758290374,0.468207600056077,0.383796753178797,0.552281058717847,0.464318015868906
2023-09-09,ece280745f8727b8,3e1c27f17433f9e4,49e96ff8ab781589,82529ce93cd9a2cf,Tyson Pedro,Anton Turkalj,1,0.441560041966283,0.366042039776946,0.396321433326452,0.299567607282142,0.500041619727786,0.416677171485549
2023-09-09,ece280745f8727b8,f9d2137f380e66bf,be9bdec19b7e9ffe,e13abac8089a801a,Austen Lane,Justin Tafa,0,0.494379423727246,0.515764417535671,0.500945193551441,0.417185831640233,0.590395552801053,0.49796597147131
2023-09-09,ece280745f8727b8,222bb2c67a87d312,5cdf5339728f580d,5d1b7e3dd9e11074,Felipe dos Santos,Manel Kape,0,0.42233466576978,0.378774859784172,0.415238380737773,0.355583405839633,0.478522235207845,0.418454051028487
2023-09-09,ece280745f8727b8,e4ed294e16e16d81,279566840aa55bf2,c62fbc117d57b943,Alexander Volkov,Tai Tuivasa,1,0.741283659103416,0.695297190934119,0.741371007941065,0.656289844400944,0.819060143392866,0.741331377004144
2023-09-09,ece280745f8727b8,7f16e7725245bb2d,0d8011111be000b2,1338e2c7480bdf9e,Sean Strickland,Israel Adesanya,1,0.357133063268085,0.320422309966894,0.332907799357659,0.247644200030473,0.428314779473484,0.343799656953435
2023-09-16,8fa2b06572365321,11318a7807cee8ca,971dba22c622af12,b6203e0492a9336c,Josefine Knutsson,Marnic Mann,1,0.505428585593186,0.493057624903913,0.492358948801172,0.454886893695735,0.531528886098043,0.498288892705727
2023-09-16,8fa2b06572365321,58b2fdad7af9be02,b39f7a6c2be17ee8,dc07493a87dc0a6e,Charlie Campbell,Alex Reyes,1,0.600919097947493,0.539162774711237,0.594621535599156,0.505264556373446,0.68450323873164,0.597482960340764
2023-09-16,8fa2b06572365321,bcec26b425194e40,68d4a891e5cf2029,a9e260472d321361,Tracy Cortez,Jasmine Jasudavicius,1,0.62763119676105,0.639151918188025,0.658250250260746,0.590225409159317,0.722629880947215,0.64450252353232
2023-09-16,8fa2b06572365321,7a0813ec0fadc84e,9d83f6da776ff7d6,ca43de99b07b6b40,Roman Kopylov,Josh Fremd,1,0.597274425880277,0.622404773245106,0.607430463859882,0.520003357826858,0.692238561187816,0.602833244298188
2023-09-16,8fa2b06572365321,79f03eca3fe5cdb3,8e5d953bdb9ae5e7,ac7c765882f2c68c,Loopy Godinez,Elise Reed,1,0.770326947233139,0.778554755462452,0.784364147586747,0.730560593460886,0.834789800437153,0.778073263027045
2023-09-16,8fa2b06572365321,a5d76e93a5052e3f,31f8081c7600da93,d2f43cfaf8ca3560,Kyle Nelson,Fernando Padilla,1,0.272625281318391,0.277089526806303,0.242611217388919,0.182810806296604,0.312088848768501,0.25594606054258
2023-09-16,8fa2b06572365321,2e1435c160bfe8b2,4148802ae4a50768,de45aaae23dfa392,Daniel Zellhuber,Christos Giagos,1,0.633822648592393,0.644870963343822,0.656066531974056,0.579114507241682,0.732345183670232,0.646051502312605
2023-09-16,8fa2b06572365321,c0ca4c201d086ea8,f3ca6908f78efebe,fe2babf95de24fb1,Terrence Mitchell,Raul Rosas Jr.,0,0.335091388429117,0.391174233714393,0.341172859867302,0.25679994830266,0.430182124138387,0.338406849463431
2023-09-16,8fa2b06572365321,697efaf0d162e877,3a46b268013afede,6b453bc35a823c3f,Kevin Holland,Jack Della Maddalena,0,0.373693835195873,0.375838653688447,0.379920750399741,0.2973656866116,0.470330191190884,0.377090335762097
2023-09-23,c945adc22c2bfe8f,0732e6b6eb0a607d,4f3064faf17aa711,60193e707634e560,Tamires Vidal,Montserrat Rendon,0,0.654899516890535,0.66021300768734,0.685389983181577,0.624495086815774,0.742041090784434,0.671733293272
2023-09-23,c945adc22c2bfe8f,adb411b0f418ce33,26e3f3928b1891d9,43a59ce3bb40449e,Hannah Goldy,Mizuki,0,0.373719592327338,0.376678370340784,0.33746689550061,0.237914268940299,0.454388809442786,0.353709794156381
2023-09-23,c945adc22c2bfe8f,49ede01b061cfae3,92fa1401b7927da3,da7f113b5ea39c43,Jake Collier,Mohammed Usman,0,0.315343575833698,0.35300588029601,0.309298278088655,0.232436614400024,0.392762732023469,0.312033329245973
2023-09-23,c945adc22c2bfe8f,1496969c1497dc85,d4270315cbcf2569,f14f644d41ade29f,Jacob Malkoun,Cody Brundage,0,0.772076110323348,0.788770685427641,0.799921054690508,0.728807898405858,0.859827265469474,0.787614127314021
2023-09-23,c945adc22c2bfe8f,b3c7a5a97978d156,33efaf2d0941cfcf,4b47e71384a9522f,Andre Fialho,Tim Means,0,0.471112520624293,0.487549210452236,0.505406946459949,0.422977804295132,0.583493392538121,0.489833232587004
2023-09-23,c945adc22c2bfe8f,6e1bf1b163b3aeab,1ae8f3c723aacff4,f1d64ae34e088832,Ricardo Ramos,Charles Jourdain,0,0.518565620921618,0.523061653362166,0.538332678491557,0.448870919806717,0.625633368776597,0.529374830607139
2023-09-23,c945adc22c2bfe8f,bf647be41de365e4,725b1abc9a39d873,f626118b6da0e020,AJ Fletcher,Bryan Battle,0,0.301566402956016,0.290272291603594,0.280985946548022,0.204411044063921,0.364490115849885,0.290217736119191
2023-09-23,c945adc22c2bfe8f,d8335b728604b222,cd2c4d30c6e13b47,eb04b9d31e938edb,Marina Rodriguez,Michelle Waterson-Gomez,1,0.650811219684436,0.620372326597476,0.648253184469298,0.578110926344417,0.715989813520169,0.649414922435463
2023-09-23,c945adc22c2bfe8f,da1b37edb8ccd3e6,82a5152216251682,d9c6f19f958643e9,Dan Ige,Bryce Mitchell,0,0.497901442222387,0.545570952745153,0.524761042481441,0.422012055423813,0.629303798025655,0.512582284501117
2023-09-23,c945adc22c2bfe8f,23a604f460289271,72db2a14ffa73ece,c814b4c899793af6,Mateusz Gamrot,Rafael Fiziev,1,0.64140603296244,0.641791531843253,0.652705969279795,0.574580053042673,0.725385694660805,0.647599182921873
2023-10-07,c8a49ff2acb6f3c5,cc4fcfede19bc196,6fd953151d981979,80d8aed0ca9b00f3,JJ Aldrich,Montana De La Rosa,1,0.615804162690257,0.586409155095644,0.615451934839021,0.523135988405378,0.704018079808989,0.615611768339624
2023-10-07,c8a49ff2acb6f3c5,df146b0592259e5d,7d420039bbfe7c1a,f6bcbd91b114ff58,Aoriqileng,Johnny Munoz,1,0.401717254120954,0.427348253912064,0.393459830401616,0.313117207013112,0.480255202783036,0.397199286211412
2023-10-07,c8a49ff2acb6f3c5,5ee83e03aaff5fa1,2c483cf443f38ece,e0b0cf71e0d69dd0,Vanessa Demopoulos,Kanako Murata,1,0.375891634966967,0.328187858294544,0.326141160583027,0.261014011728208,0.392519063515936,0.348310670572116
2023-10-07,c8a49ff2acb6f3c5,eb7b0a6f06dbdb4f,48812daf291a4e23,6e9f40c706f91f32,Mateus Mendonca,Nate Maness,0,0.643531377344388,0.713411032963358,0.695722460049888,0.618124576831958,0.762699659098422,0.672562774095417
2023-10-07,c8a49ff2acb6f3c5,b6a6ba08898f3b6a,d7c3816669784109,d7e40dca3ae125be,Karolina Kowalkiewicz,Diana Belbita,1,0.50089583929646,0.477178970296054,0.500205267342391,0.412359698549059,0.588239124409957,0.500518604990706
2023-10-07,c8a49ff2acb6f3c5,b638646fb297228d,262a7d06203657e6,9abc648e76c4493a,Alexander Hernandez,Bill Algeo,0,0.55615740977284,0.59992829897745,0.594630292788657,0.495655340410027,0.68816914113397,0.577287997499985
2023-10-07,c8a49ff2acb6f3c5,68095e551ff6bbfd,519e4fe37ce9ff75,814ff3018127e8fc,Drew Dober,Ricky Glenn,1,0.619791441779473,0.683966350199035,0.640200245730365,0.553437331249776,0.726677849257287,0.630997756187884
2023-10-07,c8a49ff2acb6f3c5,eb76a5b76a68e4c4,b9437600497350f3,cdb96af67d096b1e,Joaquin Buckley,Alex Morono,1,0.50611307433847,0.519336749560815,0.526591697491031,0.429771563694591,0.617876390207406,0.517306748220444
2023-10-07,c8a49ff2acb6f3c5,e966de63c8e6b1d5,c1085e1701b13eca,eae431e70064e046,Joe Pyfer,Abdul Razak Alhassan,1,0.700946031551174,0.708645726298242,0.719253852711245,0.642017729234771,0.79100565894921,0.711031829577349
2023-10-07,c8a49ff2acb6f3c5,1aa4c2fa5ffaff00,887961364be5ceb3,99bd51917728c25d,King Green,Grant Dawson,1,0.270636929919632,0.298762207069501,0.264828761008614,0.184080881198901,0.354682725653413,0.267454228330352
2023-10-14,f3a078277b3b8ff4,85a130a4b655c8f5,02f8fedc18cbd26c,b4c6c904a9ffc5e8,Emily Ducote,Ashley Yoder,1,0.750485607000615,0.769994501718304,0.778316288914891,0.695813767782913,0.846791511147625,0.765970879221897
2023-10-14,f3a078277b3b8ff4,a74a8c1e0a49070d,1897b7b913736a7c,45f0cc9d18f35137,Alatengheili,Chris Gutierrez,0,0.375062154907567,0.364667919180762,0.375635392357236,0.298176933677997,0.460423661727399,0.375375250560699
2023-10-14,f3a078277b3b8ff4,1ba282da76ca82ad,103e2e33a60683e1,bd532e9a2b93870c,Irina Alekseeva,Melissa Mullins,0,0.63926429576951,0.662997536688123,0.650064574508703,0.596015859528289,0.700176368183436,0.645182376864981
2023-10-14,f3a078277b3b8ff4,7f7d2abc21f171ca,809bd1a871491508,d7fe8c6b7d2872e5,Terrance McKinney,Brendon Marotte,1,0.587641365180732,0.563882183732681,0.586595730710348,0.516408514465205,0.655533956468686,0.587070270143878
2023-10-14,f3a078277b3b8ff4,5b7b5b01f4dcbd9c,2c5f5749569eef66,4948e412fa6ab67d,Tainara Lisboa,Ravena Oliveira,1,0.531921939493624,0.504329130228724,0.506553377733369,0.441213365116366,0.573948078376958,0.518076060245578
2023-10-14,f3a078277b3b8ff4,3a8af8ee23444b72,92a9aa9c93192871,d31cbcdd7d69536d,Darren Elkins,TJ Brown,1,0.559155175974663,0.514580412896059,0.536264506403189,0.431135746362866,0.642703841171825,0.546675672877474
2023-10-14,f3a078277b3b8ff4,0197a61472fc351d,3c8a5200436e19f3,5ec591b78349ba7e,Cameron Saaiman,Christian Rodriguez,0,0.506358970860462,0.411149994750446,0.467450596606603,0.34790131372709,0.596022272662383,0.485084130222804
2023-10-14,f3a078277b3b8ff4,6acd1c591170f597,595db60957de51d3,5f61780fe5e9b6d0,Michel Pereira,Andre Petroski,1,0.458337664834414,0.525092653814845,0.491847640372367,0.38350400391628,0.601476240896925,0.476615700908329
2023-10-14,f3a078277b3b8ff4,0d6d212fcdf47f2e,0232cabbc30a2372,f2477cf43c4975cc,Adrian Yanez,Jonathan Martinez,0,0.395976532896446,0.354542745230248,0.371199129762517,0.287473837676135,0.460790633677248,0.382366345027148
2023-10-14,f3a078277b3b8ff4,751cf3d52fce1d1f,36541f1e6c5d4955,8e1f36476ef02a6a,Viviane Araujo,Jennifer Maia,1,0.466515873806435,0.476304080248145,0.462255667656216,0.377917122754221,0.548800771943904,0.464188031484416
2023-10-14,f3a078277b3b8ff4,824859c7580eb35b,64a50dad704d1d49,94426bb170c88115,Edson Barboza,Sodiq Yusuff,1,0.287179133555887,0.252526855079977,0.271821963969682,0.19522260895773,0.358722738878278,0.278726000962761
2023-10-21,13a0fb8fbdafb54f,539732694ab2c8d6,06734ca9d88dec3a,12ebd7d157e91701,Shara Magomedov,Bruno Silva,1,0.448899808640069,0.461766590147845,0.445333508659802,0.38016703688757,0.512065362149876,0.446950992461775
2023-10-21,13a0fb8fbdafb54f,18e5af00a8478a0e,6c9b66b43663f2f7,d05cb1e8d1b885d8,Viktoriia Dudakova,Jinh Yu Frey,1,0.810332235874443,0.810736471667729,0.835952078404064,0.787970417380389,0.878571121422817,0.824689058926647
2023-10-21,13a0fb8fbdafb54f,b84c447bb74febe2,329e403448756217,8d11d9c13e2ccdf7,Nathaniel Wood,Muhammad Naimov,0,0.620759137241635,0.626891681930348,0.614326378292748,0.522935969885386,0.69970351845565,0.617250253801518
2023-10-21,13a0fb8fbdafb54f,75c5f923f966b53b,a72a2a769fa5a2be,d80ee110748171ac,Anshul Jubli,Mike Breeden,0,0.804727862228159,0.793553626383947,0.806244356337537,0.726294255769066,0.869840063237629,0.805557379674709
2023-10-21,13a0fb8fbdafb54f,43de9ff6064361e1,46d0a888d87d91ac,4e6738062d469256,Abu Azaitar,Sedriques Dumas,0,0.267243890606179,0.287933695138539,0.248031481201197,0.175764053937685,0.331497087252286,0.256632782927212
2023-10-21,13a0fb8fbdafb54f,3c6fb6bf9b7afd40,0bc697c5936a2d0a,3753714927f18437,Trevor Peek,Mohammad Yahya,1,0.546082741110334,0.546051970047397,0.546973213988951,0.482520813306476,0.610457436001781,0.546569211247688
2023-10-21,13a0fb8fbdafb54f,e9256316716499b8,75353550928a7921,c96d9178c9ed9e62,Muhammad Mokaev,Tim Elliott,1,0.870976844932806,0.883144825855182,0.891725944963108,0.844488686667472,0.931625325664921,0.882700855528476
2023-10-21,13a0fb8fbdafb54f,ed3334d108b257a6,0fd5f4b838e890cc,a54660deb6a8489c,Said Nurmagomedov,Muin Gafurov,1,0.716227249571801,0.698553604834919,0.722930663046698,0.657457058427093,0.783362978591368,0.719901206396814
2023-10-21,13a0fb8fbdafb54f,7024385b5107bd4b,b07aed698fba8624,d317a5e2b3f88c5f,Ikram Aliskerov,Warlley Alves,1,0.561992480777362,0.568857382121651,0.572119283862749,0.483484848068201,0.664825056189321,0.567531347230363
2023-10-21,13a0fb8fbdafb54f,f23e9729b2b73c27,767755fd74662dbf,f1b2aa7853d1ed6e,Khamzat Chimaev,Kamaru Usman,1,0.42734736863049,0.461633276223931,0.412745997035353,0.302904333736255,0.527367012583448,0.419353772006144
2023-10-21,13a0fb8fbdafb54f,0ea435ddf02deb60,275aca31f61ba28c,e1248941344b3288,Islam Makhachev,Alexander Volkanovski,1,0.550495066015722,0.472068823187857,0.515374257983053,0.371747043980008,0.651695565865271,0.531349676682623
2023-11-04,7c4ec656d8fcb867,3c69bed42893da75,32c355b04fc57f3a,ec13c393d029297d,Marc Diakiese,Kaue Fernandes,1,0.504603895733992,0.497320354691317,0.498052940541943,0.417004062912454,0.575946715015767,0.501025397322335
2023-11-04,7c4ec656d8fcb867,9e2bb8d5961b44d4,1235b31de15d0c6e,de594b35c45c2e9a,Montserrat Conejo Ruiz,Eduarda Moura,0,0.269964067690125,0.213636943012736,0.239437638131534,0.18355902966541,0.302981125048395,0.252989424651639
2023-11-04,7c4ec656d8fcb867,7df5998eca143c04,cffb87059e645bd1,f0feeb2192937424,Denise Gomes,Angela Hill,0,0.688784326255464,0.616141743367879,0.70070955032039,0.619311336827272,0.776230890147995,0.695331040743009
2023-11-04,7c4ec656d8fcb867,6532b71560ae39e0,476fe566d2df676e,71171fc96445bf65,Modestas Bukauskas,Vitor Petrino,0,0.356752889413577,0.36884828324963,0.353690492878057,0.261355701859483,0.45010976293797,0.355078542848274
2023-11-04,7c4ec656d8fcb867,ff8f92cf8fb1b76c,48a9a128784d53d1,ca36633b80be4a78,Elves Brener,Kaynan Kruschewsky,1,0.704013396904511,0.662385752823097,0.720770149839245,0.659875981222301,0.774167291505315,0.713239230525273
2023-11-04,7c4ec656d8fcb867,7d474fbf31894108,36b8f265bcd1b7a4,4126a78111c0855a,Abus Magomedov,Caio Borralho,0,0.322313120887913,0.360569314597628,0.327099126052074,0.25085047310122,0.41160448187904,0.324923005454943
2023-11-04,7c4ec656d8fcb867,119bc264e2bb9877,1a9480fc288e55d7,d31a5546c0e9b213,Don'Tale Mayes,Rodrigo Nascimento,0,0.488577204296144,0.508179213900677,0.473501852910457,0.395924263958683,0.552308123508241,0.480337751732952
2023-11-04,7c4ec656d8fcb867,3a81276a9641c6a1,01641ba5df0c69b0,9d19d9e4aa2662e8,Gabriel Bonfim,Nicolas Dalby,0,0.695233554277574,0.742698572090346,0.725492980011761,0.646659525968416,0.797083775371791,0.711995833591374
2023-11-04,7c4ec656d8fcb867,ac37849f627a79c4,41e83a89929d1327,d3df1add9d9a7efb,Jailton Almeida,Derrick Lewis,1,0.85542180732909,0.823566147260569,0.856483820059324,0.792219904482011,0.907529808624538,0.856002753613912
2023-11-11,5a558ba1ff5e9121,1cf69de0eea46877,c4d039123e62f6a9,e00a3dee329a51f7,Dennis Buzukja,Jamall Emmers,0,0.399928437312129,0.376806143637151,0.396097179430194,0.321747439913292,0.472332689231235,0.39783400977924
2023-11-11,5a558ba1ff5e9121,8a0fc4624578a7e4,17e97649403ba428,34b96d52db1d26e6,Joshua Van,Kevin Borjas,1,0.603400144535487,0.569791469670409,0.60092131566632,0.539143019862561,0.657888327278416,0.602046698952586
2023-11-11,5a558ba1ff5e9121,57333b7bff20ece0,5fa2974cbd18e05c,a7897d200692ab64,John Castaneda,Kyung Ho Kang,1,0.451995826689783,0.465351732047369,0.471754371675366,0.37465858616924,0.570019475605101,0.462774476052931
2023-11-11,5a558ba1ff5e9121,4c025d1fff9e9fce,7026eca45f65377b,da0995f19b749cfa,Jared Gordon,Mark Madsen,1,0.632314106498052,0.659458360629498,0.647167157515869,0.56209984914643,0.726383127630212,0.640461000830346
2023-11-11,5a558ba1ff5e9121,480c4dbd2e792d86,37c5366d18ed6c05,849c5d9979df5357,Roosevelt Roberts,Mateusz Rebecki,0,0.317607134269985,0.365771409193779,0.335600093678989,0.2547878505229,0.426591854178386,0.327372822105925
2023-11-11,5a558ba1ff5e9121,a0362d60d2e1db0d,8e5d953bdb9ae5e7,d25240135aee03e5,Loopy Godinez,Tabatha Ricci,1,0.554206322917581,0.511252261553259,0.54629665603163,0.485937261247706,0.607044936082211,0.549888698545459
2023-11-11,5a558ba1ff5e9121,5704e73f91b9e7f7,32ab52e5de93092d,3fa97913cfd205d3,Steve Erceg,Alessandro Costa,1,0.508069601322328,0.498888350046044,0.492447299102529,0.418093389299519,0.564519281314775,0.499535705106454
2023-11-11,5a558ba1ff5e9121,128ab9aa4802c73f,b8bbdeff718dbb7d,f166e93d04a8c274,Pat Sabatini,Diego Lopes,0,0.610489338252848,0.505141267985649,0.574402732657695,0.475564630281128,0.669700423657805,0.590899587935963
2023-11-11,5a558ba1ff5e9121,9fe98de1eac21f2e,c2299ec916bc7c56,dccb63727f2f5f74,Benoit Saint Denis,Matt Frevola,1,0.704679771185048,0.681386354371394,0.700967731013347,0.593511793371944,0.799012331396901,0.702655333541006
2023-11-11,5a558ba1ff5e9121,6fd67582d8adb1c7,6a1901c62ab3870f,7447e9f28508106a,Jessica Andrade,Mackenzie Dern,1,0.593060704935915,0.69428212011423,0.642928771947951,0.530203664514591,0.745647047897474,0.6206125392703
2023-11-11,5a558ba1ff5e9121,db49619221b282af,399afbabc02376b5,f14cf73e51b29254,Tom Aspinall,Sergei Pavlovich,1,0.514605487127891,0.478635377562016,0.500007330652882,0.400355539583228,0.604224634567719,0.506632537366373
2023-11-11,5a558ba1ff5e9121,b1f2ec122beda7a5,009341ed974bad72,e5549c82bfb5582d,Jiri Prochazka,Alex Pereira,0,0.440068127494952,0.436620820258584,0.444209327935227,0.329112385527377,0.561909549145964,0.442329319891859
2023-11-18,3feed7d02711d8b7,9abf0b60a44a82d1,814e5233e2acf2ee,83455a9d17f57dae,Charles Johnson,Rafael Estevam,0,0.607959703416886,0.616261649551913,0.622617889098386,0.540507162805535,0.700388960721346,0.615992931294335
2023-11-18,3feed7d02711d8b7,6997693d552600dd,06e4245d16fc5315,3cf66c62d9069f43,Ailin Perez,Lucie Pudilova,1,0.670348818651271,0.679453418274176,0.689994032197494,0.600473193894982,0.770685921394654,0.681159650551705
2023-11-18,3feed7d02711d8b7,f0fe73e650b746f2,11583163f45c7b31,57186c150c645200,Lucas Alexander,Jeka Saragih,0,0.746887790088781,0.739527088716511,0.759655967933213,0.70027722490683,0.815155001831826,0.753917680330766
2023-11-18,3feed7d02711d8b7,36f10b949b935b8c,0d5cc0170c1a7e71,89839250eb25c9c1,Mick Parkin,Caio Machado,1,0.716826865472136,0.734130948340302,0.738779599396114,0.692333888427003,0.782302212421644,0.728956410220151
2023-11-18,3feed7d02711d8b7,16109688429c09de,0112352cb32f5026,a93f94c923c3a9cb,Denis Tiuliulin,Christian Leroy Duncan,0,0.259362021260214,0.267568589117011,0.237118233095193,0.184832079080826,0.293608330533146,0.247045376147667
2023-11-18,3feed7d02711d8b7,c1aef0f60a5b62e3,84f727cf0166d6f2,c7c39e2fb70248b3,Jose Johnson,Chad Anheliger,1,0.59328031014303,0.633469728458568,0.632884728837813,0.558909131685735,0.702286734301938,0.615101324027809
2023-11-18,3feed7d02711d8b7,62b64802ea49e2fd,791c8437b341fba5,87c0b1c696ddfb43,Joanderson Brito,Jonathan Pearce,1,0.328078829015372,0.309229950970621,0.329598043468247,0.25376815874531,0.404738191834609,0.328908277491287
2023-11-18,3feed7d02711d8b7,b210b99d9c1c9196,681399317dbf4701,bf2c8e01b07d3eb1,Uros Medic,Myktybek Orolbai,0,0.574397525971993,0.529816460129815,0.543058419245769,0.469421085803256,0.617308188853331,0.557335681262219
2023-11-18,3feed7d02711d8b7,bd4d2522cb0d1a23,a3a542074109b347,beecb672a279223e,Luana Pinheiro,Amanda Ribas,0,0.356284476205523,0.316130866633691,0.332574695609552,0.25795685325251,0.406965324181444,0.343236435414351
2023-11-18,3feed7d02711d8b7,2ae243f518948794,0978385b2bd9ef9b,6e743a33d56bdaa4,Nick Aguirre,Payton Talbott,0,0.443267173990884,0.467483236948034,0.45554146290489,0.387939793637726,0.521865510702684,0.449964566725727
2023-11-18,3feed7d02711d8b7,5be63144ac46f97e,971246648e162f0d,ac026518a9b4dc0f,Chase Hooper,Jordan Leavitt,1,0.348966993441284,0.323396284939008,0.327492372622329,0.24110257935367,0.423160262914819,0.337153394645322
2023-11-18,3feed7d02711d8b7,73ebbfb998edc1f1,a845f0735bc67405,c32aeb1a59e6272d,Jake Matthews,Michael Morales,0,0.391746643980543,0.444955816451263,0.382333795359642,0.290774373669596,0.481791922586595,0.3865942746915
2023-11-18,3feed7d02711d8b7,7990b6716a53b2cd,2f181c0467965b98,eabf206b162b3b83,Brendan Allen,Paul Craig,1,0.752156038881399,0.691123968057549,0.765602187171182,0.67110662038515,0.846069316422196,0.759564620095235
2023-12-02,53e4e21f4c688801,d0ac2cc5c57c4e66,4798e823ada58fe9,5c637af9472ae7cc,Veronica Hardy,Jamey-Lyn Horth,1,0.435568744867966,0.428908597845866,0.436794903726093,0.324195336483386,0.547740516443888,0.436238454570133
2023-12-02,53e4e21f4c688801,32813f5f46f045e8,4dcfb28c011c11b2,c730a0be691dc081,Wellington Turman,Jared Gooden,0,0.60263224905102,0.610093300034011,0.604438905091799,0.518476107261482,0.685809201810939,0.603619510254385
2023-12-02,53e4e21f4c688801,0dc2fc8d39e226a3,260bd4cef10b033f,69898645d600abdb,Ihor Potieria,Rodolfo Bellato,0,0.47458464224672,0.483379383903817,0.48484160691975,0.427435204362651,0.540677828144968,0.480185548994651
2023-12-02,53e4e21f4c688801,d0602cdc04d2c159,7cbf7c78d3b34218,af65aa688d13eedf,Drakkar Klose,Joe Solecki,1,0.454759144926981,0.486987302140474,0.470719727666363,0.372642119275239,0.571122538477413,0.46346843218809
2023-12-02,53e4e21f4c688801,0320a6a967069571,23dec7c47cb418f8,f14f644d41ade29f,Zachary Reese,Cody Brundage,0,0.55624040952408,0.564687014681134,0.566106308154371,0.489007133698954,0.638717420564634,0.561635802396168
2023-12-02,53e4e21f4c688801,626c82ed45fdcf59,86d9dbe1bfcbade7,b96619b3acd7d9da,Julia Avila,Miesha Tate,0,0.560290068564004,0.547541366389542,0.564192092966342,0.464032517340024,0.660436824524816,0.562422559067041
2023-12-02,53e4e21f4c688801,02713b2d25f74d43,64facb6cc564262d,71505842fb6455c3,Punahele Soriano,Dustin Stoltzfus,0,0.686667246949693,0.729432860701974,0.703083178748047,0.621552765355309,0.779579241867738,0.695696144361932
2023-12-02,53e4e21f4c688801,20bfa549cb2cabe7,ae7fe94f117f98cf,c47df9303d318c67,Joaquim Silva,Clay Guida,1,0.408405254614933,0.390509522279532,0.41424741208904,0.312231808308467,0.518861233690885,0.411593519412487
2023-12-02,53e4e21f4c688801,39c4ae4624052f9f,45f7cb591c3ab00b,8c0580d4fff106c1,Sean Brady,Kelvin Gastelum,1,0.621478664098813,0.620263973586707,0.617309031312412,0.528559355766282,0.700032422788434,0.619203125478255
2023-12-02,53e4e21f4c688801,246d06693b5ca1e8,05339613bf8e9808,aa72b0f831d0bfe5,Rob Font,Deiveson Figueiredo,0,0.48859518322867,0.467518987469847,0.464052535776976,0.349161531677502,0.583104132286749,0.475174014847212
2023-12-02,53e4e21f4c688801,03eecf1926d9c77c,4d8fa64202cee4c1,887961364be5ceb3,Jalin Turner,King Green,1,0.463455099825006,0.529578482490788,0.468134184637621,0.352438430793715,0.588362423804524,0.466010370737518
2023-12-02,53e4e21f4c688801,9feb9500b0fedfcd,08af939f41b5a57b,eae48ff31db420c2,Beneil Dariush,Arman Tsarukyan,0,0.383163991224275,0.380136412613701,0.363690590311283,0.282036308389555,0.445720789111198,0.372475402911609
2023-12-09,5ef0088c1b19beeb,acde7c89bd724af8,02bb48869eb7ac8f,d35298b6df168456,Rayanne dos Santos,Talita Alencar,0,0.592794492693378,0.59816373130218,0.614964047494644,0.592180110676165,0.636635847924621,0.604958009757432
2023-12-09,5ef0088c1b19beeb,84f6de7c99779e5f,4461d7e47375a895,798e48f9e7f6ba22,Tatsuro Taira,Carlos Hernandez,1,0.756857229607199,0.732715978440353,0.765975926185597,0.700820030880516,0.826461481468487,0.761868111393386
2023-12-09,5ef0088c1b19beeb,5a6e894e4b6cc703,5078e1dacf9d25f4,5e6294b37bbef029,Luana Santos,Stephanie Egger,1,0.722102701557506,0.709527025381413,0.747087946604076,0.681140356675432,0.809134503771153,0.735937744820736
2023-12-09,5ef0088c1b19beeb,5ac1725f775c6f00,20bccc9bb4ceb23e,97cf1a2c7c5e7889,Melquizael Costa,Steve Garcia,0,0.653317323504615,0.636736742243942,0.676656213668247,0.54247779582059,0.795698363808212,0.666166737162141
2023-12-09,5ef0088c1b19beeb,35addc4646509286,51c655162e462ceb,b671bdf981ad527d,Shannon Ross,HyunSung Park,0,0.148771960900086,0.15607145999404,0.141741793454183,0.0981436265147659,0.194965926745003,0.144896637006028
2023-12-09,5ef0088c1b19beeb,3adab28c5c6a9254,32490e80ddab1e5a,dda15dbfafb792df,Song Kenan,Kevin Jousset,0,0.342915760812724,0.325307095090428,0.325645247760696,0.252716400524578,0.408750566600764,0.333426361080938
2023-12-09,5ef0088c1b19beeb,1afc4f372a125c74,285ae0b4a68221f4,886264a0c9f4ea5e,JunYong Park,Andre Muniz,0,0.527883221520163,0.520099953121926,0.51726608499683,0.410763574175423,0.619513432066331,0.52208597270728
2023-12-09,5ef0088c1b19beeb,fbedeb4e4b019b94,3cf18e01cb6cbde3,c96d9178c9ed9e62,Sumudaerji,Tim Elliott,0,0.57946691633063,0.583055594880682,0.624015250330844,0.49465382721274,0.743247602124536,0.604012632777862
2023-12-09,5ef0088c1b19beeb,acc57a9c114b694a,af9f42e6894047fc,b7b84ccd221be298,Jamie Mullarkey,Nasrat Haqparast,0,0.51214548953988,0.5047768539654,0.519380413303705,0.443654368883572,0.595088473784568,0.516098492223222
2023-12-09,5ef0088c1b19beeb,91093a019d32af2e,749f572d1d3161fb,d4c9dcd330403612,Khalil Rountree Jr.,Anthony Smith,1,0.417424887581102,0.414751980754528,0.402303891277469,0.309477496893598,0.502031756426618,0.40914365747339
2023-12-09,5ef0088c1b19beeb,f9ec8bedc15ece93,45f0cc9d18f35137,efb96bf3e9ada36f,Chris Gutierrez,Song Yadong,0,0.405816374321426,0.394579991897439,0.381604572303065,0.304773433477926,0.458575267978044,0.392525394177093
2023-12-16,a8e8587a06e73c87,fce6522f42b48f18,6747ccd6d1acd266,8eb046f83e82bf26,Shamil Gaziev,Martin Buday,1,0.384213666009366,0.472779759335247,0.415128963432495,0.343219395558954,0.49049075694997,0.401002850336603
2023-12-16,a8e8587a06e73c87,abb6e2169ba580d2,710f0f8c5d5c9d41,8fd808923cffff82,Lucas Almeida,Andre Fili,0,0.450469694498597,0.396519458330441,0.425553808363206,0.334724494314349,0.515657621459562,0.436820038252093
2023-12-16,a8e8587a06e73c87,4ec249e549309b16,7f6ed67d3ed3c036,f00ac08ab056af5d,Cody Durden,Tagir Ulanbekov,0,0.569293538343077,0.532868860866506,0.554003784150653,0.469483322208053,0.639580604856969,0.560955755765689
2023-12-16,a8e8587a06e73c87,c442899c21d58779,04835018f90b118c,6551c64fbcd1a467,Casey O'Neill,Ariane da Silva,0,0.771064747537265,0.756858242677,0.779858473394295,0.701391306654824,0.846408920013339,0.77589877194246
2023-12-16,a8e8587a06e73c87,f8a8871d167fc929,7be14eaed4c74856,d8c7c61b176e3994,Brian Kelleher,Cody Garbrandt,0,0.327170374766586,0.344269775690443,0.30041602565653,0.219052257423869,0.393210228503483,0.312401637076669
2023-12-16,a8e8587a06e73c87,609d994bfe440ec3,351c4ec637380ad5,578ef12674df1e6a,Karol Rosa,Irene Aldana,0,0.501833031638055,0.409055406067424,0.480634958510302,0.376400261324138,0.585543911273826,0.490249234617627
2023-12-16,a8e8587a06e73c87,521a0e016878d174,a495f599e787614f,e4277e87a789d687,Alonzo Menifield,Dustin Jacoby,1,0.480878464649088,0.441509022612508,0.482162543685862,0.399404827201379,0.565610153945361,0.481579880513172
2023-12-16,a8e8587a06e73c87,3b21a9f48bac4a44,d9c6f19f958643e9,fba03cd6cc28dc41,Bryce Mitchell,Josh Emmett,0,0.692670176346564,0.631128825954621,0.693096380480282,0.599118408383517,0.777372287110447,0.692903037110135
2023-12-16,a8e8587a06e73c87,ac8628d945a78b03,22a92d7f62195791,7826923b47f8d72a,Tony Ferguson,Paddy Pimblett,0,0.232258086209019,0.170206688291505,0.210721973295857,0.140854685230952,0.291614060859457,0.22030780253073
2023-12-16,a8e8587a06e73c87,1efc813ccd7a5aba,01afe0916a40c7c5,4a28cb716c19157a,Shavkat Rakhmonov,Stephen Thompson,1,0.853049718101994,0.88383636032538,0.874041139024137,0.822350806157757,0.914911683723374,0.864853825839938
2023-12-16,a8e8587a06e73c87,4896b36f1333d25c,6e15f63b6c2e2c15,a0f0004aadf10b71,Brandon Royval,Alexandre Pantoja,0,0.399670045573696,0.463949416724982,0.393928220811595,0.308266510336037,0.484317463233319,0.39652996748378
2023-12-16,a8e8587a06e73c87,3fa8ee3fdc04fe36,dc9572dd6ec74859,f1fac969a1d70b08,Colby Covington,Leon Edwards,0,0.396231040162565,0.500398048575377,0.395518273471505,0.302991148246945,0.492893128678045,0.395841626587425
2024-01-13,010986ee359fb863,fd29123ff92789e4,17e97649403ba428,53c10176e3bc7416,Joshua Van,Felipe Bunes,1,0.774121518995173,0.729435297020881,0.764658435739916,0.710236761872534,0.814939291588133,0.76898588028782
2024-01-13,010986ee359fb863,5344e76e26503716,37f560436d745c18,6c3b2525436cf5d4,Nikolas Motta,Tom Nolan,1,0.28832300622013,0.339606573468979,0.29760844799182,0.23973676325269,0.360005102752453,0.293373954536456
2024-01-13,010986ee359fb863,0494ebcee93e717b,52ef95b5860fb28c,7b3503352cd53abb,Jean Silva,Westin Wilson,1,0.625819507998935,0.588715899716382,0.624354944201862,0.558918067072727,0.688485820391602,0.625019753324145
2024-01-13,010986ee359fb863,477c3b9de012e4b3,8b1ed83b02303075,a09ed60aa67a3f67,Taylor Lapilus,Farid Basharat,0,0.370169133190532,0.328469677972164,0.373836562326251,0.31839047548913,0.428080485673757,0.372170691644725
2024-01-13,010986ee359fb863,03de7404decde12f,96924b0019b3aff1,c0ac37a4a1133da9,Gaston Bolanos,Marcus McGhee,0,0.378403213240459,0.434505283360425,0.40355772064278,0.337898273015918,0.472746483754188,0.392072588800076
2024-01-13,010986ee359fb863,5f622d812b8f407f,4aa58269d0664b5b,9fe7af8b3fbe00a0,Matthew Semelsberger,Preston Parsons,0,0.438914669427657,0.415870944234938,0.432537966785974,0.342321451803046,0.524357324677771,0.435428667991453
2024-01-13,010986ee359fb863,6f13fe34cb3ca906,3738e68d2261e60f,fc08099550072fe4,Andrei Arlovski,Waldo Cortes-Acosta,0,0.215305755975536,0.223460809335407,0.213319956247032,0.161660674367898,0.270517340832804,0.214219326834312
2024-01-13,010986ee359fb863,d0d99889c6abd8e1,1e719d4b676dc19a,547afe1017e72dbe,Brunno Ferreira,Phil Hawes,1,0.515652407720922,0.548044249320364,0.536509169263445,0.471537315713807,0.60070916831619,0.527057126689371
2024-01-13,010986ee359fb863,a8239866e1222eae,5987b2458f4b5290,bc711b6dd95c1af6,Ricky Simon,Mario Bautista,0,0.525842611563207,0.519695752944954,0.542247941217442,0.470495073817883,0.609855215106355,0.534813447987921
2024-01-13,010986ee359fb863,640f2ae3995b3b4f,436f970c9ea9169c,d1941565abf50b16,Gabriel Benitez,Jim Miller,0,0.388720741479972,0.407519847130608,0.398094198595976,0.30061346515435,0.500054568976259,0.393831406854838
2024-01-13,010986ee359fb863,f2b407019b2a5c15,c21f26bbde777573,d802174b0c0c1f4e,Johnny Walker,Magomed Ankalaev,0,0.361222020448375,0.364845960732901,0.383767937905778,0.302236640107668,0.469480423377613,0.373469436266013
2024-01-20,bd85ca0bb4f26cfc,ab105e5a56b5ee90,09e62c450e754913,dee294e9717012c2,Jimmy Flick,Malcolm Gordon,1,0.412918672118216,0.415141389431419,0.418622827224336,0.347309827385681,0.491530349737113,0.416031852556604
2024-01-20,bd85ca0bb4f26cfc,7736eb6bd5c1ff4a,a9e260472d321361,b1e5bcaad32a3cac,Jasmine Jasudavicius,Priscila Cachoeira,1,0.743493279215675,0.713814777578475,0.736784521509536,0.663078494396356,0.80418734318269,0.739842453705984
2024-01-20,bd85ca0bb4f26cfc,a10e2d5416972b9c,8b6e5dc2ba1edbe7,f998f5c102250d6e,Sam Patterson,Yohan Lainesse,1,0.544239022463882,0.569785173984506,0.555084918892799,0.501365907618997,0.606649707016669,0.550169614261769
2024-01-20,bd85ca0bb4f26cfc,dff2685afd98ed9e,38c7f72747f4f712,9673a497a9da119a,Gillian Robertson,Polyana Viana,1,0.719762075762393,0.718166191441596,0.713475279237911,0.629120237921576,0.787000208597371,0.716338273226232
2024-01-20,bd85ca0bb4f26cfc,43d90683078fcee5,1a2bf44edb8055b6,c5ccd878231c5407,Serhiy Sidey,Ramon Taveras,0,0.549885832201867,0.542082362028418,0.549933440960465,0.535031465286635,0.565486880841146,0.549911839263517
2024-01-20,bd85ca0bb4f26cfc,331ddc1141e934d1,4682bc59d5f55145,f1d64ae34e088832,Sean Woodson,Charles Jourdain,1,0.395075238936194,0.378304415061725,0.387183808363595,0.30847085953979,0.471611402433453,0.390757370963749
2024-01-20,bd85ca0bb4f26cfc,670e4754d8d3d172,1effd880e1f1bb30,7b433309b0fd12aa,Garrett Armfield,Brad Katona,1,0.679132450540038,0.711224735195933,0.68615640453934,0.604711959161211,0.761117663240281,0.682979697713346
2024-01-20,bd85ca0bb4f26cfc,1a7cd191f0cf160c,040a74bb0a465c54,76e2870ffafbe38f,Arnold Allen,Movsar Evloev,0,0.426461832502823,0.460212215154488,0.438123235214706,0.363107117139468,0.514791433711545,0.432822759728261
2024-01-20,bd85ca0bb4f26cfc,ba5005d1116fa45f,5442f1bc4b47eaf3,8e9eb3fc86db0f7d,Chris Curtis,Marc-Andre Barriault,1,0.566247419103446,0.565049119474018,0.560774902540942,0.487004847992285,0.632014767622131,0.563259894904925
2024-01-20,bd85ca0bb4f26cfc,97817609ed46baa0,84b3e7d38f2d2ec5,dd6103dd7127db1d,Neil Magny,Mike Malott,1,0.429245338384013,0.445334735539121,0.44820195872704,0.360868648204434,0.538349693754956,0.439578586760526
2024-01-20,bd85ca0bb4f26cfc,faf15b752fb8924c,cc8c623cca88f54f,fc169c387b4b465d,Mayra Bueno Silva,Raquel Pennington,0,0.49160477525921,0.546095720616025,0.48755923134484,0.405521009802589,0.566777601261217,0.489394670340834
2024-01-20,bd85ca0bb4f26cfc,14e53999507c76a7,0d7b51c9d2649a6e,0d8011111be000b2,Dricus Du Plessis,Sean Strickland,1,0.619790235275423,0.631867539604582,0.609671106383778,0.53991891527965,0.680322680277373,0.614274801345646
2024-02-03,cce79e827569f26e,df9847839c73a678,764d39074a352e33,f41b9f5efc7162d6,Thomas Petersen,Jamal Pogues,0,0.432773851916194,0.453937166053187,0.436263836406952,0.393725658459865,0.479575544147686,0.434679500715399
2024-02-03,cce79e827569f26e,e396c509fb47b037,267f4a6568abe245,e2be0c1a9b886d92,Landon Quinones,MarQuel Mederos,0,0.556798163757871,0.55733630046297,0.556445419047464,0.495362829817435,0.614625373020571,0.556605479115375
2024-02-03,cce79e827569f26e,c28d40498150de90,528b071cf3da7c56,a78a87d8c2bbb1cb,Luana Carolina,Julija Stoliarenko,1,0.596235794331327,0.558733398445392,0.594585005969554,0.510090651135422,0.675746851401474,0.595334295618784
2024-02-03,cce79e827569f26e,e1930496b33fa636,5095b0920a3602aa,d008d785f6347dc2,Blake Bilder,JeongYeong Lee,0,0.386056020102449,0.386296987328943,0.369773743318853,0.314118249775113,0.427389019739359,0.377127404243477
2024-02-03,cce79e827569f26e,4cff9aeef3ac75c1,40f3cb27fc7305a1,776d4262c4da38bf,Themba Gorimbo,Pete Rodriguez,1,0.48855705548772,0.461619357615809,0.470663275322329,0.389463745243941,0.549807658174001,0.478775755520086
2024-02-03,cce79e827569f26e,ca7d61e167d7789c,7f1bf0c255ec8756,814e5233e2acf2ee,Azat Maksum,Charles Johnson,0,0.434274016347508,0.402517283653777,0.43689283407063,0.345074316645297,0.524343419892719,0.435704136926479
2024-02-03,cce79e827569f26e,d4ace70b3661ee6c,51018a31ddf31eb2,d7e40dca3ae125be,Molly McCann,Diana Belbita,1,0.465905927861427,0.453274098584402,0.453985244330533,0.373358861227691,0.534958705016807,0.459388382126627
2024-02-03,cce79e827569f26e,330d86bfaa4155fe,b12fb759e02378de,feedf3053472fe56,Gilbert Urbina,Charles Radtke,0,0.641167432419628,0.641961071441437,0.64426339323482,0.575392037396219,0.712465315078734,0.642860121119966
2024-02-03,cce79e827569f26e,7b1882dc76786d77,262d32ebda89efc4,36541f1e6c5d4955,Natalia Silva,Viviane Araujo,1,0.732525243854389,0.688548803425043,0.720838514671421,0.65629252360204,0.781148458198794,0.726179834885246
2024-02-03,cce79e827569f26e,af6d56860ba4d259,447f9858ae78f921,c6aee362c7a7d482,Muslim Salikhov,Randy Brown,0,0.356882037801525,0.391458271062161,0.347831523721108,0.282359024627352,0.42004908024455,0.351924921407951
2024-02-03,cce79e827569f26e,733e675fd7c0052a,519e4fe37ce9ff75,b6452706b373eea1,Drew Dober,Renato Moicano,0,0.427441090846867,0.502066202934284,0.438166319911458,0.347321800400995,0.533706394027284,0.433292109974172
2024-02-03,cce79e827569f26e,767ceb4a0cb43ade,327d5f279895110d,881bf86d4cba8578,Roman Dolidze,Nassourdine Imavov,0,0.422298285690274,0.416326164628504,0.414900881140757,0.352094402234829,0.479304080692835,0.418252807554771
2024-02-10,eaea0fc7b76525a8,478a637045ad49fb,41cc71cbf210e0fe,9e92e1ca498d7244,Hyder Amil,Fernie Garcia,1,0.544681484132877,0.576648881504124,0.547990358615499,0.471447831568078,0.624159515468728,0.546489510850558
2024-02-10,eaea0fc7b76525a8,ad26bf55ff201f4f,56f7d7ee06be4aab,ef5dcb10d2bd4b0f,Zac Pauga,Bogdan Guskov,0,0.58936783099266,0.563395233649114,0.568820425840532,0.494061910332974,0.641462435426338,0.578177367328234
2024-02-10,eaea0fc7b76525a8,08f7a60bd84a6b3c,b0d6a1d8ac3d563d,d66a46de8d705353,Max Griffin,Jeremiah Wells,1,0.468828861660785,0.577850534945856,0.500638095815191,0.413748009702677,0.581861556099164,0.48619024678356
2024-02-10,eaea0fc7b76525a8,dbfd7616dec2b6d5,6370c1c1e12723d5,cc7040fe76f0ef91,Marcin Prachnio,Devin Clark,1,0.492741282743161,0.41979852614286,0.466258273934327,0.395973642614559,0.535075183903251,0.478259997482885
2024-02-10,eaea0fc7b76525a8,c3986c1a56a6e94d,4e30e4250cb08b61,7138a15258dabf20,Loma Lookboonmee,Bruna Brasil,1,0.626771076349162,0.580615347873242,0.615469659744682,0.538086938712559,0.692444452078055,0.620613795127721
2024-02-10,eaea0fc7b76525a8,edf46d6962be7e8d,0e46690e55a8df75,4bdedbdeedff7d1d,Timmy Cuamba,Bolaji Oki,0,0.530993667713178,0.527257719836425,0.532918724002003,0.519642407014675,0.546018740945031,0.53204537456024
2024-02-10,eaea0fc7b76525a8,246fef4b19c3a7ed,7ee0fd831c0fe7c3,b27a1fcb56a3035a,Carlos Prates,Trevin Giles,1,0.46258099378826,0.477390800071623,0.464798688196744,0.403274497281673,0.526975984728209,0.463792262463873
2024-02-10,eaea0fc7b76525a8,9d8473ae274ed625,260e9e0d4954aea6,369ea36e450ae62a,Rodolfo Vieira,Armen Petrosyan,1,0.519889088706418,0.547692829209321,0.527072025284525,0.442034082350096,0.608380711293381,0.52381407745765
2024-02-10,eaea0fc7b76525a8,5304956aada097e8,511e82663651438d,65db4065e2bc107d,Michael Johnson,Darrius Flowers,1,0.418979623544809,0.440440819264927,0.415679360048514,0.341773210787455,0.492994007634149,0.417175890231408
2024-02-10,eaea0fc7b76525a8,e7938bac3ec8b442,0c6d9ea8306c029e,d1c65d2cf2925ddd,Brad Tavares,Gregory Rodrigues,0,0.394019570394601,0.433444058931306,0.418486330152941,0.345619010228066,0.493214329235282,0.407327391673787
2024-02-10,eaea0fc7b76525a8,17050a7b673dc49d,260bd4cef10b033f,f96856f9d69fd7e4,Ihor Potieria,Robert Bryczek,1,0.540977326297862,0.518587859631193,0.544200032110125,0.464196196147868,0.619485769814629,0.542738216543006
2024-02-10,eaea0fc7b76525a8,25259e230be9cdc9,82a5152216251682,8fd808923cffff82,Dan Ige,Andre Fili,1,0.667428484722243,0.654310443185137,0.669065306038005,0.598805291098,0.735469387042615,0.668323125220648
2024-02-10,eaea0fc7b76525a8,406f2aacd1d1faf9,0a1942069c9ad6b6,c1085e1701b13eca,Jack Hermansson,Joe Pyfer,1,0.383260646173877,0.424622813995339,0.400210382147924,0.329911552218993,0.47352282361262,0.392487381775146
2024-02-17,dab0e6cb8c932162,b7d238437d6644ce,05fa626cb33d15b8,f29a6350c69f4a33,Andrea Lee,Miranda Maverick,0,0.317566587234335,0.353350954152572,0.326139368801482,0.269601463292408,0.384535230078613,0.322234727330601
2024-02-17,dab0e6cb8c932162,9ddaa62cc806958d,6b56e94a59b7b134,7a47e068f8017019,Oban Elliott,Val Woodburn,1,0.584568156387938,0.525477221354326,0.559964614144521,0.494617881982817,0.626226395296355,0.57117222955187
2024-02-17,dab0e6cb8c932162,ef13ed466e0b42d8,876f478f796495f7,b7c5eb7cdbac6a63,Josh Quinlan,Danny Barlow,0,0.478542679012684,0.478044529989313,0.468788577581918,0.410186417399003,0.529253648353416,0.473211859705796
2024-02-17,dab0e6cb8c932162,aeb3e4d9710207a4,49edd0d90f60fb7d,8a65fd9ba31fd3f7,Brendson Ribeiro,Zhang Mingyang,0,0.513153353772405,0.51532041154097,0.518330191235991,0.491835797402101,0.545907527772705,0.515981694243439
2024-02-17,dab0e6cb8c932162,e92fb5c609e20b49,07f959e6596307bb,d8c811df0386d5e8,Carlos Vera,Rinya Nakamura,0,0.22489958753955,0.267024025952542,0.238630424845763,0.191786445851637,0.288962862869014,0.232329833342979
2024-02-17,dab0e6cb8c932162,1456a3f96ac7e35b,ab943cd2c3c17825,c15fa95b9a12fde4,Marcos Rogerio de Lima,Junior Tafa,1,0.368875207003148,0.360391345224306,0.351241480685168,0.272369913153206,0.431731296871075,0.359195636684021
2024-02-17,dab0e6cb8c932162,2aeb3ec2d8c05dc8,3df5493bb279226f,7447e9f28508106a,Amanda Lemos,Mackenzie Dern,1,0.497969957890504,0.557213167699494,0.505731671253041,0.424894175773552,0.58686671511031,0.50221001976788
2024-02-17,dab0e6cb8c932162,f87a3fa07f0009c9,093e1f5bb73850be,9d83f6da776ff7d6,Anthony Hernandez,Roman Kopylov,1,0.618928725845482,0.602153355790131,0.615852555700949,0.532323896287482,0.69787837032004,0.617249490184354
2024-02-17,dab0e6cb8c932162,9785420602b452f7,056c493bbd76a918,c03520b5c88ed6b4,Henry Cejudo,Merab Dvalishvili,0,0.379395133439056,0.437795147591104,0.403891526848221,0.304125492594148,0.50942070960915,0.392709156085666
2024-02-17,dab0e6cb8c932162,8fb0092430448368,442c9011034ae1fd,b997be68943010fc,Ian Machado Garry,Geoff Neal,1,0.661508092721042,0.644488399317687,0.640034148787043,0.573354493853532,0.705089712012002,0.649853384682135
2024-02-17,dab0e6cb8c932162,01432891260084a4,2e5c2aa8e4ab9d82,e1147d3d2dabe1ce,Paulo Costa,Robert Whittaker,0,0.319414952519402,0.308677141973458,0.310548256952565,0.252057110819894,0.377601750307821,0.314554676971768
2024-02-17,dab0e6cb8c932162,bec3154a11df3299,54f64b5e283b0ce7,e1248941344b3288,Ilia Topuria,Alexander Volkanovski,1,0.473630766449578,0.510172218294843,0.479263390483614,0.393715635800061,0.565878938335794,0.476706926085922
2024-02-24,902ab9197b83d0db,50dae6b76c9c6490,21b813b919776d90,8d11d9c13e2ccdf7,Erik Silva,Muhammad Naimov,0,0.199968589063701,0.215169117553247,0.2058301812741,0.157418955495413,0.260559734204738,0.203154919880006
2024-02-24,902ab9197b83d0db,93ddc6b233d1956a,5cdf5339728f580d,dc7927cd622676a7,Felipe dos Santos,Victor Altamirano,1,0.462546286902821,0.475141240229985,0.487915717783675,0.417363534337812,0.55838241749217,0.476389087338212
2024-02-24,902ab9197b83d0db,5e8c710f9f27aff8,2526be54e6a0e62a,f2900678e98f6d6a,Denys Bondar,Ronaldo Rodriguez,0,0.470030186699687,0.505335898954371,0.47994374765354,0.422104343122522,0.53944520962662,0.475443178933796
2024-02-24,902ab9197b83d0db,a376f6d5806d0c90,1e4f273069fb9e85,d747eb273a40a920,Fares Ziam,Claudio Puelles,1,0.587917371778419,0.562744716553771,0.591450868295694,0.518803344582537,0.662522771733915,0.589848741274999
2024-02-24,902ab9197b83d0db,1c03c1bb62f3aed6,31bb0772f21cabd8,5ef94841c4bc3f86,Daniel Lacerda,Edgar Chairez,0,0.223373074808857,0.211416814349475,0.229819180639922,0.169521628605537,0.28869131780043,0.226878282089429
2024-02-24,902ab9197b83d0db,d1d3b6ab8a56e973,48812daf291a4e23,c051c2e12d692b8a,Mateus Mendonca,Jesus Aguilar,0,0.414749011815069,0.450599687578491,0.437207460585183,0.357086235520258,0.516038436703875,0.426979556960918
2024-02-24,902ab9197b83d0db,063e7ce759c52f81,7debc13b36343605,b9f28e7045fdfce7,Cristian Quinonez,Raoni Barcelos,0,0.530210200661658,0.520470159770283,0.555937015035042,0.480145530632481,0.629057762570532,0.544292585655296
2024-02-24,902ab9197b83d0db,673a156925dfb31d,2e7878927067fdca,fd406a32a6fb3a29,Manuel Torres,Chris Duncan,1,0.520085632069853,0.512105718618577,0.521049916096409,0.466436000351272,0.578902019809219,0.520612404674741
2024-02-24,902ab9197b83d0db,6e4acb2aaa2cee56,40cb680ae1cd331f,e94085e821bd81de,Yazmin Jauregui,Sam Hughes,1,0.537818310380052,0.518301850090094,0.541051154481059,0.469225462187391,0.608642309112509,0.539584708247567
2024-02-24,902ab9197b83d0db,ecbece0cbd60029e,3920d0cc288f9b0d,4148802ae4a50768,Francisco Prado,Daniel Zellhuber,0,0.437216775197227,0.441925657181584,0.443877576617245,0.38187450316775,0.509685129702316,0.440852682577357
2024-02-24,902ab9197b83d0db,3b05a4ced6dd74f5,cbf5e6f231b55443,def8166ff24bd237,Yair Rodriguez,Brian Ortega,0,0.665892327823392,0.66424153414599,0.659608338999529,0.578892624104335,0.734290560764643,0.662466735241316
2024-02-24,902ab9197b83d0db,74f5cbecac011abb,6e15f63b6c2e2c15,792be9a24df82ed6,Brandon Royval,Brandon Moreno,1,0.244985153536956,0.200398289332711,0.230840541205554,0.174943099851514,0.291684240774923,0.237186737996306
2024-03-02,e4a9dbade7c7e1a7,ba8f219260e212f8,597499ac7a5aac62,8c169fbe1ac33637,Abdul-Kareem Al-Selwady,Loik Radzhabov,0,0.574690038645857,0.562857464372682,0.580924900025144,0.509940170330917,0.647499596837714,0.578098995536378
2024-03-02,e4a9dbade7c7e1a7,4e566db7d26df001,5b86d491d63890c5,d1053e55f00e53fe,Ludovit Klein,AJ Cunningham,1,0.662516629217494,0.6966556348105,0.66365664585362,0.606842564071579,0.720280846077421,0.663139614381088
2024-03-02,e4a9dbade7c7e1a7,3ea7d69a1238f26a,972c456ff38b2015,a93f94c923c3a9cb,Claudio Ribeiro,Christian Leroy Duncan,0,0.228222656093441,0.265542389675054,0.240528297593732,0.197112261801615,0.287925233276016,0.234889217556478
2024-03-02,e4a9dbade7c7e1a7,a7d397cd0f2ac93a,24656ef4d605c96f,bbab3baf66128ae2,Aiemann Zahabi,Javid Basharat,1,0.307842268999113,0.281078258918781,0.302818081818832,0.245139789227327,0.368840311769917,0.305091992685338
2024-03-02,e4a9dbade7c7e1a7,cde2f88251b73305,18d01f7f8338ae72,b6c37948cb226e8c,Vinicius Oliveira,Benardo Sopaj,1,0.462076511783239,0.465805490199083,0.458236744665841,0.434508268433716,0.482509858523274,0.45997839843931
2024-03-02,e4a9dbade7c7e1a7,32bd7ed48f5aea7e,830f60497fab345a,cad24459b28592ca,Jamie Pickett,Eryk Anders,0,0.280568101871449,0.28344684832508,0.294711160247093,0.236854575685526,0.35432705943674,0.288242576284712
2024-03-02,e4a9dbade7c7e1a7,024beecfd3f0ed7a,32ab52e5de93092d,67c1d46f4ed16f9e,Steve Erceg,Matt Schnell,1,0.737675196081392,0.701792505389021,0.719933071873387,0.653621747998578,0.784255078582925,0.728073628512869
2024-03-02,e4a9dbade7c7e1a7,dcf5014e56649c2f,2b6fc1c02736833d,a4dc0f2b95df4cc1,Umar Nurmagomedov,Bekzat Almakhan,1,0.863606180568858,0.870416602796869,0.854269162626888,0.814795756115064,0.889169133373881,0.858569770065166
2024-03-02,e4a9dbade7c7e1a7,5a82757b553c40fc,75353550928a7921,ab2b4ff41d6ebe0f,Muhammad Mokaev,Alex Perez,1,0.800816652593961,0.74653726927867,0.776772477541256,0.703634873248431,0.844912709836243,0.787930907291089
2024-03-02,e4a9dbade7c7e1a7,df3cc5ec78d05a71,49e96ff8ab781589,71171fc96445bf65,Tyson Pedro,Vitor Petrino,0,0.355867483123395,0.323233558521346,0.357646070577052,0.274781427644471,0.449525879846351,0.356838571978938
2024-03-02,e4a9dbade7c7e1a7,838fd9d2b14e0790,2cd428e9606856fd,6747ccd6d1acd266,Jairzinho Rozenstruik,Shamil Gaziev,1,0.40717958367782,0.435157100267665,0.423951704459356,0.348998877657529,0.503667630917551,0.416317411676203
2024-03-09,a9df5ae20a97b090,3677ce6c1ee06a83,12f91bfa8f1f723b,b4192a975027aab6,Joanne Wood,Maryna Moroz,1,0.417905738682263,0.452348069386897,0.416283791577711,0.338751803085474,0.497569469231537,0.41701950504633
2024-03-09,a9df5ae20a97b090,3d3dde60e3d59c1c,077e3ace32b72be9,8d3273573b85be09,CJ Vergara,Asu Almabayev,0,0.309006838183255,0.294349253378322,0.306805697271234,0.257821883812295,0.358937647877453,0.307803351621074
2024-03-09,a9df5ae20a97b090,cbdf29f36b343f6f,140567899d98978a,b5da8f7d05e85a55,Robelis Despaigne,Josh Parisian,1,0.670760894743636,0.651053824944239,0.66195872253402,0.601566063065575,0.720805333218552,0.665966947679669
2024-03-09,a9df5ae20a97b090,f0a9dfbb6f6ac852,0d65c432720accb9,595db60957de51d3,Michal Oleksiejczuk,Michel Pereira,0,0.433400770959464,0.407044088264958,0.429804192303605,0.349123790606898,0.509813860612741,0.431435195099052
2024-03-09,a9df5ae20a97b090,7bc7af11050e861b,53c943c873cffe90,cd13728ae1151f46,Philipe Lins,Ion Cutelaba,1,0.41394587626749,0.40163421024354,0.388113960175135,0.298676442922455,0.481903940245956,0.399766384685996
2024-03-09,a9df5ae20a97b090,ebb758b49e82d0ed,60425d07ef4b91a7,6bd02119599741a4,Kyler Phillips,Pedro Munhoz,1,0.742843437498784,0.733632887011196,0.740977182699602,0.681671929342891,0.795344096335292,0.741825060379353
2024-03-09,a9df5ae20a97b090,8baff440b82afd2b,6a2f7c151031653d,72db2a14ffa73ece,Rafael Dos Anjos,Mateusz Gamrot,0,0.277213986905006,0.303342013489791,0.283274834353207,0.215917477498937,0.357590719799703,0.28051489147736
2024-03-09,a9df5ae20a97b090,33658a3ca932d15d,6a740daf1b279661,e872e9a9a902c045,Maycee Barber,Katlyn Cerminara,1,0.652497670225496,0.604693123696577,0.653316268966154,0.575803556583427,0.722565473949716,0.652944953278743
2024-03-09,a9df5ae20a97b090,0133019a4f1055ee,41e83a89929d1327,fa6796c55d6c5440,Jailton Almeida,Curtis Blaydes,0,0.561017930281508,0.486612417125408,0.520242771137477,0.414776849436878,0.620664962337536,0.538810432952238
2024-03-09,a9df5ae20a97b090,9861b6d04e6ed43c,d661ce4da776fc20,efb96bf3e9ada36f,Petr Yan,Song Yadong,1,0.431207296891442,0.547215511330728,0.450910057437463,0.37951756205513,0.524516812953198,0.441947306024739
2024-03-09,a9df5ae20a97b090,68f7f992603192c6,23024fdfc966410a,6b453bc35a823c3f,Gilbert Burns,Jack Della Maddalena,0,0.291621056708288,0.356370722548749,0.303703371386171,0.237285281672483,0.373553494411852,0.298186182167161
2024-03-09,a9df5ae20a97b090,270edfb687c0d20c,3a46b268013afede,a67d071163962af8,Kevin Holland,Michael Page,0,0.827589163679712,0.826438238857265,0.830631185078439,0.785685788507506,0.868693130363559,0.829256237788357
2024-03-09,a9df5ae20a97b090,6e73ebbd089aff5e,029eaff01e6bb8f0,c2299ec916bc7c56,Dustin Poirier,Benoit Saint Denis,1,0.330746602691602,0.343737045959586,0.352036539622206,0.275828877096643,0.430993126835656,0.34229736051737
2024-03-09,a9df5ae20a97b090,894c44c3d04aaf6f,7c7332319c14094c,b50a426a33da0012,Marlon Vera,Sean O'Malley,0,0.317959180255029,0.356084869874004,0.327052031912365,0.259618932170389,0.399283486799912,0.322909637402787
2024-03-16,c398235fcaf8d71d,f1cbd73e7be64d28,68b8ebdfce9dbb61,c7c39e2fb70248b3,Charalampos Grigoriou,Chad Anheliger,0,0.638445161171621,0.655311428415396,0.652801031616077,0.604173533512326,0.698879595383048,0.646319816370859
2024-03-16,c398235fcaf8d71d,537b3cef39d2d573,d945aae53e3e54e6,e99eb0ef25885de5,Thiago Moises,Mitch Ramirez,1,0.595772098364965,0.603740809499852,0.607154860183886,0.538328606897244,0.676120281756396,0.602003707732552
2024-03-16,c398235fcaf8d71d,66873dde4077bd5d,3351aa64aa83c4d9,bc7d1ad49fcb2d08,Cory McKenna,Jaqueline Amorim,0,0.419535566198108,0.435781972487672,0.408758947663493,0.310743979951537,0.507708981516672,0.413638482771453
2024-03-16,c398235fcaf8d71d,c26f27667c230391,6751eacd16bd59bc,d964a59c48381cb6,Josh Culibao,Danny Silva,0,0.633593514834804,0.639431228809749,0.635076387797825,0.577830985955717,0.691253906371726,0.634403870564291
2024-03-16,c398235fcaf8d71d,451df53c13185584,65adf3856c4d9256,6d68c1afe954f121,Jafel Filho,Ode Osbourne,1,0.633504751691707,0.631707534146985,0.629734517766239,0.564726706884561,0.689355329887328,0.631447201128315
2024-03-16,c398235fcaf8d71d,711ec0545552455b,68d35296f566792b,af9efbfd63d39734,Josiane Nunes,Chelsea Chandler,0,0.592919244012128,0.551430681306087,0.593575174148384,0.516778037680631,0.671298687236397,0.593277596210063
2024-03-16,c398235fcaf8d71d,4f20f3ada1489823,a29db9cd4f9ccea5,fb3e61720be4690c,Natan Levy,Mike Davis,0,0.49680544544819,0.515516143519088,0.504339825959102,0.426808472067711,0.583617919782001,0.500921244650882
2024-03-16,c398235fcaf8d71d,569e0ba18701c305,6ac9bc2953c47345,a331233f597090a5,Gerald Meerschaert,Bryan Barberena,1,0.570993887221829,0.577554297743858,0.571073529664571,0.469516821409356,0.667795471258847,0.571037393472828
2024-03-16,c398235fcaf8d71d,2f414494f2b6f426,91dac5e69e28d5b5,9cdd2da1a9104a0b,Pannie Kianzad,Macy Chiasson,0,0.466673595855341,0.516897363161048,0.472514618942901,0.3963156646862,0.546213265767255,0.469863306868695
2024-03-16,c398235fcaf8d71d,acc7392d48cc09a0,5ec591b78349ba7e,a57cb948c4c70a47,Christian Rodriguez,Isaac Dulgarian,1,0.594852862791243,0.613621598092373,0.601233529758432,0.521071162522956,0.679606321372036,0.59834251078918
2024-03-16,c398235fcaf8d71d,35f9beb94b4ef9e2,50db8711c70196cd,8667caa0451d245b,Ovince Saint Preux,Kennedy Nzechukwu,1,0.18417387327615,0.195467176272072,0.191832851180168,0.140869491713437,0.251949264199417,0.188327973884689
2024-03-16,c398235fcaf8d71d,8bc0c220f7dcefa7,c62fbc117d57b943,c9cf753cfdf77fc2,Tai Tuivasa,Marcin Tybura,0,0.402666828699911,0.407385909258674,0.422874153987262,0.346509196761592,0.499490347497576,0.413669045639196
2024-03-23,79ff6545b0abc685,3223b7e196a07224,0d5cc0170c1a7e71,da7f113b5ea39c43,Mick Parkin,Mohammed Usman,1,0.648815999471678,0.672789871313047,0.666121151564215,0.619541286010494,0.711676801447022,0.658321168741773
2024-03-23,79ff6545b0abc685,f4ea27d942a390a5,6ad8e4296f7522d9,b1f21ce050035d58,Igor Severino,Andre Lima,0,0.567065595574929,0.558940979864883,0.572340175138911,0.553027226388134,0.590892046609388,0.56994887119724
2024-03-23,79ff6545b0abc685,f1c3abce15ef053e,07047eb7d17fb0a2,60193e707634e560,Daria Zhelezniakova,Montserrat Rendon,1,0.550059356978639,0.566982382032974,0.567484995166971,0.517086901225978,0.618853700667281,0.559596381629467
2024-03-23,79ff6545b0abc685,0e6782b758451063,082eba4cd80f736f,69037fc7730e4225,Jarno Errens,Steven Nguyen,1,0.48171452213574,0.506177969283777,0.492231118210745,0.437229761791013,0.545949970184363,0.487457947601683
2024-03-23,79ff6545b0abc685,48ff3f1bcefbf965,46e0d677f91bacc0,700a674c042b7a96,Miles Johns,Cody Gibson,1,0.76487613083963,0.750973028732294,0.768650986039482,0.707447867795268,0.825535075490104,0.766943466875015
2024-03-23,79ff6545b0abc685,8c8337ce8437fe2e,1ae8f3c723aacff4,902ec2cc48c8ae8a,Ricardo Ramos,Julian Erosa,0,0.677566022330562,0.606265280292619,0.673661430847375,0.604405653459976,0.738107770394743,0.675436112081803
2024-03-23,79ff6545b0abc685,de7cb625bdec0f91,a7151778b3381036,cfc3e7bb44685289,Kurt Holobaugh,Trey Ogden,0,0.323393880252861,0.304797345521091,0.318813165620599,0.239089713692561,0.404569734831382,0.320887331681646
2024-03-23,79ff6545b0abc685,a1294453a28beda3,d2f43cfaf8ca3560,e530df53922f413e,Fernando Padilla,Luis Pajuelo,1,0.662075741567167,0.6373241132739,0.66320895757422,0.616933741465657,0.708296685179744,0.662695008211702
2024-03-23,79ff6545b0abc685,72f123ddb4cc9d1c,52c2ae6d2f2d2613,aa171d55d4b5208f,Youssef Zalal,Billy Quarantillo,1,0.5150042629168,0.5189958521041,0.542307807653014,0.450521102489914,0.629954353223983,0.529940780701251
2024-03-23,79ff6545b0abc685,127be512f86618b2,3c8a5200436e19f3,6e743a33d56bdaa4,Cameron Saaiman,Payton Talbott,0,0.566247243167981,0.521447547416702,0.55761116706219,0.469663592847253,0.644567590388463,0.561534307410511
2024-03-23,79ff6545b0abc685,d564e3a6c77d0c85,009c4420727149ea,4144798612ef96e5,AJ Dobson,Edmen Shahbazyan,0,0.350982248616017,0.345303272517462,0.342494014894116,0.282529141404933,0.407562195405704,0.346333340024643
2024-03-23,79ff6545b0abc685,cd6452a463ec8a28,d35f734c56a89103,e13abac8089a801a,Karl Williams,Justin Tafa,1,0.52734693870116,0.498372803083086,0.509014450455508,0.435693361464708,0.584977877145848,0.517338535139172
2024-03-23,79ff6545b0abc685,faf19712bd7ea41e,47b63240018d5d86,beecb672a279223e,Rose Namajunas,Amanda Ribas,1,0.570761024182273,0.612646224566682,0.581217537874649,0.509287368612956,0.647768396483302,0.576481490825639
2024-03-30,dba230fe33011201,17e8ab0065e9085f,07797f10b9569cfc,42ac4020cba261ad,Angel Pacheco,Caolan Loughran,0,0.390547646823962,0.381551175199701,0.382869602590857,0.336767028132315,0.427976607594544,0.386346421154758
2024-03-30,dba230fe33011201,ce33085fc5205bab,5f61780fe5e9b6d0,d4270315cbcf2569,Andre Petroski,Jacob Malkoun,0,0.520872977354312,0.481704472333873,0.502332477913379,0.421019834217435,0.58507939004139,0.51074883132468
2024-03-30,dba230fe33011201,697e38075fd41819,6e8f1bcdda94ff45,82529ce93cd9a2cf,Ibo Aslan,Anton Turkalj,1,0.514063364608004,0.493120095644499,0.494711397694628,0.4263967459881,0.56401715740244,0.503493601699458
2024-03-30,dba230fe33011201,f59cefe16905d62c,36e78278a77006d4,c4d039123e62f6a9,Connor Matthews,Dennis Buzukja,0,0.535044983392256,0.500690279658905,0.513837016548455,0.456248453230413,0.571970639856515,0.523470620116119
2024-03-30,dba230fe33011201,976abc27a4e5e26a,1291edf2d566a71a,4f140403000158b5,Julio Arce,Herbert Burns,1,0.724137349651363,0.667756876681271,0.710849329501994,0.626020987472047,0.789932005608056,0.716925532049816
2024-03-30,dba230fe33011201,99dc6d45cbdfa322,7dda2cf308f24a02,8e5d953bdb9ae5e7,Virna Jandiroba,Loopy Godinez,1,0.316030232785626,0.321307641561732,0.32573993131825,0.268793112944324,0.388451414483006,0.321315093126276
2024-03-30,dba230fe33011201,636b01ee49925e49,583ee11abddfc581,e00a3dee329a51f7,Nate Landwehr,Jamall Emmers,1,0.427124117994003,0.40091855929591,0.419516083860236,0.356760377370532,0.484069582492883,0.422963610019405
2024-03-30,dba230fe33011201,eb9f9f61507497a5,c68c68efaa5ca6ef,f748267c4ab6c127,Chidi Njokuani,Rhys McKee,1,0.50029837759285,0.446790774473665,0.472487547203421,0.380989016086995,0.569050996019637,0.485095544908487
2024-03-30,dba230fe33011201,91aa08e910fb4412,31f8081c7600da93,9abc648e76c4493a,Kyle Nelson,Bill Algeo,1,0.373907435932418,0.41238007783541,0.387759472749484,0.314557072974716,0.466516885678118,0.381450301931132
2024-03-30,dba230fe33011201,e30250daa73005a8,49d2a08964c5eb11,4e6738062d469256,Nursulton Ruziboev,Sedriques Dumas,1,0.563001899430915,0.588211560513879,0.562267022143954,0.48261360237836,0.645541210681858,0.562600496528397
2024-03-30,dba230fe33011201,77992b8727382373,12ebd7d157e91701,3a8176e15b9887c1,Bruno Silva,Chris Weidman,0,0.440245843743128,0.428511361177295,0.430114868297772,0.34185626675832,0.522781456369105,0.434704932125375
2024-03-30,dba230fe33011201,de12349f334c964e,6d4b63c767106d3a,b9437600497350f3,Vicente Luque,Joaquin Buckley,0,0.554591563550704,0.536757018533308,0.550950915975745,0.465191616043382,0.636706007156338,0.552603509588456
2024-03-30,dba230fe33011201,e6d4fdad2b3422d1,34ff304266360297,669970f7feba8ecd,Manon Fiorot,Erin Blanchfield,1,0.26391658944799,0.295579725595056,0.260881928729343,0.211412505361016,0.316544978906452,0.262256061293658
2024-04-06,899eaba48fa864a6,1685eecc7ef37fb5,bd532e9a2b93870c,f2b3f4ef3f780168,Melissa Mullins,Nora Cornolle,0,0.545235206272025,0.523840650503749,0.543167053289087,0.471660581930474,0.613372689657955,0.544105637645438
2024-04-06,899eaba48fa864a6,3cf5e0ebb5f8322c,64d47ef881a437a4,a817e238b2747404,Cesar Almeida,Dylan Budka,1,0.328361198951325,0.33747632444184,0.312794510225464,0.283123529712876,0.345748480382846,0.319808139029172
2024-04-06,899eaba48fa864a6,1f7566c90343a680,e4ba58725825412d,ffd3224638c01b57,Dan Argueta,Jean Matsumoto,0,0.546628411564754,0.567260930867845,0.531563489128753,0.460038580734194,0.602007028326304,0.538407788697189
2024-04-06,899eaba48fa864a6,5c3b8819dbe98114,f264ba50b007f39e,f7be1db194e03d7e,Victor Hugo,Pedro Falcao,1,0.537879718893986,0.536536491879068,0.543739442633662,0.522856166072803,0.565045676466304,0.541082076386349
2024-04-06,899eaba48fa864a6,188e6416157e5a1f,1d239d571e342453,d3f5d33d61cd00c9,Germaine de Randamie,Norma Dumont,0,0.416766169210342,0.446753258405906,0.434629170324511,0.328174560170884,0.545425953517432,0.426500123099568
2024-04-06,899eaba48fa864a6,ff5a8078ea85bbc7,0c25d0a5e8cdbf19,f5779a2303ed76ec,Lukasz Brzeski,Valter Walker,1,0.407423370471227,0.45198156659201,0.42334504504552,0.364039113337687,0.485432554739753,0.416098967749149
2024-04-06,899eaba48fa864a6,0b9cd718d7e329e8,523fa774700d7d3f,cdb96af67d096b1e,Court McGee,Alex Morono,0,0.258717804145767,0.320190043219984,0.276264946997539,0.202741145515731,0.357801726436883,0.268212617866724
2024-04-06,899eaba48fa864a6,47f8812a335b6ce9,0bc697c5936a2d0a,b39f7a6c2be17ee8,Trevor Peek,Charlie Campbell,0,0.454578772180633,0.462574417381893,0.455784578862961,0.405723467628553,0.507605342361927,0.455237395794329
2024-04-06,899eaba48fa864a6,6ff21ea2c75c48ed,de45aaae23dfa392,e4a47b07044ddd72,Christos Giagos,Ignacio Bahamondes,0,0.210214457081032,0.255056242281522,0.22615180427952,0.178050192508624,0.280752863874675,0.218816393955117
2024-04-06,899eaba48fa864a6,32375b4435fea5e6,5b03b61f9d90125e,e0c6edcb5b5d0b90,Morgan Charriere,Chepe Mariscal,0,0.504763189652834,0.515733193312269,0.515696761973638,0.462381100177071,0.569173618457536,0.51073703909977
2024-04-06,899eaba48fa864a6,9c22ddb8d8fc1838,262a7d06203657e6,29af297d9f1de0f8,Alexander Hernandez,Damon Jackson,0,0.587662399729929,0.569433947384637,0.610934649557346,0.535872125384647,0.680495248458451,0.600430916109904
2024-04-06,899eaba48fa864a6,3ce96bb0c69b39be,2f181c0467965b98,5442f1bc4b47eaf3,Brendan Allen,Chris Curtis,1,0.766082843482581,0.74836847530662,0.758422527290215,0.691315857481654,0.81823634037197,0.761919336683526
2024-04-13,6750e338922a099d,3ab0d8b344d2ebea,aa72b0f831d0bfe5,d8c7c61b176e3994,Deiveson Figueiredo,Cody Garbrandt,1,0.640412085327489,0.697142798340674,0.657092099622086,0.560095118105155,0.749092793733209,0.649568869742653
2024-04-13,6750e338922a099d,efdad54c8550e6e0,887961364be5ceb3,d1941565abf50b16,King Green,Jim Miller,1,0.638298068907372,0.696295212375712,0.650937671113305,0.570066469577691,0.729485165618621,0.645227657671998
2024-04-13,6750e338922a099d,603afedc31d95999,6a1901c62ab3870f,cd2c4d30c6e13b47,Jessica Andrade,Marina Rodriguez,1,0.642642072853204,0.700307142593769,0.666237693630972,0.58472270300005,0.746776156687027,0.655625988739607
2024-04-13,6750e338922a099d,18824fa5c15c212f,4d8fa64202cee4c1,b6452706b373eea1,Jalin Turner,Renato Moicano,0,0.551073369026449,0.603293824830799,0.565025440261581,0.479699058767128,0.645411975450643,0.558706281968349
2024-04-13,6750e338922a099d,538ca98010ed00ec,94426bb170c88115,f166e93d04a8c274,Sodiq Yusuff,Diego Lopes,0,0.534694354998837,0.481187337572734,0.520776797243706,0.429507798508098,0.610966762761222,0.527096997697023
2024-04-13,6750e338922a099d,b1ac165326d8f29e,1af1170ed937cba7,634e2fb70bde3fd5,Kayla Harrison,Holly Holm,1,0.411494355253272,0.376399606312699,0.418330370227781,0.34291563963975,0.495805514837704,0.41522456853595
2024-04-13,6750e338922a099d,d95f21817a56eb05,751de04455cfaac0,cb696ebfb6598724,Calvin Kattar,Aljamain Sterling,0,0.261825677667397,0.268958316366407,0.265413921321164,0.165918360049348,0.375320518660935,0.263781920129542
2024-04-13,6750e338922a099d,eda1e8c285a0a788,009341ed974bad72,333b9e5c723ac873,Jiri Prochazka,Aleksandar Rakic,1,0.513905986992596,0.520002610553371,0.51433858627757,0.416590004263865,0.609177541211517,0.514142303008869
2024-04-13,6750e338922a099d,0c2e3988793b418c,35673bf5204524ee,f14f644d41ade29f,Bo Nickal,Cody Brundage,1,0.685583013993717,0.666115263024833,0.681888748148743,0.617325113435405,0.745920292924555,0.683567843398187
2024-04-13,6750e338922a099d,01f7c28804746979,07225ba28ae309b6,eae48ff31db420c2,Charles Oliveira,Arman Tsarukyan,0,0.429169727160145,0.476524328746754,0.438462108701173,0.341452186592118,0.544720977503879,0.434240064697905
2024-04-13,6750e338922a099d,cf5e8f98159c3971,150ff4cc642270b9,9e8f6c728eb01124,Max Holloway,Justin Gaethje,1,0.583913199345148,0.551770742223981,0.576361001859924,0.462355114023095,0.687146500923322,0.579792351033949
2024-04-13,6750e338922a099d,66eddbe35056c06d,1ebe20ebbfa15e29,c41d426cc7326d1b,Zhang Weili,Yan Xiaonan,1,0.701226016468067,0.653830906226663,0.691583796050334,0.617143005740959,0.757847531380376,0.695980218561904
2024-04-13,6750e338922a099d,e4931f3ab3bf4141,5444c5a201d3ee5a,e5549c82bfb5582d,Jamahal Hill,Alex Pereira,0,0.48484280110133,0.468566751528144,0.480292571262941,0.398027294477111,0.568931150084303,0.482356814871542
2024-04-27,a16ce18149021139,0976778a6e6cf8a8,436f970c9ea9169c,8c1ca54b5089d199,Gabriel Benitez,Maheshate,0,0.449736336641383,0.42851280003376,0.433760688614236,0.343073754964376,0.524758343195645,0.440994408181774
2024-04-27,a16ce18149021139,1631f70535ae5dcc,38c5817ade8a8014,ec0dcceace7d25a3,Ivana Petrovic,Liang Na,1,0.744915116147395,0.75158017056584,0.73326659760852,0.656882259438485,0.800246039486214,0.738593645917709
2024-04-27,a16ce18149021139,0a85b3ad328205ff,06626b6287e1ae1e,93b2b7caa457cbea,Chris Padilla,James Llontop,1,0.451720630905267,0.462730755611696,0.455289145368778,0.431332509966869,0.478933479111788,0.453669390246791
2024-04-27,a16ce18149021139,4915c8a588513c22,8bd4200561c77a62,b6203e0492a9336c,Ketlen Souza,Marnic Mann,1,0.66586281550938,0.675761198547099,0.669033537503177,0.608469461151793,0.725959702652077,0.667596746914137
2024-04-27,a16ce18149021139,417049c7a3d65ccc,1a9480fc288e55d7,89839250eb25c9c1,Don'Tale Mayes,Caio Machado,1,0.332201358013618,0.299925978717738,0.318521603279407,0.258214650787109,0.384269899229538,0.324691656793558
2024-04-27,a16ce18149021139,681cd3cc6299d652,b4c57a8c2b773e82,d2cd7a69cc55e7ed,Michal Figlak,Austin Hubbard,0,0.50245061999939,0.493530022003787,0.499935494656834,0.431332948845399,0.57091352926784,0.50107670494296
2024-04-27,a16ce18149021139,55231cc4112334b4,94527830000ab715,eb8d8c2a95cfccb8,Rani Yahya,Victor Henry,0,0.373385848962442,0.360608730337536,0.372154857485957,0.273046914899878,0.475402550638031,0.372713198294659
2024-04-27,a16ce18149021139,6ea77cb62aa2f276,4b47e71384a9522f,681399317dbf4701,Tim Means,Uros Medic,0,0.418941157763165,0.447921691791834,0.411871903362042,0.346508124878642,0.476661562844374,0.415075158675116
2024-04-27,a16ce18149021139,7ca5604d99220e88,87c0b1c696ddfb43,ffe9703408fb5964,Jonathan Pearce,David Onama,0,0.653559673451139,0.639846835789856,0.637365906437922,0.568485847281478,0.699797610849751,0.644754873635366
2024-04-27,a16ce18149021139,dae70ccdf9e7475e,25f9a5f3e8a52618,be9bdec19b7e9ffe,Jhonata Diniz,Austen Lane,1,0.571337266194166,0.501512052198596,0.55556591707411,0.49339200794434,0.618160408441306,0.56273779553077
2024-04-27,a16ce18149021139,45de6d0b9cf5451c,6551c64fbcd1a467,9d62c2d8ee151f08,Ariane da Silva,Karine Silva,0,0.376940747350412,0.391039860090766,0.392903156579442,0.325772833463452,0.459949768994273,0.38562978891643
2024-04-27,a16ce18149021139,f41e83de703acf85,a67f5afa8d6a1b80,ef5dcb10d2bd4b0f,Ryan Spann,Bogdan Guskov,0,0.662538266506809,0.681673627797415,0.663867051457022,0.599410704684138,0.724890066402781,0.663264453611652
2024-04-27,a16ce18149021139,a0cae57eae875820,1a31ef98efce7a79,ab2b4ff41d6ebe0f,Matheus Nicolau,Alex Perez,0,0.496516243993349,0.433323391161479,0.481484572001931,0.398463801429797,0.562105208189764,0.488302465777016
2024-05-04,981ab7a0576f76a0,fe0f1b418e6d3ecb,34b96d52db1d26e6,3fa97913cfd205d3,Kevin Borjas,Alessandro Costa,0,0.478561038794397,0.493792728964303,0.48229138623064,0.414415478559794,0.552228903267972,0.480598523434283
2024-05-04,981ab7a0576f76a0,89db7aca37b87711,c77a953488e5607d,eb393afdbe3293d5,Vinc Pichel,Ismael Bonfim,0,0.323738008345209,0.333567970055289,0.303998386845349,0.233632028877255,0.387609574413768,0.312871354946071
2024-05-04,981ab7a0576f76a0,4661e9ca9354021e,27b388f0aab49780,e4faa79383c9f214,Dione Barbosa,Ernesta Kareckaite,1,0.37987271985481,0.391096453757929,0.37180285324639,0.34752240851203,0.395749005743713,0.375455891219694
2024-05-04,981ab7a0576f76a0,b9de363e6b406853,9c393e836a852f30,af9f42e6894047fc,Mauricio Ruffy,Jamie Mullarkey,1,0.437398210420097,0.444609851599571,0.438530287857312,0.381117957010422,0.495228661277295,0.438016543473826
2024-05-04,981ab7a0576f76a0,2faf5b8d708f8e94,7cbf7c78d3b34218,ae7fe94f117f98cf,Drakkar Klose,Joaquim Silva,1,0.758149888180821,0.753722404396514,0.74953278565526,0.686223152976601,0.809404024549665,0.753467851619358
2024-05-04,981ab7a0576f76a0,8a121f9c48f3773c,48a9a128784d53d1,bf2c8e01b07d3eb1,Elves Brener,Myktybek Orolbai,0,0.446247489328652,0.391341039547997,0.434269017687333,0.361313490986013,0.506626124210378,0.439695433312053
2024-05-04,981ab7a0576f76a0,c84a29f426f1aab7,abcf2cc6efc42031,d7c3816669784109,Iasmin Lucindo,Karolina Kowalkiewicz,1,0.702544185080431,0.720734755816565,0.717000250001908,0.647411636236774,0.779397527847348,0.710493807215522
2024-05-04,981ab7a0576f76a0,c456b1950208e0b2,791c8437b341fba5,b8a85389d115e35a,Joanderson Brito,Jack Shore,1,0.421346272033824,0.42592613443217,0.414839325525551,0.338184288512436,0.493149728210804,0.417788224406824
2024-05-04,981ab7a0576f76a0,2db0998b24c11ea0,4126a78111c0855a,eabf206b162b3b83,Caio Borralho,Paul Craig,1,0.715974274113668,0.652404021335286,0.70468493649015,0.619792610748024,0.783473072415834,0.709839597631248
2024-05-04,981ab7a0576f76a0,3e74caa9fff4a5eb,260bd4cef10b033f,595db60957de51d3,Ihor Potieria,Michel Pereira,0,0.247988007161797,0.2836392805743,0.261432026565994,0.182156048689931,0.349225869090575,0.255274104199267
2024-05-04,981ab7a0576f76a0,a8718a3419a11e15,71171fc96445bf65,d4c9dcd330403612,Vitor Petrino,Anthony Smith,0,0.676994161956715,0.631452169557094,0.655551402089195,0.560745795763469,0.739492691963793,0.665365897926449
2024-05-04,981ab7a0576f76a0,b3d88eaea611a4a8,d0f3959b4a9747e6,f2477cf43c4975cc,Jose Aldo,Jonathan Martinez,1,0.360209973254018,0.38281778625382,0.378856583745259,0.306730401162169,0.45708839843339,0.370347755638505
2024-05-04,981ab7a0576f76a0,3f419fce8ba8aa0e,32ab52e5de93092d,a0f0004aadf10b71,Steve Erceg,Alexandre Pantoja,0,0.459642474650625,0.503037106290408,0.459296588112596,0.383156271469542,0.531911786813467,0.459453524465417
2024-05-11,5dfe71ade71f3a4b,ccf3b6eda4c2a564,4798e823ada58fe9,6fd953151d981979,Veronica Hardy,JJ Aldrich,1,0.390403313421345,0.412487362238113,0.399311252189449,0.318769648334926,0.480184808106223,0.395260754231781
2024-05-11,5dfe71ade71f3a4b,4b45f190122a1ce1,60a42bf82447c919,814e5233e2acf2ee,Jake Hadley,Charles Johnson,0,0.492534644680997,0.474744564148926,0.495728554680752,0.428447114264817,0.561394547335989,0.494279303700379
2024-05-11,5dfe71ade71f3a4b,ec5d705232983b87,31dbfbe4e7a6727c,fa07345cc9db5cc9,Trey Waters,Billy Ray Goff,1,0.516576202250792,0.538076216250038,0.516029573946346,0.457114595840485,0.573798345263568,0.51627760374818
2024-05-11,5dfe71ade71f3a4b,13d8d5cd83e5b57e,31ef8b67e13495b3,d25240135aee03e5,Tecia Pennington,Tabatha Ricci,0,0.37777904695641,0.382050245405832,0.39253431994311,0.322502620601556,0.463687801463367,0.385813190347472
2024-05-11,5dfe71ade71f3a4b,8d9bcbb48888a5a3,323d4ca260dfa0ba,809bd1a871491508,Esteban Ribovics,Terrance McKinney,1,0.48531104473565,0.538392467142416,0.500279863820257,0.421735160340207,0.582837675570122,0.493486421041713
2024-05-11,5dfe71ade71f3a4b,420a5e3b4010ebef,19c591115a58982c,971246648e162f0d,Viacheslav Borshchev,Chase Hooper,0,0.44811234722437,0.479125372417986,0.456031561889815,0.34628777360955,0.566924416963225,0.452435328352537
2024-05-11,5dfe71ade71f3a4b,e98eb6de29c62c9c,140567899d98978a,fc08099550072fe4,Robelis Despaigne,Waldo Cortes-Acosta,0,0.468180838170232,0.476247383345338,0.472436422834525,0.4121984116929,0.531796972981541,0.470504976814654
2024-05-11,5dfe71ade71f3a4b,8aa07b6cc40f0cb2,4682bc59d5f55145,7aa3d6964eff4877,Sean Woodson,Alex Caceres,1,0.515905485231694,0.424890736859351,0.493078005805563,0.415754887755123,0.566320493166131,0.503437796290467
2024-05-11,5dfe71ade71f3a4b,6c67aa7063717a0c,849c5d9979df5357,f53d4f21d1b5f2dc,Mateusz Rebecki,Diego Ferreira,0,0.666039092769526,0.613461917607021,0.633733574043159,0.55537034752893,0.708331519303571,0.648561913940095
2024-05-11,5dfe71ade71f3a4b,a049c12f43914449,9014c02eff8b3d62,a495f599e787614f,Carlos Ulberg,Alonzo Menifield,1,0.549790855904839,0.562347011321759,0.547941033216392,0.48257144417844,0.609842500219813,0.548780531746129
2024-05-11,5dfe71ade71f3a4b,b78a222fb448aed4,49d2a08964c5eb11,b9437600497350f3,Nursulton Ruziboev,Joaquin Buckley,0,0.437483545689825,0.429867975783325,0.431094690266015,0.345378116962656,0.520083421888778,0.433990834358474
2024-05-11,5dfe71ade71f3a4b,6f0f84075fa1a4b0,d31a5546c0e9b213,d3df1add9d9a7efb,Rodrigo Nascimento,Derrick Lewis,0,0.603505091200657,0.526164106453348,0.588489593985084,0.496915535427602,0.679142760738222,0.595324902223007
2024-05-18,46baf0f57edfa4df,069df63733dcf697,02f8fedc18cbd26c,2c483cf443f38ece,Emily Ducote,Vanessa Demopoulos,0,0.652100724330808,0.663411210671122,0.669295633943695,0.610586558194409,0.720345004266652,0.661546301867943
2024-05-18,46baf0f57edfa4df,63605e9f3e71d738,102a8fdf8cbf7467,1897b7b913736a7c,Kleydson Rodrigues,Alatengheili,0,0.476476807663241,0.525681714606079,0.489658563715035,0.41198980152839,0.569916950834805,0.4836746399267
2024-05-18,46baf0f57edfa4df,28c6de749d0d0e9d,c0d5c0c95c59050b,e375cb5caf4717b6,Ariane Carnelossi,Piera Rodriguez,1,0.362022762888396,0.39298758535593,0.367670197792479,0.299318447964664,0.437398408181596,0.365103144812622
2024-05-18,46baf0f57edfa4df,fc2bdd67c1a056a4,36b8f265bcd1b7a4,d317a5e2b3f88c5f,Abus Magomedov,Warlley Alves,1,0.583680682735392,0.596742349127729,0.585148947331662,0.500942843385364,0.667101759179329,0.584482928512776
2024-05-18,46baf0f57edfa4df,3aea9c60d25fc93b,4f3064faf17aa711,a4a80dd7336ffd59,Tamires Vidal,Melissa Gatto,0,0.498589344023668,0.539942326489961,0.510550282147277,0.445807765493115,0.57406301668337,0.505123847775658
2024-05-18,46baf0f57edfa4df,68ee31dd0853cdc9,3e8118c1ab52f211,46e2011d92463b7e,Tuco Tokkos,Oumar Sy,0,0.376337559164297,0.380289678326247,0.360171617344104,0.326083232992632,0.395514131140465,0.367469935900502
2024-05-18,46baf0f57edfa4df,b5df5a0a0bda9256,3e708ce33b6b18e6,6c3b2525436cf5d4,Victor Martinez,Tom Nolan,0,0.348651524621863,0.369286675191642,0.348639362486204,0.2978829816034,0.40348567559961,0.348644880861204
2024-05-18,46baf0f57edfa4df,2a43df4cc047a28b,a3a542074109b347,f0feeb2192937424,Luana Pinheiro,Angela Hill,0,0.514333310153591,0.423532510205328,0.505911572186426,0.428831576754455,0.580632010679712,0.509733521341878
2024-05-18,46baf0f57edfa4df,5dcade01fc840da6,0232cabbc30a2372,65cdf4ec31143d86,Adrian Yanez,Vinicius Salvador,1,0.549772691640618,0.493459480125471,0.53286470453171,0.445751134508003,0.620855352191766,0.54054818945837
2024-05-18,46baf0f57edfa4df,20220ace492af368,3d074044a33825e7,40f3cb27fc7305a1,Ramiz Brahimaj,Themba Gorimbo,0,0.41777898359232,0.459619629395356,0.43703893305788,0.343830042916624,0.536161568680481,0.42827282427472
2024-05-18,46baf0f57edfa4df,85ddb65429a9d517,2558ae2e5671e318,a53d30163304aa6e,Khaos Williams,Carlston Harris,1,0.523645648083992,0.504582749803822,0.534912606249187,0.462950819712687,0.607416073330169,0.529804101059037
2024-05-18,46baf0f57edfa4df,17aa636aa98678d3,396fe87b84ac2e1c,64a50dad704d1d49,Lerone Murphy,Edson Barboza,1,0.67434129658099,0.64311441829922,0.654251853238992,0.576754023323793,0.727192207825488,0.663440787300336
2024-06-01,6e4acc2c115215b5,f1d3eec12662d8d7,0be6776db31d98ec,b1f21ce050035d58,Mitch Raposo,Andre Lima,0,0.346137343167378,0.344166054991736,0.346964739140556,0.289059958944995,0.405912871686739,0.346589204785763
2024-06-01,6e4acc2c115215b5,2554b31a07f34e1a,06e4245d16fc5315,f9ab66e67240db7b,Ailin Perez,Joselyne Edwards,1,0.53969564108499,0.540060381040558,0.524707796085988,0.45518964298965,0.593806374204609,0.531515473670545
2024-06-01,6e4acc2c115215b5,7d9bb6fda0ea1ee0,9e50097a89442158,f4d92416da98804b,Mickey Gall,Bassil Hafez,0,0.402005062501334,0.333531296663251,0.395430425017336,0.305708640928407,0.487308335481168,0.398409044473586
2024-06-01,6e4acc2c115215b5,b7575b0ec9f81741,8e382b585a92affe,a845f0735bc67405,Phil Rowe,Jake Matthews,0,0.408067942027105,0.353295327785805,0.394717352134804,0.306210827186607,0.487142308912371,0.400756827546598
2024-06-01,6e4acc2c115215b5,cf306c4714530f31,99bd51917728c25d,af65aa688d13eedf,Grant Dawson,Joe Solecki,1,0.67151504209969,0.637278831081459,0.6650198047555,0.60373629053886,0.724288179971197,0.667974862040784
2024-06-01,6e4acc2c115215b5,c0af8cf5befb2dcf,41e83a89929d1327,c0badf3243907e59,Jailton Almeida,Alexandr Romanov,1,0.732608156138774,0.688682073560456,0.720634926039206,0.657455520435515,0.777977966321276,0.726108142950481
2024-06-01,6e4acc2c115215b5,ee24be90a01f552e,64d47ef881a437a4,9d83f6da776ff7d6,Cesar Almeida,Roman Kopylov,0,0.425795192615895,0.426708199355535,0.416657938950451,0.35249224116152,0.48147909879478,0.420797142027501
2024-06-01,6e4acc2c115215b5,fd2d814a8a23798f,8adcbd525fab8d9b,c6aee362c7a7d482,Elizeu Zaleski dos Santos,Randy Brown,0,0.407998874981968,0.421324138365996,0.403562719576948,0.337283532463176,0.473055690548482,0.405573655910824
2024-06-01,6e4acc2c115215b5,b5d5b8e06ccb70a3,cdb96af67d096b1e,d8da10db80131bec,Alex Morono,Niko Price,0,0.708471341888411,0.650109854690009,0.689607147619067,0.61093890804268,0.766372896126095,0.698249925225332
2024-06-01,6e4acc2c115215b5,605c16fa5a803b15,0d65c432720accb9,3a46b268013afede,Michal Oleksiejczuk,Kevin Holland,0,0.406966518976178,0.382246251130731,0.401799884869489,0.328447538857875,0.475851539762517,0.40414154433204
2024-06-01,6e4acc2c115215b5,9e7538a788e6d789,0d8011111be000b2,2e5c2aa8e4ab9d82,Sean Strickland,Paulo Costa,1,0.702978357873563,0.678500089288531,0.704111047911632,0.631525052590115,0.769249911127866,0.703597415960002
2024-06-01,6e4acc2c115215b5,1a0031e2072f21b6,029eaff01e6bb8f0,275aca31f61ba28c,Dustin Poirier,Islam Makhachev,0,0.212622865836819,0.215151994268796,0.224495931283355,0.163037957141428,0.293264402703144,0.219051101272176
2024-06-08,cba3a2dfbc06ce79,b20640f9b2634de1,02bb48869eb7ac8f,19f8a2f6eecd92ac,Rayanne dos Santos,Puja Tomar,0,0.716530654853892,0.744928979340359,0.726641016671872,0.677161573891002,0.772808111893282,0.722081540315552
2024-06-08,cba3a2dfbc06ce79,753735b48b1c20b9,8b1ed83b02303075,bf7ad5628363eec9,Taylor Lapilus,Cody Stamann,1,0.572673012564706,0.551895448851642,0.579481070688582,0.49350140723629,0.665859757138773,0.576395592950167
2024-06-08,cba3a2dfbc06ce79,790a8cd528233e50,cffb87059e645bd1,de594b35c45c2e9a,Denise Gomes,Eduarda Moura,1,0.404702569126055,0.419868730169281,0.422737685066992,0.352629529553286,0.497010170136021,0.414525902143079
2024-06-08,cba3a2dfbc06ce79,e976815e397c40e1,5fa2974cbd18e05c,850266b3dc4e506e,John Castaneda,Daniel Marcos,0,0.485601647440641,0.528736329940146,0.498581573932104,0.444065895684678,0.553417750530696,0.492690825203937
2024-06-08,cba3a2dfbc06ce79,a91fdb21a7ff52e5,05fa626cb33d15b8,80d8aed0ca9b00f3,Andrea Lee,Montana De La Rosa,0,0.531126407366336,0.552814895714768,0.526077114952436,0.452853348307827,0.597710837238987,0.528368884364079
2024-06-08,cba3a2dfbc06ce79,4c0adccb34c1d995,7b433309b0fd12aa,a75a48bfe776b2c2,Brad Katona,Jesse Butler,1,0.464680921440437,0.400429184212858,0.439953472328562,0.342914746264103,0.542643129352497,0.451143789155812
2024-06-08,cba3a2dfbc06ce79,8afe89f5c451b372,7ee0fd831c0fe7c3,feedf3053472fe56,Carlos Prates,Charles Radtke,1,0.449771031623128,0.476366747328295,0.469783242978511,0.418638028758354,0.520796720824276,0.460687021535331
2024-06-08,cba3a2dfbc06ce79,251983e1bdae20fe,5b86d491d63890c5,d945aae53e3e54e6,Ludovit Klein,Thiago Moises,1,0.577921069363955,0.584046588024308,0.571523820295053,0.500417797678362,0.642463998677499,0.574429580143879
2024-06-08,cba3a2dfbc06ce79,393f9bc7b51791a6,64facb6cc564262d,82d4c957649faf9b,Punahele Soriano,Miguel Baeza,1,0.43510873865826,0.375140703009476,0.41297630860766,0.305906602993281,0.518048178348343,0.422980648848998
2024-06-08,cba3a2dfbc06ce79,3b12094dd48c2dc5,23dec7c47cb418f8,d0e1b42d41dab603,Zachary Reese,Julian Marquez,1,0.67626028977063,0.676474087952486,0.677305292077376,0.575130365943588,0.77179058110403,0.676831355613638
2024-06-08,cba3a2dfbc06ce79,dcc0c53100fa1dd2,1e719d4b676dc19a,71505842fb6455c3,Brunno Ferreira,Dustin Stoltzfus,1,0.65843456785857,0.648263274148066,0.653860909099779,0.591842099772919,0.714301433312551,0.655939730151875
2024-06-08,cba3a2dfbc06ce79,b34abcfe4c2e8a57,cd3d7e37ff2d679c,fe2babf95de24fb1,Ricky Turcios,Raul Rosas Jr.,0,0.305226598975669,0.30950226521614,0.305483551218195,0.232820445581398,0.380184278128272,0.30536694770486
2024-06-08,cba3a2dfbc06ce79,2d12ae4683bbf433,2e19380f34871c6a,e4277e87a789d687,Dominick Reyes,Dustin Jacoby,1,0.383673352909359,0.416724600312883,0.425406009405354,0.337719237427211,0.516385685478048,0.406300078504811
2024-06-08,cba3a2dfbc06ce79,052f53e006b28132,13a0275fa13c4d26,881bf86d4cba8578,Jared Cannonier,Nassourdine Imavov,0,0.409123997641694,0.459803917691333,0.423067033637457,0.345196754055696,0.501021694591088,0.416723971610505
2024-06-15,9c5828c6fd9dc948,06713afc60301c0c,971dba22c622af12,abb68e3c7ca128f2,Josefine Knutsson,Julia Polastri,1,0.651099283357208,0.632617913512224,0.630269354848323,0.580651666143362,0.677867828716837,0.639786275007412
2024-06-15,9c5828c6fd9dc948,94f5b35b2b6c72b1,0a73acff6325c1e2,20bccc9bb4ceb23e,Shayilan Nuerdanbieke,Melquizael Costa,0,0.358141946878509,0.305859814509166,0.340834970506213,0.265707042964333,0.42427489714786,0.348638531393448
2024-06-15,9c5828c6fd9dc948,e47523ac32bfa24c,57186c150c645200,7b3503352cd53abb,Jeka Saragih,Westin Wilson,0,0.632609010811759,0.595588966934599,0.622320890369334,0.541430227317961,0.700747156277401,0.627003273725208
2024-06-15,9c5828c6fd9dc948,19ef5890b20f903a,a6eb54ae17a551be,f1ab6f37492c630a,Gabriella Fernandes,Carli Judice,1,0.345989055955462,0.399305840175691,0.354683988636725,0.291333621217852,0.417183001581554,0.350726469972816
2024-06-15,9c5828c6fd9dc948,6f31285305881fe3,09e62c450e754913,6e9f40c706f91f32,Jimmy Flick,Nate Maness,0,0.367193141339992,0.417947789927326,0.385375988149144,0.302105251902174,0.468946680771048,0.377082647317476
2024-06-15,9c5828c6fd9dc948,ab7bc93bdf4132c4,876f478f796495f7,a01a62132460a98d,Josh Quinlan,Adam Fugitt,0,0.463510623314951,0.418006187815381,0.453654654314112,0.386140344837606,0.520914879433245,0.458122631459923
2024-06-15,9c5828c6fd9dc948,3b1438e9ec64990e,84f727cf0166d6f2,8d3273573b85be09,Jose Johnson,Asu Almabayev,0,0.429507242640409,0.436174137325994,0.4398197539325,0.363730042444379,0.514726784024728,0.435133602872622
2024-06-15,9c5828c6fd9dc948,fea3a0643218e16b,1effd880e1f1bb30,7af33fc4435017f1,Garrett Armfield,Brady Hiestand,0,0.528560824361018,0.524462943671671,0.52905097682359,0.450512169560115,0.604640971739262,0.528828583865644
2024-06-15,9c5828c6fd9dc948,78a7bf038e56881d,0e46690e55a8df75,710f0f8c5d5c9d41,Timmy Cuamba,Lucas Almeida,0,0.770745931482191,0.770133069194514,0.772072084971249,0.719995730962564,0.819719462903476,0.77147103225638
2024-06-15,9c5828c6fd9dc948,6bdb93f9b4581bf6,3a314d9fa7c6825d,46e0d677f91bacc0,Douglas Silva de Andrade,Miles Johns,0,0.285090076324428,0.361673105529388,0.295679669674624,0.234016807490241,0.362661615037086,0.290846523175559
2024-06-15,9c5828c6fd9dc948,7f14be4e45bca6bd,4461d7e47375a895,ab2b4ff41d6ebe0f,Tatsuro Taira,Alex Perez,1,0.681349665871676,0.629548553689819,0.667074156160739,0.584467721992644,0.745326843135628,0.673591505738684
2024-06-22,b12a1d19ee383b7c,c0d6feef69ccb330,117a06469813e4ef,86bace9e4ad85542,ChangHo Lee,Xiao Long,1,0.438099548587842,0.443342036596722,0.432517310850737,0.42000791136251,0.445197539708545,0.435048138046683
2024-06-22,b12a1d19ee383b7c,0ac2da3dbaf2fce2,49edd0d90f60fb7d,6e344b71421103da,Brendson Ribeiro,Magomed Gadzhiyasulov,0,0.51880695487314,0.551179419454406,0.545441842714972,0.485944431306448,0.603881601531122,0.533379625924444
2024-06-22,b12a1d19ee383b7c,8db5cf5df713a7e9,a54660deb6a8489c,a7897d200692ab64,Muin Gafurov,Kyung Ho Kang,1,0.449244275755486,0.513966482126741,0.491394555468777,0.396846487035078,0.586762664553531,0.472218037159219
2024-06-22,b12a1d19ee383b7c,de1acb6803ab3f14,8f765fd5775a8873,9d19d9e4aa2662e8,Rinat Fakhretdinov,Nicolas Dalby,1,0.699694374253719,0.726947397686787,0.697197072082553,0.627061471733569,0.760987467438741,0.69833164438637
2024-06-22,b12a1d19ee383b7c,8bd5f20f49434c65,8d11d9c13e2ccdf7,9256f591b30c073e,Muhammad Naimov,Felipe Lima,0,0.65602521070389,0.642617822318394,0.637393619978609,0.57669678794384,0.693414761076498,0.64590262820559
2024-06-22,b12a1d19ee383b7c,774fb0c0c1c2bc6a,7026eca45f65377b,b7b84ccd221be298,Jared Gordon,Nasrat Haqparast,0,0.417026148020658,0.415687348383566,0.409841576745938,0.33550797067152,0.48984073100694,0.41309690301211
2024-06-22,b12a1d19ee383b7c,9d5f562e0572058c,0845c81e37d3bcb3,c21f26bbde777573,Volkan Oezdemir,Johnny Walker,1,0.463396601195362,0.475687786361703,0.457070845622825,0.366755611294304,0.551292095175673,0.459939477407805
2024-06-22,b12a1d19ee383b7c,fbbf5391ea25521b,06734ca9d88dec3a,6d48a2df51749d91,Shara Magomedov,Antonio Trocoli,1,0.567341879964826,0.582717250792612,0.565598577133461,0.489722899804241,0.64185212676238,0.566389780285001
2024-06-22,b12a1d19ee383b7c,8ddd53a7ed3754d5,8a1f3b5c526cd6e6,8c0580d4fff106c1,Daniel Rodriguez,Kelvin Gastelum,0,0.445556397904546,0.410047599702698,0.412983377145996,0.322574528524775,0.507449836414174,0.427686408512507
2024-06-22,b12a1d19ee383b7c,cd3bb8a2824fbf22,279566840aa55bf2,f14cf73e51b29254,Alexander Volkov,Sergei Pavlovich,1,0.511449081661351,0.497708334230469,0.497665638278894,0.378837826597353,0.616078499552036,0.503920502086962
2024-06-22,b12a1d19ee383b7c,eba46dbf9cdd83c0,b07aed698fba8624,e1147d3d2dabe1ce,Ikram Aliskerov,Robert Whittaker,0,0.323138276401015,0.354604297034297,0.324332007531739,0.251422976407403,0.401218673707367,0.323790084334203
2024-06-29,f3743d8ef5dde970,bbe3d8a37a276511,18d01f7f8338ae72,5987b2458f4b5290,Vinicius Oliveira,Ricky Simon,1,0.324655401919924,0.311685595265018,0.316152706135511,0.254132962276035,0.382603905950138,0.319995897026143
2024-06-29,f3743d8ef5dde970,7856621db043423d,2f43a3e82661fa99,798e48f9e7f6ba22,Rei Tsuruya,Carlos Hernandez,1,0.614218115269645,0.58908007810032,0.616810831254998,0.562460075643032,0.666428894629591,0.615635236060295
2024-06-29,f3743d8ef5dde970,3bbc222130d9dac7,3738e68d2261e60f,8eb046f83e82bf26,Andrei Arlovski,Martin Buday,0,0.255489081570958,0.336555809746929,0.264236121908967,0.196415840633861,0.343317590782614,0.260243599343596
2024-06-29,f3743d8ef5dde970,2517029ff9c1a1a2,38c7f72747f4f712,eb04b9d31e938edb,Gillian Robertson,Michelle Waterson-Gomez,1,0.841382896514595,0.80769237620357,0.825177328016203,0.766372981938758,0.874658648588704,0.832686740263811
2024-06-29,f3743d8ef5dde970,5f8a92f10e5451ce,6e743a33d56bdaa4,eb70e786bbdf1d16,Payton Talbott,Yanis Ghemmouri,1,0.775456783134208,0.708779790218896,0.751875705408971,0.70124673026074,0.798795511320046,0.762776794619315
2024-06-29,f3743d8ef5dde970,2b7883b304b3df1c,52ef95b5860fb28c,f1d64ae34e088832,Jean Silva,Charles Jourdain,1,0.47987420381877,0.4804198084114,0.490947267300927,0.418274356489257,0.558526576364765,0.485921264676518
2024-06-29,f3743d8ef5dde970,08489fdfb56ee19c,8fd808923cffff82,d247691a6c0e9034,Andre Fili,Cub Swanson,1,0.504136898542808,0.579754940119802,0.526195422254275,0.445496755227801,0.602374138797307,0.516194165396883
2024-06-29,f3743d8ef5dde970,daa6b47be304ec86,8e9eb3fc86db0f7d,c1085e1701b13eca,Marc-Andre Barriault,Joe Pyfer,0,0.335335075069884,0.398474131279157,0.344457609958795,0.287764800772715,0.404485508514785,0.340303676404796
2024-06-29,f3743d8ef5dde970,fbf77262d8da342b,442c9011034ae1fd,a67d071163962af8,Ian Machado Garry,Michael Page,1,0.769028253406276,0.70632889893049,0.749714826058615,0.686845633492983,0.805945534659032,0.758609309884782
2024-06-29,f3743d8ef5dde970,a571c622ab89b3d9,9cdd2da1a9104a0b,cc8c623cca88f54f,Macy Chiasson,Mayra Bueno Silva,1,0.465018832365316,0.412800268440246,0.456883293953052,0.362439227522043,0.548552565375312,0.460572094562098
2024-06-29,f3743d8ef5dde970,bf878c083a6b30ad,327d5f279895110d,d4c9dcd330403612,Roman Dolidze,Anthony Smith,1,0.43994861592316,0.474850048629163,0.429653137766871,0.330264794672906,0.532655761482786,0.434317579989698
2024-06-29,f3743d8ef5dde970,fc8ad0c7fc70dde7,82a5152216251682,f166e93d04a8c274,Dan Ige,Diego Lopes,0,0.524181872014678,0.501604660061115,0.529622412789192,0.437825718271247,0.624505062374912,0.527154637532355
2024-06-29,f3743d8ef5dde970,bca5d01f8775f852,009341ed974bad72,e5549c82bfb5582d,Jiri Prochazka,Alex Pereira,0,0.393811230320371,0.406273209154899,0.407394406103235,0.327664539321022,0.490350027696182,0.401212332237343
2024-07-13,66e0a70352fef46a,25747d81ae5c6564,65db4065e2bc107d,d9a56ecb6e94f02e,Darrius Flowers,Evan Elder,0,0.465690116469908,0.495692781751007,0.474245060113547,0.406681580113927,0.542219266763344,0.470361196068864
2024-07-13,66e0a70352fef46a,d8e8d41282fc90dc,5f61780fe5e9b6d0,ca43de99b07b6b40,Andre Petroski,Josh Fremd,1,0.641202545039081,0.577133593420049,0.61556760868889,0.553492971943887,0.676819507333648,0.627288483870845
2024-07-13,66e0a70352fef46a,e06bfd0100eccbad,5078e1dacf9d25f4,a08ddd04eaffd81d,Luana Santos,Mariya Agapova,1,0.723721962538239,0.711148591725739,0.712795211588019,0.640097084212998,0.779670229610192,0.717784982613453
2024-07-13,66e0a70352fef46a,5eebde8fb4d67259,cc1a8b4b38b92c6d,da22387a0407a2dc,Montel Jackson,Da'Mon Blackshear,1,0.686519043106232,0.670174699695033,0.684445870672195,0.594809262880403,0.768479261601621,0.685387460160501
2024-07-13,66e0a70352fef46a,582afc25875911d1,745fa7b605f8e2da,a9e260472d321361,Fatima Kline,Jasmine Jasudavicius,0,0.434222143630164,0.458589531181801,0.470548711956139,0.401882729530997,0.539303604636383,0.454003815457337
2024-07-13,66e0a70352fef46a,80108a70c4afa6c2,17e97649403ba428,814e5233e2acf2ee,Joshua Van,Charles Johnson,0,0.583705779206268,0.532107752533528,0.572793580425202,0.49341346747035,0.653449228789359,0.577754290097332
2024-07-13,66e0a70352fef46a,a63bb85cc39389c7,5ec591b78349ba7e,902ec2cc48c8ae8a,Christian Rodriguez,Julian Erosa,0,0.801958244780268,0.816540852582281,0.809626678170886,0.742956521013235,0.868677175302439,0.806175716671603
2024-07-13,66e0a70352fef46a,dad759ec50508147,01641ba5df0c69b0,1497e735d9f2560a,Gabriel Bonfim,Ange Loosa,1,0.60904246311943,0.615437200586428,0.617769403190636,0.549091716887123,0.6841840130643,0.61381871355047
2024-07-13,66e0a70352fef46a,54de03e04f571735,519e4fe37ce9ff75,52ef95b5860fb28c,Drew Dober,Jean Silva,0,0.320427667336059,0.39200543889114,0.332664501455895,0.252621056734642,0.419212561903173,0.327082952558173
2024-07-13,66e0a70352fef46a,dff8e4ef87d69516,447f9858ae78f921,6d1bffff14897645,Muslim Salikhov,Santiago Ponzinibbio,1,0.437016996158071,0.44040777772606,0.434407771084975,0.380789718867945,0.487381173066088,0.435591229081538
2024-07-13,66e0a70352fef46a,1394ce1832ddefe0,47b63240018d5d86,68d4a891e5cf2029,Rose Namajunas,Tracy Cortez,1,0.620128021279381,0.680212924793493,0.634724269908678,0.561342062761519,0.704130414308161,0.628130261803723
2024-07-20,c11036da9162cb5f,836e9bc5c1f6acd3,764d39074a352e33,da7f113b5ea39c43,Thomas Petersen,Mohammed Usman,1,0.54181599502482,0.611866287800641,0.57057526547326,0.507909254423933,0.632089928381022,0.55757321685524
2024-07-20,c11036da9162cb5f,c3ef9edf73626521,3cf66c62d9069f43,528b071cf3da7c56,Lucie Pudilova,Luana Carolina,0,0.407203967080327,0.419818539065997,0.407868870754334,0.330869979392537,0.491228304317848,0.407567138026746
2024-07-20,c11036da9162cb5f,b3f1253d0a991791,8c169fbe1ac33637,cfc3e7bb44685289,Loik Radzhabov,Trey Ogden,0,0.38999940235206,0.375268340452234,0.393005229781162,0.31429538135085,0.477541295197088,0.391640357980513
2024-07-20,c11036da9162cb5f,e655774643881e6c,27b388f0aab49780,f29a6350c69f4a33,Dione Barbosa,Miranda Maverick,0,0.337361770068939,0.34575167598882,0.337035149518521,0.272815545874527,0.403242282527574,0.337183329776425
2024-07-20,c11036da9162cb5f,40c18c6d64463809,700a674c042b7a96,7be14eaed4c74856,Cody Gibson,Brian Kelleher,1,0.585299628073522,0.630891755924783,0.596481749533419,0.500112779981061,0.688226476828027,0.591419692736804
2024-07-20,c11036da9162cb5f,6e6567a98ea78891,41cc71cbf210e0fe,d008d785f6347dc2,Hyder Amil,JeongYeong Lee,1,0.424293564881991,0.431879722223384,0.406928009853079,0.330761087700862,0.487419911575016,0.414781331861359
2024-07-20,c11036da9162cb5f,ec8bc554a0646638,9abc648e76c4493a,e93b04e308913c2e,Bill Algeo,Dooho Choi,0,0.591432109627554,0.611504089330141,0.58192648125614,0.477658587805851,0.681324917252206,0.586247521242415
2024-07-20,c11036da9162cb5f,94541dd979e0b4bd,294aa73dbf37d281,7f6ed67d3ed3c036,Bruno Silva,Cody Durden,1,0.500331144799276,0.511086209998771,0.513512100182754,0.427813978056369,0.604539848287384,0.507532653201608
2024-07-20,c11036da9162cb5f,9eaa33f874bbb999,a7151778b3381036,ca36633b80be4a78,Kurt Holobaugh,Kaynan Kruschewsky,1,0.395050690640799,0.371980376550809,0.36685495493123,0.277891160798025,0.458101679116487,0.379548497447859
2024-07-20,c11036da9162cb5f,120ec60ad18cf6c5,97cf1a2c7c5e7889,a68575214ecad140,Steve Garcia,SeungWoo Choi,1,0.702413533561735,0.65142256874075,0.680685633773101,0.59934906869677,0.75383088582708,0.690649391100816
2024-07-20,c11036da9162cb5f,4a00db8aeff200a2,3df5493bb279226f,7dda2cf308f24a02,Amanda Lemos,Virna Jandiroba,0,0.418667463553206,0.43990060085169,0.421701234349351,0.347513607604974,0.499749473773036,0.42032395620968
2024-07-27,026b4f7049085842,dff2ef8fdde8c502,87f8699fdcc2c404,9c442aaf149ea982,Alice Ardelean,Shauna Bannon,0,0.52094554984141,0.516636493254889,0.51506728795809,0.460452390139703,0.566680597148776,0.517735081893106
2024-07-27,026b4f7049085842,a5558e8fec59a687,0c25d0a5e8cdbf19,0d5cc0170c1a7e71,Lukasz Brzeski,Mick Parkin,0,0.257095513790975,0.292236556274284,0.270954201729104,0.220523389315411,0.323503277340834,0.264608208665024
2024-07-27,026b4f7049085842,3183dfe66fcdd25f,4729c93ba705a3bf,8b6e5dc2ba1edbe7,Kiefer Crosbie,Sam Patterson,0,0.340516923966339,0.384599435220336,0.344223940719654,0.281805473513681,0.406087494591383,0.342539549604579
2024-07-27,026b4f7049085842,026bb9fd1b3f239d,476fe566d2df676e,6370c1c1e12723d5,Modestas Bukauskas,Marcin Prachnio,1,0.529931244160481,0.540767329110416,0.557303191784116,0.499614735142042,0.614200988957538,0.54491653596373
2024-07-27,026b4f7049085842,16b0a16ab2e20fdb,6b56e94a59b7b134,9fe7af8b3fbe00a0,Oban Elliott,Preston Parsons,1,0.50548412674557,0.477865886316629,0.502742932954592,0.415275893658207,0.586208747031632,0.503986741739403
2024-07-27,026b4f7049085842,d6e240c47ba6034d,5d1b7e3dd9e11074,75353550928a7921,Manel Kape,Muhammad Mokaev,0,0.240135317906795,0.279240112289406,0.261194074907138,0.196196389532847,0.330635699123349,0.251492997184706
2024-07-27,026b4f7049085842,9d8c32c60df0e287,42ac4020cba261ad,60a42bf82447c919,Caolan Loughran,Jake Hadley,0,0.522327665220019,0.543401700649305,0.528272905166854,0.455545083740099,0.605275156937731,0.525576227573348
2024-07-27,026b4f7049085842,678eda89a096dde8,51018a31ddf31eb2,7138a15258dabf20,Molly McCann,Bruna Brasil,0,0.524707714311299,0.432702335776704,0.493466617755763,0.405012138216076,0.581009412584737,0.507650167953876
2024-07-27,026b4f7049085842,45e6a9b56ee3a9d1,329e403448756217,361d49960a196976,Nathaniel Wood,Daniel Pineda,1,0.759749931090797,0.753006799599362,0.754693813016906,0.681343530769385,0.817335838856261,0.756996821491158
2024-07-27,026b4f7049085842,8a2e28da18ba6a25,040a74bb0a465c54,9560ff14eb3129f7,Arnold Allen,Giga Chikadze,1,0.558620461638112,0.558620832690756,0.567346467311561,0.502921898171857,0.62789857634474,0.563392005667798
2024-07-27,026b4f7049085842,f02fed4e98048471,a93f94c923c3a9cb,d1c65d2cf2925ddd,Christian Leroy Duncan,Gregory Rodrigues,0,0.505983277994664,0.500273824848012,0.52054472395276,0.465582498988645,0.575490501381166,0.513940509026883
2024-07-27,026b4f7049085842,3e2bde19e752f64b,7826923b47f8d72a,887961364be5ceb3,Paddy Pimblett,King Green,1,0.520415245039316,0.519116496480594,0.511656635486406,0.419344532119012,0.604568138802266,0.515631943141781
2024-07-27,026b4f7049085842,ec434314c5438fc7,399afbabc02376b5,fa6796c55d6c5440,Tom Aspinall,Curtis Blaydes,1,0.54676598715326,0.530518024223452,0.534119933350288,0.435263152705224,0.631764427618039,0.539864328819786
2024-07-27,026b4f7049085842,ec5163539a133f17,b1b0729d27936f2f,f1fac969a1d70b08,Belal Muhammad,Leon Edwards,1,0.37235676951753,0.357900722510349,0.356303601627041,0.29011780306554,0.425494664676569,0.363550015778148
2024-08-03,fe435e440b5de0ff,e6851877e33d343f,0112352cb32f5026,4e6738062d469256,Denis Tiuliulin,Sedriques Dumas,0,0.239575964135006,0.293181651272583,0.247342840020075,0.196295811632421,0.303570033983456,0.243797903354573
2024-08-03,fe435e440b5de0ff,d038ff5ac21094f3,40a456a25d52ee65,4c88a1db5a46c6a4,Rolando Bedoya,Jai Herbert,0,0.724600260503169,0.737734574477558,0.729693017101661,0.649627535151507,0.798271579708443,0.727389611155826
2024-08-03,fe435e440b5de0ff,f80143e1f3c3d319,6c9b66b43663f2f7,e94085e821bd81de,Viktoriia Dudakova,Sam Hughes,0,0.593709517641475,0.567425289192727,0.590636476770373,0.524383319761894,0.654301310132717,0.592031719139213
2024-08-03,fe435e440b5de0ff,77df662671ce11c5,6d38e41efa47a72d,7772b283d288dbe2,Jordan Vucenic,Guram Kutateladze,0,0.509949644841435,0.503576195791722,0.507176587878781,0.449875284072234,0.562290566327732,0.508434888779926
2024-08-03,fe435e440b5de0ff,637f792270a0c746,1a9480fc288e55d7,6747ccd6d1acd266,Don'Tale Mayes,Shamil Gaziev,0,0.520332839272054,0.506553366346085,0.511529754407256,0.444190067144692,0.580148166526348,0.515525246325208
2024-08-03,fe435e440b5de0ff,1cd63899011c4bf6,3753714927f18437,ec13c393d029297d,Mohammad Yahya,Kaue Fernandes,0,0.410129002303938,0.408725475152781,0.414219239582177,0.375960861633238,0.452560356970328,0.412361849318346
2024-08-03,fe435e440b5de0ff,fbbb703581440496,a495f599e787614f,e90a2f22417af68e,Alonzo Menifield,Azamat Murzakanov,0,0.456968907067056,0.415568589719439,0.451808999779494,0.388881055663082,0.516513741097476,0.454149019548921
2024-08-03,fe435e440b5de0ff,de767dd5216bcad9,48a9a128784d53d1,58bbef3770bb2dfc,Elves Brener,Joel Alvarez,0,0.558559586666917,0.520907555741863,0.552733027661611,0.463663934176695,0.630807461415512,0.555378641070507
2024-08-03,fe435e440b5de0ff,d0d74672150ddea3,7447e9f28508106a,8e5d953bdb9ae5e7,Mackenzie Dern,Loopy Godinez,1,0.293039139927294,0.35212071549394,0.30993174563265,0.24278607211061,0.38298585838085,0.302200316470357
2024-08-03,fe435e440b5de0ff,2d39c26876246223,22a92d7f62195791,c58f51dedb310998,Tony Ferguson,Michael Chiesa,0,0.310473017389623,0.244822340435244,0.297862005884757,0.218923511615587,0.381235947443132,0.303547572204394
2024-08-03,fe435e440b5de0ff,bb85e207eba236bc,7c7332319c14094c,aa72b0f831d0bfe5,Marlon Vera,Deiveson Figueiredo,0,0.458470465701533,0.479760544072689,0.462232162889917,0.372566173065006,0.552167544554599,0.460524786294246
2024-08-03,fe435e440b5de0ff,b38450d9aa0f52b8,06734ca9d88dec3a,0d65c432720accb9,Shara Magomedov,Michal Oleksiejczuk,1,0.508472881601491,0.528923694380176,0.495562311358191,0.408357176403742,0.584247550516032,0.501420603123202
2024-08-03,fe435e440b5de0ff,33655fd07cfbe034,2b6fc1c02736833d,65f09bacd3957381,Umar Nurmagomedov,Cory Sandhagen,1,0.59953719679803,0.579014517437368,0.582142408349619,0.50640393320062,0.652829684307575,0.590063163584408
2024-08-10,2c733e059462c1dc,1b5d5af1bc0a34c7,1b35af4d1529adf6,d35298b6df168456,Stephanie Luciano,Talita Alencar,1,0.633207751383803,0.627831973202048,0.647393243813334,0.590479738743627,0.703338469803688,0.640987203878034
2024-08-10,2c733e059462c1dc,cd9851b8eadb53a9,082eba4cd80f736f,52c2ae6d2f2d2613,Jarno Errens,Youssef Zalal,0,0.384282036474163,0.465638815299646,0.392952157931906,0.314454067358096,0.472372850511167,0.389009485376369
2024-08-10,2c733e059462c1dc,6bcaa0de4003cc41,25f9a5f3e8a52618,d35f734c56a89103,Jhonata Diniz,Karl Williams,1,0.37468127699959,0.399179773862395,0.392006168035257,0.339075504283223,0.4446906163532,0.384108589195214
2024-08-10,2c733e059462c1dc,a7ac1dfcdc083694,351c4ec637380ad5,91dac5e69e28d5b5,Karol Rosa,Pannie Kianzad,1,0.644220490586753,0.598918793816829,0.635508516179469,0.578720422456519,0.690331864136353,0.639472863040079
2024-08-10,2c733e059462c1dc,1332c1037c955d82,148bb103cfbf123e,68b8ebdfce9dbb61,Toshiomi Kazama,Charalampos Grigoriou,1,0.422325120245207,0.448607637616517,0.457538638807916,0.359234343964331,0.550075409625964,0.441486630920851
2024-08-10,2c733e059462c1dc,e0b14afd93af5638,3143bf892608139a,af9efbfd63d39734,Yana Santos,Chelsea Chandler,1,0.403197351668242,0.46330730613774,0.423814620955664,0.352030536130365,0.496720065102744,0.414422359454288
2024-08-10,2c733e059462c1dc,6aa89b7b5350b8e2,32feae6d9a1e5047,45f0cc9d18f35137,Quang Le,Chris Gutierrez,0,0.242265324862074,0.265019464558414,0.25525050457835,0.206037384372738,0.309508481526584,0.249302470805374
2024-08-10,2c733e059462c1dc,7b4284bd3033a319,0f1efce7d2571d10,b7c5eb7cdbac6a63,Nikolay Veretennikov,Danny Barlow,0,0.264953583037788,0.274293296742053,0.263808562701895,0.225628711759957,0.303747569251338,0.264327706002367
2024-08-10,2c733e059462c1dc,e72a2130e7387637,29af297d9f1de0f8,e0c6edcb5b5d0b90,Damon Jackson,Chepe Mariscal,0,0.332168871868057,0.358037743718962,0.328906517864173,0.265387755484369,0.396612440386728,0.330384744825144
2024-08-10,2c733e059462c1dc,84973bbdffaf0d0e,c9cf753cfdf77fc2,e2f6b2769aaedd6c,Marcin Tybura,Serghei Spivac,0,0.441652501751239,0.420432607816726,0.425873308602891,0.333169929974114,0.520545331262277,0.433016191409784
2024-08-17,32ba186f4b0e3267,075a102456080ab2,2bd98ab77a8daa75,c051c2e12d692b8a,Stewart Nicoll,Jesus Aguilar,0,0.438346094643115,0.472298785817751,0.445325212895833,0.388437590043485,0.501581413370699,0.442155692955477
2024-08-17,32ba186f4b0e3267,ea824ac4b8ed8a35,32490e80ddab1e5a,814ff3018127e8fc,Song Kenan,Ricky Glenn,1,0.497617058280089,0.522821393354542,0.488899225753846,0.38768336367898,0.588637707836228,0.492854302420697
2024-08-17,32ba186f4b0e3267,ce75f5ecbc0d3dfd,6c3b2525436cf5d4,dc07493a87dc0a6e,Tom Nolan,Alex Reyes,1,0.753870326664215,0.71071204003229,0.750993108431681,0.698415244771993,0.799789222750304,0.752301386530632
2024-08-17,32ba186f4b0e3267,bfff6cf22c1c569c,4f140403000158b5,a9da3158dd2c2b5a,Herbert Burns,Jack Jenkins,0,0.264933963568974,0.299979689505564,0.274857159566468,0.210815599843897,0.34440556726144,0.270326151493711
2024-08-17,32ba186f4b0e3267,b9d5c77ae7a8109b,04835018f90b118c,5078e1dacf9d25f4,Casey O'Neill,Luana Santos,1,0.377566331969224,0.410466897096014,0.393696610948652,0.322628659066228,0.467189561343013,0.386346641974108
2024-08-17,32ba186f4b0e3267,43ebfc8914a39061,1ae8f3c723aacff4,6751eacd16bd59bc,Ricardo Ramos,Josh Culibao,1,0.416112842584327,0.396558450392262,0.419392146878242,0.336602493266206,0.500374227696977,0.417903307511545
2024-08-17,32ba186f4b0e3267,ea4ff1d77928b029,c15fa95b9a12fde4,f5779a2303ed76ec,Junior Tafa,Valter Walker,0,0.446225317658527,0.43961092624965,0.450201054425657,0.365025547228006,0.537758092446252,0.44839629989279
2024-08-17,32ba186f4b0e3267,3c319d4659e6c8fd,7ee0fd831c0fe7c3,e64b96c07d7ce999,Carlos Prates,Li Jingliang,1,0.569815557855098,0.558446929053852,0.57273574836308,0.492156079761534,0.650959524208506,0.571411368124421
2024-08-17,32ba186f4b0e3267,dd3d8f7066c145b7,2cd428e9606856fd,c62fbc117d57b943,Jairzinho Rozenstruik,Tai Tuivasa,1,0.687901826825745,0.62444686035339,0.662368099642608,0.577789185802099,0.744432495996664,0.674082608957363
2024-08-17,32ba186f4b0e3267,059f5cf0e9e37627,193b9d1858bc4df3,72db2a14ffa73ece,Dan Hooker,Mateusz Gamrot,1,0.289636563119402,0.270186627026326,0.294060117376232,0.222616875368281,0.372155445597506,0.292048107337027
2024-08-17,32ba186f4b0e3267,bf8c5effd23f69c4,32ab52e5de93092d,853eb0dd5c0e2149,Steve Erceg,Kai Kara-France,0,0.634222182226028,0.628979109666802,0.624506363795706,0.554882314909979,0.688291972686607,0.628927745097407
2024-08-17,32ba186f4b0e3267,6c44af21414e4143,0d7b51c9d2649a6e,1338e2c7480bdf9e,Dricus Du Plessis,Israel Adesanya,1,0.602162310588541,0.580485570899517,0.587539853856345,0.509889086677354,0.660987363347421,0.594195406223679
2024-08-24,be8ad887e4d674b0,d4127baf74b0e791,2997e7fe3c9d3d4a,9dedfdd91070ddd8,Wang Cong,Victoria Leonardo,1,0.670118217535897,0.654770869502932,0.66477642648672,0.602355954319789,0.727384492549829,0.667205523470681
2024-08-24,be8ad887e4d674b0,903d588b30a471e8,68d35296f566792b,e3964ece586e0635,Josiane Nunes,Jacqueline Cavalcanti,0,0.279652993667483,0.278409074287076,0.279308575544505,0.223339154930733,0.341537959705301,0.279464818266106
2024-08-24,be8ad887e4d674b0,ba8eda6993922ba0,19c591115a58982c,93b2b7caa457cbea,Viacheslav Borshchev,James Llontop,1,0.406049391005482,0.398745627449871,0.385629471647588,0.318987687974012,0.454425669760362,0.394849567281345
2024-08-24,be8ad887e4d674b0,d2caa1ddb9de7481,23dec7c47cb418f8,baa9be02c3e3e038,Zachary Reese,Jose Daniel Medina,1,0.587261582445712,0.574190463225952,0.588714655128483,0.530991556083467,0.644135639662271,0.588055533785348
2024-08-24,be8ad887e4d674b0,560f1e26c2a6690a,5d495dec23d7c68e,c4d039123e62f6a9,Francis Marshall,Dennis Buzukja,1,0.46444388891522,0.425399814923852,0.456475306951702,0.393161876246132,0.519636528127636,0.460088427117921
2024-08-24,be8ad887e4d674b0,2cbd53e43d3f606b,4144798612ef96e5,6ac9bc2953c47345,Edmen Shahbazyan,Gerald Meerschaert,0,0.552835830631174,0.510171846810585,0.562959129478342,0.481705819949042,0.639632171540264,0.558371802629909
2024-08-24,be8ad887e4d674b0,ae50a1a655b1a8f6,84b3e7d38f2d2ec5,c32aeb1a59e6272d,Neil Magny,Michael Morales,0,0.271104769526304,0.257526356371541,0.267250434387557,0.200230255759472,0.339525422374427,0.268994964109251
2024-08-24,be8ad887e4d674b0,bad06a5380d762b8,480779d7f9a424d3,7facc9c45d792985,Mairon Santos,Kaan Ofli,1,0.634023130514977,0.625818805444622,0.648505925589157,0.614916016713761,0.681681655305353,0.641966533994576
2024-08-24,be8ad887e4d674b0,5c5523a6bf83e44f,0cd0456d6029cec2,d5bab53a1a603aac,Robert Valentin,Ryan Loder,0,0.563261225933847,0.559645437256352,0.56984720439249,0.557482166395733,0.581669792750098,0.566861826641245
2024-08-24,be8ad887e4d674b0,70afe9e0d2422252,d25240135aee03e5,f0feeb2192937424,Tabatha Ricci,Angela Hill,1,0.702189938684766,0.632416296256774,0.687280475902131,0.616873796387689,0.748761361904759,0.694096005482881
2024-08-24,be8ad887e4d674b0,15805ae1eea3343e,13a0275fa13c4d26,4126a78111c0855a,Jared Cannonier,Caio Borralho,0,0.342515488000624,0.380036560076289,0.357829002862197,0.286588111539614,0.43095505239358,0.350842475874224
2024-09-07,ee0b69e307c857e5,0c418b9cdfd525c9,641ca2c2ed91b93c,a2d342ffc83913ed,Zygimantas Ramaska,Nathan Fletcher,0,0.494203847077791,0.489426187558068,0.487093197483788,0.464474050104281,0.510706906073676,0.490319081109931
2024-09-07,ee0b69e307c857e5,f734b497add754af,5f61780fe5e9b6d0,a817e238b2747404,Andre Petroski,Dylan Budka,1,0.636554654856492,0.54748173226166,0.591255796592589,0.521787721435496,0.659803562332797,0.612053157510685
2024-09-07,ee0b69e307c857e5,f1613b372748c8bb,2c483cf443f38ece,bc7d1ad49fcb2d08,Vanessa Demopoulos,Jaqueline Amorim,0,0.18434280851873,0.165394368991498,0.175009107758334,0.114174391782044,0.247744123237612,0.179197213320309
2024-09-07,ee0b69e307c857e5,6e9876d2be2bbd02,3f11fd1751fa83b1,f2f140ce7532e327,Yizha,Gabriel Santos,0,0.609345937567583,0.636404962495505,0.610404939811564,0.556258644631661,0.663335559352447,0.609924560697818
2024-09-07,ee0b69e307c857e5,69bde5bae0d6ec4f,5cdf5339728f580d,b1f21ce050035d58,Felipe dos Santos,Andre Lima,0,0.419461542140831,0.443442188841426,0.436916306883234,0.388964167203976,0.487864036879599,0.428974375212816
2024-09-07,ee0b69e307c857e5,abfd5ac6cf186d8a,a57cb948c4c70a47,d7fe8c6b7d2872e5,Isaac Dulgarian,Brendon Marotte,1,0.732274711138643,0.712749561195397,0.714245528667457,0.649952521725216,0.771707982331964,0.722515875565237
2024-09-07,ee0b69e307c857e5,b80c6eba11c54778,06626b6287e1ae1e,a13d755965a4ec9f,Chris Padilla,Rongzhu,1,0.645135433779366,0.671165303764189,0.641412226496276,0.575141439351487,0.707806495525066,0.643103724446129
2024-09-07,ee0b69e307c857e5,75fa9c0bb31caaa3,0bc697c5936a2d0a,c739c2995a275314,Trevor Peek,Yanal Ashmouz,0,0.528113835695365,0.524860690241843,0.523327985342895,0.464339652593065,0.579262790343293,0.525500082163098
2024-09-07,ee0b69e307c857e5,fe59646ebad8b6e4,67c1d46f4ed16f9e,7f6ed67d3ed3c036,Matt Schnell,Cody Durden,0,0.349867393499084,0.445052023193042,0.385252476130205,0.305547909009107,0.47054569195459,0.3690205375057
2024-09-07,ee0b69e307c857e5,453e6f2665c85fd7,31f8081c7600da93,97cf1a2c7c5e7889,Kyle Nelson,Steve Garcia,0,0.406345387292671,0.429525651478185,0.414795671180214,0.30667118512363,0.525979615786848,0.410954940646364
2024-09-07,ee0b69e307c857e5,bcfaf1dd78f12f97,262d32ebda89efc4,6a1901c62ab3870f,Natalia Silva,Jessica Andrade,1,0.566691653248662,0.533572784151054,0.547156746861226,0.454111448745413,0.635587369076101,0.556042154052904
2024-09-07,ee0b69e307c857e5,ee9ade72b44dfa06,23024fdfc966410a,45f7cb591c3ab00b,Gilbert Burns,Sean Brady,0,0.339159845606407,0.397590802463446,0.34675027905761,0.282087452244809,0.4157076800448,0.343296278367263
2024-09-14,0c01568b1ac77bff,3cdc6fea724be133,7d420039bbfe7c1a,fe2babf95de24fb1,Aoriqileng,Raul Rosas Jr.,0,0.244126625419051,0.285851147295095,0.252173225046633,0.189559927490436,0.323416652238268,0.248500530159313
2024-09-14,0c01568b1ac77bff,dae8ad2e03aa4a9a,17e97649403ba428,5ef94841c4bc3f86,Joshua Van,Edgar Chairez,1,0.667058669587927,0.549103900947241,0.64206735259294,0.561645795945613,0.716791485263301,0.653512506869186
2024-09-14,0c01568b1ac77bff,c60a317c7767abb7,40cb680ae1cd331f,8bd4200561c77a62,Yazmin Jauregui,Ketlen Souza,0,0.523729085983159,0.459817987260891,0.510249934753942,0.441890009423073,0.576823561446945,0.516368938679303
2024-09-14,0c01568b1ac77bff,3733d100f7bd5590,2e7878927067fdca,e4a47b07044ddd72,Manuel Torres,Ignacio Bahamondes,0,0.49274535006345,0.51924928313515,0.492342818698926,0.411464028849089,0.574231111337265,0.492525460492631
2024-09-14,0c01568b1ac77bff,2397e2a92710705a,578ef12674df1e6a,d3f5d33d61cd00c9,Irene Aldana,Norma Dumont,0,0.36489641536842,0.362486797502255,0.372785520965805,0.287709879881613,0.459071091303037,0.369197264339417
2024-09-14,0c01568b1ac77bff,78b506e5092a27fd,6d68c1afe954f121,f2900678e98f6d6a,Ode Osbourne,Ronaldo Rodriguez,0,0.267559836278811,0.281716133498002,0.279634313874536,0.201093139549578,0.367739223085872,0.274114529287479
2024-09-14,0c01568b1ac77bff,27d98a8ee6608e27,323d4ca260dfa0ba,4148802ae4a50768,Esteban Ribovics,Daniel Zellhuber,1,0.42287205475221,0.439240962864393,0.42018343916435,0.346860293029444,0.498192507991148,0.421402784102
2024-09-14,0c01568b1ac77bff,2335e75ce63805b6,def8166ff24bd237,f166e93d04a8c274,Brian Ortega,Diego Lopes,0,0.383005786404562,0.345462065317252,0.384755737736009,0.30523085332704,0.470630093048744,0.383961349150912
2024-09-14,0c01568b1ac77bff,6f83cfae0c800ef8,132deb59abae64b1,e8b731feff72294b,Valentina Shevchenko,Alexa Grasso,1,0.521910363137978,0.484895232917822,0.508089660346946,0.427271922090776,0.588947682744531,0.514363414905888
2024-09-14,0c01568b1ac77bff,3146e5a47a922976,b50a426a33da0012,c03520b5c88ed6b4,Sean O'Malley,Merab Dvalishvili,0,0.589928018835724,0.534724942718163,0.592485611454811,0.499670928326131,0.680650614300692,0.591325751585208
2024-09-28,079488710f012779,eedc7fccf7037949,4bdedbdeedff7d1d,fd406a32a6fb3a29,Bolaji Oki,Chris Duncan,0,0.52156123183064,0.499514671292203,0.520460045917161,0.469416359532776,0.570795718938616,0.520959718951556
2024-09-28,079488710f012779,a187670c5ee1ec5f,e3964ece586e0635,f2b3f4ef3f780168,Jacqueline Cavalcanti,Nora Cornolle,1,0.704084977178947,0.65806659398006,0.705504391866356,0.626661695026721,0.773572643543295,0.7048608438178
2024-09-28,079488710f012779,47d978a984a163aa,dc7927cd622676a7,e8fe9c15d348e778,Victor Altamirano,Daniel Barez,0,0.669564978866493,0.676155570906696,0.661147309026067,0.599236566331952,0.720887925846149,0.664979745616038
2024-09-28,079488710f012779,7ba432e218edc17d,06e4245d16fc5315,07047eb7d17fb0a2,Ailin Perez,Daria Zhelezniakova,1,0.449459300937403,0.458474035546678,0.437640585021646,0.369449809109557,0.505091694953212,0.442995218016308
2024-09-28,079488710f012779,d063d46208c560b1,37098a6e6c27fb66,8b1ed83b02303075,Vince Morales,Taylor Lapilus,0,0.249706627499164,0.32570270690659,0.261241980798236,0.202783695405074,0.327060171658537,0.255965576913393
2024-09-28,079488710f012779,e01019fbfe0e9528,37c5366d18ed6c05,5b86d491d63890c5,Roosevelt Roberts,Ludovit Klein,0,0.242404353967228,0.276220649458259,0.26103606475312,0.183126859976263,0.349052534813002,0.252468746929927
2024-09-28,079488710f012779,3599e9de4ae0e171,46e2011d92463b7e,74f9448b97bf8bec,Oumar Sy,Da Woon Jung,1,0.667412321304931,0.652721478691165,0.663423179008181,0.606923176883034,0.717939654886086,0.665236126480928
2024-09-28,079488710f012779,89b772f864acb637,64ad3e3b0efa30bb,cd13728ae1151f46,Ivan Erslan,Ion Cutelaba,0,0.431303191866563,0.380933577604319,0.410170905997865,0.330166135606531,0.488287772024255,0.419723230404996
2024-09-28,079488710f012779,d806aacf5b6ba7f6,1e4f273069fb9e85,dccb63727f2f5f74,Fares Ziam,Matt Frevola,1,0.64874750858024,0.573738640063428,0.634989986893023,0.503516259842911,0.749904647417852,0.641261193618148
2024-09-28,079488710f012779,f114929ed709606e,5b03b61f9d90125e,b909a9a9688b5284,Morgan Charriere,Gabriel Miranda,1,0.789701115723235,0.778143019404711,0.785347323994298,0.716987762242739,0.84468961287132,0.787330869724057
2024-09-28,079488710f012779,45f00a42a17f8e2a,dda15dbfafb792df,f626118b6da0e020,Kevin Jousset,Bryan Battle,0,0.459676928812883,0.461621707397413,0.4516980332465,0.384544626754381,0.518532245473314,0.455315518898432
2024-09-28,079488710f012779,19706d8ba0edf9cd,791c8437b341fba5,e1d40e8782d80bc2,Joanderson Brito,William Gomis,0,0.4952951180783,0.54167131100414,0.496157726569134,0.422098200892326,0.56459568878162,0.495766326853716
2024-09-28,079488710f012779,62ff1e5deb124ff5,2f181c0467965b98,881bf86d4cba8578,Brendan Allen,Nassourdine Imavov,0,0.588412796945588,0.595707309246573,0.580199729116781,0.500394039164876,0.658540047818543,0.58393208943625
2024-09-28,079488710f012779,7ca4c91bab696b89,b6452706b373eea1,c2299ec916bc7c56,Renato Moicano,Benoit Saint Denis,1,0.410920030251642,0.396986722293707,0.410938959471897,0.337201731550301,0.491567667859798,0.410930370569525
2024-10-05,eee8efec7b951d84,84b3577229880760,4b47e71384a9522f,523fa774700d7d3f,Tim Means,Court McGee,0,0.55098006113682,0.5547918438938,0.540682301443672,0.474902361129539,0.601780420109112,0.545359609587614
2024-10-05,eee8efec7b951d84,58e5fc1914c4e641,31ef8b67e13495b3,d910665038efc639,Tecia Pennington,Carla Esparza,1,0.511890626829787,0.51818568397231,0.503793874239372,0.423589657020263,0.581551780638579,0.507468164566073
2024-10-05,eee8efec7b951d84,58dec0a39cdefa3f,50db8711c70196cd,a67f5afa8d6a1b80,Ovince Saint Preux,Ryan Spann,0,0.416813589634242,0.413227882130203,0.41704939457887,0.33411894074942,0.504655956813185,0.41694239666473
2024-10-05,eee8efec7b951d84,ed5b6681ab4e83e5,260bd4cef10b033f,64d47ef881a437a4,Ihor Potieria,Cesar Almeida,0,0.545629672988518,0.548249630702994,0.563033121867914,0.471192801941777,0.658852764197829,0.555153144323781
2024-10-05,eee8efec7b951d84,e8aad69aace1d31f,262a7d06203657e6,d2cd7a69cc55e7ed,Alexander Hernandez,Austin Hubbard,1,0.61536641360258,0.645230251719689,0.616236472518676,0.537801875772964,0.691401826009243,0.615841787266986
2024-10-05,eee8efec7b951d84,eb73b63bbd7b88a7,abcf2cc6efc42031,cd2c4d30c6e13b47,Iasmin Lucindo,Marina Rodriguez,1,0.750741059659733,0.739466427932617,0.76380586057613,0.706857115690951,0.812869134583345,0.757937136608154
2024-10-05,eee8efec7b951d84,69bca5091b2a31f6,4a28cb716c19157a,b9437600497350f3,Stephen Thompson,Joaquin Buckley,0,0.230207579262789,0.219370713704561,0.234111324991282,0.16643328320579,0.310758566112264,0.232334379603763
2024-10-05,eee8efec7b951d84,9ea124a13d071186,1af1170ed937cba7,b9706f80d005036c,Kayla Harrison,Ketlen Vieira,1,0.639596776869064,0.681089010005198,0.634654506815117,0.558277708337908,0.705742192645601,0.636900582195404
2024-10-05,eee8efec7b951d84,5931cd9cf5da5f75,327d5f279895110d,3a46b268013afede,Roman Dolidze,Kevin Holland,1,0.350079308657935,0.340306445636641,0.339785118130798,0.265745117296221,0.422354953668026,0.344437920973347
2024-10-05,eee8efec7b951d84,3d7d82fff71e395a,bc711b6dd95c1af6,d0f3959b4a9747e6,Mario Bautista,Jose Aldo,1,0.59940481310846,0.596714833305628,0.571849167842242,0.478227347692263,0.66203033257908,0.584418309791615
2024-10-05,eee8efec7b951d84,1d68bb733de24b06,3253b16d38ae087d,fc169c387b4b465d,Julianna Pena,Raquel Pennington,1,0.351452302423708,0.453467032868386,0.381567074141645,0.301945429408034,0.465173500370211,0.367773924128663
2024-10-05,eee8efec7b951d84,8c5e06c71f392f33,749f572d1d3161fb,e5549c82bfb5582d,Khalil Rountree Jr.,Alex Pereira,0,0.207967946136732,0.202818853458362,0.215189289053566,0.148668298299047,0.291060750763578,0.211890354808805
2024-10-12,5bdcbd8dd681a257,de484433eef22e1d,b62d5280966b2460,e0d3d9b564f95635,Clayton Carpenter,Lucas Rocha,1,0.576476707701395,0.599409968086341,0.572124849171076,0.500072939236121,0.643737742235573,0.574100869697344
2024-10-12,5bdcbd8dd681a257,b23554da35a84fbc,8e6654e9f0461b8f,e4ba58725825412d,Cody Haddon,Dan Argueta,1,0.489551036571574,0.506157435865389,0.505163392369161,0.441326511787271,0.572607177303899,0.498078923029091
2024-10-12,5bdcbd8dd681a257,48dd2c9cb39bd2d4,3351aa64aa83c4d9,abb68e3c7ca128f2,Cory McKenna,Julia Polastri,0,0.496144859193657,0.487404244765275,0.476564644573014,0.406749632151939,0.550486946723979,0.48544358672593
2024-10-12,5bdcbd8dd681a257,85854504ce1aa97a,0f3a990526c5e706,c15fa95b9a12fde4,Sean Sharaf,Junior Tafa,0,0.57066683804883,0.561296752987317,0.564727421667498,0.494233694411956,0.635035106360287,0.567424757859649
2024-10-12,5bdcbd8dd681a257,57415110bd494c79,40f3cb27fc7305a1,d8da10db80131bec,Themba Gorimbo,Niko Price,1,0.653667538770837,0.64442772852077,0.638565048847522,0.554551034131356,0.716217631035528,0.645453682862503
2024-10-12,5bdcbd8dd681a257,69a5895fde58432c,87c0b1c696ddfb43,b8bbdeff718dbb7d,Jonathan Pearce,Pat Sabatini,0,0.633776156512861,0.662450558639869,0.63028588720151,0.567309662959317,0.687118049470726,0.63187126180918
2024-10-12,5bdcbd8dd681a257,f1cc9169813c4a3e,077e3ace32b72be9,7d0a1968b38ca439,CJ Vergara,Ramazan Temirov,0,0.515048537294041,0.514853263956665,0.507773800458329,0.451592653611748,0.564157225379163,0.511075204029387
2024-10-12,5bdcbd8dd681a257,f690949d90ff1dee,8a1f3b5c526cd6e6,cdb96af67d096b1e,Daniel Rodriguez,Alex Morono,1,0.475135538258086,0.485556478638719,0.478909746933136,0.415541790564164,0.544800815989197,0.477196928010743
2024-10-12,5bdcbd8dd681a257,98c29ba02cee5ba3,99bd51917728c25d,e132d47bd9efbbe0,Grant Dawson,Rafa Garcia,1,0.609239233601313,0.56052630569203,0.585524064519715,0.497584072515338,0.669552860325693,0.596340770957854
2024-10-12,5bdcbd8dd681a257,ee5c0b8a757992af,c68c68efaa5ca6ef,c730a0be691dc081,Chidi Njokuani,Jared Gooden,1,0.52927821350495,0.508145241880001,0.508450246741175,0.410159211012441,0.605862700514841,0.517908636602954
2024-10-12,5bdcbd8dd681a257,6fa2dae90bda4742,0c6d9ea8306c029e,285ae0b4a68221f4,Brad Tavares,JunYong Park,0,0.272208474433315,0.265232918259923,0.283784123838183,0.220241556119365,0.356064830933598,0.278495106927487
2024-10-12,5bdcbd8dd681a257,998bde5639c61adb,4461d7e47375a895,6e15f63b6c2e2c15,Tatsuro Taira,Brandon Royval,0,0.74054137104674,0.70756376986417,0.729223184291558,0.647208766550425,0.799275927121344,0.734396927749139
2024-10-19,6a0047ac8c99fece,32b8c6c4b735d712,140567899d98978a,be9bdec19b7e9ffe,Robelis Despaigne,Austen Lane,0,0.666091076490068,0.621452782207732,0.654214192951691,0.582539479817744,0.721254977685755,0.659628103943621
2024-10-19,6a0047ac8c99fece,4277b02a4dadac40,3f4c3bc822bea45d,87f8699fdcc2c404,Melissa Martinez,Alice Ardelean,1,0.510544327255905,0.5080558574118,0.537627797261369,0.468970782760914,0.604352714503524,0.525356923458379
2024-10-19,6a0047ac8c99fece,53f7f1b4834387a8,ac7c765882f2c68c,c742287ed86a09bc,Elise Reed,Jessica Penne,1,0.670933274987219,0.621046321000499,0.669437170854663,0.592599172361925,0.736959942468131,0.670116434353619
2024-10-19,6a0047ac8c99fece,fc73ecbd83b7f159,4f3064faf17aa711,f9ab66e67240db7b,Tamires Vidal,Joselyne Edwards,0,0.495507101118978,0.525987741893766,0.507455102642888,0.436655204396954,0.577753647918511,0.502034099320777
2024-10-19,6a0047ac8c99fece,308f6cb830019ea9,7b433309b0fd12aa,ffd3224638c01b57,Brad Katona,Jean Matsumoto,0,0.201173908062059,0.148537217297372,0.185570243922385,0.12619247677761,0.252769627772111,0.192531501578826
2024-10-19,6a0047ac8c99fece,c61923255389e67c,1a31ef98efce7a79,8d3273573b85be09,Matheus Nicolau,Asu Almabayev,0,0.310707548298078,0.31737578229344,0.329136327712079,0.264172444606085,0.401229983419596,0.320704900340072
2024-10-19,6a0047ac8c99fece,0599f35e6679de02,361d49960a196976,92a9aa9c93192871,Daniel Pineda,Darren Elkins,0,0.444464104151141,0.495946764504397,0.459164720372793,0.379428206481675,0.542936982950503,0.452484145690919
2024-10-19,6a0047ac8c99fece,a2f46e94aa6b0c64,5c84f673b7bb7c15,60a42bf82447c919,Cameron Smotherman,Jake Hadley,1,0.356064369250708,0.381598414594033,0.369091388244941,0.305544891890804,0.435597216350079,0.363155575103971
2024-10-19,6a0047ac8c99fece,503d7342cc08109f,3cf18e01cb6cbde3,814e5233e2acf2ee,Sumudaerji,Charles Johnson,0,0.305594441131524,0.341402788463678,0.330357838002902,0.248288003643279,0.419047139599647,0.318994300802075
2024-10-19,6a0047ac8c99fece,f01b97e864cb4b8b,05339613bf8e9808,60425d07ef4b91a7,Rob Font,Kyler Phillips,1,0.268430155454951,0.323214766343878,0.277311054647746,0.213352114452156,0.345861654507957,0.273259096010214
2024-10-19,6a0047ac8c99fece,a2f2c64f9fb3fb1c,093e1f5bb73850be,595db60957de51d3,Anthony Hernandez,Michel Pereira,1,0.468259836969079,0.474325587218426,0.464122127566346,0.371613727884001,0.564218883160943,0.465998977900666
2024-10-26,221b2a3070c7ce3e,6114076c689e8457,28d421729451c8ca,8f765fd5775a8873,Carlos Leal,Rinat Fakhretdinov,0,0.215499431681669,0.229820539925745,0.236667019961515,0.188243188389276,0.290018992565428,0.226888530542063
2024-10-26,221b2a3070c7ce3e,bde635a4f345bc3e,12ebd7d157e91701,6a96ad1bc34fb113,Bruno Silva,Ismail Naurdiev,0,0.262003150735652,0.292115055709981,0.248760530138417,0.175563684292844,0.333692501016556,0.254713236594538
2024-10-26,221b2a3070c7ce3e,5c783cd188425783,a09ed60aa67a3f67,f264ba50b007f39e,Farid Basharat,Victor Hugo,1,0.719321851456288,0.723081805172951,0.718334345756476,0.667913073593386,0.762139816020431,0.718782674378687
2024-10-26,221b2a3070c7ce3e,df7928de73fc2fe8,7a5e8c94a86f9895,8667caa0451d245b,Chris Barnett,Kennedy Nzechukwu,0,0.180150400793226,0.180994355021756,0.184824763172812,0.133120674056387,0.24302861109939,0.182692308675578
2024-10-26,221b2a3070c7ce3e,af6eeea1cfe33240,1e719d4b676dc19a,36b8f265bcd1b7a4,Brunno Ferreira,Abus Magomedov,0,0.567405593314356,0.565393327591628,0.564054525714285,0.495067497253344,0.628806810472103,0.565575770021365
2024-10-26,221b2a3070c7ce3e,919e3c5cc6999cb3,849c5d9979df5357,bf2c8e01b07d3eb1,Mateusz Rebecki,Myktybek Orolbai,1,0.262597749490668,0.205849376366552,0.242806699804291,0.188667288407705,0.301590358228337,0.251659336587632
2024-10-26,221b2a3070c7ce3e,1d65c141776949d6,6a2f7c151031653d,b997be68943010fc,Rafael Dos Anjos,Geoff Neal,0,0.426309467752112,0.470508652315944,0.428877596466748,0.356505590622701,0.505504266831836,0.427711860534731
2024-10-26,221b2a3070c7ce3e,781a2ea50f5ae68f,09a4447655fd4b7b,6e8f1bcdda94ff45,Rafael Cerqueira,Ibo Aslan,0,0.30229682615869,0.326786928246969,0.306682189965722,0.263377513163226,0.35016549670693,0.304687992562065
2024-10-26,221b2a3070c7ce3e,108434acbbd75d26,06734ca9d88dec3a,369ea36e450ae62a,Shara Magomedov,Armen Petrosyan,1,0.625244588930204,0.609269214563022,0.614717784723937,0.548837755113743,0.677097289706169,0.619508147568134
2024-10-26,221b2a3070c7ce3e,cc11a0762f246fa4,396fe87b84ac2e1c,82a5152216251682,Lerone Murphy,Dan Ige,1,0.62899280829186,0.570693227456415,0.602571181663135,0.530575441851222,0.66872138594629,0.61464410384109
2024-10-26,221b2a3070c7ce3e,b09f54654b0f95f5,333b9e5c723ac873,d802174b0c0c1f4e,Aleksandar Rakic,Magomed Ankalaev,0,0.245218438113415,0.302806462322216,0.2710116891567,0.208177945933579,0.339802031607585,0.259099964425813
2024-10-26,221b2a3070c7ce3e,b8bf186f884678ea,767755fd74662dbf,e1147d3d2dabe1ce,Khamzat Chimaev,Robert Whittaker,1,0.623703548437206,0.687011936470129,0.623054070391849,0.516650499960417,0.72005364630415,0.623348816936863
2024-10-26,221b2a3070c7ce3e,ebf7cea27b83c432,150ff4cc642270b9,54f64b5e283b0ce7,Max Holloway,Ilia Topuria,0,0.442467794785507,0.426258618529711,0.441429837339836,0.363507819803234,0.520046023508879,0.441900733184354
2024-11-02,3ab0df1ddd5f1dc2,f0723cda67db3954,38c5817ade8a8014,5c637af9472ae7cc,Ivana Petrovic,Jamey-Lyn Horth,0,0.481138658189806,0.432585527637989,0.472087265526296,0.406737989457701,0.537974418647517,0.476192293434573
2024-11-02,3ab0df1ddd5f1dc2,c9cef59a5de32219,700a674c042b7a96,c7c39e2fb70248b3,Cody Gibson,Chad Anheliger,1,0.594238078373736,0.602243215248596,0.597384610237785,0.525109460883545,0.668141114338727,0.595957892079339
2024-11-02,3ab0df1ddd5f1dc2,f93b074dfd47b4b4,1a2bf44edb8055b6,1effd880e1f1bb30,Serhiy Sidey,Garrett Armfield,1,0.43442597572942,0.482141196811161,0.438587719608606,0.364350724943201,0.51402878983917,0.43669827926605
2024-11-02,3ab0df1ddd5f1dc2,de084f0d65421cfa,c0badf3243907e59,d31a5546c0e9b213,Alexandr Romanov,Rodrigo Nascimento,1,0.626202396789802,0.668549706357945,0.621742305293439,0.552917834296135,0.68999321892378,0.623768613561477
2024-11-02,3ab0df1ddd5f1dc2,5256ba94641a4284,52c2ae6d2f2d2613,b8a85389d115e35a,Youssef Zalal,Jack Shore,1,0.558496184453989,0.49110250785821,0.541025780687939,0.437688414940716,0.639989349483404,0.548967865149383
2024-11-02,3ab0df1ddd5f1dc2,24581e2b39fe3319,eb8d8c2a95cfccb8,f1d64ae34e088832,Victor Henry,Charles Jourdain,0,0.436001176391422,0.398440475859961,0.427017601000264,0.341988492180842,0.51792813546676,0.431088176731188
2024-11-02,3ab0df1ddd5f1dc2,b989d4d7e220b3c1,24656ef4d605c96f,6bd02119599741a4,Aiemann Zahabi,Pedro Munhoz,1,0.605335065935919,0.522367988330654,0.585748397500516,0.512378980226128,0.654391663846839,0.594673197162965
2024-11-02,3ab0df1ddd5f1dc2,d29a82322bb083d9,b27a1fcb56a3035a,dd6103dd7127db1d,Trevin Giles,Mike Malott,0,0.356246101213197,0.379892787852697,0.378132391792952,0.309905840886051,0.449156953732064,0.36813404062659
2024-11-02,3ab0df1ddd5f1dc2,6ad594777cce2d7d,71505842fb6455c3,8e9eb3fc86db0f7d,Dustin Stoltzfus,Marc-Andre Barriault,1,0.41893330749182,0.36905390126078,0.4190013636624,0.351914499072326,0.487655124290346,0.418970483742017
2024-11-02,3ab0df1ddd5f1dc2,eaa885cf7ae31e0b,6551c64fbcd1a467,a9e260472d321361,Ariane da Silva,Jasmine Jasudavicius,0,0.448431050378897,0.474570438911967,0.477666567355596,0.402740036695667,0.551187434857816,0.464370227990716
2024-11-02,3ab0df1ddd5f1dc2,7edf2fe3a8776a44,49edd0d90f60fb7d,89839250eb25c9c1,Brendson Ribeiro,Caio Machado,1,0.349193944737565,0.395331095064209,0.372842769318135,0.310326530968177,0.438610794337364,0.362029057802703
2024-11-02,3ab0df1ddd5f1dc2,18729b11614406bf,47b63240018d5d86,669970f7feba8ecd,Rose Namajunas,Erin Blanchfield,0,0.359395677486625,0.401328293936245,0.372287158681271,0.290494240174652,0.461874125470887,0.366414034270998
2024-11-02,3ab0df1ddd5f1dc2,799acf3ae8a5df0a,6d35bf94f7d30241,792be9a24df82ed6,Amir Albazi,Brandon Moreno,0,0.370759282408546,0.31977459614549,0.350964785755428,0.284830143725901,0.421665616260177,0.359887541276496
2024-11-09,585f9ffdb0cd0466,32f2965b4f4c4ebf,9f5e3c20ce40b344,bd532e9a2b93870c,Klaudia Sygula,Melissa Mullins,0,0.588805783104205,0.572881668914301,0.591962245651077,0.535263963695365,0.645771605558623,0.590530968234826
2024-11-09,585f9ffdb0cd0466,582846744e379178,147e70aa6cc48cfc,6d48a2df51749d91,Tresean Gore,Antonio Trocoli,1,0.625738313880827,0.610117374227986,0.623341116393242,0.550343907790341,0.69292300970309,0.62442956761027
2024-11-09,585f9ffdb0cd0466,6fd1edb58d271f7c,bf7ad5628363eec9,da22387a0407a2dc,Cody Stamann,Da'Mon Blackshear,0,0.438814744789036,0.446149970085177,0.432248960640359,0.361189076415331,0.503925552418131,0.435225287272454
2024-11-09,585f9ffdb0cd0466,6b9ed3867dd42b3b,4aa58269d0664b5b,feedf3053472fe56,Matthew Semelsberger,Charles Radtke,0,0.473674252351826,0.528621519745833,0.48717914509236,0.416676651397068,0.559776701465987,0.481047980628122
2024-11-09,585f9ffdb0cd0466,c9d2a718f39274c0,03dee485905dbc9f,8adcbd525fab8d9b,Zachary Scroggin,Elizeu Zaleski dos Santos,0,0.440198188660009,0.456542807502438,0.452074077266998,0.381286797012718,0.526296488384915,0.446677962469649
2024-11-09,585f9ffdb0cd0466,e62033cb1e79aa81,cffb87059e645bd1,d7c3816669784109,Denise Gomes,Karolina Kowalkiewicz,1,0.661255554385585,0.653042794497903,0.670416564257908,0.581336349377126,0.751719553745226,0.666275399401066
2024-11-09,585f9ffdb0cd0466,ea6427379a83bd01,841695e02c99a521,866fd7b1a6c90e7f,Mansur Abdul-Malik,Dusko Todorovic,1,0.627527698661742,0.649380661152532,0.640888446069781,0.565700804038932,0.71119262356585,0.634851828217855
2024-11-09,585f9ffdb0cd0466,c31d9cac7534d879,38c7f72747f4f712,a3a542074109b347,Gillian Robertson,Luana Pinheiro,1,0.750621405373382,0.712082026525993,0.729391939994488,0.656564372574493,0.796822278177944,0.739163894201659
2024-11-09,585f9ffdb0cd0466,e6685759ed2af90d,8173f134396cb971,96924b0019b3aff1,Cortavious Romious,Gaston Bolanos,0,0.549932492894013,0.52474614023229,0.546217431597018,0.500080829642787,0.592186776543554,0.547903752053872
2024-11-09,585f9ffdb0cd0466,154138c8fc89c315,6ac9bc2953c47345,d549cefc7c54ab78,Gerald Meerschaert,Reinier de Ridder,0,0.652288426279103,0.633091191637847,0.641263490950639,0.56909907867658,0.712046660185099,0.646285241899907
2024-11-09,585f9ffdb0cd0466,73f451d894a1d4ca,7ee0fd831c0fe7c3,84b3e7d38f2d2ec5,Carlos Prates,Neil Magny,1,0.626510530727975,0.63014265330168,0.618996711212945,0.535870786940234,0.697862447694123,0.622413308207093
2024-11-16,daff32bc96d1eabf,40e2a7b65794ac05,4798e823ada58fe9,de594b35c45c2e9a,Veronica Hardy,Eduarda Moura,0,0.383729690929169,0.371062541679199,0.395748198835949,0.308872836448546,0.486545694381584,0.390278393520578
2024-11-16,daff32bc96d1eabf,9676a4e9362e4bfd,6b56e94a59b7b134,f4d92416da98804b,Oban Elliott,Bassil Hafez,1,0.683080336962908,0.614627793452732,0.668982784984184,0.613794355718007,0.721071704993144,0.675418920336475
2024-11-16,daff32bc96d1eabf,00414fc5519233b4,3d074044a33825e7,9e50097a89442158,Ramiz Brahimaj,Mickey Gall,1,0.525059437088673,0.558058807985009,0.530276168786687,0.436842900711455,0.61622265692446,0.527909900524657
2024-11-16,daff32bc96d1eabf,6c1faa6284428e5d,25f9a5f3e8a52618,c9cf753cfdf77fc2,Jhonata Diniz,Marcin Tybura,0,0.595977691152478,0.604856506710641,0.597729887867952,0.529205065029752,0.660244775807657,0.596935159432753
2024-11-16,daff32bc96d1eabf,c565e2baa27cc7e5,15ea371202eb25e1,ffe9703408fb5964,Roberto Romero,David Onama,0,0.365967492078973,0.362865602476822,0.377341848313014,0.289029556710087,0.4687194702327,0.372163287012903
2024-11-16,daff32bc96d1eabf,35c8223cc967fe0a,29af297d9f1de0f8,d1941565abf50b16,Damon Jackson,Jim Miller,0,0.524391181758074,0.522610527747021,0.513037961096084,0.413152256595604,0.611669568740011,0.518191699525842
2024-11-16,daff32bc96d1eabf,2a930e2d7e1f87a9,c0ac37a4a1133da9,f2477cf43c4975cc,Marcus McGhee,Jonathan Martinez,1,0.421539246570364,0.402941597307391,0.3997761740774,0.326150098547163,0.476152351843897,0.409607354123164
2024-11-16,daff32bc96d1eabf,55eebc2ee92bf00a,93b2b7caa457cbea,9c393e836a852f30,James Llontop,Mauricio Ruffy,0,0.410015405448293,0.425893043826477,0.413914083663101,0.338126590418762,0.488077667366003,0.412143744553739
2024-11-16,daff32bc96d1eabf,8545a2495db16538,36541f1e6c5d4955,9d62c2d8ee151f08,Viviane Araujo,Karine Silva,1,0.330284229579482,0.400142548736321,0.354322131764783,0.275884098043398,0.438120303933835,0.3433150619808
2024-11-16,daff32bc96d1eabf,cfd3e62c638fbd1f,35673bf5204524ee,eabf206b162b3b83,Bo Nickal,Paul Craig,1,0.821666665828817,0.733527870823535,0.803622414626658,0.738306048597647,0.861136333140351,0.811975646580922
2024-11-16,daff32bc96d1eabf,4f4189009a190e35,07225ba28ae309b6,4b93a88f3b1de35b,Charles Oliveira,Michael Chandler,1,0.835097317642338,0.872030582121762,0.833388864565722,0.748822991352885,0.904575793906474,0.834165800102803
2024-11-16,daff32bc96d1eabf,b35e47f2f58ef026,07f72a2a7591b409,d28dee5c705991df,Jon Jones,Stipe Miocic,1,0.771669525783524,0.697137206387807,0.774325359843889,0.688240063387525,0.846200322374818,0.773123032207437
2024-11-23,e955046551f8c7dd,86a2f07e0bf20297,37f560436d745c18,8c1ca54b5089d199,Nikolas Motta,Maheshate,1,0.437834587310926,0.495647636566356,0.44448674014992,0.389168877467436,0.500707878550407,0.441465805225008
2024-11-23,e955046551f8c7dd,f5f28a8b472b8012,32feae6d9a1e5047,86bace9e4ad85542,Quang Le,Xiao Long,0,0.364304236853555,0.350813211879899,0.362767742318598,0.302542699776794,0.421738335351496,0.363464560118059
2024-11-23,e955046551f8c7dd,38f1c83c19e99fa2,88be62d6c1e6dadb,bb2c3c3a466224af,Jose Ochoa,Lone'er Kavanagh,0,0.522188754570698,0.514504956748057,0.517644796214838,0.499051115090623,0.536808976230523,0.519706960882347
2024-11-23,e955046551f8c7dd,5dab54e34c2cfe01,17cb6d8e8187f304,798e48f9e7f6ba22,Nyamjargal Tumendemberel,Carlos Hernandez,0,0.58653047595476,0.562112656970713,0.58857594302049,0.533944724917549,0.638243701301944,0.587648215663772
2024-11-23,e955046551f8c7dd,baee9b2491c986e2,c940b42df95bbd28,d683f4870742b273,Feng Xiaocan,Shi Ming,0,0.63603701725339,0.6189630245521,0.641210404056803,0.610213016198723,0.673752162747023,0.638867038616744
2024-11-23,e955046551f8c7dd,828de4f5585c908c,296a120cb880477b,3be16d817b36098b,Kiru Sahota,DongHun Choi,0,0.497578871361902,0.495569313353156,0.494728436001396,0.462850014110151,0.527278727359709,0.496021749952316
2024-11-23,e955046551f8c7dd,9c207acb12c17a67,8677e67a75d65b8e,a474aade8eb3a8f0,Baergeng Jieleyisi,SuYoung You,0,0.533433506202722,0.529242789639144,0.535039746584371,0.514782376363956,0.554895657794325,0.534311025463112
2024-11-23,e955046551f8c7dd,56d2c00dfd391fcf,6967153c7edb4d87,8a65fd9ba31fd3f7,Ozzy Diaz,Zhang Mingyang,0,0.312582288280845,0.320115388724164,0.309213876124037,0.265342237592913,0.355249318545827,0.310739763390277
2024-11-23,e955046551f8c7dd,02ec66f311dce539,0845c81e37d3bcb3,9014c02eff8b3d62,Volkan Oezdemir,Carlos Ulberg,0,0.43621833964149,0.455659781500284,0.459867213997568,0.378251577996343,0.534286184483914,0.449107926759336
2024-11-23,e955046551f8c7dd,64d6d51219e0664c,2997e7fe3c9d3d4a,a6eb54ae17a551be,Wang Cong,Gabriella Fernandes,0,0.649516263383702,0.626939448232095,0.633137368381378,0.561697549682866,0.703993524865849,0.640609868854562
2024-11-23,e955046551f8c7dd,bec57d7cce0e6257,32490e80ddab1e5a,447f9858ae78f921,Song Kenan,Muslim Salikhov,0,0.42288472084645,0.404231350654757,0.421109844259698,0.355118761495575,0.488410096307856,0.42191491997698
2024-11-23,e955046551f8c7dd,f0c4aff7dd1ec4e9,c41d426cc7326d1b,d25240135aee03e5,Yan Xiaonan,Tabatha Ricci,1,0.340892793736634,0.391936851599489,0.350740793174816,0.281858034366646,0.422426798744669,0.346256028589348
2024-11-23,e955046551f8c7dd,f53573316a4f349f,aa72b0f831d0bfe5,d661ce4da776fc20,Deiveson Figueiredo,Petr Yan,0,0.510556988614985,0.46958490731095,0.502933488975815,0.413009371623439,0.590424761242517,0.506392927597363
2024-12-07,ad23903ef3af7406,eb94412f15c62650,0c25d0a5e8cdbf19,8667caa0451d245b,Lukasz Brzeski,Kennedy Nzechukwu,0,0.271336723609641,0.32275623070203,0.299720470530628,0.231290896870084,0.375187010496736,0.286631790188066
2024-12-07,ad23903ef3af7406,72b12a837290b327,971246648e162f0d,c47df9303d318c67,Chase Hooper,Clay Guida,1,0.862747625489949,0.832352009975645,0.85588049973961,0.790085130574163,0.90790720251904,0.859031120722921
2024-12-07,ad23903ef3af7406,a5c57b0f49e9f61c,b0d6a1d8ac3d563d,c58f51dedb310998,Max Griffin,Michael Chiesa,0,0.44608622592985,0.491719649811655,0.452821993813606,0.37076255374555,0.536274881661959,0.449763440457173
2024-12-07,ad23903ef3af7406,d38029cf47e54cf7,17e97649403ba428,7f6ed67d3ed3c036,Joshua Van,Cody Durden,1,0.65195818561508,0.562058224767767,0.643229707546974,0.576484075431947,0.711913896081797,0.647202337357301
2024-12-07,ad23903ef3af7406,0f16d83859d608c7,3a8176e15b9887c1,cad24459b28592ca,Chris Weidman,Eryk Anders,0,0.611217833865928,0.585148452378129,0.616115170294522,0.526180930167565,0.701818295328093,0.613895924075842
2024-12-07,ad23903ef3af7406,7c0d0a28a8fba102,c6aee362c7a7d482,f626118b6da0e020,Randy Brown,Bryan Battle,0,0.491643596417343,0.507504201760426,0.497779582244062,0.424439187158906,0.571827829401959,0.494995270347844
2024-12-07,ad23903ef3af7406,df30514e0674d598,76e2870ffafbe38f,cb696ebfb6598724,Movsar Evloev,Aljamain Sterling,1,0.533071277026456,0.498819917159811,0.518697545685545,0.417199094075265,0.614849219549835,0.525224697917984
2024-12-07,ad23903ef3af7406,4914f7bd073c6359,40f3cb27fc7305a1,6d4b63c767106d3a,Themba Gorimbo,Vicente Luque,0,0.535308104344819,0.497665621767612,0.505607181292052,0.411043538910005,0.599066210496876,0.519101098667167
2024-12-07,ad23903ef3af7406,97caf8fca9d9603b,2e19380f34871c6a,d4c9dcd330403612,Dominick Reyes,Anthony Smith,1,0.534120474146584,0.555431221299492,0.550322349893777,0.46014971647031,0.638104336001513,0.542982109408504
2024-12-07,ad23903ef3af7406,089388c9f00ce9c6,583ee11abddfc581,e93b04e308913c2e,Nate Landwehr,Dooho Choi,0,0.503288828202849,0.568202525376613,0.509935669845332,0.423324893352623,0.597904340549547,0.506920052334751
2024-12-07,ad23903ef3af7406,0292b9c31c0089ac,242d36d241b43c12,d9c6f19f958643e9,Kron Gracie,Bryce Mitchell,0,0.165133005101311,0.150884599917497,0.162055653903596,0.110568398782671,0.220056155566955,0.163446188614682
2024-12-07,ad23903ef3af7406,f706508c52f337a6,279566840aa55bf2,787bb1f087ccff8a,Alexander Volkov,Ciryl Gane,0,0.443258929438716,0.379885139502055,0.424108953681784,0.350069537866264,0.502424151805726,0.432773330361671
2024-12-07,ad23903ef3af7406,1569186ee820ea87,01afe0916a40c7c5,442c9011034ae1fd,Shavkat Rakhmonov,Ian Machado Garry,1,0.644193819832972,0.647564042142249,0.65188440918575,0.56890786369126,0.728801866625341,0.648404433292341
2024-12-07,ad23903ef3af7406,e761c5009c09b295,a0f0004aadf10b71,d33da8a3d82bdb62,Alexandre Pantoja,Kai Asakura,1,0.770515404956796,0.716647440060937,0.755416504724056,0.685196776867859,0.815538194915945,0.762349602460708
2024-12-14,72c9c2eadfc3277e,edf7ce89ad672e85,971dba22c622af12,e375cb5caf4717b6,Josefine Knutsson,Piera Rodriguez,0,0.591067724880282,0.57134039069607,0.577699852639641,0.52091795837184,0.634449770753921,0.583780694325911
2024-12-14,72c9c2eadfc3277e,b40e4deb48658851,113df4fde64735c6,c5ccd878231c5407,Davey Grant,Ramon Taveras,1,0.401089216156661,0.455037639945033,0.397773383447861,0.332293029366941,0.46554816197786,0.399276753268183
2024-12-14,72c9c2eadfc3277e,e5f9d59d00fe3c73,5c637af9472ae7cc,f29a6350c69f4a33,Jamey-Lyn Horth,Miranda Maverick,0,0.264434215704948,0.270769416343992,0.261779347370519,0.211910175566546,0.318116840721824,0.26298182211332
2024-12-14,72c9c2eadfc3277e,cf258c17234d649e,46e0d677f91bacc0,9256f591b30c073e,Miles Johns,Felipe Lima,0,0.458232739680382,0.424717689137637,0.449544876418531,0.367599399208673,0.533666233415132,0.453483382775953
2024-12-14,72c9c2eadfc3277e,ebeeed2595266bbc,4682bc59d5f55145,d2f43cfaf8ca3560,Sean Woodson,Fernando Padilla,1,0.491526381746602,0.49695194437201,0.478431762730539,0.408168689065072,0.54895564447293,0.484370672865652
2024-12-14,72c9c2eadfc3277e,b0be38110c2d8b84,58bbef3770bb2dfc,7cbf7c78d3b34218,Joel Alvarez,Drakkar Klose,1,0.56355427259257,0.556616471560197,0.567996989229397,0.479880493096371,0.65109640083627,0.56598247967308
2024-12-14,72c9c2eadfc3277e,9c24c03131d5b49a,511e82663651438d,ee18ff42063174df,Michael Johnson,Ottman Azaitar,1,0.617044508011067,0.607287591265986,0.603672662337593,0.5238276830442,0.684886785961086,0.609760486115359
2024-12-14,72c9c2eadfc3277e,2b6a75175bbca4e9,3e8118c1ab52f211,b4b496ec2197ee3e,Tuco Tokkos,Navajo Stirling,0,0.40484606606932,0.443510016272198,0.407802359305041,0.35672661466978,0.461917713566911,0.406460141637906
2024-12-14,72c9c2eadfc3277e,5238f6470d0557fb,0232cabbc30a2372,850266b3dc4e506e,Adrian Yanez,Daniel Marcos,0,0.380344558421756,0.404754054948243,0.39158022098325,0.322720857953258,0.459098471200357,0.38646715799709
2024-12-14,72c9c2eadfc3277e,7b1bc4ff776f12c1,71171fc96445bf65,e4277e87a789d687,Vitor Petrino,Dustin Jacoby,0,0.6466841592009,0.549463700542376,0.643975862580891,0.570491543188642,0.716433845601796,0.645205868516274
2024-12-14,72c9c2eadfc3277e,1a635a5e4551e7d5,294aa73dbf37d281,5d1b7e3dd9e11074,Bruno Silva,Manel Kape,0,0.41247544024375,0.357899904852286,0.393377172374881,0.330305201034906,0.457188270710559,0.402006149839369
2024-12-14,72c9c2eadfc3277e,7521015554088962,aa171d55d4b5208f,d247691a6c0e9034,Billy Quarantillo,Cub Swanson,0,0.51823211012962,0.471935844664443,0.510823334631201,0.421715084682105,0.597367157780786,0.514185748284156
2024-12-14,72c9c2eadfc3277e,00c6a2ef07ca51da,b9437600497350f3,dc9572dd6ec74859,Joaquin Buckley,Colby Covington,1,0.561410794002594,0.552038299678499,0.555584678947837,0.463988411265526,0.642268341744399,0.558230190433675
2025-01-11,81ddc98fceb30086,192619174bd1ad77,af65aa688d13eedf,ca28cdf526d6b6e9,Joe Solecki,Nurullo Aliev,0,0.436216811656052,0.462603746461073,0.410761637347037,0.313207519841237,0.516721525736908,0.422260957267299
2025-01-11,81ddc98fceb30086,f01851055b8309e0,6c9b66b43663f2f7,745fa7b605f8e2da,Viktoriia Dudakova,Fatima Kline,0,0.412258412055872,0.382000500496188,0.399649523199608,0.316274272818922,0.48713128303563,0.405355231116568
2025-01-11,81ddc98fceb30086,817cd15077a9419e,0abcf6bc47191219,6e344b71421103da,Bruno Lopes,Magomed Gadzhiyasulov,1,0.363706297615281,0.363255275808486,0.328919661593336,0.26665800896324,0.395826680484415,0.344499126285736
2025-01-11,81ddc98fceb30086,b33e3a6d15700bb1,e4faa79383c9f214,fc0a4053eb8a3a59,Ernesta Kareckaite,Nicolle Caliari,1,0.641643093151402,0.677926671622452,0.660234967174689,0.552523773163138,0.755075898104043,0.651856186856746
2025-01-11,81ddc98fceb30086,58eda5a58a89f739,85497ffd934ecf7e,9fe7af8b3fbe00a0,Jacobe Smith,Preston Parsons,1,0.291985648784412,0.271067942933748,0.259553706858227,0.189323594039992,0.340889239132411,0.273975743073898
2025-01-11,81ddc98fceb30086,54fa6e32330a8cca,cfc3e7bb44685289,d945aae53e3e54e6,Trey Ogden,Thiago Moises,0,0.470146566440701,0.477160789894842,0.451487718773802,0.339380762576923,0.566408856979367,0.459940198790896
2025-01-11,81ddc98fceb30086,8d68863242695224,260bd4cef10b033f,9384e71bca6c409d,Ihor Potieria,Marco Tulio,0,0.561437526376493,0.56135981600517,0.577144280450913,0.489853611474079,0.66270069316998,0.570034902017894
2025-01-11,81ddc98fceb30086,8a3281b0d7c168af,53c10176e3bc7416,84f727cf0166d6f2,Felipe Bunes,Jose Johnson,1,0.216587583617469,0.210153236578583,0.174067261582248,0.116224102932524,0.241338929216644,0.192487972189601
2025-01-11,81ddc98fceb30086,32cc31b76b32ade1,64facb6cc564262d,681399317dbf4701,Punahele Soriano,Uros Medic,1,0.315115925970143,0.272040088313261,0.284729074947835,0.198180925748274,0.381839853573144,0.298298002046544
2025-01-11,81ddc98fceb30086,03c1865919daeaa4,5ec591b78349ba7e,d3f89fa685bd8420,Christian Rodriguez,Austin Bashi,1,0.674266756950976,0.694577815789947,0.712805779491136,0.637303785790296,0.782527864871612,0.695655802455035
2025-01-11,81ddc98fceb30086,aa38e39397dbea72,5442f1bc4b47eaf3,9d83f6da776ff7d6,Chris Curtis,Roman Kopylov,0,0.464684934255709,0.476833052926849,0.439177783891637,0.35448717666706,0.528294196251543,0.450719729917215
2025-01-11,81ddc98fceb30086,a2a5809ed8a01b45,64d47ef881a437a4,eae431e70064e046,Cesar Almeida,Abdul Razak Alhassan,1,0.652575468315739,0.651486286125905,0.68536451735848,0.570921374000521,0.782986792457029,0.670691001833577
2025-01-11,81ddc98fceb30086,ce4fc800a7456d18,6d1bffff14897645,a53d30163304aa6e,Santiago Ponzinibbio,Carlston Harris,1,0.555584574683165,0.609485329783307,0.549263657316782,0.446362278711337,0.649835084073412,0.552133781387418
2025-01-11,81ddc98fceb30086,f46308108eb9261a,7447e9f28508106a,beecb672a279223e,Mackenzie Dern,Amanda Ribas,1,0.323331302682667,0.256022798471858,0.309119782179073,0.225496582823875,0.407095465219767,0.315525468735764
2025-01-18,39f68882def7a507,e294a1e5723011db,b62d5280966b2460,f00ac08ab056af5d,Clayton Carpenter,Tagir Ulanbekov,0,0.500152503456089,0.460755242976971,0.523636429340614,0.426913252808075,0.619811705379215,0.512987634291475
2025-01-18,39f68882def7a507,95ba27bea09cd84e,b6c37948cb226e8c,cd3d7e37ff2d679c,Benardo Sopaj,Ricky Turcios,1,0.575926215584798,0.604466360068771,0.603266728947051,0.503420863992269,0.696271542469608,0.590930311491949
2025-01-18,39f68882def7a507,e5e3d396a9b1c5ae,a54660deb6a8489c,d8c811df0386d5e8,Muin Gafurov,Rinya Nakamura,1,0.455091896381661,0.496856898654359,0.42440306698776,0.310978435684996,0.544385780074263,0.4382701155098
2025-01-18,39f68882def7a507,340fcdcabc49f142,06e4245d16fc5315,351c4ec637380ad5,Ailin Perez,Karol Rosa,1,0.713785977425471,0.780109599144139,0.736271933844402,0.645234220121469,0.812167312274659,0.726210921076136
2025-01-18,39f68882def7a507,aa3fca085d476636,99bd51917728c25d,f53d4f21d1b5f2dc,Grant Dawson,Diego Ferreira,1,0.770337305540929,0.80070698877095,0.818188275880659,0.72770673318008,0.886744840166876,0.797503877602086
2025-01-18,39f68882def7a507,a6db8eb1fb3eebf2,07a74004d964c7f4,ef5dcb10d2bd4b0f,Billy Elekana,Bogdan Guskov,0,0.514999505943282,0.525743976816115,0.518923865060699,0.445282586480861,0.594642337028995,0.517143502051517
2025-01-18,39f68882def7a507,938081fae11dcbbf,23dec7c47cb418f8,3bc3f60b21cddc6a,Zachary Reese,Azamat Bekoev,0,0.665804188435654,0.695365916895755,0.695248752768067,0.625552795279955,0.756413625287933,0.682067644239392
2025-01-18,39f68882def7a507,d14f98b24691d082,6e743a33d56bdaa4,b9f28e7045fdfce7,Payton Talbott,Raoni Barcelos,0,0.795764279861195,0.824309837348315,0.847962142964377,0.793338274002732,0.894831643835225,0.825773045870034
2025-01-18,39f68882def7a507,69d63c057aebffaf,3a46b268013afede,d549cefc7c54ab78,Kevin Holland,Reinier de Ridder,0,0.542880146372571,0.563985961142947,0.562679494007086,0.451965168151283,0.666579582868762,0.55371668620274
2025-01-18,39f68882def7a507,54d48b33e7240452,41e83a89929d1327,e2f6b2769aaedd6c,Jailton Almeida,Serghei Spivac,1,0.742318679834841,0.76794890693331,0.773722604806858,0.683294547816194,0.849237371107864,0.7598181665932
2025-01-18,39f68882def7a507,959fea398ffa5778,009341ed974bad72,5444c5a201d3ee5a,Jiri Prochazka,Jamahal Hill,1,0.419866554200201,0.410675619864279,0.417280938025454,0.328773844070078,0.511133862345081,0.418453570632753
2025-01-18,39f68882def7a507,f39941b3743bf18c,2b6fc1c02736833d,c03520b5c88ed6b4,Umar Nurmagomedov,Merab Dvalishvili,0,0.574950139102175,0.582772360594102,0.595777319855623,0.477694516572286,0.699346974152741,0.586365241651213
2025-01-18,39f68882def7a507,daef1691c7d6b1e4,275aca31f61ba28c,b6452706b373eea1,Islam Makhachev,Renato Moicano,1,0.822043795609109,0.87067345895678,0.86452792829251,0.797466207546714,0.915033785384632,0.846419195178395
2025-02-01,80dbeb1dd5b53e64,984ce1062186f3ce,3329d692aea4dc28,f41b9f5efc7162d6,Hamdy Abdelwahab,Jamal Pogues,1,0.531901080778364,0.51731078878785,0.52573427941663,0.438378974445185,0.608821253442408,0.528533466155473
2025-02-01,80dbeb1dd5b53e64,750257171ad29a2c,11583163f45c7b31,fb37795db81f93f3,Lucas Alexander,Bogdan Grad,0,0.606256170362521,0.619754213848913,0.621187200847229,0.541352922264695,0.695263530275614,0.614439015133091
2025-02-01,80dbeb1dd5b53e64,91bf33ada75d6061,a9e260472d321361,cc8c623cca88f54f,Jasmine Jasudavicius,Mayra Bueno Silva,1,0.635195635883876,0.680679233012405,0.646531731358199,0.535350752296425,0.749296718030012,0.641407653365545
2025-02-01,80dbeb1dd5b53e64,e97e71a593e4c28d,38c626ca912c7bac,809bd1a871491508,Damir Hadzovic,Terrance McKinney,0,0.334712104467512,0.333756195016088,0.292388404187013,0.189894133441834,0.421722884238874,0.311205745426187
2025-02-01,80dbeb1dd5b53e64,43bbaf06603b0f0c,6747ccd6d1acd266,764d39074a352e33,Shamil Gaziev,Thomas Petersen,1,0.354035468891263,0.325709419633696,0.332217434337438,0.257198923308213,0.414042911558118,0.342034757300204
2025-02-01,80dbeb1dd5b53e64,940f586104bf8bc8,7facc9c45d792985,8d11d9c13e2ccdf7,Kaan Ofli,Muhammad Naimov,0,0.295862915557932,0.283349928148549,0.253699007510736,0.188443780602149,0.324639867236931,0.272330187864202
2025-02-01,80dbeb1dd5b53e64,775788423f5eeb99,1e4f273069fb9e85,fb3e61720be4690c,Fares Ziam,Mike Davis,1,0.701628006899633,0.699497276617547,0.755398746554699,0.652061460625017,0.841523354656002,0.731834251809004
2025-02-01,80dbeb1dd5b53e64,70b8dca3addcf4de,0fd5f4b838e890cc,18d01f7f8338ae72,Said Nurmagomedov,Vinicius Oliveira,0,0.585030998814161,0.547952945924805,0.606456294618672,0.504141128583095,0.701954569563698,0.596780264736976
2025-02-01,80dbeb1dd5b53e64,3c00f34f20c8a189,2cd428e9606856fd,f14cf73e51b29254,Jairzinho Rozenstruik,Sergei Pavlovich,0,0.357404695320665,0.310758645585607,0.335595419961565,0.234382907475989,0.454797491185606,0.345410971114507
2025-02-01,80dbeb1dd5b53e64,426e7a3de68117b0,06734ca9d88dec3a,a67d071163962af8,Shara Magomedov,Michael Page,0,0.549607434177618,0.557115057642254,0.567641336034809,0.457480201236055,0.668661827530207,0.559477965524949
2025-02-01,80dbeb1dd5b53e64,85e79748b75eb30e,1338e2c7480bdf9e,881bf86d4cba8578,Israel Adesanya,Nassourdine Imavov,0,0.352156406856388,0.325942833948829,0.319901066573521,0.233508632155571,0.418613355691838,0.334346275948276
2025-02-08,e6015889f50075d2,4218d1d1ce6d322c,17734443a833cdf7,a72a2a769fa5a2be,Quillan Salkilld,Anshul Jubli,1,0.586553197804021,0.614484780288532,0.61912558711828,0.533668883464172,0.699785785187156,0.604459905821997
2025-02-08,e6015889f50075d2,8bc8bb0021337de7,dda15dbfafb792df,f782f953bfe7b5f2,Kevin Jousset,Jonathan Micallef,0,0.509186565227933,0.524411814113724,0.50446007260758,0.418585670543964,0.591043955439702,0.506604802259185
2025-02-08,e6015889f50075d2,1f70a4516a70abf2,a13d755965a4ec9f,aebaa8cec15b083d,Rongzhu,Kody Steele,1,0.420653274170359,0.395787159216089,0.41817145818311,0.321134287496646,0.522569168519634,0.419297042096338
2025-02-08,e6015889f50075d2,c7fadbdfdc14c282,4a6dff1b260bcf61,ed7d329d7c29428d,Aleksandre Topuria,Colby Thicknesse,1,0.437456279681188,0.431035761826842,0.41897208937004,0.4036086864072,0.434000149565814,0.427334101152451
2025-02-08,e6015889f50075d2,946cae1beed2baec,2997e7fe3c9d3d4a,7138a15258dabf20,Wang Cong,Bruna Brasil,1,0.525071991686931,0.520509414873283,0.507895493777248,0.402934921701759,0.606729144849919,0.515693841003396
2025-02-08,e6015889f50075d2,64641156360b1b81,19c591115a58982c,6c3b2525436cf5d4,Viacheslav Borshchev,Tom Nolan,0,0.432140099675702,0.417378435720843,0.403836387476744,0.316854339852883,0.497367997642079,0.416611471050382
2025-02-08,e6015889f50075d2,c35a53be30bfd066,a9da3158dd2c2b5a,f2f140ce7532e327,Jack Jenkins,Gabriel Santos,0,0.471976798625749,0.431704988267904,0.469817435657486,0.392427281100467,0.547238111786538,0.470797081336679
2025-02-08,e6015889f50075d2,4ce53d8a26693f06,3920d0cc288f9b0d,a845f0735bc67405,Francisco Prado,Jake Matthews,0,0.411950528504008,0.356576075180159,0.397976628186811,0.305027782393123,0.50192212233186,0.404297958039629
2025-02-08,e6015889f50075d2,8435f90fbd50c7a5,17923f676f100e16,e13abac8089a801a,Tallison Teixeira,Justin Tafa,1,0.626337341810806,0.633328516725295,0.659792820436832,0.548392184746267,0.758360752923897,0.644786518839762
2025-02-08,e6015889f50075d2,03c2a836d033be8f,1ebe20ebbfa15e29,b08012bbe542592a,Zhang Weili,Tatiana Suarez,1,0.392023913418097,0.337708187998364,0.403690959466184,0.268305443673557,0.5486444413757,0.398382836124265
2025-02-08,e6015889f50075d2,d13849f49f99bf01,0d7b51c9d2649a6e,0d8011111be000b2,Dricus Du Plessis,Sean Strickland,1,0.76994103924905,0.79498427627331,0.806460861063928,0.730066535434135,0.869121898505701,0.79046289671184
2025-02-15,ce7871949b0ed2bf,58668a0736602842,86d9dbe1bfcbade7,e3964ece586e0635,Julia Avila,Jacqueline Cavalcanti,0,0.0767602781219839,0.0424575780269815,0.0447770715277086,0.0264642217088432,0.069884041239696,0.0573113976607933
2025-02-15,ce7871949b0ed2bf,3b2a24db4eeaeede,1a9480fc288e55d7,f5779a2303ed76ec,Don'Tale Mayes,Valter Walker,0,0.365961122325032,0.38471019375376,0.330561824817608,0.249571877722946,0.422225803830476,0.346415211555668
2025-02-15,ce7871949b0ed2bf,07b357090cc91c2c,37098a6e6c27fb66,7478b7f959ba61f5,Vince Morales,Elijah Smith,0,0.325475517181922,0.344046704638644,0.271271240741012,0.201738544148692,0.346671982388717,0.295159577400809
2025-02-15,ce7871949b0ed2bf,7b9f169016746f81,01641ba5df0c69b0,2558ae2e5671e318,Gabriel Bonfim,Khaos Williams,1,0.646915986923437,0.674483079470068,0.661710442747976,0.552713623300154,0.76131278256044,0.655034729453626
2025-02-15,ce7871949b0ed2bf,2ae33fce63a75df9,83455a9d17f57dae,c051c2e12d692b8a,Rafael Estevam,Jesus Aguilar,1,0.447489448727016,0.473963927168716,0.431432365965879,0.329941771354236,0.540555793658908,0.438702271446683
2025-02-15,ce7871949b0ed2bf,f4817d5cbe9be532,8bd4200561c77a62,f0feeb2192937424,Ketlen Souza,Angela Hill,0,0.671031875325525,0.70950588935732,0.706853342155498,0.610351919450938,0.787717747748858,0.690881299623894
2025-02-15,ce7871949b0ed2bf,2a493f15e079a7ff,36e78278a77006d4,7d6ceff6747f2de2,Connor Matthews,Jose Delgado,0,0.326040221610449,0.314876382681949,0.281849616045837,0.222073619373207,0.347585696349759,0.301449729407434
2025-02-15,ce7871949b0ed2bf,875b249ebe45a66b,260e9e0d4954aea6,5f61780fe5e9b6d0,Rodolfo Vieira,Andre Petroski,0,0.516144220016248,0.557076466949573,0.495207345784115,0.372559021292403,0.622491923196703,0.504709488217532
2025-02-15,ce7871949b0ed2bf,ce1436a9b58902a7,eb393afdbe3293d5,ff62013d2fce6d13,Ismael Bonfim,Nazim Sadykhov,0,0.708481194127217,0.765830885282218,0.749925996188214,0.674751856220469,0.818194927741642,0.731617166850125
2025-02-15,ce7871949b0ed2bf,f5386c98fea7f5d4,4144798612ef96e5,a817e238b2747404,Edmen Shahbazyan,Dylan Budka,1,0.575318015953735,0.518917779837341,0.608629391421713,0.510711790421318,0.697362765635756,0.59362021593778
2025-02-15,ce7871949b0ed2bf,68913a422f548ccc,52c2ae6d2f2d2613,751de04455cfaac0,Youssef Zalal,Calvin Kattar,1,0.720479036773973,0.708808076304272,0.771502149072441,0.654016533542774,0.864939678460702,0.749193559372076
2025-02-15,ce7871949b0ed2bf,365e2d891b98b86d,13a0275fa13c4d26,d1c65d2cf2925ddd,Jared Cannonier,Gregory Rodrigues,1,0.31125583447918,0.306462213859239,0.274471566533686,0.191342319137051,0.379745977052207,0.290825275397867
2025-02-22,c50ea21fe9ef478d,b6475543ab6d20c9,09a4447655fd4b7b,476fe566d2df676e,Rafael Cerqueira,Modestas Bukauskas,0,0.382434337858721,0.402959860133206,0.33208349068723,0.245342369629095,0.432521487404479,0.354535949231184
2025-02-22,c50ea21fe9ef478d,e9dfc2f009a77a8d,49d2a08964c5eb11,9508cc6184cb2450,Nursulton Ruziboev,Eric McConico,1,0.681258415198584,0.701194103205189,0.720691585813442,0.630850940209003,0.79740595487104,0.703170377001972
2025-02-22,c50ea21fe9ef478d,615f7f894bafad82,0f1efce7d2571d10,32c3ee378671a5d9,Nikolay Veretennikov,Austin Vanderford,0,0.658951573033565,0.72049227953095,0.675654548788324,0.610306627890636,0.734031507685064,0.668127995375139
2025-02-22,c50ea21fe9ef478d,bc6d70ab959dce70,5987b2458f4b5290,bbab3baf66128ae2,Ricky Simon,Javid Basharat,1,0.438353793371699,0.481195587800201,0.419761945923045,0.331929374796341,0.513721080914257,0.428172821185952
2025-02-22,c50ea21fe9ef478d,e011819e721c4a2a,7eaa5e31c2dd86aa,841695e02c99a521,Nick Klein,Mansur Abdul-Malik,0,0.322180497925978,0.297613424364766,0.283470783418434,0.23280993283551,0.338730200251015,0.300686519871565
2025-02-22,c50ea21fe9ef478d,3ded9bfdfb75f39b,20bccc9bb4ceb23e,8fd808923cffff82,Melquizael Costa,Andre Fili,1,0.70762364747099,0.721190460969813,0.74461330777539,0.656213942118438,0.819821386437514,0.728216665183609
2025-02-22,c50ea21fe9ef478d,08763e87e10b9709,6e8f1bcdda94ff45,cd13728ae1151f46,Ibo Aslan,Ion Cutelaba,0,0.681044236489405,0.672237670644629,0.715714965400357,0.620863294059269,0.796165779777086,0.700265145831688
2025-02-22,c50ea21fe9ef478d,c0d8a231d2f1d1af,6add18754930182b,a495f599e787614f,Julius Walker,Alonzo Menifield,0,0.610720013247767,0.620874179284711,0.635906636665237,0.544283793595598,0.716915148323183,0.624561422051913
2025-02-22,c50ea21fe9ef478d,8ef7723b6a8b45e1,52ef95b5860fb28c,a52bc1e62cf0b7c6,Jean Silva,Melsik Baghdasaryan,1,0.697955800182666,0.734423221777636,0.734548861186115,0.657962743107433,0.804314299444042,0.718299636441596
2025-02-22,c50ea21fe9ef478d,19c8092496e94b85,05339613bf8e9808,ffd3224638c01b57,Rob Font,Jean Matsumoto,1,0.374079876189172,0.367471126763493,0.352736115786077,0.236669434988553,0.486977363178157,0.362353711345692
2025-02-22,c50ea21fe9ef478d,0cdca4c22b8d3ab5,093e1f5bb73850be,2f181c0467965b98,Anthony Hernandez,Brendan Allen,1,0.639660082070176,0.69821730828287,0.651759713038978,0.529772856853518,0.763855787117888,0.646292814634535
2025-02-22,c50ea21fe9ef478d,b959e2c1d16ff832,056c493bbd76a918,efb96bf3e9ada36f,Henry Cejudo,Song Yadong,0,0.36100513249792,0.345544053436059,0.319566563523642,0.222486751565376,0.427509167452522,0.338064354366307
2025-03-01,9766ed20b68c7c33,206b8c14546d71f1,7d0a1968b38ca439,814e5233e2acf2ee,Ramazan Temirov,Charles Johnson,1,0.365830482886718,0.316670400602756,0.352092555489863,0.238283721648027,0.477948858335061,0.35829723473887
2025-03-01,9766ed20b68c7c33,1ada4b9ee5810e0f,05fa626cb33d15b8,6fd953151d981979,Andrea Lee,JJ Aldrich,0,0.408331286933935,0.431283741951614,0.369369864324763,0.274396455325428,0.473656201144336,0.386870943304149
2025-03-01,9766ed20b68c7c33,1de799f17556b501,710f0f8c5d5c9d41,d964a59c48381cb6,Lucas Almeida,Danny Silva,0,0.212219890365495,0.177411928318313,0.164724064950809,0.118433400803182,0.220363212552619,0.185129642213131
2025-03-01,9766ed20b68c7c33,dd1df7f5a54fd9fc,1ae8f3c723aacff4,e0c6edcb5b5d0b90,Ricardo Ramos,Chepe Mariscal,0,0.244875401282932,0.194094822098705,0.214533477419252,0.135318803503585,0.317670965058357,0.227951376956464
2025-03-01,9766ed20b68c7c33,a857acedb53ee959,39d309957c5c210d,be9bdec19b7e9ffe,Mario Pinto,Austen Lane,1,0.70667714334565,0.738191799859556,0.754430157292032,0.686495368391746,0.815305161222273,0.733428292864768
2025-03-01,9766ed20b68c7c33,d6c3b730dc9f21a5,8b6e5dc2ba1edbe7,b7c5eb7cdbac6a63,Sam Patterson,Danny Barlow,1,0.443610805832247,0.461971679838951,0.427850000609897,0.346735186526344,0.513257571649402,0.434985089243474
2025-03-01,9766ed20b68c7c33,0dfdc94c1da32e20,41cc71cbf210e0fe,e1d40e8782d80bc2,Hyder Amil,William Gomis,1,0.342763433604305,0.349857110761873,0.286410504400482,0.201987468138607,0.380523109153736,0.311297970422669
2025-03-01,9766ed20b68c7c33,061990783b9bdb36,323d4ca260dfa0ba,b7b84ccd221be298,Esteban Ribovics,Nasrat Haqparast,0,0.516592882133503,0.54817696205282,0.495449761633632,0.401045446487387,0.591309565280283,0.505045683410084
2025-03-01,9766ed20b68c7c33,6bdf0756fb57aced,d0e1b42d41dab603,f14f644d41ade29f,Julian Marquez,Cody Brundage,0,0.304188120225078,0.273660398381265,0.26576760791871,0.148966599162215,0.418543172757371,0.282812856244156
2025-03-01,9766ed20b68c7c33,9d8a37f130db13e5,5d1b7e3dd9e11074,8d3273573b85be09,Manel Kape,Asu Almabayev,1,0.470595834219486,0.432148898129237,0.474005546949347,0.37799680798232,0.573347344146732,0.472458117690609
2025-03-08,ca936c67687789e9,96c2f85b46e98e91,312f7d7b2b2f7de4,6967153c7edb4d87,Djorden Santos,Ozzy Diaz,0,0.556668859544153,0.549013056100077,0.584064582364229,0.495001984931889,0.667151221824784,0.571687922496675
2025-03-08,ca936c67687789e9,19fe7177254802d1,480779d7f9a424d3,5d495dec23d7c68e,Mairon Santos,Francis Marshall,1,0.692992082231568,0.750603025993271,0.722444398631728,0.653949487328616,0.783670907579081,0.709297270889101
2025-03-08,ca936c67687789e9,cab4937435d081d0,28d421729451c8ca,cdb96af67d096b1e,Carlos Leal,Alex Morono,1,0.689968087910649,0.710786949196817,0.713575614084628,0.611507009482024,0.804919555453331,0.702997455653197
2025-03-08,ca936c67687789e9,e61cb905f6152183,1e719d4b676dc19a,369ea36e450ae62a,Brunno Ferreira,Armen Petrosyan,1,0.599860175380687,0.585266244658524,0.621170971245783,0.528070914859376,0.704456313403273,0.611553977470476
2025-03-08,ca936c67687789e9,af3e43049bc86fe9,17e97649403ba428,2f43a3e82661fa99,Joshua Van,Rei Tsuruya,1,0.556705780759548,0.520473763856722,0.574073776581084,0.478344376616337,0.661910750166778,0.566213271618654
2025-03-08,ca936c67687789e9,231968c02cdfe65e,887961364be5ceb3,9c393e836a852f30,King Green,Mauricio Ruffy,0,0.454563764395129,0.479570119406096,0.427059561540406,0.313291287567446,0.553746893102762,0.439493839103589
2025-03-08,ca936c67687789e9,79f1c9f97d83ec83,3df5493bb279226f,abcf2cc6efc42031,Amanda Lemos,Iasmin Lucindo,1,0.144650312757909,0.114917111515358,0.0973961135726943,0.0653038032839921,0.138686174743352,0.116847212082101
2025-03-08,ca936c67687789e9,a3cd6a65aaa9f104,4d8fa64202cee4c1,e4a47b07044ddd72,Jalin Turner,Ignacio Bahamondes,0,0.386543562916893,0.430754440671215,0.347989916732962,0.262699065394381,0.443205958790585,0.365271501891952
2025-03-08,ca936c67687789e9,a2f31cf3a28a7730,9e8f6c728eb01124,c814b4c899793af6,Justin Gaethje,Rafael Fiziev,1,0.567506685230719,0.60914168944914,0.578401355399935,0.468899042314005,0.682823670252564,0.573466842960626
2025-03-08,ca936c67687789e9,9e05fe95a4fc63bc,d802174b0c0c1f4e,e5549c82bfb5582d,Magomed Ankalaev,Alex Pereira,1,0.427864538183853,0.361150764517333,0.424501437918986,0.306804461236993,0.545590663596293,0.426026550983676
2025-03-15,39f62b833e4cf126,a8f8245096eaf0cd,c3d2b9bcb4cead6b,f1ab6f37492c630a,Yuneisy Duben,Carli Judice,0,0.332548643392838,0.276214406663454,0.314476626492949,0.244904001391358,0.393830261509424,0.3226111704299
2025-03-15,39f62b833e4cf126,1c62a7444808d97f,68d35296f566792b,b1e5bcaad32a3cac,Josiane Nunes,Priscila Cachoeira,0,0.848783031043619,0.873589069811521,0.893078908721672,0.82021696679084,0.942944004604141,0.874596446053048
2025-03-15,39f62b833e4cf126,5d8af316413ea2f7,b1f21ce050035d58,e8fe9c15d348e778,Andre Lima,Daniel Barez,1,0.797890162999964,0.837719575036335,0.852162229877906,0.797679274661662,0.895599884285626,0.829193401170627
2025-03-15,39f62b833e4cf126,5fa6543868367f4b,1b35af4d1529adf6,e94085e821bd81de,Stephanie Luciano,Sam Hughes,0,0.727594683779235,0.794900279285678,0.766519215834966,0.704602199519759,0.821220532518336,0.749350464309074
2025-03-15,39f62b833e4cf126,cb3eb07b7152366e,07f959e6596307bb,723b64c0e9a8f348,Carlos Vera,Josias Musasa,1,0.244643837703635,0.19685100970006,0.195426148289552,0.138924913528586,0.258380122076821,0.216773267836025
2025-03-15,39f62b833e4cf126,29d9c5a3f2b78903,a474aade8eb3a8f0,d1053e55f00e53fe,SuYoung You,AJ Cunningham,1,0.764433545995219,0.797489801007208,0.81337835111993,0.740454682468627,0.869041149695672,0.792205971887152
2025-03-15,39f62b833e4cf126,74bc22b367cca118,a67f5afa8d6a1b80,fc08099550072fe4,Ryan Spann,Waldo Cortes-Acosta,0,0.454958822333197,0.427616803412076,0.437446038544699,0.325535556971423,0.556483056217936,0.445375583707646
2025-03-15,39f62b833e4cf126,36db86c39ed09997,239d8e5359022f3b,a68575214ecad140,Kevin Vallejos,SeungWoo Choi,1,0.632682345078988,0.541100088870455,0.679523306902313,0.568098945598094,0.776885253046455,0.658648493125522
2025-03-15,39f62b833e4cf126,e56403718205b494,49edd0d90f60fb7d,709fadb644ee3f51,Brendson Ribeiro,Diyar Nurgozhay,1,0.45527849010859,0.428774386368115,0.452520941639887,0.377357369878036,0.532283445822804,0.453771789950133
2025-03-15,39f62b833e4cf126,ab1aa23060d4e87b,700a674c042b7a96,da22387a0407a2dc,Cody Gibson,Da'Mon Blackshear,0,0.313796443939177,0.295987964310805,0.27050943608255,0.203374850829713,0.344819126635382,0.289681380638672
2025-03-15,39f62b833e4cf126,d8f40b82364b6411,262a7d06203657e6,a7151778b3381036,Alexander Hernandez,Kurt Holobaugh,1,0.763184568389137,0.773242665224821,0.812927791700747,0.730233671062386,0.877034333006751,0.791421106663553
2025-03-15,39f62b833e4cf126,c83133ee114945ed,8adcbd525fab8d9b,c68c68efaa5ca6ef,Elizeu Zaleski dos Santos,Chidi Njokuani,0,0.506149992533548,0.441330448072506,0.517997010538314,0.397955312281972,0.638197952990442,0.512623297999053
2025-03-15,39f62b833e4cf126,67f7163e536d62e2,327d5f279895110d,7acbb0972e75281a,Roman Dolidze,Marvin Vettori,1,0.437608317659302,0.399054049413184,0.410645873210224,0.304389884732424,0.527936875704912,0.422823397245551
2025-03-22,cc2ad11b1f9d818b,265dbd9be8caa7de,7772b283d288dbe2,ec13c393d029297d,Guram Kutateladze,Kaue Fernandes,0,0.418182149214388,0.409708242498689,0.392762555011217,0.324306907138229,0.466443070535649,0.404233255423271
2025-03-22,cc2ad11b1f9d818b,1b02588149d126bf,42ac4020cba261ad,a2d342ffc83913ed,Caolan Loughran,Nathan Fletcher,1,0.330685096406168,0.279156436329531,0.300370133419394,0.22687249917467,0.385988607476115,0.313929986649806
2025-03-22,cc2ad11b1f9d818b,a693622ad8c0d672,19f8a2f6eecd92ac,9c442aaf149ea982,Puja Tomar,Shauna Bannon,0,0.497690549830747,0.508152358936459,0.495464206463886,0.424141827109795,0.566006415031015,0.496474361727807
2025-03-22,cc2ad11b1f9d818b,8af2b589d5e9c1ae,22e07d3da1aa3475,a93f94c923c3a9cb,Andrey Pulyaev,Christian Leroy Duncan,0,0.317025253028688,0.293351628382906,0.285903629815261,0.219740074418354,0.359023316862636,0.299797651092404
2025-03-22,cc2ad11b1f9d818b,dd229687cb62c871,0d5cc0170c1a7e71,c9cf753cfdf77fc2,Mick Parkin,Marcin Tybura,0,0.691668205071616,0.747921059986519,0.726742075950166,0.646973123665881,0.799658979227212,0.711138118974048
2025-03-22,cc2ad11b1f9d818b,e5a88f5c686173c4,5cdf5339728f580d,bb2c3c3a466224af,Felipe dos Santos,Lone'er Kavanagh,0,0.46411483631348,0.448803383762304,0.441688234878571,0.351458752274273,0.532056251905525,0.451840113764748
2025-03-22,cc2ad11b1f9d818b,2a1071689c3af9df,06626b6287e1ae1e,4c88a1db5a46c6a4,Chris Padilla,Jai Herbert,1,0.711931961761973,0.744630730590266,0.760279731745021,0.671481773872275,0.834970602572633,0.739050475072224
2025-03-22,cc2ad11b1f9d818b,9779eb1aae1d4654,329e403448756217,5b03b61f9d90125e,Nathaniel Wood,Morgan Charriere,1,0.439975952450069,0.444765595785411,0.424506215483951,0.324664719391557,0.527398291106355,0.43150895580566
2025-03-22,cc2ad11b1f9d818b,8e6640c007ad603d,6d38e41efa47a72d,fd406a32a6fb3a29,Jordan Vucenic,Chris Duncan,0,0.464532814061848,0.484254085017956,0.448330844247929,0.346764689080547,0.553413742246546,0.455670768880473
2025-03-22,cc2ad11b1f9d818b,b5b4b69bccb9ff4a,51018a31ddf31eb2,545092d13c67aa49,Molly McCann,Alexia Thainara,0,0.417443104545359,0.397050076553728,0.399517435623063,0.296333674812435,0.509930830733139,0.407620695833188
2025-03-22,cc2ad11b1f9d818b,96c6be6b22385967,3a46b268013afede,fd55393021a8c255,Kevin Holland,Gunnar Nelson,1,0.501102576464653,0.524753683233597,0.505701839538212,0.360940935783545,0.648886688827526,0.503615060906305
2025-03-22,cc2ad11b1f9d818b,6d9ea9f436ed354d,9014c02eff8b3d62,99df7d0a2a08a8a8,Carlos Ulberg,Jan Blachowicz,1,0.674967254815956,0.702700588343582,0.708326785493721,0.612877207186248,0.794841546081454,0.693439042668036
2025-03-22,cc2ad11b1f9d818b,371ed8497799998e,45f7cb591c3ab00b,f1fac969a1d70b08,Sean Brady,Leon Edwards,1,0.485057495505775,0.503608666394659,0.477213156200881,0.359240308680111,0.596389470270313,0.48077125580352
2025-03-29,0f7210aa8d61af8d,9f66d450af690df5,d2cd7a69cc55e7ed,e2be0c1a9b886d92,Austin Hubbard,MarQuel Mederos,0,0.399447756982829,0.394904540851323,0.365897310290327,0.287458505590782,0.452481238264637,0.380981076644851
2025-03-29,0f7210aa8d61af8d,e2e2537a345367d4,b909a9a9688b5284,e00a3dee329a51f7,Gabriel Miranda,Jamall Emmers,0,0.251619223740736,0.207514225509072,0.203881409960967,0.119326676752743,0.311299577671921,0.224663039843147
2025-03-29,0f7210aa8d61af8d,7e3fc760b26b6ae4,c77a953488e5607d,e132d47bd9efbbe0,Vinc Pichel,Rafa Garcia,0,0.25140354175575,0.247059760371355,0.181977860140031,0.115060172476802,0.267049073378388,0.211463387313867
2025-03-29,0f7210aa8d61af8d,7efca050bc7be8ac,8e5d953bdb9ae5e7,abb68e3c7ca128f2,Loopy Godinez,Julia Polastri,1,0.565654011782574,0.604550699337444,0.567440087443268,0.483857881510912,0.646708037668563,0.566629894875603
2025-03-29,0f7210aa8d61af8d,41cdbcc0f3635b8f,20bccc9bb4ceb23e,5ec591b78349ba7e,Melquizael Costa,Christian Rodriguez,1,0.492271041003871,0.545982425152211,0.471270699065697,0.345294139307246,0.596681503924361,0.480791185288809
2025-03-29,0f7210aa8d61af8d,64fe6e61a24dbf39,2f815ed5f8278ba6,baa9be02c3e3e038,Ateba Gautier,Jose Daniel Medina,1,0.714626993945975,0.727272484685836,0.774613300681363,0.712684171393487,0.830631946803315,0.74855141216497
2025-03-29,0f7210aa8d61af8d,5ba7dd466e30169f,34b96d52db1d26e6,f2900678e98f6d6a,Kevin Borjas,Ronaldo Rodriguez,1,0.346637776379261,0.334653175637741,0.309330861416068,0.220250188375905,0.414505495044737,0.325987986409308
2025-03-29,0f7210aa8d61af8d,55376d5c205fa844,72ea1984c52019b5,9a97acbfd5a08bfa,Saimon Oliveira,David Martinez,0,0.307291490323892,0.285230512120334,0.263892719294832,0.170295254430655,0.386064253654848,0.283091501586319
2025-03-29,0f7210aa8d61af8d,0f20c1d7c44fa5fe,37098a6e6c27fb66,fe2babf95de24fb1,Vince Morales,Raul Rosas Jr.,0,0.165873191181645,0.155448900587268,0.112526191014488,0.0662390124163956,0.175346860254108,0.134586810516986
2025-03-29,0f7210aa8d61af8d,ab4a91a59c01d6b6,077e3ace32b72be9,5ef94841c4bc3f86,CJ Vergara,Edgar Chairez,0,0.392263157343858,0.342190543999506,0.377550866881662,0.287419111316684,0.476719210275216,0.384200230899846
2025-03-29,0f7210aa8d61af8d,8fc8d66ad0074ab0,2e7878927067fdca,519e4fe37ce9ff75,Manuel Torres,Drew Dober,1,0.710704171123651,0.692275766412766,0.746324628613405,0.660546396581442,0.81577528164498,0.730526846504139
2025-03-29,0f7210aa8d61af8d,33e301872e2b5680,32ab52e5de93092d,792be9a24df82ed6,Steve Erceg,Brandon Moreno,0,0.337657464411439,0.373574072973468,0.279752487287502,0.200314193592669,0.373123158651928,0.305275387801712
2025-04-05,86b30a86664cb6e4,cca4d763b1c6de0a,2c483cf443f38ece,d35298b6df168456,Vanessa Demopoulos,Talita Alencar,0,0.301280842076732,0.235923950876571,0.29339361075834,0.228242677256867,0.367985307674964,0.296957368600626
2025-04-05,86b30a86664cb6e4,96cc199d78732d11,02f484417a6fa69d,8eb046f83e82bf26,Uran Satybaldiev,Martin Buday,0,0.572437324142172,0.646926922220999,0.569599465379311,0.482021873812851,0.65442091062476,0.570887682598732
2025-04-05,86b30a86664cb6e4,4b1aec2395ebca14,eb8d8c2a95cfccb8,f7be1db194e03d7e,Victor Henry,Pedro Falcao,1,0.527885110454108,0.480105490559914,0.538265095102968,0.434349822258723,0.64082101852263,0.533558887907033
2025-04-05,86b30a86664cb6e4,fd088ce1481315a5,4e30e4250cb08b61,efc67b07eed39794,Loma Lookboonmee,Istela Nunes,1,0.770944900764611,0.753045186358762,0.83598665370531,0.750795187938637,0.897913200156944,0.808510332694802
2025-04-05,86b30a86664cb6e4,58811a4e36c53b89,7cec3c4a5e7b6d68,f748267c4ab6c127,Daniel Frunza,Rhys McKee,0,0.555189788316293,0.563030372908306,0.570675494454626,0.458835461064375,0.678012759056753,0.563664334193301
2025-04-05,86b30a86664cb6e4,76641669c1607b7a,27b388f0aab49780,d7e40dca3ae125be,Dione Barbosa,Diana Belbita,1,0.762416340626639,0.845168054233018,0.783024960617954,0.694301547707082,0.857175502343412,0.773837726473973
2025-04-05,86b30a86664cb6e4,d1368ca941c1fefc,0cd0456d6029cec2,fbb60f24af5d5a02,Robert Valentin,Torrez Finney,0,0.335524006624518,0.324971927669332,0.300523664948606,0.221414907156461,0.387415891500817,0.316148880704013
2025-04-05,86b30a86664cb6e4,de9422207df2de64,29162be25ebef5f0,6d68c1afe954f121,Luis Gurule,Ode Osbourne,0,0.625801180114495,0.637142190610799,0.650253260187223,0.551851964166705,0.739696218762005,0.639247303837218
2025-04-05,86b30a86664cb6e4,0c80eef2f4570543,0c6d9ea8306c029e,6ac9bc2953c47345,Brad Tavares,Gerald Meerschaert,1,0.390240325360889,0.350872455416368,0.373470243092297,0.27084366797177,0.481157308251106,0.381044465687426
2025-04-05,86b30a86664cb6e4,fc3825dd1b67e39d,117a06469813e4ef,8173f134396cb971,ChangHo Lee,Cortavious Romious,1,0.622815275672356,0.640649899574479,0.653988942328783,0.557315752354775,0.744731532209339,0.639989320590839
2025-04-05,86b30a86664cb6e4,a160e94fdb66de17,791c8437b341fba5,b8bbdeff718dbb7d,Joanderson Brito,Pat Sabatini,0,0.623494828021258,0.657518333100133,0.652258927137072,0.553216831460106,0.742282400499493,0.639330472403875
2025-04-05,86b30a86664cb6e4,86a1be10255eea4e,396fe87b84ac2e1c,fba03cd6cc28dc41,Lerone Murphy,Josh Emmett,1,0.798814200270383,0.840198190076316,0.844009390349334,0.780415538313263,0.896165407981296,0.824617579548666
2025-04-12,22f4b6cb6b1bd7fd,0e71e69359db4d1e,3c26c420584d912d,f2b3f4ef3f780168,Hailey Cowan,Nora Cornolle,0,0.236889183770524,0.200208616988316,0.194682722421395,0.129926406870494,0.279121304246667,0.213088790238424
2025-04-12,22f4b6cb6b1bd7fd,b87d6f71d901355b,147e70aa6cc48cfc,9384e71bca6c409d,Tresean Gore,Marco Tulio,0,0.481704551679401,0.481816970530623,0.478660194214427,0.383533699147482,0.579141503992402,0.480041346137372
2025-04-12,22f4b6cb6b1bd7fd,fd98843926965cbd,0be6776db31d98ec,3cf18e01cb6cbde3,Mitch Raposo,Sumudaerji,0,0.51711188791163,0.553948452943741,0.51700271978078,0.398546355182478,0.631808862096103,0.51705225349939
2025-04-12,22f4b6cb6b1bd7fd,4bbda6c1f6cf9d4e,0d65c432720accb9,4e6738062d469256,Michal Oleksiejczuk,Sedriques Dumas,1,0.528971247745412,0.522578385099507,0.532372094835111,0.422590043288253,0.639374303429599,0.530829361534113
2025-04-12,22f4b6cb6b1bd7fd,08e7a39eb7482ebf,902ec2cc48c8ae8a,92a9aa9c93192871,Julian Erosa,Darren Elkins,1,0.573715153735692,0.661887107806488,0.587385709185799,0.4653596316698,0.702496514740308,0.581198248661759
2025-04-12,22f4b6cb6b1bd7fd,11eb27a1ac74d225,971246648e162f0d,d1941565abf50b16,Chase Hooper,Jim Miller,1,0.791869906560056,0.835280467996753,0.841374927394397,0.731551944905603,0.915040773498615,0.820204787516252
2025-04-12,22f4b6cb6b1bd7fd,0eccebee160137b1,7dda2cf308f24a02,c41d426cc7326d1b,Virna Jandiroba,Yan Xiaonan,1,0.569894861760844,0.57540257961657,0.592531094706137,0.460298919712272,0.713627266427086,0.582302789947482
2025-04-12,22f4b6cb6b1bd7fd,fc43d60cbd6b0e6a,4682bc59d5f55145,82a5152216251682,Sean Woodson,Dan Ige,0,0.550673435554766,0.569197903534402,0.563990171150936,0.433504173879374,0.687618165640628,0.557958139773988
2025-04-12,22f4b6cb6b1bd7fd,b2d731415bd367df,1091d4d957141094,2e19380f34871c6a,Nikita Krylov,Dominick Reyes,0,0.613993103414832,0.700999415021486,0.62114645020005,0.480785140181406,0.740115260138412,0.617907038121215
2025-04-12,22f4b6cb6b1bd7fd,8c540eb4afe8c43e,52ef95b5860fb28c,d9c6f19f958643e9,Jean Silva,Bryce Mitchell,1,0.548909461107009,0.558414565870998,0.553124653621899,0.43700562512899,0.664410940625206,0.55121297811246
2025-04-12,22f4b6cb6b1bd7fd,d3be5a4e0ec273e2,98a58c26c5b1ed17,cbf5e6f231b55443,Patricio Freire,Yair Rodriguez,0,0.196649708455701,0.186619941984712,0.14130661472911,0.0914838031966495,0.2059545819069,0.164613342485988
2025-04-12,22f4b6cb6b1bd7fd,d05cb4c4135ce402,4b93a88f3b1de35b,7826923b47f8d72a,Michael Chandler,Paddy Pimblett,0,0.246321996309503,0.203343585092201,0.198716508701789,0.123141550362246,0.292802307113879,0.21941137207186
2025-04-12,22f4b6cb6b1bd7fd,e733f148060bef2a,e1248941344b3288,f166e93d04a8c274,Alexander Volkanovski,Diego Lopes,1,0.461603031382557,0.404199839795346,0.439933327814511,0.314983950815584,0.568995846872687,0.449742343950471
2025-04-26,b2e3aca4cd363477,7fd6770fe2d4f258,af9efbfd63d39734,f9ab66e67240db7b,Chelsea Chandler,Joselyne Edwards,0,0.324007529379822,0.335592467778653,0.276988613286079,0.20542712643761,0.359440431349532,0.297799915591142
2025-04-26,b2e3aca4cd363477,23201d09a78d446d,0e46690e55a8df75,15ea371202eb25e1,Timmy Cuamba,Roberto Romero,1,0.584763167388546,0.601644809487156,0.593295179370998,0.517498996867429,0.661536741842738,0.589430543403753
2025-04-26,b2e3aca4cd363477,e7b3ca036835b7c2,9673a497a9da119a,bc7d1ad49fcb2d08,Polyana Viana,Jaqueline Amorim,0,0.109273109787628,0.0722718303627121,0.0756386130540012,0.0427670997871503,0.123140721258891,0.0895292502942941
2025-04-26,b2e3aca4cd363477,c2c20a04a78d9143,2e45d08b3f2f02c8,3c8a5200436e19f3,Malcolm Wellmaker,Cameron Saaiman,1,0.360254938016174,0.399365951184,0.324105766528512,0.233107454389248,0.431499296322431,0.340279867301829
2025-04-26,b2e3aca4cd363477,7d51649373d42571,1897b7b913736a7c,da22387a0407a2dc,Alatengheili,Da'Mon Blackshear,0,0.253618441597881,0.222982689174704,0.217477640940503,0.14598346594958,0.303980119590093,0.233399142419662
2025-04-26,b2e3aca4cd363477,6f3cb7ce84185dd3,45f0cc9d18f35137,5fa2974cbd18e05c,Chris Gutierrez,John Castaneda,1,0.642837502128776,0.662670626007424,0.67279933833094,0.573562664838187,0.760538743557482,0.659361105575016
2025-04-26,b2e3aca4cd363477,97770b38df67b276,b2a78df161bd67f9,d9a56ecb6e94f02e,Gauge Young,Evan Elder,0,0.479169456262778,0.460952471533392,0.485432653358333,0.391854248455208,0.581703615696547,0.482590129543908
2025-04-26,b2e3aca4cd363477,d8d22dcc1f6912e7,09e62c450e754913,67c1d46f4ed16f9e,Jimmy Flick,Matt Schnell,0,0.487899975329477,0.45260666515608,0.483767188057154,0.375676107146658,0.591537871729731,0.48564214147864
2025-04-26,b2e3aca4cd363477,62fbdd4f0bcd3c2a,886264a0c9f4ea5e,b07aed698fba8624,Andre Muniz,Ikram Aliskerov,0,0.563078492219793,0.530121917375749,0.592653251080769,0.469724516382016,0.707239913911311,0.579303767244994
2025-04-26,b2e3aca4cd363477,fbf83609dc96f32e,9d19d9e4aa2662e8,c6aee362c7a7d482,Nicolas Dalby,Randy Brown,0,0.310954982615864,0.26039909615583,0.269068750111918,0.192808255062841,0.351866135082434,0.287628637255657
2025-04-26,b2e3aca4cd363477,9bbd45774fb4a6eb,36b8f265bcd1b7a4,595db60957de51d3,Abus Magomedov,Michel Pereira,1,0.42488502742069,0.445536286143164,0.388898547773236,0.278014124421941,0.511606637347907,0.405102214415859
2025-04-26,b2e3aca4cd363477,4072abf0b0c179f2,9560ff14eb3129f7,ffe9703408fb5964,Giga Chikadze,David Onama,0,0.448510634821794,0.420582319159849,0.427278104230229,0.314408938254795,0.544574815397017,0.436883718037441
2025-04-26,b2e3aca4cd363477,a526a72ade275f46,8a65fd9ba31fd3f7,d4c9dcd330403612,Zhang Mingyang,Anthony Smith,1,0.735752062588055,0.749604376142605,0.771189232622569,0.686472717805239,0.841046841058239,0.755536090390147
2025-04-26,b2e3aca4cd363477,633f4b5ec767769d,442c9011034ae1fd,7ee0fd831c0fe7c3,Ian Machado Garry,Carlos Prates,1,0.633439167275879,0.621792680234221,0.666906520396555,0.552576971203168,0.765489818925579,0.651905225973879
2025-05-03,de20ffb3fc2e7629,469f887278324e63,38c5817ade8a8014,aa0c573da7119292,Ivana Petrovic,Juliana Miller,0,0.720876508809909,0.78389837401179,0.745489496194606,0.652887702645195,0.821711736942708,0.734500982655026
2025-05-03,de20ffb3fc2e7629,c445401709421fa4,1a9480fc288e55d7,764d39074a352e33,Don'Tale Mayes,Thomas Petersen,0,0.338956081551035,0.383618376547281,0.297435593100646,0.218522430395372,0.381602629824409,0.31591516062362
2025-05-03,de20ffb3fc2e7629,97b32ff27fd457a8,32feae6d9a1e5047,96924b0019b3aff1,Quang Le,Gaston Bolanos,1,0.485016529304344,0.507229209882454,0.456833398407891,0.363528129188868,0.554882681066246,0.469597767516653
2025-05-03,de20ffb3fc2e7629,6e26a6293ea6ba62,38c7f72747f4f712,cd2c4d30c6e13b47,Gillian Robertson,Marina Rodriguez,1,0.784912614409771,0.819983052482548,0.826019743536056,0.746334225563876,0.888127442941376,0.808187651541752
2025-05-03,de20ffb3fc2e7629,77ed474dfc5359ea,3bc3f60b21cddc6a,d5bab53a1a603aac,Azamat Bekoev,Ryan Loder,1,0.494359629877681,0.500277391803998,0.501336058137941,0.43465733839408,0.566553387447748,0.498170502446823
2025-05-03,de20ffb3fc2e7629,2707dc2245335cc1,3143bf892608139a,b96619b3acd7d9da,Yana Santos,Miesha Tate,1,0.547081045947735,0.603361440932789,0.562835949399229,0.459642309325359,0.661692911925626,0.555701134441179
2025-05-03,de20ffb3fc2e7629,9039959b41901412,18968f97ad34f15c,f6ad6a1e4d600e0d,Jeremy Stephens,Mason Jones,0,0.307175307279314,0.278199316286402,0.285918911864893,0.182325928947551,0.409418633743979,0.295454303551136
2025-05-03,de20ffb3fc2e7629,6ccd10adc968e1f0,1a2bf44edb8055b6,5c84f673b7bb7c15,Serhiy Sidey,Cameron Smotherman,1,0.464177416272029,0.44798847646822,0.44935621500452,0.386401378325928,0.515686195583715,0.456071590301167
2025-05-03,de20ffb3fc2e7629,5ce29056e0cd2df9,850266b3dc4e506e,cc1a8b4b38b92c6d,Daniel Marcos,Montel Jackson,0,0.298047774521728,0.23622010827596,0.265778515880727,0.173249857717654,0.374355931145558,0.280141416678013
2025-05-03,de20ffb3fc2e7629,191ee545160a4e09,6d1bffff14897645,8a1f3b5c526cd6e6,Santiago Ponzinibbio,Daniel Rodriguez,0,0.617418304331825,0.676433262042912,0.622654501241398,0.523932849854149,0.715180009020503,0.620282114585586
2025-05-03,de20ffb3fc2e7629,380242601a2c5991,35673bf5204524ee,d549cefc7c54ab78,Bo Nickal,Reinier de Ridder,0,0.622772416918422,0.616806893400818,0.660828401136249,0.553008401880951,0.751973272450648,0.643783576986581
2025-05-03,de20ffb3fc2e7629,9b3bade95e1dd484,65f09bacd3957381,aa72b0f831d0bfe5,Cory Sandhagen,Deiveson Figueiredo,1,0.669001523234757,0.708403025011071,0.709542681985495,0.610566282540131,0.795980667794646,0.691509301620738
2025-05-10,118463dd8db16e7f,c20bd12ae7f04eff,7b433309b0fd12aa,a4dc0f2b95df4cc1,Brad Katona,Bekzat Almakhan,0,0.525053199266759,0.473878081294273,0.525247699180192,0.412458787079698,0.631506926211066,0.525159448502886
2025-05-10,118463dd8db16e7f,0e0a4282cd6c86d7,b67d6bacc68d4c92,d008d785f6347dc2,Daniel Santos,JeongYeong Lee,1,0.460727889662891,0.437618548065126,0.45829070880372,0.353088736118915,0.567638781997995,0.459396305383261
2025-05-10,118463dd8db16e7f,6ecfa439ef900bcc,12ebd7d157e91701,8e9eb3fc86db0f7d,Bruno Silva,Marc-Andre Barriault,0,0.530679266327925,0.520251242558519,0.514068968241283,0.420733197583917,0.602696700157034,0.521611723585989
2025-05-10,118463dd8db16e7f,99aa1f28e22bb6dd,64ad3e3b0efa30bb,b4b496ec2197ee3e,Ivan Erslan,Navajo Stirling,0,0.356071574050947,0.359038440460644,0.301665610333984,0.233116642553308,0.374875879970532,0.325778498269357
2025-05-10,118463dd8db16e7f,c812457a810dde39,476fe566d2df676e,cd13728ae1151f46,Modestas Bukauskas,Ion Cutelaba,1,0.381167381815018,0.314124386867589,0.377829071438668,0.284972853315728,0.470839876682954,0.37934236915352
2025-05-10,118463dd8db16e7f,4db2d86ebe8c8abd,6a1901c62ab3870f,a9e260472d321361,Jessica Andrade,Jasmine Jasudavicius,0,0.500467691934747,0.540861407799861,0.498799082818046,0.3705694596665,0.633265515359152,0.499556189850326
2025-05-10,118463dd8db16e7f,2521234a4bf7c615,dd6103dd7127db1d,feedf3053472fe56,Mike Malott,Charles Radtke,1,0.571471735096174,0.597930177546059,0.58355242372059,0.48278566407246,0.678659261882712,0.578082499427004
2025-05-10,118463dd8db16e7f,c7190cd03e53fb61,873626e5547b5235,c2299ec916bc7c56,Kyle Prepolec,Benoit Saint Denis,0,0.116764174707452,0.0806694243846725,0.0796166002841624,0.0463145172167244,0.126854343819453,0.0949084092330889
2025-05-10,118463dd8db16e7f,0f53eb509d0ffeb9,262d32ebda89efc4,e8b731feff72294b,Natalia Silva,Alexa Grasso,1,0.641878391981629,0.617259910417667,0.675295756344256,0.573529596300712,0.764820536201306,0.660329074726355
2025-05-10,118463dd8db16e7f,891b2faf1bff38ee,24656ef4d605c96f,d0f3959b4a9747e6,Aiemann Zahabi,Jose Aldo,1,0.365513738627186,0.295595296338699,0.358432787852741,0.236495811194891,0.491718145548344,0.361638237770501
2025-05-10,118463dd8db16e7f,9e9d1764a015f313,132deb59abae64b1,34ff304266360297,Valentina Shevchenko,Manon Fiorot,1,0.446264268551474,0.429968482103074,0.448658584861752,0.331549356387145,0.570589046115634,0.447571895488417
2025-05-10,118463dd8db16e7f,b873c116e39c9920,6b453bc35a823c3f,b1b0729d27936f2f,Jack Della Maddalena,Belal Muhammad,1,0.722091692129764,0.781476359360591,0.747140230842713,0.634726971038395,0.838678459867499,0.735962283641111
2025-05-17,8ad022dd81224f61,afdd95ae7b7cdb0c,31ef8b67e13495b3,a3a542074109b347,Tecia Pennington,Luana Pinheiro,1,0.598581043445185,0.601546314439999,0.633013512486388,0.523708466905429,0.731970712505567,0.617534862234518
2025-05-17,8ad022dd81224f61,18a7dc86279066f8,798e48f9e7f6ba22,b671bdf981ad527d,Carlos Hernandez,HyunSung Park,0,0.385931261522376,0.389077125399201,0.356725498585613,0.272533000340522,0.449563438013704,0.369860210914655
2025-05-17,8ad022dd81224f61,66887532be2de5ee,ac7c765882f2c68c,cffb87059e645bd1,Elise Reed,Denise Gomes,0,0.182910902554778,0.156043980790218,0.137966821419789,0.0922426077837195,0.196584196712068,0.157090467847993
2025-05-17,8ad022dd81224f61,f75fe8b384b0db11,2c5f5749569eef66,5078e1dacf9d25f4,Tainara Lisboa,Luana Santos,0,0.296791264383038,0.275925829315878,0.258838384159411,0.183374004840049,0.3478073487927,0.275662190912059
2025-05-17,8ad022dd81224f61,d6e2bc6e6c0cc4fe,36e78278a77006d4,70380ccdc81915b8,Connor Matthews,Yadier del Valle,0,0.316169222660104,0.27312448508861,0.272698970281098,0.20771261242535,0.346709946766833,0.291957365272302
2025-05-17,8ad022dd81224f61,8ba31cf0b3164b72,7026eca45f65377b,d945aae53e3e54e6,Jared Gordon,Thiago Moises,1,0.54515395680704,0.618284616698295,0.510146562899763,0.388110675794518,0.638644555459765,0.526063765452185
2025-05-17,8ad022dd81224f61,a9a6cca4bbf7a5db,5eb50529a8418b77,72f890c5d421e705,Gabe Green,Matheus Camilo,1,0.330328877193389,0.297549410079975,0.296502753979854,0.217910812494154,0.388428697849477,0.311604135256875
2025-05-17,8ad022dd81224f61,fe2acfdaaaec3dba,20bccc9bb4ceb23e,902ec2cc48c8ae8a,Melquizael Costa,Julian Erosa,1,0.695235393252749,0.751347337665475,0.734228567800745,0.630816940615074,0.818992031783684,0.716934374551914
2025-05-17,8ad022dd81224f61,b3044bf646306e7f,49d2a08964c5eb11,71505842fb6455c3,Nursulton Ruziboev,Dustin Stoltzfus,1,0.637947661180823,0.609624071415781,0.677885983089755,0.560632865262646,0.77942992914048,0.660043316401276
2025-05-17,8ad022dd81224f61,dcb27eef6441268c,480779d7f9a424d3,94426bb170c88115,Mairon Santos,Sodiq Yusuff,1,0.656963494475749,0.657090835660952,0.702297113028497,0.60560124899483,0.784144435955165,0.682150147746758
2025-05-17,8ad022dd81224f61,a81ad236a2f221f2,23024fdfc966410a,c32aeb1a59e6272d,Gilbert Burns,Michael Morales,0,0.179543502544098,0.159490759801518,0.122010338474256,0.0800290854790915,0.177145931481084,0.145854252400889
2025-05-31,2a898bf9fb7710b3,73240bea13ed5e71,02bb48869eb7ac8f,87f8699fdcc2c404,Rayanne dos Santos,Alice Ardelean,0,0.671689506944286,0.709588495432257,0.711135474057179,0.664078513930534,0.756265006461793,0.693584867569239
2025-05-31,2a898bf9fb7710b3,ae89ba793121fe0c,01c9e4013afce141,4bdedbdeedff7d1d,Michael Aswell,Bolaji Oki,0,0.43379623162479,0.423470602619688,0.425002633338163,0.361278833128571,0.493900865265448,0.428987072573838
2025-05-31,2a898bf9fb7710b3,2521fed000747f47,a7151778b3381036,ac026518a9b4dc0f,Kurt Holobaugh,Jordan Leavitt,0,0.202467860114048,0.162770669450079,0.148612741403803,0.0888286856276043,0.233270529131248,0.171424965280491
2025-05-31,2a898bf9fb7710b3,baa2ee0bf7f97079,253076a23d03dcd0,65adf3856c4d9256,Allan Nascimento,Jafel Filho,1,0.540832172148307,0.565560356842,0.54819189536119,0.43424048772428,0.660984753231665,0.544854939245585
2025-05-31,2a898bf9fb7710b3,ad68450307a21ab1,23dec7c47cb418f8,866fd7b1a6c90e7f,Zachary Reese,Dusko Todorovic,1,0.668792450397734,0.676391156726964,0.694709222587788,0.586540469007058,0.785423468333573,0.683089646319719
2025-05-31,2a898bf9fb7710b3,106918bfbe24335d,9cdd2da1a9104a0b,b9706f80d005036c,Macy Chiasson,Ketlen Vieira,0,0.60479489856121,0.684885255612545,0.601086798607625,0.479507871934866,0.714434850281066,0.602770761960991
2025-05-31,2a898bf9fb7710b3,7aaa810540132a4b,0abcf6bc47191219,e4277e87a789d687,Bruno Lopes,Dustin Jacoby,0,0.538758994075606,0.495046604651536,0.562201060636931,0.464425623370763,0.654073005910064,0.551592546366843
2025-05-31,2a898bf9fb7710b3,305d8c85b35a7d4e,3d074044a33825e7,fa07345cc9db5cc9,Ramiz Brahimaj,Billy Ray Goff,1,0.192489772132574,0.1567883406846,0.155693539688173,0.101501008571832,0.225072784614565,0.171626165000267
2025-05-31,2a898bf9fb7710b3,212527d462690304,5b86d491d63890c5,72db2a14ffa73ece,Ludovit Klein,Mateusz Gamrot,0,0.301244914374709,0.286465372540233,0.286389486686489,0.190252934786312,0.395601607909859,0.293075522491246
2025-06-07,18c49685296c60e6,0e8599eca8ccfa32,001eb2ab0f30e7ea,e2be0c1a9b886d92,Mark Choinski,MarQuel Mederos,0,0.351597060582338,0.357160651396437,0.314699597185164,0.248348515400793,0.383001864841202,0.331186790572438
2025-06-07,18c49685296c60e6,2e4064e0e6d4d92e,17734443a833cdf7,c739c2995a275314,Quillan Salkilld,Yanal Ashmouz,1,0.597252269267411,0.620641879661359,0.627865303311417,0.547231014317776,0.703486977778151,0.614085758226649
2025-06-07,18c49685296c60e6,9f4a0de31375ba04,57186c150c645200,a44020ea2e8cd026,Jeka Saragih,JooSang Yoo,0,0.380898444470832,0.374089646907458,0.354458518105585,0.281404399454294,0.434881726729206,0.36635631166346
2025-06-07,18c49685296c60e6,d078e9046aa86307,2997e7fe3c9d3d4a,6551c64fbcd1a467,Wang Cong,Ariane da Silva,1,0.608008528053872,0.603935417801115,0.607851502380299,0.515107844855525,0.68877830378261,0.607922753357058
2025-06-07,18c49685296c60e6,f0488a4486a64af0,2558ae2e5671e318,2caf993f53541fa1,Khaos Williams,Andreas Gustafsson,0,0.628132127210326,0.61567871433792,0.685849468625787,0.59433595920785,0.76581079462256,0.660241148293664
2025-06-07,18c49685296c60e6,ac977a0389682124,e2f6b2769aaedd6c,fc08099550072fe4,Serghei Spivac,Waldo Cortes-Acosta,0,0.546047879512206,0.56262237742101,0.565100292138113,0.446508143770472,0.676331563279247,0.556475888073781
2025-06-07,18c49685296c60e6,01100a90b584215d,49edd0d90f60fb7d,e90a2f22417af68e,Brendson Ribeiro,Azamat Murzakanov,0,0.312891511244947,0.274418623998891,0.296019723092468,0.20479974681428,0.399545978797314,0.303609829020107
2025-06-07,18c49685296c60e6,b6a87389bdc36a00,17e97649403ba428,294aa73dbf37d281,Joshua Van,Bruno Silva,1,0.800318201206519,0.834300732970154,0.852255040673579,0.781897346191649,0.902985145686747,0.83021991562747
2025-06-07,18c49685296c60e6,2129acab2280bd29,3a46b268013afede,6d4b63c767106d3a,Kevin Holland,Vicente Luque,1,0.561730255948566,0.610053487691668,0.561086149477988,0.430914716484384,0.68678241389248,0.561378429447252
2025-06-07,18c49685296c60e6,df5dac45fc585fb0,2cfba6c837c03ed0,bc711b6dd95c1af6,Patchy Mix,Mario Bautista,0,0.157598602311073,0.109734437272942,0.118792387968057,0.079897308146102,0.166643245393681,0.135260962440695
2025-06-07,18c49685296c60e6,e28e829800466aca,8c0580d4fff106c1,c1085e1701b13eca,Kelvin Gastelum,Joe Pyfer,0,0.31819244225268,0.231018389007708,0.315349805859366,0.222628741924511,0.41822127165554,0.316637916551812
2025-06-07,18c49685296c60e6,81b84b34f0357fa5,1af1170ed937cba7,3253b16d38ae087d,Kayla Harrison,Julianna Pena,1,0.649334655329342,0.664948800208336,0.674574285357769,0.565925189247658,0.770132115922531,0.663236733706996
2025-06-07,18c49685296c60e6,e61d83e4e1f9c4d7,b50a426a33da0012,c03520b5c88ed6b4,Sean O'Malley,Merab Dvalishvili,0,0.473948018961229,0.457756272347728,0.46971314449564,0.343154933329754,0.598102915541828,0.471634156091313
2025-06-14,de277a4abcfeea46,ab325ea526824723,2c483cf443f38ece,5c637af9472ae7cc,Vanessa Demopoulos,Jamey-Lyn Horth,0,0.16463545120026,0.0978907488117837,0.131598339220432,0.0853894790792784,0.190095997808574,0.145831850055148
2025-06-14,de277a4abcfeea46,2ae7404681deb3b3,1497e735d9f2560a,8e382b585a92affe,Ange Loosa,Phil Rowe,0,0.53799488205433,0.517291672522866,0.544455195094012,0.431623406321223,0.651826963076866,0.541525639816409
2025-06-14,de277a4abcfeea46,59c4fdb3c0673066,5987b2458f4b5290,5c84f673b7bb7c15,Ricky Simon,Cameron Smotherman,1,0.628025339483248,0.683249845209259,0.647694005817228,0.548854962686528,0.734277380326684,0.638826979459893
2025-06-14,de277a4abcfeea46,b39b8ff0d7de211a,7f6ed67d3ed3c036,88be62d6c1e6dadb,Cody Durden,Jose Ochoa,0,0.326773554641813,0.296697421641179,0.29443101019139,0.217817602980989,0.382059533940802,0.308875934546447
2025-06-14,de277a4abcfeea46,f6454f2e508626ec,2e45d08b3f2f02c8,9c27f3217891f3f0,Malcolm Wellmaker,Kris Moutinho,1,0.843749245055818,0.882235496976789,0.882131296269232,0.786424120594502,0.944630880819318,0.865841608412351
2025-06-14,de277a4abcfeea46,e861e9cc0118c670,523fa774700d7d3f,c58f51dedb310998,Court McGee,Michael Chiesa,0,0.195783350717104,0.165166025068208,0.157771714957221,0.102187687389096,0.226494238104959,0.174220784479512
2025-06-14,de277a4abcfeea46,ec2034b134ae71cd,46e2011d92463b7e,a495f599e787614f,Oumar Sy,Alonzo Menifield,0,0.84701058781468,0.905109405344659,0.887521025322451,0.841377358708072,0.923029818256991,0.870444822030751
2025-06-14,de277a4abcfeea46,08c04f18b0f58d71,841695e02c99a521,f14f644d41ade29f,Mansur Abdul-Malik,Cody Brundage,1,0.787599090271873,0.816163762068345,0.826938886045859,0.768362955141543,0.877040586391938,0.8098492698892
2025-06-14,de277a4abcfeea46,1714950933f88ab9,b9f28e7045fdfce7,d8c7c61b176e3994,Raoni Barcelos,Cody Garbrandt,1,0.624913498012021,0.7115990952326,0.613600713040942,0.486539562247256,0.729276160725816,0.618749757609209
2025-06-14,de277a4abcfeea46,e5bd7e6e2a50a843,4144798612ef96e5,5f61780fe5e9b6d0,Edmen Shahbazyan,Andre Petroski,1,0.510446878338955,0.477954701271283,0.523189247622903,0.410671800349587,0.63204328452238,0.517410317713895
2025-06-14,de277a4abcfeea46,79dfbbdd14fbbd11,47b63240018d5d86,f29a6350c69f4a33,Rose Namajunas,Miranda Maverick,1,0.550136857852951,0.585615548451395,0.537023886366159,0.435477744732521,0.638637663122047,0.542981167751368
2025-06-14,de277a4abcfeea46,d75b3d3c2b209b75,b9437600497350f3,f1b2aa7853d1ed6e,Joaquin Buckley,Kamaru Usman,0,0.601731277787269,0.677891660092573,0.625945211662967,0.486358155089076,0.751153105891555,0.615028517463688
2025-06-21,400c7b43c86d27d3,a12d3a6c8aaf87ca,3329d692aea4dc28,da7f113b5ea39c43,Hamdy Abdelwahab,Mohammed Usman,0,0.551925756633253,0.520518069339697,0.576756720325217,0.483789921314117,0.6637559524144,0.565530266251855
2025-06-21,400c7b43c86d27d3,8c140756bf43dcc2,7f1bf0c255ec8756,f00ac08ab056af5d,Azat Maksum,Tagir Ulanbekov,0,0.299750091254737,0.260638882658052,0.257809360178804,0.180297905542756,0.349902391301672,0.276357656144369
2025-06-21,400c7b43c86d27d3,2bfc0212f2cae65b,103e2e33a60683e1,9f5e3c20ce40b344,Irina Alekseeva,Klaudia Sygula,0,0.451507307917462,0.408994880586878,0.429518278518692,0.342691759431358,0.52032415838593,0.439466393122553
2025-06-21,400c7b43c86d27d3,fff3218758c513b8,07047eb7d17fb0a2,bd532e9a2b93870c,Daria Zhelezniakova,Melissa Mullins,1,0.656711070653512,0.698685284457922,0.688661894314463,0.596113745688708,0.77356084377635,0.674363777128432
2025-06-21,400c7b43c86d27d3,5fcf18bcd2a020f1,285ae0b4a68221f4,6a96ad1bc34fb113,JunYong Park,Ismail Naurdiev,1,0.413396062194296,0.405572068787179,0.372808382189058,0.258943928679078,0.498547738824843,0.391040222739096
2025-06-21,400c7b43c86d27d3,e512b80bbaea36c2,4a07b1988477502c,6b56e94a59b7b134,Seokhyeon Ko,Oban Elliott,1,0.208226689120713,0.171802608913272,0.157343837789761,0.12128885569409,0.198878948672368,0.17905971227236
2025-06-21,400c7b43c86d27d3,19764211af05674c,8d11d9c13e2ccdf7,fb37795db81f93f3,Muhammad Naimov,Bogdan Grad,1,0.477695199202146,0.45760256586149,0.480013418664118,0.401643481971787,0.559579373663836,0.478961446235115
2025-06-21,400c7b43c86d27d3,7513a00037094075,37f560436d745c18,ff62013d2fce6d13,Nikolas Motta,Nazim Sadykhov,0,0.396197985164966,0.387767890917768,0.374447668862538,0.296495571652985,0.461012486412655,0.384259621075749
2025-06-21,400c7b43c86d27d3,36ec204f47e4d613,ae81a3ac7b260411,bf2c8e01b07d3eb1,Tofiq Musayev,Myktybek Orolbai,0,0.117706985353892,0.0641196109440466,0.0793317514659827,0.0522830477869993,0.112797623478486,0.0950809207071425
2025-06-21,400c7b43c86d27d3,8e5744c664fec3e9,739fd4fbb5d862f4,fa6796c55d6c5440,Rizvan Kuniev,Curtis Blaydes,0,0.114916767890318,0.0639285857683962,0.0831987788338652,0.0398322780451889,0.155955783126426,0.0964648065493287
2025-06-21,400c7b43c86d27d3,a1afc16e21d1a807,c814b4c899793af6,e4a47b07044ddd72,Rafael Fiziev,Ignacio Bahamondes,1,0.294284594242741,0.306114328388996,0.239715323028151,0.166759875277893,0.334198382156391,0.263590982360265
2025-06-21,400c7b43c86d27d3,03bc32bdb5a33496,5444c5a201d3ee5a,749f572d1d3161fb,Jamahal Hill,Khalil Rountree Jr.,0,0.68463846454148,0.730109047729538,0.709119554156082,0.627424745232366,0.7807029705808,0.698150335125679
2025-06-28,66766984842c13dc,043172689e415438,25f9a5f3e8a52618,ab2a4b5e04dc5fe9,Jhonata Diniz,Alvin Hines,1,0.617219008723051,0.635234222591231,0.653841553772514,0.581161620463405,0.718970338178206,0.637420079688032
2025-06-28,66766984842c13dc,9bff9fe298e63357,85497ffd934ecf7e,d8da10db80131bec,Jacobe Smith,Niko Price,1,0.666975291686121,0.677348771394301,0.698577624998003,0.603729658909798,0.784275290576918,0.684448060535241
2025-06-28,66766984842c13dc,d7be78c400e7e0f9,19c591115a58982c,809bd1a871491508,Viacheslav Borshchev,Terrance McKinney,0,0.381246506779942,0.383094625998859,0.34650562538258,0.245179395285056,0.453547298092539,0.362092062545998
2025-06-28,66766984842c13dc,815ff62ca8e217be,36541f1e6c5d4955,68d4a891e5cf2029,Viviane Araujo,Tracy Cortez,0,0.369306185030785,0.354315540944313,0.338510695948878,0.249466684944571,0.438401388041902,0.352332970045374
2025-06-28,66766984842c13dc,2f523b757f7f33a2,41cc71cbf210e0fe,7d6ceff6747f2de2,Hyder Amil,Jose Delgado,0,0.45858518028073,0.418186195151163,0.441620702058319,0.342810863982058,0.552547559424493,0.449303639043327
2025-06-28,66766984842c13dc,958522de54ccc536,0a1942069c9ad6b6,d1c65d2cf2925ddd,Jack Hermansson,Gregory Rodrigues,0,0.548855076851278,0.571750953267523,0.559474607778172,0.460096597916119,0.660545298691634,0.554662290546456
2025-06-28,66766984842c13dc,f6a3c78f15ff26c7,6e743a33d56bdaa4,9256f591b30c073e,Payton Talbott,Felipe Lima,1,0.368728804990787,0.292572669392726,0.334879100881533,0.239584862235189,0.44284064287371,0.35005259050771
2025-06-28,66766984842c13dc,1ea9ad3b6e1cba79,08af939f41b5a57b,b6452706b373eea1,Beneil Dariush,Renato Moicano,1,0.416264197166026,0.454162486492989,0.38502822673896,0.265282534287084,0.515650930385361,0.399100502916474
2025-06-28,66766984842c13dc,f722b96ae6862843,17e97649403ba428,6e15f63b6c2e2c15,Joshua Van,Brandon Royval,1,0.687957297594537,0.695862526509788,0.730234060936427,0.621473481516493,0.819259591800273,0.711502606929941
2025-06-28,66766984842c13dc,8308464729ea7c40,853eb0dd5c0e2149,a0f0004aadf10b71,Kai Kara-France,Alexandre Pantoja,0,0.380508674649825,0.404295225670184,0.359331621644558,0.255702552773151,0.474505439497046,0.36887821314705
2025-06-28,66766984842c13dc,7a64d63e12618ba7,07225ba28ae309b6,54f64b5e283b0ce7,Charles Oliveira,Ilia Topuria,0,0.249839898075172,0.192740019500459,0.216932369902166,0.113178268628548,0.357132285915061,0.231462732202815
2025-07-12,7b03d9df5910917d,120d66cb0da0f3c3,3f4c3bc822bea45d,745fa7b605f8e2da,Melissa Martinez,Fatima Kline,0,0.279297561895098,0.25211026370223,0.24557468175203,0.171075507485547,0.329526514673711,0.260529049070429
2025-07-12,7b03d9df5910917d,7f33fbdc35afd721,e99eb0ef25885de5,fb3e61720be4690c,Mitch Ramirez,Mike Davis,0,0.200170091806027,0.165970336410155,0.161763465713548,0.10257471391564,0.239668228132699,0.178400220535947
2025-07-12,7b03d9df5910917d,5c650ae2193ab1bc,8667caa0451d245b,f5779a2303ed76ec,Kennedy Nzechukwu,Valter Walker,0,0.570314954380777,0.645617854419641,0.561882029294381,0.432691310024995,0.681803063965392,0.565713085980935
2025-07-12,7b03d9df5910917d,46bc1338a50cbeac,729d4bd5a6cd0a97,de594b35c45c2e9a,Lauren Murphy,Eduarda Moura,0,0.202166934909092,0.169848604911897,0.155011071209387,0.104073540435238,0.219074431113174,0.175193094273805
2025-07-12,7b03d9df5910917d,d5e3be7a07c48b08,a845f0735bc67405,c68c68efaa5ca6ef,Jake Matthews,Chidi Njokuani,1,0.562258033249604,0.550268520830468,0.585329782294554,0.477688199683715,0.688039793227156,0.574901315228626
2025-07-12,7b03d9df5910917d,236f811290163dca,5442f1bc4b47eaf3,b0d6a1d8ac3d563d,Chris Curtis,Max Griffin,1,0.513348666894496,0.460395053554608,0.51758727435355,0.395302449878732,0.63021106154859,0.515664342280296
2025-07-12,7b03d9df5910917d,b19bf99c7eb796bc,3e8118c1ab52f211,c15fa95b9a12fde4,Tuco Tokkos,Junior Tafa,1,0.390300611584406,0.380218529754106,0.347820415388218,0.251008112476601,0.453894261119197,0.36684210136678
2025-07-12,7b03d9df5910917d,4b75d3b7738cb278,71171fc96445bf65,be9bdec19b7e9ffe,Vitor Petrino,Austen Lane,1,0.790801527657505,0.801344863666882,0.844697596966752,0.776722466911306,0.900497346028161,0.821789194178825
2025-07-12,7b03d9df5910917d,4e5d4a36eaaa3a78,583ee11abddfc581,5b03b61f9d90125e,Nate Landwehr,Morgan Charriere,0,0.294871050764815,0.285850309172312,0.25246326079584,0.18722586733426,0.328646279743096,0.271195493719497
2025-07-12,7b03d9df5910917d,f368475c366c6d85,751de04455cfaac0,97cf1a2c7c5e7889,Calvin Kattar,Steve Garcia,0,0.288470951901349,0.253836282107096,0.25360713672974,0.129534097768722,0.421867510368092,0.269075919408771
2025-07-12,7b03d9df5910917d,2a03bc4c491b4c9a,01641ba5df0c69b0,4a28cb716c19157a,Gabriel Bonfim,Stephen Thompson,1,0.879810181959038,0.938712094854534,0.913813123364196,0.865714649298116,0.950206761427225,0.899620104297338
2025-07-12,7b03d9df5910917d,0adfc21045c02555,17923f676f100e16,d3df1add9d9a7efb,Tallison Teixeira,Derrick Lewis,0,0.777489911971322,0.809172566523479,0.832317442776275,0.748577491256032,0.893333980257345,0.808897206828636
2025-07-19,b8e2f10efb6eca85,a602c68147b752b2,f1ab6f37492c630a,fc0a4053eb8a3a59,Carli Judice,Nicolle Caliari,1,0.587521091231449,0.569887216479452,0.6179911530165,0.546640361689962,0.686470250290531,0.604265054422186
2025-07-19,b8e2f10efb6eca85,74099d470e8d2765,1e719d4b676dc19a,3eeec2f53cebdf12,Brunno Ferreira,Jackson McVey,1,0.502157275368014,0.491213241834195,0.496209841353504,0.404163622574415,0.588576365770866,0.498908374741757
2025-07-19,b8e2f10efb6eca85,182ee320edb1b5ed,0c25d0a5e8cdbf19,a67f5afa8d6a1b80,Lukasz Brzeski,Ryan Spann,0,0.527663362886683,0.631263580655976,0.515844045157515,0.391056774206548,0.633406581459651,0.521209889568542
2025-07-19,b8e2f10efb6eca85,798652dbea086910,6370c1c1e12723d5,70e1f8a821b72c8b,Marcin Prachnio,Jimmy Crute,0,0.273160898676269,0.241657027336574,0.239857957686967,0.160736983232126,0.339768652179869,0.254616782235578
2025-07-19,b8e2f10efb6eca85,37bc72d5d211b189,a01a62132460a98d,e803242fb2e41112,Adam Fugitt,Islam Dulatov,0,0.374180771348788,0.356518136017423,0.332495806013427,0.261587838662899,0.414938800654856,0.351131772034208
2025-07-19,b8e2f10efb6eca85,72e477b41f44e358,0cd0456d6029cec2,2f815ed5f8278ba6,Robert Valentin,Ateba Gautier,0,0.254399970386714,0.235328813112125,0.199257626491375,0.137326647389712,0.278768673101077,0.223095974671928
2025-07-19,b8e2f10efb6eca85,df2ed8b509fbdbdc,0f1efce7d2571d10,3920d0cc288f9b0d,Nikolay Veretennikov,Francisco Prado,1,0.258731513844867,0.260904540724159,0.205956880630793,0.144365005618274,0.282574478876854,0.228860405139135
2025-07-19,b8e2f10efb6eca85,8e1feda9141602f1,2f181c0467965b98,7acbb0972e75281a,Brendan Allen,Marvin Vettori,1,0.696422394775634,0.715693654150458,0.712905263200728,0.601226129370446,0.808675026188887,0.705492690295093
2025-07-19,b8e2f10efb6eca85,d2cb92fdf6a497e9,18d01f7f8338ae72,60425d07ef4b91a7,Vinicius Oliveira,Kyler Phillips,1,0.473493861424068,0.470351967213984,0.471995833144544,0.395687520884757,0.554165418555382,0.472675481712574
2025-07-19,b8e2f10efb6eca85,a95b03e9b5a91e47,4148802ae4a50768,511e82663651438d,Daniel Zellhuber,Michael Johnson,0,0.780763282231422,0.835096911288807,0.821548292281699,0.74866083591481,0.883643566851151,0.803825040955048
2025-07-19,b8e2f10efb6eca85,acc961fd5cf5c62e,82a5152216251682,98a58c26c5b1ed17,Dan Ige,Patricio Freire,0,0.823741013665382,0.826666000317949,0.88346306016365,0.831146092859842,0.923063486424676,0.858896063278754
2025-07-19,b8e2f10efb6eca85,5dde61734080ac4a,3a46b268013afede,8a1f3b5c526cd6e6,Kevin Holland,Daniel Rodriguez,0,0.717057623189244,0.758065861711697,0.768288266263746,0.680944374289491,0.842182666056425,0.745873861167419
2025-07-19,b8e2f10efb6eca85,23c963be9de38205,2e5c2aa8e4ab9d82,9d83f6da776ff7d6,Paulo Costa,Roman Kopylov,1,0.403202478209734,0.390830307292546,0.384182276875485,0.288172737872078,0.485690113493683,0.392772377726808
2025-07-19,b8e2f10efb6eca85,d7507e2741fd4d05,029eaff01e6bb8f0,150ff4cc642270b9,Dustin Poirier,Max Holloway,0,0.342163794118522,0.299876131400045,0.294372377970302,0.185332005766742,0.423751965221018,0.315580127580266
2025-07-26,28d8638ea0a71908,0a598768f5c8d540,095854a135e6db55,8eb046f83e82bf26,Marcus Buchecha,Martin Buday,0,0.393645632869351,0.439170689452487,0.34646341763522,0.266290307088682,0.437976958279877,0.367561852409351
2025-07-26,28d8638ea0a71908,23ddf51ce630028d,3753714927f18437,69037fc7730e4225,Mohammad Yahya,Steven Nguyen,0,0.50399224903422,0.494800718440206,0.504239257073598,0.422320982992954,0.587504016888751,0.504127180869858
2025-07-26,28d8638ea0a71908,f9dac7702609669f,07a74004d964c7f4,6e8f1bcdda94ff45,Billy Elekana,Ibo Aslan,1,0.309514911908441,0.319043714839943,0.279163580050559,0.215889090409003,0.349204058756676,0.292708384526701
2025-07-26,28d8638ea0a71908,3e6067763978d862,beecb672a279223e,d25240135aee03e5,Amanda Ribas,Tabatha Ricci,0,0.352804130749655,0.303282919893892,0.343743758021655,0.260072729125107,0.433675025663067,0.347841163415236
2025-07-26,28d8638ea0a71908,017a825c7820d12e,113df4fde64735c6,da22387a0407a2dc,Davey Grant,Da'Mon Blackshear,1,0.262578921226229,0.254979020608929,0.203920379831541,0.145336187271291,0.28120549172856,0.229254395802543
2025-07-26,28d8638ea0a71908,7c075e3383198e14,28d421729451c8ca,447f9858ae78f921,Carlos Leal,Muslim Salikhov,0,0.68022209884813,0.731949752556596,0.721139484512336,0.642727144409983,0.793354961883485,0.702972577894568
2025-07-26,28d8638ea0a71908,e72c691b7c68b03a,0fd5f4b838e890cc,d9c6f19f958643e9,Said Nurmagomedov,Bryce Mitchell,0,0.518081879510496,0.570278813556564,0.487294205561838,0.349673765188876,0.626808250412204,0.501265765392239
2025-07-26,28d8638ea0a71908,77f960d82cda0b76,1091d4d957141094,ef5dcb10d2bd4b0f,Nikita Krylov,Bogdan Guskov,0,0.693569324600931,0.775533327608667,0.714351259431119,0.596644598680796,0.817615689694691,0.705026677279201
2025-07-26,28d8638ea0a71908,887c61da1a78a5e1,88be62d6c1e6dadb,8d3273573b85be09,Jose Ochoa,Asu Almabayev,0,0.535192085538825,0.532949645209324,0.538733793309692,0.446918304784283,0.627558933031379,0.53712725569293
2025-07-26,28d8638ea0a71908,582d66ce97309e29,06734ca9d88dec3a,8e9eb3fc86db0f7d,Shara Magomedov,Marc-Andre Barriault,1,0.755794304895023,0.760349765075507,0.797641430705072,0.733902308064703,0.850265198645823,0.779349145767334
2025-07-26,28d8638ea0a71908,d4d4ee045b0ca695,c0ac37a4a1133da9,d661ce4da776fc20,Marcus McGhee,Petr Yan,0,0.342076161482908,0.315066484426227,0.294732580192178,0.207064371118335,0.393004261543163,0.315746522526351
2025-07-26,28d8638ea0a71908,6b8be0ee3e569ad2,d549cefc7c54ab78,e1147d3d2dabe1ce,Reinier de Ridder,Robert Whittaker,1,0.619246626062422,0.668304357454978,0.615795085334499,0.490029060863929,0.733895949556226,0.617362642456393
2025-08-02,f2c934689243fe4e,d98d6b2c13557a87,8bd4200561c77a62,e375cb5caf4717b6,Ketlen Souza,Piera Rodriguez,0,0.561006306590469,0.589986759846434,0.570527323929436,0.491080302702548,0.650715175755135,0.566213323382854
2025-08-02,f2c934689243fe4e,b47db03affb279c3,53c10176e3bc7416,83455a9d17f57dae,Felipe Bunes,Rafael Estevam,0,0.217793220093821,0.189320724134233,0.167702429414764,0.119378822680419,0.229872573817656,0.189195066432075
2025-08-02,f2c934689243fe4e,07c2af68b6dbc4ec,450bcab0968562c4,d3f89fa685bd8420,John Yannis,Austin Bashi,0,0.242142240460236,0.188609040494119,0.204778314034039,0.157216881534628,0.26033698712058,0.221178495979881
2025-08-02,f2c934689243fe4e,b3c695728e177fd4,22e07d3da1aa3475,7eaa5e31c2dd86aa,Andrey Pulyaev,Nick Klein,1,0.454087616314203,0.425693640098423,0.449718614008112,0.379330922123739,0.522109109110931,0.451700067868021
2025-08-02,f2c934689243fe4e,45781930d64da456,147e70aa6cc48cfc,260e9e0d4954aea6,Tresean Gore,Rodolfo Vieira,0,0.192526770028295,0.131060492880696,0.167310439850355,0.108693969574611,0.242594213410371,0.178409638618083
2025-08-02,f2c934689243fe4e,eeeffa7f514e0c0e,a2d342ffc83913ed,d8c811df0386d5e8,Nathan Fletcher,Rinya Nakamura,0,0.682718396834426,0.739109779978071,0.698838113984194,0.592850646288823,0.790881286069502,0.691581609850699
2025-08-02,f2c934689243fe4e,111e66eb922449e4,239d8e5359022f3b,d964a59c48381cb6,Kevin Vallejos,Danny Silva,1,0.480441241477601,0.511830182375491,0.476594413900286,0.401985318787045,0.550330936642393,0.47833954163382
2025-08-02,f2c934689243fe4e,ac57250e3de89d5d,84b3e7d38f2d2ec5,8adcbd525fab8d9b,Neil Magny,Elizeu Zaleski dos Santos,1,0.563203332909127,0.654059972175623,0.582915218155081,0.475886092119554,0.686093137109869,0.574000109982844
2025-08-02,f2c934689243fe4e,c62ed8a6002b5360,351c4ec637380ad5,f2b3f4ef3f780168,Karol Rosa,Nora Cornolle,1,0.371697093588038,0.334250591124255,0.362931392541013,0.261321582532898,0.474224910929217,0.366897823070986
2025-08-02,f2c934689243fe4e,878941394f9e3538,323d4ca260dfa0ba,48a9a128784d53d1,Esteban Ribovics,Elves Brener,1,0.592082700147823,0.612487755890914,0.603350766159599,0.513132387654191,0.685508345327925,0.598250850323489
2025-08-02,f2c934689243fe4e,426a69e343822ab3,849c5d9979df5357,fd406a32a6fb3a29,Mateusz Rebecki,Chris Duncan,0,0.394453517594655,0.354509826336317,0.382978990688307,0.292066958137566,0.477581227031583,0.388170089446072
2025-08-02,f2c934689243fe4e,282c8c6c1ed82bfb,4461d7e47375a895,b671bdf981ad527d,Tatsuro Taira,HyunSung Park,1,0.683883891036245,0.721494110069461,0.728172190969807,0.637944373249358,0.8065856240446,0.708561903133668
2025-08-09,6cd3dfc54f01287f,857e8facd8ff7c36,9508cc6184cb2450,f14f644d41ade29f,Eric McConico,Cody Brundage,1,0.484407129884685,0.556606736297713,0.454419876318458,0.321726645039158,0.586995311234669,0.467998367371667
2025-08-09,6cd3dfc54f01287f,6ef50ed03b116b60,a6eb54ae17a551be,a78a87d8c2bbb1cb,Gabriella Fernandes,Julija Stoliarenko,1,0.640061966850991,0.649054443624751,0.6635497797317,0.553631973812962,0.759287241675027,0.652984208935647
2025-08-09,6cd3dfc54f01287f,7d923267c44dd93b,681399317dbf4701,b12fb759e02378de,Uros Medic,Gilbert Urbina,1,0.483457006437994,0.45478666773847,0.486802998593165,0.393011704031445,0.582134379130619,0.485284636687986
2025-08-09,6cd3dfc54f01287f,aef44145740741b3,b1e5bcaad32a3cac,f9ab66e67240db7b,Priscila Cachoeira,Joselyne Edwards,0,0.12995853563683,0.114641356875085,0.0856537412869339,0.0473951046673714,0.139801024552867,0.103753615907875
2025-08-09,6cd3dfc54f01287f,ae7a8f19743e8154,148bb103cfbf123e,7478b7f959ba61f5,Toshiomi Kazama,Elijah Smith,0,0.219382544482558,0.190097240215909,0.172228455607557,0.104137591465325,0.261978245802658,0.192553785062818
2025-08-09,6cd3dfc54f01287f,3d6571790c21527c,09a4447655fd4b7b,6add18754930182b,Rafael Cerqueira,Julius Walker,0,0.152611435492244,0.10149753851747,0.109276879514723,0.0752265208798034,0.151537307971972,0.12741989697727
2025-08-09,6cd3dfc54f01287f,75a84211f50c53f5,a93f94c923c3a9cb,cad24459b28592ca,Christian Leroy Duncan,Eryk Anders,1,0.706810378232597,0.70865189771943,0.756992970912049,0.672856801958247,0.824863964688501,0.734965126196332
2025-08-09,6cd3dfc54f01287f,ed5383b50ffcdded,46e0d677f91bacc0,ffd3224638c01b57,Miles Johns,Jean Matsumoto,0,0.44662015089803,0.403360923961613,0.436404750392528,0.326770690711148,0.557258869037023,0.441033694052684
2025-08-09,6cd3dfc54f01287f,98d6771af9b0ebe5,5ec591b78349ba7e,8fd808923cffff82,Christian Rodriguez,Andre Fili,0,0.787972791557565,0.761307752750718,0.837549301352064,0.779007024872856,0.887357170880107,0.816314114209134
2025-08-09,6cd3dfc54f01287f,646c79a7ecd12e5f,abcf2cc6efc42031,f0feeb2192937424,Iasmin Lucindo,Angela Hill,1,0.802025296654494,0.816100566313208,0.859999729756948,0.80711595821317,0.90245394906691,0.835676341550286
2025-08-09,6cd3dfc54f01287f,37d58369782cb86b,32ab52e5de93092d,6d68c1afe954f121,Steve Erceg,Ode Osbourne,1,0.787914335057968,0.836885075048819,0.827297225902793,0.759652672481575,0.883270162840888,0.8101915826981
2025-08-09,6cd3dfc54f01287f,68fe62bac7fd8bb0,093e1f5bb73850be,327d5f279895110d,Anthony Hernandez,Roman Dolidze,1,0.85225110002378,0.910307813225054,0.885660628780226,0.829725520690377,0.930020521369262,0.871401014266734
2025-08-16,421ccfc6ddb17958,68c423c7119004f3,2fe9032955c2e013,30cad5a751adcb48,Joseph Morales,Alibi Idiris,1,0.487863660899927,0.485623623536567,0.498838460840839,0.37228701094994,0.630109580767368,0.49385802441797
2025-08-16,421ccfc6ddb17958,88020d22cf905792,27b388f0aab49780,9d62c2d8ee151f08,Dione Barbosa,Karine Silva,0,0.436772074665961,0.407556092993756,0.428002246253193,0.327014139228568,0.528299369835355,0.431976171449291
2025-08-16,421ccfc6ddb17958,bc63f1b2e52f603e,64a50dad704d1d49,7cbf7c78d3b34218,Edson Barboza,Drakkar Klose,0,0.384150092887771,0.336315243383797,0.36951491740234,0.254155189696544,0.503213538206709,0.37612752817193
2025-08-16,421ccfc6ddb17958,1d8dc0fb5d47357f,262a7d06203657e6,971246648e162f0d,Alexander Hernandez,Chase Hooper,1,0.216812239705902,0.147167863248403,0.181566961724842,0.112052116831005,0.266646053957539,0.196976751526477
2025-08-16,421ccfc6ddb17958,a2eafd9e1d5031b1,6a1901c62ab3870f,8e5d953bdb9ae5e7,Jessica Andrade,Loopy Godinez,0,0.513916458047017,0.574123154636572,0.509277198550823,0.40999690465426,0.612571940563691,0.511382443916607
2025-08-16,421ccfc6ddb17958,5b880d10b0ed7acc,0d65c432720accb9,6ac9bc2953c47345,Michal Oleksiejczuk,Gerald Meerschaert,1,0.564550842245632,0.482579002188796,0.601343890272328,0.481964718547282,0.709660053126228,0.584764937759588
2025-08-16,421ccfc6ddb17958,5efd13a12be06706,64b12fe31be7560c,d1feea7a4bdcd503,Eric Nolan,Baisangur Susurkaev,0,0.412933799392811,0.403724073905477,0.387194323884834,0.352918454038585,0.420042825630286,0.398804579706064
2025-08-16,421ccfc6ddb17958,82338ba457fbe87f,c96d9178c9ed9e62,d33da8a3d82bdb62,Tim Elliott,Kai Asakura,1,0.416142546836354,0.412242451696495,0.397837728599148,0.281939818365847,0.524622538071343,0.406111177798838
2025-08-16,421ccfc6ddb17958,9939d7073462e07e,13a0275fa13c4d26,a67d071163962af8,Jared Cannonier,Michael Page,0,0.426640813626658,0.35168968091483,0.413336040541788,0.306537745572378,0.524332207086556,0.419358446902459
2025-08-16,421ccfc6ddb17958,42585ce706c086de,7ee0fd831c0fe7c3,b997be68943010fc,Carlos Prates,Geoff Neal,1,0.649382837647813,0.669374466581997,0.669387649785238,0.588595399866402,0.7416648246307,0.660381276960913
2025-08-16,421ccfc6ddb17958,9fa6a029f7f8241c,396fe87b84ac2e1c,5537efc6e496dd84,Lerone Murphy,Aaron Pico,1,0.821110807583735,0.842568549778622,0.866275598500356,0.811111218784347,0.910849760897355,0.847107967384253
2025-08-16,421ccfc6ddb17958,12cedec11b37ddc0,0d7b51c9d2649a6e,767755fd74662dbf,Dricus Du Plessis,Khamzat Chimaev,0,0.423827174225284,0.366685806720871,0.427056515235499,0.292589570820585,0.557330989776414,0.425590458869982
2025-08-23,754968e325d6f60d,7fc5f1dc2df84ac7,02f484417a6fa69d,709fadb644ee3f51,Uran Satybaldiev,Diyar Nurgozhay,1,0.530445749517564,0.546336628612282,0.53037815739449,0.4368142721728,0.623552319154576,0.530408826515916
2025-08-23,754968e325d6f60d,2f6065fe0804d1d8,86bace9e4ad85542,a474aade8eb3a8f0,Xiao Long,SuYoung You,0,0.387274093263336,0.391892809311607,0.356017713076044,0.27475489570445,0.448948193272346,0.370066187582978
2025-08-23,754968e325d6f60d,f0b7caa90faf47e5,3f11fd1751fa83b1,7b3503352cd53abb,Yizha,Westin Wilson,1,0.630400238459488,0.660951618790873,0.662794832146844,0.525502090376085,0.780787675522157,0.648263776056191
2025-08-23,754968e325d6f60d,130e622d4d2aee3e,595db60957de51d3,d6c0cdd7e467c440,Michel Pereira,Kyle Daukaus,0,0.716723003259385,0.725641480196116,0.758594825538185,0.635041059528029,0.854972597917426,0.740131913107252
2025-08-23,754968e325d6f60d,f55749e32ce5c6f3,a13d755965a4ec9f,d2cd7a69cc55e7ed,Rongzhu,Austin Hubbard,1,0.531161881005993,0.456058090835212,0.576921164306189,0.466576141335931,0.675980630202634,0.556273734643312
2025-08-23,754968e325d6f60d,1ab1ed99a4bc5494,814e5233e2acf2ee,bb2c3c3a466224af,Charles Johnson,Lone'er Kavanagh,1,0.51568361078743,0.516025623165834,0.49276481695062,0.402768112882441,0.585940621128291,0.50316591707729
2025-08-23,754968e325d6f60d,0b1460c666e66d39,8c1ca54b5089d199,b2a78df161bd67f9,Maheshate,Gauge Young,0,0.346995735591685,0.312445049464554,0.320413056038508,0.244957094097905,0.407069721198593,0.332343221802741
2025-08-23,754968e325d6f60d,1452c20d964c0a63,4729c93ba705a3bf,7498b3ac79a3b948,Kiefer Crosbie,Taiyilake Nueraji,0,0.264922659189129,0.228018969825425,0.208670149747667,0.152664304539927,0.276362260373233,0.233043878011709
2025-08-23,754968e325d6f60d,ce6bd165bef82bd7,34b96d52db1d26e6,3cf18e01cb6cbde3,Kevin Borjas,Sumudaerji,0,0.325640706854058,0.296232595367174,0.307680700574488,0.233006613794203,0.393376902481448,0.315761963578523
2025-08-23,754968e325d6f60d,5538d15c4eeac3b3,f14cf73e51b29254,fc08099550072fe4,Sergei Pavlovich,Waldo Cortes-Acosta,1,0.59543892714684,0.592341072813761,0.623970015070069,0.504778738698391,0.732465119244421,0.611117865670821
2025-08-23,754968e325d6f60d,58080e8989927500,cb696ebfb6598724,def8166ff24bd237,Aljamain Sterling,Brian Ortega,1,0.718332367026396,0.787461294340407,0.762148820814755,0.652731600616066,0.849621870613937,0.742864852385382
2025-08-23,754968e325d6f60d,2eecf0c36192e40c,8a65fd9ba31fd3f7,c21f26bbde777573,Zhang Mingyang,Johnny Walker,0,0.722145876762398,0.76892406403482,0.756778299570561,0.658666429846063,0.832971939334945,0.741434904409435
2025-09-06,6e380a4d73ab4f0e,a38010639e61885c,9c442aaf149ea982,e94085e821bd81de,Shauna Bannon,Sam Hughes,0,0.409663775509965,0.39181461258155,0.391708043673644,0.316730521710359,0.471244975856621,0.399822061033033
2025-09-06,6e380a4d73ab4f0e,d56a59a4c79cf515,2caf993f53541fa1,8f765fd5775a8873,Andreas Gustafsson,Rinat Fakhretdinov,0,0.362903119829563,0.352864574071737,0.334736683333021,0.25720111672452,0.418948646078628,0.347385508802435
2025-09-06,6e380a4d73ab4f0e,b3253e2c2d111030,0c6d9ea8306c029e,f96856f9d69fd7e4,Brad Tavares,Robert Bryczek,0,0.58242159796225,0.578623448414504,0.619455933007994,0.509491358972347,0.719705246712484,0.602796161734576
2025-09-06,6e380a4d73ab4f0e,420211200a35c1d1,31dbfbe4e7a6727c,8b6e5dc2ba1edbe7,Trey Waters,Sam Patterson,0,0.488943080171721,0.466892240745835,0.48974347864994,0.377047447230946,0.59825520612136,0.489380302239374
2025-09-06,6e380a4d73ab4f0e,5cd2dd6075fadcce,2dbc60c52de126d8,ec13c393d029297d,Harry Hardwick,Kaue Fernandes,0,0.317005111164854,0.282356396139873,0.278834265379717,0.222910915561577,0.341966201903225,0.295803505346587
2025-09-06,6e380a4d73ab4f0e,23dbe713c4294c66,7d8435c56043b0ae,c9cf753cfdf77fc2,Ante Delija,Marcin Tybura,1,0.330323581714888,0.323474723266171,0.284682864037866,0.204068738355514,0.381154497748448,0.304922521702095
2025-09-06,6e380a4d73ab4f0e,4080b4310d82b42d,46e2011d92463b7e,49edd0d90f60fb7d,Oumar Sy,Brendson Ribeiro,1,0.846435535064222,0.886903479329422,0.881764994450757,0.836734754266112,0.917318210002993,0.866697590816076
2025-09-06,6e380a4d73ab4f0e,b53031bf4bd0a330,92aed9d16794f42b,e1d40e8782d80bc2,Robert Ruchala,William Gomis,0,0.233300133175997,0.222459080591651,0.188042854072724,0.142340022449836,0.241599266717496,0.207690336524666
2025-09-06,6e380a4d73ab4f0e,a47123ae6e048f11,1d2d98ddd05b38fb,f748267c4ab6c127,Axel Sola,Rhys McKee,1,0.552420528444845,0.538628283843582,0.568977091858162,0.464242926344514,0.671617781605988,0.561481598194054
2025-09-06,6e380a4d73ab4f0e,69b31593175f77ec,4bdedbdeedff7d1d,f6ad6a1e4d600e0d,Bolaji Oki,Mason Jones,0,0.50486054182721,0.5070348466237,0.507506425751627,0.40548553347974,0.608613311030232,0.506305936030082
2025-09-06,6e380a4d73ab4f0e,0149e875b31e57f8,476fe566d2df676e,eabf206b162b3b83,Modestas Bukauskas,Paul Craig,1,0.627575071742347,0.564099435213397,0.677614868520025,0.551181476192416,0.789638358229745,0.655330689532398
2025-09-06,6e380a4d73ab4f0e,d14fea43712707f0,9c393e836a852f30,c2299ec916bc7c56,Mauricio Ruffy,Benoit Saint Denis,0,0.44674292694977,0.465819593443021,0.436836695645925,0.332283342760596,0.544482580902396,0.441325753437575
2025-09-06,6e380a4d73ab4f0e,5bcd8abf6da01dae,4126a78111c0855a,881bf86d4cba8578,Caio Borralho,Nassourdine Imavov,0,0.407761554700605,0.403685739394816,0.378843551650847,0.271582332917656,0.491649081855755,0.391871574517198
2025-09-13,5efaaf313b652dd7,3dd2fde7bff79c51,70dd69b6a703257e,c06d6b18862f9a53,Daniil Donchenko,Rodrigo Sezinando,1,0.564218913790253,0.569775153916343,0.580857615957523,0.557786994759972,0.604220820478952,0.573328449693818
2025-09-13,5efaaf313b652dd7,c4a6174b0698652e,60193e707634e560,81d2c551886bd5a1,Montse Rendon,Alice Pereira,1,0.2462154660479,0.1981052592354,0.190440107301165,0.135063243793114,0.255629629818832,0.214465991773761
2025-09-13,5efaaf313b652dd7,a1e193425e716b42,3fa97913cfd205d3,5e9ca8dd7d783a75,Alessandro Costa,Alden Coria,0,0.570527589233938,0.582981233223074,0.581013799537574,0.494499003903767,0.662281061649156,0.576264300642625
2025-09-13,5efaaf313b652dd7,3dc1a6335d890650,29162be25ebef5f0,c051c2e12d692b8a,Luis Gurule,Jesus Aguilar,0,0.251439203306687,0.2278617882124,0.212696462311896,0.146795880774962,0.290104964925973,0.229714212508446
2025-09-13,5efaaf313b652dd7,9474f64347aade7a,3df5493bb279226f,b08012bbe542592a,Amanda Lemos,Tatiana Suarez,0,0.141250683396233,0.0877318857468868,0.115464802755138,0.0701442497935461,0.17485094103409,0.126616393856442
2025-09-13,5efaaf313b652dd7,352839a03b428e74,ae7fe94f117f98cf,d747eb273a40a920,Joaquim Silva,Claudio Puelles,1,0.259928468546763,0.184687397339476,0.219755577608331,0.143118892746536,0.318050743325716,0.237410593133272
2025-09-13,5efaaf313b652dd7,07a378b257aad5a9,866fd7b1a6c90e7f,baa9be02c3e3e038,Dusko Todorovic,Jose Daniel Medina,1,0.615060991821405,0.657110886206204,0.64479832308935,0.546228272034644,0.737298803872988,0.631428079935757
2025-09-13,5efaaf313b652dd7,8a884a7930d75ca9,32feae6d9a1e5047,faf317c665546a36,Quang Le,Santiago Luna,0,0.328599530952764,0.316099420366289,0.280385685491001,0.217089325140354,0.352907847389368,0.301727127218387
2025-09-13,5efaaf313b652dd7,202c47db69768356,262a7d06203657e6,f53d4f21d1b5f2dc,Alexander Hernandez,Diego Ferreira,1,0.575507253932145,0.569854701833075,0.611668227872166,0.484369782633764,0.722042057086801,0.595387295557862
2025-09-13,5efaaf313b652dd7,114d2f6fcd3f6f00,71505842fb6455c3,8c0580d4fff106c1,Dustin Stoltzfus,Kelvin Gastelum,0,0.458469139987081,0.518931662262617,0.413154611627101,0.300155899452547,0.532290083744537,0.433580900615901
2025-09-13,5efaaf313b652dd7,7cbfeba85f86d1bf,7026eca45f65377b,e132d47bd9efbbe0,Jared Gordon,Rafa Garcia,0,0.519877541042368,0.594479253051413,0.470037985752088,0.33890031296664,0.600032522205663,0.492637643827485
2025-09-13,5efaaf313b652dd7,944b929130b23c2a,05339613bf8e9808,9a97acbfd5a08bfa,Rob Font,David Martinez,0,0.476887554705844,0.461642960726523,0.47093845746063,0.354022581296344,0.59495222345794,0.473636856264601
2025-09-13,5efaaf313b652dd7,de1a3734be60e6a1,52ef95b5860fb28c,f166e93d04a8c274,Jean Silva,Diego Lopes,0,0.57913853456263,0.604531900971607,0.587796801912128,0.499532662987554,0.669983492762319,0.583874625450154
2025-09-27,ed220e87bef0cc64,e35f7504d83b8b07,4e30e4250cb08b61,545092d13c67aa49,Loma Lookboonmee,Alexia Thainara,0,0.427938192008351,0.396084182471651,0.421450888384019,0.318761795271733,0.528913638581322,0.424391192680047
2025-09-27,ed220e87bef0cc64,140937779a2466a7,87e4a3a5080ee7ce,d0fd0d9ee560dae7,Elisha Ellison,Brando Pericic,0,0.522574310279138,0.524230307347277,0.533627456601137,0.491476198104788,0.574660301557664,0.528615681145723
2025-09-27,ed220e87bef0cc64,44cd8c9f622e155f,528b071cf3da7c56,ca80d72da81d7224,Luana Carolina,Michelle Montague,0,0.541574607664913,0.507513935750712,0.575416287700058,0.466395621840901,0.676262408260685,0.560129101378333
2025-09-27,ed220e87bef0cc64,81127436605d3c88,723b64c0e9a8f348,ed7d329d7c29428d,Josias Musasa,Colby Thicknesse,0,0.418983306034158,0.409633445102485,0.40989286190206,0.337279476677197,0.482110936697459,0.414010290954046
2025-09-27,ed220e87bef0cc64,e2dc4fb7b5c0ce76,40a456a25d52ee65,af9f42e6894047fc,Rolando Bedoya,Jamie Mullarkey,0,0.549401059539715,0.524515537427332,0.545474550444355,0.442362037312761,0.648887612681063,0.547256879975241
2025-09-27,ed220e87bef0cc64,93a0a19c2c1cfe66,5f61780fe5e9b6d0,8ebc3a8da015d70c,Andre Petroski,Cam Rowston,0,0.584802812641251,0.572310829338668,0.602846316190708,0.509980121145512,0.687885169708288,0.594690815407945
2025-09-27,ed220e87bef0cc64,dc31d3260dea7dcf,69898645d600abdb,b4b496ec2197ee3e,Rodolfo Bellato,Navajo Stirling,0,0.38235216370971,0.404691021997006,0.338934988471303,0.252070255864437,0.436841406967797,0.358350792764029
2025-09-27,ed220e87bef0cc64,8abad36b4c5e4070,6c3b2525436cf5d4,b39f7a6c2be17ee8,Tom Nolan,Charlie Campbell,1,0.408785365608414,0.403008523998452,0.397437555956519,0.315990757739079,0.487916707588723,0.402573590750743
2025-09-27,ed220e87bef0cc64,1ff24d5f760e0491,84b3e7d38f2d2ec5,a845f0735bc67405,Neil Magny,Jake Matthews,1,0.306619626737363,0.25128336848162,0.282469225275464,0.203989665738928,0.374886964611327,0.293283919659447
2025-09-27,ed220e87bef0cc64,38248c5d13f273e6,a9da3158dd2c2b5a,c5ccd878231c5407,Jack Jenkins,Ramon Taveras,1,0.507504569304976,0.556036896260228,0.504441368576061,0.414257307222155,0.592534607010406,0.505831308320426
2025-09-27,ed220e87bef0cc64,f5fb8b182020c59d,64ad3e3b0efa30bb,70e1f8a821b72c8b,Ivan Erslan,Jimmy Crute,0,0.380509423145219,0.365423186617296,0.339415086391585,0.23823653955464,0.45570607012792,0.357805187626808
2025-09-27,ed220e87bef0cc64,a3ee907c77544cde,2e19380f34871c6a,9014c02eff8b3d62,Dominick Reyes,Carlos Ulberg,0,0.466019654505344,0.419792573866345,0.464072796339973,0.34872603371153,0.580672954025207,0.464956023973144
2025-10-04,8944a0f9b2f0ce6d,98883348ddb3be33,4333a8e70a672eb7,4798e823ada58fe9,Brogan Walker,Veronica Hardy,0,0.265274176218675,0.234262303621276,0.197133340556377,0.131871117881388,0.275779903454675,0.226293617999624
2025-10-04,8944a0f9b2f0ce6d,b98bc1ecb94ef4a5,32c3ee378671a5d9,3d074044a33825e7,Austin Vanderford,Ramiz Brahimaj,0,0.725653320518409,0.75501152140451,0.75522657537398,0.658820058185527,0.833863068216974,0.742079924205787
2025-10-04,8944a0f9b2f0ce6d,e53fd165a3bc1f8e,45f0cc9d18f35137,a09ed60aa67a3f67,Chris Gutierrez,Farid Basharat,0,0.357164736934338,0.335918744447362,0.31740615079393,0.241717366307759,0.401193380140067,0.335159458531121
2025-10-04,8944a0f9b2f0ce6d,8353b491afa7bc32,3143bf892608139a,9cdd2da1a9104a0b,Yana Santos,Macy Chiasson,1,0.431843358045702,0.498444832069732,0.41453857376373,0.309134202588962,0.523327890653024,0.422366938638743
2025-10-04,8944a0f9b2f0ce6d,a951090fb402fd20,0f1efce7d2571d10,64facb6cc564262d,Nikolay Veretennikov,Punahele Soriano,0,0.36687160885264,0.333857793566847,0.333526029404782,0.236603153610188,0.441382483309266,0.348473951073202
2025-10-04,8944a0f9b2f0ce6d,1c7cc3a22ab7d907,4144798612ef96e5,886264a0c9f4ea5e,Edmen Shahbazyan,Andre Muniz,1,0.69308418774638,0.706421188088235,0.721674478531485,0.613660585485946,0.809051218058522,0.70890550520767
2025-10-04,8944a0f9b2f0ce6d,b09ecdc8ef0f0d20,2cfba6c837c03ed0,6902fcf0610dd303,Patchy Mix,Jakub Wiklacz,0,0.483260416419555,0.495629071457261,0.471181507434268,0.383850427482509,0.560178697122019,0.476658814693062
2025-10-04,8944a0f9b2f0ce6d,7b34aa1eb09b8301,a44020ea2e8cd026,b67d6bacc68d4c92,JooSang Yoo,Daniel Santos,0,0.426620933470768,0.416567042313272,0.396698941930737,0.286577020530532,0.52050595905005,0.410194213013785
2025-10-04,8944a0f9b2f0ce6d,9418ebb3db2a4bae,2f815ed5f8278ba6,563a1d42bb0e3cef,Ateba Gautier,Tre'ston Vines,1,0.722174107944498,0.737137178611978,0.76598479478367,0.701497023289525,0.822837808879218,0.746718731516039
2025-10-04,8944a0f9b2f0ce6d,d006dd2513bd376d,36b8f265bcd1b7a4,c1085e1701b13eca,Abus Magomedov,Joe Pyfer,0,0.403722808870897,0.424067874169824,0.383723992198857,0.309139757138242,0.459135301146695,0.392753905398034
2025-10-04,8944a0f9b2f0ce6d,84ebd144d5e79c88,52c2ae6d2f2d2613,fba03cd6cc28dc41,Youssef Zalal,Josh Emmett,1,0.848126402673489,0.894029560549569,0.89516128714871,0.832204390279265,0.938670825748216,0.875656350004363
2025-10-04,8944a0f9b2f0ce6d,2560ea97b2cce4ef,009341ed974bad72,749f572d1d3161fb,Jiri Prochazka,Khalil Rountree Jr.,1,0.729969955964571,0.820257290768137,0.75896878627879,0.646027442403996,0.848212829793532,0.746079397337751
2025-10-04,8944a0f9b2f0ce6d,a8511df8285f5c91,65f09bacd3957381,c03520b5c88ed6b4,Cory Sandhagen,Merab Dvalishvili,0,0.323556881906082,0.264556921712811,0.308821598693296,0.198818243523019,0.435431532640334,0.315461723769701
2025-10-04,8944a0f9b2f0ce6d,0de1ef0b9f3a79c0,d802174b0c0c1f4e,e5549c82bfb5582d,Magomed Ankalaev,Alex Pereira,0,0.524169298308528,0.528187425724849,0.535611626672317,0.420168786960274,0.646519584194987,0.530423746969145
2025-10-11,9336e86cfd4ceaa1,0f9e7d0d04e24b74,6fc506e1099afe20,72ea1984c52019b5,Luan Lacerda,Saimon Oliveira,1,0.622671964861104,0.629575566951139,0.647765505264366,0.51611797912472,0.761993516517678,0.636471024736136
2025-10-11,9336e86cfd4ceaa1,c547b3e95bcc5f24,abb68e3c7ca128f2,d7c3816669784109,Julia Polastri,Karolina Kowalkiewicz,1,0.664187179357873,0.64862619630812,0.710868661965,0.627242680390924,0.77876514850179,0.69016167261206
2025-10-11,9336e86cfd4ceaa1,434abaea90ccd299,2bd98ab77a8daa75,e0d3d9b564f95635,Stewart Nicoll,Lucas Rocha,0,0.492570354702434,0.478224448184269,0.479353285013374,0.41934888869385,0.538299922117253,0.485347877085947
2025-10-11,9336e86cfd4ceaa1,546f971f9d8e0a33,103e2e33a60683e1,eff9074bc066f0f2,Irina Alekseeva,Bia Mesquita,0,0.472974420224167,0.450833762124976,0.457082345914973,0.375172275984293,0.538611082726793,0.464284289895838
2025-10-11,9336e86cfd4ceaa1,a815dafc89adf33b,71171fc96445bf65,764d39074a352e33,Vitor Petrino,Thomas Petersen,1,0.511298204535885,0.472401148661681,0.523585414724887,0.433766136667586,0.616722507012983,0.518012907112786
2025-10-11,9336e86cfd4ceaa1,766b0b26c40525de,65adf3856c4d9256,b62d5280966b2460,Jafel Filho,Clayton Carpenter,1,0.423574644856604,0.433312791201919,0.395093138604629,0.321262807525378,0.470553911018697,0.407940421690702
2025-10-11,9336e86cfd4ceaa1,cff0abc02974fb4a,01c9e4013afce141,710f0f8c5d5c9d41,Michael Aswell Jr.,Lucas Almeida,1,0.727008177929992,0.724082434670084,0.773582429719982,0.696883130761321,0.838277157235178,0.753171742041077
2025-10-11,9336e86cfd4ceaa1,2aef1a91d26dde42,1ae8f3c723aacff4,7facc9c45d792985,Ricardo Ramos,Kaan Ofli,0,0.499979448397708,0.493994814278248,0.525683329402565,0.412918387111116,0.633165409635541,0.514029227514486
2025-10-11,9336e86cfd4ceaa1,03377f7bf8a2d5ff,25f9a5f3e8a52618,39d309957c5c210d,Jhonata Diniz,Mario Pinto,0,0.530072611505114,0.527735862900933,0.536575051524352,0.448519467791954,0.620610416427351,0.533626067455541
2025-10-11,9336e86cfd4ceaa1,6188b7fb3f8daacc,58bbef3770bb2dfc,6d4b63c767106d3a,Joel Alvarez,Vicente Luque,1,0.745778133292564,0.854485382398445,0.749911619127198,0.621298826332214,0.85478157105179,0.748041674193868
2025-10-11,9336e86cfd4ceaa1,f295eb2a7b0ba4b7,aa72b0f831d0bfe5,cc1a8b4b38b92c6d,Deiveson Figueiredo,Montel Jackson,1,0.241599697502134,0.23824751917704,0.190250614678898,0.111556424305311,0.288047049912583,0.212446507011024
2025-10-11,9336e86cfd4ceaa1,79865287be90e4be,07225ba28ae309b6,72db2a14ffa73ece,Charles Oliveira,Mateusz Gamrot,1,0.283199828181518,0.265106040085652,0.269215680101735,0.170657146652386,0.390718573376096,0.275506490484466
2025-10-18,38e5d9dcb0fddc42,dec301fd5e99ca46,2c5f5749569eef66,51e2f44a8dbf6984,Tainara Lisboa,Melissa Croden,0,0.527559092423951,0.51243367826533,0.542180589420919,0.46747498864026,0.619226449402161,0.535553765294713
2025-10-18,38e5d9dcb0fddc42,87ac0e5face106b4,3bc3f60b21cddc6a,7674b836ce0698a0,Azamat Bekoev,Yousri Belgaroui,0,0.725587751261763,0.756265399396077,0.768490344169962,0.698038758184238,0.830306982185718,0.749622779996684
2025-10-18,38e5d9dcb0fddc42,8d9458121f0c4b95,1b35af4d1529adf6,4948e412fa6ab67d,Stephanie Luciano,Ravena Oliveira,1,0.638818125291532,0.681552791151445,0.664052303869202,0.596333257035911,0.72945167302976,0.652708202354524
2025-10-18,38e5d9dcb0fddc42,096e00355c8c84ac,312f7d7b2b2f7de4,b7c5eb7cdbac6a63,Djorden Santos,Danny Barlow,1,0.420815547862859,0.452043106309366,0.387051034195492,0.304325914115034,0.47407542044459,0.402257764341184
2025-10-18,38e5d9dcb0fddc42,668a44403a130043,294aa73dbf37d281,b671bdf981ad527d,Bruno Silva,HyunSung Park,1,0.273925062399369,0.289926698197576,0.227485742565884,0.165595172826419,0.300211110113822,0.247844168653343
2025-10-18,38e5d9dcb0fddc42,970f083af8368f57,700a674c042b7a96,7d420039bbfe7c1a,Cody Gibson,Aoriqileng,0,0.528756262185122,0.537944240035919,0.519575685721056,0.413543289449515,0.631760602541599,0.523743256692231
2025-10-18,38e5d9dcb0fddc42,ecdbb3a5216b815e,519e4fe37ce9ff75,873626e5547b5235,Drew Dober,Kyle Prepolec,1,0.666947929380465,0.771843313724014,0.68879783898726,0.57739485082662,0.784493806948032,0.678980328628364
2025-10-18,38e5d9dcb0fddc42,3af1bdc5a510bba9,31f8081c7600da93,dccb63727f2f5f74,Kyle Nelson,Matt Frevola,1,0.54856505828834,0.5984569946671,0.566215736280065,0.452294782585904,0.679042283220191,0.558225039320615
2025-10-18,38e5d9dcb0fddc42,a18edcb638ba7e39,113df4fde64735c6,f1d64ae34e088832,Davey Grant,Charles Jourdain,0,0.413427436276509,0.38951014231172,0.371137348062271,0.264546540995325,0.489877113715747,0.390124103075249
2025-10-18,38e5d9dcb0fddc42,c82acd7b17915591,34ff304266360297,a9e260472d321361,Manon Fiorot,Jasmine Jasudavicius,1,0.658500575029,0.718825638764216,0.668123967744856,0.556149000620613,0.764748408627021,0.663774286619088
2025-10-18,38e5d9dcb0fddc42,857d274e47aa8c4e,24656ef4d605c96f,7c7332319c14094c,Aiemann Zahabi,Marlon Vera,1,0.538429918718144,0.50708672954116,0.537033838407035,0.429045293119316,0.639079988630103,0.53766736366537
2025-10-18,38e5d9dcb0fddc42,cdd565a16975c711,3a46b268013afede,dd6103dd7127db1d,Kevin Holland,Mike Malott,0,0.56978624301414,0.587433174877751,0.595186305132143,0.493082589071566,0.69055448434241,0.583715898839682
2025-10-18,38e5d9dcb0fddc42,d61373d9fdf01a12,2f181c0467965b98,d549cefc7c54ab78,Brendan Allen,Reinier de Ridder,1,0.521472706366489,0.49954716640769,0.529757189829137,0.399901115951061,0.656302384623976,0.525999977346166
2025-10-25,7956f026e2672c47,ef1519c8c1d20977,43a59ce3bb40449e,bc7d1ad49fcb2d08,Mizuki,Jaqueline Amorim,1,0.159513247424357,0.0962701881638836,0.124909493358025,0.0728768464170506,0.198205676283456,0.139737020767921
2025-10-25,7956f026e2672c47,22dd728012944f0a,0be6776db31d98ec,7f1bf0c255ec8756,Mitch Raposo,Azat Maksum,1,0.582823645713584,0.64833677887672,0.59508916596428,0.528140721907975,0.665425471929219,0.589537588631794
2025-10-25,7956f026e2672c47,3fdb4c4b39218cf4,3329d692aea4dc28,7a5e8c94a86f9895,Hamdy Abdelwahab,Chris Barnett,1,0.809130434866971,0.805312364821169,0.853182349003079,0.776367207662068,0.90991867995361,0.834335108238863
2025-10-25,7956f026e2672c47,bd7394f07247d9ca,329e403448756217,7d6ceff6747f2de2,Nathaniel Wood,Jose Delgado,1,0.359273448508801,0.37103771538051,0.324358769683823,0.225750466627778,0.44212474406804,0.339987493139178
2025-10-25,7956f026e2672c47,f2c2a49fed32bd75,cdb7b38b1b357f26,f5779a2303ed76ec,Louie Sutherland,Valter Walker,0,0.252398173980263,0.212292231577314,0.206780749290687,0.149137036504835,0.271706483295733,0.22668686212728
2025-10-25,7956f026e2672c47,e9c034cec33b3479,5b86d491d63890c5,849c5d9979df5357,Ludovit Klein,Mateusz Rebecki,1,0.651933136204747,0.747929587287822,0.680124154627989,0.589574490559082,0.763851137724063,0.66748034062694
2025-10-25,7956f026e2672c47,0230a9dd2739add4,285ae0b4a68221f4,b07aed698fba8624,JunYong Park,Ikram Aliskerov,0,0.532856259622771,0.543012781660521,0.53162091529498,0.412107122887157,0.651532780829773,0.532181484507206
2025-10-25,7956f026e2672c47,cb902d73389ed34b,17734443a833cdf7,b7b84ccd221be298,Quillan Salkilld,Nasrat Haqparast,1,0.683230473428179,0.757274442426293,0.693030354233079,0.585436848582855,0.786310963574782,0.688604676060265
2025-10-25,7956f026e2672c47,ef12d2aaaadaf6d0,333b9e5c723ac873,e90a2f22417af68e,Aleksandar Rakic,Azamat Murzakanov,0,0.39580813888729,0.396466611998751,0.3913935002548,0.278734131501243,0.510801889656343,0.393394426296451
2025-10-25,7956f026e2672c47,b42a3386a7dccb3d,279566840aa55bf2,41e83a89929d1327,Alexander Volkov,Jailton Almeida,1,0.407683955353468,0.429155768024672,0.379412173472487,0.275470355397113,0.498766964969828,0.392151332163042
2025-10-25,7956f026e2672c47,e69f9b4b9cae12a4,2b6fc1c02736833d,bc711b6dd95c1af6,Umar Nurmagomedov,Mario Bautista,1,0.703529728380079,0.761943791342093,0.732301469314255,0.650149461111582,0.804419816950323,0.719467996659164
2025-10-25,7956f026e2672c47,7d3da3c4153717de,7447e9f28508106a,7dda2cf308f24a02,Mackenzie Dern,Virna Jandiroba,1,0.288622820466489,0.233114018781669,0.269556682224756,0.175663543831265,0.382729179530078,0.278108624796863
2025-11-01,0e2c2daf11b5d8f2,7add5901fac6ab82,c0d5c0c95c59050b,d35298b6df168456,Ariane Carnelossi,Talita Alencar,0,0.428427820910433,0.465060119234662,0.417193903660424,0.306895905604918,0.532879490080368,0.422281220779501
2025-11-01,0e2c2daf11b5d8f2,e6031b5937294176,4a07b1988477502c,8e382b585a92affe,Seokhyeon Ko,Phil Rowe,1,0.659024476761057,0.69391569122881,0.689535264687983,0.58922056083365,0.770718994475897,0.675875092305793
2025-11-01,0e2c2daf11b5d8f2,32927d50acedb507,1235b31de15d0c6e,87f8699fdcc2c404,Montserrat Conejo Ruiz,Alice Ardelean,0,0.167084344552521,0.109317231443816,0.137156335338277,0.0847697218773011,0.208078963034702,0.150135653672633
2025-11-01,0e2c2daf11b5d8f2,760150e9951e65fa,b9706f80d005036c,d3f5d33d61cd00c9,Ketlen Vieira,Norma Dumont,0,0.337859760293312,0.278491716195876,0.314835790561871,0.22753803351386,0.415483553167956,0.325178586920436
2025-11-01,0e2c2daf11b5d8f2,c245be6698c1e378,4e6738062d469256,ad5cb64af10fc946,Sedriques Dumas,Donte Johnson,0,0.427825318418377,0.459654873167518,0.410205718200696,0.313719430666752,0.514428990978554,0.418174678512592
2025-11-01,0e2c2daf11b5d8f2,58f6248da3cdf3ce,0e46690e55a8df75,117a06469813e4ef,Timmy Cuamba,ChangHo Lee,1,0.530220432420586,0.543845818043608,0.536276607531746,0.419781150027879,0.652086601084108,0.533529920357667
2025-11-01,0e2c2daf11b5d8f2,f063bcccbbb9edc5,07a74004d964c7f4,7e9b36a9847db116,Billy Elekana,Kevin Christian,1,0.524675982643933,0.530090414159367,0.541988989321341,0.471689087362904,0.61307680950398,0.534143485757519
2025-11-01,0e2c2daf11b5d8f2,f41c2c82d5117230,253076a23d03dcd0,7f6ed67d3ed3c036,Allan Nascimento,Cody Durden,1,0.70702008410355,0.761949346594564,0.749260109643393,0.636563661086582,0.84275185188114,0.730606102335411
2025-11-01,0e2c2daf11b5d8f2,71c8ca7442bcb757,7cec3c4a5e7b6d68,feedf3053472fe56,Daniel Frunza,Charles Radtke,0,0.398306932316644,0.427039254229284,0.367496841121337,0.258957532986448,0.489787516436637,0.381359348158804
2025-11-01,0e2c2daf11b5d8f2,767b78b67c7da17c,70380ccdc81915b8,a57cb948c4c70a47,Yadier del Valle,Isaac Dulgarian,1,0.385173975266696,0.371221882529828,0.361723648976036,0.274602978608836,0.452518491194583,0.372289960076009
2025-11-01,0e2c2daf11b5d8f2,b0f68344e01884ff,40f3cb27fc7305a1,d66a46de8d705353,Themba Gorimbo,Jeremiah Wells,0,0.678885478324664,0.723567878910394,0.720303090065895,0.625289005674868,0.796574339539621,0.701916009662488
2025-11-01,0e2c2daf11b5d8f2,9d9390b550d77e06,7d8435c56043b0ae,fc08099550072fe4,Ante Delija,Waldo Cortes Acosta,0,0.430042532700542,0.462365676859025,0.408955514924882,0.327638067422038,0.496843084693117,0.418486865073743
2025-11-01,0e2c2daf11b5d8f2,747d922b329b7f30,97cf1a2c7c5e7889,ffe9703408fb5964,Steve Garcia,David Onama,1,0.594455639817444,0.607661364943009,0.594239650002747,0.458246915358546,0.719903614728834,0.594337656893599
2025-11-08,6436029b50a9c255,84b66bf7fba2d59d,23dec7c47cb418f8,3eeec2f53cebdf12,Zach Reese,Jackson McVey,1,0.450440248956003,0.39422565371008,0.446873310811206,0.364170048763903,0.531421916380696,0.448491104001573
2025-11-08,6436029b50a9c255,238c274c90587e21,46e0d677f91bacc0,850266b3dc4e506e,Miles Johns,Daniel Marcos,0,0.468914966305904,0.532015422693513,0.441229544185729,0.354732042344311,0.532502871304374,0.453756650355745
2025-11-08,6436029b50a9c255,9126633d921afb57,31ef8b67e13495b3,cffb87059e645bd1,Tecia Pennington,Denise Gomes,0,0.358067867610739,0.371443955572168,0.317854276130547,0.236807017910308,0.416342627766672,0.335808915081056
2025-11-08,6436029b50a9c255,87dcb3eab20f6ac1,6a311920edd73c85,955da1675ad58a50,Max Gimenis,Josh Hokit,0,0.437571854563911,0.428944195523568,0.417727647537796,0.39635811278145,0.43796857614696,0.426702699927876
2025-11-08,6436029b50a9c255,80eae31bc0a94a65,cc8c623cca88f54f,e3964ece586e0635,Mayra Bueno Silva,Jacqueline Cavalcanti,0,0.215479285156683,0.201667233427785,0.163509881985614,0.107320891942072,0.234898334604316,0.185728089022257
2025-11-08,6436029b50a9c255,c6d56aad93f98249,5987b2458f4b5290,b9f28e7045fdfce7,Ricky Simon,Raoni Barcelos,0,0.582597846032729,0.605626480075576,0.620681854637972,0.521693857758714,0.709353200058186,0.60355526748011
2025-11-08,6436029b50a9c255,e3d657dd88864ba7,41cc71cbf210e0fe,e00a3dee329a51f7,Hyder Amil,Jamall Emmers,0,0.554105484771097,0.497245634564612,0.570004658797987,0.464754932726231,0.665946090000863,0.562806490402498
2025-11-08,6436029b50a9c255,ac4343150638b635,9384e71bca6c409d,a93f94c923c3a9cb,Marco Tulio,Christian Leroy Duncan,0,0.476896905114327,0.472834848755609,0.457246795071482,0.353414782654876,0.560455894613215,0.466149977525883
2025-11-08,6436029b50a9c255,20971ed9a842b0cb,06626b6287e1ae1e,eb393afdbe3293d5,Chris Padilla,Ismael Bonfim,1,0.538459651617551,0.514129817412955,0.55087551471562,0.469622144875056,0.631645549949436,0.545248901733048
2025-11-08,6436029b50a9c255,b23fa678cc65cf5b,447f9858ae78f921,681399317dbf4701,Muslim Salikhov,Uros Medic,0,0.521263138851821,0.52324860288744,0.510724238172143,0.407767471224292,0.614274947646868,0.515507862678839
2025-11-08,6436029b50a9c255,f7e9bd2d6f81aeae,2fe9032955c2e013,67c1d46f4ed16f9e,Joseph Morales,Matt Schnell,1,0.720391130426966,0.72178701335882,0.765167053805398,0.656262591400834,0.852256677451893,0.745484906882437
2025-11-08,6436029b50a9c255,4e224ebb6394611d,01641ba5df0c69b0,c6aee362c7a7d482,Gabriel Bonfim,Randy Brown,1,0.675533741352225,0.698933773041822,0.703205837891957,0.613946712439908,0.783059722782876,0.69081827968597
2025-11-15,8db1b36dde268ef6,1a5378e32e8519ef,19c591115a58982c,72f890c5d421e705,Viacheslav Borshchev,Matheus Camilo,0,0.38155441634071,0.370681164074352,0.344103855136876,0.252218384871376,0.445201090932421,0.360889195006017
2025-11-15,8db1b36dde268ef6,c037cf1f7b429d5e,9508cc6184cb2450,d1feea7a4bdcd503,Eric McConico,Baisangur Susurkaev,0,0.113249583969744,0.0559849466608367,0.0774196610515325,0.0524430256404917,0.109474923978542,0.0921734853971047
2025-11-15,8db1b36dde268ef6,6c2c6a6e3f4d04db,745fa7b605f8e2da,f0feeb2192937424,Fatima Kline,Angela Hill,1,0.808536374129792,0.844472433168775,0.858762314606265,0.789983872768514,0.910292668603347,0.837487586584586
2025-11-15,8db1b36dde268ef6,e3cbd663732f4a98,b8bbdeff718dbb7d,e0c6edcb5b5d0b90,Pat Sabatini,Chepe Mariscal,1,0.464585060877329,0.455085798120438,0.454400887054374,0.346253855630758,0.559818006616009,0.459017604578337
2025-11-15,8db1b36dde268ef6,9bbdc2a2ab334541,6ac9bc2953c47345,d6c0cdd7e467c440,Gerald Meerschaert,Kyle Daukaus,0,0.422973544444658,0.465750556634646,0.392182318410397,0.258918167712477,0.534919154764122,0.40606293869767
2025-11-15,8db1b36dde268ef6,e313286b307334a7,2e45d08b3f2f02c8,d776b5814f2400b4,Malcolm Wellmaker,Ethyn Ewing,0,0.634378959752468,0.633681878792476,0.658926756194144,0.559161132405133,0.750306932737679,0.647884668148
2025-11-15,8db1b36dde268ef6,909cd8633507a0c8,669970f7feba8ecd,68d4a891e5cf2029,Erin Blanchfield,Tracy Cortez,1,0.797068594846167,0.860995762309596,0.837646070470713,0.778969964425975,0.88635850922158,0.820105595006358
2025-11-15,8db1b36dde268ef6,ebb012c5f3fd0cbb,9d83f6da776ff7d6,d1c65d2cf2925ddd,Roman Kopylov,Gregory Rodrigues,0,0.374130204467548,0.32587886875632,0.346558120220132,0.278519250796635,0.420619557278589,0.358954011474208
2025-11-15,8db1b36dde268ef6,292b83afa418635f,260e9e0d4954aea6,35673bf5204524ee,Rodolfo Vieira,Bo Nickal,0,0.445095962821771,0.445195589812141,0.410746644838557,0.329934042920558,0.495216137713672,0.426245351808904
2025-11-15,8db1b36dde268ef6,9b5f190cd3f5ce16,08af939f41b5a57b,c2299ec916bc7c56,Beneil Dariush,Benoit Saint Denis,0,0.311573480994812,0.304970362326328,0.277305426743975,0.180972403907932,0.399020266799819,0.29256514982337
2025-11-15,8db1b36dde268ef6,3c60884853766487,7ee0fd831c0fe7c3,f1fac969a1d70b08,Carlos Prates,Leon Edwards,1,0.532318802852843,0.523855194376818,0.524955503813687,0.397763103008446,0.644442454528958,0.52829803648735
2025-11-15,8db1b36dde268ef6,477af74ea3cbba8b,45f7cb591c3ab00b,c32aeb1a59e6272d,Sean Brady,Michael Morales,0,0.461697467566546,0.439242914797011,0.449140759642441,0.332696065862294,0.572241532797182,0.454831134818504
2025-11-15,8db1b36dde268ef6,7606f6b6c19f2d73,132deb59abae64b1,1ebe20ebbfa15e29,Valentina Shevchenko,Zhang Weili,1,0.545237609300348,0.561441678700254,0.533286688988899,0.381901442756999,0.686613482576889,0.538714821356188
2025-11-15,8db1b36dde268ef6,856f6ee049373843,275aca31f61ba28c,6b453bc35a823c3f,Islam Makhachev,Jack Della Maddalena,1,0.606359240371456,0.714280249789678,0.600424638647584,0.408212483094306,0.769339993388474,0.603121150020854
2025-11-22,92c96df8bdab5fea,9027e156c6f1988a,ac0874309da489b9,b5c19c34f12c917e,Marek Bujlo,Denzel Freeman,0,0.525888762595939,0.531169342087159,0.531706728688358,0.505224822828154,0.557531897434161,0.529067880386626
2025-11-22,92c96df8bdab5fea,46f81d5ecd974c1c,52b6bf4528130e86,ca28cdf526d6b6e9,Shem Rock,Nurullo Aliev,0,0.305203090161446,0.30902983164176,0.246350199744069,0.18610910600045,0.315448246763789,0.272082896025466
2025-11-22,92c96df8bdab5fea,335064c3380e2f10,6a96ad1bc34fb113,d5bab53a1a603aac,Ismail Naurdiev,Ryan Loder,1,0.692239224510891,0.706302800098502,0.740366571846705,0.653423653307814,0.817110042486201,0.719143813017001
2025-11-22,92c96df8bdab5fea,6f0231915cc28507,4a6dff1b260bcf61,a4dc0f2b95df4cc1,Aleksandre Topuria,Bekzat Almakhan,1,0.727727021239298,0.766152393590303,0.762631044497434,0.681655983543372,0.827102126044307,0.747184857835842
2025-11-22,92c96df8bdab5fea,f5564a9eeebd4ea0,09a4447655fd4b7b,95aff2fd8d09a5f0,Rafael Cerqueira,Abdul Rakhman Yakhyaev,0,0.175981497216405,0.133722580819298,0.121027863671994,0.0844432207726479,0.164739611085292,0.143861718837042
2025-11-22,92c96df8bdab5fea,443f30a4a856584a,8d3273573b85be09,ab2b4ff41d6ebe0f,Asu Almabayev,Alex Perez,1,0.614133166372444,0.644850937015424,0.642154540316729,0.533331363765893,0.737905148772296,0.629547407632545
2025-11-22,92c96df8bdab5fea,c49485cedb878cf0,9d19d9e4aa2662e8,de26d906f2874dd4,Nicolas Dalby,Saygid Izagakhmaev,1,0.467624868635164,0.450549385347192,0.461247954914294,0.367707796989426,0.552575461796152,0.464139945472136
2025-11-22,92c96df8bdab5fea,5e6a74db89f5410c,b1de86d835638319,fb37795db81f93f3,Luke Riley,Bogdan Grad,1,0.334345361162895,0.314249778321837,0.312436527709879,0.255948051142375,0.376038352428234,0.322281137455345
2025-11-22,92c96df8bdab5fea,00ee51bba08b7a08,98aa60cf58071fd6,f00ac08ab056af5d,Kyoji Horiguchi,Tagir Ulanbekov,1,0.345265490330576,0.310572101470506,0.30523166587651,0.208130747536977,0.423908267415384,0.3230786763483
2025-11-22,92c96df8bdab5fea,e8307c7686c42d8c,6747ccd6d1acd266,fc08099550072fe4,Shamil Gaziev,Waldo Cortes Acosta,0,0.316449720764166,0.318961536003805,0.279379492983999,0.207885695825658,0.363254746908984,0.295869294062019
2025-11-22,92c96df8bdab5fea,8ed609d80e135d94,0a1942069c9ad6b6,bf2c8e01b07d3eb1,Jack Hermansson,Myktybek Orolbai,0,0.316398136695092,0.288713827268093,0.290068945634962,0.196553674017018,0.399611179124711,0.301855067469148
2025-11-22,92c96df8bdab5fea,870d374f8d9af65a,0845c81e37d3bcb3,a495f599e787614f,Volkan Oezdemir,Alonzo Menifield,1,0.711903674610286,0.782304546635738,0.733307109794055,0.63173481684294,0.817379129097484,0.723721881929443
2025-11-22,92c96df8bdab5fea,b2218930b982d9b6,442c9011034ae1fd,b1b0729d27936f2f,Ian Machado Garry,Belal Muhammad,1,0.671462517190738,0.689377087622828,0.710314230159187,0.629346632100285,0.7840894291451,0.693021601080643
2025-11-22,92c96df8bdab5fea,5f5b626e67529056,193b9d1858bc4df3,eae48ff31db420c2,Dan Hooker,Arman Tsarukyan,0,0.218377428008357,0.188580096341429,0.166065380998942,0.10711349972847,0.240484968665213,0.188447985246149
2025-12-06,bd92cf5da5413d2a,40fa4f8b4b93884e,480779d7f9a424d3,8d11d9c13e2ccdf7,Mairon Santos,Muhammad Naimov,1,0.657866891340837,0.679993752147826,0.703537311163015,0.632181732277608,0.769897155496333,0.683247170346538
2025-12-06,bd92cf5da5413d2a,964ea1777695851b,6d48a2df51749d91,841695e02c99a521,Antonio Trocoli,Mansur Abdul-Malik,0,0.112859924939176,0.0691833730999078,0.0710500152957836,0.0463076126787417,0.105404332040894,0.0878797089395269
2025-12-06,bd92cf5da5413d2a,ea660db65bfa998f,1c23ec2f1b71be40,6e8f1bcdda94ff45,Iwo Baraniewski,Ibo Aslan,1,0.404308902115409,0.393673050051329,0.396760648974372,0.323433237088135,0.475960831178628,0.40017970678942
2025-12-06,bd92cf5da5413d2a,7af407397532f7cf,4d8fa64202cee4c1,64a50dad704d1d49,Jalin Turner,Edson Barboza,1,0.671746387957282,0.737088982711392,0.710577837502827,0.600561197193931,0.80566017446216,0.693294695508941
2025-12-06,bd92cf5da5413d2a,3c683da1924b6c44,1e719d4b676dc19a,7acbb0972e75281a,Brunno Ferreira,Marvin Vettori,1,0.446818987757832,0.407788917668192,0.420857716602704,0.291277451656569,0.552730393241347,0.432591989112131
2025-12-06,bd92cf5da5413d2a,10a57b983e59f727,1e4f273069fb9e85,ff62013d2fce6d13,Fares Ziam,Nazim Sadykhov,1,0.727721224735533,0.755320775016715,0.783330152773613,0.693789272836912,0.858828246910381,0.75916577405139
2025-12-06,bd92cf5da5413d2a,2417cc7bc1eea75b,6a740daf1b279661,9d62c2d8ee151f08,Maycee Barber,Karine Silva,1,0.640216414248833,0.653314799403708,0.682736325544334,0.569234720070946,0.780616939398731,0.663768386229054
2025-12-06,bd92cf5da5413d2a,b3d2ac2244e4f791,809bd1a871491508,fd406a32a6fb3a29,Terrance McKinney,Chris Duncan,0,0.451756236092817,0.416164329788969,0.447999007005829,0.342157044424141,0.560844252862759,0.449703087861499
2025-12-06,bd92cf5da5413d2a,c797b58d85c840a4,2e7878927067fdca,99bd51917728c25d,Manuel Torres,Grant Dawson,1,0.326601985888137,0.334374021759432,0.276588201988957,0.175198992880596,0.398773825038883,0.298693790903866
2025-12-06,bd92cf5da5413d2a,1dc29f4c6fcdd356,056c493bbd76a918,6e743a33d56bdaa4,Henry Cejudo,Payton Talbott,0,0.371427319383607,0.378030231047305,0.327690741668363,0.226949487641018,0.442520220283228,0.347220039637114
2025-12-06,bd92cf5da5413d2a,fbbb9e72900b71f5,4461d7e47375a895,792be9a24df82ed6,Tatsuro Taira,Brandon Moreno,1,0.529012800125116,0.513723692877023,0.536312585646643,0.439766353098866,0.630587493127096,0.533002148774536
2025-12-06,bd92cf5da5413d2a,dfa692db6d39330c,17e97649403ba428,a0f0004aadf10b71,Joshua Van,Alexandre Pantoja,1,0.568455988177877,0.598944484767575,0.590998239290573,0.466648114203745,0.706999085138114,0.580811414187328
2025-12-06,bd92cf5da5413d2a,4a0db214d9721d6e,c03520b5c88ed6b4,d661ce4da776fc20,Merab Dvalishvili,Petr Yan,0,0.694331596737256,0.760240525496858,0.710101290759446,0.610161518746904,0.801130257489889,0.703005683757399
2025-12-13,bc0f994de0521926,71170fb7ade3e1f4,59c438c81fbf3ece,5c637af9472ae7cc,Tereza Bleda,Jamey-Lyn Horth,0,0.580656965466074,0.59012511896972,0.616372225074234,0.504029289678251,0.716271852084071,0.600297388204697
2025-12-13,bc0f994de0521926,ac56a1052c4c8f63,73a78713bd899f4c,ba15006c804a8de0,Allen Frye Jr.,Guilherme Pat,0,0.558293341791156,0.565735548730635,0.576797834548134,0.559148030118812,0.594636445627544,0.568425139263999
2025-12-13,bc0f994de0521926,ceb5b0f1f6daddf6,5078e1dacf9d25f4,51e2f44a8dbf6984,Luana Santos,Melissa Croden,1,0.687845887781111,0.701318520446527,0.736932199738046,0.654606062349843,0.809071055017319,0.71528248782359
2025-12-13,bc0f994de0521926,a2523a8565fe4361,0f3a990526c5e706,e56cee1ad697db04,Sean Sharaf,Steven Asplund,0,0.328638974822157,0.306530435812876,0.283290919389742,0.223260170225455,0.35003370311726,0.30339881136287
2025-12-13,bc0f994de0521926,225e93ebed9b71b8,5d8006587d6a6711,791c8437b341fba5,Isaac Thomson,Joanderson Brito,0,0.451887855047023,0.436482112636188,0.43694425234549,0.343184352441691,0.532002174332493,0.443712190208598
2025-12-13,bc0f994de0521926,0fca825e14429c1f,84b3e7d38f2d2ec5,f139d6836efd43dd,Neil Magny,Yaroslav Amosov,0,0.664947119792488,0.674292218277132,0.705263090233233,0.604327137914367,0.791826411353272,0.68731749097912
2025-12-13,bc0f994de0521926,fc4ab243d21b795d,07bc580bdf3eb9c8,887961364be5ceb3,Lance Gibson Jr.,King Green,0,0.426435696673446,0.41389793744951,0.410431012896087,0.297180192813267,0.52560812768065,0.417671567599988
2025-12-13,bc0f994de0521926,93ca562453f65b8d,20bccc9bb4ceb23e,5b03b61f9d90125e,Melquizael Costa,Morgan Charriere,1,0.662314360213459,0.760358892680315,0.689138986730782,0.590310792677402,0.772887112110044,0.677111092322733
2025-12-13,bc0f994de0521926,d000cb692343cdcd,084532da3d25f3b8,64d47ef881a437a4,Cezary Oleksiejczuk,Cesar Almeida,1,0.545014962343433,0.550863748928299,0.574958881953145,0.482739033083469,0.666148512665728,0.561426805142057
2025-12-13,bc0f994de0521926,24bb03f0a3415fbe,239d8e5359022f3b,9560ff14eb3129f7,Kevin Vallejos,Giga Chikadze,1,0.671529396832218,0.708440556887768,0.712657321499439,0.626491851329647,0.786987405994646,0.694375719834417
2025-12-13,bc0f994de0521926,a5a81a39ccf9b680,5d1b7e3dd9e11074,6e15f63b6c2e2c15,Manel Kape,Brandon Royval,1,0.680884531427391,0.72164891653101,0.718389088399984,0.601220241683487,0.811171246013487,0.701704375534506
2026-01-24,00e11b5c8b7bfeeb,210fc45074fba464,0859524157a19045,a01a62132460a98d,Ty Miller,Adam Fugitt,1,0.723627941141628,0.727353323745131,0.745980090742775,0.684356912428262,0.800184216731016,0.735987546591825
2026-01-24,00e11b5c8b7bfeeb,abfb3ed6dcb0e1f0,955da1675ad58a50,b5c19c34f12c917e,Josh Hokit,Denzel Freeman,1,0.573219343500058,0.55922580029123,0.58017076100848,0.500285546815074,0.659094390324446,0.577020420338225
2026-01-24,00e11b5c8b7bfeeb,b5aafe149bec4306,814e5233e2acf2ee,ab2b4ff41d6ebe0f,Charles Johnson,Alex Perez,0,0.656882535199172,0.679975712643215,0.651489002937502,0.553400299479278,0.74770900459997,0.653941155258701
2026-01-24,00e11b5c8b7bfeeb,780cab0cd07589e4,1091d4d957141094,476fe566d2df676e,Nikita Krylov,Modestas Bukauskas,1,0.574702040523742,0.648820974020058,0.551868331593696,0.403464769122109,0.695382454721403,0.562261892998956
2026-01-24,00e11b5c8b7bfeeb,33be2456161c14c3,22e07d3da1aa3475,2f815ed5f8278ba6,Andrey Pulyaev,Ateba Gautier,0,0.267000080848719,0.279212554121638,0.249818975460324,0.190830172035398,0.315021296438889,0.257522337590903
2026-01-24,00e11b5c8b7bfeeb,6c9f4799990c3c33,2b6fc1c02736833d,aa72b0f831d0bfe5,Umar Nurmagomedov,Deiveson Figueiredo,1,0.861798246981122,0.8928856083437,0.873006619022121,0.827503106584723,0.909038243973582,0.868020438861737
2026-01-24,00e11b5c8b7bfeeb,836a188a90e479a5,040a74bb0a465c54,52ef95b5860fb28c,Arnold Allen,Jean Silva,0,0.475942273264716,0.508641892207111,0.464224448960383,0.375659097463323,0.55873822671989,0.469537136000119
2026-01-24,00e11b5c8b7bfeeb,d63c9aa4f4873001,262d32ebda89efc4,47b63240018d5d86,Natalia Silva,Rose Namajunas,1,0.559032516210561,0.555032569620712,0.569768300351191,0.476761514742684,0.658405743420802,0.564904590699129
2026-01-24,00e11b5c8b7bfeeb,d93ee3860196c4ae,d3df1add9d9a7efb,fc08099550072fe4,Derrick Lewis,Waldo Cortes Acosta,0,0.246283306463988,0.25460140096721,0.226332984669001,0.154432734306113,0.308653905284652,0.235240869697062
2026-01-24,00e11b5c8b7bfeeb,007e8e0d4a39d82c,b50a426a33da0012,efb96bf3e9ada36f,Sean O'Malley,Song Yadong,1,0.588671868589616,0.621382456798427,0.586517133961579,0.507488259364179,0.662411868807226,0.587495230577936
2026-01-24,00e11b5c8b7bfeeb,fa4b3f5ce8055921,7826923b47f8d72a,9e8f6c728eb01124,Paddy Pimblett,Justin Gaethje,0,0.609432063672034,0.573901006477979,0.620510760007414,0.500899017520783,0.736293967766286,0.615498749083898
2026-01-31,30ad2050273d016a,5c73e0013b859664,1dd1a3aacde66f72,a1ad35b98a9136e5,Sulangrangbo,Lawrence Lui,0,0.611987185897449,0.601927480209946,0.622026424649964,0.567535929646255,0.674046069942883,0.617483645020619
2026-01-31,30ad2050273d016a,780bae82bdfc7112,3618e0632ecdba9c,f201f21cf2c79eb2,Keiichiro Nakamura,Sebastian Szalay,1,0.627468271743862,0.625253907507895,0.642393492817795,0.615669771994882,0.669786334230406,0.635653577254145
2026-01-31,30ad2050273d016a,ad14c502c9c5a7e9,530af2900b5a1693,a264d4e9a4d6bfe4,Dom Mar Fan,Sangwook Kim,1,0.636179697383255,0.631925752399876,0.654406186347229,0.623495443823198,0.686306803252477,0.646188541514674
2026-01-31,30ad2050273d016a,4c1e7e1765a5438a,3f11fd1751fa83b1,7facc9c45d792985,Yizha,Kaan Ofli,0,0.514044980771829,0.523790214227789,0.517428163226029,0.441871921060916,0.593945340414422,0.515893270719346
2026-01-31,30ad2050273d016a,78912b78aa946375,6b56e94a59b7b134,f782f953bfe7b5f2,Oban Elliott,Jonathan Micallef,0,0.56002646347562,0.538554772554822,0.551672595775303,0.482937330306815,0.620692489289778,0.555466951246406
2026-01-31,30ad2050273d016a,0047f8aadca1936f,d4270315cbcf2569,fbb60f24af5d5a02,Jacob Malkoun,Torrez Finney,1,0.635738550790501,0.661901932623432,0.63024819673068,0.516790590594967,0.735856166994998,0.632743643392291
2026-01-31,30ad2050273d016a,47362cae6ba0e077,8ebc3a8da015d70c,f14f644d41ade29f,Cam Rowston,Cody Brundage,1,0.724764257192464,0.741774381650859,0.736792736377208,0.657983651207131,0.804343050843698,0.731377072597838
2026-01-31,30ad2050273d016a,d94f1b32a81e3fa1,07a74004d964c7f4,c15fa95b9a12fde4,Billy Elekana,Junior Tafa,1,0.661167724934906,0.663637689776595,0.680688530897354,0.581603394130668,0.767734859878718,0.671904489722058
2026-01-31,30ad2050273d016a,32e9bc4d0a19a923,17734443a833cdf7,af9f42e6894047fc,Quillan Salkilld,Jamie Mullarkey,1,0.866844255030295,0.876986900755475,0.878798269344351,0.837908044717713,0.913581032366708,0.873493257764311
2026-01-31,30ad2050273d016a,67765535bd0b6bdf,17923f676f100e16,c62fbc117d57b943,Tallison Teixeira,Tai Tuivasa,1,0.831442134389806,0.825887248810947,0.840845992770985,0.776206800858941,0.896983401807439,0.836632901348339
2026-01-31,30ad2050273d016a,57d7a683b85bb87b,9c393e836a852f30,c814b4c899793af6,Mauricio Ruffy,Rafael Fiziev,1,0.537707815000257,0.469634092237566,0.554523448063287,0.459069369998725,0.64539047752515,0.546906704077588
2026-01-31,30ad2050273d016a,a7ae8f6eb5fc3a79,193b9d1858bc4df3,c2299ec916bc7c56,Dan Hooker,Benoit Saint Denis,0,0.21237730135463,0.221263697963815,0.198375882531456,0.13898788355494,0.269091588339877,0.204641073669825
2026-01-31,30ad2050273d016a,b06b43670238c2d8,e1248941344b3288,f166e93d04a8c274,Alexander Volkanovski,Diego Lopes,1,0.530931594995562,0.531619130315925,0.512730916133155,0.404535587652336,0.61429465631312,0.52099631438589
2026-02-07,c337c3c85b1871e0,2bbfbb234c255249,9f5e3c20ce40b344,b1e5bcaad32a3cac,Klaudia Sygula,Priscila Cachoeira,1,0.894462854583218,0.879075429986728,0.909493233140324,0.867965788621471,0.94171951886805,0.902928060439692
2026-02-07,c337c3c85b1871e0,9d30c887e8bd8824,6902fcf0610dd303,a54660deb6a8489c,Jakub Wiklacz,Muin Gafurov,1,0.370651297407856,0.32580038875029,0.373445736105698,0.291971205539013,0.458086610089174,0.372176738795493
2026-02-07,c337c3c85b1871e0,84e8ccc3c97c2b4c,2997e7fe3c9d3d4a,de594b35c45c2e9a,Wang Cong,Eduarda Moura,1,0.364568715549955,0.328537708132178,0.358371051182617,0.290773923563649,0.431065023152518,0.361177437246987
2026-02-07,c337c3c85b1871e0,86df0e75f41784d8,51ec9dc3b4964f19,bbab3baf66128ae2,Gianni Vazquez,Javid Basharat,0,0.316340180860529,0.2863732078665,0.316126142867952,0.247369426796819,0.392653976683714,0.316223249971601
2026-02-07,c337c3c85b1871e0,cc5c5a8cff4c1ae9,7138a15258dabf20,8bd4200561c77a62,Bruna Brasil,Ketlen Souza,0,0.31841968024342,0.27355961342781,0.320172585645601,0.260515661311402,0.383818152002638,0.319376596133805
2026-02-07,c337c3c85b1871e0,abefaf1807941ee4,0f1efce7d2571d10,d8da10db80131bec,Nikolay Veretennikov,Niko Price,1,0.53186045695556,0.484942103070764,0.512899910551475,0.413589539741867,0.620618410702834,0.521510885746666
2026-02-07,c337c3c85b1871e0,f964d2dda87f25f0,70dd69b6a703257e,cdb96af67d096b1e,Daniil Donchenko,Alex Morono,1,0.889863144914439,0.882528638147097,0.900020107293219,0.85889406481122,0.932130823514687,0.89551891581733
2026-02-07,c337c3c85b1871e0,6cca11f353a2b42d,6add18754930182b,e4277e87a789d687,Julius Walker,Dustin Jacoby,0,0.632315559577404,0.577746920179594,0.661991638555074,0.573457873074269,0.740763161629432,0.648667702555451
2026-02-07,c337c3c85b1871e0,2a26c0cfa06265b7,a09ed60aa67a3f67,ffd3224638c01b57,Farid Basharat,Jean Matsumoto,1,0.639207295707573,0.635434641046506,0.659225687449245,0.592839248233534,0.720392619266594,0.650207841715059
2026-02-07,c337c3c85b1871e0,8fea32ab0445859c,0d65c432720accb9,8e9eb3fc86db0f7d,Michal Oleksiejczuk,Marc-Andre Barriault,1,0.755242765327543,0.731028493739037,0.777422592778697,0.725366133193474,0.827464063249628,0.76754038281073
2026-02-07,c337c3c85b1871e0,a5c5f76cf0a7c784,41e83a89929d1327,739fd4fbb5d862f4,Jailton Almeida,Rizvan Kuniev,0,0.865164234931103,0.848114804837519,0.879724758841656,0.824702430757975,0.917962989191945,0.873294020648812
2026-02-07,c337c3c85b1871e0,dbbf8334a2600895,6d35bf94f7d30241,98aa60cf58071fd6,Amir Albazi,Kyoji Horiguchi,0,0.367828988667852,0.396483756045982,0.37545189919392,0.261119500117066,0.49351600438936,0.371985198853651
2026-02-07,c337c3c85b1871e0,fb4b1754d510b0d0,18d01f7f8338ae72,bc711b6dd95c1af6,Vinicius Oliveira,Mario Bautista,0,0.551577098164045,0.581661986926809,0.557048839659414,0.486019103562297,0.628129600493548,0.554567747248275
2026-02-21,79ab17db3b40831a,6e78d874097a3d22,aa0c573da7119292,f1ab6f37492c630a,Juliana Miller,Carli Judice,0,0.221515985704758,0.222488393372895,0.208951442539038,0.152954342055755,0.274085720450228,0.214586435661951
2026-02-21,79ab17db3b40831a,5b97f47cdd355cbe,70380ccdc81915b8,ac026518a9b4dc0f,Yadier del Valle,Jordan Leavitt,0,0.534281069911406,0.531624020525597,0.548119163651711,0.423864583380353,0.664902362492378,0.541848238824829
2026-02-21,79ab17db3b40831a,508e622130b0a84d,8e382b585a92affe,a3dda21be645be93,Phil Rowe,Jean-Paul Lebosnoyani,0,0.467150141992164,0.487109336630329,0.460379557095755,0.374557822158129,0.547631911564613,0.463449955246836
2026-02-21,79ab17db3b40831a,8f9896e60047007f,3d074044a33825e7,64facb6cc564262d,Ramiz Brahimaj,Punahele Soriano,0,0.405740833040119,0.417148476439932,0.405417224486487,0.295842700120858,0.521459791372455,0.405564047188095
2026-02-21,79ab17db3b40831a,fd56a469e4589ebc,f2b3f4ef3f780168,f9ab66e67240db7b,Nora Cornolle,Joselyne Edwards,0,0.395374079681776,0.417336383290635,0.370022245085506,0.283147987761757,0.464074755398932,0.381445896978333
2026-02-21,79ab17db3b40831a,ac39c1f00ae31e58,29162be25ebef5f0,5e9ca8dd7d783a75,Luis Gurule,Alden Coria,0,0.198796182773796,0.194571747953371,0.172268751564349,0.129157197189107,0.221525802357546,0.183941675668282
2026-02-21,79ab17db3b40831a,202d3277e569ad03,28d421729451c8ca,c68c68efaa5ca6ef,Carlos Leal,Chidi Njokuani,1,0.510566509598018,0.500149414805421,0.514548203348039,0.435419692495994,0.591832186241573,0.512741763810649
2026-02-21,79ab17db3b40831a,372d1dee0db8dbee,23dec7c47cb418f8,595db60957de51d3,Zach Reese,Michel Pereira,0,0.540102798028956,0.573900504211004,0.523685463195418,0.418571735744966,0.629546962932461,0.531143092449698
2026-02-21,79ab17db3b40831a,54437b8dba3a6110,85497ffd934ecf7e,e5864a42c80294f6,Jacobe Smith,Josiah Harrell,1,0.679824792135324,0.671170987489439,0.692597320088536,0.633822047539123,0.750218790670777,0.686836964303508
2026-02-21,79ab17db3b40831a,04b7bcc0e8488604,7d8435c56043b0ae,e2f6b2769aaedd6c,Ante Delija,Serghei Spivac,0,0.363861751751625,0.340196472182543,0.354379260993615,0.257157362937119,0.468764951680993,0.358668153647355
2026-02-21,79ab17db3b40831a,dc6f6c8228390ebb,20bccc9bb4ceb23e,82a5152216251682,Melquizael Costa,Dan Ige,1,0.78297543838346,0.829460930407243,0.789239455188794,0.722976620494412,0.845109331110504,0.786413795178396
2026-02-21,79ab17db3b40831a,dd12bf51c5ed7f1e,681399317dbf4701,b997be68943010fc,Uros Medic,Geoff Neal,1,0.532580530452887,0.517355192101492,0.521811520262692,0.415989378197567,0.627788104604326,0.526700926012633
2026-02-21,79ab17db3b40831a,8d740c844353ae0e,093e1f5bb73850be,0d8011111be000b2,Anthony Hernandez,Sean Strickland,0,0.823904111296251,0.829676267095603,0.833961914201421,0.762560195754782,0.890598120343962,0.829456491485136
2026-02-28,0cfbbfa0ba6d9855,c6a85b67fdd2ef3d,b4443fae47e7eb9d,fdd22e895a70e4a8,Wes Schultz,Damian Pinas,0,0.388044048327937,0.393774478119822,0.374386742326801,0.354136134892771,0.394975373199897,0.38056023308779
2026-02-28,0cfbbfa0ba6d9855,581292ffe5b09344,21b813b919776d90,5d495dec23d7c68e,Erik Silva,Francis Marshall,0,0.26975222753861,0.295659124672116,0.233857456991325,0.156354697776387,0.325082302748895,0.2497222221602
2026-02-28,0cfbbfa0ba6d9855,44d58943ac8e47e1,9f5609dba6584ab2,e4faa79383c9f214,Regina Tarin,Ernesta Kareckaite,1,0.513842168083161,0.536939228139023,0.514469277304879,0.426741738892368,0.599388854985518,0.514184740769051
2026-02-28,0cfbbfa0ba6d9855,6154ee95d3f4fc32,3a314d9fa7c6825d,4a574b8512fc1b30,Douglas Silva de Andrade,Javier Reyes,0,0.369461405851328,0.369253551471291,0.349620846122005,0.282900658022189,0.427062419531929,0.358563573927899
2026-02-28,0cfbbfa0ba6d9855,25ab195cefbce1d0,7debc13b36343605,9c27f3217891f3f0,Cristian Quinonez,Kris Moutinho,1,0.806401564474045,0.782765579018019,0.817980548524293,0.726239231505304,0.892975250234063,0.812794772729604
2026-02-28,0cfbbfa0ba6d9855,c40b934d2666e351,06e4245d16fc5315,9cdd2da1a9104a0b,Ailin Perez,Macy Chiasson,1,0.662050538381315,0.698096057947863,0.672107052331326,0.573954253760485,0.757296232803467,0.667562923231474
2026-02-28,0cfbbfa0ba6d9855,45ec0c5f19c9adbe,baa9be02c3e3e038,e463ce0a2ca474f4,Jose Daniel Medina,Ryan Gandra,0,0.225396765977258,0.219448007262797,0.203873442965019,0.158574064939438,0.252435666922648,0.213444765018097
2026-02-28,0cfbbfa0ba6d9855,3b76a00f5d0400eb,07797f10b9569cfc,faf317c665546a36,Angel Pacheco,Santiago Luna,0,0.134521818824908,0.133562332407202,0.114624227909813,0.0793028852373173,0.157937821352531,0.123314395914087
2026-02-28,0cfbbfa0ba6d9855,15068d7b095ca9bd,34b96d52db1d26e6,6e8349a0a0476d60,Kevin Borjas,Imanol Rodriguez,0,0.448471847956698,0.445176715080093,0.442700536867773,0.374811160972689,0.514207091479981,0.445317367383058
2026-02-28,0cfbbfa0ba6d9855,7df505d8260ba680,53c10176e3bc7416,5ef94841c4bc3f86,Felipe Bunes,Edgar Chairez,0,0.46643978266221,0.484323826884027,0.44348546682982,0.370902489095251,0.520866461619052,0.453876751925415
2026-02-28,0cfbbfa0ba6d9855,81f3d28d30d17378,4148802ae4a50768,887961364be5ceb3,Daniel Zellhuber,King Green,0,0.649225341299344,0.644452219603906,0.659830001996581,0.57187161998445,0.738828508645333,0.655037352269113
2026-02-28,0cfbbfa0ba6d9855,36d12b31957e94db,7c7332319c14094c,9a97acbfd5a08bfa,Marlon Vera,David Martinez,0,0.366330288381246,0.414476022119179,0.353862536193149,0.272011055973918,0.439270099882697,0.35949618136322
2026-02-28,0cfbbfa0ba6d9855,1330b5c21269fe92,792be9a24df82ed6,bb2c3c3a466224af,Brandon Moreno,Lone'er Kavanagh,0,0.68419435311122,0.692592485725634,0.703082441895307,0.632833341208837,0.769960990103782,0.694592929120749
2026-03-07,15ec018d144710db,a5abdc461cb1538e,69898645d600abdb,d62e280d0f7b6d6f,Rodolfo Bellato,Luke Fernandez,1,0.632199078509724,0.634109637694068,0.630103639900602,0.559222506279765,0.696867682916165,0.631055028941498
2026-03-07,15ec018d144710db,cc03e698c4b7da52,709fadb644ee3f51,d6a8edb7410223a0,Diyar Nurgozhay,Rafael Tobias,1,0.306039861716621,0.309183747283711,0.283465594672823,0.222199725374725,0.350367414866284,0.29358342327839
2026-03-07,15ec018d144710db,a22fd3735819d858,3cf18e01cb6cbde3,c051c2e12d692b8a,Sumudaerji,Jesus Aguilar,1,0.531813718725082,0.550903510977618,0.535135683517795,0.446659570740094,0.624171515376104,0.533628756779883
2026-03-07,15ec018d144710db,f661ef429055f8c1,17cb6d8e8187f304,7f6ed67d3ed3c036,Nyamjargal Tumendemberel,Cody Durden,1,0.692385412509433,0.678958261536219,0.704086477374832,0.613518479978255,0.784899020180786,0.698809234553332
2026-03-07,15ec018d144710db,6feb49a6b7e8433c,a112097ad877a48f,cd3d7e37ff2d679c,Alberto Montes,Ricky Turcios,1,0.580216944060906,0.653522759919624,0.578197387133293,0.475819362220799,0.676854435741171,0.579114061336103
2026-03-07,15ec018d144710db,9c8d5dbd8905a715,ad5cb64af10fc946,f14f644d41ade29f,Donte Johnson,Cody Brundage,1,0.798532248728728,0.790264914783767,0.813156561119433,0.750252576212203,0.866569900799553,0.806624647777757
2026-03-07,15ec018d144710db,ecd16d14a138d7fb,86bace9e4ad85542,d8c7c61b176e3994,Xiao Long,Cody Garbrandt,0,0.626978950072487,0.655966052453983,0.62379319591161,0.529281463272285,0.717543292968731,0.625240033308106
2026-03-07,15ec018d144710db,6a4738656c493ee9,1e719d4b676dc19a,d1c65d2cf2925ddd,Brunno Ferreira,Gregory Rodrigues,0,0.418448518444486,0.437218873236919,0.40766055984601,0.331205497478302,0.486950953632086,0.41254508087444
2026-03-07,15ec018d144710db,f02c0adc4ae629c6,511e82663651438d,519e4fe37ce9ff75,Michael Johnson,Drew Dober,0,0.589500256703272,0.545655753463458,0.597864493651187,0.511037770028116,0.679446726599188,0.594076081253313
2026-03-07,15ec018d144710db,bed89a91da9d04c1,05339613bf8e9808,fe2babf95de24fb1,Rob Font,Raul Rosas Jr.,0,0.327327116639834,0.359259386956886,0.301367484708613,0.212873723529267,0.39982525891887,0.313002088044099
2026-03-07,15ec018d144710db,d564db29997e1371,4126a78111c0855a,d549cefc7c54ab78,Caio Borralho,Reinier de Ridder,1,0.63918547204213,0.656075825408188,0.628729365615325,0.524922955771699,0.723178148019013,0.633489307166958
2026-03-07,15ec018d144710db,f030febede41c661,07225ba28ae309b6,150ff4cc642270b9,Charles Oliveira,Max Holloway,1,0.352358134648823,0.367592907908973,0.359806872302629,0.247959830195541,0.481077371930306,0.35641848470433
2026-03-14,babc6b5745335f18,244285b7fd0ddece,e375cb5caf4717b6,e94085e821bd81de,Piera Rodriguez,Sam Hughes,1,0.404728897654599,0.426721902133162,0.395006950917519,0.311651208239875,0.481313664609276,0.399408359130161
2026-03-14,babc6b5745335f18,32d371462c539bee,6fc506e1099afe20,ec3bd30378d63dd1,Luan Lacerda,Hecher Sosa,0,0.412661336631628,0.397449588230733,0.410614809143245,0.342774911901893,0.482715237703283,0.411543013576542
2026-03-14,babc6b5745335f18,8cab057e6549afd0,60193e707634e560,eff9074bc066f0f2,Montse Rendon,Bia Mesquita,0,0.364094480650485,0.338801216255853,0.354123382704151,0.286794193830251,0.420889289222811,0.358632528271023
2026-03-14,babc6b5745335f18,cff81d681a01ae18,0c6d9ea8306c029e,cad24459b28592ca,Brad Tavares,Eryk Anders,0,0.319605386984858,0.284170210757068,0.330168440768759,0.250597168970961,0.418079416879296,0.325353534266561
2026-03-14,babc6b5745335f18,c769dd861357af9f,4bdedbdeedff7d1d,5870c541798124ae,Bolaji Oki,Manoel Sousa,0,0.485256905959466,0.459719623509773,0.492788026810336,0.432836175459213,0.554185760243288,0.489370274662074
2026-03-14,babc6b5745335f18,f44b4e998b6829f6,7478b7f959ba61f5,a474aade8eb3a8f0,Elijah Smith,SuYoung You,1,0.528256127014593,0.508071133227655,0.536648471282785,0.440362787159445,0.627084345714693,0.532842846955663
2026-03-14,babc6b5745335f18,2c330a6f7f1e55f0,71171fc96445bf65,e56cee1ad697db04,Vitor Petrino,Steven Asplund,1,0.506984083248955,0.497349186494057,0.506252854217563,0.392107707941937,0.620745666266104,0.506584642695627
2026-03-14,babc6b5745335f18,f26c0bdf7689aea2,5442f1bc4b47eaf3,bf2c8e01b07d3eb1,Chris Curtis,Myktybek Orolbai,0,0.15214434287548,0.13133605293731,0.137393301073874,0.0936568996215303,0.193317172171,0.143931606126745
2026-03-14,babc6b5745335f18,fc9168fd102e2e66,294aa73dbf37d281,814e5233e2acf2ee,Bruno Silva,Charles Johnson,0,0.363756788655749,0.34324232163309,0.364203628071107,0.282561237709334,0.448832723960306,0.364000851841636
2026-03-14,babc6b5745335f18,db7694f4513120d5,46e2011d92463b7e,cd13728ae1151f46,Oumar Sy,Ion Cutelaba,0,0.756182478604502,0.712361106761862,0.780470749443308,0.695727690129539,0.851023378634825,0.76967101447969
2026-03-14,babc6b5745335f18,e0acd0cf4930671b,2dbc60c52de126d8,6eedb757f13b9978,Harry Hardwick,Marwan Rahiki,0,0.316096414234713,0.339712629837019,0.292109943704967,0.23839040808661,0.350647555138667,0.302861197776101
2026-03-14,babc6b5745335f18,8bee5192baec71d8,7d6ceff6747f2de2,8fd808923cffff82,Jose Delgado,Andre Fili,1,0.796472954940399,0.782360322175501,0.810262609693868,0.748890755261319,0.86262662497331,0.804096292074843
2026-03-14,babc6b5745335f18,3b7b771b9578383d,38c7f72747f4f712,3df5493bb279226f,Gillian Robertson,Amanda Lemos,1,0.838724477615354,0.831185911309088,0.848846908864694,0.786325025476368,0.901594640164818,0.84432023582583
2026-03-14,babc6b5745335f18,f594fc5c2bc6237e,239d8e5359022f3b,fba03cd6cc28dc41,Kevin Vallejos,Josh Emmett,1,0.83438854243505,0.847360455843646,0.853999265234928,0.805340775871497,0.89333086328417,0.845350785281998
2026-03-21,69108cb8b32efe04,216bc9b661485017,4948e412fa6ab67d,cfbb3edab781dfd2,Ravena Oliveira,Shanelle Dyer,0,0.354806346274666,0.356847390215965,0.33777503551754,0.281726371134288,0.397998332557676,0.345453854419102
2026-03-21,69108cb8b32efe04,bbe0f3653de9f6a8,52b6bf4528130e86,597499ac7a5aac62,Shem Rock,Abdul-Kareem Al-Selwady,0,0.602012594184128,0.59102359412697,0.607034485012599,0.532110676192464,0.680109508309758,0.604758606882478
2026-03-21,69108cb8b32efe04,bfd17ed83ec5b598,cdb7b38b1b357f26,d0fd0d9ee560dae7,Louie Sutherland,Brando Pericic,0,0.303477463621809,0.316601602046753,0.286928746957496,0.23772974821732,0.33778177083586,0.294370605505948
2026-03-21,69108cb8b32efe04,8817bd21b6d0a989,3cc506f115cbb9d5,6d48a2df51749d91,Mantas Kondratavicius,Antonio Trocoli,1,0.802170392401237,0.80335944388476,0.820349060766575,0.764855205334812,0.8699654984956,0.812267355367538
2026-03-21,69108cb8b32efe04,90187edeeda7e6d6,39d309957c5c210d,e564146b9cf6dbef,Mario Pinto,Felipe Franco,1,0.736273104556904,0.726820622119861,0.751365974637863,0.6874436782971,0.805964758501071,0.744590093920254
2026-03-21,69108cb8b32efe04,3b9f50f07d9a1601,329e403448756217,5b43d68174b6e2ab,Nathaniel Wood,Losene Keita,1,0.671179342669153,0.699083081458751,0.668763123220101,0.58351465284089,0.747366106210789,0.669860561287016
2026-03-21,69108cb8b32efe04,3ee578ddd071ad4c,1d2d98ddd05b38fb,f6ad6a1e4d600e0d,Axel Sola,Mason Jones,0,0.538339449826721,0.539528031066728,0.541431936535328,0.440403785730031,0.639892146177344,0.540029144875841
2026-03-21,69108cb8b32efe04,4e58bcc0d27042fd,9d51798e61f2e0c7,d964a59c48381cb6,Kurtis Campbell,Danny Silva,0,0.389873474730444,0.406375982243324,0.394570146697684,0.333111844182824,0.459094493769056,0.392436626781093
2026-03-21,69108cb8b32efe04,562d916f55918901,327d5f279895110d,a93f94c923c3a9cb,Roman Dolidze,Christian Leroy Duncan,0,0.257480821048675,0.247125619854313,0.246179450388852,0.183088720671147,0.319615570369255,0.251265572810451
2026-03-21,69108cb8b32efe04,43e26b46cbb51985,1c23ec2f1b71be40,be9bdec19b7e9ffe,Iwo Baraniewski,Austen Lane,1,0.772561883732716,0.78261957492338,0.794396605368457,0.703958917266669,0.865976449471652,0.784687088444549
2026-03-21,69108cb8b32efe04,5ee11b727e89e8ad,8b6e5dc2ba1edbe7,a67d071163962af8,Sam Patterson,Michael Page,0,0.585327604922445,0.555808456655166,0.583137085013023,0.463952275581647,0.700244678192619,0.584131415140976
2026-03-21,69108cb8b32efe04,fa534aaa5b997a69,01c9e4013afce141,b1de86d835638319,Michael Aswell Jr.,Luke Riley,0,0.416574888763805,0.38635980666083,0.413640812416264,0.331650082082389,0.498336437492024,0.414971362188059
2026-03-21,69108cb8b32efe04,346e3897c2ead99a,396fe87b84ac2e1c,76e2870ffafbe38f,Lerone Murphy,Movsar Evloev,0,0.418727596883714,0.40425470265368,0.412658653119673,0.324061891524709,0.508665074295491,0.4154091795762
2026-03-28,5c38639f860a5542,796e1151896195aa,545092d13c67aa49,7138a15258dabf20,Alexia Thainara,Bruna Brasil,1,0.807017526673965,0.826812739710247,0.826025583674939,0.767602158291491,0.874074868198356,0.817590278236534
2026-03-28,5c38639f860a5542,dbf1ee1a1912c735,0abcf6bc47191219,b4b496ec2197ee3e,Bruno Lopes,Navajo Stirling,0,0.281829445519416,0.29443052508752,0.257524778941962,0.205131248244269,0.314203374729781,0.268381168076172
2026-03-28,5c38639f860a5542,1c50e43770ba84fc,04835018f90b118c,a6eb54ae17a551be,Casey O'Neill,Gabriella Fernandes,1,0.729157277624678,0.739573328278603,0.741214140582864,0.65650936111697,0.816571200863574,0.735787058233448
2026-03-28,5c38639f860a5542,08d4e3864c44f8a5,bc7f4b2d4c2724a2,c9cf753cfdf77fc2,Tyrell Fortune,Marcin Tybura,1,0.355393323716404,0.335940013204143,0.341652882896125,0.26304944435445,0.42775694446717,0.347856155041358
2026-03-28,5c38639f860a5542,689384b01b40ef5c,07bc580bdf3eb9c8,971246648e162f0d,Lance Gibson Jr.,Chase Hooper,1,0.271996510221863,0.308982090105085,0.248030241112703,0.170479857147467,0.34149687595793,0.258726748286491
2026-03-28,5c38639f860a5542,fa96d6252579b51e,ae81a3ac7b260411,e4a47b07044ddd72,Tofiq Musayev,Ignacio Bahamondes,1,0.157663539047781,0.155965989859502,0.133470607406084,0.0905192014128335,0.185806524966739,0.144033875856282
2026-03-28,5c38639f860a5542,a76e14495e61cf19,31f8081c7600da93,809bd1a871491508,Kyle Nelson,Terrance McKinney,0,0.442394416245984,0.504787778764912,0.431206888842123,0.319433620363174,0.548918799176267,0.436275081611877
2026-03-28,5c38639f860a5542,e32dc26b11d1f81d,7674b836ce0698a0,841695e02c99a521,Yousri Belgaroui,Mansur Abdul-Malik,1,0.541045997875569,0.563715883152532,0.530305668445691,0.436694533870726,0.62417555376243,0.535183025782295
2026-03-28,5c38639f860a5542,f9f5071b993a5f4b,640a0f838f057a81,902ec2cc48c8ae8a,Lerryan Douglas,Julian Erosa,1,0.404235719131822,0.391733672774337,0.407105788288585,0.32058168928032,0.501298228467888,0.405802735980017
2026-03-28,5c38639f860a5542,6102e7a6dcbc62f0,c58f51dedb310998,d8da10db80131bec,Michael Chiesa,Niko Price,1,0.89838596403972,0.892258601949046,0.897706583703226,0.835925953757232,0.942710577937813,0.898015340441406
2026-03-28,5c38639f860a5542,9a0ecee6e8ca173f,6a740daf1b279661,e8b731feff72294b,Maycee Barber,Alexa Grasso,0,0.674554746780338,0.60557289972852,0.696924133348432,0.588621128465185,0.790096484064776,0.686881440724066
2026-03-28,5c38639f860a5542,85e94a6c071fd9fa,1338e2c7480bdf9e,c1085e1701b13eca,Israel Adesanya,Joe Pyfer,0,0.375107288692944,0.36122174429625,0.370983117871345,0.289696962046816,0.468599050141688,0.372852113438288
2026-04-04,9a70f67ad2187fa3,a5a749aa0061fdb4,6142edbd477d20c9,eee0ef3e2b14816b,Dakota Hope,Kai Kamaka III,0,0.540930899294318,0.556097790788111,0.545241766746294,0.428990147175295,0.655784488101877,0.543286571774455
2026-04-04,9a70f67ad2187fa3,caf13346cbcfdb03,27b388f0aab49780,a4a80dd7336ffd59,Dione Barbosa,Melissa Gatto,1,0.416700721005726,0.385419147843004,0.406179308092829,0.319234229476183,0.4993297086309,0.410943199626815
2026-04-04,9a70f67ad2187fa3,e284a194fb4648a9,147e70aa6cc48cfc,3bc3f60b21cddc6a,Tresean Gore,Azamat Bekoev,1,0.305041968930826,0.340460788777225,0.289537543396179,0.222904373870828,0.360936186928771,0.296514584579748
2026-04-04,9a70f67ad2187fa3,74bb036ef0493bf7,3c26c420584d912d,81d2c551886bd5a1,Hailey Cowan,Alice Pereira,0,0.11431079938104,0.10263172602654,0.0998027319783374,0.0682777183569736,0.137204782345534,0.106171083971898
2026-04-04,9a70f67ad2187fa3,9c9c26679701b84d,65db4065e2bc107d,f9b200db02b488d9,Darrius Flowers,Lando Vannata,1,0.390800186992955,0.352466108331728,0.378342413309336,0.286582260318502,0.475955103609419,0.383976162868204
2026-04-04,9a70f67ad2187fa3,af2a9d47ca8115e4,2bd98ab77a8daa75,3fa97913cfd205d3,Stewart Nicoll,Alessandro Costa,0,0.382308231612259,0.38496596070997,0.361781521567397,0.284269607012092,0.443169719394878,0.371037883155509
2026-04-04,9a70f67ad2187fa3,0760bc02280574dd,764d39074a352e33,ba15006c804a8de0,Thomas Petersen,Guilherme Pat,1,0.475212182942028,0.460483994474816,0.461848357565528,0.381478810249512,0.544968974876565,0.467906375320494
2026-04-04,9a70f67ad2187fa3,7924f10aac3543de,92aed9d16794f42b,d7c4956d61ae76a9,Robert Ruchala,Jose Delano,0,0.672179946146588,0.68582130946036,0.676314479608539,0.62566276087465,0.723225425168082,0.674441855055068
2026-04-04,9a70f67ad2187fa3,c27bec45d5a29a2c,6b0a6def604de298,fd7ab338e4953644,Tommy McMillen,Manolo Zecchini,1,0.696265863933114,0.675183511332413,0.713780030594988,0.651295061451296,0.767998815914609,0.70590826781451
2026-04-04,9a70f67ad2187fa3,fef80c98b2fba70c,83455a9d17f57dae,d776b5814f2400b4,Rafael Estevam,Ethyn Ewing,0,0.60171499759393,0.56289173471218,0.614829217431787,0.536507571220382,0.688065923211685,0.608898229141267
2026-04-04,9a70f67ad2187fa3,ad487d1c6141d90a,49edd0d90f60fb7d,95aff2fd8d09a5f0,Brendson Ribeiro,Abdul Rakhman Yakhyaev,0,0.247153513528736,0.273767124785598,0.235527933691699,0.179062782737133,0.304069590763708,0.240755533228014
2026-04-04,9a70f67ad2187fa3,721642e7de112e9e,7dda2cf308f24a02,d25240135aee03e5,Virna Jandiroba,Tabatha Ricci,1,0.503038419666862,0.457825190402054,0.50621069803671,0.417093839838846,0.592278752362969,0.504771367601392
2026-04-04,9a70f67ad2187fa3,d69bd8e53ec858dc,b6452706b373eea1,fd406a32a6fb3a29,Renato Moicano,Chris Duncan,1,0.419038498586885,0.397703065837942,0.428788061305207,0.325980119837793,0.530333396174003,0.424357005879582
2026-04-11,f3eb664db7fb1df3,5b49c3d36907c6df,3920d0cc288f9b0d,feedf3053472fe56,Francisco Prado,Charles Radtke,0,0.589284291814963,0.586946978045076,0.593150697022296,0.491942331801788,0.688414786081771,0.591397768945245
2026-04-11,f3eb664db7fb1df3,20868a67bea63129,6d4b63c767106d3a,8c0580d4fff106c1,Vicente Luque,Kelvin Gastelum,1,0.544897166839475,0.561574179828228,0.538172107004072,0.419348364183016,0.651725428590987,0.54122537990245
2026-04-11,f3eb664db7fb1df3,f506977877074aa6,8e5d953bdb9ae5e7,b08012bbe542592a,Loopy Godinez,Tatiana Suarez,0,0.38218788300995,0.38529706107256,0.384006957935153,0.28552469153069,0.487652797504029,0.383181172442052
2026-04-11,f3eb664db7fb1df3,62b5ce408c150fa8,323d4ca260dfa0ba,72db2a14ffa73ece,Esteban Ribovics,Mateusz Gamrot,0,0.289930287664547,0.291693238177946,0.282941302390932,0.202047869004413,0.377970993101335,0.286099802191002
2026-04-11,f3eb664db7fb1df3,b4e16fb13153efdc,3a46b268013afede,c6aee362c7a7d482,Kevin Holland,Randy Brown,1,0.576929417032785,0.592503157621307,0.567978874278957,0.470170151049458,0.658337591874138,0.572045926194992
2026-04-11,f3eb664db7fb1df3,10ab34056720b6b4,5537efc6e496dd84,98a58c26c5b1ed17,Aaron Pico,Patricio Pitbull,1,0.679209961474511,0.705959814644108,0.697202566099758,0.632839155824697,0.756549557850858,0.689109151804137
2026-04-11,f3eb664db7fb1df3,60949f33201415ca,583ee11abddfc581,d247691a6c0e9034,Nate Landwehr,Cub Swanson,0,0.348805578074245,0.388279528739433,0.346329386698842,0.26480096578506,0.431786610442399,0.347451902198829
2026-04-11,f3eb664db7fb1df3,c4d060cff018979a,2e19380f34871c6a,c21f26bbde777573,Dominick Reyes,Johnny Walker,1,0.599915293768601,0.598676034369349,0.592734715162691,0.498596987168059,0.682482318083904,0.595997911278249
2026-04-11,f3eb664db7fb1df3,903552edaba48f4a,955da1675ad58a50,fa6796c55d6c5440,Josh Hokit,Curtis Blaydes,1,0.355907471517218,0.332700686611824,0.366512541087615,0.24493036128757,0.497042375797176,0.361683885244767
2026-04-11,f3eb664db7fb1df3,aade9d76ac6c6aef,2e5c2aa8e4ab9d82,e90a2f22417af68e,Paulo Costa,Azamat Murzakanov,1,0.345512355736303,0.371007197464121,0.352468966209978,0.257045443546543,0.457704479530076,0.349304532616993
2026-04-11,f3eb664db7fb1df3,a031f062b7ffefee,009341ed974bad72,9014c02eff8b3d62,Jiri Prochazka,Carlos Ulberg,0,0.469642194736601,0.497665916801965,0.47737430586559,0.38128069324063,0.573413792843064,0.473864400546741
2026-04-18,c3ac8d0da7b05772,32087c183dffcae0,450bcab0968562c4,e6679e38e7fab7a8,John Yannis,Jamie Siraj,1,0.498539630433697,0.514543979098466,0.489923761690121,0.425690094322814,0.55812699870413,0.493832657571254
2026-04-18,c3ac8d0da7b05772,0b6c13ab8ad7f82b,5c637af9472ae7cc,6fd953151d981979,Jamey-Lyn Horth,JJ Aldrich,0,0.597225443113418,0.604695485182925,0.590201675666551,0.503646776249624,0.67003063555797,0.59339335784622
2026-04-18,c3ac8d0da7b05772,bae4de7ef8c0769e,07047eb7d17fb0a2,51e2f44a8dbf6984,Daria Zhelezniakova,Melissa Croden,0,0.568911579413465,0.586136507101108,0.587384715161445,0.518269290752967,0.655888548571977,0.579029993320335
2026-04-18,c3ac8d0da7b05772,85c7a0f44aa3e10a,04c8b08b16a5b99e,1a97a3ef4c758fae,Tanner Boser,Gokhan Saricam,0,0.521260901845238,0.498625529724094,0.537862569681975,0.44353849146149,0.632050885431391,0.530337972647665
2026-04-18,c3ac8d0da7b05772,9fab4b0ad082f670,0cd0456d6029cec2,cd0dfd9846bd03b9,Robert Valentin,Julien Leblanc,1,0.426517065987963,0.432354750718846,0.423243832616594,0.342433474336464,0.506570634956889,0.424728199704545
2026-04-18,c3ac8d0da7b05772,678440bd8274a18e,c4d039123e62f6a9,c85bad793cd14e28,Dennis Buzukja,Marcio Barbosa,0,0.443914476941045,0.456250718165413,0.43179471409913,0.369915455368633,0.49761501753261,0.437284666986652
2026-04-18,c3ac8d0da7b05772,a661c0bee7c8d5af,b2a78df161bd67f9,d945aae53e3e54e6,Gauge Young,Thiago Moises,1,0.622542624481961,0.577289320840581,0.619428921933195,0.531027011999699,0.699542268277409,0.62084295588006
2026-04-18,c3ac8d0da7b05772,5a209522211d7530,9d62c2d8ee151f08,a9e260472d321361,Karine Silva,Jasmine Jasudavicius,0,0.413034195839316,0.408030873685406,0.416992651068811,0.32747844801552,0.506610393302173,0.415195198547512
2026-04-18,c3ac8d0da7b05772,e644218737c1a778,4c88a1db5a46c6a4,8f4528c10bd34fab,Jai Herbert,Mandel Nallo,1,0.544664523579685,0.584264441619475,0.539586835623262,0.462385300990913,0.618085692397676,0.541891848280509
2026-04-18,c3ac8d0da7b05772,b5299e5b946015e5,60425d07ef4b91a7,f1d64ae34e088832,Kyler Phillips,Charles Jourdain,0,0.551151141349739,0.540850334586645,0.542178963968092,0.434433329364284,0.644204820716327,0.546253710785539
2026-04-18,c3ac8d0da7b05772,32054bf2b36b0e47,23024fdfc966410a,dd6103dd7127db1d,Gilbert Burns,Mike Malott,0,0.296266732489917,0.329801686457056,0.274487411427686,0.206296844231388,0.353436865805852,0.284245550722325
2026-04-25,e60d773a0a42048a,0df4f4ac27cf2d26,abb68e3c7ca128f2,d35298b6df168456,Julia Polastri,Talita Alencar,0,0.526714761109186,0.515439841405014,0.546448374485021,0.46325922944099,0.62379035310346,0.537508844547014
2026-04-25,e60d773a0a42048a,2e7f8d0ad385876d,078695e385ec2f57,b0d6a1d8ac3d563d,Victor Valenzuela,Max Griffin,1,0.45307849112411,0.421333642345563,0.460019120438131,0.379945481260322,0.541978334399693,0.456867820639151
2026-04-25,e60d773a0a42048a,c7fb90f1355291e4,33a8708747b7f943,5d495dec23d7c68e,Lucas Brennan,Francis Marshall,0,0.486986013042247,0.47440103960656,0.4964211097961,0.415243362032553,0.578311323151859,0.492139346569172
2026-04-25,e60d773a0a42048a,d421f3cd158fd055,65adf3856c4d9256,7f6ed67d3ed3c036,Jafel Filho,Cody Durden,0,0.832028990145217,0.852826472278898,0.821509657254089,0.716812141719568,0.901930675060739,0.826345271138134
2026-04-25,e60d773a0a42048a,dcfd594b68ff5ae1,ca80d72da81d7224,cc8c623cca88f54f,Michelle Montague,Mayra Bueno Silva,1,0.678859080245135,0.677760251201701,0.690954043387706,0.593093458515177,0.777290249712082,0.685497216828198
2026-04-25,e60d773a0a42048a,ef1cd6371a3f18e0,3eeec2f53cebdf12,4e6738062d469256,Jackson McVey,Sedriques Dumas,1,0.584942109479981,0.556968868388021,0.590044606341042,0.501457700149991,0.674052546010936,0.587731751346872
2026-04-25,e60d773a0a42048a,67f24cf244134661,260e9e0d4954aea6,9508cc6184cb2450,Rodolfo Vieira,Eric McConico,0,0.743849483029008,0.774266788986548,0.743840206506329,0.664792522538629,0.81168520361724,0.743844415626415
2026-04-25,e60d773a0a42048a,7e551ddb1494a45f,095854a135e6db55,a67f5afa8d6a1b80,Marcus Buchecha,Ryan Spann,0,0.634855007224676,0.662185518827761,0.619713140841248,0.510703675622876,0.717667175537959,0.626614449014753
2026-04-25,e60d773a0a42048a,348de8e364ecf041,b9f28e7045fdfce7,cc1a8b4b38b92c6d,Raoni Barcelos,Montel Jackson,1,0.329140516534039,0.334158078038358,0.304878272691918,0.226227232221392,0.392558669319703,0.3157633436745
2026-04-25,e60d773a0a42048a,f5aff2f858311fbc,113df4fde64735c6,e3b30b573e7f0d19,Davey Grant,Adrian Luna Martinetti,1,0.441750206300121,0.470765559499466,0.42793758337285,0.359320198016859,0.497932337310675,0.434192288834676
2026-04-25,e60d773a0a42048a,84951374e4cdc679,262a7d06203657e6,e132d47bd9efbbe0,Alexander Hernandez,Rafa Garcia,0,0.509682212155688,0.506420512882602,0.496613556600731,0.406457459275709,0.587154318232084,0.50254377580334
2026-04-25,e60d773a0a42048a,cb745968bd16bf56,d3f5d33d61cd00c9,f9ab66e67240db7b,Norma Dumont,Joselyne Edwards,0,0.529863520392261,0.560508978279089,0.528656902082574,0.42210972666713,0.634536302305872,0.529204430666867
2026-04-25,e60d773a0a42048a,f524e42c36028de0,52c2ae6d2f2d2613,cb696ebfb6598724,Youssef Zalal,Aljamain Sterling,0,0.661163989179936,0.663412645362115,0.65928647240262,0.519206583068309,0.779157321499274,0.660138993423679
2026-05-02,872b018076f831b0,610a640a0cd81ce5,530af2900b5a1693,aebaa8cec15b083d,Dom Mar Fan,Kody Steele,0,0.814991406963791,0.824401437977971,0.837988040245562,0.786573335520757,0.879882204258428,0.827852388363389
2026-05-02,872b018076f831b0,7ac4ae301ed699ab,40f3cb27fc7305a1,f782f953bfe7b5f2,Themba Gorimbo,Jonathan Micallef,0,0.424839252866476,0.407667186388283,0.396785704881839,0.303379528812093,0.499356428375649,0.409442348353685
2026-05-02,872b018076f831b0,827c64369b374989,3261aa79bf6caa64,b4443fae47e7eb9d,Ben Johnston,Wes Schultz,0,0.488940147664301,0.473547376720281,0.486472963734185,0.383615239908978,0.586248788231895,0.487592339569408
2026-05-02,872b018076f831b0,00bde62cac38e5e9,37098a6e6c27fb66,ed7d329d7c29428d,Vince Morales,Colby Thicknesse,0,0.241083254959864,0.238898294762143,0.2260571412696,0.162342176289382,0.300323928799781,0.232791689397775
2026-05-02,872b018076f831b0,edff38661bf2866b,6ac9bc2953c47345,d4270315cbcf2569,Gerald Meerschaert,Jacob Malkoun,0,0.0999318824314572,0.117388113981036,0.0906371039694115,0.0522741850570844,0.143924990808721,0.0947539759563186
2026-05-02,872b018076f831b0,1cb0711cd49dd95e,7e9b36a9847db116,c15fa95b9a12fde4,Kevin Christian,Junior Tafa,0,0.580232095102795,0.601668572470384,0.580397798563413,0.476283401194807,0.680994645188462,0.580322615173507
2026-05-02,872b018076f831b0,46181797eb543a0b,8ebc3a8da015d70c,f96856f9d69fd7e4,Cam Rowston,Robert Bryczek,1,0.737599344908951,0.738040204562081,0.760432076063449,0.715613747725178,0.801909313468814,0.750243445709958
2026-05-02,872b018076f831b0,2afaa97901d5587c,c62fbc117d57b943,cdb7b38b1b357f26,Tai Tuivasa,Louie Sutherland,0,0.428952792388305,0.430493788258339,0.444201785165948,0.331314718159617,0.553614109141247,0.437267956480985
2026-05-02,872b018076f831b0,a564219e7a964aa6,6747ccd6d1acd266,d0fd0d9ee560dae7,Shamil Gaziev,Brando Pericic,0,0.290051953429472,0.300800441779299,0.27904387053241,0.217376698740864,0.34614583006444,0.284006828622544
2026-05-02,872b018076f831b0,cfc884a249141cba,6eedb757f13b9978,b701f095e6ccb149,Marwan Rahiki,Ollie Schmid,1,0.639149706356061,0.62990529453538,0.654054599548145,0.581949132435948,0.720913129001607,0.647327093139037
2026-05-02,872b018076f831b0,afec383a96893ec5,32ab52e5de93092d,c96d9178c9ed9e62,Steve Erceg,Tim Elliott,1,0.579896499333332,0.567397755380352,0.598001257952545,0.488811440662783,0.702750923000365,0.589816425161829
2026-05-02,872b018076f831b0,5c7c38dece435cde,08af939f41b5a57b,17734443a833cdf7,Beneil Dariush,Quillan Salkilld,0,0.132023257494311,0.12107782976897,0.12631352709345,0.0764373831782436,0.198061011890736,0.1288776031579
2026-05-02,872b018076f831b0,eb6d9fef6c374830,6b453bc35a823c3f,7ee0fd831c0fe7c3,Jack Della Maddalena,Carlos Prates,0,0.671398575114402,0.680169632891565,0.680099161492576,0.590829397042027,0.761811644959098,0.676166451219165
2026-05-09,9eedac48b497de5a,e92d89cb2d69235e,88be62d6c1e6dadb,b62d5280966b2460,Jose Ochoa,Clayton Carpenter,1,0.698932827867173,0.693031447240546,0.704829980053039,0.625497009866614,0.774858850304974,0.702162548565718
2026-05-09,9eedac48b497de5a,1f5d0b106385b2ac,312f7d7b2b2f7de4,d1feea7a4bdcd503,Djorden Santos,Baisangur Susurkaev,0,0.17939991222587,0.178246847680311,0.163544510837897,0.126901902375432,0.205943819136432,0.170594532699524
2026-05-09,9eedac48b497de5a,303018d7459323b4,b8bbdeff718dbb7d,e1d40e8782d80bc2,Pat Sabatini,William Gomis,1,0.490537521341048,0.485005410150329,0.484093258230784,0.389150671301009,0.570085113374709,0.487016726031262
2026-05-09,9eedac48b497de5a,9d35723a53749931,9384e71bca6c409d,9d83f6da776ff7d6,Marco Tulio,Roman Kopylov,0,0.634395078041806,0.623005705763543,0.644800096324758,0.564193924458273,0.725000116615452,0.640095232780934
2026-05-09,9eedac48b497de5a,e50857173607d631,7026eca45f65377b,d1941565abf50b16,Jared Gordon,Jim Miller,0,0.701361168762841,0.711231171632393,0.706671941051165,0.598194672640276,0.796530498333597,0.704269098533558
2026-05-09,9eedac48b497de5a,ffcb47e17eebe6a6,849c5d9979df5357,99bd51917728c25d,Mateusz Rebecki,Grant Dawson,0,0.31529844754324,0.349568028800881,0.286099050926433,0.203234741563773,0.385030917863264,0.299147053918176
2026-05-09,9eedac48b497de5a,f88dc6e0c29cff1d,58bbef3770bb2dfc,f139d6836efd43dd,Joel Alvarez,Yaroslav Amosov,0,0.700798036846315,0.710606627980274,0.699007661084905,0.596122621514742,0.792193101981416,0.699820775215504
2026-05-09,9eedac48b497de5a,770c5302e32916ea,2f815ed5f8278ba6,6967153c7edb4d87,Ateba Gautier,Ozzy Diaz,1,0.780597203874392,0.748803818713364,0.808558682875109,0.733011221374501,0.872829726354132,0.796221896958668
2026-05-09,9eedac48b497de5a,1158a27a1a04b971,18968f97ad34f15c,887961364be5ceb3,Jeremy Stephens,King Green,0,0.253186935566332,0.280715307114435,0.243755155703451,0.152420538958461,0.35894350337618,0.248004983804189
2026-05-09,9eedac48b497de5a,845b8653f9cf839c,45f7cb591c3ab00b,b9437600497350f3,Sean Brady,Joaquin Buckley,1,0.568686190945226,0.536771545051573,0.579716603301882,0.466610603406369,0.691910471883495,0.574720881083797
2026-05-09,9eedac48b497de5a,22ba4f1b0aafbf82,279566840aa55bf2,fc08099550072fe4,Alexander Volkov,Waldo Cortes Acosta,1,0.528558664407004,0.54629820746369,0.520639322993015,0.416822121699934,0.623142154335604,0.524234139485264
2026-05-09,9eedac48b497de5a,c85b530861145935,17e97649403ba428,4461d7e47375a895,Joshua Van,Tatsuro Taira,1,0.494048846681686,0.520882837766522,0.483713161682977,0.38591306740745,0.585606943655343,0.488401639388944
2026-05-09,9eedac48b497de5a,70f1621080b3435c,0d8011111be000b2,767755fd74662dbf,Sean Strickland,Khamzat Chimaev,1,0.196317694566652,0.187213357015946,0.187042758053452,0.108379174538442,0.290391548230791,0.191208696574115
2026-05-16,73abb7a5c57fb443,39417b7d07c2fd83,9c442aaf149ea982,fc0a4053eb8a3a59,Shauna Bannon,Nicolle Caliari,0,0.515196477845201,0.518250802392774,0.524893555754466,0.435881558726423,0.613493929784237,0.520495527759938
2026-05-16,73abb7a5c57fb443,b482d4452e4d0eee,29162be25ebef5f0,e8fe9c15d348e778,Luis Gurule,Daniel Barez,1,0.700332959208061,0.68825652062798,0.696971320820865,0.620270024443491,0.764819702232338,0.698499259813119
2026-05-16,73abb7a5c57fb443,b98ead4eff6bf872,87f8699fdcc2c404,9673a497a9da119a,Alice Ardelean,Polyana Viana,1,0.761091089783819,0.783491344395027,0.745766091148856,0.655590651858573,0.827698596213313,0.752799016824704
2026-05-16,73abb7a5c57fb443,48cb604345f11766,5f61780fe5e9b6d0,f14f644d41ade29f,Andre Petroski,Cody Brundage,0,0.643008238410407,0.640254333190385,0.647692520699246,0.561794285185833,0.725890637579094,0.645570548356174
2026-05-16,73abb7a5c57fb443,5f7111b982bcf6e3,b9706f80d005036c,e3964ece586e0635,Ketlen Vieira,Jacqueline Cavalcanti,1,0.240642159744015,0.249024572101818,0.230835150459613,0.164284458539957,0.300608863426673,0.235249967682794
2026-05-16,73abb7a5c57fb443,c9e0aa88afb81dab,20d37922ba85e6fc,de83f920fd302871,Artur Minev,Tommy Gantt,0,0.628684887803987,0.622359730673946,0.643464635987568,0.594802119328029,0.691430557914684,0.636790411336308
2026-05-16,73abb7a5c57fb443,6242cda790f2085d,3e8118c1ab52f211,64ad3e3b0efa30bb,Tuco Tokkos,Ivan Erslan,0,0.556374956024188,0.541039556055002,0.56955450621381,0.492871518938219,0.64498083286823,0.563585523612419
2026-05-16,73abb7a5c57fb443,ec32745308e2b055,0f1efce7d2571d10,2558ae2e5671e318,Nikolay Veretennikov,Khaos Williams,0,0.344968014879358,0.33421790892295,0.322409885068438,0.238220602787204,0.420628042034836,0.332550769164409
2026-05-16,73abb7a5c57fb443,a6ec8573a9d38c51,0e46690e55a8df75,b6c37948cb226e8c,Timmy Cuamba,Benardo Sopaj,0,0.651693902991942,0.674632349934037,0.653715601736637,0.580512603788175,0.719328768407237,0.652798966698608
2026-05-16,73abb7a5c57fb443,57bd683efc797fc1,476fe566d2df676e,f5d82eccdea4e2dd,Modestas Bukauskas,Christian Edwards,1,0.418427784765253,0.409094661767089,0.426441942795714,0.344797709205269,0.510913449005594,0.422800576789786
2026-05-16,73abb7a5c57fb443,ecb7ff543dd41bf8,2e45d08b3f2f02c8,74939a16c7b56f33,Malcolm Wellmaker,Juan Diaz,0,0.600069454351043,0.568188935583525,0.597379319602743,0.528825203847043,0.65697058992823,0.598600667517578
2026-05-16,73abb7a5c57fb443,fc1266e2892ed111,b67d6bacc68d4c92,e93b04e308913c2e,Daniel Santos,Dooho Choi,0,0.572965167176799,0.64410833248547,0.571979056130751,0.458096346776347,0.682948947062369,0.572426561619761
2026-05-16,73abb7a5c57fb443,e4aa608124896794,040a74bb0a465c54,20bccc9bb4ceb23e,Arnold Allen,Melquizael Costa,1,0.341283675246484,0.30960009615363,0.3324237546931,0.250945411236156,0.422014614541871,0.336429599691777
2026-05-30,1e75e6c9de99fa76,370ff29489150560,4e30e4250cb08b61,bc7d1ad49fcb2d08,Loma Lookboonmee,Jaqueline Amorim,0,0.352875155871696,0.376187684371651,0.345116462776658,0.24460613351418,0.461254379025177,0.34862693784327
2026-05-30,1e75e6c9de99fa76,34d5ec676fb5bce3,2b266e623e20737a,6f4ec5aa3eced219,Rodrigo Vera,Zhu Kangjie,1,0.488734767024832,0.489735984949053,0.485644002949205,0.461823129789253,0.508243042238465,0.487046272181154
2026-05-30,1e75e6c9de99fa76,3f719885c9916e06,2cdb479a0ef0ee1d,f0feeb2192937424,Xiong Jingnan,Angela Hill,0,0.4119678389706,0.377606750093753,0.407899315021623,0.327295776026925,0.491484601791379,0.409743822336894
2026-05-30,1e75e6c9de99fa76,224dce2c0b03e7eb,29162be25ebef5f0,2f43a3e82661fa99,Luis Gurule,Rei Tsuruya,0,0.300234781802298,0.275173927291082,0.275182641746519,0.197178902682283,0.366799655905883,0.286388241615093
2026-05-30,1e75e6c9de99fa76,3bc0190fb17ba42f,7d420039bbfe7c1a,8e6654e9f0461b8f,Aoriqileng,Cody Haddon,0,0.221437885497123,0.218549393893938,0.215569003131643,0.15993353568027,0.277274168332235,0.218217851720378
2026-05-30,1e75e6c9de99fa76,bc0b3c16246e0d1d,20a0e4cc5227c117,e0664abaa023fd6f,Jose Souza,Ding Meng,1,0.672845131373139,0.666802024015788,0.69377247283076,0.660105467997987,0.726617036642164,0.68436910130499
2026-05-30,1e75e6c9de99fa76,f6d09973de0f83e7,33a86e839ad202d8,e6666480a830f764,Luis Felipe Dias,YiSak Lee,1,0.418875279773493,0.420926258703884,0.409969874294875,0.382149948886487,0.438030309534365,0.414003635018752
2026-05-30,1e75e6c9de99fa76,c1c9dfd0c0952f18,a53d30163304aa6e,a845f0735bc67405,Carlston Harris,Jake Matthews,0,0.231452325859162,0.233573144817889,0.210382226372119,0.152691848882867,0.282660166550426,0.219763877655763
2026-05-30,1e75e6c9de99fa76,00959e29e4a10e26,5c84f673b7bb7c15,d33da8a3d82bdb62,Cameron Smotherman,Kai Asakura,0,0.614273084103356,0.585450398523901,0.626833262973433,0.552404058942014,0.699103265356206,0.621154307897278
2026-05-30,1e75e6c9de99fa76,f74e4afdf6ae29d1,17923f676f100e16,f14cf73e51b29254,Tallison Teixeira,Sergei Pavlovich,0,0.403710026231152,0.397365675522009,0.402668970470814,0.29970838890186,0.514374343519244,0.403141226909916
2026-05-30,1e75e6c9de99fa76,a23d84f15207e459,8a65fd9ba31fd3f7,a495f599e787614f,Zhang Mingyang,Alonzo Menifield,0,0.718442880872598,0.722033089136511,0.729974843477636,0.662153620785045,0.793333699095713,0.724779400164591
2026-05-30,1e75e6c9de99fa76,423f32dd018ac218,aa72b0f831d0bfe5,efb96bf3e9ada36f,Deiveson Figueiredo,Song Yadong,0,0.306714184616546,0.271671890417344,0.295718753732365,0.224657822464704,0.376232140529849,0.300679457074761
2026-06-06,ba17afef01ed78b6,b0474597b2c60482,8bd4200561c77a62,c0d5c0c95c59050b,Ketlen Souza,Ariane Carnelossi,1,0.791154643644646,0.797827360713987,0.799593067043697,0.732712893513849,0.854456617389366,0.795796285280775
2026-06-06,ba17afef01ed78b6,a6b211d8dab5edec,8061a3136026a673,c3d2b9bcb4cead6b,Jeisla Chaves,Yuneisy Duben,1,0.617030824546932,0.609020265557143,0.631529023401466,0.570218998615757,0.687755869428514,0.624978322771556
2026-06-06,ba17afef01ed78b6,44cfbb8c3c356c65,791c8437b341fba5,ac026518a9b4dc0f,Joanderson Brito,Jordan Leavitt,1,0.416392482351373,0.410379274458048,0.431768397247821,0.329389935946404,0.538128710424417,0.424773624936775
2026-06-06,ba17afef01ed78b6,98e77712f99956ff,af9efbfd63d39734,b1e5bcaad32a3cac,Chelsea Chandler,Priscila Cachoeira,1,0.638871546758117,0.574538897677848,0.655069581486838,0.546951232891785,0.750215764082693,0.647761867008379
2026-06-06,ba17afef01ed78b6,20d74ed23d3e9b3a,294aa73dbf37d281,5ef94841c4bc3f86,Bruno Silva,Edgar Chairez,0,0.521857390347522,0.514014772829347,0.513452345802564,0.412378493536963,0.608537187155896,0.517267246652846
2026-06-06,ba17afef01ed78b6,90940d93d6e0998f,450bcab0968562c4,c0ac37a4a1133da9,John Yannis,Marcus McGhee,0,0.396334501353198,0.398383334095127,0.39847990497553,0.319262708832063,0.48246019400743,0.397505969400695
2026-06-06,ba17afef01ed78b6,5d2eedd05081ed23,3fa97913cfd205d3,67c1d46f4ed16f9e,Alessandro Costa,Matt Schnell,1,0.752655289728022,0.744136515666815,0.75795695146875,0.66650141529509,0.833388849676522,0.755561021559307
2026-06-06,ba17afef01ed78b6,bfe4950b3de83e9c,1c23ec2f1b71be40,c15fa95b9a12fde4,Iwo Baraniewski,Junior Tafa,1,0.656258610620943,0.632626427607656,0.667214730887079,0.550042214516147,0.76988405290164,0.662265062020865
2026-06-06,ba17afef01ed78b6,c47796e11a801e12,d9c6f19f958643e9,faf317c665546a36,Bryce Mitchell,Santiago Luna,1,0.358857823027701,0.362162033740185,0.349166908303784,0.256936689559818,0.452633827654079,0.353549152010559
2026-06-06,ba17afef01ed78b6,58ffa2dac4f2e7d0,1e4f273069fb9e85,6c3b2525436cf5d4,Fares Ziam,Tom Nolan,0,0.718858026330178,0.69312213833557,0.737413159642392,0.655308504062471,0.810133665154406,0.729092486259535
2026-06-06,ba17afef01ed78b6,419fff06f338f5c6,2f181c0467965b98,4144798612ef96e5,Brendan Allen,Edmen Shahbazyan,1,0.543251391214767,0.514603242729413,0.560241476454761,0.465289914771527,0.654868221177118,0.552547510524071
2026-06-06,ba17afef01ed78b6,5c69b019e6deee41,01641ba5df0c69b0,b1b0729d27936f2f,Gabriel Bonfim,Belal Muhammad,1,0.701157494831324,0.70313655847962,0.719002739831694,0.634647106485829,0.79637103311762,0.710986353940266
2026-06-14,48544433372ecfa6,127ba4a1ccb3d4a6,97cf1a2c7c5e7889,f166e93d04a8c274,Steve Garcia,Diego Lopes,0,0.515244273334507,0.547290562457931,0.509252464922096,0.384318644374964,0.637960427246244,0.511971597387647
2026-06-14,48544433372ecfa6,00e8d4b961a65d21,35673bf5204524ee,d6c0cdd7e467c440,Bo Nickal,Kyle Daukaus,1,0.685819082925636,0.622408807229545,0.704823327107566,0.572167540795655,0.814135606383013,0.696283070136355
2026-06-14,48544433372ecfa6,9a9b30b3165b62e4,4b93a88f3b1de35b,9c393e836a852f30,Michael Chandler,Mauricio Ruffy,0,0.142825009676904,0.152585221342073,0.125622853018246,0.0795086390948233,0.18435189412463,0.133197132906521
2026-06-14,48544433372ecfa6,30cdb851f6c63444,955da1675ad58a50,d3df1add9d9a7efb,Josh Hokit,Derrick Lewis,1,0.79561017491576,0.819801392474797,0.816673689520303,0.743940735094217,0.877158697176588,0.807332036199439
2026-06-14,48544433372ecfa6,60de0423ae6ed097,24656ef4d605c96f,b50a426a33da0012,Aiemann Zahabi,Sean O'Malley,0,0.237895817264694,0.237007583024583,0.223525615042391,0.167178478446198,0.293181989741205,0.229968191246519
2026-06-14,48544433372ecfa6,5727d5be8c373346,787bb1f087ccff8a,e5549c82bfb5582d,Ciryl Gane,Alex Pereira,1,0.477643550357759,0.433289631497481,0.486087536465411,0.348837618886695,0.625057991119981,0.482254921014177
2026-06-14,48544433372ecfa6,7208e40818401e88,54f64b5e283b0ce7,9e8f6c728eb01124,Ilia Topuria,Justin Gaethje,0,0.79827766374721,0.795533334884266,0.815471490352474,0.734287706013578,0.878928446390504,0.807814414759483
2026-06-20,c8661e204c66f325,9efa4de316b8bf43,70fc8214822b5a85,b9124c308671e303,Shane Collins,Otari Tanzilovi,1,0.540170348790507,0.538073639625072,0.545575799722057,0.537297485859405,0.554170853971054,0.543124405361301
2026-06-20,c8661e204c66f325,b23a1a5d35eb438a,351c4ec637380ad5,5078e1dacf9d25f4,Karol Rosa,Luana Santos,0,0.197561574197736,0.176959301326111,0.193501783974218,0.145263961415201,0.249676270738535,0.195335949815027
2026-06-20,c8661e204c66f325,6658fe4531c86674,9eed2bcc9e0b92af,a69a7120cf26669d,Leon Shahbazyan,Levan Chokheli,0,0.516591818052776,0.517187530095432,0.51649994893231,0.482909530799293,0.549317022762412,0.516541633403052
2026-06-20,c8661e204c66f325,8b809ba1880aded0,01c9e4013afce141,96924b0019b3aff1,Michael Aswell Jr.,Gaston Bolanos,0,0.716571444900892,0.71873547595945,0.725976608378391,0.635586828175144,0.801910132092487,0.721733289904651
2026-06-20,c8661e204c66f325,3b4803afa824fea3,0be6776db31d98ec,253076a23d03dcd0,Mitch Raposo,Allan Nascimento,1,0.47501632199348,0.492075009086081,0.465719056599569,0.369923312367434,0.56174974806672,0.469935000229012
2026-06-20,c8661e204c66f325,c0980a613f24accd,bd532e9a2b93870c,eff9074bc066f0f2,Melissa Mullins,Bia Mesquita,0,0.293680754376878,0.297872107402937,0.281425214360565,0.215782469366752,0.355480082820359,0.286947361256039
2026-06-20,c8661e204c66f325,17d31249c9ab18af,34b96d52db1d26e6,b1f21ce050035d58,Kevin Borjas,Andre Lima,1,0.174703484150375,0.186999466015585,0.156036737612938,0.109426648688322,0.214387204499502,0.164296996506886
2026-06-20,c8661e204c66f325,571a3eabff5c7ba7,18d01f7f8338ae72,8fd808923cffff82,Vinicius Oliveira,Andre Fili,1,0.790228262504854,0.77635655231034,0.815139019652777,0.747821307343415,0.870874075032414,0.804130447262219
2026-06-20,c8661e204c66f325,e4849375d1949c74,a52bc1e62cf0b7c6,d436f5d55156a521,Melsik Baghdasaryan,Murtazali Magomedov,0,0.43694777906788,0.429593885696851,0.425193822003337,0.364934097776835,0.488796890880675,0.43051736606124
2026-06-20,c8661e204c66f325,aaec28fa3c0c576d,41cc71cbf210e0fe,5ec591b78349ba7e,Hyder Amil,Christian Rodriguez,0,0.322239269613408,0.301619066688204,0.300356510050623,0.230609440270939,0.37782574994256,0.310180847487905
2026-06-20,c8661e204c66f325,afc021700481ac4e,b4b496ec2197ee3e,cd13728ae1151f46,Navajo Stirling,Ion Cutelaba,1,0.65671297540691,0.627962135613049,0.68444145234121,0.582731264107065,0.773097940352156,0.672007614242354
2026-06-20,c8661e204c66f325,33afdd7ad43a2756,5d1b7e3dd9e11074,98aa60cf58071fd6,Manel Kape,Kyoji Horiguchi,1,0.541580415402163,0.578200830572742,0.560819678070097,0.457363815102541,0.660366505546222,0.552109234337028
2026-06-27,31e1ea6fe6b682f8,f1cb2e7ef096ec7c,4b85abc5abbe657c,e047d3b541afd4a7,Jefferson Nascimento,Tahir Abdullayev,0,0.51065939685404,0.510259235315352,0.511285967992605,0.493105001958554,0.529557396554029,0.511001674353721
2026-06-27,31e1ea6fe6b682f8,ae0a91c8f92f4758,a4dc0f2b95df4cc1,ffd3224638c01b57,Bekzat Almakhan,Jean Matsumoto,0,0.217402703147205,0.219417508402317,0.203905249839138,0.155839994809828,0.255589139580184,0.209950923180644
2026-06-27,31e1ea6fe6b682f8,0e60ab32f3d03929,70dd69b6a703257e,feef5f8f5629e5e7,Daniil Donchenko,Theodor Berggren,1,0.765240141946543,0.763564582363092,0.779538372141997,0.730506440341859,0.822177540222293,0.773129303010593
2026-06-27,31e1ea6fe6b682f8,1a7119f3996b5635,4a574b8512fc1b30,7facc9c45d792985,Javier Reyes,Kaan Ofli,0,0.683965575063625,0.686619189830432,0.696062035608525,0.618105288254459,0.765979393417353,0.690605681364618
2026-06-27,31e1ea6fe6b682f8,5e7f4ba1210f433d,22e07d3da1aa3475,49d2a08964c5eb11,Andrey Pulyaev,Nursulton Ruziboev,0,0.494953007197375,0.47425510485028,0.495717479457762,0.401112531803506,0.588958906664181,0.495370608135148
2026-06-27,31e1ea6fe6b682f8,48b1ee7ab45add4c,6add18754930182b,95aff2fd8d09a5f0,Julius Walker,Abdul Rakhman Yakhyaev,0,0.351832097626797,0.368971175753917,0.34756543839894,0.263707374560729,0.433858866163271,0.349498392214838
2026-06-27,31e1ea6fe6b682f8,6a35ff33b8597904,64b12fe31be7560c,c88f8a9c1ea7165d,Eric Nolan,Farman Hasanov,0,0.513277999430513,0.533498929184722,0.504527837464377,0.439639102054012,0.571666818696636,0.508498767266139
2026-06-27,31e1ea6fe6b682f8,35985895d4ef321e,0d65c432720accb9,36b8f265bcd1b7a4,Michal Oleksiejczuk,Abus Magomedov,0,0.514646556875802,0.467303652740955,0.525614645147886,0.427951931825696,0.622149679884535,0.520640453347819
2026-06-27,31e1ea6fe6b682f8,d83294b031502177,1e719d4b676dc19a,b07aed698fba8624,Brunno Ferreira,Ikram Aliskerov,0,0.386961728823301,0.381506726999771,0.372097593382455,0.29553443672009,0.453081806051289,0.378813918343882
2026-06-27,31e1ea6fe6b682f8,81cde317c156723b,814e5233e2acf2ee,8d3273573b85be09,Charles Johnson,Asu Almabayev,0,0.366223771443758,0.358670153750028,0.356782788235172,0.271706778437487,0.446113412095877,0.36105323380929
2026-06-27,31e1ea6fe6b682f8,809814f03ff3140c,72f890c5d421e705,ff62013d2fce6d13,Matheus Camilo,Nazim Sadykhov,1,0.513997814989344,0.501953367028333,0.519953357477587,0.427388853110526,0.609258336118046,0.517251714012464
2026-06-27,31e1ea6fe6b682f8,012c307c9d446c4d,06734ca9d88dec3a,595db60957de51d3,Shara Magomedov,Michel Pereira,1,0.612370816786524,0.643893229410874,0.602505220801948,0.510542677457267,0.684627555740325,0.606992453910366
2026-06-27,31e1ea6fe6b682f8,c13dc0cccef263f7,2e7878927067fdca,c814b4c899793af6,Manuel Torres,Rafael Fiziev,0,0.683745862582011,0.633401939019998,0.694941986529766,0.609933678150243,0.769311234774772,0.689889393918423
2026-07-11,fccb0fee256b7b4d,1b6a3b0d27654d3e,3fa97913cfd205d3,7f6ed67d3ed3c036,Alessandro Costa,Cody Durden,1,0.68169059137116,0.625834820034045,0.703122644551893,0.619235130647478,0.775554881526456,0.693501181996495
2026-07-11,fccb0fee256b7b4d,1162a74e3604c488,23dec7c47cb418f8,e463ce0a2ca474f4,Zach Reese,Ryan Gandra,0,0.529343322154378,0.56412743768277,0.521117058979644,0.438475841933828,0.601750345777758,0.524851299858162
2026-07-11,fccb0fee256b7b4d,9e00ee7644774e18,a09ed60aa67a3f67,a54b961a1f8be1d5,Farid Basharat,John Garza,1,0.815282552231676,0.823738924580954,0.830466066322731,0.775526864914088,0.873884179158729,0.823703385735788
2026-07-11,fccb0fee256b7b4d,b223b10ef19f912c,64d47ef881a437a4,fdd22e895a70e4a8,Cesar Almeida,Damian Pinas,0,0.201261026395821,0.208056944704485,0.17059991633378,0.120203846025714,0.235386086759419,0.184027452216042
2026-07-11,fccb0fee256b7b4d,e84c3f1f9a33fa90,2997e7fe3c9d3d4a,68d4a891e5cf2029,Wang Cong,Tracy Cortez,1,0.507555494650019,0.522818815425017,0.500685468148762,0.422894143734892,0.574225788091739,0.503802834735673
2026-07-11,fccb0fee256b7b4d,930317fde9dbc55e,b1de86d835638319,eee0ef3e2b14816b,Luke Riley,Kai Kamaka III,1,0.738616956471587,0.739569726630194,0.754258023528311,0.687009361890867,0.813525117360176,0.747240121422869
2026-07-11,fccb0fee256b7b4d,e9f389ba3a1e33c4,0232cabbc30a2372,d8c7c61b176e3994,Adrian Yanez,Cody Garbrandt,1,0.575491218342918,0.620210295246364,0.569448794741699,0.480016082235156,0.658689913352263,0.57219313656607
2026-07-11,fccb0fee256b7b4d,118c25bda9392140,87e4a3a5080ee7ce,f7e856a73c96048e,Elisha Ellison,Gable Steveson,0,0.388390723169163,0.407803204953423,0.378426600783354,0.320404477754353,0.43522490190148,0.382935530425833
2026-07-11,fccb0fee256b7b4d,7765e5e779dd7dc9,1091d4d957141094,e1147d3d2dabe1ce,Nikita Krylov,Robert Whittaker,0,0.465459169735169,0.507124508519945,0.451638700577724,0.311307462384614,0.595183027767254,0.457901600191991
2026-07-11,fccb0fee256b7b4d,a26ea74f2e908842,809bd1a871491508,887961364be5ceb3,Terrance McKinney,King Green,0,0.547463210137385,0.544908861370911,0.558039854038763,0.431357551446826,0.67472286999705,0.553246784336631
2026-07-11,fccb0fee256b7b4d,a3ab1979192b647c,6e15f63b6c2e2c15,bb2c3c3a466224af,Brandon Royval,Lone'er Kavanagh,1,0.331582009538492,0.329068493946032,0.321458271690298,0.237471769005933,0.412871819328205,0.326031720604873
2026-07-11,fccb0fee256b7b4d,c572daedf2012a49,65f09bacd3957381,bc711b6dd95c1af6,Cory Sandhagen,Mario Bautista,0,0.53137125421368,0.545712338038813,0.532598128105554,0.418929634308704,0.644398031674848,0.532041499143923
2026-07-11,fccb0fee256b7b4d,130b325610c54a64,7826923b47f8d72a,c2299ec916bc7c56,Paddy Pimblett,Benoit Saint Denis,1,0.282131503967013,0.303249021855966,0.263308050266867,0.193106243259422,0.342243496055657,0.271748177171168
2026-07-11,fccb0fee256b7b4d,989760fa75321d69,150ff4cc642270b9,f4c49976c75c5ab2,Max Holloway,Conor McGregor,1,0.728464856239279,0.728634079749325,0.744493638436693,0.619454203581661,0.849621472526383,0.737298462738657
2026-07-18,f354c50b8d63d9b3,307ea95ad7ebe466,27b388f0aab49780,40a7ec5d1ad6ffa8,Dione Barbosa,Anna Melisano,1,0.63329317989767,0.619813944878473,0.632417038607301,0.571968130281525,0.690519576531028,0.632814684279756
2026-07-18,f354c50b8d63d9b3,e05155c1b5c2dc74,ab2a4b5e04dc5fe9,e03187ec8b5b6abc,Alvin Hines,RJ Harris,0,0.30405018880768,0.317372712725035,0.277438608277706,0.220858447126779,0.338381068773963,0.289334737162716
2026-07-18,f354c50b8d63d9b3,410e6b9e01660b35,2bd98ab77a8daa75,5e9ca8dd7d783a75,Stewart Nicoll,Alden Coria,0,0.169712684979556,0.168440791328964,0.145627083324521,0.103742888915671,0.196414315088625,0.156184511437888
2026-07-18,f354c50b8d63d9b3,9e525f939fba3e73,b852ad2b35354fcb,df619b9a86ce0a9a,Ezra Elliott,Damien Anderson,1,0.583160216039267,0.579860899288125,0.593956147896204,0.576711826012373,0.61093418675017,0.589068228958704
2026-07-18,f354c50b8d63d9b3,46d800ce45fdd3e6,9ac4e43ed56429ed,e564146b9cf6dbef,Levi Rodrigues Jr.,Felipe Franco,0,0.366442661817673,0.343730421510056,0.370220678540449,0.305587042725992,0.439508130118516,0.368504454759457
2026-07-18,f354c50b8d63d9b3,f2eb569176e46edf,4a07b1988477502c,a3dda21be645be93,Seokhyeon Ko,Jean-Paul Lebosnoyani,0,0.594057127095613,0.603587955465079,0.601710366856393,0.533094211563685,0.669749177455314,0.598243733679466
2026-07-18,f354c50b8d63d9b3,3bd159c1bed14700,7d6ceff6747f2de2,d3f89fa685bd8420,Jose Delgado,Austin Bashi,1,0.596236176388061,0.576056753481147,0.600704535703101,0.514593466402254,0.680989195967639,0.598679109233752
2026-07-18,f354c50b8d63d9b3,c64c6ba6eb1e1d06,6b0a6def604de298,a112097ad877a48f,Tommy McMillen,Alberto Montes,1,0.672637101104779,0.674735130405159,0.68676380881112,0.626917923225578,0.74065417543693,0.680394886182894
2026-07-18,f354c50b8d63d9b3,52ddf20a10890b41,745fa7b605f8e2da,d25240135aee03e5,Fatima Kline,Tabatha Ricci,1,0.661526094404094,0.657841463587177,0.677132485323186,0.592236282751158,0.750042306123282,0.670097551703277
2026-07-18,f354c50b8d63d9b3,f2abca7379982d4f,971246648e162f0d,e99eb0ef25885de5,Chase Hooper,Mitch Ramirez,1,0.883623571224417,0.893159684000893,0.894486656119816,0.835712915726568,0.938608900761019,0.889673035873363
2026-07-18,f354c50b8d63d9b3,4eff5a845db17572,13a0275fa13c4d26,a93f94c923c3a9cb,Jared Cannonier,Christian Leroy Duncan,0,0.190116578263452,0.203490614509695,0.162004252043364,0.116536450931411,0.213434541800303,0.174321637344891
2026-07-18,f354c50b8d63d9b3,701c97405da76603,0d7b51c9d2649a6e,f1b2aa7853d1ed6e,Dricus Du Plessis,Kamaru Usman,1,0.566594955252803,0.641704193394886,0.551845748669614,0.405607768976876,0.690101947541401,0.558550904165832
2026-07-25,681d07e328798ec0,532340708f0500bd,0e6bc8d1d6c0ad90,700a674c042b7a96,Abdul Hussein,Cody Gibson,1,0.643138577074139,0.616745052522107,0.66438579045491,0.592028071058581,0.730261190152694,0.654821342535731
2026-07-25,681d07e328798ec0,3859314324918eeb,ca28cdf526d6b6e9,fb3e61720be4690c,Nurullo Aliev,Mike Davis,1,0.594852094318692,0.578481516849572,0.618726374045137,0.516013427245024,0.716575190499875,0.607957220258455
2026-07-25,681d07e328798ec0,3ac870d6e7d323b7,49edd0d90f60fb7d,bc5a51159ec2fdf2,Brendson Ribeiro,Magomed Tuchalov,0,0.323564639354635,0.347121268820813,0.312445367102479,0.250943798160648,0.378718969098605,0.31746484480941
2026-07-25,681d07e328798ec0,a122306d0ce5fbfb,1d2d98ddd05b38fb,eb393afdbe3293d5,Axel Sola,Ismael Bonfim,1,0.639364398233225,0.587588784172403,0.65035456722853,0.567784944782635,0.727938355290893,0.645386888476437
2026-07-25,681d07e328798ec0,f6e6b004f07363e9,6d1bffff14897645,8b6e5dc2ba1edbe7,Santiago Ponzinibbio,Sam Patterson,0,0.263611688349595,0.273624103846661,0.242585023767413,0.177511080523404,0.317796864738668,0.251982276803504
2026-07-25,681d07e328798ec0,05bc7a042156b6f6,b01a5e0dcd9f231d,e4277e87a789d687,Muhammad Saidov,Dustin Jacoby,1,0.359618441263218,0.331600925065145,0.361925831280965,0.283343888366561,0.444515899670045,0.360878088722446
2026-07-25,681d07e328798ec0,d7070ab1b2144f8d,764d39074a352e33,f5779a2303ed76ec,Thomas Petersen,Valter Walker,0,0.32452236763849,0.306215346704885,0.318913968466367,0.238807260892737,0.405540265784662,0.321452329426511
2026-07-25,681d07e328798ec0,61280e5644189c61,de26d906f2874dd4,f7adc1fd115f8fdd,Saygid Izagakhmaev,Abubakar Vagaev,0,0.709466957600672,0.738258331815439,0.714597849162038,0.660875750851829,0.764441305363603,0.712276527967157
2026-07-25,681d07e328798ec0,5ffb251c6ea48b65,739fd4fbb5d862f4,bc7f4b2d4c2724a2,Rizvan Kuniev,Tyrell Fortune,1,0.563541926749233,0.582310652284274,0.567961548103303,0.504146065971831,0.632779258672682,0.565957503618398
2026-07-25,681d07e328798ec0,4ace64aa144389c5,04ff3a711504d6b3,99223fbb4a05326b,Magomed Zaynukov,Damian Rzepecki,1,0.361099157724106,0.366356197183914,0.343499008772395,0.31786089123247,0.369656545162551,0.351435041003696
2026-07-25,681d07e328798ec0,c36cd04f8f560f0a,32ab52e5de93092d,7d0a1968b38ca439,Steve Erceg,Ramazan Temirov,0,0.604909551222521,0.615625415632058,0.611056094753769,0.526168110946163,0.69016886990975,0.60827143242565
2026-07-25,681d07e328798ec0,9009ec7b91f2be14,d802174b0c0c1f4e,ef5dcb10d2bd4b0f,Magomed Ankalaev,Bogdan Guskov,1,0.771772379021464,0.763382854213131,0.782218680068811,0.714545216784927,0.840254476555824,0.777522067917384
2026-08-01,1a50e734bb54861a,878a7e6fec3e4573,1b35af4d1529adf6,5847c1a960bb23af,Stephanie Luciano,Marina Spasic,1,0.77573115286407,0.785457710190886,0.790883062227961,0.743738305552441,0.831744836190327,0.784103123679957
2026-08-01,1a50e734bb54861a,94cef172179c9778,182a73d5b4e57871,56bf3ed155bd0fcd,Jovan Leka,Alexander Poppeck,1,0.678315829065747,0.675189712547639,0.69850061781473,0.667721799083655,0.729360125003339,0.689430898040771
2026-08-01,1a50e734bb54861a,f78f34ef2ee7b02c,3c26c420584d912d,eabece0edc2d62ca,Hailey Cowan,Nina Milosevic,0,0.313267162727729,0.312585984225431,0.295241965730425,0.231778324991801,0.3678879132317,0.30334607834394
2026-08-01,1a50e734bb54861a,5425c577ed4f50b3,849c5d9979df5357,873626e5547b5235,Mateusz Rebecki,Kyle Prepolec,1,0.859084732609578,0.874719570005451,0.869789463179685,0.82449238410724,0.906473023761197,0.865020665725162
2026-08-01,1a50e734bb54861a,13aa6688d0538095,c4d039123e62f6a9,fb37795db81f93f3,Dennis Buzukja,Bogdan Grad,0,0.301324076568523,0.308578454908669,0.29545931526597,0.242513685817048,0.354082043408825,0.298112156442969
2026-08-01,1a50e734bb54861a,4350abb4f1933f88,0e6b611451a9a7d8,5f926979c980b87e,Mark Vologdin,Borislav Nikolic,0,0.568350791695934,0.580383924972554,0.572167171155156,0.4871235580473,0.649626542605045,0.570436578028311
2026-08-01,1a50e734bb54861a,f1bce0c9a3fa4bcb,037cfd34a27d59e9,6b56e94a59b7b134,Michael Oliveira,Oban Elliott,1,0.406373879936431,0.415563367549605,0.403749909215347,0.340462441383683,0.468794717962448,0.404939826752062
2026-08-01,1a50e734bb54861a,fbd99ae7e1ff993a,5b86d491d63890c5,ae81a3ac7b260411,Ludovit Klein,Tofiq Musayev,0,0.728912499591126,0.713861635714978,0.751693679206427,0.687482787443432,0.810690353160771,0.741518054521611
2026-08-01,1a50e734bb54861a,fec91da886d80200,6266abf6e4245c72,dfcadfcbd3a3f097,Noah Gugnon,Milos Janicic,1,0.560048668327781,0.557009125517881,0.567701862331983,0.555555077518235,0.579648615722175,0.564233110023301
2026-08-01,1a50e734bb54861a,7ecb154439aca0f9,025c1ee70b2cedf4,b12fb759e02378de,Vlasto Cepo,Gilbert Urbina,0,0.502157714366181,0.463241763067151,0.521641032054596,0.408696030084968,0.630931128069357,0.512805343975794
2026-08-01,1a50e734bb54861a,f425b7a527dd53aa,0cd0456d6029cec2,866fd7b1a6c90e7f,Robert Valentin,Dusko Todorovic,1,0.469971550133523,0.44948264448208,0.478037415728042,0.380328729291475,0.574763648593294,0.474375968311261
2026-08-01,1a50e734bb54861a,eb8753ed0476b3d1,333b9e5c723ac873,c9cf753cfdf77fc2,Aleksandar Rakic,Marcin Tybura,1,0.581237619329544,0.528158918713168,0.606540637886621,0.501870438813535,0.706813947427869,0.595121801887553
2026-08-01,1a50e734bb54861a,0c3c835e681972d3,99df7d0a2a08a8a8,b4b496ec2197ee3e,Jan Blachowicz,Navajo Stirling,0,0.181673970292469,0.208312205266565,0.155393441270622,0.106128311424979,0.214905766946804,0.166912326029872
2026-08-01,1a50e734bb54861a,68ae50dbf98dc15f,681399317dbf4701,8a1f3b5c526cd6e6,Uros Medic,Daniel Rodriguez,1,0.578200230814002,0.597756502815541,0.58097100269931,0.4704632987627,0.686991966188572,0.579714425428563
2026-08-08,495add4fbede0a44,ded584e13276cbcb,651d209fa8c8cd83,77ba5b2939c4018b,Gigi Canuto,Carol Foro,0,0.615909268144264,0.609477950217363,0.63068771491189,0.607219097013243,0.655098545672219,0.624010680331793
2026-08-08,495add4fbede0a44,d463229133909215,4948e412fa6ab67d,aa0c573da7119292,Ravena Oliveira,Juliana Miller,0,0.364857933298777,0.35371831871319,0.354106234315183,0.267538049707184,0.450557987507211,0.358967162607274
2026-08-08,495add4fbede0a44,1168a8e59aacfd72,46e0d677f91bacc0,51ec9dc3b4964f19,Miles Johns,Gianni Vazquez,1,0.648679627173261,0.62760111625727,0.674896256954563,0.582745787502136,0.75491478857345,0.663124307376171
2026-08-08,495add4fbede0a44,81ae2a465e0dfa4f,5870c541798124ae,abde3388a589103c,Manoel Sousa,Richie Miranda,1,0.574020154203956,0.57388667850104,0.58339616847163,0.511468933081564,0.649875669729243,0.579148979950733
2026-08-08,495add4fbede0a44,64829a32c78ab656,1f8cd7634e8286ff,cdb7b38b1b357f26,Jose Montanha,Louie Sutherland,1,0.519114629869807,0.52415219592663,0.518377949484121,0.436833257003396,0.601978134254956,0.518712218029531
2026-08-08,495add4fbede0a44,13380a8d6cdbb381,0abcf6bc47191219,709fadb644ee3f51,Bruno Lopes,Diyar Nurgozhay,0,0.45749244151203,0.478828288847481,0.44740245650223,0.375889646492401,0.517463062720338,0.451975786836691
2026-08-08,495add4fbede0a44,3050549d19395f6f,ba15006c804a8de0,e56cee1ad697db04,Guilherme Pat,Steven Asplund,0,0.33611100476134,0.363092130775138,0.328425985595973,0.249202042849083,0.408713666617396,0.331901882469391
2026-08-08,495add4fbede0a44,f44ab9e9e4a89735,0859524157a19045,fa07345cc9db5cc9,Ty Miller,Billy Ray Goff,1,0.598310098225895,0.611318262387302,0.616564679624138,0.547930830628232,0.679324812483898,0.608319232537385
2026-08-08,495add4fbede0a44,13f31f7a784013a3,3df5493bb279226f,545092d13c67aa49,Amanda Lemos,Alexia Thainara,0,0.190122692105488,0.209826388484651,0.172055898210393,0.115901072707512,0.236391080698503,0.180079366166726
2026-08-08,495add4fbede0a44,06bfde3e3577906f,70380ccdc81915b8,92a9aa9c93192871,Yadier del Valle,Darren Elkins,1,0.801543520398123,0.801873480042736,0.813984721081925,0.741567089607703,0.871032743611609,0.808415757540837
2026-08-08,495add4fbede0a44,d5245f5b96b8afdf,aa171d55d4b5208f,f53d4f21d1b5f2dc,Billy Quarantillo,Diego Ferreira,0,0.353648968602395,0.311565588910719,0.35523653919683,0.235815295720216,0.482465549789423,0.354515803836775
2026-08-08,495add4fbede0a44,a10deecfb8558335,17734443a833cdf7,72db2a14ffa73ece,Quillan Salkilld,Mateusz Gamrot,1,0.697626094455596,0.72009258931219,0.705849758604364,0.634595838989361,0.771879265839697,0.702134550090703
2026-08-15,b96619b3acd7d9da,d5ebdf462c9b59b3,bf2c8e01b07d3eb1,d66a46de8d705353,Myktybek Orolbai,Jeremiah Wells,0,0.891627429886527,0.915212022092274,0.901577220462627,0.855754212629468,0.936838000632204,0.897167593164831
2026-08-15,b96619b3acd7d9da,e7077d030d5fc15f,3d074044a33825e7,84b3e7d38f2d2ec5,Ramiz Brahimaj,Neil Magny,0,0.461679204022208,0.454321837252688,0.450565914976477,0.358424719876721,0.549119594217143,0.45560297899937
2026-08-15,b96619b3acd7d9da,360b13f97e7ca703,3df223aeaacecf3f,d6a8edb7410223a0,Lucas Fernando,Rafael Tobias,1,0.515002765874993,0.524462888126054,0.523724296486434,0.445709475749604,0.59680497264811,0.519768496318332
2026-08-15,b96619b3acd7d9da,e79e4d13546d2360,147e70aa6cc48cfc,6d4b63c767106d3a,Tresean Gore,Vicente Luque,1,0.263808871804884,0.268899375729915,0.252485093495882,0.170021707408303,0.346545948759853,0.257582942017046
2026-08-15,b96619b3acd7d9da,9c5da658c76da7c0,9508cc6184cb2450,ad5cb64af10fc946,Eric McConico,Donte Johnson,0,0.202370011242347,0.206993038439001,0.187985922681109,0.143316074328083,0.240543417694665,0.194412949059741
2026-08-15,b96619b3acd7d9da,e7c11d1b22d50ba0,62f3039da2f92a8c,814e5233e2acf2ee,Eduardo Chapolin,Charles Johnson,0,0.401199759700285,0.437422481723843,0.382231629917264,0.300552565895564,0.472061372048728,0.390797512730195
2026-08-15,b96619b3acd7d9da,6e495deac1f57169,58bbef3770bb2dfc,c68c68efaa5ca6ef,Joel Alvarez,Chidi Njokuani,0,0.70555318616044,0.706617296447619,0.723831632676417,0.627931649965385,0.806622324086004,0.71562533920737
2026-08-15,b96619b3acd7d9da,8e482cead0c7eb15,323d4ca260dfa0ba,64a50dad704d1d49,Esteban Ribovics,Edson Barboza,1,0.772454846273831,0.754163207027107,0.78510124627098,0.704102120596136,0.856630619417917,0.779427288597895
2026-08-15,b96619b3acd7d9da,53902dcb3e213b18,71505842fb6455c3,841695e02c99a521,Dustin Stoltzfus,Mansur Abdul-Malik,1,0.311052262722966,0.358570963175185,0.278617665086573,0.202594767799432,0.367974250767892,0.293076338098404
2026-08-15,b96619b3acd7d9da,d4bd456d70965734,4d8fa64202cee4c1,ec13c393d029297d,Jalin Turner,Kaue Fernandes,1,0.444044858169279,0.454886495392448,0.453486187633639,0.362415016289099,0.550231173951756,0.449197752455904
2026-08-15,b96619b3acd7d9da,4700d42c9869674a,38c7f72747f4f712,7447e9f28508106a,Gillian Robertson,Mackenzie Dern,0,0.674380858456499,0.679642558682249,0.677588988241697,0.57572252391326,0.768436100955829,0.67613539419987
2026-08-15,b96619b3acd7d9da,365fd759c03e93cf,275aca31f61ba28c,442c9011034ae1fd,Islam Makhachev,Ian Machado Garry,1,0.717636585890747,0.730841033723766,0.703111292831512,0.554822076749103,0.824233209105097,0.709755397705855
2026-08-22,a0a69dc9914ef6e1,97fb716bc7b8751a,ac7c765882f2c68c,cfbb3edab781dfd2,Elise Reed,Shanelle Dyer,0,0.163544805044827,0.186916931807816,0.143131489329701,0.100540702713027,0.19685237861333,0.152117744571482
2026-08-22,a0a69dc9914ef6e1,11e4a448ce1ae5e3,3eeec2f53cebdf12,b4443fae47e7eb9d,Jackson McVey,Wes Schultz,1,0.582705260791096,0.594130806025696,0.584635717583546,0.471064177253503,0.688011364699198,0.58376011789364
2026-08-22,a0a69dc9914ef6e1,116dc88b63113f61,5be51426ff3c1929,b2a78df161bd67f9,Stan Dorsainvil,Gauge Young,1,0.419652905297949,0.429270571017491,0.417486354007928,0.348302206600847,0.48947272972499,0.418469007004473
2026-08-22,a0a69dc9914ef6e1,7e86f774f19e5e59,c85bad793cd14e28,d958ed9e5a08c849,Marcio Barbosa,Ryan Kuse,1,0.646097068651607,0.639898758065622,0.661294213973596,0.605841854871747,0.711311165822988,0.654437643953141
2026-08-22,a0a69dc9914ef6e1,bbd05484f8c8d739,06626b6287e1ae1e,b7b84ccd221be298,Chris Padilla,Nasrat Haqparast,1,0.604148335282832,0.633715817194038,0.593403167740176,0.495806812947117,0.686044527569754,0.59829038704454
2026-08-22,a0a69dc9914ef6e1,5d2c1c4dd444772f,6747ccd6d1acd266,8667caa0451d245b,Shamil Gaziev,Kennedy Nzechukwu,1,0.362339298553104,0.313447336632813,0.365219067557512,0.285366770565413,0.447750790462733,0.363911203039397
2026-08-22,a0a69dc9914ef6e1,2bbacf9ed3c64184,640a0f838f057a81,e00a3dee329a51f7,Lerryan Douglas,Jamall Emmers,0,0.606393647161174,0.606113349597725,0.619059938631363,0.531555424747927,0.702921349352956,0.61333170878559
2026-08-22,a0a69dc9914ef6e1,a6873fd459587d17,23a81656507b56a3,b34976c022b24568,Terrance Chatman,Anthony Wint,0,0.519527530944729,0.519653165620051,0.521146096155992,0.503596445883407,0.538446137013842,0.520411747738519
2026-08-22,a0a69dc9914ef6e1,a4b3becc0cc394d7,8061a3136026a673,f1ab6f37492c630a,Jeisla Chaves,Carli Judice,0,0.297477943271603,0.280783865927281,0.291773170876132,0.226685399441558,0.359946914414664,0.294353657910307
2026-08-22,a0a69dc9914ef6e1,bf70d01518c80fba,e2be0c1a9b886d92,f6ad6a1e4d600e0d,MarQuel Mederos,Mason Jones,1,0.50458235252173,0.545788736291459,0.487900345085185,0.385484989521963,0.591166046602976,0.495468464932298
2026-08-22,a0a69dc9914ef6e1,0eba299c9b6760fa,327d5f279895110d,d549cefc7c54ab78,Roman Dolidze,Reinier de Ridder,0,0.298621361941028,0.302920970123247,0.287940323438217,0.208726379639247,0.37763269673618,0.292758475630689
2026-08-22,a0a69dc9914ef6e1,a57ccf31c5f6f82b,71171fc96445bf65,e2f6b2769aaedd6c,Vitor Petrino,Serghei Spivac,1,0.655158533693422,0.651988138197113,0.650268542344492,0.562045901384843,0.731314236175142,0.652491299175885
2026-08-22,a0a69dc9914ef6e1,fb77b08a90b92d5b,093e1f5bb73850be,d1c65d2cf2925ddd,Anthony Hernandez,Gregory Rodrigues,0,0.719313476106922,0.740767591466283,0.725910681982973,0.643177587835085,0.801053039024177,0.722929276091857
