date,event_id,fight_id,fighter_id,opponent_id,fighter,opponent,target,current_logistic_probability,global_moderate_raw_probability,global_moderate_probability,grouped_tight_raw_probability,grouped_tight_probability,grouped_moderate_raw_probability,grouped_moderate_probability,grouped_weak_raw_probability,grouped_weak_probability,grouped_heavy_tailed_raw_probability,grouped_heavy_tailed_probability,selected_logistic_bayesian_blend_probability
2019-01-19,d4da8995fc91e7ef,e76227f395b94e47,1ddb480b601cefb1,bb61823f76361297,Chance Rencountre,Kyle Stewart,1,0.474406809794188,0.47310817999688,0.477941556235108,0.448538223493356,0.4541079619098,0.468549438848422,0.474164781100795,0.484400386102336,0.487944632606394,0.460002556145084,0.465565186572231,0.463303471301303
2019-01-19,d4da8995fc91e7ef,2cc1fe3570999428,b1b0729d27936f2f,b997be68943010fc,Belal Muhammad,Geoff Neal,0,0.545098436612748,0.542955995555319,0.535252661794999,0.532034008011927,0.528554182555979,0.540392158845686,0.533189625576916,0.545406648501682,0.535124607901613,0.535801590848148,0.530819093683107,0.536070889024764
2019-01-19,d4da8995fc91e7ef,2ea1f463620bcd3d,6f242453c91a5af0,ef44e4ea9050f2ea,Dennis Bermudez,Te Edwards,1,0.78737272226497,0.778223600934599,0.736797740365894,0.751616311861939,0.728434288086865,0.768038125924393,0.727718414783935,0.774227714978205,0.721562628468313,0.761153635135088,0.73052183794359,0.756393678999128
2019-01-19,d4da8995fc91e7ef,efbab76bedbfb65d,65f09bacd3957381,bc711b6dd95c1af6,Cory Sandhagen,Mario Bautista,1,0.608087873179644,0.605930068984964,0.587295570546397,0.604591181847859,0.593486694006636,0.604434574842617,0.58616365216262,0.607475164514939,0.583570017657576,0.607743617192742,0.593085700700971,0.600133940715772
2019-01-19,d4da8995fc91e7ef,8a9c8f1d53d8c664,a495f599e787614f,acb36c908d415c4a,Alonzo Menifield,Vinicius Moreira,1,0.497679177381498,0.497452445674807,0.497910982547442,0.503815760837094,0.503400312692134,0.500313604473259,0.50025750116987,0.497882352260583,0.498363693819309,0.502542249404384,0.502187478060468,0.500804447714259
2019-01-19,d4da8995fc91e7ef,77c6a6f33289b872,12f91bfa8f1f723b,6551c64fbcd1a467,Joanne Wood,Ariane da Silva,1,0.300729207736464,0.308503197208798,0.340324389877034,0.306200199823767,0.325439197249579,0.29816060443079,0.331164610078326,0.293285723886368,0.336356877806341,0.302132412057051,0.327318994038133,0.314095924728223
2019-01-19,d4da8995fc91e7ef,3dd0951b8855137d,1d00756835ca67c9,262a7d06203657e6,Donald Cerrone,Alexander Hernandez,1,0.359253358051792,0.37061517168583,0.393110018828709,0.376851956147791,0.38979541232831,0.359159502684051,0.383331992161863,0.338805053062559,0.373637235872784,0.364003499330973,0.382215434837159,0.375813809733999
2019-01-19,d4da8995fc91e7ef,5d1f24e034772338,37d5b176d438d2a5,7ff97850e8c32bda,Karl Roberson,Glover Teixeira,0,0.621038022517389,0.616307703100764,0.595946984874156,0.635002419617945,0.620918081967178,0.628407673390671,0.60620793910599,0.619537713839767,0.593090728219368,0.632952439112388,0.615114223685807,0.620972505151805
2019-01-19,d4da8995fc91e7ef,7ddd21d48e3b34b9,01784fbc27c68b14,4d5197f331c47290,Rachael Ostovich,Paige VanZant,0,0.627733677786917,0.619085401502056,0.598267377219329,0.584232603470494,0.575208719783839,0.611677125076758,0.592203452614346,0.651723403346216,0.618736925149799,0.596964026185429,0.583707201940693,0.599329409913199
2019-01-19,d4da8995fc91e7ef,4738cd4cd8d33eeb,80eacd4da0617c57,f53c1f4ceeed8c08,Joseph Benavidez,Dustin Ortiz,1,0.433635441998564,0.441332412085282,0.451819531292451,0.48617198882674,0.487676941816067,0.446918020766621,0.456360750208185,0.416818402465041,0.435484391913943,0.466001440594388,0.470734288670808,0.463043799895872
2019-01-19,d4da8995fc91e7ef,0261adcfc6e49150,813550bc53b15fb0,84ff027394f7e470,Yancy Medeiros,Gregor Gillespie,0,0.240138572961959,0.247236256425076,0.286386092285891,0.257620565365933,0.280267205894443,0.253482853644366,0.291751973511979,0.260424539184555,0.308633891136923,0.256254078467098,0.28560361607284,0.261561359476043
2019-01-19,d4da8995fc91e7ef,8da2c348ba6001a0,85073dbd1be65ed9,a9d6e047ce48ab63,Greg Hardy,Allen Crowder,0,0.578413202919923,0.577084060239674,0.563374800461082,0.579626576752939,0.571081209065332,0.57629023587341,0.562801646274944,0.575205284198299,0.558289010717386,0.577105287561906,0.566482623879364,0.574412068303434
2019-01-19,d4da8995fc91e7ef,85511ab7fd9ed061,056c493bbd76a918,c849740a3ff51931,Henry Cejudo,TJ Dillashaw,1,0.37284036697704,0.38221325163323,0.402817731042919,0.393689168656219,0.404966555066633,0.377920566037714,0.399098267855387,0.349748188403226,0.382444407193367,0.382432778225272,0.398347145489747,0.390270503356639
2019-02-02,84283233ec42be5f,8f8a6c578308d014,07a2bdaa0afdd831,87f19d19f4cb73f8,Rogerio Bontorin,Bibulatov Magomed,1,0.54249314022055,0.541298451781772,0.533890291189236,0.548314868078599,0.543081988988933,0.545056434493352,0.537028626480841,0.543272091135239,0.533469987405497,0.545691843101269,0.539343936975986,0.542814821893583
2019-02-02,84283233ec42be5f,9192053a3884aadf,0fd5f4b838e890cc,1ae8f3c723aacff4,Said Nurmagomedov,Ricardo Ramos,1,0.540239172394426,0.536653903223854,0.530074114341016,0.509285188735147,0.508274409120918,0.534701991255724,0.528508792235198,0.551565808375859,0.539901939385104,0.52074871142229,0.517855847273076,0.52280213142101
2019-02-02,84283233ec42be5f,818456a713fdabe6,9cfbfae5fa1fdd93,dbac0a413af64bbe,Geraldo de Freitas,Felipe Colares,1,0.49971381715439,0.499657411897277,0.499719075457402,0.501158270702355,0.501032158053219,0.500553666387797,0.500454616459987,0.500246738862048,0.500190654639086,0.501251178586902,0.50107657457353,0.500433979934461
2019-02-02,84283233ec42be5f,491b7d974254596d,2cd428e9606856fd,c482c8605455a213,Jairzinho Rozenstruik,Junior Albini,1,0.496329507351148,0.496057781248216,0.496767332397536,0.492909189495664,0.49368115286957,0.492735765784878,0.494035188370921,0.496960014172417,0.497650997274157,0.491006416634829,0.492261273362406,0.494882771760827
2019-02-02,84283233ec42be5f,59097097bc09cdef,31ee470ef5dc8d7f,b0d6a1d8ac3d563d,Thiago Alves,Max Griffin,1,0.297502975399547,0.306382783032773,0.338493448579471,0.359091457445788,0.373733233288403,0.319990285163002,0.350018031589724,0.294973605935072,0.337760561328597,0.340705120406249,0.361692039447552,0.33808097005867
2019-02-02,84283233ec42be5f,904e0e46392dff93,82cbb809d5ee565c,f7467152fd9f18a2,Mara Romero Borella,Taila Santos,1,0.499628848382921,0.500874162738782,0.50071681951292,0.482382706928381,0.484299547458112,0.490415086341294,0.492129497203643,0.494530632981758,0.495773762951806,0.485069302075819,0.487151920607467,0.491253075825329
2019-02-02,84283233ec42be5f,ebb685a81f65ce1b,093e1f5bb73850be,2ac4628c08ec5125,Anthony Hernandez,Markus Perez,0,0.661215756791576,0.656019565294717,0.629343414374049,0.65585580943325,0.639838990477541,0.657751501127162,0.630978671185577,0.666330899734983,0.630514870620755,0.655407167040611,0.634872146459905,0.64961330381958
2019-02-02,84283233ec42be5f,53abea410a0541c8,1641ef250e9de19b,dab8cfbb6b1db10a,Sarah Frota,Livinha Souza,0,0.434669063659312,0.43680806758281,0.448091332857241,0.440702586710097,0.447107702076789,0.436557672561549,0.447815832349123,0.429864855490958,0.445662467133651,0.43886608636077,0.447329085339878,0.441454674951383
2019-02-02,84283233ec42be5f,44cfd4330eb6e2bf,ba1e6cb3d43f7430,c21f26bbde777573,Justin Ledet,Johnny Walker,0,0.285850443483581,0.293135889972555,0.327002976836137,0.30521503253497,0.324531848027568,0.296589526732938,0.329798528688164,0.289906449787617,0.333541050860908,0.302002857118849,0.327202580970528,0.306639954949745
2019-02-02,84283233ec42be5f,85036b967403cdab,07225ba28ae309b6,2747c60e42d9d75f,Charles Oliveira,David Teymur,1,0.468273662934155,0.473114703367717,0.477946910518521,0.485990749152433,0.487515409818545,0.475608549287828,0.479966958907712,0.46232560800292,0.470866827253193,0.48089306317372,0.483557397635591,0.478776710998703
2019-02-02,84283233ec42be5f,ce246b336b6bd638,427b5953ac8e3a27,4e0692ad070976e4,Demian Maia,Lyman Good,1,0.635891487739945,0.630763031710458,0.608046154200458,0.612889392617281,0.600955101658431,0.62992025736587,0.607477966846201,0.634820719439854,0.605220777090411,0.622428862232408,0.605900506521522,0.616958418653251
2019-02-02,84283233ec42be5f,300f1489174a3ece,b6452706b373eea1,d0f3959b4a9747e6,Renato Moicano,Jose Aldo,0,0.577051712551854,0.571904480541619,0.55909622811229,0.522079108205834,0.519677759760313,0.553294998105176,0.543814808832451,0.57777901153854,0.56029674986105,0.531473139262224,0.527090294034454,0.54586739208963
2019-02-02,84283233ec42be5f,4e8b2357fea211e9,2f13e4020cea5b38,fea79f9bc8c68769,Raphael Assuncao,Marlon Moraes,0,0.44133880285383,0.444719678513059,0.45460901569819,0.449687045750495,0.455133894120432,0.439942648586145,0.450609173656599,0.44227681287037,0.455317176880076,0.442650166904219,0.450597046299156,0.448864729310269
2019-02-09,b5882371e2a3900d,8e43d61ca6f2d904,2296125b6c362355,f2477cf43c4975cc,Wulijiburen,Jonathan Martinez,0,0.545563718652282,0.545791716173124,0.537583999546824,0.514912335938117,0.513289485670006,0.531424199698049,0.525813545526807,0.539564973800015,0.530597546691515,0.522474939760542,0.519341898368968,0.52796348282307
2019-02-09,b5882371e2a3900d,11c0ef97497303ef,4d8fa64202cee4c1,8fc9ae9c7527dfcb,Jalin Turner,Callan Potter,1,0.694045308675824,0.68657575299843,0.655434800547685,0.682062943014072,0.663775188077084,0.694425721227774,0.66240631003116,0.701940084622247,0.659677464370281,0.690750566440052,0.66629658335337,0.677696106951941
2019-02-09,b5882371e2a3900d,b247a1900cfae052,88cd34d836b4ebcd,a7897d200692ab64,Teruto Ishihara,Kyung Ho Kang,0,0.489748411479596,0.490082929505792,0.491867586704315,0.460767272339578,0.465024149728859,0.479752067830964,0.483371426475516,0.486117200237296,0.489271676897128,0.467105156293776,0.471685084459855,0.47622846634416
2019-02-09,b5882371e2a3900d,51db35a3cf225bda,82b4e942781b1046,853eb0dd5c0e2149,Raulian Paiva,Kai Kara-France,0,0.529733299585656,0.526554436262579,0.521781527551925,0.500861187436056,0.500767421121195,0.523441317383428,0.519252302680939,0.538224489076941,0.529559221768412,0.510597103779175,0.509118610231784,0.513922621362272
2019-02-09,b5882371e2a3900d,49f7186e1e3cf6c8,4cd8b03aee1d0138,bf0e700106d00e55,Shane Young,Austin Arnett,1,0.640931176463534,0.634338291758437,0.611048143108587,0.625674069209157,0.61248514640411,0.63376199251907,0.610706755273647,0.645165796812127,0.613479675939771,0.63208353819423,0.614352435707666,0.625500538742467
2019-02-09,b5882371e2a3900d,5ff8463edf8155c0,207773daeb4afa7b,98a6b2361045898f,Devonte Smith,Dong Hyun Ma,1,0.810059709686596,0.801472879886262,0.758475603792795,0.788593860013763,0.763710752954107,0.800557346620059,0.75789105886083,0.805253448227345,0.749662382629436,0.791635393657894,0.759243359294042,0.785656181395027
2019-02-09,b5882371e2a3900d,e4862c4f20117cb8,70e1f8a821b72c8b,d156513a19acf856,Jimmy Crute,Sam Alvey,1,0.392800109150991,0.396820714958412,0.414993207490721,0.427300582393715,0.435121558822247,0.408951795888802,0.424967959955191,0.402683850595075,0.424416067653929,0.418989088983513,0.430134691684504,0.415762167318422
2019-02-09,b5882371e2a3900d,fd1854062406d287,6e7506127408aa9e,80d8aed0ca9b00f3,Nadia Kassem,Montana De La Rosa,0,0.308879594712746,0.313598217755498,0.344714910116186,0.324834110357289,0.342543015116839,0.319700395728314,0.349769144675891,0.317531101067384,0.356354270225353,0.324473468755167,0.347293642997653,0.327045960136767
2019-02-09,b5882371e2a3900d,069e3e704cbf6337,5987b2458f4b5290,94527830000ab715,Ricky Simon,Rani Yahya,1,0.697580317170416,0.689089572044057,0.657599675953322,0.679223440241223,0.661172276823052,0.696242932299028,0.663979592018335,0.701783114148164,0.659547321336473,0.691311844887084,0.66679933728797,0.677962349364424
2019-02-09,b5882371e2a3900d,aa71cf96ba4e5a36,72e5e5a6edfa8223,f9b200db02b488d9,Marcos Mariano,Lando Vannata,0,0.403515539514175,0.40542805633362,0.422143772492246,0.416658284787989,0.425589820313513,0.409391487577082,0.425332945098667,0.407549463127179,0.428231498317844,0.413987346330911,0.425799322562839,0.415531539010688
2019-02-09,b5882371e2a3900d,4eb91cfc892a108e,1338e2c7480bdf9e,1f454354805b6f75,Israel Adesanya,Anderson Silva,1,0.827059720537001,0.816357802536752,0.772650438486747,0.807044222935883,0.78161769331851,0.81754122361236,0.774075660922631,0.829578402833948,0.772574295478823,0.813321366973313,0.780117910887061,0.803231758899471
2019-02-17,a7a79b8efbceaaac,a9184def876faec6,b3d21b2610dcfaeb,e76d9f656ceb82ab,Emily Whitmire,Aleksandra Albu,1,0.564911172751913,0.563596131050951,0.552241873790286,0.55876272631064,0.552414451390755,0.562635744633161,0.551518420988458,0.559270328157706,0.545884944488264,0.562225379111581,0.553613803321368,0.558093846075903
2019-02-17,a7a79b8efbceaaac,7fec3b1ec923ad24,2c99576fefe53c7c,96428b9e9bd048ea,Renan Barao,Luke Sanders,0,0.515868352879038,0.517275670290371,0.514168012215669,0.550281976715602,0.54483844339961,0.52772523090407,0.522772842860457,0.510896444232705,0.50842019817693,0.539674855398631,0.534156783939823,0.53171941062815
2019-02-17,a7a79b8efbceaaac,f96f719ad667dd96,6fb1ba67bef41b37,df1eb4354d18a906,Nik Lentz,Scott Holtzman,1,0.53596336953362,0.535414687677654,0.529056215222939,0.53810501174653,0.533969679360804,0.537426159482187,0.53074941530228,0.536711853191204,0.528387757012171,0.53664444421537,0.531545316009581,0.53487442682383
2019-02-17,a7a79b8efbceaaac,bdeca00572419011,05fa626cb33d15b8,fc6e681bf6658faf,Andrea Lee,Ashlee Evans-Smith,1,0.634234743759507,0.62690381455313,0.604810094018396,0.627045390580823,0.613723731945682,0.634722093106147,0.611514382344489,0.645999377146438,0.61414698046515,0.631277015160693,0.613645507670966,0.623085320930725
2019-02-17,a7a79b8efbceaaac,0d698108c5f5d1d6,2dc1bc1a02961656,773f7feacf96153e,Manny Bermudez,Benito Lopez,1,0.558989779626299,0.558392243919683,0.547953663524838,0.539445280452183,0.535165502349949,0.554144588614515,0.544515049353832,0.559090045313256,0.545744847242095,0.546316524680223,0.539882629427913,0.54600197560791
2019-02-17,a7a79b8efbceaaac,58e21d505c082a9e,9c907996820d2d69,cb696ebfb6598724,Jimmie Rivera,Aljamain Sterling,0,0.447487723115714,0.45060233649012,0.459450274177492,0.474723540804877,0.477471699205462,0.457287019691038,0.464900438702991,0.445284002314608,0.457652757166726,0.468460716261848,0.472852733300575,0.463833635007787
2019-02-17,a7a79b8efbceaaac,0a4247ba4ae1cca5,08e908ed6d18d6a0,8fd808923cffff82,Myles Jury,Andre Fili,0,0.718093097178832,0.711361177694345,0.676919184861433,0.701633806649211,0.681785079519036,0.708901421485935,0.674986342116022,0.708103030765596,0.664799420108059,0.70491743248602,0.679026142712185,0.698570433059635
2019-02-17,a7a79b8efbceaaac,1521f94cafdfd783,6d4b63c767106d3a,a331233f597090a5,Vicente Luque,Bryan Barberena,1,0.7555171980808,0.749719642816722,0.710876288353713,0.735917390743695,0.713668663184729,0.747243110566436,0.708899128408996,0.755770339117195,0.705340817631808,0.741153434325719,0.712010218728284,0.733180035178794
2019-02-17,a7a79b8efbceaaac,c8bc7e668ffffc7c,242d36d241b43c12,7aa3d6964eff4877,Kron Gracie,Alex Caceres,1,0.557941451274648,0.554269632556558,0.544558932508757,0.53160025683198,0.528167335500945,0.549063506024834,0.540328387852761,0.560601837947821,0.546919808819634,0.539162661843006,0.533715354633312,0.541714682262999
2019-02-17,a7a79b8efbceaaac,354425c41008a01f,5f179af5fffeb9f6,98215d037be5bcb7,Cortney Casey,Cynthia Calvillo,0,0.293528825844624,0.297090126369717,0.33044255996699,0.297365061100106,0.317290184304129,0.299306905658606,0.332160521848246,0.302124238917719,0.34368734166397,0.29963340750208,0.325072233767272,0.306380485845436
2019-02-17,a7a79b8efbceaaac,a212e4c197983ad1,6256b2b1562cb8e1,e5010b1b94ca5755,James Vick,Paul Felder,0,0.643848149614297,0.641185666065142,0.616808878271918,0.632545586698929,0.618695340177534,0.6396173196188,0.615636738632094,0.645361231886848,0.613636102084012,0.636598143705596,0.618312630470406,0.630196353887833
2019-02-17,a7a79b8efbceaaac,01983cba42704c49,0ff11cc094e887bc,8d03ce87ca14e778,Cain Velasquez,Francis Ngannou,0,0.529574579799806,0.525207782985812,0.52067629199773,0.515175358376163,0.513523913817076,0.520020458817407,0.516441696012198,0.527093367371403,0.520943256496729,0.518024896331972,0.515511229279328,0.520812132273523
2019-02-23,6546af7ab545b90c,e4b13f7f43018ec0,135d124172a0bea3,58bbef3770bb2dfc,Damir Ismagulov,Joel Alvarez,1,0.545639576666117,0.545501264685347,0.537345174108673,0.554999647851123,0.549052104277804,0.54707291362651,0.538688961691561,0.540920726351237,0.531647879418186,0.551627039875085,0.544463498856284,0.547504269659594
2019-02-23,6546af7ab545b90c,9af62d6e404c1002,9b7694d064a8a0ad,f53d4f21d1b5f2dc,Rustam Khabilov,Diego Ferreira,0,0.757874539585192,0.747667841856566,0.709034916306602,0.723387005733423,0.701961413015605,0.745718559464132,0.70753222643444,0.758405522865195,0.707636738553222,0.735449493217368,0.706773455540515,0.728237932070217
2019-02-23,6546af7ab545b90c,c77486266b05f934,6a96ad1bc34fb113,e51fcd9cd84c0b93,Ismail Naurdiev,Michel Prazeres,1,0.366655155976154,0.37161166562916,0.393945620800181,0.419160466586823,0.427832099979375,0.388089694189168,0.407601875060197,0.363729419996923,0.393624193898509,0.404106594126375,0.417223078799549,0.399677531833959
2019-02-23,6546af7ab545b90c,18d6df67968bf06b,38c626ca912c7bac,edd02825c29028fe,Damir Hadzovic,Marco Polo Reyes,1,0.538406524537378,0.534700527116337,0.528469653081099,0.529960543201374,0.526705012107945,0.54119793654411,0.533852691246319,0.546702598592155,0.536129427088254,0.536709848602509,0.531601671912912,0.532018824756067
2019-02-23,6546af7ab545b90c,4e22e3cdb8757be1,38c7f72747f4f712,4798e823ada58fe9,Gillian Robertson,Veronica Hardy,1,0.742408719210969,0.738231612849406,0.700605084431238,0.720452950412871,0.699229468101832,0.729416662350961,0.69301606873505,0.737490256880661,0.689582841881056,0.722003673913802,0.694497519155548,0.7193292081751
2019-02-23,6546af7ab545b90c,c827f5212a34bf2e,bebb4ae55ac2bf6f,fbf0537e420e698e,Chris Fishgold,Daniel Teymur,1,0.590842827050096,0.587125332780056,0.571682645549613,0.576426573629754,0.56821515624701,0.584749835867322,0.569807438756269,0.595081946971592,0.573831228070052,0.579047198960083,0.568164248874858,0.578523415177015
2019-02-23,6546af7ab545b90c,fd438db3e60f062a,198994b47f395af0,8be158ca1e5ea6a0,Carlo Pedersoli Jr.,Dwight Grant,0,0.578220920283533,0.576006864758928,0.562484622009495,0.594506229368683,0.584424969426918,0.587977837135707,0.572484154249675,0.578704513764558,0.56101904563119,0.596462837787419,0.583271685006788,0.581613159994189
2019-02-23,6546af7ab545b90c,14c505d7ad55883c,7279654c7674cd24,d802174b0c0c1f4e,Klidson Abreu,Magomed Ankalaev,0,0.411591309243593,0.414110777108847,0.429341080202291,0.435983854924378,0.442889480110239,0.420640155682912,0.434657726599439,0.408757839662578,0.429178167993674,0.427733118702666,0.437704975089092,0.428616564469809
2019-02-23,6546af7ab545b90c,244aa8f002274344,99506df1af6c8b3b,d661ce4da776fc20,John Dodson,Petr Yan,0,0.532646705980441,0.529589236015405,0.524272660265761,0.507974818007695,0.507106640365694,0.530475440062274,0.525033542809362,0.533180780335732,0.525653912939999,0.517908621214556,0.515411147036298,0.518707717713297
2019-02-23,6546af7ab545b90c,1db00b3e736c22bf,3cf66c62d9069f43,51a0c09cbe9b8472,Lucie Pudilova,Liz Carmouche,0,0.554402840943403,0.553957272416581,0.544301805888319,0.557166582089951,0.550988134616381,0.55471755466577,0.544987341140737,0.551361439656919,0.539743345647933,0.556685467431432,0.548829358784496,0.552538125417122
2019-02-23,6546af7ab545b90c,34c649f3f43a919b,0d65c432720accb9,fcd448a2fe1a23cc,Michal Oleksiejczuk,Gian Villante,1,0.673802973642122,0.670528276702544,0.641683040047587,0.689338130553303,0.670455555862188,0.679847701314285,0.649842886822048,0.659247534140508,0.624791584914626,0.686572295290943,0.662557904380702,0.671976568876796
2019-02-23,6546af7ab545b90c,4de28817db9fc9d8,ab943cd2c3c17825,ebc1f40e00e0c481,Marcos Rogerio de Lima,Stefan Struve,0,0.690043421973721,0.682508412547424,0.651938353387393,0.66109254945498,0.644606971533677,0.669379663443111,0.640880839311861,0.667206616349777,0.631224075970109,0.661577974087443,0.640327899123627,0.665608599586422
2019-02-23,6546af7ab545b90c,cb010b41cd20a1ed,99df7d0a2a08a8a8,dea070ed4a2a8281,Jan Blachowicz,Thiago Santos,0,0.267289321613957,0.274582541074263,0.31074627939677,0.298828906688082,0.318642205719127,0.283385823588174,0.318264435953989,0.274936132301514,0.320973531449512,0.290813944141317,0.317121341770075,0.294687190586083
2019-03-02,2d5fbe2103f97053,0405e4446e8f239a,2244d9a2b64b8c3b,9673a497a9da119a,Hannah Cifers,Polyana Viana,1,0.292248484816037,0.297839112549538,0.331093120656834,0.326761883893785,0.344306492422643,0.307018298913147,0.338842701544452,0.292459667768631,0.33566924171205,0.318536088802938,0.342003847303546,0.320123033329171
2019-03-02,2d5fbe2103f97053,8adc6266a7c2fd40,016a8d958883167c,9cdd2da1a9104a0b,Gina Mazany,Macy Chiasson,0,0.30508978655727,0.312326618659075,0.343620303821635,0.338519643862302,0.35503965329071,0.319609891491358,0.349691433797038,0.30091080814559,0.342683815599451,0.332843687931482,0.354729598966208,0.331900421369324
2019-03-02,2d5fbe2103f97053,7a26c9407ef64e10,4144798612ef96e5,76ee3d666c648f6b,Edmen Shahbazyan,Charles Byrd,1,0.776942567151759,0.769707493743381,0.728983123608986,0.75340269105158,0.73012183594321,0.76523347951552,0.725160380443467,0.77412708277271,0.721473260217423,0.757478379682157,0.727101801665835,0.752110140917216
2019-03-02,2d5fbe2103f97053,e3826e06d68ed4af,82e7929bf6c2b689,9e50097a89442158,Diego Sanchez,Mickey Gall,1,0.477467069791617,0.473777661917226,0.478491044039756,0.434478634500805,0.441543477113185,0.456899748126255,0.464581683368622,0.489878666245758,0.492178834847087,0.440843025100969,0.449036576548474,0.457790380479183
2019-03-02,2d5fbe2103f97053,3744d4cdaa6b242b,80daefbed11ce998,bf7ad5628363eec9,Alejandro Perez,Cody Stamann,0,0.382051812183557,0.388439248696566,0.408013736846973,0.425952423335786,0.43391480599574,0.399521348200186,0.417130061975778,0.383266793740277,0.409126763032827,0.414650018206548,0.426373930340091,0.410130034554479
2019-03-02,2d5fbe2103f97053,7adaf85915993137,67f272324a030d00,c21f26bbde777573,Misha Cirkunov,Johnny Walker,0,0.437689114847901,0.439098277643148,0.449978876594037,0.40168784520992,0.4121570633795,0.424067301534813,0.437494173276188,0.44481824923362,0.457291106440243,0.410241156407794,0.422549647756518,0.423691951734702
2019-03-02,2d5fbe2103f97053,bac3ac8d7330d05d,18968f97ad34f15c,87aa9fb63d6b51a1,Jeremy Stephens,Zabit Magomedsharipov,0,0.279954408230046,0.283679222607546,0.318742011673241,0.306992571248733,0.326168745898572,0.296332436675092,0.329574859707553,0.30030934544407,0.342186064242555,0.302252217804802,0.327426640584777,0.304705700438919
2019-03-02,2d5fbe2103f97053,39fa341fb9161d6f,6bd02119599741a4,d8c7c61b176e3994,Pedro Munhoz,Cody Garbrandt,1,0.485118423015816,0.487189465415811,0.489494523085438,0.479861499012028,0.482052188905997,0.481552010303828,0.484850084361106,0.478545532397627,0.483418072817516,0.478729255989906,0.481694764777243,0.483443296256785
2019-03-02,2d5fbe2103f97053,ec149b086b0e7fac,1ebe20ebbfa15e29,31ef8b67e13495b3,Zhang Weili,Tecia Pennington,1,0.543754653002731,0.543949133551097,0.536069064972873,0.528758001681389,0.525632641725306,0.536407009328856,0.529911098624692,0.53974322329766,0.530735630125355,0.532812429332215,0.528243922601362,0.533866515530921
2019-03-02,2d5fbe2103f97053,97dabff880f33202,0b31f87be71ebbb1,f2925e6db404bf1d,Ben Askren,Robbie Lawler,1,0.461455244300319,0.460979299804456,0.467981442709884,0.431068749304281,0.438493451289414,0.445658563548167,0.455322694759179,0.45342512464481,0.463969612225314,0.433549857608818,0.442735242691912,0.448885432923954
2019-03-02,2d5fbe2103f97053,851645c373f50e16,effd9de9937996f8,f1b2aa7853d1ed6e,Tyron Woodley,Kamaru Usman,0,0.454626549069566,0.454169210808113,0.462383871796252,0.451451608717975,0.456709510106211,0.461708517481566,0.468538735118562,0.462209940867261,0.470777245690019,0.458811913712885,0.464538941641857,0.455764203513656
2019-03-02,2d5fbe2103f97053,5b9f545890407976,07f72a2a7591b409,d4c9dcd330403612,Jon Jones,Anthony Smith,1,0.868432298146279,0.860330020179341,0.8161982818882,0.865354510500047,0.839958930682909,0.861364694513957,0.817556993644175,0.847787451651986,0.79034306559702,0.862381156064809,0.82907732321343,0.853452402169159
2019-03-09,e96d8538d3f9d0ed,6c9bf1d285cf5dd4,66e98b3bb5fc5250,c17041f1bb5768d8,Dan Moret,Alex White,0,0.644845564788638,0.635087181030464,0.611677456059737,0.609088339913711,0.597532716377917,0.63753716971341,0.613884070146467,0.663593679410271,0.628300460055278,0.626883018221201,0.609796963072662,0.619285221472976
2019-03-09,e96d8538d3f9d0ed,583f2c3cd0e2385b,47cd337b86b1af92,cdb96af67d096b1e,Zak Ottow,Alex Morono,0,0.372150272869805,0.376354748703495,0.397918891547354,0.389293034743701,0.401010210021348,0.38040616988985,0.401179339388225,0.375472185994643,0.402957399385468,0.38799020638929,0.403196282721894,0.38781693175699
2019-03-09,e96d8538d3f9d0ed,858696528ab7035a,67c1d46f4ed16f9e,d2bc285ead803db0,Matt Schnell,Louis Smolka,1,0.631419514959489,0.623099639407679,0.601624466831825,0.608832819839365,0.59730273957405,0.629089969274273,0.606780738348193,0.658715721037414,0.624362814751768,0.62254139358245,0.605998890255767,0.612921616706644
2019-03-09,e96d8538d3f9d0ed,b776b08e2cc6aa0c,068f8a189a47fea6,6a11e325aa60ad02,Maurice Greene,Jeff Hughes,1,0.537076315599646,0.536704080756148,0.530115333003735,0.520098785572635,0.5179124081034,0.530109466786498,0.524732681458169,0.539401703342784,0.530471069746833,0.524375631214401,0.5209782779035,0.526617701613454
2019-03-09,e96d8538d3f9d0ed,ddcfa590f4644240,902ec2cc48c8ae8a,99bd51917728c25d,Julian Erosa,Grant Dawson,0,0.284223317022775,0.292215509405804,0.326201168810453,0.306912235828896,0.326094789282804,0.293389970228353,0.327012387249775,0.275598095138374,0.321532601665517,0.301495124374939,0.32674628384195,0.30669675931494
2019-03-09,e96d8538d3f9d0ed,fb34734f84d0a14d,3143bf892608139a,c7d297714d9ab1a4,Yana Santos,Marion Reneau,1,0.733186887093961,0.724082505175257,0.68807718816301,0.720714880593345,0.699473215640325,0.729641783392893,0.693215333449474,0.732679082797948,0.685481563704291,0.727338404528351,0.699356911947505,0.715070372493681
2019-03-09,e96d8538d3f9d0ed,51808d929c84b8ae,1bcaac2d99b90fce,5331b25a60417ffb,Sergio Moraes,Anthony Rocco Martin,0,0.220885703758321,0.232237214610735,0.272792665271794,0.265283884121995,0.28745659745424,0.236400861773208,0.276327289506168,0.209686696655733,0.264010436331544,0.251353990865566,0.281082927962451,0.255817623566107
2019-03-09,e96d8538d3f9d0ed,aaad7e29825b3264,16690d100f995f8f,c80095f6092271a7,Omari Akhmedov,Tim Boetsch,1,0.533371516934511,0.536395634607465,0.529861961043763,0.543143383589931,0.538465600783397,0.533234815965101,0.527302275776597,0.509448005926278,0.507300805732289,0.537859295351755,0.532592142967468,0.53615516220593
2019-03-09,e96d8538d3f9d0ed,9cfad21ef1911728,08af939f41b5a57b,519e4fe37ce9ff75,Beneil Dariush,Drew Dober,1,0.708823025011858,0.705107640270093,0.67146812139004,0.697633403195291,0.67809342096437,0.703084021783363,0.669917508279035,0.696304722571032,0.65501470620239,0.699543467674248,0.674187433368028,0.692249498212895
2019-03-09,e96d8538d3f9d0ed,4b1606ab1893c242,1788eee370f077b7,bd58d34e39b7b12a,Blagoy Ivanov,Ben Rothwell,1,0.582374673186146,0.581451511667882,0.566986050786678,0.599472637938116,0.588885552978664,0.588910764904359,0.573258129171121,0.575304564946473,0.558366434695672,0.597115325220746,0.583838684918198,0.585935043989814
2019-03-09,e96d8538d3f9d0ed,aeb0322f619213b1,4b47e71384a9522f,d8da10db80131bec,Tim Means,Niko Price,0,0.426923755338599,0.427856674612548,0.440706570758793,0.421377684685117,0.429818377872893,0.419314225316371,0.433559786876317,0.426673615157187,0.443175891944773,0.41551246717967,0.427121663062502,0.428504376128872
2019-03-09,e96d8538d3f9d0ed,710c7f8c7dc2af46,8adcbd525fab8d9b,f1928a52590c5532,Elizeu Zaleski dos Santos,Curtis Millender,1,0.436696748343806,0.438119223001368,0.449172047000008,0.453689183573414,0.458707167633087,0.446809776638852,0.456271541698943,0.440327497845894,0.453802509720276,0.454362863711904,0.460703237757857,0.448694998396804
2019-03-09,e96d8538d3f9d0ed,1b1792afe4457e83,63def5a5662a6917,d3df1add9d9a7efb,Junior Dos Santos,Derrick Lewis,1,0.480395936204633,0.483814216117584,0.486726030030474,0.506875685199868,0.506127137063835,0.485791136958526,0.488332055272182,0.463096523180501,0.471463851407413,0.498031447303716,0.49830616069025,0.494447797044338
2019-03-16,80eacd4da0617c57,9763e27bf80abe42,56fcb2c4d99f9d1b,776a58a67665a171,Mike Grundy,Nad Narimani,1,0.372504129976196,0.374361826567856,0.396250221739617,0.382397693945811,0.394797990594717,0.378971004580669,0.399977955790153,0.373997971904226,0.40178832773268,0.379455668784373,0.39574666239834,0.38462197298817
2019-03-16,80eacd4da0617c57,a2f4acc81f7886a2,51018a31ddf31eb2,b1e5bcaad32a3cac,Molly McCann,Priscila Cachoeira,1,0.852797902233343,0.844155255712562,0.799853934892529,0.825714118241117,0.799982102178658,0.842759985683405,0.798758800984852,0.850307200305971,0.792849221768196,0.833985920455245,0.800414459431936,0.825534922098655
2019-03-16,80eacd4da0617c57,bcef35d6e0964f01,82a5152216251682,f7d73e452b064bf2,Dan Ige,Danny Henry,1,0.579615648139003,0.576852602891359,0.563183510973288,0.574500522631889,0.566490676280671,0.57336173135443,0.560379279403213,0.575118956239776,0.558221689500073,0.569784809327523,0.560148025338312,0.572458666614137
2019-03-16,80eacd4da0617c57,6ada4f4286e4261d,88d7b6d8230e1f3f,8c57c7b8c3bab0eb,Saparbeg Safarov,Nicolae Negumereanu,1,0.26479052470217,0.271887502779457,0.30836767893364,0.260891826229181,0.283339371515774,0.263194854996045,0.300426921290228,0.262061976338406,0.310034524062742,0.261868663885036,0.290766594320129,0.274826254345027
2019-03-16,80eacd4da0617c57,44ab00737c3fb890,32c355b04fc57f3a,654ae722109a0d31,Marc Diakiese,Joe Duffy,1,0.425441916804848,0.430275742951997,0.442703450146288,0.454709613415732,0.459618069975437,0.439092891962844,0.449908083750816,0.418314565035502,0.436653347227886,0.448737417502538,0.455850964309632,0.444044197092959
2019-03-16,80eacd4da0617c57,8cc4c597aecbfef5,040a74bb0a465c54,c07efc18b231f170,Arnold Allen,Jordan Rinaldi,1,0.614983307080766,0.608776385177944,0.589665743925464,0.60797649969286,0.596532101606872,0.611806499537187,0.592311459953812,0.617075951488739,0.591144109039961,0.611541786965138,0.596395660156652,0.604941369952316
2019-03-16,80eacd4da0617c57,437c6e18f41287f1,045f25b3a4c08e81,e9ac7bfb65c25497,Jack Marshman,John Phillips,1,0.641882651327135,0.640412584144922,0.616157715972569,0.648745747223368,0.63337637821572,0.638593278310237,0.614773738728296,0.629077965214478,0.600653320120346,0.642437151322372,0.623442598037776,0.637246655941656
2019-03-16,80eacd4da0617c57,8a8190f3f71408a4,6f7c616b98e18c29,a6cba6bb66c1a8c9,Claudio Silva,Danny Roberts,1,0.584299721278144,0.577015722831072,0.563318321601668,0.546607569349908,0.541557746736368,0.567029998930545,0.555146507555014,0.590698293477979,0.570395867422164,0.553912966072403,0.54643614070232,0.561066177262485
2019-03-16,80eacd4da0617c57,40687c9412e0c279,329e403448756217,36549928f90f1d36,Nathaniel Wood,Jose Quinonez,1,0.523078773690448,0.526422373573831,0.521673135548918,0.545530577707156,0.540596333975443,0.531274649628229,0.525690592103101,0.516289102273903,0.512588352169631,0.540931896544864,0.535240233150538,0.532657795781716
2019-03-16,80eacd4da0617c57,826fb989c0e6208e,0845c81e37d3bcb3,2e19380f34871c6a,Volkan Oezdemir,Dominick Reyes,0,0.340018242749737,0.346265412902862,0.372592516744384,0.382344104374794,0.394749676958242,0.359062744040353,0.383250393298134,0.340380194544047,0.374908198379646,0.373423712520595,0.390471514384303,0.369493218673616
2019-03-16,80eacd4da0617c57,e068f14acd47ed69,f1fac969a1d70b08,fd55393021a8c255,Leon Edwards,Gunnar Nelson,1,0.68995199831983,0.679840032122352,0.649648647202222,0.649906642176161,0.634430720006616,0.675436992239317,0.646060956399675,0.703085395637286,0.660627498535243,0.665287312869968,0.643613290298563,0.660176605169922
2019-03-16,80eacd4da0617c57,c6dd17ab89437805,47b9e0e7703a4868,9ce6d5a03af801b7,Jorge Masvidal,Darren Till,1,0.278363451346361,0.286134814213237,0.320891999487385,0.300603413851251,0.320280155966294,0.288176823477471,0.322460868423786,0.267941175368395,0.315045854011403,0.294049210509589,0.320041978709151,0.300844123135796
2019-03-23,487c170da059857d,469fba0129c95278,215a70f073a7b726,a0c64f272b65d441,Jordan Espinosa,Eric Shelton,1,0.396654247045362,0.400567702501614,0.418108050489432,0.427265142864439,0.435089839037556,0.411377170493155,0.426980765818521,0.401199625319318,0.423251012494102,0.422867805363153,0.433494079237819,0.417524061909451
2019-03-23,487c170da059857d,0717bc30025f3656,35e1f9984ed64206,45f0cc9d18f35137,Ryan MacDonald,Chris Gutierrez,0,0.628776980244569,0.625858138500121,0.603934024808964,0.625851346515369,0.612645243454073,0.625799425861548,0.604019533804754,0.622688303829665,0.595584864072622,0.625721119069378,0.608780087729454,0.619997815607507
2019-03-23,487c170da059857d,0f9679fda36f7f41,4a57ebb14315b251,f0feeb2192937424,Randa Markos,Angela Hill,1,0.582760865791872,0.579509188773514,0.565379617754329,0.562602425221043,0.555846535844179,0.577890126606616,0.564125628852022,0.592461552663631,0.571777133308484,0.571024394045575,0.561220169984821,0.568109031047587
2019-03-23,487c170da059857d,8d70694ceeb0dc9a,4c2d90e335e6df19,8e1f36476ef02a6a,Alexis Davis,Jennifer Maia,0,0.457570015088196,0.462362514110621,0.469117878512903,0.487662747492421,0.489005573545986,0.464066404504521,0.470478286932749,0.451323086737873,0.462339400111893,0.477768313673731,0.48086751726222,0.474716329448727
2019-03-23,487c170da059857d,971b3d35c302cf8f,7c7332319c14094c,9ba2226646046b63,Marlon Vera,Frankie Saenz,1,0.626511809200768,0.625712457285648,0.60381199813076,0.655495378311083,0.639511080074916,0.638499138905731,0.614694420837749,0.614894113854574,0.589420420435548,0.649720006878935,0.629854389940382,0.633636858600861
2019-03-23,487c170da059857d,721b23d896a44e2e,d76ad9a08c4408ff,d9c6f19f958643e9,Bobby Moffett,Bryce Mitchell,0,0.473916681252293,0.475233320232195,0.479685711924092,0.471576301745577,0.474665463474554,0.471606548903293,0.476677916461088,0.473770263856261,0.47972483558296,0.469703449157362,0.47392310395946,0.474325699661722
2019-03-23,487c170da059857d,55b53fdad307b708,6a740daf1b279661,6fd953151d981979,Maycee Barber,JJ Aldrich,1,0.487222196917467,0.487324386762052,0.489605183039102,0.503891265907577,0.503467597559919,0.492955682931905,0.494215774755899,0.478045260926097,0.483031220183944,0.498401722545916,0.498624764301716,0.496095320691983
2019-03-23,487c170da059857d,3812b265afd78186,2844b047183a1adb,b93c06d09d1c4ac0,Luis Pena,Steven Peterson,1,0.673977058920564,0.668809171241159,0.640216514362521,0.652782424626694,0.637043949627912,0.66735494738434,0.639152764584554,0.673784667627181,0.63656330536187,0.659729736791045,0.638692566503074,0.654034382132103
2019-03-23,487c170da059857d,eb096b0196a7ff65,aa72b0f831d0bfe5,b102c26727306ab6,Deiveson Figueiredo,Jussier Formiga,0,0.514182156754478,0.511636568863958,0.509542628513632,0.509472777521905,0.508441585270629,0.510626819303606,0.508726127255589,0.50643048893788,0.504968936533749,0.511537366866954,0.509927760632548,0.511046656412318
2019-03-23,487c170da059857d,ced0e31df74f27d6,25af5e832f17b474,c21a036b4e012f1c,Jesus Pinedo,John Makdessi,0,0.104219570797349,0.116306538166632,0.159376317924385,0.0981246371075909,0.121669442761709,0.092870422241241,0.133384843924694,0.0864460811736347,0.139207956145826,0.0940843054638696,0.124694776369419,0.113459273476276
2019-03-23,487c170da059857d,9532ebf4d9405e65,ce1e867808ef5fce,fa6796c55d6c5440,Justin Willis,Curtis Blaydes,0,0.26036210566913,0.268238538652703,0.305139809617463,0.30160438839882,0.321203621310964,0.275900345678664,0.311680988849036,0.263029127720196,0.310860790683463,0.290027939302032,0.316411062198021,0.29266415494622
2019-03-23,487c170da059857d,56ae02578b1163ee,4a28cb716c19157a,cbb682f5fcc44bfc,Stephen Thompson,Anthony Pettis,0,0.479691839314666,0.480803764572958,0.484256424160608,0.488720462979949,0.489948232848532,0.478763088239176,0.48255891784937,0.46251593556341,0.471014228866095,0.479783939207641,0.482602670708555,0.485292969014943
2019-03-30,9649d75defe0dedb,3db15d45e8490c22,ab2b4ff41d6ebe0f,f57dd0bfa8c17813,Alex Perez,Mark De La Rosa,1,0.738684755915714,0.73096851299395,0.694158021118676,0.710090639500602,0.689607838486481,0.724353261799973,0.688542649773685,0.72870324129502,0.682105948507969,0.71654896701312,0.68954341256751,0.712503090748047
2019-03-30,9649d75defe0dedb,b695fc80bd538172,70d2329a92864fdb,b4192a975027aab6,Sabina Mazo,Maryna Moroz,0,0.722084764429521,0.713390583283211,0.678692864217568,0.70792843156222,0.687605287422432,0.721361423099402,0.685906854962455,0.736394004210769,0.688646730212991,0.714756523133498,0.687918594961832,0.703540058107164
2019-03-30,9649d75defe0dedb,93a081342561d0c3,a4de54ea806fb525,e7bba7ce4d6c7b07,Ray Borg,Casey Kenney,0,0.624542107136182,0.617616433253555,0.597039993562716,0.610908357987781,0.599171113185355,0.622080720696252,0.600902809906264,0.634252959333732,0.604768683090889,0.618916920851882,0.602831558884292,0.610757811080229
2019-03-30,9649d75defe0dedb,7dc3ada8f2135477,3a46b268013afede,6ac9bc2953c47345,Kevin Holland,Gerald Meerschaert,1,0.714408455844933,0.705767946505147,0.672042681993168,0.700943821924786,0.681147951501707,0.710455317555861,0.676343416270511,0.716958736352293,0.672202881481646,0.706531652795391,0.680482050274989,0.696496578199497
2019-03-30,9649d75defe0dedb,6173056f0e080ca6,be0b310a12eb80b4,cf946e03ba2e7666,Enrique Barzola,Kevin Aguilar,0,0.725417384401208,0.71777835039932,0.682535824157972,0.682073172039116,0.663784569228059,0.707596944589117,0.67384812410661,0.725297176458506,0.679223589507415,0.692862312171621,0.668188795717268,0.692615173652965
2019-03-30,9649d75defe0dedb,b7ff74563d034519,4f732e58ed907eff,f046d724d2a84ac5,Ross Pearson,Desmond Green,0,0.0851129685713641,0.0919435802245767,0.132627624077689,0.119578699434824,0.144419974691549,0.0973407179977859,0.138393408809124,0.0886180062373073,0.141745079546512,0.108521201637568,0.140390753039618,0.11411553968356
2019-03-30,9649d75defe0dedb,f5a038c18f7a44fc,8f382b3baa954d2a,cd2c4d30c6e13b47,Jessica Aguilar,Marina Rodriguez,0,0.362103893641811,0.368126533847135,0.3910218843225,0.371988333792236,0.385403298216019,0.362452895297682,0.386107562266395,0.34794158387908,0.380994012566874,0.364834260666084,0.382944442292866,0.374759077586353
2019-03-30,9649d75defe0dedb,818b55b087013e64,0d62719b1dcf7c40,94426bb170c88115,Sheymon Moraes,Sodiq Yusuff,0,0.486116028094369,0.487737749116899,0.489944212011092,0.478131380009899,0.480509885067594,0.484887434340581,0.487589815530813,0.48702985896396,0.489977091565212,0.483136580753702,0.485488477381096,0.483053071028123
2019-03-30,9649d75defe0dedb,1d8ee477e682a8fc,8667caa0451d245b,eabf206b162b3b83,Kennedy Nzechukwu,Paul Craig,0,0.777683568533806,0.768224197271965,0.72762838102841,0.752990298972607,0.729732120769297,0.768829709767642,0.728441572099444,0.782732457213262,0.729154534231674,0.760991770197473,0.730371031844379,0.752270902573229
2019-03-30,9649d75defe0dedb,b70e72f23446520a,d7c3816669784109,eb04b9d31e938edb,Karolina Kowalkiewicz,Michelle Waterson-Gomez,0,0.489503165147762,0.49229634245649,0.493682785694597,0.508155780999527,0.507267908667538,0.497254088608447,0.497745320167019,0.486376707099407,0.489472258498163,0.50632232704176,0.505440108316981,0.499206984480555
2019-03-30,9649d75defe0dedb,5c70b175f08ca141,511e82663651438d,fba03cd6cc28dc41,Michael Johnson,Josh Emmett,0,0.557459795461873,0.555642938182368,0.545689539124275,0.551147658075951,0.545611511146567,0.556972277223929,0.546846274954756,0.566226840744486,0.55129470414869,0.556966671867217,0.549072137345684,0.550994730542182
2019-03-30,9649d75defe0dedb,a0163cdde4ec785d,0a1942069c9ad6b6,d2c55d1d2e67773b,Jack Hermansson,David Branch,1,0.785174427779361,0.776540139704648,0.735247910914691,0.751924954627961,0.728725743850223,0.770395832279994,0.72987386056111,0.786185585287045,0.732259768024226,0.757427852392522,0.727054842718191,0.755447091268773
2019-03-30,9649d75defe0dedb,b309cdde35310875,64a50dad704d1d49,9e8f6c728eb01124,Edson Barboza,Justin Gaethje,0,0.533646869013125,0.534779532317735,0.52853454059935,0.562586303379661,0.555832122649942,0.542577015446808,0.534987654673578,0.524733776488383,0.519118027367285,0.551968318733385,0.544757974232616,0.545788057609341
2019-04-13,b0550072e5f0afa7,79da0eacafb22f86,325ad0dd9126d3df,cc351e408bbb7d43,Randy Costa,Brandon Davis,0,0.37516754021971,0.382597315691928,0.403138553917872,0.433565208026065,0.440726562332181,0.395503261349029,0.413784561135865,0.364956799953186,0.394602034552783,0.414140139455115,0.425931816784342,0.41057634052973
2019-04-13,b0550072e5f0afa7,75e580d5ea37c519,5c126c6aac3ef364,f923e012414c883e,Poliana Botelho,Lauren Mueller,1,0.474764549013224,0.475644074842376,0.480022800055635,0.473627010465187,0.476494022089449,0.47701179268973,0.481120008372947,0.475639274006941,0.481170508378604,0.477048639667298,0.480247946685347,0.475709225437316
2019-04-13,b0550072e5f0afa7,8da5849a6e7307bf,cc1a8b4b38b92c6d,d0e50a3d1b250708,Montel Jackson,Andre Soukhamthath,1,0.765026289069732,0.756114207591902,0.716635095412982,0.732544573423715,0.710510862148548,0.755067701117704,0.715941298683839,0.770221094222296,0.718012586608027,0.74421835442347,0.714831631280686,0.736154964298216
2019-04-13,b0550072e5f0afa7,23fd92555246d61e,b1b0729d27936f2f,f1928a52590c5532,Belal Muhammad,Curtis Millender,1,0.464082765744346,0.463137524131875,0.469754550981541,0.462343466667622,0.46643044213868,0.464726954455151,0.471021564091291,0.470460098393105,0.477163861945691,0.464107793375348,0.469102831839483,0.46536502613975
2019-04-13,b0550072e5f0afa7,2456c4550c26e5e8,98e946879ba20c0f,b4537562f88ac582,Boston Salmon,Khalid Taha,0,0.475754146074046,0.479501544134198,0.483188042857317,0.490135000084688,0.491208870763927,0.475550516722869,0.479919271190588,0.467592510375245,0.474944645730049,0.479911043903207,0.482712083842655,0.484192644515435
2019-04-13,b0550072e5f0afa7,bf719cf83cab229b,7f0f171414d0a287,b0d6a1d8ac3d563d,Zelim Imadaev,Max Griffin,0,0.606768608900769,0.603718250311672,0.585455095982313,0.621737382673394,0.608931541739497,0.615036848428508,0.595009681526311,0.608476478216306,0.584358692089488,0.620904702431156,0.604568255725953,0.607950665921365
2019-04-13,b0550072e5f0afa7,c6b040021b4ceb0f,5aedf14771ca82d2,a0f0004aadf10b71,Wilson Reis,Alexandre Pantoja,0,0.402040519666121,0.407418763515919,0.423795267824023,0.413067296838502,0.422370448318489,0.406074675207869,0.42257870710157,0.399096598538358,0.421599247815019,0.41078988937328,0.423025795373895,0.413109014820986
2019-04-13,b0550072e5f0afa7,31b283a5559ad44d,4d8fa64202cee4c1,dccb63727f2f5f74,Jalin Turner,Matt Frevola,0,0.7340389235132,0.726400740381996,0.690121022391089,0.725853942590212,0.704261107357984,0.727934920672252,0.69170531497729,0.722558872380115,0.676912522997893,0.727831880195626,0.699807148025393,0.718010910522118
2019-04-13,b0550072e5f0afa7,d22c19fd92426567,1091d4d957141094,50db8711c70196cd,Nikita Krylov,Ovince Saint Preux,1,0.497169012213095,0.49762354724668,0.498051288091932,0.517039159460564,0.515185138882302,0.501582809570758,0.501299649007098,0.49279477735217,0.494432383351474,0.508905956831704,0.507663322297763,0.507012650820488
2019-04-13,b0550072e5f0afa7,7dc87736c304b3dd,8be158ca1e5ea6a0,cf65d56b0755ed3b,Dwight Grant,Alan Jouban,1,0.66424902905684,0.658173637847733,0.631170230460635,0.646793190285528,0.631603760039999,0.657535425907928,0.630795167947456,0.665037007967845,0.629467671827087,0.651127936337188,0.631095696640731,0.646587133127718
2019-04-13,b0550072e5f0afa7,e0d92694d8a2d38b,749f572d1d3161fb,cad24459b28592ca,Khalil Rountree Jr.,Eryk Anders,1,0.238816674871457,0.245927054193309,0.285206569814164,0.265480110836173,0.287640347506405,0.249317000666039,0.288010522034883,0.238655855767166,0.289795321972503,0.257654695315631,0.286893239390374,0.26476406425558
2019-04-13,b0550072e5f0afa7,9bfda7c26578aaac,1338e2c7480bdf9e,8c0580d4fff106c1,Israel Adesanya,Kelvin Gastelum,1,0.617199607897274,0.613676118901987,0.593750543632823,0.589645610369849,0.580062830917595,0.602133628510525,0.584247439757611,0.615491880399523,0.589892520161324,0.592760844203598,0.580056146345864,0.597052906920585
2019-04-13,b0550072e5f0afa7,87126427cfcaee52,029eaff01e6bb8f0,150ff4cc642270b9,Dustin Poirier,Max Holloway,1,0.322640061695585,0.334045265191381,0.362215836009449,0.336439498542592,0.353143516406845,0.326077275775798,0.355235481975063,0.303671673767551,0.344965804008257,0.32994295295784,0.352155384509157,0.339136066874743
2019-04-20,7dcf06c1967801c1,75bc89630027c601,31d7446b184e3305,c814b4c899793af6,Magomed Mustafaev,Rafael Fiziev,1,0.561598801202582,0.553587082950407,0.543997090527674,0.489559994361419,0.490696428400105,0.536951150821105,0.530358679792813,0.579137563818162,0.561357073025813,0.510122511406545,0.508710202686742,0.522993280398657
2019-04-20,7dcf06c1967801c1,56f984ac83fb34cc,0d65c432720accb9,af997f7611673880,Michal Oleksiejczuk,Gadzhimurad Antigulov,1,0.571985850735574,0.575187693971475,0.561807801695736,0.619646280769054,0.607045126151419,0.582058464888552,0.567577201753219,0.546369985264537,0.53587151563443,0.601234366330928,0.587419854133453,0.591250950575232
2019-04-20,7dcf06c1967801c1,0bc7e4852f75a06d,2f5cbecbbe18bac4,c9cf753cfdf77fc2,Shamil Abdurakhimov,Marcin Tybura,1,0.463816947286572,0.465393575213957,0.471607633202982,0.457157369566344,0.46180281567346,0.460963810127645,0.467926059463752,0.469368766035714,0.476319358541709,0.457656965068095,0.463543361725075,0.462716549267234
2019-04-20,7dcf06c1967801c1,d9a797f632686568,c3ded6f7155f9ea4,d06f8869449ba7bd,Alex Da Silva,Alexander Yakovlev,0,0.651313721756091,0.647482946105103,0.622120557288869,0.684535172961028,0.66604343248392,0.664485168551123,0.636706297163074,0.639029745638767,0.608576061551374,0.675236444403932,0.652448237787652,0.659398039538273
2019-04-20,7dcf06c1967801c1,23ba354e606df0ac,65ddc8a9ac4e8531,e70de1859b7ee78e,Keita Nakamura,Sultan Aliev,0,0.537736234632458,0.535535929367059,0.529155798623522,0.523293296501899,0.520760205892343,0.527044265294477,0.52221315348686,0.530364656242575,0.523474347885442,0.520698115350964,0.517812292555927,0.528471155487429
2019-04-20,7dcf06c1967801c1,1b4374c9d7e5139c,76e2870ffafbe38f,a68575214ecad140,Movsar Evloev,SeungWoo Choi,1,0.519486887221653,0.518716065400479,0.515349647662539,0.527420978477221,0.5244404186342,0.522969323238255,0.518864475201873,0.519739177244004,0.515255618000852,0.525602590067801,0.522034697733086,0.522193360060006
2019-04-20,7dcf06c1967801c1,e458ace6a440b738,4e06913c91da5200,70fa1c64a2c439ef,Krzysztof Jotko,Alen Amedovski,1,0.46443075658301,0.467472290288598,0.473314717199532,0.477060173804392,0.479554917184368,0.465637360481111,0.471770284200258,0.461072074890802,0.469895926185133,0.471448330581958,0.475425836222571,0.472686220007286
2019-04-20,7dcf06c1967801c1,a40c70d5a1a1be01,4498b382c65a7faa,d7338bcb141abd2c,Roxanne Modafferi,Antonina Shevchenko,1,0.314411570710472,0.318596209163799,0.34900990246334,0.321707600936679,0.339680660697996,0.316912132050744,0.34737331705392,0.311456853332561,0.351376389124906,0.319288389738035,0.342674813487567,0.328090893948507
2019-04-20,7dcf06c1967801c1,2a2b00e9bfd089cc,ac29d508d78384c9,f14cf73e51b29254,Marcelo Golm,Sergei Pavlovich,0,0.344311833509938,0.350778303869765,0.376410410796091,0.357422114583434,0.372220050815315,0.345391530556572,0.371688841071107,0.337040563840923,0.372212140730176,0.348542565568576,0.368613715096572,0.359438265531922
2019-04-20,7dcf06c1967801c1,103a7d8c4f17714b,275aca31f61ba28c,eae48ff31db420c2,Islam Makhachev,Arman Tsarukyan,1,0.64529655205479,0.643711936825739,0.61893813360042,0.642767830613413,0.62795216562858,0.643943093792735,0.619286054222423,0.639109984139503,0.608640089663905,0.646517678130604,0.627033205593324,0.635865918666334
2019-04-20,7dcf06c1967801c1,470a3c1b89504258,98c23cb6da5b3352,b4ad3a06ee4d660c,Aleksei Oleinik,Alistair Overeem,0,0.351206697704323,0.35486087504908,0.379858012485226,0.33717916890278,0.353817887428562,0.344281900372119,0.370747512010105,0.358002452824297,0.38905406578342,0.33824907360948,0.35951901534304,0.352632004715442
2019-04-27,c912f676692c353a,7c13de66ce543d84,523fa774700d7d3f,e9213f53ddeca978,Court McGee,Dhiego Lima,0,0.797089280947428,0.784210543600639,0.742330262202539,0.737721844455748,0.715360126444563,0.769692669388464,0.729230531950035,0.801775795663451,0.746454547973286,0.747252348305356,0.717629891952981,0.754770212074284
2019-04-27,c912f676692c353a,c300085cc08357b5,411539901068522f,f0feeb2192937424,Jodie Esquibel,Angela Hill,0,0.66734428528771,0.658963658375567,0.631840669872747,0.623286191675721,0.610329279093831,0.659485877845235,0.632452244810195,0.676844875303046,0.639054578661048,0.64398497133877,0.624804030492057,0.636683168011231
2019-04-27,c912f676692c353a,3b6c18a966a2cea4,d1941565abf50b16,e45cfa47f504033a,Jim Miller,Jason Gonzalez,1,0.41056820802494,0.41830425435521,0.432811903325416,0.472263824363998,0.4752785268089,0.433734139435956,0.445484595720987,0.399556399731189,0.421960484930562,0.456325558445934,0.462395546515184,0.44568010143792
2019-04-27,c912f676692c353a,c2bcdcc472228768,23024fdfc966410a,fb3e61720be4690c,Gilbert Burns,Mike Davis,1,0.615884351365499,0.611531883652704,0.591962194564524,0.580782845281202,0.572117109013826,0.599451701122698,0.58201547744378,0.613106404809177,0.588009185337252,0.587796001418434,0.5757473789302,0.592160096434889
2019-04-27,c912f676692c353a,f08ccad48500eb2b,7dda2cf308f24a02,d910665038efc639,Virna Jandiroba,Carla Esparza,0,0.444960214940897,0.4488427364014,0.458002583685591,0.45949605626855,0.463889856648193,0.447470253755727,0.456815847575394,0.43255373642222,0.447756192043081,0.451112658959129,0.457900086234997,0.4552845658864
2019-04-27,c912f676692c353a,3256d907f58af95e,3738e68d2261e60f,441eacbe20e0e80b,Andrei Arlovski,Augusto Sakai,0,0.384260354185671,0.38945327647233,0.408859062749719,0.37585050624595,0.388891426302142,0.385671942510045,0.405582582622415,0.392087821182197,0.416085807638514,0.379793502031198,0.396041858237495,0.386787600680069
2019-04-27,c912f676692c353a,80e68a6453e15ab9,484acc7b0f856ce9,8abac218746e04ca,Ben Saunders,Takashi Sato,0,0.218094270130858,0.22678263146435,0.267803754608014,0.24121662487045,0.26478560874855,0.228414809783163,0.269037035667631,0.219879402170395,0.273185335910444,0.237986341542344,0.268676613416129,0.242834672596392
2019-04-27,c912f676692c353a,721d870849de4a57,37c5366d18ed6c05,e7f51d9f9e9259e7,Roosevelt Roberts,Thomas Gifford,1,0.53715818007785,0.537162281356015,0.530491734165479,0.534403138733194,0.530667284829543,0.536381169927349,0.529889845119618,0.540909529808973,0.531639204434326,0.536401289197628,0.531335803162295,0.533613857037051
2019-04-27,c912f676692c353a,bcb697c4317f0997,65f09bacd3957381,c268b2cfebccf652,Cory Sandhagen,John Lineker,1,0.435382135089015,0.440564450470284,0.451186897788346,0.432452470191811,0.439731283315994,0.431296634900227,0.4434711564066,0.429055084263676,0.445031679323589,0.429218956249863,0.438990324741523,0.437756729616245
2019-04-27,c912f676692c353a,bda97d9a44a89d52,7ff97850e8c32bda,cd13728ae1151f46,Glover Teixeira,Ion Cutelaba,1,0.423198633285803,0.430082354030574,0.442543845893111,0.431524025916313,0.438900748620231,0.427058688869287,0.439968364431226,0.41632710841888,0.43510043855119,0.429005639100375,0.438805808696251,0.431759005080403
2019-04-27,c912f676692c353a,3286d8406eff5c85,57b10fca4f9c9a7a,f2b6fdb20675b11c,Alex Oliveira,Mike Perry,0,0.590581083653022,0.589190194575159,0.573393392318807,0.586764300476556,0.577478538992727,0.586978685288066,0.571655426630353,0.583616595633492,0.564855562721695,0.586890138475585,0.574961658301611,0.583438323373503
2019-04-27,c912f676692c353a,c68e57c19c82d500,75afb06215a07341,85073dbd1be65ed9,Dmitrii Smoliakov,Greg Hardy,0,0.1835750746167,0.193730420457632,0.236983533318365,0.205362545555487,0.230448240356736,0.19430590220902,0.237247696422867,0.184238321655475,0.240545472858347,0.20262987797821,0.235275188499976,0.208203142788047
2019-04-27,c912f676692c353a,f0ca713121289d24,0a1942069c9ad6b6,7a703c565ccaa18f,Jack Hermansson,Jacare Souza,1,0.457758672304059,0.462169372039592,0.46895920429882,0.493955871184144,0.494613904597208,0.46593625562136,0.472016082843728,0.450496287255856,0.461698037804829,0.477735663871856,0.480839409353058,0.477859935201782
2019-05-04,351264d11286d09a,16a05f3c4a765f65,56709e66f1c6008f,b8592b4a383696cd,Cole Smith,Mitch Gagnon,1,0.607896251585631,0.603593656137861,0.585351454335179,0.58844941769847,0.57898981242815,0.597216113071993,0.580156194133963,0.609766009750806,0.585374801661044,0.591686790369056,0.579123671969624,0.592185634976604
2019-05-04,351264d11286d09a,0bc354fbb6e99ab6,7e511f8d842a109d,83b00f7597e5ac83,Arjan Bhullar,Juan Adams,1,0.353330324445056,0.359921359248718,0.384123501426396,0.38491640032252,0.397068142979036,0.366015118743271,0.389105778542771,0.346934998688401,0.380185295493538,0.377449031932982,0.393992738842452,0.376970928236017
2019-05-04,351264d11286d09a,a3731057c8775716,31f8081c7600da93,5b8ba8f5512893b1,Kyle Nelson,Matt Sayles,0,0.372609698019068,0.378220214574959,0.399479816936132,0.406662382361655,0.416624098061076,0.388324999971249,0.407798321431384,0.369386231081935,0.398126343171134,0.401547577125145,0.414999160495508,0.396442151691551
2019-05-04,351264d11286d09a,003c84fc7c3fa028,49858bf46dabf6fb,873626e5547b5235,Nordine Taleb,Kyle Prepolec,1,0.511022070683788,0.509431286373914,0.507734018206509,0.494927918313295,0.495480136899721,0.504223356383522,0.503467831878058,0.516235037084144,0.51254655828616,0.50129904473445,0.501117760969317,0.502532793999186
2019-05-04,351264d11286d09a,c936527df280b8b4,24656ef4d605c96f,37098a6e6c27fb66,Aiemann Zahabi,Vince Morales,0,0.37261810572988,0.377771587302083,0.399104518445528,0.382521654790971,0.394909745395425,0.375509251291059,0.397077744897057,0.36965035367023,0.398336271917542,0.380533356019572,0.396688245556124,0.384734813134071
2019-05-04,351264d11286d09a,3011439ecaf74180,539ed332b3078821,9cdd2da1a9104a0b,Sarah Moras,Macy Chiasson,0,0.206641046316561,0.214505191831409,0.256478627064984,0.222743660153263,0.2471863122262,0.215643796303519,0.257264458103495,0.206502120139405,0.261119147465282,0.218500795945224,0.250382023802346,0.228153250345979
2019-05-04,351264d11286d09a,a6cc776330194937,8e9eb3fc86db0f7d,fccf811c1e8b01c7,Marc-Andre Barriault,Andrew Sanchez,0,0.57723198228509,0.572875268676891,0.559897811300837,0.569504971027328,0.562019838010785,0.576429291369356,0.562916703887858,0.582691349595406,0.564132523832198,0.570383716888427,0.560666009298825,0.568938377519459
2019-05-04,351264d11286d09a,e939acbd9894c686,03f982ca3735070c,e2f6b2769aaedd6c,Walt Harris,Serghei Spivac,1,0.365358576647747,0.369050977098636,0.391797773992951,0.346388670509994,0.362202447157301,0.356986654725502,0.38149882857747,0.372860259589019,0.400885602470737,0.350605506329133,0.37043251683842,0.36363304330081
2019-05-04,351264d11286d09a,e6b2d6d33968c66c,7b433309b0fd12aa,c03520b5c88ed6b4,Brad Katona,Merab Dvalishvili,0,0.485049528451749,0.485453673127711,0.488070812262257,0.513923921265517,0.512408539101281,0.499873515914431,0.499896143704519,0.496365722335424,0.497191780877516,0.509377244711703,0.508068876173154,0.499994138923607
2019-05-04,351264d11286d09a,feaf740e3ae53b7c,98d961097baaf308,d247691a6c0e9034,Shane Burgos,Cub Swanson,1,0.450003752366226,0.455009768976288,0.463075006138314,0.486592736552359,0.48805193563184,0.45989297912463,0.467044997744639,0.440201780688347,0.45370480478737,0.476124953696529,0.479452710002997,0.470744253245998
2019-05-04,351264d11286d09a,ad59540382d5b7f6,34f88592c0ab7a54,b1a3e0aca758b322,Elias Theodorou,Derek Brunson,0,0.617533476475232,0.615837344410858,0.595554268147434,0.621411859497538,0.60863782822445,0.617496074910028,0.597065629689725,0.612252572394576,0.587335501104373,0.621564434918065,0.605144854478175,0.612683445702611
2019-05-04,351264d11286d09a,73eff675e2aae30c,1d00756835ca67c9,59279a7c978f7da0,Donald Cerrone,Al Iaquinta,1,0.602945581941655,0.601543958558291,0.583646963695339,0.590051626628253,0.580427082927524,0.594095034096556,0.57756227842482,0.581108893415354,0.562896325604799,0.593088213519404,0.580340401832955,0.590692093846654
2019-05-11,9de7c97e1c0d7927,e4bbec619aa04dea,36541f1e6c5d4955,5b2325cd70dbe2ea,Viviane Araujo,Talita Bernardo,1,0.55786240983205,0.555660740027574,0.545704196406581,0.566586212171379,0.559408866927566,0.562473373531062,0.551384412014581,0.55727809255694,0.544337051920732,0.565416802092016,0.556371571816879,0.558707324611297
2019-05-11,9de7c97e1c0d7927,1218cba28d4dce94,225def29ecfe0fc1,b9f28e7045fdfce7,Carlos Huachin,Raoni Barcelos,0,0.617885935432635,0.612326574842024,0.592624850795477,0.604799477963623,0.593674022050473,0.612699639369402,0.593057207223875,0.615833788462313,0.590162599149353,0.603859695227288,0.589704024980232,0.604724034973365
2019-05-11,9de7c97e1c0d7927,707cb14717df5960,528b071cf3da7c56,b1e5bcaad32a3cac,Luana Carolina,Priscila Cachoeira,1,0.857668172727694,0.849121220396899,0.804827816967926,0.837257543908476,0.811474651466845,0.851090632501997,0.807108251578978,0.858662274947374,0.801249147714504,0.844432346356398,0.810846487798388,0.833726803114476
2019-05-11,9de7c97e1c0d7927,0febad4c4a3d69fc,73c7cfa551289285,c47df9303d318c67,BJ Penn,Clay Guida,0,0.311171557566753,0.321136925140452,0.351188863600144,0.32392715454358,0.341712982479994,0.314517916761257,0.345313232811916,0.304858793790579,0.345945609811761,0.316158571951829,0.339881977573289,0.32767288368947
2019-05-11,9de7c97e1c0d7927,2b038a467a89c73c,1bcaac2d99b90fce,d317a5e2b3f88c5f,Sergio Moraes,Warlley Alves,0,0.367786222555912,0.375572503907645,0.39726405554742,0.382507943248918,0.394897384124445,0.366444315317176,0.389466751373045,0.35889190747521,0.389764677948895,0.371348117290548,0.388654325454052,0.382504652424251
2019-05-11,9de7c97e1c0d7927,017c090e9e8d2957,a7151778b3381036,d945aae53e3e54e6,Kurt Holobaugh,Thiago Moises,0,0.359230535483732,0.363806730285287,0.387392742076343,0.355440235875437,0.370422748138269,0.35554810336791,0.380284296547745,0.354993590470358,0.386647886201862,0.358379448054878,0.377275398667711,0.365326343274977
2019-05-11,9de7c97e1c0d7927,413a4c217ee0193f,73e09f837f3b5ecc,a67f5afa8d6a1b80,Rogerio Nogueira,Ryan Spann,0,0.201240195827308,0.213937859063038,0.255951950020594,0.252455398160586,0.27540638598877,0.2216781092775,0.26284514400034,0.195345786491169,0.250891490199258,0.24174022340088,0.272171780822653,0.239770435563723
2019-05-11,9de7c97e1c0d7927,8cf4836e2b43c241,578ef12674df1e6a,673ea7dcc786b1b3,Irene Aldana,Bethe Correia,1,0.680254186158702,0.671498627599601,0.642511368897907,0.636937090911158,0.622669317212062,0.662483003589172,0.635001416187269,0.688492283167235,0.64858184277361,0.647359710615911,0.627774730441677,0.649345543763772
2019-05-11,9de7c97e1c0d7927,3d941525f5c623e3,31ee470ef5dc8d7f,a12a8314adc1c1c9,Thiago Alves,Laureano Staropoli,0,0.332788311107932,0.341799706258814,0.368807152296095,0.373874155618685,0.387106848566197,0.348966092025617,0.374718164182468,0.316085204294037,0.355171188817556,0.360955395494107,0.379539108101043,0.362016667921951
2019-05-11,9de7c97e1c0d7927,7b53967f282a0d0a,d0f3959b4a9747e6,e1248941344b3288,Jose Aldo,Alexander Volkanovski,0,0.289381424652768,0.301092692930837,0.333915720756984,0.354692723858583,0.369744619082304,0.318638519490642,0.34885713895721,0.295904205421994,0.338533693170937,0.344076545200146,0.364671848814207,0.332042529351549
2019-05-11,9de7c97e1c0d7927,a08dffad240dc3d4,13a0275fa13c4d26,1f454354805b6f75,Jared Cannonier,Anderson Silva,1,0.690376561502065,0.675401598964676,0.645847147838622,0.648324771711118,0.632994121571719,0.675886181156232,0.646445719596445,0.706141821907718,0.663166850773341,0.662229875699693,0.640904968289613,0.6596200203191
2019-05-11,9de7c97e1c0d7927,07c00213ec388e07,47b63240018d5d86,6a1901c62ab3870f,Rose Namajunas,Jessica Andrade,0,0.544071172642763,0.542717508291492,0.535056628509321,0.525827224437724,0.52301936272985,0.536391526049208,0.529898363262971,0.544931383197659,0.53475615775259,0.526448521762116,0.5227630906384,0.532585998345877
2019-05-18,6b8f28da9a483049,115fa6f5f3e51bbb,1291edf2d566a71a,902ec2cc48c8ae8a,Julio Arce,Julian Erosa,1,0.746785824247093,0.737954427751054,0.700358395748178,0.716200836812374,0.695276299985133,0.733215184449063,0.696382668431807,0.755373158454565,0.704995325644077,0.725529579832462,0.697707646887857,0.719372306171014
2019-05-18,6b8f28da9a483049,35f80e003d16a439,4ba8d454f762005d,b27a1fcb56a3035a,Zak Cummings,Trevin Giles,1,0.363167278615229,0.36967663202398,0.392322741480503,0.367441795308632,0.38129324732936,0.364198458318188,0.387577251331297,0.368222702568286,0.397201257634712,0.365726355342134,0.383727070399218,0.373024381887192
2019-05-18,6b8f28da9a483049,f27e8d63f526d326,06f36cf4bd97ec77,e51e5cb722bd47a8,Ed Herman,Patrick Cummins,1,0.521147650103604,0.52002986943401,0.516427506193856,0.508154328391644,0.507266614149335,0.517741165842058,0.514569293545418,0.518354996648048,0.514185438156723,0.511485968484075,0.509883528913734,0.513567616508496
2019-05-18,6b8f28da9a483049,476a6245b43f3119,5bf31a46becc1204,99bd51917728c25d,Michael Trizano,Grant Dawson,0,0.646832596740586,0.642484208144795,0.617903080410656,0.624949077214691,0.61183047871446,0.646615299396698,0.621543537166638,0.655839937713855,0.622046423646551,0.639547693290505,0.620902858063477,0.627880193488799
2019-05-18,6b8f28da9a483049,04c9ebe419195f8b,595db60957de51d3,a6cba6bb66c1a8c9,Michel Pereira,Danny Roberts,1,0.649471487625179,0.641335857117462,0.616935406313583,0.638018920056497,0.623648924724736,0.648422869326673,0.62307197370449,0.655376662887791,0.621673605840697,0.644325818765461,0.62510392338476,0.635462946084877
2019-05-18,6b8f28da9a483049,031647c36d12788f,f046d724d2a84ac5,f1d64ae34e088832,Desmond Green,Charles Jourdain,1,0.733104080010929,0.728107958892361,0.691628311762467,0.695479057771681,0.676107610700939,0.715904373049031,0.681113015250412,0.724583835224515,0.67862101822158,0.703225023205381,0.67750094824516,0.702762187888508
2019-05-18,6b8f28da9a483049,1f5178fe56c5423f,4234f0097c83fa62,d4691518d012b9e7,Sijara Eubanks,Aspen Ladd,0,0.557166836517922,0.55426042201896,0.54455135047275,0.516501499086166,0.514705908157404,0.543893197284458,0.536071017497533,0.568754099491128,0.553262009589537,0.530613700450503,0.526350050112082,0.534035483467995
2019-05-18,6b8f28da9a483049,65c1ca715dfdbe05,0052de90691d4a93,d2cd7a69cc55e7ed,Davi Ramos,Austin Hubbard,1,0.681971781675932,0.676686130873063,0.646946449145454,0.641452344182317,0.626759629016397,0.662576428575395,0.635080934075514,0.68364700366444,0.644609609060897,0.64959451702931,0.62974377971533,0.652326735849983
2019-05-18,6b8f28da9a483049,5782666ca117fa5b,07225ba28ae309b6,6fb1ba67bef41b37,Charles Oliveira,Nik Lentz,1,0.733049055602459,0.725135514944489,0.689005143456491,0.708537406941192,0.68816912256903,0.726336007759345,0.690292461579232,0.737605306631817,0.689681140956334,0.720618930005871,0.693238484291427,0.709044628786317
2019-05-18,6b8f28da9a483049,083a6edd8bb21bc8,6d4b63c767106d3a,714e1e0681ddb703,Vicente Luque,Derrick Krantz,1,0.767396343976977,0.761244806564898,0.721278261007775,0.751886464770983,0.728689394799213,0.75829558440613,0.718859812426024,0.764285707645404,0.712783430783652,0.75561032835049,0.725366737599516,0.746741732236891
2019-05-18,6b8f28da9a483049,4fe799b4fa1afb76,39d91e95949de3d9,a0e75f4a13eb73f1,Felicia Spencer,Megan Anderson,1,0.541939712525641,0.542278023543667,0.534695391792151,0.564263157571364,0.557331389218732,0.547710228953571,0.539213801651709,0.528505948756936,0.522036117748685,0.555256169493658,0.54759549539602,0.550359462807677
2019-05-18,6b8f28da9a483049,9fb9af6599d67b1d,2e585c701f72fe55,52e76bb4b3e852f3,Ian Heinisch,Antonio Carlos Junior,1,0.365757904357771,0.368585477190796,0.391407110321437,0.37478601414222,0.387930320722188,0.37637729887168,0.39780530114343,0.376007274045064,0.403381550817777,0.379975824983425,0.396201159669229,0.377806111034173
2019-05-18,6b8f28da9a483049,d401522de73b7bee,6a2f7c151031653d,ee9ebceabfd16fa7,Rafael Dos Anjos,Kevin Lee,1,0.278543617991694,0.286404476500207,0.32112788976374,0.292280998731593,0.31258858757428,0.285791559122709,0.320373260476685,0.275485305609202,0.321437366350841,0.290538503606592,0.316872469730021,0.296859042056714
2019-06-01,cbc071cb20ea59c7,a4e210bcdcc1bf5b,58bbef3770bb2dfc,c3f6db17cea09ca7,Joel Alvarez,Danilo Belluardo,1,0.517909485291968,0.517576812397467,0.514415049081527,0.506298650452613,0.505612911726722,0.513955045099071,0.511459480507274,0.518856132034477,0.514572880723555,0.509875103111846,0.508497298630134,0.511194046449371
2019-06-01,cbc071cb20ea59c7,a072481f307dc8aa,025f0b1b58fbad01,cc7040fe76f0ef91,Darko Stosic,Devin Clark,0,0.772885563734038,0.764045404652705,0.723821585873499,0.734144991937202,0.712008638855586,0.76094672631206,0.721262904394676,0.779724635371496,0.72646059048334,0.747466041326309,0.717827183843327,0.740801039801205
2019-06-01,cbc071cb20ea59c7,b58972ad7dcf65e6,b60c980f79b87ce8,d6ead04919a894b1,Bea Malecki,Duda Santana,1,0.443240858640989,0.44463033396882,0.454535456729943,0.439974602419898,0.446457066314944,0.441633649393948,0.452004051094526,0.443270603876275,0.456089162766428,0.440619700268538,0.448843711117144,0.444997184870294
2019-06-01,cbc071cb20ea59c7,fedb6a1b15b05694,2816ced060a21be3,764342d39cdaa54a,Nick Hein,Frank Camacho,0,0.443868814478273,0.446352344293209,0.455953051102493,0.448493628919264,0.454068135622291,0.448698954837011,0.457828300982077,0.458202212315626,0.467672540753873,0.447780072794317,0.455024916249146,0.449435032818671
2019-06-01,cbc071cb20ea59c7,e1bd72aba46f46a1,31a13532e724ca2b,9c65736747ca92ec,Stevie Ray,Leonardo Santos,0,0.434865819894369,0.438217874729593,0.449253350787365,0.469362663565039,0.472691427386324,0.450155672032791,0.459028423429925,0.429761093968396,0.44558164656315,0.458640496536889,0.464391184246928,0.455463179137527
2019-06-01,cbc071cb20ea59c7,f993be991eea6016,2eeaefbfc7f9fcff,b12a1d19ee383b7c,Lina Lansberg,Tonya Evinger,1,0.361195495837874,0.365576800197119,0.38888051510673,0.380461341441771,0.393051939420176,0.364249134796489,0.387619904288367,0.363524301729882,0.393460723791569,0.370467602361543,0.387883112803698,0.37846625254713
2019-06-01,cbc071cb20ea59c7,93330422e1f2e0be,1fc64507a0cb38cf,90da09db03e41748,Rostem Akman,Sergey Khandozhko,0,0.488257449142384,0.488323909511996,0.490424957719573,0.492996371389758,0.493758845538393,0.490179624765079,0.491936135583418,0.488304864319802,0.490962527505255,0.491736386458349,0.492889422966943,0.491262396287082
2019-06-01,cbc071cb20ea59c7,c53cb796b4a4cdb8,6e0e977beb909837,fbf0537e420e698e,Sung Bin Jo,Daniel Teymur,0,0.688767863231035,0.682850875680735,0.652232452330784,0.67336013129284,0.655805092157269,0.682621803126376,0.652225968356309,0.690925532986079,0.650581624942791,0.678011098355373,0.654918366044429,0.670971928294492
2019-06-01,cbc071cb20ea59c7,a5acaa5f693529dd,38c626ca912c7bac,de45aaae23dfa392,Damir Hadzovic,Christos Giagos,0,0.461414283369074,0.464804368889325,0.471123706819179,0.49255715607796,0.493367435359058,0.472252365922725,0.477208743383142,0.454013749842954,0.46442602008642,0.484171158938181,0.48637892524565,0.47884667967583
2019-06-01,cbc071cb20ea59c7,2ca4a039c07acd38,87a1dc546b1c5caf,bebb4ae55ac2bf6f,Makwan Amirkhani,Chris Fishgold,1,0.444298843563009,0.446919813629268,0.456420127136295,0.467947446167927,0.471429276897874,0.453461779584532,0.461751335319494,0.444317476677199,0.456902229818618,0.460418630245232,0.465923787192234,0.459088532373546
2019-06-01,cbc071cb20ea59c7,138c8807fef52564,1e1dbd1cc5a7469e,333b9e5c723ac873,Jimi Manuwa,Aleksandar Rakic,0,0.220937641322636,0.227541172170171,0.268499056977885,0.218663566372958,0.24327353774542,0.222710961715532,0.263797052055089,0.230315374304487,0.282461498657905,0.216933269460023,0.248898590935708,0.232952939055182
2019-06-01,cbc071cb20ea59c7,4f9939af9a1d40a3,3c6976f8182d9527,d4c9dcd330403612,Alexander Gustafsson,Anthony Smith,0,0.674788226199943,0.666527915143267,0.638272320579226,0.645873302585259,0.630768955737632,0.658480566488168,0.631597965217948,0.675699129658385,0.638121281665393,0.648224160551591,0.628536209887943,0.651065433496977
2019-06-08,e31502e3f79d00c5,82eb6fa58ae52428,12f91bfa8f1f723b,e872e9a9a902c045,Joanne Wood,Katlyn Cerminara,0,0.362685944541878,0.366989738179901,0.390067406541916,0.374725606571689,0.387875773490712,0.36431332782189,0.387673932575338,0.36058538497627,0.391116800894121,0.369212625568351,0.386783588757823,0.376362740052801
2019-06-08,e31502e3f79d00c5,aa430402314b4459,d3fa5c5955397532,fc9a9559a05f2704,Grigory Popov,Eddie Wineland,0,0.38015958478781,0.384399971344351,0.404643851739087,0.399990942009482,0.410632440669353,0.386286844529899,0.406096287733398,0.3728623098158,0.400887229634677,0.392535536874433,0.407157455008498,0.396705405631047
2019-06-08,e31502e3f79d00c5,a255ed658a2ac9bb,899923ff6ab13917,a17ad5a5048e8c3f,Bevon Lewis,Darren Stewart,0,0.422677701021674,0.425101262734704,0.438430915291611,0.452096542068014,0.457285328573864,0.435356416794382,0.446824158899399,0.426904300783492,0.443355702319688,0.445626086014196,0.45316602291286,0.441510826183095
2019-06-08,e31502e3f79d00c5,97c76d44699f7c93,c41d426cc7326d1b,f0feeb2192937424,Yan Xiaonan,Angela Hill,1,0.671506317221133,0.665503171890248,0.637399678334165,0.647483293341174,0.632230163443443,0.663364180107047,0.635751558912172,0.68191990039078,0.643196816772665,0.65812363493057,0.637272360449631,0.650306709370856
2019-06-08,e31502e3f79d00c5,bf2a9732af50c84c,3974fa35c917af1d,751de04455cfaac0,Ricardo Lamas,Calvin Kattar,0,0.704152833375386,0.693929056613584,0.661776007461768,0.642268321529411,0.627499296317832,0.680634015878945,0.650518014047799,0.715738107168689,0.671179266684466,0.656900986651745,0.636191769919583,0.663367420851567
2019-06-08,e31502e3f79d00c5,a4446299c1f85d74,d7c3816669784109,e8b731feff72294b,Karolina Kowalkiewicz,Alexa Grasso,0,0.412733149335538,0.415182971190144,0.43022881735578,0.422982627987416,0.431255790659709,0.416080556589983,0.430880818539299,0.420487523802002,0.438350249534954,0.420531525354692,0.431470869966151,0.422824289790972
2019-06-08,e31502e3f79d00c5,17753b728e5404aa,6bd02119599741a4,cb696ebfb6598724,Pedro Munhoz,Aljamain Sterling,0,0.391214178024666,0.395957170459613,0.414274890971894,0.391596571990446,0.403083703179749,0.390936503116398,0.409977617291382,0.393212329725247,0.416971315425546,0.391203429199993,0.405996987417604,0.397683092808695
2019-06-08,e31502e3f79d00c5,56403d0fd259c5d9,b08012bbe542592a,d343df8ba11f4c4e,Tatiana Suarez,Nina Nunes,1,0.831227198400022,0.823669126834767,0.779707695843199,0.805816159380224,0.780418685725991,0.818996351211304,0.775477709955918,0.824602971150308,0.767816106305909,0.810898510196338,0.777765315329272,0.804731884777758
2019-06-08,e31502e3f79d00c5,cd2ceb5530529c9f,1788eee370f077b7,c62fbc117d57b943,Blagoy Ivanov,Tai Tuivasa,1,0.308607030276194,0.31362691860251,0.344739607277782,0.329784882273519,0.347069712503156,0.316315364064265,0.346860080530163,0.307519719582723,0.348138818633016,0.32416715256222,0.347021050177331,0.329331508555393
2019-06-08,e31502e3f79d00c5,fe0c844a671dd6d8,9c907996820d2d69,d661ce4da776fc20,Jimmie Rivera,Petr Yan,0,0.41390552146984,0.417407578781056,0.432070023444132,0.431549626699992,0.438923650836624,0.422934101823392,0.436556511925591,0.413324707412188,0.43275287580158,0.426532275345698,0.436665952071198,0.427525552919329
2019-06-08,e31502e3f79d00c5,323dc938d93a849b,1d00756835ca67c9,22a92d7f62195791,Donald Cerrone,Tony Ferguson,0,0.508360760517988,0.509951291154777,0.508160478095057,0.493017091686998,0.493777310544263,0.498571937009133,0.498827414044744,0.496036176135178,0.496937135250131,0.491578297755807,0.492753386040688,0.500394525615614
2019-06-08,e31502e3f79d00c5,4127b45c3d546eef,132deb59abae64b1,f72465a784c1b084,Valentina Shevchenko,Jessica Eye,1,0.765239444192203,0.758328613245521,0.718636597061295,0.744107276991368,0.721357446961434,0.759542847186915,0.719989691070068,0.76675252958475,0.714952483397816,0.751569037221507,0.721620517768964,0.74187825768245
2019-06-08,e31502e3f79d00c5,cf4199c8517bc1fd,056c493bbd76a918,fea79f9bc8c68769,Henry Cejudo,Marlon Moraes,1,0.677388064816405,0.666624184387297,0.638354322659364,0.654318775906805,0.638440865948333,0.673419134691199,0.644333589009008,0.709264843444359,0.665767726796769,0.668217301661278,0.646211628639003,0.656376126163637
2019-06-22,b16a7e6a627e9789,f81f8cfe30e0a1e9,483a953b18d73bb3,b9664eae2ac75262,Deron Winn,Eric Spicely,1,0.738626280131984,0.727012087126607,0.690660564652577,0.720746935673052,0.699503047394699,0.733168915502406,0.696341604444711,0.749453272872628,0.699862692080965,0.726777044916376,0.698844892060816,0.717666446825511
2019-06-22,b16a7e6a627e9789,fa98e2b8dceca9bb,51018a31ddf31eb2,6551c64fbcd1a467,Molly McCann,Ariane da Silva,1,0.463477270149127,0.4671366087125,0.473039069576037,0.457167888899378,0.461812203873683,0.456909479044006,0.464589692859052,0.460702916355607,0.469609972186182,0.45382536850368,0.460239734615393,0.462567601148618
2019-06-22,b16a7e6a627e9789,e4559c3cce6edec1,2cd428e9606856fd,a9d6e047ce48ab63,Jairzinho Rozenstruik,Allen Crowder,1,0.543748920962137,0.541980265201052,0.534450657875451,0.532689518971014,0.529138826062845,0.540204740669374,0.533035409351566,0.545313375391311,0.535052295754736,0.536832525340298,0.531707377485269,0.535775660811329
2019-06-22,b16a7e6a627e9789,ab4862ea4cbd0750,2844b047183a1adb,eb29176b03dfa888,Luis Pena,Matt Wiman,1,0.725586513697235,0.719583380354222,0.684120008948979,0.704739265056479,0.684654714858266,0.716042287865128,0.681233953608036,0.71001069948015,0.666389823179948,0.709457178574072,0.683123628673546,0.703636854056911
2019-06-22,b16a7e6a627e9789,6e9cf53cd87e1b7e,a851c35f58199231,b4c6c904a9ffc5e8,Syuri Kondo,Ashley Yoder,0,0.529767308141191,0.529744072404806,0.524399773848341,0.554204948905923,0.548342183681521,0.539076247269844,0.532106897335399,0.535492287582163,0.527443415041226,0.549847845112385,0.542928479747119,0.539927636574598
2019-06-22,b16a7e6a627e9789,f047e3605f8852d8,82a5152216251682,cf946e03ba2e7666,Dan Ige,Kevin Aguilar,1,0.520345578128284,0.518861530215444,0.515468985001489,0.50634641398953,0.505655476149944,0.516323041694146,0.513404428694661,0.523024654230265,0.517796176045346,0.508129006942453,0.506994746985339,0.512323640566692
2019-06-22,b16a7e6a627e9789,b1da312483a974b3,3a46b268013afede,77d7295d1b22c694,Kevin Holland,Alessio Di Chirico,1,0.611150322790541,0.609494119121826,0.590263725672697,0.619091738825916,0.606545002064613,0.614532732029153,0.594588429541772,0.602409345874746,0.579584271342997,0.616768781164242,0.600955760326002,0.608637003407565
2019-06-22,b16a7e6a627e9789,13129c1f044fdd47,05fa626cb33d15b8,80d8aed0ca9b00f3,Andrea Lee,Montana De La Rosa,1,0.434242645761089,0.434705070213537,0.44635744803101,0.432746124568894,0.439993952054678,0.430167964457739,0.442538546399199,0.429998257474873,0.445766372035421,0.430061638713089,0.439719174807202,0.437382284520532
2019-06-22,b16a7e6a627e9789,8f1b727757a60c07,5f6f049d54728e88,bbc9ab95fa766493,Andre Ewell,Anderson Dos Santos,1,0.413847269709066,0.418856737983391,0.433268937591482,0.4420967602987,0.448353614352529,0.424759600667691,0.438066907722065,0.406124182529051,0.427114450019619,0.435047347058292,0.444029582027086,0.432614445687738
2019-06-22,b16a7e6a627e9789,4096b302747d47b3,a331233f597090a5,c6aee362c7a7d482,Bryan Barberena,Randy Brown,0,0.406230824040096,0.40932603630528,0.425376776954051,0.417078478294188,0.42596642250906,0.408618065133131,0.42469090619011,0.397460739741213,0.420313600765631,0.412629161892278,0.424621412505993,0.416978432201934
2019-06-22,b16a7e6a627e9789,aec1339028f3416c,b6452706b373eea1,c451d67c09c55418,Renato Moicano,Chan Sung Jung,0,0.62217134744292,0.618777213736196,0.598009825065787,0.604137797823431,0.59307897376081,0.612772283685508,0.593117872171616,0.621220594473606,0.594422564555861,0.607206614563409,0.592617961281974,0.606373661838656
2019-06-29,c0c1bc0766df4c00,9ba051e0f5674108,068f8a189a47fea6,c482c8605455a213,Maurice Greene,Junior Albini,1,0.567170539869779,0.565409619677709,0.553737129788601,0.557869198603167,0.551615966708594,0.562578844707114,0.55147145963277,0.574183074509412,0.557491951549922,0.562477182946276,0.553831349129875,0.558688034988502
2019-06-29,c0c1bc0766df4c00,e460bf4db340ca9e,b3d21b2610dcfaeb,beecb672a279223e,Emily Whitmire,Amanda Ribas,0,0.466941721484137,0.469299406452237,0.474814931695169,0.461199310221128,0.465409631239225,0.462656249805576,0.469318374727343,0.468265875238564,0.475465818146113,0.464194543286461,0.469177575501294,0.466104716687526
2019-06-29,c0c1bc0766df4c00,7ce7075951c9aa31,3f7dab21b6c971bc,ce632027bf2a871b,Dequan Townsend,Dalcha Lungiambula,0,0.48006501836484,0.480963546481153,0.484387509181514,0.468845123686241,0.472229874227749,0.475068306362801,0.479523012467104,0.479410651426981,0.484087025295468,0.471435992099767,0.475415210594681,0.475783499108867
2019-06-29,c0c1bc0766df4c00,3f8c6e31ebbe54bc,66e98b3bb5fc5250,7026eca45f65377b,Dan Moret,Jared Gordon,0,0.369091487419412,0.372227173617166,0.39446160233697,0.369111903016444,0.382803509036419,0.372763103420308,0.394774627509274,0.369806444358279,0.398460323635782,0.369239825489927,0.386807423629134,0.376557260288923
2019-06-29,c0c1bc0766df4c00,c0982b3919cc74f0,acb36c908d415c4a,cad24459b28592ca,Vinicius Moreira,Eryk Anders,0,0.362856072910734,0.364547735503196,0.388015689819967,0.372385876799383,0.385762476110306,0.371998720488728,0.394133170031596,0.379128207265814,0.405853553165599,0.373836603050231,0.390832876207323,0.375299346989021
2019-06-29,c0c1bc0766df4c00,8f5d5dd10a167cc0,1ae8f3c723aacff4,78f485f851891d68,Ricardo Ramos,Journey Newson,1,0.642509504627353,0.640966649023549,0.616624381404055,0.642566281464584,0.627769428566077,0.641986038238401,0.617634268698345,0.638631941198323,0.608258660805796,0.645024535950859,0.625718788579575,0.63448890037817
2019-06-29,c0c1bc0766df4c00,c770192a9f3261cd,a495f599e787614f,eabf206b162b3b83,Alonzo Menifield,Paul Craig,1,0.717451699302549,0.707467143153889,0.673522315115604,0.69236425396476,0.673239225392744,0.707755600060016,0.673986508668912,0.725057224272256,0.679020856151871,0.700719276354595,0.67524506478447,0.693747013518384
2019-06-29,c0c1bc0766df4c00,966bf043577f8b6a,519e4fe37ce9ff75,edd02825c29028fe,Drew Dober,Marco Polo Reyes,1,0.618446515461165,0.61216426981233,0.592489499063091,0.607584282357223,0.596179169637063,0.614941923048919,0.594930354492944,0.620154910042684,0.593579073112214,0.610365529877464,0.595370278777432,0.60633783862574
2019-06-29,c0c1bc0766df4c00,2b01da1699f0305f,37c5366d18ed6c05,c77a953488e5607d,Roosevelt Roberts,Vinc Pichel,0,0.696795621890883,0.692213826373425,0.660294499495222,0.695673118452823,0.676286425812163,0.695369745617929,0.663223408864276,0.693044539434914,0.65232591283417,0.694681969378719,0.669820734498175,0.68568250618085
2019-06-29,c0c1bc0766df4c00,5fcf65d4de66c970,427b5953ac8e3a27,5331b25a60417ffb,Demian Maia,Anthony Rocco Martin,1,0.290467996668095,0.30263668191652,0.335253266585801,0.316704992995699,0.33509464190388,0.299990299701823,0.332753931770661,0.269550874674157,0.316413229433832,0.307672885293405,0.332290933634665,0.314415892048469
2019-06-29,c0c1bc0766df4c00,2418af6da44fd361,80eacd4da0617c57,b102c26727306ab6,Joseph Benavidez,Jussier Formiga,1,0.503639145984333,0.500658155599892,0.50053969208181,0.478382355164743,0.480733621098788,0.492264702989638,0.493648369555786,0.508307086544045,0.506419107414564,0.484785533171866,0.486907694613735,0.491122432273469
2019-06-29,c0c1bc0766df4c00,4e71dbef18157288,63def5a5662a6917,8d03ce87ca14e778,Junior Dos Santos,Francis Ngannou,0,0.384523311950737,0.389776843319456,0.409128743940524,0.41880358429251,0.427512334271378,0.39701705770841,0.415045400320239,0.385958756177836,0.411252964270272,0.410151080915932,0.422471482516419,0.407828975664417
2019-07-06,6c9383ffab2725a5,934b44ddcb3d95e6,86d9dbe1bfcbade7,91dac5e69e28d5b5,Julia Avila,Pannie Kianzad,1,0.495302262018933,0.497273218878971,0.49776401404013,0.496843760597326,0.497187405655135,0.490000318087404,0.491788887722389,0.488977773899556,0.491482591601328,0.489367562817768,0.490850983657367,0.496332034892405
2019-07-06,6c9383ffab2725a5,f6a03399c7a721cd,1ddb480b601cefb1,6a96ad1bc34fb113,Chance Rencountre,Ismail Naurdiev,1,0.20525804140987,0.212541220625851,0.254654092021197,0.212070652574349,0.236930085275009,0.207901971755868,0.250054662705164,0.206250927879449,0.260890571029326,0.209445473139972,0.241786818511227,0.222155878023417
2019-07-06,6c9383ffab2725a5,e9f00c16810e0e61,045f25b3a4c08e81,4144798612ef96e5,Jack Marshman,Edmen Shahbazyan,0,0.117093261973641,0.125547013167302,0.169163700586274,0.151195818924238,0.17691262123613,0.129274177949383,0.172764156458493,0.115326816316692,0.171599664832474,0.140387949762286,0.173762456620968,0.147230558316179
2019-07-06,6c9383ffab2725a5,00f4b6184f6315d0,80daefbed11ce998,efb96bf3e9ada36f,Alejandro Perez,Song Yadong,0,0.375005366018289,0.379011913667144,0.40014197435298,0.376346911145413,0.389339543847448,0.376554045925821,0.397953415890261,0.379184386049688,0.405898021614562,0.373989924610291,0.390967052779383,0.382810232904897
2019-07-06,6c9383ffab2725a5,7fe0cec2b0f1c146,4a57ebb14315b251,ec34349e7dffcde7,Randa Markos,Claudia Gadelha,0,0.440880247660134,0.443088783381002,0.453266117449941,0.436587044123861,0.443428804891278,0.440074550430011,0.45071799050411,0.443107599939594,0.455962549612935,0.437809725051596,0.446416524334821,0.442272055287022
2019-07-06,6c9383ffab2725a5,7dc551f8153bd053,7c7332319c14094c,f97c5433c77522d3,Marlon Vera,Nohelin Hernandez,1,0.546063583366623,0.543927816278638,0.536051540256944,0.538978844612725,0.534749324340216,0.541390586563747,0.534011229343943,0.545073610940794,0.534866417337503,0.541717260489885,0.535917200578395,0.539888152202072
2019-07-06,6c9383ffab2725a5,c48af5eafb532d0a,040a74bb0a465c54,aa5b4eff51bdc7d1,Arnold Allen,Gilbert Melendez,1,0.685193022718016,0.680846659741547,0.650512042763257,0.71461318915485,0.693802070155623,0.687753598735107,0.656643749311744,0.667844275575006,0.631740720394438,0.703532184341667,0.677777667829312,0.689912104203203
2019-07-06,6c9383ffab2725a5,feaffeb1af7e82ef,82e7929bf6c2b689,c58f51dedb310998,Diego Sanchez,Michael Chiesa,0,0.317494953725077,0.324039859205611,0.353674941252806,0.309123253325791,0.328129474184809,0.310613911945952,0.341948299177066,0.329673728519757,0.366246439013993,0.303673185668659,0.328702934980687,0.323281500064457
2019-07-06,6c9383ffab2725a5,531d9676d767da66,00e11b5c8b7bfeeb,99df7d0a2a08a8a8,Luke Rockhold,Jan Blachowicz,0,0.69352644881833,0.687326626896239,0.656081130062696,0.688349189730094,0.669546490548067,0.694509555471831,0.662478854626082,0.694294052978421,0.653355691649432,0.695504522735548,0.670558877490616,0.680546195091625
2019-07-06,6c9383ffab2725a5,70af72a72b31fe4d,0b31f87be71ebbb1,47b9e0e7703a4868,Ben Askren,Jorge Masvidal,0,0.297693546127864,0.305192226054763,0.337464444686908,0.311505800308381,0.330320231351352,0.309091753909201,0.340634350534788,0.313493886114195,0.353048024214506,0.311933979532459,0.336106312407844,0.315288601642489
2019-07-06,6c9383ffab2725a5,69c06be4f87ccdab,634e2fb70bde3fd5,80fa8218c99f9c58,Holly Holm,Amanda Nunes,0,0.139177209140153,0.146606268402168,0.19086219983372,0.162296307839571,0.18807888609951,0.148690466909123,0.192670914530785,0.138430600181344,0.195794272019274,0.155174006010737,0.188757962219441,0.164419622293309
2019-07-06,6c9383ffab2725a5,8fcdfee81cc604e3,07f72a2a7591b409,dea070ed4a2a8281,Jon Jones,Thiago Santos,1,0.722966960465966,0.717075269052768,0.681919285997231,0.758389869119844,0.734841463420994,0.735080073182001,0.698038937769944,0.698669079507821,0.656968643746502,0.747990353982837,0.718311368746559,0.729494082916005
2019-07-13,2f8f3c69522db931,358468724d7d4322,37098a6e6c27fb66,773f7feacf96153e,Vince Morales,Benito Lopez,0,0.589473052046145,0.586153903951159,0.570878099592667,0.559547275099202,0.553115606548718,0.576927987733822,0.563329363101516,0.587786252085278,0.568116285764252,0.564869570680007,0.555898614502001,0.569707075407022
2019-07-13,2f8f3c69522db931,2d42ef44ad2470e1,b53c46f613f6f248,dab8cfbb6b1db10a,Brianna Fortino,Livinha Souza,1,0.508177390751903,0.505845959888637,0.504793797642877,0.508925649556101,0.507953994843191,0.509187420633349,0.507544083122104,0.507641650822965,0.505904873805017,0.505836578246143,0.505022130732395,0.508055358020173
2019-07-13,2f8f3c69522db931,ad63c30e22e63344,31bbd39c0a075d4e,f2477cf43c4975cc,Pingyuan Liu,Jonathan Martinez,0,0.478814479314946,0.482316786259593,0.48549766554817,0.503614284338718,0.503220771003115,0.489090026864679,0.491041339513836,0.481302856299837,0.485550039117605,0.501955134932259,0.501682293976698,0.492141669260604
2019-07-13,2f8f3c69522db931,37a8c442fb38db75,8866c6f509c19089,92a9aa9c93192871,Ryan Hall,Darren Elkins,1,0.435863358494644,0.443333522824973,0.453467659596998,0.46805551463389,0.471525660190848,0.4496990502374,0.458652258635171,0.418781922780235,0.437018398051171,0.461071003706796,0.466486021720416,0.455286107921079
2019-07-13,2f8f3c69522db931,60be02c5566c8348,1de9ad94de18eeaf,3253b16d38ae087d,Nicco Montano,Julianna Pena,0,0.465589492939467,0.472141564222603,0.477148145137894,0.479196572626555,0.481459455311371,0.474871522346973,0.479361300678347,0.459576771257291,0.468737565037667,0.481160072277132,0.483787231015267,0.474252110980864
2019-07-13,2f8f3c69522db931,b436dda934059631,0d62719b1dcf7c40,8fd808923cffff82,Sheymon Moraes,Andre Fili,0,0.459566580407297,0.462388747708673,0.469139430266121,0.472728813159052,0.475693145951653,0.465563181347241,0.471709281416726,0.449444301987095,0.460881871586992,0.470926661201422,0.474976579249176,0.468367621988804
2019-07-13,2f8f3c69522db931,9b0de83b4e504bf6,7acbb0972e75281a,dbc17725b887860a,Marvin Vettori,Cezar Ferreira,1,0.581057178432376,0.578314454397855,0.564391821696797,0.560083752546135,0.553595090461661,0.569893225381246,0.557512019732095,0.565153919474362,0.550459833136684,0.562012928107769,0.553430261946099,0.566106629051175
2019-07-13,2f8f3c69522db931,a7cf716f5d73b558,37d5b176d438d2a5,4dcfb28c011c11b2,Karl Roberson,Wellington Turman,1,0.58976846641992,0.589283043743466,0.573470337988818,0.576512010135707,0.568291661162246,0.584092559537813,0.569262655361719,0.57988968716442,0.561944251282439,0.581926300208124,0.570658456449276,0.578073399317983
2019-07-13,2f8f3c69522db931,138cb102906573f2,cbd3e590a85b18c5,fba03cd6cc28dc41,Mirsad Bektic,Josh Emmett,0,0.566014052213102,0.56545629195518,0.553775618133498,0.58187475479307,0.57309549895016,0.574512751937383,0.56133119974497,0.560515499867306,0.546852697702917,0.58043615965434,0.5693673730274,0.56988592308966
2019-07-13,2f8f3c69522db931,75b1533cc3cafae9,5987b2458f4b5290,78114b7199cef90c,Ricky Simon,Urijah Faber,0,0.764244233892487,0.755021722535701,0.715649039180449,0.746040424633277,0.723176782761611,0.754971910121618,0.715854810316081,0.763288745978511,0.711908499011194,0.750395691334777,0.720534701392769,0.742346087977139
2019-07-13,2f8f3c69522db931,edc87836fd998929,1d239d571e342453,d4691518d012b9e7,Germaine de Randamie,Aspen Ladd,1,0.460424089487863,0.461972011799943,0.468797061531606,0.43637328212172,0.443237679516878,0.457370567503713,0.464969203388586,0.471859050175681,0.478246281581888,0.448244529308687,0.455425684796368,0.451021454024871
2019-07-20,9e0f28d1f639ad73,c5259566abc552b1,4bf6b225ff6099c4,dbac0a413af64bbe,Domingo Pilarte,Felipe Colares,0,0.417373069913531,0.423249191135578,0.436900614509505,0.440549959443287,0.44697129539129,0.423627407281675,0.437130210229792,0.413271739156516,0.432711442277779,0.431461210659679,0.440929488304009,0.433481831362397
2019-07-20,9e0f28d1f639ad73,24bcade0007c2246,7c9c6a884be167fe,bc711b6dd95c1af6,Jin Soo Son,Mario Bautista,0,0.496667531662636,0.496841572892037,0.497410057429829,0.498127762427677,0.498331610881809,0.4977880790708,0.498183784155911,0.498216168306459,0.498621634406541,0.499180076084229,0.499294498022695,0.497576551349772
2019-07-20,9e0f28d1f639ad73,bc01ce748a5723df,002ca196477ce572,a4de54ea806fb525,Gabriel Silva,Ray Borg,0,0.493273558487622,0.493030125054575,0.494284534798248,0.497649980981505,0.49790584892247,0.494765842559702,0.495702173400315,0.496455677306419,0.497261290349879,0.496791104215493,0.497238902512371,0.495803919426183
2019-07-20,9e0f28d1f639ad73,dd51d1aed9536da6,4498b382c65a7faa,8e1f36476ef02a6a,Roxanne Modafferi,Jennifer Maia,0,0.507712707449677,0.509055949952121,0.50742620536741,0.498654574414642,0.498801064355027,0.499381474446593,0.499492127546505,0.498039471702101,0.498485100516395,0.499122614903755,0.499245055633515,0.502844843771486
2019-07-20,9e0f28d1f639ad73,f711b3ec6bc3c407,7279654c7674cd24,d156513a19acf856,Klidson Abreu,Sam Alvey,1,0.512573302243893,0.508585531342333,0.507040419627159,0.507771904093124,0.506925810574789,0.516990658145662,0.513952808033308,0.526303416901098,0.520332160808075,0.512574553853974,0.510820340832196,0.509488586822312
2019-07-20,9e0f28d1f639ad73,017e0b7e864b0aa3,578ef12674df1e6a,fc169c387b4b465d,Irene Aldana,Raquel Pennington,0,0.357315788424135,0.36416408630248,0.387693185653118,0.365327407997813,0.379380393179849,0.356344882877426,0.380957083506549,0.349725388382204,0.382426111243185,0.35953451052381,0.378290676394143,0.369300719200942
2019-07-20,9e0f28d1f639ad73,96d33e46267d4eaf,7aa3d6964eff4877,b93c06d09d1c4ac0,Alex Caceres,Steven Peterson,1,0.407862749953082,0.412612861262043,0.428100493257684,0.450930919162332,0.456244598930402,0.425739388728555,0.438877344752105,0.411996060112214,0.431713372997517,0.439453626353184,0.447836590999274,0.434132666465053
2019-07-20,9e0f28d1f639ad73,f065dc596a08a258,3738e68d2261e60f,bd58d34e39b7b12a,Andrei Arlovski,Ben Rothwell,1,0.41163246060714,0.418699941090564,0.433139235168097,0.443065879388244,0.449219575090635,0.427854987733384,0.440626743547037,0.412905321576984,0.432424801070271,0.440928003397981,0.449109963201176,0.432066220448727
2019-07-20,9e0f28d1f639ad73,c92308bbd6107b11,262a7d06203657e6,a8283a4f415e1eb9,Alexander Hernandez,Francisco Trinaldo,1,0.714262981143152,0.70852364571712,0.674443098211374,0.715766239080908,0.694872652719251,0.717996618092589,0.682948908567868,0.702788986895346,0.66038154911117,0.719226632791527,0.691973530436643,0.703762300075358
2019-07-20,9e0f28d1f639ad73,9d6b46a3cf5ec494,193b9d1858bc4df3,6256b2b1562cb8e1,Dan Hooker,James Vick,1,0.536970337718353,0.530780528137028,0.525250696534998,0.495396909957045,0.495898072586748,0.518463306186944,0.515162497621668,0.548485785845656,0.537512351110015,0.50261009871014,0.502245859255664,0.51456054289898
2019-07-20,9e0f28d1f639ad73,88b1d4f951070f83,83b00f7597e5ac83,85073dbd1be65ed9,Juan Adams,Greg Hardy,0,0.439540371421195,0.441846064993742,0.452242627479086,0.461911631521239,0.466045169557927,0.446477251862255,0.455997485675035,0.432516700232989,0.447727361984715,0.455583418744075,0.46175568230026,0.453986070550821
2019-07-20,9e0f28d1f639ad73,15ce105716441c54,03f982ca3735070c,98c23cb6da5b3352,Walt Harris,Aleksei Oleinik,1,0.64622714302949,0.639787422026523,0.615631290075473,0.625302364011885,0.612149483815207,0.638678715031787,0.614845726589542,0.657869811862026,0.623681068556356,0.630873573271149,0.61329194718186,0.627770782562334
2019-07-20,9e0f28d1f639ad73,816662e622987a14,6a2f7c151031653d,f1fac969a1d70b08,Rafael Dos Anjos,Leon Edwards,0,0.497447317866052,0.496528754450842,0.497153540526348,0.492401567690046,0.493228781044319,0.49490561978549,0.495816948704162,0.494176616515749,0.495500201063639,0.493584112212879,0.494479384144145,0.495142799882673
2019-07-27,abcf7e55a0a9ed89,d47fd8fc3886f86c,99bd87a300079ed9,bb61823f76361297,Erik Koch,Kyle Stewart,1,0.287637405762403,0.299065706279482,0.332157885912228,0.335623902250872,0.352399752908192,0.303275649574434,0.335603333581182,0.274162467041138,0.320319712998321,0.320923091126327,0.344132055338121,0.322153504747896
2019-07-27,abcf7e55a0a9ed89,68c77a11b2d308dd,1641ef250e9de19b,38c7f72747f4f712,Sarah Frota,Gillian Robertson,0,0.509924601654337,0.503556845315014,0.502916652988197,0.477736608571107,0.480157955307825,0.498686631742912,0.498921590313701,0.525234950960742,0.519505674107903,0.488096430698063,0.48975709628233,0.493659392173094
2019-07-27,abcf7e55a0a9ed89,bc1787883f9328be,a0f0004aadf10b71,aa72b0f831d0bfe5,Alexandre Pantoja,Deiveson Figueiredo,0,0.44817974965311,0.450183760546513,0.459105926262355,0.454381462275695,0.459325148516475,0.448831675272505,0.457937652914207,0.45256104385759,0.463299548044964,0.451054506643918,0.457849924249716,0.454262354652069
2019-07-27,abcf7e55a0a9ed89,25c4013fc187762a,a68575214ecad140,da816417a579a0bd,SeungWoo Choi,Gavin Tucker,0,0.715527583287434,0.709482843500208,0.675279610740477,0.686021736821958,0.66740825152347,0.704792710783502,0.671404435757315,0.716292429874261,0.671643991964957,0.692397082737271,0.667771776290436,0.689757127279466
2019-07-27,abcf7e55a0a9ed89,10b31e991c2d0d4e,2c9d00968f818270,3fa7688bfe48a493,Hakeem Dawodu,Yoshinori Horie,1,0.623289185047368,0.617930457682916,0.597302324864565,0.578711860560207,0.570261829179365,0.606773429127977,0.588112707900538,0.635245249942139,0.605558898143968,0.59290822350891,0.58018411383404,0.594601207652644
2019-07-27,abcf7e55a0a9ed89,dfa2fda311df08cf,36541f1e6c5d4955,4c2d90e335e6df19,Viviane Araujo,Alexis Davis,1,0.709712340604365,0.702556858553033,0.669250778192272,0.690864400880537,0.671859169102918,0.701055109967404,0.668153924792933,0.707736039506522,0.664493736145858,0.695929671172619,0.670940506718151,0.689351714304186
2019-07-27,abcf7e55a0a9ed89,dbca9f6bb7290c0d,4e06913c91da5200,8e9eb3fc86db0f7d,Krzysztof Jotko,Marc-Andre Barriault,1,0.532779081889027,0.533738188554369,0.527679315007807,0.549304259764397,0.543965393122429,0.533188599272556,0.527264272491962,0.528479388193925,0.522015567547187,0.541240605030957,0.535506327993395,0.538894571039028
2019-07-27,abcf7e55a0a9ed89,7ed98f8d1ffae082,55ee431411ccf07a,eae48ff31db420c2,Olivier Aubin-Mercier,Arman Tsarukyan,0,0.423781696577553,0.425122001215693,0.438448047527214,0.409854468855547,0.419488668705749,0.416625901616697,0.431332749297798,0.438484759741959,0.452370127503306,0.411726434996241,0.42383834212714,0.421435101058686
2019-07-27,abcf7e55a0a9ed89,e186bd5e556f1b5e,b997be68943010fc,d8da10db80131bec,Geoff Neal,Niko Price,1,0.621420257039405,0.615787792593311,0.595512899245308,0.601379535641075,0.590599217579834,0.612053497936898,0.592517676566496,0.628676943044684,0.600334807390956,0.606748913838722,0.592219341073025,0.604688057674976
2019-07-27,abcf7e55a0a9ed89,240e9389cca3bd18,39d91e95949de3d9,634bb0de2eb043b4,Felicia Spencer,Cristiane Justino,0,0.407997315773027,0.412220745897228,0.427775668213292,0.436147525159949,0.443035824700263,0.419595034830569,0.433792337748825,0.396611012307218,0.419645503449372,0.427823523762695,0.437783189820653,0.427045396189487
2019-07-27,abcf7e55a0a9ed89,c4704eab5e2f51b8,150ff4cc642270b9,f2688492b9a525a3,Max Holloway,Frankie Edgar,1,0.549065655366436,0.550202746288385,0.541212056345833,0.581948314733828,0.573161416547578,0.558063103246042,0.547745844038941,0.535797697021741,0.527679889067826,0.571518111735558,0.561647252739961,0.562264245464353
2019-08-03,03da33a102d9a45f,94560d1dc6248347,26e3f3928b1891d9,7559395ad833c074,Hannah Goldy,Miranda Granger,0,0.447611597782209,0.448627426246346,0.457825416358442,0.452430092569772,0.457583122225432,0.449106126622885,0.458163774570566,0.44706349475842,0.459034234096904,0.450420396415595,0.457302923502426,0.453053981287935
2019-08-03,03da33a102d9a45f,f6ab2eec90980ac0,6f7c616b98e18c29,f9a20a17d712ef7c,Claudio Silva,Cole Williams,1,0.609296745751505,0.606904863895229,0.588107076644175,0.591301471515203,0.581548505974484,0.598394953733565,0.58113646984507,0.607459901999448,0.583557998500122,0.593605200273618,0.580789340211772,0.594214228091763
2019-08-03,03da33a102d9a45f,e3acb789f7dcd34c,729d4bd5a6cd0a97,82cbb809d5ee565c,Lauren Murphy,Mara Romero Borella,1,0.246794913176873,0.25255837104451,0.291167909053624,0.263011188384672,0.285327179102869,0.250346871715001,0.288936649020239,0.244324204636901,0.294741435377994,0.255904013007524,0.285281116814135,0.267402243496652
2019-08-03,03da33a102d9a45f,60162c95d921d1ae,215a70f073a7b726,67c1d46f4ed16f9e,Jordan Espinosa,Matt Schnell,0,0.635950713018672,0.631847616598404,0.608956416468456,0.620032821865166,0.607393769261664,0.630264995104188,0.607767518625273,0.630316233205062,0.60163717256814,0.623878275372721,0.607167923953238,0.620455415366832
2019-08-03,03da33a102d9a45f,326de7f7ec9e7035,3cf66c62d9069f43,d7338bcb141abd2c,Lucie Pudilova,Antonina Shevchenko,0,0.634499787989862,0.629177587667809,0.606716176740126,0.623447250120419,0.610474654135324,0.631264633055531,0.608607336307012,0.638534699111662,0.608181082315666,0.62780270834447,0.610602093008279,0.6214501455857
2019-08-03,03da33a102d9a45f,f4bd11655adeb078,9e50097a89442158,cbf1c7ba5408a66f,Mickey Gall,Salim Touahri,1,0.270003235866149,0.282493643760961,0.317702724386619,0.339199531444329,0.355659150859193,0.293714578189394,0.327295303857793,0.256969812147933,0.305671580833389,0.320995280900622,0.344196385612092,0.315202309442455
2019-08-03,03da33a102d9a45f,cd6b799ec79c489a,025f0b1b58fbad01,8667caa0451d245b,Darko Stosic,Kennedy Nzechukwu,0,0.419213717749912,0.422476561408903,0.436262047241308,0.437872611773892,0.444578144988058,0.422453374560875,0.436158670667535,0.411993330136473,0.431711236716385,0.427770694811919,0.437737484520862,0.433025344066912
2019-08-03,03da33a102d9a45f,1d9f862a47540785,98a6b2361045898f,df1eb4354d18a906,Dong Hyun Ma,Scott Holtzman,0,0.261800453922212,0.274674077611928,0.310826988400107,0.325116424187012,0.342801335689898,0.287151330011991,0.321563741734836,0.258664728624961,0.307126144708934,0.307851635446153,0.33245113223128,0.304515874171827
2019-08-03,03da33a102d9a45f,dc49373c52eedaa3,6ac9bc2953c47345,b27a1fcb56a3035a,Gerald Meerschaert,Trevin Giles,1,0.313338093595974,0.319807660015419,0.350049226530633,0.310640143403109,0.32952446935779,0.315608950853766,0.346252333950464,0.31987981527614,0.358273668566524,0.314770500000863,0.338642168603633,0.322126996140611
2019-08-03,03da33a102d9a45f,dbbd17b6995f014b,ae7fe94f117f98cf,b7b84ccd221be298,Joaquim Silva,Nasrat Haqparast,0,0.342363196048784,0.346652851918497,0.372920579857986,0.360172680701987,0.374712979396377,0.349974179590111,0.375571650064756,0.345960347563155,0.379401820851528,0.356529827272396,0.375648850642338,0.359875440164238
2019-08-03,03da33a102d9a45f,e96d929f8207a3e0,c47df9303d318c67,d1941565abf50b16,Clay Guida,Jim Miller,0,0.556768074662138,0.556652533107475,0.546520857731198,0.557362320662615,0.551163035117694,0.551177715065444,0.542070083973276,0.544185985099282,0.534178338053184,0.552764311873703,0.545444846339568,0.55370794173818
2019-08-03,03da33a102d9a45f,e139628170777bef,dc9572dd6ec74859,f2925e6db404bf1d,Colby Covington,Robbie Lawler,1,0.890128967255045,0.879581573222481,0.836246574956916,0.841199559797725,0.815425552299171,0.868082949577165,0.824487125510152,0.885615905476733,0.829416499194556,0.851995084145275,0.818478393729959,0.853310280438299
2019-08-10,e5d03e4d966126bd,494042bf96730bc0,4798e823ada58fe9,9673a497a9da119a,Veronica Hardy,Polyana Viana,1,0.332026597517834,0.337681431706155,0.36530954583128,0.352471358006207,0.367728669864715,0.345989802319796,0.372196182027628,0.333067671918667,0.368998097830044,0.350267810607456,0.370134871808417,0.35132113587275
2019-08-10,e5d03e4d966126bd,975159720cfd0103,c3ded6f7155f9ea4,ec18eb918121787c,Alex Da Silva,Kazula Vargas,1,0.63218585610615,0.627877100721137,0.60562580314118,0.628442175327063,0.614985700079778,0.632701548170542,0.60981505269911,0.632801940825018,0.603613805683529,0.63081394786078,0.613239697307247,0.622828579760817
2019-08-10,e5d03e4d966126bd,4c489b3c9d14cbc9,45f0cc9d18f35137,9cfbfae5fa1fdd93,Chris Gutierrez,Geraldo de Freitas,1,0.337433878850292,0.343050157552365,0.369867855786761,0.353787486250764,0.36892323084657,0.341034914756482,0.367990355386769,0.336072275396233,0.37142948634623,0.346044599634782,0.366409669708087,0.354477654738889
2019-08-10,e5d03e4d966126bd,cb4dd24535ef2d94,07a2bdaa0afdd831,82b4e942781b1046,Rogerio Bontorin,Raulian Paiva,1,0.273965624968155,0.280885619361359,0.316291794820823,0.316881598245848,0.335256670200686,0.291074928730017,0.324993013685318,0.271490618127217,0.318058336598971,0.307873130868596,0.332470395885779,0.306585997037525
2019-08-10,e5d03e4d966126bd,d93b589bcec80ffe,31ef8b67e13495b3,cd2c4d30c6e13b47,Tecia Pennington,Marina Rodriguez,0,0.557883106464176,0.55595905306932,0.545949820407074,0.573721822807927,0.565793589608027,0.56189259029589,0.550905106222378,0.551319082340468,0.539710476299698,0.566023748172487,0.556896180590367,0.562208221948168
2019-08-10,e5d03e4d966126bd,1d8a86d37c7ef3d3,41f90012b86a11bf,787bb1f087ccff8a,Raphael Pessoa,Ciryl Gane,0,0.460176297053443,0.460966994314174,0.467971331919075,0.461628017905867,0.46579213084584,0.460382615962938,0.467447874829013,0.459697625265438,0.468831194864558,0.460821211576751,0.466270747104774,0.463242863467721
2019-08-10,e5d03e4d966126bd,1019f2a9c012e949,23024fdfc966410a,e2ccd9a9ace60de7,Gilbert Burns,Aleksei Kunchenko,1,0.552693789241074,0.54828903390816,0.539637785101757,0.535209772655342,0.53138681099886,0.542312253351619,0.534769745650625,0.558747969324544,0.545479034400621,0.533946976427063,0.529221273539353,0.541073474168266
2019-08-10,e5d03e4d966126bd,4dd3035430a5ed43,be0b310a12eb80b4,d76ad9a08c4408ff,Enrique Barzola,Bobby Moffett,1,0.567746371188275,0.567076010551542,0.555111515953105,0.580494886384404,0.571859111790323,0.565287705104671,0.553707666978163,0.559864692669214,0.54634685798268,0.571287261761217,0.561447555639002,0.569994208010587
2019-08-10,e5d03e4d966126bd,8da94b2c1c0443d4,1cf7ccf64a5bf24e,260e9e0d4954aea6,Oskar Piechota,Rodolfo Vieira,0,0.494159170096077,0.495547342799077,0.496348759790817,0.502147083885357,0.501913310858384,0.494440073666894,0.495434673858856,0.486652854090666,0.489685699305035,0.498998442164998,0.499138211362891,0.498394867687383
2019-08-10,e5d03e4d966126bd,f7cce33f6563dd72,0845c81e37d3bcb3,e9a3aeb207578eea,Volkan Oezdemir,Ilir Latifi,1,0.529395320909902,0.532709538291275,0.526834591812271,0.558887654868767,0.552526097045129,0.543534285280432,0.535775577266806,0.519986640737353,0.515446954263992,0.557054180918769,0.549147690169197,0.542052904248706
2019-08-10,e5d03e4d966126bd,aef94727eb3897df,2c2caf2f2bab9df5,7bde387d50829adf,Humberto Bandenay,Eduardo Garagorri,0,0.465083009679662,0.465585616729235,0.471765354929293,0.463843857960595,0.467768974160389,0.467601289399262,0.473385217580689,0.468095537789182,0.4753339834262,0.467885214143863,0.472357021696366,0.466550014299981
2019-08-10,e5d03e4d966126bd,7feadf01c5920285,6d4b63c767106d3a,f2b6fdb20675b11c,Vicente Luque,Mike Perry,1,0.549577112491394,0.548740206699026,0.540008896796508,0.555645542476497,0.549629132931903,0.548313196041252,0.539710393811122,0.546778720340813,0.536188454422397,0.553777189093722,0.546318957835516,0.549605529516937
2019-08-10,e5d03e4d966126bd,9d80bd1f92d23dfa,132deb59abae64b1,51a0c09cbe9b8472,Valentina Shevchenko,Liz Carmouche,1,0.774199315059336,0.767908980111169,0.72734072070015,0.748006753861546,0.725029143968686,0.762467901390164,0.722644256391345,0.77577809472294,0.722940815931101,0.754102506160697,0.723967837648532,0.748138993384585
2019-08-17,70167689d6a01793,51f955029dbf6978,122ac9b816d8b71c,70d2329a92864fdb,Shana Dobson,Sabina Mazo,0,0.347064130005589,0.351320343199659,0.376868482533074,0.349870270901562,0.365366632159152,0.346570718700333,0.372688679470988,0.345765994095836,0.37924554052345,0.347896318996489,0.368043688460744,0.357010132393213
2019-08-17,70167689d6a01793,445d0d44091b902a,a7897d200692ab64,cc351e408bbb7d43,Kyung Ho Kang,Brandon Davis,1,0.292222115709881,0.303996764786247,0.336430486403565,0.363638038309062,0.377851365047939,0.319896192214826,0.349937251466382,0.28345420437347,0.328143524218816,0.344878053219441,0.365379735574616,0.337648243546464
2019-08-17,70167689d6a01793,8ebd6e9d41a51e31,2244d9a2b64b8c3b,411539901068522f,Hannah Cifers,Jodie Esquibel,1,0.660807859630381,0.655191402914282,0.628641535284506,0.664679542280687,0.647877011625082,0.66491288849432,0.637070715320459,0.670248409662386,0.633690371133588,0.669814071043401,0.647628879765832,0.653772461426375
2019-08-17,70167689d6a01793,29de6ddc42a2e674,2dc1bc1a02961656,e7bba7ce4d6c7b07,Manny Bermudez,Casey Kenney,0,0.451789932290929,0.458187951848438,0.465687599729193,0.485878291909922,0.487415180635386,0.463707768941663,0.470183308756669,0.445896450987134,0.458128269346781,0.476186067525007,0.479505326353781,0.471212970632944
2019-08-17,70167689d6a01793,25e1d17d072227c6,7cbf7c78d3b34218,de45aaae23dfa392,Drakkar Klose,Christos Giagos,1,0.503099750750303,0.502491408289773,0.502042976946223,0.515557764973573,0.513864750121027,0.509091095713487,0.507464981958113,0.507212539637481,0.505573270945642,0.514999068777257,0.51290692263806,0.508981275805464
2019-08-17,70167689d6a01793,fba7d6a42f137938,2f13e4020cea5b38,65f09bacd3957381,Raphael Assuncao,Cory Sandhagen,0,0.422313039175239,0.42270349963915,0.436449618946849,0.419734223034103,0.428346151975399,0.42156946381839,0.435427058999682,0.433937819142843,0.448833434981592,0.417938981365954,0.429224804810845,0.425605958270529
2019-08-17,70167689d6a01793,2671de30a1736f51,207773daeb4afa7b,78e501478a36a018,Devonte Smith,Khama Worthy,0,0.767275377290705,0.760944956015514,0.721006328197141,0.754406002086418,0.731070325918395,0.7617771153211,0.722016737790126,0.767140114704402,0.715293828754929,0.760111723754118,0.72955140573303,0.747929348882785
2019-08-17,70167689d6a01793,2eb56023c4a54504,2e585c701f72fe55,b1a3e0aca758b322,Ian Heinisch,Derek Brunson,0,0.439171685137554,0.443469852885964,0.453579923754162,0.480274294669487,0.48242015964974,0.457320401101376,0.464927913612908,0.435409147018417,0.449978228645343,0.473856793588296,0.477499806233424,0.462724709481629
2019-08-17,70167689d6a01793,ea43a5fe4ff9a3c4,436f970c9ea9169c,94426bb170c88115,Gabriel Benitez,Sodiq Yusuff,0,0.490938928740801,0.489563627574031,0.491441697843782,0.461962154452818,0.466090245400513,0.476901560415722,0.481029433762433,0.491933297673043,0.493766657066918,0.464104393318937,0.469099902343418,0.47735156948061
2019-08-17,70167689d6a01793,3e16a71836e85212,2e5c2aa8e4ab9d82,f77c68bb4be8516d,Paulo Costa,Yoel Romero,1,0.335513923284667,0.342507321756945,0.369407464732118,0.375294184316363,0.388389163436039,0.349742293815973,0.375375358767139,0.336543965053804,0.371810801291874,0.362874345147686,0.381224291552526,0.36398422379897
2019-08-17,70167689d6a01793,f2ce79565c0820dd,8355922d564b152c,cbb682f5fcc44bfc,Nate Diaz,Anthony Pettis,1,0.31766549169463,0.323661901088936,0.353351467680938,0.328429504253067,0.34583112798302,0.32940736436581,0.35808308908218,0.338475979614965,0.373371567470755,0.325750379902523,0.348429613394938,0.332902270381494
2019-08-17,70167689d6a01793,6921344f8e706d0f,d28dee5c705991df,d967f0128c323de6,Stipe Miocic,Daniel Cormier,1,0.576401255547603,0.570846245201264,0.558222609149055,0.534129110592466,0.530422856318751,0.553256042014135,0.543782702863656,0.57761940625123,0.560172205398226,0.533672445564411,0.528984772959388,0.55139692681063
2019-08-31,2c104b7e59a72629,a072be4f806d360f,351c4ec637380ad5,e99821959a840bb8,Karol Rosa,Lara Procopio,1,0.484416004003708,0.484826305172582,0.48755621740541,0.482822852314066,0.484691867452797,0.483656385405241,0.486578672985933,0.484365070137116,0.48791733329603,0.483106343661949,0.485462452237015,0.484566697093938
2019-08-31,2c104b7e59a72629,2e001d8c2f6106fc,1897b7b913736a7c,3b0a516d2921e0d6,Alatengheili,Batgerel Danaa,1,0.504739378082201,0.504533578710795,0.503717598142252,0.508203750272498,0.507310657380678,0.50614935953534,0.505049332370668,0.504703805040179,0.503634664098699,0.507012400436558,0.506033907960791,0.506144015018641
2019-08-31,2c104b7e59a72629,060dfbc982c6c4ef,135d124172a0bea3,d945aae53e3e54e6,Damir Ismagulov,Thiago Moises,1,0.603648397805185,0.601925863119135,0.583964475036722,0.600484775206403,0.589795057175463,0.602330908313708,0.584411685074082,0.60883433852432,0.584640626556156,0.603968276126775,0.589798524488583,0.596099901139443
2019-08-31,2c104b7e59a72629,5ff390f7bbf2bec8,74f9448b97bf8bec,c3218c810959d279,Da Woon Jung,Khadis Ibragimov,1,0.476716756870133,0.477294748553463,0.4813773471609,0.475096177029213,0.477803935008934,0.47590824719992,0.48021323006587,0.476662588279644,0.481961947277783,0.475362978580581,0.478796668994465,0.477310616408039
2019-08-31,2c104b7e59a72629,09b91014bd88f815,3cf18e01cb6cbde3,d0e50a3d1b250708,Sumudaerji,Andre Soukhamthath,1,0.583893782336273,0.580080098595244,0.565851729402082,0.590254898192254,0.58060945370642,0.592639455098508,0.57635325513188,0.595450678778401,0.574120407638113,0.595783328798788,0.582681284911301,0.58210057560477
2019-08-31,2c104b7e59a72629,8182dbc752c71137,093e1f5bb73850be,285ae0b4a68221f4,Anthony Hernandez,JunYong Park,1,0.574714190743112,0.571170719156517,0.558490457748156,0.551897552325008,0.546281224988476,0.56995101162114,0.55755977371862,0.583703733942018,0.564923666930473,0.561907261712752,0.553338976177241,0.559231191295149
2019-08-31,2c104b7e59a72629,5f900e4437e079b3,43a59ce3bb40449e,fdbefee0827e1567,Mizuki,Wu Yanan,1,0.515763632077825,0.51730354347006,0.514190877367647,0.550952588114621,0.545437305525849,0.530636324931966,0.525165806709313,0.507004866847296,0.505412789517299,0.541937356789623,0.536106927292868,0.532000526185362
2019-08-31,2c104b7e59a72629,676561d9690ce31d,32490e80ddab1e5a,714e1e0681ddb703,Song Kenan,Derrick Krantz,1,0.481276068855956,0.482730829171783,0.485837319471488,0.485842720757728,0.487383477264578,0.481018173977829,0.484411550221055,0.483933871818889,0.487584012195823,0.48366005191797,0.485939026053402,0.484611749262844
2019-08-31,2c104b7e59a72629,b07188063c49b755,853eb0dd5c0e2149,f57dd0bfa8c17813,Kai Kara-France,Mark De La Rosa,1,0.613637725308523,0.609358928987285,0.590151081936541,0.629936535531501,0.616336260193726,0.621632432273484,0.60052735383216,0.618453986683629,0.592233543580715,0.6303516793734,0.612834640706546,0.615112714448809
2019-08-31,2c104b7e59a72629,55480808b1fa1f9c,8adcbd525fab8d9b,e64b96c07d7ce999,Elizeu Zaleski dos Santos,Li Jingliang,0,0.609067835496598,0.608246187006078,0.589224089685786,0.621182880817635,0.608431236998422,0.617442076922318,0.597020469365498,0.60431785260733,0.58108503989126,0.623444324725474,0.606788410652195,0.608720130548788
2019-08-31,2c104b7e59a72629,357cf8a9b6737625,1ebe20ebbfa15e29,6a1901c62ab3870f,Zhang Weili,Jessica Andrade,1,0.399834341883807,0.405737015108073,0.422400139896073,0.392453717070572,0.403855022331671,0.398215406302735,0.416043127377557,0.400192280265634,0.422459965079362,0.393805445515067,0.408263404874999,0.402029059337057
2019-09-07,a79bfbc01b2264d6,84d4b658851b7e0e,1e4f273069fb9e85,68c7ad953455c73f,Fares Ziam,Don Madge,0,0.561694541803515,0.560041808837485,0.549312582148378,0.5559070565446,0.549862773874973,0.55733008540412,0.547141331473356,0.558727568508233,0.545463182336819,0.55206242522365,0.544839176741742,0.555239088882538
2019-09-07,a79bfbc01b2264d6,9a46f95c1c1e57f0,16690d100f995f8f,4ba8d454f762005d,Omari Akhmedov,Zak Cummings,1,0.417826486904784,0.422728318800682,0.436470132244172,0.445909250845921,0.451759829066685,0.429724405680573,0.442171984790374,0.407599919669071,0.428271034100747,0.439797304692655,0.448133436088112,0.436287816562505
2019-09-07,a79bfbc01b2264d6,43496ff308e681a0,447f9858ae78f921,49858bf46dabf6fb,Muslim Salikhov,Nordine Taleb,1,0.496842636833045,0.494944478690589,0.495854392541663,0.473541559755013,0.476417831470169,0.492296749000057,0.493674684632212,0.508213142859545,0.50634650933048,0.481271502952699,0.483883146465645,0.485679635827614
2019-09-07,a79bfbc01b2264d6,18aff757c54687f1,8abac218746e04ca,b1b0729d27936f2f,Takashi Sato,Belal Muhammad,0,0.298971934161742,0.30396953778574,0.336406929283834,0.326462489122669,0.344032684129949,0.309918705765899,0.341348326062069,0.301306616991472,0.343011253953032,0.31890858817067,0.342336100424007,0.323175219858686
2019-09-07,a79bfbc01b2264d6,2c7b788effdc1b4c,8f4eeaf7a0df7c1a,ee18ff42063174df,Teemu Packalen,Ottman Azaitar,0,0.520884955568733,0.513099964276517,0.510742863409861,0.446536243098435,0.452319892273897,0.49130562872958,0.492860802729198,0.53793948341604,0.529338481893163,0.465176954654306,0.470023986940729,0.483362611145557
2019-09-07,a79bfbc01b2264d6,8e1ae2ae6694b131,539ed332b3078821,eebc23626e38f5dc,Sarah Moras,Liana Jojua,1,0.220069362519573,0.227868971503091,0.268799374654364,0.236165985651216,0.25999201586735,0.226639540636723,0.267409163663379,0.219564549246435,0.272903668917715,0.231508921309643,0.262624023490295,0.241313329679843
2019-09-07,a79bfbc01b2264d6,77f123712368bcbc,05fa626cb33d15b8,12f91bfa8f1f723b,Andrea Lee,Joanne Wood,0,0.736727071885976,0.729426906914043,0.692794063259959,0.737120263831144,0.714796055490398,0.736358236241134,0.69917544355752,0.732957893684613,0.685718739278352,0.738858632882553,0.709901207863277,0.724882175030277
2019-09-07,a79bfbc01b2264d6,8accd04438b91262,8f5c8850b2484173,f53d4f21d1b5f2dc,Mairbek Taisumov,Diego Ferreira,0,0.538088490993722,0.53618714285729,0.529690700502196,0.536184330456488,0.532256172223069,0.536520724841257,0.530004632884788,0.53778250281026,0.529216902071585,0.53424726039089,0.529479964950102,0.534903694622797
2019-09-07,a79bfbc01b2264d6,066756ea40b134a7,2f5cbecbbe18bac4,fa6796c55d6c5440,Shamil Abdurakhimov,Curtis Blaydes,0,0.153299750541388,0.160830974151914,0.205103249433492,0.177562407995416,0.20326005189363,0.162989277571395,0.206943684876755,0.157258923635818,0.214640122627378,0.171156996646852,0.204677337201506,0.179221249612985
2019-09-07,a79bfbc01b2264d6,849eb47d349f3fe4,0052de90691d4a93,275aca31f61ba28c,Davi Ramos,Islam Makhachev,0,0.413730509402909,0.413495654577293,0.428831682618022,0.387297851147407,0.399213546692036,0.401375682108017,0.418672764903249,0.42598096550153,0.442635938689452,0.39108679663192,0.405895365598479,0.405780116447869
2019-09-07,a79bfbc01b2264d6,357a34207d70da69,64a50dad704d1d49,e5010b1b94ca5755,Edson Barboza,Paul Felder,0,0.423679210554931,0.427820114259386,0.440676384076281,0.468714515321716,0.472113392953683,0.445720053526905,0.455373379631019,0.435740994567734,0.45023637930308,0.463028236427003,0.468172645366403,0.450015972936755
2019-09-07,a79bfbc01b2264d6,01a4827b3596d111,029eaff01e6bb8f0,032cc3922d871c7f,Dustin Poirier,Khabib Nurmagomedov,0,0.364695050263307,0.370792358962818,0.393258619500614,0.373883052912269,0.387114884234873,0.370958710978648,0.393260134155712,0.377428336238759,0.404507530641136,0.371634394956866,0.388905024956936,0.376876417703195
2019-09-14,4834ff149dc9542a,acf658afda38d8af,873626e5547b5235,d2cd7a69cc55e7ed,Kyle Prepolec,Austin Hubbard,0,0.430176137472527,0.433262062455061,0.445167348583244,0.443725900799112,0.449809294630835,0.433400634041908,0.445209163449098,0.428265628414326,0.444416602289821,0.440132001712477,0.448422511349916,0.440877860627403
2019-09-14,4834ff149dc9542a,241687ff5fe92331,35e1f9984ed64206,d2bc285ead803db0,Ryan MacDonald,Louis Smolka,0,0.574783431666193,0.570820360488552,0.558201242396759,0.574324789632667,0.566333355429335,0.579495537531102,0.565454620285011,0.587998509228846,0.568282377367481,0.579256196422393,0.568345265441197,0.57017254751297
2019-09-14,4834ff149dc9542a,462a95890423d3c6,4bd6b4800070b069,ebef46976554f975,Chas Skelly,Jordan Griffin,1,0.396219580170417,0.399500990991031,0.417221626105927,0.401305291319467,0.411813386750184,0.394088705974434,0.412605893320507,0.404433536963085,0.425788781072944,0.396595002293601,0.410691679944167,0.404713938267947
2019-09-14,4834ff149dc9542a,14176809bcdafd01,2af2f2e26c4c0402,7b433309b0fd12aa,Hunter Azure,Brad Katona,1,0.494072399314692,0.494804257562585,0.49573940632304,0.509787583038697,0.508722136056093,0.500274273453428,0.500225206399892,0.49233475607795,0.494076894132429,0.506160172401893,0.505300577052235,0.502075367772148
2019-09-14,4834ff149dc9542a,9de23eb1471e592b,46e0d677f91bacc0,56709e66f1c6008f,Miles Johns,Cole Smith,1,0.55264288594062,0.550393840503787,0.541369277268168,0.551499335817871,0.545925581352092,0.554474352990967,0.544786867018816,0.553466712240855,0.541377337636931,0.551563630276196,0.544408786541515,0.548975686543984
2019-09-14,4834ff149dc9542a,9d3a38cc18807e10,441eacbe20e0e80b,c9cf753cfdf77fc2,Augusto Sakai,Marcin Tybura,1,0.502185864822313,0.503776191647207,0.503096521612407,0.522488046592669,0.520042321933841,0.509968080613935,0.508185161026993,0.505254086854338,0.504059882780249,0.519848127567732,0.51708060987411,0.511943806856018
2019-09-14,4834ff149dc9542a,92b98afec5eb4e05,67f272324a030d00,70e1f8a821b72c8b,Misha Cirkunov,Jimmy Crute,1,0.468713857106478,0.468788628714338,0.47439556348761,0.418156165291243,0.426932208562871,0.44736555110778,0.456729564391085,0.470978266599181,0.47756480393775,0.427063099865404,0.437125268701846,0.445797482790683
2019-09-14,4834ff149dc9542a,ece3a7a9e930ef9d,52e76bb4b3e852f3,65578a75fa7900e3,Antonio Carlos Junior,Uriah Hall,0,0.724093145369917,0.718083990199265,0.682803933184406,0.715475928542789,0.694603057507082,0.714030782838768,0.679471139758967,0.70477636137706,0.662031660238171,0.710963966375673,0.684485684056937,0.708202653701211
2019-09-14,4834ff149dc9542a,dadaee9624256e07,2ebfbe72ed703925,595db60957de51d3,Tristan Connelly,Michel Pereira,1,0.281845413214042,0.286522160027666,0.321230821762046,0.290045528961243,0.310518326139229,0.284968184865694,0.319651881213148,0.280794410753364,0.325910207415564,0.286315012664623,0.313052007786046,0.297309178164997
2019-09-14,4834ff149dc9542a,36d90f1812f0d432,1091d4d957141094,7ff97850e8c32bda,Nikita Krylov,Glover Teixeira,0,0.632967080335089,0.623028719244945,0.601565117479066,0.607429757716506,0.596040129511035,0.621045640794505,0.600035981460941,0.635621361328872,0.605858510927977,0.610656203150187,0.595623641244606,0.612958110712039
2019-09-14,4834ff149dc9542a,490724f8b3658f67,1d00756835ca67c9,9e8f6c728eb01124,Donald Cerrone,Justin Gaethje,0,0.705445620806622,0.697687872073591,0.665027790486542,0.666224547219815,0.649286559592082,0.687592959759301,0.656505273754505,0.695691805918927,0.654508730939239,0.673941988220691,0.651296796725851,0.675402791758359
2019-09-21,94a5aaf573f780ad,4f7ec66199bba232,72e5e5a6edfa8223,d747eb273a40a920,Marcos Mariano,Claudio Puelles,0,0.483272091055418,0.482543710430677,0.485683820203144,0.471489178675732,0.474587774505017,0.481411210929961,0.484734422053853,0.488230734194483,0.490905234591596,0.477434770334833,0.480580370911568,0.478526573661388
2019-09-21,94a5aaf573f780ad,c2b842fae4e9f1dc,4234f0097c83fa62,673ea7dcc786b1b3,Sijara Eubanks,Bethe Correia,0,0.813722355822473,0.802925972493695,0.759848573059255,0.77148722133348,0.747297430902691,0.796203687943117,0.753792635896923,0.810111893519627,0.754170808361072,0.783211336333846,0.751238349319832,0.779244056475484
2019-09-21,94a5aaf573f780ad,8cf6b22995c9efb8,acb36c908d415c4a,eabf206b162b3b83,Vinicius Moreira,Paul Craig,0,0.482559036894801,0.47781683229531,0.481805742226468,0.471181868647528,0.47431373891723,0.481681303429762,0.484956293952968,0.496210049841552,0.497071490376012,0.475471630358524,0.478890216933338,0.478053463069052
2019-09-21,94a5aaf573f780ad,d9c0351cd21e40e0,6e00cfffd54653c4,de75d1c45a39e221,Tyson Nam,Sergio Pettis,0,0.289515342253961,0.294979476625786,0.328607665138789,0.279731790990823,0.300942432577491,0.285647262819341,0.320246866907931,0.290524286886637,0.334056430186019,0.278922612446539,0.306344782218913,0.295725707933056
2019-09-21,94a5aaf573f780ad,52311c2cd0c84d67,c0d5c0c95c59050b,f0feeb2192937424,Ariane Carnelossi,Angela Hill,0,0.668619334098986,0.662756682142502,0.635062929416411,0.66059249197517,0.644151369952869,0.667330985144929,0.639132323122542,0.671174841056917,0.634442423298565,0.663779606472662,0.642277358680697,0.655356136920238
2019-09-21,94a5aaf573f780ad,ad878cdd4fa36a3a,31f8081c7600da93,edd02825c29028fe,Kyle Nelson,Marco Polo Reyes,1,0.510825209381347,0.507887128908227,0.50646767402964,0.508640809344693,0.507700152029169,0.516540349223103,0.513582923091617,0.526646880522237,0.520597854806359,0.514369735816719,0.512365293077017,0.5091181924688
2019-09-21,94a5aaf573f780ad,953c89aa931082e4,225def29ecfe0fc1,36549928f90f1d36,Carlos Huachin,Jose Quinonez,0,0.35544508319567,0.362344814543102,0.386163225655717,0.385340017195739,0.397449844429415,0.371229439146727,0.393487427788209,0.356025496766242,0.387473503835328,0.381628177151308,0.397644529257346,0.378161176148416
2019-09-21,94a5aaf573f780ad,49b2a6a93d529981,9c44f290f5726d95,b93c06d09d1c4ac0,Martin Bravo,Steven Peterson,0,0.628832213795733,0.623853097434274,0.602255084415966,0.602804278114325,0.591879952346144,0.619479069027419,0.598724617959199,0.628503055054668,0.60019671388491,0.609952582694039,0.59501036760109,0.608803081553218
2019-09-21,94a5aaf573f780ad,c163ed45c21c8548,578ef12674df1e6a,9b7dfb3b7d99926a,Irene Aldana,Vanessa Melo,1,0.42022875505696,0.425730151198963,0.438950413938845,0.434423688192812,0.441494338692495,0.421075563416715,0.435018199743024,0.412579559663599,0.432169938607165,0.427624559635862,0.437611052834069,0.43181390329586
2019-09-21,94a5aaf573f780ad,b2cdb4c34f37ad37,d910665038efc639,e8b731feff72294b,Carla Esparza,Alexa Grasso,1,0.461326314633794,0.460836576191657,0.467864173243905,0.447837835822108,0.45348244576556,0.459666314459539,0.466858489253693,0.467331881196484,0.474742913553458,0.453576964387249,0.460025517921373,0.457038867074825
2019-09-28,1bf49bf829964144,fc16ccf0994c6e50,b8a85389d115e35a,f97c5433c77522d3,Jack Shore,Nohelin Hernandez,1,0.435976573256911,0.437135255272405,0.448361037937724,0.452269151392564,0.457439435038175,0.44201098073314,0.452315255350007,0.436490998792148,0.450819756065564,0.448194218858429,0.455382274075593,0.447676480031731
2019-09-28,1bf49bf829964144,951968aa52a84928,32c355b04fc57f3a,f9b200db02b488d9,Marc Diakiese,Lando Vannata,1,0.467721818366825,0.470273341765262,0.475614522464168,0.475534761482572,0.478194962563186,0.465912207936886,0.471996307294318,0.459233565987742,0.468471663815399,0.468401820555583,0.47280200405861,0.47343998729911
2019-09-28,1bf49bf829964144,0a3df9b1918cfc2f,2eeaefbfc7f9fcff,9cdd2da1a9104a0b,Lina Lansberg,Macy Chiasson,1,0.162798517954171,0.171390754570402,0.215485969364001,0.186927552557825,0.21248114618709,0.171730008230823,0.215525601895046,0.161456077860323,0.21874945436822,0.178285412873148,0.211689616981334,0.188675347509592
2019-09-28,1bf49bf829964144,688908886d8ac900,9560ff14eb3129f7,cc351e408bbb7d43,Giga Chikadze,Brandon Davis,1,0.5177363104456,0.515950984240686,0.513081367519512,0.519938741601379,0.517769742681392,0.522743419512283,0.518678858846918,0.523586639992853,0.518230802004358,0.524289318380706,0.520903964486621,0.517754573290365
2019-09-28,1bf49bf829964144,18d84b333b28de36,6a96ad1bc34fb113,aec185309b4843d0,Ismail Naurdiev,Siyar Bahadurzada,1,0.764491466912953,0.757397375195515,0.717794429981445,0.755254382827475,0.731872739697948,0.7601578597341,0.720547270552336,0.758206567329946,0.707463172681146,0.756829348739063,0.726498728423032,0.747020828875712
2019-09-28,1bf49bf829964144,d5e927306f5d859b,77d7295d1b22c694,ea7e5bc78d9de658,Alessio Di Chirico,Makhmud Muradov,0,0.503803681363439,0.504115062663854,0.503374403777488,0.497436704407684,0.497715793051567,0.496731886520166,0.497316534091361,0.50430077320208,0.503323232009199,0.494989146912645,0.495688384496739,0.500478111935764
2019-09-28,1bf49bf829964144,9fa3623172adb4cd,70fa1c64a2c439ef,e9ac7bfb65c25497,Alen Amedovski,John Phillips,0,0.625535869909972,0.620664901446069,0.599587771986641,0.61746961256807,0.605082381945439,0.623814906148719,0.602355777496512,0.628836124036668,0.600461230529442,0.619760465076208,0.603568441860863,0.614413280159342
2019-09-28,1bf49bf829964144,9c7b6a20f35fb708,57b10fca4f9c9a7a,9d19d9e4aa2662e8,Alex Oliveira,Nicolas Dalby,0,0.807658740039582,0.797541380043331,0.754772062546567,0.781861287895198,0.757230501322012,0.79669423569898,0.754253450330643,0.801197217036378,0.745922383403098,0.787647841922626,0.755447350855797,0.781163050550211
2019-09-28,1bf49bf829964144,b6dad3a9bf911bfd,0d65c432720accb9,50db8711c70196cd,Michal Oleksiejczuk,Ovince Saint Preux,0,0.671181970845984,0.667826136166121,0.639378463330734,0.702034288205214,0.682154958258766,0.677890212123849,0.648163392701907,0.646966006545103,0.614921146795405,0.694795238680038,0.669922363573003,0.677200237057797
2019-09-28,1bf49bf829964144,b44531903be4729a,749f572d1d3161fb,cd13728ae1151f46,Khalil Rountree Jr.,Ion Cutelaba,0,0.374758515877263,0.379432018336768,0.400493268628491,0.380714783732475,0.393280513129874,0.378142080101383,0.399283799985236,0.37738970188247,0.404476927500198,0.380544030732449,0.396697570809536,0.384834798942398
2019-09-28,1bf49bf829964144,7410ac7e4e5acb74,23024fdfc966410a,fd55393021a8c255,Gilbert Burns,Gunnar Nelson,1,0.470407476013068,0.472624169530149,0.477544280893517,0.47127436374351,0.474396219391734,0.460205893535747,0.467302468584505,0.471426401572093,0.477911540725073,0.463749843112436,0.468794417001917,0.472585947013566
2019-09-28,1bf49bf829964144,975840814b233bcd,c3f6db17cea09ca7,da0995f19b749cfa,Danilo Belluardo,Mark Madsen,0,0.619551063616672,0.615395821158865,0.59518568026104,0.605743520405082,0.594523120226259,0.614936142730597,0.594925524085207,0.624823236528486,0.597276816010067,0.609708902063013,0.594798000121162,0.60594868749889
2019-09-28,1bf49bf829964144,476c31184332698e,0a1942069c9ad6b6,13a0275fa13c4d26,Jack Hermansson,Jared Cannonier,0,0.749432026574279,0.742166324704654,0.704112567922784,0.717190266257452,0.696195537839671,0.737684366553698,0.700355752935254,0.752194877252358,0.70223581472044,0.726732534733479,0.698804300927057,0.72113406967408
2019-10-05,3cf68c1d17f66af7,668d077ac9d7d3c9,6e7506127408aa9e,a20f234df70f2182,Nadia Kassem,Ji Yeon Kim,0,0.546828187588621,0.543321340428849,0.535552980585883,0.518151992605303,0.516177059363955,0.539630288999661,0.532562743213095,0.55433948691884,0.542054909448195,0.526452828394104,0.522766798967145,0.530113630343524
2019-10-05,3cf68c1d17f66af7,b8c21a311f3f7953,862b0b3375aa4b6e,a0e75f4a13eb73f1,Zarah Fairn,Megan Anderson,0,0.629438454358299,0.625965594065673,0.604024036562852,0.627190805435674,0.613855093318313,0.625753728362926,0.603981209782688,0.624960167139865,0.597385386585534,0.625266259561806,0.608382090496023,0.620956911393743
2019-10-05,3cf68c1d17f66af7,83d59f5e52e0ac46,37ed1ab2f8b819f4,af9f42e6894047fc,Brad Riddell,Jamie Mullarkey,1,0.454451103143069,0.455172320552793,0.463208653352193,0.4622275631402,0.466327036915712,0.457518204784353,0.465090715847164,0.45460044006445,0.464880887708916,0.460124619872395,0.46567039058039,0.460932948459772
2019-10-05,3cf68c1d17f66af7,578987d534a0d205,8fc9ae9c7527dfcb,c549573c0df4d676,Callan Potter,Maki Pitolo,1,0.385033716614521,0.384931607824237,0.405087627452598,0.366758680668989,0.380675346564957,0.383501960276046,0.403768934869506,0.394030930413547,0.417615708393471,0.37712408995763,0.393708631765558,0.382650560649336
2019-10-05,3cf68c1d17f66af7,1cb7138b107b93b5,1fc64507a0cb38cf,a845f0735bc67405,Rostem Akman,Jake Matthews,0,0.318729666542145,0.324292982909573,0.353891540971067,0.333020762839036,0.35002468131361,0.327699881834874,0.356623582730175,0.315527720267545,0.354714732755345,0.330295742293987,0.352468615635708,0.335644540030988
2019-10-05,3cf68c1d17f66af7,9dfac33cd3ae4afd,1eff7bc0f815b270,e13abac8089a801a,Yorgan De Castro,Justin Tafa,1,0.402676350023342,0.404712542037633,0.421549976323151,0.40192469596248,0.412369833045146,0.401596930269964,0.418856780169266,0.401793306077703,0.423717094938704,0.401760147758068,0.415183940594967,0.407962642607301
2019-10-05,3cf68c1d17f66af7,fd0fd9a2d6ef8c4f,4c288a2b250bb576,e9213f53ddeca978,Luke Jumeau,Dhiego Lima,0,0.633831245044685,0.625569888594784,0.603692584555089,0.594187422097917,0.584138755510077,0.616936398592749,0.596597591456855,0.638320221980758,0.60800998790241,0.601712931663434,0.587836132489514,0.606965141356321
2019-10-05,3cf68c1d17f66af7,8cd7ca0e7b861b3d,c62fbc117d57b943,e2f6b2769aaedd6c,Tai Tuivasa,Serghei Spivac,0,0.581020114945679,0.580730522514217,0.566389665287729,0.578600502559722,0.570162084250669,0.575638388005802,0.562262335927556,0.574841856366467,0.558005608106739,0.575797361338394,0.565350308056539,0.575097788586515
2019-10-05,3cf68c1d17f66af7,0697d5520b74a8df,193b9d1858bc4df3,59279a7c978f7da0,Dan Hooker,Al Iaquinta,1,0.508963245609136,0.510183804381898,0.508351165820429,0.508857521961129,0.507893281057279,0.501865429039073,0.501531709227415,0.498367929105095,0.49873890022852,0.503492955799731,0.503005519183759,0.508378772100621
2019-10-05,3cf68c1d17f66af7,2556b7520536ce1d,1338e2c7480bdf9e,e1147d3d2dabe1ce,Israel Adesanya,Robert Whittaker,1,0.608183627820023,0.60549424855172,0.586932828550359,0.585111498926313,0.575996609032814,0.600810630155281,0.583146206802772,0.606260865331708,0.582613968310074,0.594263298517382,0.58136088338138,0.590698547480428
2019-10-12,0941df56f6ac954b,64bee58391921b4b,6fd953151d981979,f923e012414c883e,JJ Aldrich,Lauren Mueller,1,0.62060316975008,0.617879531778703,0.597259780321179,0.60348318773329,0.59249035222624,0.612528480992305,0.592914278946088,0.624199094733501,0.596782021419284,0.605159542703177,0.590835451825409,0.605333362062205
2019-10-12,0941df56f6ac954b,bac178dea57bd545,7acbb0972e75281a,fccf811c1e8b01c7,Marvin Vettori,Andrew Sanchez,1,0.731079833531801,0.724819843043128,0.688726888469989,0.708951689937207,0.688552774510683,0.721403193739939,0.685943617350998,0.725833452305309,0.679676837314814,0.710916903469016,0.684443125980309,0.708305855755772
2019-10-12,0941df56f6ac954b,1d26ceb1c995655e,82d4c957649faf9b,c487223b0289bda9,Miguel Baeza,Hector Aldana,1,0.559587831938643,0.558757782946959,0.548254765883407,0.567728811604461,0.560430874441921,0.560183947719161,0.549495268345893,0.556709878948979,0.543895677542422,0.562275310934141,0.55365694132641,0.560048398575405
2019-10-12,0941df56f6ac954b,70f01e9ff0b4e519,5f6f049d54728e88,7c7332319c14094c,Andre Ewell,Marlon Vera,0,0.309193510193537,0.316439228921135,0.347157734856251,0.334188067577301,0.351089942895217,0.318730891317831,0.348936493892265,0.308136292404379,0.348646424957103,0.327863101846263,0.350307872392837,0.331746045644003
2019-10-12,0941df56f6ac954b,18dde81d45ac2232,aa72b0f831d0bfe5,c96d9178c9ed9e62,Deiveson Figueiredo,Tim Elliott,1,0.747705288307962,0.736721778022878,0.699261993878724,0.744021815885282,0.721277057369229,0.741007964445846,0.703319116629701,0.733482036122208,0.686164774354818,0.741756335777848,0.712564798390044,0.733476742153568
2019-10-12,0941df56f6ac954b,c5b8a996eff18540,b0d6a1d8ac3d563d,cdb96af67d096b1e,Max Griffin,Alex Morono,0,0.429700247918841,0.433100013499974,0.445033682189783,0.43584692915919,0.442767046936426,0.434378839174851,0.446016988703263,0.419848850978856,0.437851599847943,0.436298622955752,0.445110905888351,0.436827227924121
2019-10-12,0941df56f6ac954b,6a0217099efee13f,e7f51d9f9e9259e7,fb3e61720be4690c,Thomas Gifford,Mike Davis,0,0.483852848333408,0.484085361132375,0.486948445848081,0.494177043967225,0.494811001705434,0.487312614475371,0.489581637877641,0.479501921921779,0.484157597848876,0.490947653543096,0.492210706507636,0.489837641755244
2019-10-12,0941df56f6ac954b,25548d526c3a7587,a67f5afa8d6a1b80,cc7040fe76f0ef91,Ryan Spann,Devin Clark,1,0.651830235945261,0.645766926602464,0.620671768519824,0.613845614976941,0.601816455774732,0.634219642262493,0.611091689829533,0.652967364077171,0.619736241196386,0.621749466059137,0.605306587641432,0.624844848066417
2019-10-12,0941df56f6ac954b,834f67e96612cd6f,6ac9bc2953c47345,cad24459b28592ca,Gerald Meerschaert,Eryk Anders,0,0.445454330921512,0.450698756968713,0.459529593291718,0.453868586317642,0.458867319367882,0.44929176490731,0.458316718049474,0.448095153528402,0.459834949066118,0.450584347629992,0.457444355714264,0.452772786094412
2019-10-12,0941df56f6ac954b,bed2710e06dabe6a,2844b047183a1adb,dccb63727f2f5f74,Luis Pena,Matt Frevola,0,0.731228201272816,0.72543621562948,0.689270259285634,0.706901010902335,0.686654330667557,0.719390460177316,0.684173396478781,0.72101469942254,0.675611670437129,0.711291024445046,0.684781464483824,0.707378265853572
2019-10-12,0941df56f6ac954b,2d7f29ec900a8948,7447e9f28508106a,beecb672a279223e,Mackenzie Dern,Amanda Ribas,0,0.367355523727676,0.370126331839094,0.392699997321748,0.368421339383194,0.382179109191943,0.366724118317883,0.389702046997543,0.369745507554273,0.398411895663801,0.366753015390456,0.384627496858994,0.375424043848997
2019-10-12,0941df56f6ac954b,f3169b755afcdc5b,6256b2b1562cb8e1,d8da10db80131bec,James Vick,Niko Price,0,0.655752262060732,0.650097652282743,0.624330071442242,0.645247309220068,0.630200975270044,0.652074557628159,0.626163272815355,0.649277763888004,0.616774168122425,0.64962829082674,0.62977354841924,0.64189515168757
2019-10-12,0941df56f6ac954b,707ba52845d399c9,242d36d241b43c12,d247691a6c0e9034,Kron Gracie,Cub Swanson,0,0.612936586651953,0.605825469705053,0.587208506349404,0.589972661266047,0.580356238460556,0.607271869974343,0.588528246521048,0.622868996267318,0.595728005775081,0.600098401922919,0.58643191221062,0.595244388110256
2019-10-12,0941df56f6ac954b,f61f5adf7e0a80c4,3d6749c4267da18f,eb04b9d31e938edb,Joanna Jedrzejczyk,Michelle Waterson-Gomez,1,0.676338775620653,0.672250154733645,0.643153174895564,0.660126713571115,0.643727058732371,0.666845817728204,0.638718491799098,0.671149590207394,0.6344219197159,0.663290885199111,0.641844478579621,0.658711962714709
2019-10-18,3ae10ac4df3df05c,1e3d3545b6dd13a7,04c8b08b16a5b99e,f86cb5f25d545e0e,Tanner Boser,Daniel Spitz,1,0.640144265924671,0.635794462730247,0.61227196747934,0.634560632190292,0.62051829483865,0.637816033198728,0.614118950546513,0.641647948638383,0.610666592599781,0.635508492175796,0.617356307371926,0.629476622388752
2019-10-18,3ae10ac4df3df05c,74b44635535cb290,2f181c0467965b98,3a46b268013afede,Brendan Allen,Kevin Holland,1,0.427314907540721,0.42823438354223,0.441018420219631,0.424158516757446,0.432308745941034,0.424805050556165,0.438104505334256,0.428725229894571,0.444774698580755,0.420337831156629,0.431303096179892,0.430041092951623
2019-10-18,3ae10ac4df3df05c,26d75187369ecf2c,45f7cb591c3ab00b,523fa774700d7d3f,Sean Brady,Court McGee,1,0.561986650351412,0.560530083357661,0.549714892759967,0.576416489065324,0.568206125985106,0.571086845535565,0.558498520082952,0.560285796423616,0.546674153379479,0.575704495030961,0.565269919634992,0.565386668908573
2019-10-18,3ae10ac4df3df05c,38d6c2538ce6ec4c,325ad0dd9126d3df,98e946879ba20c0f,Randy Costa,Boston Salmon,1,0.611284502388153,0.610341113716021,0.590969565916411,0.615569863181566,0.603370045777847,0.610784767912854,0.591458589610782,0.607692414244166,0.58374110793508,0.613793109766018,0.598359023919601,0.606968100608335
2019-10-18,3ae10ac4df3df05c,9c3fb95a1558b38d,4682bc59d5f55145,c5af5750e8bae4f0,Sean Woodson,Kyle Bochniak,1,0.627566704070929,0.625911537855996,0.603978755154459,0.628942442361605,0.615437776866098,0.624703466298783,0.603100577673015,0.620471850492076,0.59382989382633,0.62594284047805,0.608974109596579,0.620959919593101
2019-10-18,3ae10ac4df3df05c,baf17e5e1fe1c744,51018a31ddf31eb2,d7e40dca3ae125be,Molly McCann,Diana Belbita,1,0.437384139515391,0.440678388005319,0.451280762369898,0.429359394678892,0.436964045027476,0.431520066107715,0.443655752774977,0.439988228430505,0.453538830627819,0.430148814920016,0.439794569769427,0.43715464587248
2019-10-18,3ae10ac4df3df05c,076c98ac0561521f,2dc1bc1a02961656,40093d1d2d78394e,Manny Bermudez,Charles Rosa,0,0.683875839862266,0.681041314100968,0.650679052857103,0.718577914994212,0.697485385384743,0.694100148674252,0.662124614312294,0.657807793572579,0.623631098549506,0.708310125766772,0.682087447433565,0.69135125865203
2019-10-18,3ae10ac4df3df05c,93f3e9b9f093ad57,483a953b18d73bb3,a17ad5a5048e8c3f,Deron Winn,Darren Stewart,0,0.26932011025331,0.278177534312391,0.313912151132215,0.324294215478789,0.342048940173607,0.288244459217315,0.322520016953861,0.269290279519295,0.316191999108664,0.309025169765335,0.333502551972282,0.307844539071261
2019-10-18,3ae10ac4df3df05c,7510b0c96f5707ea,38c7f72747f4f712,6a740daf1b279661,Gillian Robertson,Maycee Barber,0,0.306294480829015,0.317188686997295,0.347801525881982,0.335306258872604,0.352110037337984,0.313111936599075,0.344102223324444,0.286720480150092,0.330879393582408,0.320750389903975,0.343978148797982,0.330919610311279
2019-10-18,3ae10ac4df3df05c,57d989702ae72dc1,3bad7ef643840f67,87c0b1c696ddfb43,Joe Lauzon,Jonathan Pearce,1,0.123902699023306,0.135188921211516,0.179196698761854,0.173474523247292,0.199213725312408,0.143451395446835,0.187362675690322,0.118749691137118,0.175268744728574,0.161379273253909,0.194972299416419,0.161451183725892
2019-10-18,3ae10ac4df3df05c,d2dc6fb05ad78d80,18968f97ad34f15c,cbf5e6f231b55443,Jeremy Stephens,Yair Rodriguez,0,0.4850052071213,0.47980404331704,0.483436228897145,0.439396892997948,0.445940705015982,0.470821073549752,0.476032263550286,0.4987881706466,0.499063621106069,0.450818812215016,0.457646611990724,0.4636122009557
2019-10-18,3ae10ac4df3df05c,0d1d7cfb2a48d5ec,2e19380f34871c6a,3a8176e15b9887c1,Dominick Reyes,Chris Weidman,1,0.364412597333892,0.374636907767056,0.396480614763442,0.398787368138351,0.409550795527137,0.369601273849045,0.392120148497202,0.347205005222418,0.380402268379126,0.379902107431744,0.396136751184163,0.388830157366539
2019-10-26,df05aa15b2d66f57,3d9aeef58dd0b51b,41f90012b86a11bf,6a11e325aa60ad02,Raphael Pessoa,Jeff Hughes,1,0.473802749061149,0.474485102232618,0.479071659277424,0.469354916395299,0.472684518383907,0.473425394011636,0.478172846345704,0.477103772523779,0.482303143480695,0.47304289544329,0.476798975832592,0.473191866670811
2019-10-26,df05aa15b2d66f57,4ea4d0a73a90bfb0,4e30e4250cb08b61,e76d9f656ceb82ab,Loma Lookboonmee,Aleksandra Albu,1,0.644980796073799,0.641181736480741,0.616805567905001,0.646410004919375,0.631255992697399,0.645165345332668,0.620318310547373,0.637797228725913,0.607592854582423,0.644317966549722,0.625097014284372,0.637511326782398
2019-10-26,df05aa15b2d66f57,cc477d322638ba30,068f8a189a47fea6,f14cf73e51b29254,Maurice Greene,Sergei Pavlovich,0,0.315057777489933,0.323449056483813,0.353169278120619,0.337888899601017,0.354464825299124,0.318331853608203,0.348593660206737,0.307584083652505,0.348191817993733,0.328839639357169,0.351175508315747,0.336299066055835
2019-10-26,df05aa15b2d66f57,a4527094aa107b55,76e2870ffafbe38f,be0b310a12eb80b4,Movsar Evloev,Enrique Barzola,1,0.543747547418449,0.537662632712325,0.530902780471834,0.524054221050964,0.521438593993331,0.542070533230292,0.53457080661467,0.563258322358224,0.548985278366442,0.533709946449173,0.529017078642309,0.531576960445294
2019-10-26,df05aa15b2d66f57,1c91deb42b991d18,c17041f1bb5768d8,c814b4c899793af6,Alex White,Rafael Fiziev,0,0.334443544171429,0.345059033500397,0.371570662610232,0.352561783827164,0.367810756319175,0.33596971566952,0.363681184876127,0.320813333763859,0.359035736497336,0.343091800133661,0.363801856328326,0.352490793229121
2019-10-26,df05aa15b2d66f57,1f9a6f2120835615,4a57ebb14315b251,b4c6c904a9ffc5e8,Randa Markos,Ashley Yoder,1,0.431319379158892,0.435774997309394,0.447239662054865,0.45616525827675,0.460917353326863,0.439650268347723,0.450367956670206,0.426635705199142,0.443146341669503,0.447962635998986,0.455182448140961,0.447440686742406
2019-10-26,df05aa15b2d66f57,89266a872e1f92d9,447f9858ae78f921,a12a8314adc1c1c9,Muslim Salikhov,Laureano Staropoli,1,0.453623901833108,0.456332989358247,0.464162861945592,0.441632496060242,0.447938740388702,0.445263321258575,0.454996894352027,0.443733485501487,0.45644868487843,0.437283737566031,0.445962091598544,0.450516707659242
2019-10-26,df05aa15b2d66f57,41b75c9222c33cdf,1a9480fc288e55d7,787bb1f087ccff8a,Don'Tale Mayes,Ciryl Gane,0,0.408058625806148,0.408684204610001,0.424844653538418,0.408595557912583,0.418359094108158,0.409328318120729,0.425280510950539,0.408834311847257,0.429238066362028,0.409309512736244,0.421741125604754,0.413676002073208
2019-10-26,df05aa15b2d66f57,b2d05ae88f820421,08af939f41b5a57b,764342d39cdaa54a,Beneil Dariush,Frank Camacho,1,0.81762535294926,0.808721152106009,0.76534700914828,0.791361947436461,0.766383183144681,0.811029018381898,0.767831574635887,0.821089380607398,0.764479138308941,0.801382568912034,0.768576124102509,0.790794393231595
2019-10-26,df05aa15b2d66f57,3162ae3ccbf785ac,31a13532e724ca2b,511e82663651438d,Stevie Ray,Michael Johnson,1,0.410975931956278,0.414204101325783,0.42941835788363,0.439938510186074,0.446424807663977,0.419308241752907,0.433554831468426,0.394945712410674,0.418335593090118,0.428660714676119,0.438507441909515,0.430250249821877
2019-10-26,df05aa15b2d66f57,241a0833e1c76804,0b31f87be71ebbb1,427b5953ac8e3a27,Ben Askren,Demian Maia,0,0.295384940560053,0.301244946320733,0.334047671216436,0.323569320298969,0.34138543167877,0.312989924354253,0.343997086970682,0.305484188807977,0.346461451872882,0.320313412351586,0.343588677448591,0.320074387657091
2019-11-02,fd87b1bbfcde9d5e,d7cbe2f23d75afd1,1291edf2d566a71a,2c9d00968f818270,Julio Arce,Hakeem Dawodu,0,0.450966501750061,0.453349251223598,0.461709606614505,0.463858819627793,0.467782321179276,0.456081271829544,0.46390796616084,0.444563587214246,0.457093352179943,0.461274568352144,0.466661453562794,0.46014098148384
2019-11-02,fd87b1bbfcde9d5e,a6c29d2cb319d923,1ddb480b601cefb1,4e0692ad070976e4,Chance Rencountre,Lyman Good,0,0.385788025042441,0.39093942520529,0.410097498060563,0.41210018342719,0.421503130903184,0.395425541177224,0.413719813643341,0.385760356206371,0.411096337033686,0.404027925162173,0.417154728934019,0.405171840071871
2019-11-02,fd87b1bbfcde9d5e,515ecc54219bcc4c,8e1f36476ef02a6a,e872e9a9a902c045,Jennifer Maia,Katlyn Cerminara,0,0.378173840911808,0.380453207786666,0.401346990627313,0.391148039412938,0.402680033477188,0.384712043822594,0.404780461939094,0.381577588351906,0.407791425416281,0.387495467206327,0.402764867150739,0.391492325378116
2019-11-02,fd87b1bbfcde9d5e,83f7c3b91a402306,2cd428e9606856fd,3738e68d2261e60f,Jairzinho Rozenstruik,Andrei Arlovski,1,0.616563887304714,0.610872182658045,0.591412222106174,0.61366525647793,0.601653978662883,0.613735735798334,0.593922574730115,0.615677929855846,0.59003947932529,0.615665412792235,0.599992674514949,0.608444350262294
2019-11-02,fd87b1bbfcde9d5e,a3e8ef1ce72a7d02,0c6d9ea8306c029e,4144798612ef96e5,Brad Tavares,Edmen Shahbazyan,0,0.162155642060169,0.171220004063185,0.215319278530333,0.206283554097184,0.231339876013169,0.178544021973849,0.222146554271525,0.164124074848524,0.221345555628183,0.193432528015458,0.226426884403409,0.197642865716185
2019-11-02,fd87b1bbfcde9d5e,216fddf542707629,87a1dc546b1c5caf,98d961097baaf308,Makwan Amirkhani,Shane Burgos,0,0.464352209913463,0.463353309412169,0.469931810509703,0.452639061473688,0.457769685519012,0.461046141968605,0.467993796689548,0.467908694585173,0.475189371213535,0.45166589549342,0.45837729128013,0.460754726775015
2019-11-02,fd87b1bbfcde9d5e,a2af14e9dba37b03,5e4eec08896c9423,c21f26bbde777573,Corey Anderson,Johnny Walker,1,0.564754306543115,0.559586903941253,0.548937794354239,0.524809412239956,0.522111890880213,0.545845581562936,0.537678348873836,0.572010760692288,0.55579876357508,0.529105043428675,0.525050724947574,0.541538156611166
2019-11-02,fd87b1bbfcde9d5e,d5955b81c26230ff,84ff027394f7e470,ee9ebceabfd16fa7,Gregor Gillespie,Kevin Lee,0,0.505199459348421,0.505182695875125,0.50424989503139,0.475349905923155,0.478030152243612,0.489997949330732,0.49178694247875,0.502143851713265,0.501656554087851,0.480062671125642,0.48284260548072,0.490351396784876
2019-11-02,fd87b1bbfcde9d5e,f870cacadb058733,1788eee370f077b7,d3df1add9d9a7efb,Blagoy Ivanov,Derrick Lewis,0,0.374164664307564,0.380204213382621,0.401138855907088,0.408381697176022,0.418167182987878,0.384201290646499,0.404353562716817,0.357360490868838,0.388540990800182,0.398683078303304,0.412508338466272,0.397994146419611
2019-11-02,fd87b1bbfcde9d5e,28deed0ab55ca350,4a28cb716c19157a,6d4b63c767106d3a,Stephen Thompson,Vicente Luque,1,0.373740402313129,0.375752610241394,0.397414842418419,0.360950821040306,0.375417927693877,0.374830468430051,0.396508671373298,0.388285424711475,0.413088873686712,0.366976743154774,0.38482368007485,0.374656400593433
2019-11-02,fd87b1bbfcde9d5e,7c40aa2cb6883a91,8c0580d4fff106c1,9ce6d5a03af801b7,Kelvin Gastelum,Darren Till,0,0.403614435642257,0.409342000441722,0.425390011276776,0.424990194181875,0.433053380362317,0.408023444431055,0.42419721293409,0.389172028228888,0.413788044279244,0.415215690781762,0.426864374666334,0.41962408973453
2019-11-02,fd87b1bbfcde9d5e,ac0a63ad13897564,47b9e0e7703a4868,8355922d564b152c,Jorge Masvidal,Nate Diaz,1,0.611960107395646,0.605565363533956,0.586992015864693,0.604667961656409,0.593555743987326,0.606581321673157,0.587952568324632,0.585395173749814,0.566245962975969,0.608865645057154,0.5940631965656,0.601942419717701
2019-11-09,8d5daf67983b65ba,f0418c2c989a5cde,113df4fde64735c6,d3fa5c5955397532,Davey Grant,Grigory Popov,1,0.550030618379845,0.55099275446356,0.541862053932928,0.546461350890911,0.541427215265984,0.545598836148822,0.537475191292092,0.535463219661177,0.527420908612051,0.543073816740563,0.537086633515021,0.545334264156798
2019-11-09,8d5daf67983b65ba,c814ef3b3a26e2fe,6c8072b61c276e67,91dac5e69e28d5b5,Jessica-Rose Clark,Pannie Kianzad,0,0.459294220995275,0.463001804735708,0.46964306067972,0.465957056228227,0.469654002259461,0.45585552311958,0.463722133175638,0.450449850261299,0.461662013328496,0.459964032329051,0.465531983530737,0.464949613142458
2019-11-09,8d5daf67983b65ba,a7807ab56cb49cad,37c5366d18ed6c05,d06f8869449ba7bd,Roosevelt Roberts,Alexander Yakovlev,1,0.60199032250701,0.599039425735794,0.581565542030399,0.619288743332052,0.60672266776601,0.612588869580957,0.59296470645679,0.591696859461423,0.571178012819555,0.618404623740094,0.602384117126145,0.604577856299202
2019-11-09,8d5daf67983b65ba,1af574c0814429ac,029e1293e609fd74,3bb2dc8e87b10a46,Abubakar Nurmagomedov,David Zawada,0,0.461353490178156,0.463124114046942,0.469743534976633,0.480634627204634,0.482741360126863,0.46521994362321,0.471427007275732,0.459424808536859,0.468619832099158,0.471112652496347,0.475136754891967,0.473024338829191
2019-11-09,8d5daf67983b65ba,495e64df4c4ce7a7,37d5b176d438d2a5,9d83f6da776ff7d6,Karl Roberson,Roman Kopylov,1,0.549401753441623,0.550966286223716,0.541840275459387,0.554656237426949,0.548745322536151,0.549611500815517,0.540779782354406,0.537356480705612,0.528886964189487,0.553705037018744,0.546256687427187,0.549043190069013
2019-11-09,8d5daf67983b65ba,c8dfcbee63266273,90da09db03e41748,9b7694d064a8a0ad,Sergey Khandozhko,Rustam Khabilov,0,0.238348631380186,0.24665580879091,0.285863298952774,0.265427999064495,0.287591550785765,0.247891309166863,0.286727157042747,0.232159862253981,0.284089283836838,0.255993098010436,0.28536319341221,0.264511247080398
2019-11-09,8d5daf67983b65ba,343749a2f7c5d78b,ce632027bf2a871b,d802174b0c0c1f4e,Dalcha Lungiambula,Magomed Ankalaev,0,0.492833323900921,0.491935095300557,0.493386536482053,0.514864615920884,0.51324695366258,0.500880102932683,0.500722654237002,0.489075079866527,0.491557794327689,0.509757285149874,0.508395912265205,0.50398594054346
2019-11-09,8d5daf67983b65ba,f820c6292e19d854,0d980975001ae3d8,7279654c7674cd24,Shamil Gamzatov,Klidson Abreu,1,0.428626267194312,0.43071884041681,0.443069117781493,0.439842171940823,0.446338701538529,0.431981751837696,0.444037168731729,0.425656590482133,0.442383041800317,0.435842958128813,0.444717151996518,0.438282254145757
2019-11-09,8d5daf67983b65ba,1317d7cd79495a0e,5331b25a60417ffb,abd5fb12437eda21,Anthony Rocco Martin,Ramazan Emeev,1,0.619124505391422,0.612191408742456,0.59251213067968,0.575168167223671,0.567088400981503,0.602218323893041,0.584317951812124,0.62766796915792,0.599533674788761,0.58562598529492,0.573865385956541,0.590956663622185
2019-11-09,8d5daf67983b65ba,408fc024d3e91b0e,06f36cf4bd97ec77,c3218c810959d279,Ed Herman,Khadis Ibragimov,1,0.211330616614976,0.219848643916144,0.261424402708849,0.227325307821218,0.251568674358095,0.216972693314738,0.258496321619267,0.212620351723355,0.266663310888884,0.222981983136575,0.254612857428215,0.232703670707872
2019-11-09,8d5daf67983b65ba,071a1cd551b7b4d5,7f0f171414d0a287,a6cba6bb66c1a8c9,Zelim Imadaev,Danny Roberts,0,0.747071608492001,0.735337543598055,0.698031979403612,0.711144128056455,0.69058416327284,0.734623119163538,0.697632890143993,0.749015921127373,0.699484733530773,0.721659860813899,0.694184829617298,0.717073234141933
2019-11-09,8d5daf67983b65ba,3cd1f2c31b4e325a,279566840aa55bf2,85073dbd1be65ed9,Alexander Volkov,Greg Hardy,1,0.54759775470181,0.545950956575752,0.537714939454022,0.543682038204381,0.53894635420037,0.548750779914207,0.540070803274096,0.547309168099112,0.536599800252677,0.550531003627438,0.54351784772704,0.542875032215269
2019-11-09,8d5daf67983b65ba,c3bb60dc82345a9f,751de04455cfaac0,87aa9fb63d6b51a1,Calvin Kattar,Zabit Magomedsharipov,0,0.20815512778503,0.216238577511908,0.258085916723874,0.259238621504051,0.281787389776423,0.229425050981351,0.269962197615277,0.209992990250543,0.264287885671778,0.247740512515677,0.277740150325081,0.246508722892004
2019-11-16,81ca2c245b19b3c5,18e1b0df8da7010e,68d4a891e5cf2029,9b7dfb3b7d99926a,Tracy Cortez,Vanessa Melo,1,0.676416985407025,0.669357885366712,0.64068447474753,0.652967765513784,0.637212438563761,0.669653148794874,0.641114385958708,0.681900089456937,0.643180620515287,0.660532264869394,0.639402514199093,0.655265684868927
2019-11-16,81ca2c245b19b3c5,1800ffbb34ac7ed8,6551c64fbcd1a467,e0f959f65d0406b4,Ariane da Silva,Isabela de Padua,1,0.458373768404811,0.459017026555145,0.466368979052628,0.457709055532013,0.462295170016618,0.460095931099205,0.467211990743397,0.458605709779444,0.467985195562814,0.460966927835165,0.466396328100931,0.460515281071784
2019-11-16,81ca2c245b19b3c5,80ce8f7d988d5e57,2c99576fefe53c7c,3a314d9fa7c6825d,Renan Barao,Douglas Silva de Andrade,0,0.496629508985521,0.500792680988988,0.500650003874005,0.527505762927377,0.524516018716637,0.502032985166158,0.50166929052596,0.457759700615881,0.467329635641063,0.512434096251961,0.510699464752046,0.51187139697774
2019-11-16,81ca2c245b19b3c5,e6a0f19af995c432,c6aee362c7a7d482,d317a5e2b3f88c5f,Randy Brown,Warlley Alves,1,0.443063373350765,0.443973362029747,0.453994530256292,0.431650461205079,0.43901385576936,0.43433705502941,0.445982485169593,0.445992962260479,0.458203197115871,0.430098513282946,0.439751066159245,0.440850294754127
2019-11-16,81ca2c245b19b3c5,22307b580e0c8d0d,887961364be5ceb3,a8283a4f415e1eb9,King Green,Francisco Trinaldo,0,0.524070519896935,0.524284054055539,0.519918219425778,0.550135342069617,0.544707501797481,0.543171872075746,0.535477267284833,0.521950909517427,0.516965818424175,0.552253403620438,0.54500397054212,0.535358488471142
2019-11-16,81ca2c245b19b3c5,094790e50afae55e,1ae8f3c723aacff4,7bde387d50829adf,Ricardo Ramos,Eduardo Garagorri,1,0.722474397928869,0.718199052034255,0.6829048803984,0.719999523812913,0.698807581710793,0.724788601082541,0.688926637072317,0.719832710520078,0.674617083035971,0.726024230496171,0.698158497838449,0.709688260457898
2019-11-16,81ca2c245b19b3c5,aa232e53d285cc6d,1bcaac2d99b90fce,8f6a18831a120817,Sergio Moraes,James Krause,0,0.365727029074118,0.371176173855755,0.393580479171102,0.384195758157219,0.396418732480446,0.375252460955453,0.396862474231312,0.369197610368959,0.39797640937192,0.381596594777354,0.397616947060168,0.382375360150211
2019-11-16,81ca2c245b19b3c5,9e1ecdb9a8856a8c,2ac4628c08ec5125,4dcfb28c011c11b2,Markus Perez,Wellington Turman,0,0.357954555797072,0.364220738685099,0.387740811861505,0.362969302611987,0.377245931189977,0.360730303198305,0.384656255052136,0.357289047441875,0.38848388109026,0.36281697041374,0.381173920445757,0.368440281020031
2019-11-16,81ca2c245b19b3c5,57b111b54a2d2323,61fb8098ccf81c7f,886264a0c9f4ea5e,Antonio Arroyo,Andre Muniz,0,0.43482949124029,0.436473117798271,0.447815214051126,0.431789417759726,0.439138162375728,0.432876316330392,0.444776112187516,0.433947806867355,0.448841207330989,0.431613893117656,0.441061509241059,0.437181985541419
2019-11-16,81ca2c245b19b3c5,7afe2a15ae7359e9,07225ba28ae309b6,7026eca45f65377b,Charles Oliveira,Jared Gordon,1,0.857463864930798,0.845072054200174,0.80076938067631,0.811199132360042,0.785682220438711,0.839820136628176,0.795836967879629,0.863392183241294,0.806068816948586,0.826198921507721,0.792715642654105,0.821100879992828
2019-11-16,81ca2c245b19b3c5,c04274c8caa505dd,7a703c565ccaa18f,99df7d0a2a08a8a8,Jacare Souza,Jan Blachowicz,0,0.614391399393705,0.612251386862103,0.59256214812323,0.600067530758572,0.589420103351553,0.609825707654023,0.59065827102283,0.611813776701805,0.58698937042656,0.606505982973617,0.592007785026087,0.600816029457975
2019-12-07,b09890ba7ce1d1e2,81af3b60203d92df,ea7e5bc78d9de658,f797f0c57a83353e,Makhmud Muradov,Trevor Smith,1,0.634280825888356,0.634084062640527,0.610834547188032,0.64502307326437,0.629997542115793,0.633081951523506,0.610134884910329,0.623108257845156,0.595917561601343,0.638694690849829,0.620153531146141,0.631943605361479
2019-12-07,b09890ba7ce1d1e2,652a956adab8ad0e,19b7738321cfae42,7dda2cf308f24a02,Mallory Martin,Virna Jandiroba,0,0.450551117256042,0.454834657856693,0.462931029791712,0.500613252127659,0.500546481019632,0.465232525077329,0.471437354251449,0.438426980647394,0.452325206644155,0.483499386822909,0.485800743378148,0.477802800091633
2019-12-07,b09890ba7ce1d1e2,a3f89ad71e1caa81,af65aa688d13eedf,eb29176b03dfa888,Joe Solecki,Matt Wiman,1,0.821481684234982,0.810778852426888,0.76730832326773,0.780542116330678,0.755963956147962,0.804763898988685,0.761869893540134,0.818904910835729,0.762413880201831,0.790729170783722,0.758379572758439,0.787553242563513
2019-12-07,b09890ba7ce1d1e2,fa3f04be9344804b,5b8ba8f5512893b1,d9c6f19f958643e9,Matt Sayles,Bryce Mitchell,0,0.532503888715843,0.529988036455169,0.524600060282412,0.503083254151184,0.502747555238629,0.519243078680319,0.51580306697379,0.533950297626758,0.526249600147712,0.506863166068675,0.505905493142442,0.516264179843687
2019-12-07,b09890ba7ce1d1e2,d9501c6985c1b38d,637bd06c32219f0b,aa171d55d4b5208f,Jacob Kilburn,Billy Quarantillo,0,0.61149801065771,0.609038148927023,0.589883818252008,0.613419239027534,0.601432361460056,0.613082819732255,0.593377214672903,0.612209537600656,0.587301551882375,0.613580225168209,0.598173322472359,0.606010698179259
2019-12-07,b09890ba7ce1d1e2,57d04160f5438654,31ee470ef5dc8d7f,4b47e71384a9522f,Thiago Alves,Tim Means,0,0.303617559045535,0.314264503256441,0.345288150568704,0.36974584859477,0.383376629225966,0.33105696111465,0.359491958127253,0.290135983813669,0.333732549944333,0.355388130454234,0.374644371024879,0.346090935363043
2019-12-07,b09890ba7ce1d1e2,b9ff9ebe19ae6358,05339613bf8e9808,5987b2458f4b5290,Rob Font,Ricky Simon,1,0.478273115369878,0.476105411554985,0.480401388130843,0.44314466292224,0.449289968962056,0.463767595989143,0.470232517269786,0.491388485831136,0.493345634820899,0.449499117921792,0.456508139340982,0.462409948410682
2019-12-07,b09890ba7ce1d1e2,b5365d22172e414b,3143bf892608139a,d4691518d012b9e7,Yana Santos,Aspen Ladd,0,0.488923220912273,0.487894260469173,0.490072577336939,0.474821137538646,0.47755871520658,0.483449696895682,0.486408900842383,0.495523308691537,0.496540832195794,0.480272128232021,0.483022906087369,0.482713030135754
2019-12-07,b09890ba7ce1d1e2,bbc8e8a69e9bd106,bd58d34e39b7b12a,ebc1f40e00e0c481,Ben Rothwell,Stefan Struve,1,0.575393625982235,0.570936454546546,0.558297074022066,0.54304876059236,0.538381150942402,0.562067894357183,0.551049775445298,0.575294729628069,0.558358764549056,0.549049190430771,0.542239525228508,0.555252666939578
2019-12-07,b09890ba7ce1d1e2,e91f289f1b9f9519,2cd428e9606856fd,b4ad3a06ee4d660c,Jairzinho Rozenstruik,Alistair Overeem,1,0.449829254753469,0.453353946364646,0.46171346769265,0.462075583942057,0.466191445059396,0.448761941002111,0.457880197219146,0.439736198207163,0.453342942224841,0.453018673807038,0.45954404500351,0.458756168436018
2019-12-14,4565d435005319c0,30523303e8d85c25,1cf7ccf64a5bf24e,64facb6cc564262d,Oskar Piechota,Punahele Soriano,0,0.409199887147185,0.413533359869693,0.428862909353572,0.424684000715371,0.43277924207054,0.412415804182545,0.427842367200639,0.401621363421718,0.423582116811011,0.419290117786677,0.430395493802128,0.42203593974271
2019-12-14,4565d435005319c0,35d0ef51fede263c,36541f1e6c5d4955,f72465a784c1b084,Viviane Araujo,Jessica Eye,0,0.646858564869508,0.642571799282848,0.617976908452396,0.635349069083274,0.621231804878776,0.644255225368323,0.619549617587129,0.636977735506685,0.606939443767232,0.642545437246004,0.623537822521879,0.632953463413401
2019-12-14,4565d435005319c0,1881b1e85cceee13,792be9a24df82ed6,853eb0dd5c0e2149,Brandon Moreno,Kai Kara-France,1,0.510088082737932,0.507744327626108,0.506350566651769,0.484342363727184,0.486046234746995,0.501849763243667,0.501518845958694,0.519189276785756,0.514830451287822,0.488286333711992,0.489920521602371,0.496953567143515
2019-12-14,4565d435005319c0,d42410f6f1039ab5,971246648e162f0d,fbf0537e420e698e,Chase Hooper,Daniel Teymur,1,0.678003307591949,0.673879054515163,0.644545085792327,0.681941312068028,0.663663641452728,0.678571589461411,0.648747810174377,0.673632134318673,0.636439254778572,0.680308116704761,0.656965403349725,0.67020946774586
2019-12-14,4565d435005319c0,98dd88d83f57c17a,31123249b0bbf52e,484acc7b0f856ce9,Matt Brown,Ben Saunders,1,0.713414024632252,0.705889253980292,0.672148262473346,0.708012441948526,0.687683062489172,0.708849147308486,0.674940712413498,0.701805198224712,0.659565630150714,0.709654412275031,0.683301858384376,0.699514965287181
2019-12-14,4565d435005319c0,dd88960598219eba,16690d100f995f8f,2e585c701f72fe55,Omari Akhmedov,Ian Heinisch,1,0.401076333897499,0.406764109677128,0.423252256820328,0.43134516423379,0.438740738796131,0.409056131757024,0.425054571994983,0.399674550500211,0.422053299632731,0.421237412337237,0.432082248054462,0.42153605111832
2019-12-14,4565d435005319c0,c4eaeec8ac778b27,578ef12674df1e6a,b9706f80d005036c,Irene Aldana,Ketlen Vieira,1,0.497209886072118,0.495860859506417,0.496605851800924,0.456082256392191,0.460843271020588,0.479284764660456,0.482987513095207,0.502702683815744,0.502088366658091,0.462146366195214,0.467412735770133,0.477315795388262
2019-12-14,4565d435005319c0,ad5ef8d8678ff97f,b997be68943010fc,f2b6fdb20675b11c,Geoff Neal,Mike Perry,1,0.528229615112506,0.528801675188211,0.523626132423603,0.532160385179143,0.528666895465082,0.524254444893338,0.519920458541401,0.525193832396518,0.519473869267484,0.529927989003753,0.525759468594274,0.528468491015591
2019-12-14,4565d435005319c0,a0c82ba11a373008,78114b7199cef90c,d661ce4da776fc20,Urijah Faber,Petr Yan,0,0.249492245897487,0.262517363266708,0.300061368229365,0.277045663317421,0.298441669097023,0.262522019516218,0.299828016521662,0.243607827733303,0.294117983745897,0.268567489005309,0.29690389458116,0.275555219285514
2019-12-14,4565d435005319c0,b5ec939fd1edf048,d0f3959b4a9747e6,fea79f9bc8c68769,Jose Aldo,Marlon Moraes,0,0.525561411276391,0.526364177638673,0.521625370867183,0.560509210251379,0.553975367276555,0.543837022097021,0.536024775804993,0.534513978060359,0.526685979894684,0.560467965479927,0.552095684421577,0.541115340624347
2019-12-14,4565d435005319c0,36fcfd186a8d6df7,1d239d571e342453,80fa8218c99f9c58,Germaine de Randamie,Amanda Nunes,0,0.183276548855542,0.192022267419533,0.235360415494212,0.223115778726524,0.247542690440676,0.199430106103579,0.242097101006881,0.180910892879198,0.237412249637054,0.212964650614874,0.245134625612612,0.21664348791027
2019-12-14,4565d435005319c0,efc40ec41114d8fa,150ff4cc642270b9,e1248941344b3288,Max Holloway,Alexander Volkanovski,0,0.476163587813475,0.480700399725591,0.484171623115027,0.490556521884113,0.491584525927039,0.480128414486867,0.483680607539754,0.4684623230233,0.475617858413686,0.483374731548408,0.485693453433657,0.484583739480719
2019-12-14,4565d435005319c0,82177c0f91d9618a,dc9572dd6ec74859,f1b2aa7853d1ed6e,Colby Covington,Kamaru Usman,0,0.391407924005138,0.395460894948372,0.413861998275902,0.388063569590676,0.399903157396709,0.389484040431118,0.408765749283735,0.390388036216984,0.414746606880601,0.386900453964646,0.402245943261976,0.396040766101246
2019-12-21,74fefd43f073cd2f,15aa55a91cf848cf,1897b7b913736a7c,20999e27ddd94bda,Alatengheili,Ryan Benoit,1,0.488843480564406,0.488535486618064,0.490598482801339,0.486600041161727,0.488058445875593,0.481704106466523,0.484975025748569,0.489023718585084,0.491518099893998,0.4819542231179,0.484470798021955,0.488414637349433
2019-12-21,74fefd43f073cd2f,60e1b3ac3182f5b3,3df5493bb279226f,7559395ad833c074,Amanda Lemos,Miranda Granger,1,0.310053091643376,0.313577177676582,0.344696804820505,0.314822915846247,0.333367311495297,0.316299913208813,0.346846790201892,0.312427707677088,0.352173384089478,0.318274538302618,0.341770524702801,0.322678812117876
2019-12-21,74fefd43f073cd2f,75523d31940c9344,0fd5f4b838e890cc,b9f28e7045fdfce7,Said Nurmagomedov,Raoni Barcelos,0,0.735662453248587,0.726747940882082,0.690427414396527,0.69936447344035,0.679690212585985,0.726889704998358,0.690781546034122,0.742853695982518,0.69417684378197,0.712826236535339,0.686170519482866,0.705868064774685
2019-12-21,74fefd43f073cd2f,5a5a65d8df176506,67c1d46f4ed16f9e,a0f0004aadf10b71,Matt Schnell,Alexandre Pantoja,0,0.362029685973379,0.367982738765381,0.390901172906921,0.395866765242272,0.406925129556806,0.377966568483805,0.399136798959997,0.374481192684182,0.402171609149084,0.391256016241102,0.406042805535692,0.386311326787734
2019-12-21,74fefd43f073cd2f,9140e6fdeaa7cd3f,98a6b2361045898f,a0e6753c42698f13,Dong Hyun Ma,Omar Morales,0,0.245385238595184,0.254576834047069,0.292976055734403,0.300954863790232,0.320604431020618,0.267584363271157,0.304326739026185,0.245722920689078,0.295957365151108,0.288512274919063,0.315040622289187,0.284966279586777
2019-12-21,74fefd43f073cd2f,6ea23c2c30f85a89,192520689012c7e4,a68575214ecad140,Suman Mokhtarian,SeungWoo Choi,0,0.522708943987497,0.52350476916616,0.519278721900487,0.538691620190276,0.534493054198268,0.527616589547354,0.522683548099631,0.520653381854744,0.515962487041631,0.532260829428603,0.527768776682349,0.529150154634501
2019-12-21,74fefd43f073cd2f,3637e661b6854b49,04c8b08b16a5b99e,787bb1f087ccff8a,Tanner Boser,Ciryl Gane,0,0.365788816871923,0.367704129814597,0.390667271434653,0.379824378302405,0.392477424517929,0.371775508957239,0.39394582214032,0.369270941825273,0.398034701731877,0.375126553548884,0.391961576992952,0.38027738749897
2019-12-21,74fefd43f073cd2f,f93f794247af708a,31bbd39c0a075d4e,a7897d200692ab64,Pingyuan Liu,Kyung Ho Kang,0,0.417408296810722,0.419584402534467,0.433870804217822,0.430116589691534,0.43764156571837,0.425368444915223,0.438570535066116,0.427599314757939,0.443897378407271,0.428751915517561,0.438586334033422,0.428431065690431
2019-12-21,74fefd43f073cd2f,b3bd27affa038e9c,285ae0b4a68221f4,8e9eb3fc86db0f7d,JunYong Park,Marc-Andre Barriault,1,0.34018871038559,0.344638522089588,0.371214344721659,0.3653730624151,0.37942170599866,0.348267186641374,0.374126229875659,0.340398662842265,0.374923093540802,0.357043624848209,0.376100777233162,0.361388493794462
2019-12-21,74fefd43f073cd2f,47e49e04e32be7e9,18b602842a24f7c5,74f9448b97bf8bec,Mike Rodriguez,Da Woon Jung,0,0.495202017497354,0.490759591917576,0.492422521145139,0.460293617760662,0.464601523704469,0.482720208147233,0.48580969289429,0.505604514621884,0.50433067049612,0.467810940927261,0.472293044709319,0.478466927028421
2019-12-21,74fefd43f073cd2f,997ab1ea9fab5643,e93b04e308913c2e,f1d64ae34e088832,Dooho Choi,Charles Jourdain,0,0.52046010168951,0.520151169839669,0.516527025990204,0.496014783812429,0.496448680438815,0.509287454390423,0.507626230143294,0.521909233476866,0.516933590439037,0.498550558597292,0.498752830278952,0.50734815307122
2019-12-21,74fefd43f073cd2f,2b8cae68963a40a9,0845c81e37d3bcb3,333b9e5c723ac873,Volkan Oezdemir,Aleksandar Rakic,1,0.590496200456435,0.587501322059923,0.571994092148412,0.552600852459307,0.546909365981058,0.579334433346309,0.56532123480346,0.595904624817119,0.574476463284373,0.563787207873871,0.554963261310101,0.566817196708177
2019-12-21,74fefd43f073cd2f,06f37329b223b451,c451d67c09c55418,f2688492b9a525a3,Chan Sung Jung,Frankie Edgar,1,0.360737069280087,0.366127065687357,0.389342821330417,0.379827258917371,0.392480022885773,0.370419667177667,0.392807507299508,0.366436891984204,0.395780470620645,0.376789765251694,0.393416295293039,0.377946143747147
2020-01-18,0c1773639c795466,96fe84d051847591,6fd953151d981979,70d2329a92864fdb,JJ Aldrich,Sabina Mazo,0,0.341056064510105,0.339131061900811,0.366541453030269,0.363446232386952,0.377677725148612,0.343396053826028,0.369995695331632,0.334912044161168,0.370491109007157,0.357154972134635,0.37619870648778,0.360858454048468
2020-01-18,0c1773639c795466,6087c50c5f95a677,ba1e6cb3d43f7430,c2a670b22d2e196f,Justin Ledet,Aleksa Camur,0,0.275131021677403,0.287507125535113,0.322092012520187,0.29675195138288,0.316723686686392,0.293817973552293,0.327385407539238,0.292510134325446,0.335711264384989,0.298959915283938,0.324466267761151,0.297431368699292
2020-01-18,0c1773639c795466,63dd38f0dcc2ee88,519e4fe37ce9ff75,b7b84ccd221be298,Drew Dober,Nasrat Haqparast,1,0.335139266380265,0.344420272395756,0.371029386106565,0.351932192860979,0.367239188209701,0.348640988930428,0.37444284167176,0.346866049131177,0.380129883732878,0.352234034618986,0.371867433514524,0.352507740074488
2020-01-18,0c1773639c795466,ff467a5f06a91a0f,b1d19449397541dc,c96d9178c9ed9e62,Askar Askarov,Tim Elliott,1,0.470530603400505,0.464650595966947,0.470997405861036,0.499918142609098,0.499927055278098,0.482434177948539,0.485574740047876,0.458757850875672,0.468103079497486,0.495999381547401,0.496557657173316,0.486576536260397
2020-01-18,0c1773639c795466,5868c154789648f0,8fd808923cffff82,94426bb170c88115,Andre Fili,Sodiq Yusuff,0,0.397349945863604,0.412356233742147,0.427887908582912,0.403970903477881,0.414207651958738,0.41076570725271,0.426473425905842,0.421125945599658,0.438848619967339,0.405048206265769,0.418041093360191,0.40653124076974
2020-01-18,0c1773639c795466,760b5b16b4931a77,4498b382c65a7faa,6a740daf1b279661,Roxanne Modafferi,Maycee Barber,1,0.107157781562551,0.112354789569774,0.155135099430986,0.119988747030737,0.144848726927285,0.112783175061174,0.155300030613436,0.104130316108377,0.159364588323201,0.116358657819903,0.148748625209175,0.126539413552481
2020-01-18,0c1773639c795466,32a8f38bd1d46e3e,cbb682f5fcc44bfc,f53d4f21d1b5f2dc,Anthony Pettis,Diego Ferreira,0,0.322665303231581,0.325926307394055,0.355288517897018,0.3483776990742,0.36401049942928,0.334652861429217,0.362559227876307,0.324311723076089,0.361887555486061,0.345527861416608,0.36595349714782,0.344956601248999
2020-01-18,0c1773639c795466,4eff0432bd364a23,6d68c1afe954f121,7be14eaed4c74856,Ode Osbourne,Brian Kelleher,0,0.682417672457163,0.687139532042115,0.65592005945961,0.678067954354168,0.660113761558554,0.692619032141238,0.660843768279414,0.704479535096591,0.661785047669838,0.685272039308818,0.661395838646882,0.670329466940103
2020-01-18,0c1773639c795466,702759500d47a059,068f8a189a47fea6,98c23cb6da5b3352,Maurice Greene,Aleksei Oleinik,0,0.607523628030551,0.582906302418671,0.568189706216614,0.612323582812384,0.600445501735462,0.589948616049219,0.574119352234901,0.565253610509981,0.550537397522448,0.605284501525136,0.590944237234392,0.603662496468753
2020-01-18,0c1773639c795466,36032308b7e86fd0,634e2fb70bde3fd5,fc169c387b4b465d,Holly Holm,Raquel Pennington,1,0.427203245668735,0.429310600902669,0.441906859179817,0.425438847635498,0.433455045571453,0.426079476227556,0.439158613314158,0.42162749019493,0.43924008218901,0.427226975276059,0.437267060699486,0.430615628875602
2020-01-18,0c1773639c795466,eed6c9aff2234b7a,1d00756835ca67c9,f4c49976c75c5ab2,Donald Cerrone,Conor McGregor,0,0.652916794811164,0.665596857817986,0.63747944093295,0.594018482683869,0.583987093562609,0.641528756459754,0.617248500467815,0.67017852120275,0.633633654710465,0.610146173631521,0.595179090695864,0.615852615217068
2020-01-25,44aa652b181bcf68,901dbd1e6463c4ba,4f140403000158b5,583ee11abddfc581,Herbert Burns,Nate Landwehr,1,0.503654106988075,0.503679876394618,0.503017541024706,0.503752459076902,0.503343902590431,0.503891652892593,0.503195463738565,0.503845723102468,0.502971606280495,0.503864364872846,0.503325101836723,0.503484653842948
2020-01-25,44aa652b181bcf68,918c2efc59c1952e,601964f9654f911a,ec52462a1b41f714,Tony Gravely,Brett Johns,0,0.51341073051495,0.516786191691117,0.513766483840984,0.512044337296298,0.510733372020757,0.516772670953838,0.5137737518668,0.516853942572842,0.513024996481265,0.514432076549566,0.512418945587551,0.511948271649505
2020-01-25,44aa652b181bcf68,79161bde28636128,2eeaefbfc7f9fcff,7be74a12d7352df2,Lina Lansberg,Sara McMann,0,0.503348216175397,0.497814883951274,0.498208186535424,0.507631627171056,0.506800800958491,0.498174392054028,0.498500988084038,0.50016587768853,0.500128173365192,0.504532685471397,0.503900167443509,0.505234299372969
2020-01-25,44aa652b181bcf68,737e2781e4a7db5c,cc1a8b4b38b92c6d,dbac0a413af64bbe,Montel Jackson,Felipe Colares,1,0.656030202252587,0.658593334260118,0.631526369945417,0.638675925346087,0.624243974367619,0.655565549520527,0.629123048517812,0.67189282408839,0.635025554824699,0.64523970094417,0.625908159763192,0.638818614911146
2020-01-25,44aa652b181bcf68,151c2bd6dfefb4b5,3cf66c62d9069f43,928ae2e5b5f7a9ec,Lucie Pudilova,Justine Kish,0,0.536988453294177,0.52770044043136,0.522722166393037,0.537422439437741,0.533360709448138,0.5258885459199,0.521263322649744,0.524116618099357,0.518640691067389,0.533570295469936,0.528896774704872,0.535007208138888
2020-01-25,44aa652b181bcf68,ed94cdc0f2b97e15,040a74bb0a465c54,6fb1ba67bef41b37,Arnold Allen,Nik Lentz,1,0.686769264276093,0.665784880656418,0.637639531079482,0.682558174873031,0.664229407376655,0.667482251942598,0.639261368184729,0.652001017285149,0.618959884724049,0.675862106314138,0.653004989253445,0.674557295056598
2020-01-25,44aa652b181bcf68,3fd3b871e83434c5,3f7dab21b6c971bc,899923ff6ab13917,Dequan Townsend,Bevon Lewis,0,0.305224691385614,0.311790318268657,0.343158419971367,0.326500809513415,0.344067731070955,0.318299279797173,0.348565671191564,0.313646855849576,0.353173461068249,0.32472349814422,0.347516120891477,0.32614430072059
2020-01-25,44aa652b181bcf68,6195d3e7c412c8a2,025f0b1b58fbad01,5444c5a201d3ee5a,Darko Stosic,Jamahal Hill,0,0.643247791626166,0.652019997629097,0.625956075466563,0.623730107246702,0.610729979531493,0.647623092332044,0.622395561347371,0.662924111964466,0.62775931545706,0.632500569381385,0.614718033748739,0.625626478931749
2020-01-25,44aa652b181bcf68,b88b170a7fe40544,2244d9a2b64b8c3b,f0feeb2192937424,Hannah Cifers,Angela Hill,0,0.438465783813969,0.429117688530241,0.441747619474449,0.464877555447594,0.468691088228978,0.438660188481869,0.44955104597919,0.4183256397066,0.436661998128681,0.453929723687276,0.460329726044521,0.454934745518218
2020-01-25,44aa652b181bcf68,7dcd5d8a44a284e5,215a70f073a7b726,ab2b4ff41d6ebe0f,Jordan Espinosa,Alex Perez,0,0.433313539489574,0.445991556154942,0.455656071929539,0.444651392627539,0.45063614689287,0.448996235133835,0.458073235495472,0.450164377796771,0.461440546126398,0.448502836774742,0.455648563461966,0.442758830021196
2020-01-25,44aa652b181bcf68,2ef54419defb2364,6a2f7c151031653d,c58f51dedb310998,Rafael Dos Anjos,Michael Chiesa,0,0.467793937490358,0.454232643415265,0.462436030588655,0.487616307752551,0.4889641849767,0.466885445735816,0.472796613276611,0.44015244813605,0.453666463831885,0.485693207920926,0.487688878298183,0.479348995860594
2020-01-25,44aa652b181bcf68,037d2f426c916ffc,63def5a5662a6917,fa6796c55d6c5440,Junior Dos Santos,Curtis Blaydes,0,0.267148593067469,0.272586992169515,0.308985476462743,0.292135004512731,0.312453438668546,0.278302793057605,0.313797591564303,0.268686657661161,0.315679359032102,0.288746028713962,0.315252047632258,0.291376835963723
2020-02-08,b26d3e3746fb4024,a6441acec6718f03,305d73ede05e31ad,52c2ae6d2f2d2613,Austin Lingo,Youssef Zalal,0,0.455653990072733,0.456882139443677,0.464614284362946,0.456491856768379,0.461208850447184,0.456182482449572,0.463991279670103,0.45688771720672,0.466653869156614,0.45642802057311,0.46248388474835,0.458687132056749
2020-02-08,b26d3e3746fb4024,326b843cb2b7fd94,5f6f049d54728e88,f2477cf43c4975cc,Andre Ewell,Jonathan Martinez,1,0.336621045615625,0.337532790422555,0.365183182611358,0.349266855199616,0.364818440914584,0.334624366837632,0.362534942867859,0.323367662673995,0.361118600795261,0.343990606890726,0.364595936885692,0.351895254009593
2020-02-08,b26d3e3746fb4024,d3f44fedc561d2d5,46e0d677f91bacc0,bc711b6dd95c1af6,Miles Johns,Mario Bautista,0,0.599067568982347,0.581774014207916,0.567252847692004,0.601534978540598,0.590738933526993,0.588673224813785,0.573061045113462,0.572872861163704,0.556470613623027,0.5979867887389,0.584596091055397,0.594524698370041
2020-02-08,b26d3e3746fb4024,ed499508be1e5532,2558ae2e5671e318,cdb96af67d096b1e,Khaos Williams,Alex Morono,1,0.50117343889703,0.502573857676503,0.502110586561322,0.509940678591749,0.508858573432594,0.508211869332758,0.506742977212999,0.499937520721817,0.499951722384674,0.510282757774104,0.508848101246625,0.505371851519946
2020-02-08,b26d3e3746fb4024,cb56e868deaddac4,05fa626cb33d15b8,729d4bd5a6cd0a97,Andrea Lee,Lauren Murphy,0,0.799401853441649,0.79702546973827,0.754287259869691,0.779823669943455,0.755274601856406,0.798669657352703,0.756111630601708,0.808344480983286,0.7525270309294,0.789503658287566,0.757212476463498,0.77607302067045
2020-02-08,b26d3e3746fb4024,11f7bac5037a184c,8f6a18831a120817,b27a1fcb56a3035a,James Krause,Trevin Giles,0,0.447117450556331,0.439272534997672,0.450122466987196,0.441662991165111,0.447965991875494,0.431695933819744,0.443801047459246,0.437644391389458,0.451716724248535,0.433601494964045,0.442779879377184,0.447580940230824
2020-02-08,b26d3e3746fb4024,cefb47bcc04f540e,d3df1add9d9a7efb,e9a3aeb207578eea,Derrick Lewis,Ilir Latifi,1,0.581816334239133,0.576990778339162,0.563297705910117,0.572815626876868,0.564982453596648,0.576792078797738,0.56321689757985,0.574875457477181,0.558031809336126,0.572788786377466,0.5627465768004,0.572641603094687
2020-02-08,b26d3e3746fb4024,be822403f364fff3,82a5152216251682,cbd3e590a85b18c5,Dan Ige,Mirsad Bektic,1,0.616085665173467,0.621213829838093,0.600046814088794,0.603523733826491,0.592526809058911,0.621861664114382,0.600719335920019,0.631890167025502,0.602888507187764,0.612552299585976,0.59727678852397,0.603276165517438
2020-02-08,b26d3e3746fb4024,57961c6adebfb13d,83b00f7597e5ac83,e13abac8089a801a,Juan Adams,Justin Tafa,0,0.498304997161096,0.50374003369169,0.503066871299085,0.489197888633914,0.49037371891572,0.500073026215423,0.500059961948079,0.509693202936631,0.507490296957666,0.495509894436633,0.49613647112346,0.493972065075533
2020-02-08,b26d3e3746fb4024,05cceae674c81b86,132deb59abae64b1,e872e9a9a902c045,Valentina Shevchenko,Katlyn Cerminara,1,0.763901962131257,0.77113645569839,0.730289998704261,0.739670559711111,0.717188442360101,0.767834964495625,0.727532899234229,0.791509068848448,0.737073784209195,0.75055563973347,0.720682669239319,0.739062886788871
2020-02-08,b26d3e3746fb4024,fae99a4089f8abb0,07f72a2a7591b409,2e19380f34871c6a,Jon Jones,Dominick Reyes,1,0.804560939940199,0.792078823500721,0.749652618456037,0.790511230891995,0.765561353779025,0.797963805586712,0.755447210425548,0.790676850850813,0.736319018970471,0.795114896254664,0.762566010243988,0.783895820996274
2020-02-15,5df17b3620145578,8725dc88f2e0a6f3,82b4e942781b1046,f57dd0bfa8c17813,Raulian Paiva,Mark De La Rosa,1,0.681968315656616,0.686852728249851,0.655673181347099,0.658899002928113,0.642608918366384,0.681422056324419,0.651194902708573,0.693354646487365,0.65258140031511,0.666893349733721,0.645037180005229,0.660746047673148
2020-02-15,5df17b3620145578,d629aa5eb31a1e38,568bbad0eaced57c,9cdd2da1a9104a0b,Shanna Young,Macy Chiasson,0,0.381929453527687,0.39760803967602,0.415647971388798,0.392290792007801,0.403708420320788,0.394831237127862,0.41322466095324,0.405210931177897,0.426398438936477,0.391932553156448,0.40663220942335,0.393773809242304
2020-02-15,5df17b3620145578,51218519be104794,c03520b5c88ed6b4,e7bba7ce4d6c7b07,Merab Dvalishvili,Casey Kenney,1,0.579006858866835,0.573008577694207,0.56000789678099,0.549642091377233,0.544267051177924,0.558666350294846,0.548243386712277,0.562359600029077,0.548286379424925,0.547068175606251,0.540530856781494,0.560104103949606
2020-02-15,5df17b3620145578,94c0819fde11364d,3f7dab21b6c971bc,cc7040fe76f0ef91,Dequan Townsend,Devin Clark,0,0.282096620869805,0.283204038931234,0.318325561018306,0.290310300712275,0.310763626378359,0.276773978054434,0.31245108235556,0.263783800812212,0.311505010523043,0.281106169518811,0.308328692978161,0.297557580974114
2020-02-15,5df17b3620145578,f3e2038bfb9b5d9d,d1941565abf50b16,df1eb4354d18a906,Jim Miller,Scott Holtzman,0,0.425292625316535,0.430309916943404,0.442731653412043,0.447007956770122,0.452741231721425,0.441303621176887,0.451731845320761,0.432195997267383,0.447477707497053,0.447622066239958,0.454888571496961,0.440240844324202
2020-02-15,5df17b3620145578,08426f06239d903c,329e403448756217,99506df1af6c8b3b,Nathaniel Wood,John Dodson,0,0.61112647689503,0.594190209223986,0.577539475337304,0.609525311303757,0.597926030951063,0.596282070729158,0.579379697080541,0.587629871943914,0.567993924563426,0.604108453542991,0.589920526285167,0.603934402559674
2020-02-15,5df17b3620145578,2dc48a745d6c662b,4b47e71384a9522f,8a1f3b5c526cd6e6,Tim Means,Daniel Rodriguez,0,0.586459227303375,0.575375502405063,0.561962964061527,0.564630974224565,0.557660287945876,0.566696291074127,0.554870887175008,0.57114378217383,0.555123249850029,0.562228688745865,0.553616662631879,0.570787609840799
2020-02-15,5df17b3620145578,eab100e978c730c5,813550bc53b15fb0,f9b200db02b488d9,Yancy Medeiros,Lando Vannata,0,0.283279416346234,0.300015929867867,0.332982201053536,0.309746203313287,0.328702454919359,0.302921236748142,0.335296214671203,0.307059529281239,0.347759813537605,0.307255190880675,0.331916539203388,0.307624934289636
2020-02-15,5df17b3620145578,b41e3be867afd6fa,07a2bdaa0afdd831,a4de54ea806fb525,Rogerio Bontorin,Ray Borg,0,0.413983039868052,0.410391028434917,0.426259546551227,0.432342812302819,0.439633194010537,0.413059282040131,0.428376060846811,0.408378010492289,0.428880638660254,0.424758966571678,0.435131251599825,0.427946224821239
2020-02-15,5df17b3620145578,9d98e1c0d62213cf,7c9f96f9a6a5cd50,ec18eb918121787c,Brok Weaver,Kazula Vargas,1,0.660250233872921,0.651061958144634,0.625145557021042,0.64979599044971,0.634330210564834,0.649751081207317,0.624195807994896,0.651840418749143,0.618830899523987,0.649621930796303,0.629767942572609,0.646198341729165
2020-02-15,5df17b3620145578,96919cf8d3e988ff,80d8aed0ca9b00f3,82cbb809d5ee565c,Montana De La Rosa,Mara Romero Borella,1,0.712824875434979,0.713306959511417,0.678619731605096,0.695441563001975,0.676073063008301,0.712444277512666,0.678082414873783,0.726014872116484,0.67983021717746,0.702697298277877,0.677025620074015,0.693055476654475
2020-02-15,5df17b3620145578,a02ffaf1fe462d28,595db60957de51d3,82e7929bf6c2b689,Michel Pereira,Diego Sanchez,0,0.643070280338274,0.636903235181131,0.61320427528913,0.631473647113165,0.617725932444582,0.634623918754976,0.611431785844512,0.629931094791359,0.601331107257339,0.631157157851392,0.613540465193844,0.629314516875971
2020-02-15,5df17b3620145578,801b3f24c670f19a,5e4eec08896c9423,99df7d0a2a08a8a8,Corey Anderson,Jan Blachowicz,0,0.71815045367397,0.709442447420058,0.675244371176551,0.697732513394698,0.678184815572404,0.704730457680585,0.671350234789404,0.710273560576885,0.66660915522164,0.697507870611043,0.672357814794865,0.696691070607262
2020-02-22,33b2f68ef95252e0,102fb91414fd24ab,122ac9b816d8b71c,b1e5bcaad32a3cac,Shana Dobson,Priscila Cachoeira,0,0.590107728678581,0.562961044674335,0.551718341832459,0.590020413468622,0.580399079666152,0.565349903509567,0.553759024849625,0.54400914579324,0.534041264384359,0.579585963605767,0.568630895814044,0.584812436583988
2020-02-22,33b2f68ef95252e0,af5b940f2c686524,4e30e4250cb08b61,f0feeb2192937424,Loma Lookboonmee,Angela Hill,0,0.650687157987021,0.654613454344303,0.628151867470668,0.653892837085202,0.6380535255857,0.6610433669218,0.633776513860259,0.664188504756912,0.628781373572225,0.658259742524028,0.637392682885842,0.643810760657
2020-02-22,33b2f68ef95252e0,ecc23234e820458d,6e00cfffd54653c4,853eb0dd5c0e2149,Tyson Nam,Kai Kara-France,0,0.309243291744395,0.331733135836038,0.360245859279327,0.313351561995857,0.332016164509229,0.332462851823537,0.36069179776057,0.346203576333066,0.379597378975257,0.322400318414224,0.34544807264432,0.321577517334275
2020-02-22,33b2f68ef95252e0,03c2707563915d7d,32490e80ddab1e5a,8fc9ae9c7527dfcb,Song Kenan,Callan Potter,1,0.632381936866607,0.632867506347653,0.609812711025352,0.622547583366679,0.60966265798677,0.631488323066692,0.608795304652055,0.638499102577223,0.608152684754979,0.627076303126656,0.609966154571557,0.620036872180409
2020-02-22,33b2f68ef95252e0,3bd20b66b585d621,103b06d8707895a9,a845f0735bc67405,Emil Meek,Jake Matthews,0,0.212328248354355,0.232070404268572,0.272640468468723,0.231398455360467,0.255454809299711,0.2380985376776,0.277870331924695,0.232717647947367,0.284580865696819,0.236319061102658,0.267121328078083,0.235199983508169
2020-02-22,33b2f68ef95252e0,02bdb7a5b2986571,4d8fa64202cee4c1,6751eacd16bd59bc,Jalin Turner,Josh Culibao,1,0.58296735749505,0.598551365519984,0.581160097454298,0.561648850546509,0.554994065698122,0.592491685223074,0.576230540036225,0.614419478095276,0.589045643820448,0.573678389090286,0.563516344021177,0.567740826778602
2020-02-22,33b2f68ef95252e0,f882cf76a8bce308,aceffa19749c4dc0,cf946e03ba2e7666,Zubaira Tukhugov,Kevin Aguilar,1,0.429315641900896,0.42159480798605,0.43553316594003,0.439093992530822,0.445669958145333,0.425177120276945,0.438412280597249,0.413105640045735,0.432581509973211,0.43130399479493,0.44079354439467,0.438232637973003
2020-02-22,33b2f68ef95252e0,6d48f75153e4ad6b,31d7446b184e3305,37ed1ab2f8b819f4,Magomed Mustafaev,Brad Riddell,0,0.450523100252098,0.456396470950963,0.46421504769978,0.455067159463902,0.459937222349993,0.458936012604921,0.466257538011877,0.45338294712647,0.463936907092578,0.458150184615131,0.463968535308196,0.455661742457979
2020-02-22,33b2f68ef95252e0,9bc18b63b07bb328,326f94d6cfb1bf25,ab943cd2c3c17825,Ben Sosoli,Marcos Rogerio de Lima,0,0.46182310651678,0.4751392553387,0.47960851576695,0.47290084720487,0.475846542297668,0.475592735625131,0.479953964195881,0.483391612929676,0.487164829438397,0.47345160499665,0.477150910885796,0.469477544622742
2020-02-22,33b2f68ef95252e0,060987bb3025a0a8,c41d426cc7326d1b,d7c3816669784109,Yan Xiaonan,Karolina Kowalkiewicz,1,0.503646450765616,0.487667283848631,0.489886418567246,0.506504261739827,0.505796142150529,0.483265142321173,0.486257308040825,0.470641227873568,0.477304016384381,0.49539531152332,0.496037876378587,0.504820771450494
2020-02-22,33b2f68ef95252e0,2b417eb1ffa56ac1,0d65c432720accb9,70e1f8a821b72c8b,Michal Oleksiejczuk,Jimmy Crute,0,0.605312313342478,0.590661769050922,0.574613113640639,0.598430550261266,0.587949297736942,0.592664501209638,0.576374055053169,0.57803647976594,0.560497670226579,0.599975042701856,0.586324641918636,0.595857459834489
2020-02-22,33b2f68ef95252e0,5fceb95c29d929bc,193b9d1858bc4df3,e5010b1b94ca5755,Dan Hooker,Paul Felder,1,0.68652746502189,0.685053626388344,0.654125416517716,0.671205066338521,0.653834880778547,0.683465467175587,0.652951409405199,0.695002215834465,0.6539397273229,0.675058218132027,0.652289667011453,0.668872478476785
2020-02-29,fc9a9559a05f2704,533d0b5c0adfa15f,45f7cb591c3ab00b,6a96ad1bc34fb113,Sean Brady,Ismail Naurdiev,1,0.226124376666606,0.231104505545345,0.27175873063267,0.24547875239865,0.268820693754229,0.230128084133185,0.270605513759625,0.22574707167814,0.278414978705033,0.237416299743948,0.268145066152331,0.2488336227367
2020-02-29,fc9a9559a05f2704,0bcb04163f8d8ead,003d82fa384ca1d0,be68b375707dcb85,Aalon Cruz,Spike Carlyle,0,0.499252230495872,0.499682655441462,0.499739775334881,0.495725199657461,0.496190622708574,0.499009840532428,0.499186978054549,0.501174479896624,0.500907518976,0.497341836137134,0.497712782886482,0.497579762928495
2020-02-29,fc9a9559a05f2704,59861c3d19eb46ef,d31cbcdd7d69536d,ebef46976554f975,TJ Brown,Jordan Griffin,0,0.516029621317717,0.509892676493461,0.508112407480378,0.526966583514667,0.524035251422291,0.5147767968694,0.512134403866066,0.513193354012195,0.510195432255505,0.523266912860764,0.520023720574435,0.520404091263082
2020-02-29,fc9a9559a05f2704,9d2f7d29bb9c9034,2844b047183a1adb,97cf1a2c7c5e7889,Luis Pena,Steve Garcia,1,0.676162053710619,0.678182567534681,0.648228013819468,0.643123982810748,0.628275098039451,0.670904138307558,0.642183082935652,0.686644002501637,0.647065057105266,0.653284136330179,0.632997864808907,0.65038414795704
2020-02-29,fc9a9559a05f2704,e30b9829e42aa4ca,c9cf753cfdf77fc2,e2f6b2769aaedd6c,Marcin Tybura,Serghei Spivac,1,0.260713274911692,0.259653375869875,0.297510876166528,0.281727655513489,0.302798713092725,0.262680197405145,0.299968841251151,0.253387580874251,0.302589404954184,0.274673293410818,0.302477226678597,0.283229055446279
2020-02-29,fc9a9559a05f2704,d9a218ac3e148541,1588b787bda7b540,2f181c0467965b98,Tom Breese,Brendan Allen,0,0.629748690206319,0.633717036306565,0.610526217977611,0.609503217286036,0.597906143525803,0.627816389366948,0.605711657460748,0.644720460121319,0.613123285961908,0.615863871971925,0.60016588183312,0.612474608085965
2020-02-29,fc9a9559a05f2704,0e3af9b5e1b3ae80,002ca196477ce572,60425d07ef4b91a7,Gabriel Silva,Kyler Phillips,0,0.546488287403104,0.557676016727393,0.547363741034893,0.539740467363734,0.535428889809243,0.560698347828958,0.549919670268,0.572051123902161,0.555830216269938,0.549297596319877,0.542453804937731,0.540451917622637
2020-02-29,fc9a9559a05f2704,eba6055d217d5b99,34e516ab361afb1c,99bd51917728c25d,Darrick Minner,Grant Dawson,0,0.26423772959588,0.261845086136287,0.299463181208722,0.284020533070124,0.304929313828437,0.262387228961063,0.29970800010342,0.246289141259766,0.296449086373218,0.27316344583235,0.301100836797594,0.286031443746102
2020-02-29,fc9a9559a05f2704,671f42536454e541,a0e75f4a13eb73f1,d3f5d33d61cd00c9,Megan Anderson,Norma Dumont,1,0.446115686734298,0.456588320120409,0.464372757145787,0.445368750133904,0.451276999438924,0.455519577824246,0.463445578999903,0.46541428007995,0.473258478351058,0.449905273914476,0.456858538338334,0.448933758421725
2020-02-29,fc9a9559a05f2704,f5b49f4c5a27e53b,cd13728ae1151f46,d802174b0c0c1f4e,Ion Cutelaba,Magomed Ankalaev,0,0.587767098161886,0.606355706846349,0.587649881286475,0.578190592503042,0.569794934645806,0.603320379568862,0.585235604605974,0.623192593790399,0.59598438155913,0.59219814550662,0.57956759682076,0.577975346103427
2020-02-29,fc9a9559a05f2704,8a85dffa80e6c7bd,39d91e95949de3d9,862b0b3375aa4b6e,Felicia Spencer,Zarah Fairn,1,0.658403955422632,0.651639032274179,0.62563373218424,0.648918776768187,0.633533505748691,0.656164344676272,0.629631178822196,0.658181950780975,0.623932594365344,0.65432630480405,0.633917753653955,0.644915842496478
2020-02-29,fc9a9559a05f2704,e8219ea7da46f67f,80eacd4da0617c57,aa72b0f831d0bfe5,Joseph Benavidez,Deiveson Figueiredo,0,0.453224879050483,0.454354174086598,0.462535960618289,0.460560442950016,0.464839604439896,0.45441949276115,0.462539899557339,0.45567797489039,0.465716210722534,0.454341339510294,0.460684677055536,0.459564091479677
2020-03-07,0b5b6876c2a4723f,467e08195b29e857,3b0a516d2921e0d6,d05412b513b19621,Batgerel Danaa,Guido Cannetti,1,0.77115772650723,0.765238484531016,0.724906992671989,0.756048270363032,0.732623937263658,0.768995082181414,0.728592715324321,0.773392659025454,0.720821362213952,0.763125439654266,0.732360285670507,0.750605999650119
2020-03-07,0b5b6876c2a4723f,daa38964824f1b9f,9560ff14eb3129f7,e00a3dee329a51f7,Giga Chikadze,Jamall Emmers,1,0.537248956453068,0.53647388176462,0.529926236173541,0.531360679140257,0.527953668549764,0.535657446928298,0.529294587326902,0.539415340698689,0.530481633780528,0.533914130191412,0.529192977194368,0.532174068452824
2020-03-07,0b5b6876c2a4723f,d671f436fab2a252,483a953b18d73bb3,6ac9bc2953c47345,Deron Winn,Gerald Meerschaert,0,0.429103137719396,0.430378767387532,0.44278847407441,0.447240666102852,0.452949083609741,0.433190996949334,0.445036022084876,0.426721782471058,0.443213437294964,0.442562798937601,0.450521611816771,0.442095786766401
2020-03-07,0b5b6876c2a4723f,a70c43cafabc73c3,260e9e0d4954aea6,88d7b6d8230e1f3f,Rodolfo Vieira,Saparbeg Safarov,1,0.490719994745064,0.49018613351194,0.491952225472728,0.496641986288039,0.497007599050778,0.491226940944775,0.492796185633543,0.492756736559893,0.494402986833338,0.495012331979407,0.495708334556614,0.4941544495304
2020-03-07,0b5b6876c2a4723f,60c441c5838dfac2,d2cd7a69cc55e7ed,da0995f19b749cfa,Austin Hubbard,Mark Madsen,0,0.500631040224385,0.491730470441428,0.493218728064392,0.507366919503999,0.506564903851466,0.499846201691942,0.499873715950055,0.484935249087357,0.488358076874266,0.505994268873848,0.505157820233594,0.503872624795666
2020-03-07,0b5b6876c2a4723f,cd258394e8d58d04,36549928f90f1d36,b50a426a33da0012,Jose Quinonez,Sean O'Malley,0,0.522502132322539,0.514508540538686,0.51189819411949,0.519267538355358,0.517171430879191,0.515782039939418,0.51296006197705,0.510704305650342,0.508271705151518,0.517615071593536,0.515158480070567,0.519590719762097
2020-03-07,0b5b6876c2a4723f,4d607b6ddc77a34c,57b10fca4f9c9a7a,b0d6a1d8ac3d563d,Alex Oliveira,Max Griffin,1,0.607486325643704,0.605579634244403,0.587003893184103,0.606246313083282,0.59497540487678,0.605126520636877,0.586740141588399,0.617648406477507,0.591596602891137,0.605935127895513,0.591510702867556,0.600668415688209
2020-03-07,0b5b6876c2a4723f,d66a8591af39ca7b,84b3e7d38f2d2ec5,e64b96c07d7ce999,Neil Magny,Li Jingliang,1,0.52469135949871,0.533545940685163,0.527521436092832,0.527480591921385,0.52449357435689,0.535415176647355,0.529095330505584,0.546253111203892,0.53578089347601,0.531311509270875,0.526951077228731,0.524583317562556
2020-03-07,0b5b6876c2a4723f,891470d896b1de5a,08af939f41b5a57b,7cbf7c78d3b34218,Beneil Dariush,Drakkar Klose,1,0.694492868163112,0.68797336964816,0.656638041460259,0.673611468752003,0.656034957221172,0.685420720059609,0.654633934482655,0.689072204196157,0.649058149157672,0.676133249820019,0.653246312629507,0.67377754478669
2020-03-07,0b5b6876c2a4723f,cf0a6466b762c668,1ebe20ebbfa15e29,3d6749c4267da18f,Zhang Weili,Joanna Jedrzejczyk,1,0.5615633403152,0.559746377935766,0.549069178975798,0.564172644793397,0.557250455402773,0.563902374628507,0.552563926926179,0.565722699330745,0.550902393202113,0.568417633499375,0.558965750846429,0.559208476847404
2020-03-07,0b5b6876c2a4723f,b46f2f007b622bce,1338e2c7480bdf9e,f77c68bb4be8516d,Israel Adesanya,Yoel Romero,1,0.765846119895295,0.75457264571129,0.715243975383649,0.765299317662821,0.741401206214177,0.759548196906367,0.719994539925888,0.761080480438888,0.709973939673216,0.767177919105858,0.736146688643345,0.752695182328102
2020-03-14,53278852bcd91e11,ef526567c4dcf371,4798e823ada58fe9,b60c980f79b87ce8,Veronica Hardy,Bea Malecki,0,0.321591344718013,0.327173311038504,0.356354300692426,0.332913857106526,0.349927102429884,0.322104994889228,0.351832497069678,0.3097577911093,0.349980310251079,0.324713604057349,0.347507317489145,0.336923740071288
2020-03-14,53278852bcd91e11,1a2d13834696c4ab,294aa73dbf37d281,9ada30894bf04e19,Bruno Silva,David Dvorak,0,0.451847772009862,0.455072297824841,0.463126416626488,0.464873769352638,0.468687710929486,0.464598356455459,0.470915799753604,0.463382690603154,0.47168545558896,0.467186085358345,0.471754797935056,0.461035650911287
2020-03-14,53278852bcd91e11,2a1826612a7d739c,b4192a975027aab6,cc8c623cca88f54f,Maryna Moroz,Mayra Bueno Silva,1,0.412790423671281,0.413607407803105,0.428924233510371,0.409934970347956,0.419560892347801,0.406735501873852,0.423127629715909,0.407700097574188,0.428349527798889,0.404233104952499,0.417332992744983,0.416484971305784
2020-03-14,53278852bcd91e11,9fc6aba53508dc48,8adcbd525fab8d9b,e2ccd9a9ace60de7,Elizeu Zaleski dos Santos,Aleksei Kunchenko,1,0.543503749077761,0.543703818205921,0.535867396299353,0.538996273109417,0.534764874713898,0.541315740454376,0.533949635602849,0.54128860533179,0.531932916048196,0.538277223182546,0.532952290903048,0.538732988450727
2020-03-14,53278852bcd91e11,ea303a8e6e31f264,4a57ebb14315b251,beecb672a279223e,Randa Markos,Amanda Ribas,0,0.169241148622677,0.173675003909082,0.217712256855754,0.186665064129623,0.212223592599341,0.175262346641874,0.218965186022087,0.165407440946842,0.222589994514314,0.181701886993399,0.215032510940583,0.191798451504638
2020-03-14,53278852bcd91e11,b3c74554c871fbf8,792be9a24df82ed6,b102c26727306ab6,Brandon Moreno,Jussier Formiga,1,0.559850319287398,0.562614465838127,0.551432663848859,0.540990223965008,0.53654407162103,0.551418201311978,0.542268228741948,0.562119663190192,0.548099812234944,0.539895090445235,0.534346597230981,0.547144978229516
2020-03-14,53278852bcd91e11,dc45c8d70e256749,a8283a4f415e1eb9,c21a036b4e012f1c,Francisco Trinaldo,John Makdessi,1,0.479027539248852,0.487200931643185,0.489503927489159,0.451204614485807,0.456488977342664,0.468947254973815,0.474491845234472,0.488401841816537,0.491037478213985,0.45161171235567,0.458330555733915,0.466699046837448
2020-03-14,53278852bcd91e11,5bba49d88db7430f,1091d4d957141094,c21f26bbde777573,Nikita Krylov,Johnny Walker,1,0.46255244426406,0.465692527313413,0.471853158306197,0.460941257848579,0.465179387865439,0.467391305646573,0.473212561631992,0.46324421577668,0.471578223498673,0.462207696270561,0.467465585734159,0.463987200598786
2020-03-14,53278852bcd91e11,c26a3f4c08333886,38c626ca912c7bac,b6452706b373eea1,Damir Hadzovic,Renato Moicano,0,0.264982964930292,0.26226029190175,0.29983266424564,0.289175936290264,0.309712501283181,0.266418704020229,0.303292355902004,0.249114693219868,0.298898573176909,0.279730020074996,0.307078638824693,0.288901527424448
2020-03-14,53278852bcd91e11,5cee1d8f1e43d6f5,23024fdfc966410a,427b5953ac8e3a27,Gilbert Burns,Demian Maia,1,0.535179267965647,0.5406391112083,0.533348433960243,0.552977892443242,0.547246128923138,0.550646799457374,0.541632667256202,0.554822626231727,0.542430035745027,0.555035534703906,0.547405047362179,0.541776976880659
2020-03-14,53278852bcd91e11,e0b323dae5bf4c90,07225ba28ae309b6,ee9ebceabfd16fa7,Charles Oliveira,Kevin Lee,1,0.411768411575601,0.420516739919199,0.434641822513609,0.418979659487186,0.427670099178501,0.415202481756632,0.430153036573327,0.422815317757382,0.440166996198318,0.417382800361391,0.428742823384014,0.420434325628436
2020-05-09,898337ef520fe4d3,b70dfff154b135bf,a67f5afa8d6a1b80,d156513a19acf856,Ryan Spann,Sam Alvey,1,0.724795652077718,0.718912839457192,0.683531282802921,0.713520636793773,0.692788126409161,0.723874862392578,0.688120815913695,0.72734239390563,0.680953302676395,0.720428113626361,0.693065064457422,0.70756799239209
2020-05-09,898337ef520fe4d3,08244974cf39ae38,40093d1d2d78394e,d9c6f19f958643e9,Charles Rosa,Bryce Mitchell,0,0.265983735393813,0.283842302892295,0.318884904721647,0.281646089768991,0.302722882437942,0.281123927294967,0.316278625713474,0.28738251377459,0.331433036249312,0.28015103654155,0.307461175976883,0.285698263411952
2020-05-09,898337ef520fe4d3,3f810c3433dddb80,6d4b63c767106d3a,d8da10db80131bec,Vicente Luque,Niko Price,1,0.631590944679073,0.62394843993947,0.602334894228266,0.626732680318324,0.613441257490113,0.624275827382636,0.602742098261518,0.623119792042386,0.595926700087442,0.627301456280161,0.610163253315534,0.621718924375944
2020-05-09,898337ef520fe4d3,f2520dd5457ab293,d910665038efc639,eb04b9d31e938edb,Carla Esparza,Michelle Waterson-Gomez,1,0.587628078996624,0.583334411671297,0.568543986227228,0.581211819640193,0.572501467966537,0.583663312852573,0.568906917660402,0.582027206175893,0.563613637622357,0.580707704181064,0.569602619266541,0.57938355087755
2020-05-09,898337ef520fe4d3,593f3b051aa82b0f,492b202d2064e7a9,98c23cb6da5b3352,Fabricio Werdum,Aleksei Oleinik,0,0.656915184511052,0.660511510580523,0.633154928514374,0.644122273883253,0.62918042858119,0.66163815153096,0.634282482986963,0.672903199463239,0.635846596659672,0.651870541678818,0.631750654841208,0.64188332132288
2020-05-09,898337ef520fe4d3,b9abcce29378e5cc,1d00756835ca67c9,cbb682f5fcc44bfc,Donald Cerrone,Anthony Pettis,0,0.559495236696137,0.557101698035573,0.546890748526891,0.541944428130113,0.537395589836056,0.552460455805912,0.543127052361329,0.552287008555386,0.540461647040536,0.545085149320898,0.538820787019898,0.547446524841391
2020-05-09,898337ef520fe4d3,f0d4652f8edfbe6d,1eff7bc0f815b270,85073dbd1be65ed9,Yorgan De Castro,Greg Hardy,0,0.297372594207754,0.291113100554426,0.325240169698213,0.326729587495866,0.344276957334635,0.297628480179264,0.33070206396094,0.281407272707292,0.326425240587581,0.316096564856023,0.339826609288806,0.322546341623971
2020-05-09,898337ef520fe4d3,02f5621f480ad1d4,18968f97ad34f15c,751de04455cfaac0,Jeremy Stephens,Calvin Kattar,0,0.387924140695253,0.415834823179313,0.430768420802021,0.404281011263674,0.41448612423901,0.416480336304558,0.431212123804499,0.448676763465187,0.460286300048836,0.409617266671294,0.422008224286579,0.402362299465676
2020-05-09,898337ef520fe4d3,fcfaa28ed6888088,2cd428e9606856fd,8d03ce87ca14e778,Jairzinho Rozenstruik,Francis Ngannou,0,0.242517693743307,0.235963002125675,0.276186058097059,0.272148463942935,0.293874892758171,0.240585376606977,0.280126521158284,0.223040338764413,0.2760071401495,0.261746281421295,0.290654243494437,0.269798043904893
2020-05-09,898337ef520fe4d3,4e77cc2c8d604241,056c493bbd76a918,10f3ba6cd2f44a97,Henry Cejudo,Dominick Cruz,1,0.735296475860344,0.725245963586817,0.689102515103712,0.721688982630293,0.700379937088327,0.727924227922358,0.691695861175586,0.737574235368246,0.689654592467006,0.726951110486491,0.69900364117304,0.716548001409851
2020-05-09,898337ef520fe4d3,d395828f5cb045a5,22a92d7f62195791,9e8f6c728eb01124,Tony Ferguson,Justin Gaethje,0,0.645033612934785,0.632102717982517,0.609170568334439,0.63443136413762,0.620401324005224,0.629422733497491,0.607060149972911,0.621423744137666,0.594583399676501,0.631981709517548,0.614263172445852,0.63166362118354
2020-05-13,5f8e00c27b7e7410,b2ca310c9d0037d3,01b352b6a9074d5c,f9d0cae37dabfafc,Chase Sherman,Ike Villanueva,1,0.384407943550888,0.390398215702108,0.409646561814524,0.401687640950184,0.412156879883635,0.392374129691001,0.411176595114239,0.389070055041272,0.413707640564198,0.398060816658289,0.411967048177364,0.399485426136427
2020-05-13,5f8e00c27b7e7410,3ce634d03af7e14c,2af2f2e26c4c0402,7be14eaed4c74856,Hunter Azure,Brian Kelleher,0,0.651952890424781,0.666626152535853,0.638355999166434,0.647007663265761,0.631798424196208,0.67138618363415,0.642595060024296,0.692301891023179,0.651714295942923,0.659843348455433,0.638793059334776,0.641005289624197
2020-05-13,5f8e00c27b7e7410,918103d82ecbed75,436f970c9ea9169c,a0e6753c42698f13,Gabriel Benitez,Omar Morales,0,0.644825635346161,0.645052729150562,0.620069091580814,0.631012565646187,0.617309026870248,0.646404858781574,0.621365667640082,0.648416340352031,0.616083424518281,0.639332404971753,0.620713717763898,0.629899753855539
2020-05-13,5f8e00c27b7e7410,fbbba3da4438cb04,4234f0097c83fa62,539ed332b3078821,Sijara Eubanks,Sarah Moras,1,0.730015747459801,0.731585094825805,0.694703979584463,0.703960276755255,0.683934560727904,0.72715953646993,0.691019959383231,0.743464657840146,0.694701663214654,0.715493769452994,0.688586710770749,0.705369675758322
2020-05-13,5f8e00c27b7e7410,87f58feac6b50367,511e82663651438d,d945aae53e3e54e6,Michael Johnson,Thiago Moises,0,0.433463920647354,0.432603800253384,0.444624355741176,0.438355215041565,0.445009568648748,0.431758028459437,0.443852346398342,0.438446553825718,0.45234042404011,0.436313491096456,0.445123753496921,0.439762763052119
2020-05-13,5f8e00c27b7e7410,312946f6b72ebd51,3738e68d2261e60f,53c943c873cffe90,Andrei Arlovski,Philipe Lins,1,0.419252823150386,0.414228393110454,0.429438472570311,0.416983615519511,0.425881402829535,0.413185801437042,0.428480985285978,0.403598704196934,0.425133910465293,0.417270066905564,0.428645123876527,0.422870325415506
2020-05-13,5f8e00c27b7e7410,3094e82731ec55e7,5987b2458f4b5290,a4de54ea806fb525,Ricky Simon,Ray Borg,1,0.530044217534443,0.526157597572211,0.521455820522813,0.530756897956618,0.527415199060518,0.52645717377059,0.521730641378094,0.523792887147237,0.51839031312129,0.530925068023357,0.526618229616055,0.528608276776031
2020-05-13,5f8e00c27b7e7410,46c050a827ee83d6,262a7d06203657e6,519e4fe37ce9ff75,Alexander Hernandez,Drew Dober,0,0.721251834052824,0.726963789549118,0.690617931233676,0.703375748461284,0.683394321393839,0.729602508486673,0.693180567147477,0.737915885187401,0.68994655396172,0.717799244836469,0.690677673503803,0.700915514168325
2020-05-13,5f8e00c27b7e7410,394ae51820bedd4c,50db8711c70196cd,bd58d34e39b7b12a,Ovince Saint Preux,Ben Rothwell,0,0.653028925966814,0.649961429171829,0.624214898385971,0.643919579614935,0.62899659068685,0.652824918769591,0.626799076676046,0.656803632866782,0.622822254035887,0.649159287653555,0.62936019234237,0.639988518849381
2020-05-13,5f8e00c27b7e7410,8539c4b795d33a92,7ff97850e8c32bda,d4c9dcd330403612,Glover Teixeira,Anthony Smith,1,0.469201697217022,0.456453524717266,0.464261949062341,0.457286055290326,0.461917663476021,0.446717675170335,0.456195635966458,0.433143541758479,0.448215282195662,0.449961990505541,0.456907467699591,0.46522086592383
2020-05-16,dfb965c9824425db,ebe122e962d26fa4,1a9480fc288e55d7,d31a5546c0e9b213,Don'Tale Mayes,Rodrigo Nascimento,0,0.324286088201892,0.332795134928942,0.361150973693533,0.341687000773041,0.357924648652427,0.338816542565269,0.366104326874563,0.33635888243619,0.371661192489883,0.342835189596566,0.363575099170983,0.342463563369879
2020-05-16,dfb965c9824425db,906283a2adcbc3e0,5f179af5fffeb9f6,82cbb809d5ee565c,Cortney Casey,Mara Romero Borella,1,0.463897715264695,0.480056411194964,0.483643281564108,0.450943362342123,0.456255709375236,0.471320013850722,0.476442391918379,0.492495170245933,0.494200857340038,0.455703648370831,0.461859345857335,0.459720829650637
2020-05-16,dfb965c9824425db,f039c93516e48253,583ee11abddfc581,92a9aa9c93192871,Nate Landwehr,Darren Elkins,1,0.478267580853809,0.478788291194333,0.482602837008692,0.487632366802565,0.48897849731591,0.485754896482782,0.488302290304226,0.467873380045264,0.475162038281807,0.487022895889167,0.488833226906222,0.484116722165931
2020-05-16,dfb965c9824425db,b1e66cea3a4d4709,06a80a685ea98573,9560ff14eb3129f7,Irwin Rivera,Giga Chikadze,0,0.466931477574385,0.479115344125997,0.482871178436202,0.469563888815127,0.472870881102971,0.479191270247243,0.482910701510517,0.488382752723714,0.491022724905297,0.472612098546874,0.476428012884678,0.470174906220952
2020-05-16,dfb965c9824425db,51461da4ba467901,093e1f5bb73850be,3a46b268013afede,Anthony Hernandez,Kevin Holland,0,0.473991852213137,0.49254121083075,0.493883594519518,0.46836435388077,0.471801102398206,0.484972685973427,0.487659836516745,0.504998710402173,0.503862545538054,0.472072210541241,0.475963097753503,0.472794995065737
2020-05-16,dfb965c9824425db,adac148ee6fa3bf7,31123249b0bbf52e,82d4c957649faf9b,Matt Brown,Miguel Baeza,0,0.255834040200161,0.247532520183662,0.28665283138146,0.280399558337973,0.30156367314692,0.24949898170506,0.288174227882594,0.225768218907348,0.27843376032239,0.267706978709329,0.296116864084021,0.280242972605709
2020-05-16,dfb965c9824425db,81f2f2d4b0302590,7c7332319c14094c,efb96bf3e9ada36f,Marlon Vera,Song Yadong,0,0.483376308230618,0.504593660546766,0.503766866992908,0.475740516701144,0.47837840479308,0.499082173745501,0.499246371047572,0.525856332541106,0.519986320261389,0.481893309248535,0.484418367013375,0.480645657586949
2020-05-16,dfb965c9824425db,821a1c6f5d7fab14,4e06913c91da5200,cad24459b28592ca,Krzysztof Jotko,Eryk Anders,1,0.460638908954139,0.456820012777244,0.464563215282227,0.482060357511424,0.484012220763352,0.465551274035362,0.471699489148389,0.459351182807991,0.46856278980707,0.475350458143236,0.478785889007586,0.473392057485041
2020-05-16,dfb965c9824425db,58540b24ed77d31b,64a50dad704d1d49,82a5152216251682,Edson Barboza,Dan Ige,0,0.365193696804177,0.364873928490717,0.388289858340625,0.383007177227437,0.395347433041093,0.376076791814401,0.397553454671228,0.366823445941525,0.396088109818252,0.385122613570025,0.400694998922254,0.381551372811227
2020-05-16,dfb965c9824425db,27bfb9205119f23b,ec34349e7dffcde7,f0feeb2192937424,Claudia Gadelha,Angela Hill,1,0.468033759428299,0.473847775019985,0.47854858899367,0.480119193100507,0.482281900932276,0.476769485236574,0.480920910687476,0.479044543698384,0.48380393762586,0.480183947399085,0.482947000245843,0.475812036146591
2020-05-16,dfb965c9824425db,ce0748519d5ea5c6,03f982ca3735070c,b4ad3a06ee4d660c,Walt Harris,Alistair Overeem,0,0.529690004458153,0.537007499123778,0.530364582276609,0.516665446289641,0.514852037825606,0.531961230659345,0.526255081029611,0.542869186398063,0.533157728686332,0.52168242688018,0.518659636728981,0.521589380452991
2020-05-30,14b9e0f2679a2205,2300ad7f87080ad7,37098a6e6c27fb66,45f0cc9d18f35137,Vince Morales,Chris Gutierrez,0,0.460951771085657,0.461108509226874,0.468087606700298,0.465270816235884,0.469041883500198,0.460709550832827,0.467716868028136,0.453509366031383,0.464034933740598,0.463163099442268,0.468288852548837,0.465368833199703
2020-05-30,14b9e0f2679a2205,57dec2b07b75dada,d2bc285ead803db0,e7bba7ce4d6c7b07,Louis Smolka,Casey Kenney,0,0.299124723002345,0.295052835133795,0.328671479511595,0.325102364821568,0.342788471747966,0.297780823671887,0.330834502936185,0.274059875546157,0.320232980557848,0.31558511145512,0.339369858935977,0.322588506814967
2020-05-30,14b9e0f2679a2205,0170db5fad04e4d0,6e15f63b6c2e2c15,c96d9178c9ed9e62,Brandon Royval,Tim Elliott,1,0.549482658670937,0.534315080940876,0.528153090162349,0.554708623447166,0.548792120363048,0.540277464042844,0.533095249098649,0.517488081031306,0.513515227065424,0.547493488898409,0.540897670193671,0.549105465941406
2020-05-30,14b9e0f2679a2205,767819f321431bed,5eb50529a8418b77,8a1f3b5c526cd6e6,Gabe Green,Daniel Rodriguez,0,0.51433911119997,0.516095419755341,0.513199845472823,0.52563307405794,0.522846257073338,0.521988492067213,0.518058582082016,0.515260507075355,0.511793239608588,0.523621713206074,0.520329182244753,0.518987603683996
2020-05-30,14b9e0f2679a2205,a41384da70013373,d7338bcb141abd2c,e872e9a9a902c045,Antonina Shevchenko,Katlyn Cerminara,0,0.379179619664921,0.383585375110471,0.40396373469169,0.383519346737533,0.395809096169005,0.382633663831241,0.403042873847153,0.379308626967787,0.40599636118165,0.382348464859557,0.398273525793788,0.388231268474542
2020-05-30,14b9e0f2679a2205,3640defb8294bd37,2244d9a2b64b8c3b,7447e9f28508106a,Hannah Cifers,Mackenzie Dern,0,0.324867393881733,0.324708424005206,0.354246976213655,0.344551713344913,0.360531760217009,0.325500727118333,0.354741987203162,0.313323790080708,0.352908528332303,0.336420034676677,0.357899480977232,0.344129653992669
2020-05-30,14b9e0f2679a2205,03e5127d4832750c,37c5366d18ed6c05,7c9f96f9a6a5cd50,Roosevelt Roberts,Brok Weaver,1,0.660331413356877,0.655364439708083,0.62878816517419,0.64245554104228,0.627669028294045,0.655317823791214,0.628912870545074,0.656789902738807,0.622811197611307,0.649399625949909,0.629572006501954,0.642654948375097
2020-05-30,14b9e0f2679a2205,1e9a2b197ebff074,aa171d55d4b5208f,be68b375707dcb85,Billy Quarantillo,Spike Carlyle,1,0.44313026229858,0.448993236171071,0.458126418915034,0.434681323952633,0.441724739508709,0.446405233404322,0.455938128735017,0.452662383085841,0.463378137627574,0.439628192578441,0.447987370598261,0.442362361554759
2020-05-30,14b9e0f2679a2205,a6743d41b0b95271,1788eee370f077b7,441eacbe20e0e80b,Blagoy Ivanov,Augusto Sakai,0,0.570089575365048,0.588220117598004,0.572589575229535,0.550407287868265,0.544950344847869,0.584031008408656,0.569211642836107,0.604663312607306,0.581356801078432,0.565218587237239,0.556200255977544,0.556393227684991
2020-05-30,14b9e0f2679a2205,e9eab0fa03eecd9b,23024fdfc966410a,effd9de9937996f8,Gilbert Burns,Tyron Woodley,1,0.542801404139754,0.549771325053919,0.540857123313074,0.532190618958517,0.528693860394482,0.541118799809087,0.533787567955713,0.562923628426981,0.54872498576803,0.533290564229505,0.528655800550518,0.535102010247767
2020-06-06,4c12aa7ca246e7a4,20ba608a6e717f05,4f140403000158b5,e5c9de15bb58b1c6,Herbert Burns,Evan Dunham,1,0.578279427787205,0.565934498265117,0.554169989526894,0.591278484700015,0.581527879118234,0.571616368904346,0.558936230051401,0.569098928841843,0.553530522471949,0.585052291416841,0.573367962591895,0.580054798018635
2020-06-06,4c12aa7ca246e7a4,5fdf6611815efdfb,a495f599e787614f,cc7040fe76f0ef91,Alonzo Menifield,Devin Clark,0,0.6361741260729,0.649730658806742,0.624019803249295,0.618994894404546,0.606457666934508,0.645997154939909,0.621021109981071,0.664254594411309,0.62883481697783,0.63220369964173,0.614457772907927,0.62005369166068
2020-06-06,4c12aa7ca246e7a4,de4c4997f1429dd1,ab2b4ff41d6ebe0f,b102c26727306ab6,Alex Perez,Jussier Formiga,1,0.628180904631837,0.622248493349389,0.600912281315372,0.605926276104665,0.594687512455788,0.615015905196135,0.594992179529335,0.615557618324921,0.589944444872606,0.607807451547242,0.593141305496284,0.610014707042931
2020-06-06,4c12aa7ca246e7a4,1c7ea3928c7d0ad8,76ee3d666c648f6b,c549573c0df4d676,Charles Byrd,Maki Pitolo,0,0.356536872198434,0.354127393916918,0.379239038700003,0.362063663936422,0.376425864914775,0.348732285618426,0.374520162624582,0.338558470399216,0.373438168803386,0.355481126079588,0.374726203498685,0.367345210968726
2020-06-06,4c12aa7ca246e7a4,c6ca435e24c5f4e4,7be14eaed4c74856,bf7ad5628363eec9,Brian Kelleher,Cody Stamann,0,0.246951137664212,0.231880899753575,0.272467537456452,0.258750334242681,0.281328763321477,0.227991678415074,0.268649281051931,0.201415031659529,0.25647498764885,0.240523392679429,0.271039798506826,0.265374588369964
2020-06-06,4c12aa7ca246e7a4,6fe8bce03a46350b,2e585c701f72fe55,6ac9bc2953c47345,Ian Heinisch,Gerald Meerschaert,1,0.647635662660414,0.654968760860337,0.62845288674573,0.642015719580106,0.627270301613357,0.659851778692423,0.632763271149763,0.674115997911803,0.636832806463232,0.655316944958982,0.634792467362147,0.636571853712823
2020-06-06,4c12aa7ca246e7a4,f2cd665eab69876a,7aa3d6964eff4877,971246648e162f0d,Alex Caceres,Chase Hooper,1,0.204628789260634,0.20407937593347,0.246750048350178,0.232845202994661,0.256832950357333,0.21139257448906,0.253312509985055,0.194969204162633,0.250543470462937,0.226589380480286,0.258008240024076,0.232116267944311
2020-06-06,4c12aa7ca246e7a4,58584ccd0f63e3f3,b50a426a33da0012,fc9a9559a05f2704,Sean O'Malley,Eddie Wineland,1,0.643511376912952,0.619304826882456,0.598450766545874,0.633918109722456,0.619936930161386,0.61402918048885,0.594167715550424,0.601150345006483,0.578594783362649,0.624602263269315,0.607801189540763,0.630711365864345
2020-06-06,4c12aa7ca246e7a4,8bede5047e97d602,5331b25a60417ffb,84b3e7d38f2d2ec5,Anthony Rocco Martin,Neil Magny,0,0.664980861938878,0.685137321960324,0.654197385977487,0.642425123261216,0.62764145119454,0.681711631815196,0.65144370470843,0.711891808028497,0.667960435237314,0.659652794836191,0.63862451143289,0.644804532757594
2020-06-06,4c12aa7ca246e7a4,c03b6b6ce5d03276,65f09bacd3957381,cb696ebfb6598724,Cory Sandhagen,Aljamain Sterling,0,0.368918579141879,0.359548253733713,0.383809302763691,0.379580312019956,0.392257266601914,0.358498074588406,0.382774132357867,0.344351663594157,0.378107777827805,0.371418580497401,0.388716033469873,0.3815994153912
2020-06-06,4c12aa7ca246e7a4,0ddf834a47533d15,2f13e4020cea5b38,d8c7c61b176e3994,Raphael Assuncao,Cody Garbrandt,0,0.508640947656976,0.490238195799032,0.49199492225562,0.509829875313083,0.508759826515799,0.492621093953526,0.493941024559469,0.480362508571471,0.484823003563728,0.503258476928886,0.502803759942595,0.508705887013527
2020-06-06,4c12aa7ca246e7a4,dc38c78358e053c3,39d91e95949de3d9,80fa8218c99f9c58,Felicia Spencer,Amanda Nunes,0,0.17359886668647,0.169737576516161,0.213870483114678,0.202195861933588,0.227378346024126,0.17386932836317,0.217610653641267,0.152711196123369,0.210151454834913,0.188675616207062,0.221821550559877,0.201627190259896
2020-06-13,1e13936d708bcff7,58e72b1a38880ba9,3c5005b66696d790,ae071698e1a3ccd4,Anthony Ivy,Christian Aguilera,0,0.477497164888,0.477666573513657,0.481682448946842,0.471646855434241,0.474728377041468,0.474847209996909,0.479341321301176,0.477506456797333,0.482614555455967,0.472744197691694,0.476541765567177,0.475984493615066
2020-06-13,1e13936d708bcff7,dfbb110855354039,6e00cfffd54653c4,79cb2a690b9ba5e8,Tyson Nam,Zarrukh Adashev,1,0.493774675068934,0.493288259879677,0.494496220058448,0.475963655352041,0.47857734361309,0.488077658663518,0.49020994097219,0.484984101358878,0.488395838698593,0.480034245605788,0.482818136682504,0.485469698590321
2020-06-13,1e13936d708bcff7,97125cd6a94b6394,016a8d958883167c,86d9dbe1bfcbade7,Gina Mazany,Julia Avila,0,0.284310541067743,0.271488877172926,0.308015469409263,0.305696044325764,0.324974905181402,0.273404397663408,0.309478260622094,0.244043311899235,0.294497034899775,0.29132532059639,0.317583300474644,0.306145947381247
2020-06-13,1e13936d708bcff7,05061dd590c9eb34,93b62c5f2ba18e51,c03520b5c88ed6b4,Gustavo Lopez,Merab Dvalishvili,0,0.188745233153329,0.192066722886697,0.235402698948194,0.231116076470892,0.255185688908664,0.202120389252958,0.244632008104522,0.17734586983018,0.234037096826256,0.222357741033794,0.254024363193189,0.223261898155405
2020-06-13,1e13936d708bcff7,7606d2f8d8b0e889,2244d9a2b64b8c3b,a08ddd04eaffd81d,Hannah Cifers,Mariya Agapova,0,0.250388977276547,0.231661010081868,0.272266841069037,0.266452138133033,0.288550323992783,0.229257088493957,0.269808440389022,0.198602051317265,0.253893036580092,0.248912558466383,0.278825251923586,0.270811947396232
2020-06-13,1e13936d708bcff7,e36b8b88646f72f8,215a70f073a7b726,f57dd0bfa8c17813,Jordan Espinosa,Mark De La Rosa,1,0.793577851480819,0.799362309913815,0.756485399025248,0.769836156894499,0.745722154696467,0.799439079617919,0.756836477434026,0.819127211533785,0.762623724893744,0.783751132950874,0.751749669629684,0.768302900526777
2020-06-13,1e13936d708bcff7,cab532b4544580bd,8fd808923cffff82,f1d64ae34e088832,Andre Fili,Charles Jourdain,1,0.56027278621844,0.55743633398087,0.547166340134995,0.555901526730041,0.549857833389578,0.558151299771404,0.547818583391523,0.562915013490117,0.548718286139286,0.558250407922134,0.55018055836989,0.554589451160876
2020-06-13,1e13936d708bcff7,1109a8f2adc81ce0,40093d1d2d78394e,cf946e03ba2e7666,Charles Rosa,Kevin Aguilar,1,0.269129345012088,0.251537747248434,0.290252510537994,0.285757528252068,0.30654202519689,0.251457422534221,0.289934459411452,0.219153204770796,0.272535516960335,0.269742943216518,0.29797834468307,0.289207264117674
2020-06-13,1e13936d708bcff7,e857ca0bc3b9fdcd,37d5b176d438d2a5,7acbb0972e75281a,Karl Roberson,Marvin Vettori,0,0.349228416525962,0.341701242567632,0.368723604544467,0.365423616283803,0.379467451829883,0.34661267925496,0.372724248588644,0.329782746438554,0.366334913202902,0.358149506647406,0.377073240838052,0.365614405030885
2020-06-13,1e13936d708bcff7,b8b692aa2aae3310,98215d037be5bcb7,f72465a784c1b084,Cynthia Calvillo,Jessica Eye,1,0.729522672137202,0.726841388218885,0.690509891236078,0.709129621866045,0.688717569942779,0.731340043599291,0.69471958372861,0.739602362689722,0.691389138400306,0.720315232194871,0.692962482718906,0.707651019064883
2020-06-20,2eab7a6c8b0ed8cc,d333a6c34ff16397,59a27d2e6d0802ac,d2cd7a69cc55e7ed,Max Rohskopf,Austin Hubbard,0,0.458383130025166,0.461489469296449,0.46840061163645,0.467900840219859,0.471387710164294,0.462716226709097,0.469367711493567,0.468452783444746,0.475610475351446,0.46475129130261,0.469657257724865,0.465481178864693
2020-06-20,2eab7a6c8b0ed8cc,088b47d890b389e9,4498b382c65a7faa,729d4bd5a6cd0a97,Roxanne Modafferi,Lauren Murphy,0,0.456624902426526,0.457922979501268,0.465469817773835,0.454898336595758,0.459786528923328,0.460333088817781,0.467407124434857,0.459394965570864,0.468596711020359,0.45695618542603,0.462939231680622,0.458351568361421
2020-06-20,2eab7a6c8b0ed8cc,7f0175f71481b63d,304a21d0595e1a08,764342d39cdaa54a,Justin Jaynes,Frank Camacho,1,0.515354514452343,0.514875773681852,0.512199412966698,0.521909790543965,0.519526817309229,0.518851135938217,0.515481089851794,0.516325861456491,0.512616768099836,0.521646478396179,0.518628689840003,0.517633995568044
2020-06-20,2eab7a6c8b0ed8cc,90715135a543b6e3,38c7f72747f4f712,5f179af5fffeb9f6,Gillian Robertson,Cortney Casey,1,0.751524814613526,0.746173716057457,0.707695948059225,0.749044376571885,0.726007364789488,0.760433612451981,0.720797368575098,0.756533054710804,0.706004679495347,0.761095072355432,0.730467274308562,0.737785306698617
2020-06-20,2eab7a6c8b0ed8cc,1adee75d6c671cc8,31ef8b67e13495b3,b53c46f613f6f248,Tecia Pennington,Brianna Fortino,1,0.295518025276795,0.290092041024926,0.324349484196591,0.30926062025363,0.328255833192692,0.290506735863978,0.324496937966213,0.277853316198873,0.323434883352781,0.300169301559067,0.325554259046568,0.313168745427677
2020-06-20,2eab7a6c8b0ed8cc,d851cbbbdfd05a49,887961364be5ceb3,c47df9303d318c67,King Green,Clay Guida,1,0.581470314797196,0.590021825537104,0.57408264015151,0.565927623630629,0.558819846064454,0.586081517585415,0.57091145168875,0.594811557467198,0.573619195290747,0.573490002571716,0.563353325591242,0.569133421383399
2020-06-20,2eab7a6c8b0ed8cc,9b39e15b42422a08,37c5366d18ed6c05,d1941565abf50b16,Roosevelt Roberts,Jim Miller,0,0.682111973183103,0.672813405130569,0.643634349537145,0.664861342110816,0.648042838797353,0.668756482468896,0.640348780871013,0.677689868274458,0.639743324305591,0.66290663637188,0.64150418880272,0.663714237317157
2020-06-20,2eab7a6c8b0ed8cc,f00921c62315be96,4e0692ad070976e4,b1b0729d27936f2f,Lyman Good,Belal Muhammad,0,0.520645630524206,0.538323309166191,0.53144556758492,0.494902229339205,0.495457244465025,0.523082812554777,0.518957725931465,0.548781004267242,0.537741340393777,0.503151776937176,0.502711949179,0.506890948034244
2020-06-20,2eab7a6c8b0ed8cc,8b9e9f283e76b429,c7d297714d9ab1a4,fc169c387b4b465d,Marion Reneau,Raquel Pennington,0,0.214492005997102,0.215526477761469,0.257425960491381,0.222870031666327,0.247307347230444,0.208348352239946,0.250471942159345,0.196352281133852,0.251820729090027,0.214476034623302,0.246569478520853,0.232012666857897
2020-06-20,2eab7a6c8b0ed8cc,4f99b4a39925cb47,98d961097baaf308,fba03cd6cc28dc41,Shane Burgos,Josh Emmett,0,0.45186280237908,0.431834157576594,0.443989405181737,0.467610382953279,0.471128655933942,0.436667851729347,0.447906778583613,0.413623891566947,0.432986895769771,0.453348199433832,0.459828232919335,0.462372893024341
2020-06-20,2eab7a6c8b0ed8cc,0c3622569cd8062a,279566840aa55bf2,fa6796c55d6c5440,Alexander Volkov,Curtis Blaydes,0,0.284132202700654,0.29478573799663,0.328439118455292,0.297464452860689,0.317382007253,0.293056426951557,0.326721623344119,0.292038765239435,0.335318698712115,0.295451468090713,0.321306416599894,0.302035772343206
2020-06-27,c32eab6c2119e989,0f369d09416b9e34,52c2ae6d2f2d2613,ebef46976554f975,Youssef Zalal,Jordan Griffin,1,0.772684312184908,0.760956204907485,0.721016528464265,0.760834701162361,0.737159726148205,0.762309503957717,0.722500332570618,0.76670383605858,0.714909609653814,0.762117588668725,0.731420282752395,0.75371021826652
2020-06-27,c32eab6c2119e989,1b8d366ac0f110f3,4100c7a09497ad41,d05cb1e8d1b885d8,Kay Hansen,Jinh Yu Frey,1,0.670757810283557,0.665011377181539,0.63698103084128,0.668455369320225,0.651322945586144,0.667727116518778,0.63947028092942,0.66530665606144,0.629685843442218,0.667788597554152,0.645831269796394,0.660208466114273
2020-06-27,c32eab6c2119e989,75570ea2da94a4fb,04c8b08b16a5b99e,53c943c873cffe90,Tanner Boser,Philipe Lins,1,0.701489984480019,0.70471486238034,0.67112646030191,0.692898447565526,0.673730929656291,0.709631066362059,0.675623400814122,0.71858905921698,0.673571677652262,0.703754755244653,0.677978206337855,0.686492945631612
2020-06-27,c32eab6c2119e989,9025e3c6b6d71253,2844b047183a1adb,78e501478a36a018,Luis Pena,Khama Worthy,0,0.619776877975005,0.61054697804456,0.59114114939118,0.593744986920588,0.583741576898111,0.601261751012967,0.583521664581552,0.605302748416257,0.581859909381359,0.590005170162007,0.577664111423749,0.600228270491246
2020-06-27,c32eab6c2119e989,8a8fea2c10512434,4682bc59d5f55145,902ec2cc48c8ae8a,Sean Woodson,Julian Erosa,0,0.842896778087333,0.84527193002171,0.800969128927016,0.822659636363599,0.796959394621363,0.844035145949859,0.800030065182353,0.869419988698686,0.81228279635271,0.832556979628906,0.7989968978772,0.818944113044979
2020-06-27,c32eab6c2119e989,67ed3ad521ef619c,5f3805dda9661cba,8abac218746e04ca,Jason Witt,Takashi Sato,0,0.395738457378345,0.389182388135218,0.408633266969261,0.396441721923882,0.407442130433001,0.384264809676461,0.40440665711236,0.374506048842258,0.402191322437156,0.389254600416242,0.404298608048468,0.402117870476803
2020-06-27,c32eab6c2119e989,cfd47fddbb705f26,2f181c0467965b98,d6c0cdd7e467c440,Brendan Allen,Kyle Daukaus,1,0.663451998582292,0.657392986412438,0.630507976046081,0.653919332489946,0.638077618669879,0.660206427605976,0.63306478222399,0.664609384138799,0.629121752786404,0.65850645073261,0.637610793832017,0.64969661750929
2020-06-27,c32eab6c2119e989,9ce56acac775d386,068f8a189a47fea6,fcd448a2fe1a23cc,Maurice Greene,Gian Villante,1,0.477724058240926,0.4705470392173,0.475839214191011,0.493369708155731,0.494091545968996,0.479143785837749,0.482871689910058,0.463502653529825,0.471778351017151,0.493971365155231,0.494812608528992,0.486661346801533
2020-06-27,c32eab6c2119e989,f2d9814936a6eb35,9e50097a89442158,f2b6fdb20675b11c,Mickey Gall,Mike Perry,0,0.32669057414101,0.320529523090137,0.35066820972242,0.33605364840442,0.352791671825787,0.317631342514804,0.347991640295405,0.301146547330281,0.342878845596459,0.325476256723613,0.348185795898147,0.340828157012998
2020-06-27,c32eab6c2119e989,f8dd1e75978a3957,029eaff01e6bb8f0,193b9d1858bc4df3,Dustin Poirier,Dan Hooker,1,0.439706144271479,0.438228697889872,0.449262270611086,0.45667674714912,0.461373866577045,0.446061584846808,0.455654888494239,0.439283497417244,0.452991059889037,0.454679449193317,0.460976230663088,0.451519333025478
2020-07-11,dbd198f780286aca,5d6fb4acfe5cc8a1,113df4fde64735c6,ea3dcc417c322064,Davey Grant,Martin Day,1,0.395704269865276,0.392329138461512,0.411255077534243,0.412657127317768,0.42200261909188,0.393230737024775,0.411890765072514,0.378529338183395,0.405379453335606,0.405477029507747,0.418413576696481,0.410005684461949
2020-07-11,dbd198f780286aca,08e48648e3504638,351c4ec637380ad5,9b7dfb3b7d99926a,Karol Rosa,Vanessa Melo,1,0.589559443615147,0.580638121718258,0.566313240224015,0.5963058642187,0.586040893265098,0.583372698588547,0.56866609075432,0.581675773665976,0.56333910591585,0.592023927002318,0.579416346791621,0.58763849775102
2020-07-11,dbd198f780286aca,0e8d5c16eb9cb1cf,55fa6ce3e522c8bb,82b4e942781b1046,Zhalgas Zhumagulov,Raulian Paiva,0,0.27935564017359,0.279220564143145,0.314829202556316,0.30396958440311,0.323384313514391,0.284223527139862,0.318999131369478,0.273274284868482,0.319568571531901,0.296470497057935,0.322224748005342,0.302953358957766
2020-07-11,dbd198f780286aca,137646de0ffd9c35,950d0ef5c17157c5,c9cf753cfdf77fc2,Maxim Grishin,Marcin Tybura,0,0.398606530570219,0.392280223655643,0.411214341354441,0.410291882062457,0.4198810927207,0.394344980784723,0.412819467590398,0.378071484927945,0.405016911180916,0.404756209672938,0.417787441508792,0.410186065782238
2020-07-11,dbd198f780286aca,7c76c752c7abf2e0,9c65736747ca92ec,d61316139d68dbe3,Leonardo Santos,Roman Bogatov,1,0.577970655568966,0.588105946604779,0.572494984006806,0.535384955614739,0.531543080529111,0.563420397097001,0.552166065347678,0.593643402323313,0.572703363488764,0.539725353017955,0.534200305858598,0.552726132411116
2020-07-11,dbd198f780286aca,159646a9d2ae8ea5,87a1dc546b1c5caf,f7d73e452b064bf2,Makwan Amirkhani,Danny Henry,1,0.563360163978272,0.56744956566043,0.555419667978711,0.565920790355089,0.558813734822317,0.572359233141204,0.559550364161208,0.577779822451679,0.560297382652186,0.56952364352679,0.5599221622294,0.560877883084317
2020-07-11,dbd198f780286aca,ce7cd2ec773bea7f,447f9858ae78f921,8adcbd525fab8d9b,Muslim Salikhov,Elizeu Zaleski dos Santos,1,0.554569751297255,0.572749709532599,0.559794128207755,0.537783065704441,0.533682445818896,0.568544272434613,0.55639740224322,0.595501425063514,0.574160208281902,0.551786438941332,0.544601036344822,0.543178875918997
2020-07-11,dbd198f780286aca,cd8cdb539deaa47f,009341ed974bad72,0845c81e37d3bcb3,Jiri Prochazka,Volkan Oezdemir,1,0.278858513355954,0.273705414418776,0.309972640346675,0.30801023825715,0.327105424134586,0.277996265327239,0.313527729649487,0.258567580991563,0.307042837721533,0.294603929293528,0.320542281371968,0.304675333126931
2020-07-11,dbd198f780286aca,6e0c1faaf40caf9a,4d5197f331c47290,beecb672a279223e,Paige VanZant,Amanda Ribas,0,0.226655487886101,0.238525466551779,0.278513352510105,0.249216176106545,0.272351611539582,0.237726760921493,0.277532615775664,0.231474528571222,0.283484867012297,0.242940625172708,0.273287563765522,0.250923314781892
2020-07-11,dbd198f780286aca,e16f42a666e163d8,47b63240018d5d86,6a1901c62ab3870f,Rose Namajunas,Jessica Andrade,1,0.434154891700618,0.435138648171199,0.446714976591455,0.437853088145267,0.444560691368803,0.430685928931133,0.44296655963693,0.424416568760768,0.441416081568706,0.436105646481652,0.444944151968141,0.439832613770126
2020-07-11,dbd198f780286aca,0f9be7ac405772f8,d0f3959b4a9747e6,d661ce4da776fc20,Jose Aldo,Petr Yan,0,0.422315141547143,0.428736801748759,0.441433199072071,0.442936866202773,0.449104299391476,0.445652895795253,0.455318022929486,0.440413340490599,0.453869223582867,0.450340061367076,0.457233621743726,0.436902834768844
2020-07-11,dbd198f780286aca,94b1596c6ff9a25d,150ff4cc642270b9,e1248941344b3288,Max Holloway,Alexander Volkanovski,0,0.465667626620854,0.457769803473915,0.465343918796956,0.464168145423205,0.468058262174448,0.460131299462095,0.467241092186379,0.45214796382721,0.462979187639789,0.459213097871261,0.464884744034172,0.466973356250261
2020-07-11,dbd198f780286aca,d292243c6499b2fe,47b9e0e7703a4868,f1b2aa7853d1ed6e,Jorge Masvidal,Kamaru Usman,0,0.264320919504365,0.289749199327387,0.324050287945444,0.281011172003388,0.30213251824678,0.293794204274739,0.327364694362466,0.305714441217673,0.346651311883753,0.28634546263056,0.313079581650915,0.284597363990036
2020-07-15,18f5669a92e99d92,f3c42ce9fad55eb7,34c2b3656f88f7ef,b8a85389d115e35a,Aaron Phillips,Jack Shore,0,0.172947847362254,0.196941608547863,0.240026197183179,0.195643952732341,0.221005511746174,0.195717168093122,0.238586090749821,0.201902213471862,0.256921140199982,0.195687549564199,0.22860303950626,0.198096553085556
2020-07-15,18f5669a92e99d92,dccea04cc3567955,d7e40dca3ae125be,eebc23626e38f5dc,Diana Belbita,Liana Jojua,0,0.694722857690246,0.695137661937662,0.662820804600627,0.66661253202132,0.649640630024122,0.688364572033643,0.657170538429928,0.70531721750144,0.662481164505048,0.674355354115664,0.651664428038107,0.670489554329023
2020-07-15,18f5669a92e99d92,819f51ef9d945a46,7026eca45f65377b,bebb4ae55ac2bf6f,Jared Gordon,Chris Fishgold,1,0.553663953283531,0.542695148025315,0.535038248945141,0.544840387710064,0.539980253891713,0.545502875834857,0.537396184087975,0.548343160507946,0.537401726079937,0.544098762153878,0.537970292416275,0.546197773465286
2020-07-15,18f5669a92e99d92,0e969ae805006d1f,476fe566d2df676e,79325a3c1a5c3bf4,Modestas Bukauskas,Andreas Michailidis,1,0.584658286362906,0.581786099555824,0.56726284591194,0.580564887239133,0.571921828240115,0.582535734807247,0.567972600300611,0.583296361255826,0.56460529294216,0.581299194002252,0.570115080481417,0.577713697654643
2020-07-15,18f5669a92e99d92,f3efc6121c5323ff,1ae8f3c723aacff4,396fe87b84ac2e1c,Ricardo Ramos,Lerone Murphy,0,0.650906087558325,0.633205397474127,0.610096473660184,0.634965510942768,0.620884680575867,0.629132761639221,0.606816667896476,0.621128551243254,0.594349697649677,0.631114948710365,0.613503474129625,0.634637354511365
2020-07-15,18f5669a92e99d92,7fd810af30144119,767755fd74662dbf,e9ac7bfb65c25497,Khamzat Chimaev,John Phillips,1,0.768154352948239,0.759482933101728,0.71968144853399,0.75236445354847,0.729140849045145,0.759397199193984,0.719857687875098,0.76454132740541,0.713007917803378,0.754405747599513,0.724249060902982,0.74734210394092
2020-07-15,18f5669a92e99d92,33d2a1dbb8a7fef5,49ee5024966efc0d,eae431e70064e046,Mounir Lazzez,Abdul Razak Alhassan,1,0.479101638566467,0.499136941833958,0.499292286319761,0.480696075219839,0.482796134526251,0.492764975866839,0.494059174461106,0.519835452654277,0.515330056811009,0.484544828876463,0.486700530502515,0.481119551093497
2020-07-15,18f5669a92e99d92,15def71ff1679e06,51018a31ddf31eb2,f7467152fd9f18a2,Molly McCann,Taila Santos,0,0.485758088327254,0.476911730483824,0.48106305377365,0.48581653639124,0.487360140003149,0.474655404736891,0.479183698657366,0.472489594585809,0.478734111184249,0.482295061453758,0.484764169037683,0.486633197234721
2020-07-15,18f5669a92e99d92,d4c314616eac8f8b,9c907996820d2d69,bf7ad5628363eec9,Jimmie Rivera,Cody Stamann,1,0.424253076000146,0.428377975482361,0.441136968742591,0.437131968780414,0.443916004482747,0.436794225351166,0.448011090297688,0.420964550717683,0.438722638300105,0.438852596599791,0.447317432697492,0.434968615156134
2020-07-15,18f5669a92e99d92,7dbf23cb872edc9c,20999e27ddd94bda,c96d9178c9ed9e62,Ryan Benoit,Tim Elliott,0,0.618571949571008,0.60927169665109,0.590078400221195,0.619183330848845,0.606627602130524,0.617194164323212,0.596813141767556,0.604536434984859,0.581256987122963,0.618587600425877,0.602543922711317,0.612063938991174
2020-07-15,18f5669a92e99d92,abeaae1a64934178,751de04455cfaac0,82a5152216251682,Calvin Kattar,Dan Ige,1,0.424250984517824,0.41955909192457,0.43384987086734,0.42316167898886,0.431416133000671,0.419641083112839,0.433830471049235,0.412171934953119,0.431850996326693,0.422795856398357,0.433431783350049,0.428161300697922
2020-07-18,ddbd0d6259ce57cc,147e31abbe3927d0,a2ea77e974c5889f,e2f6b2769aaedd6c,Carlos Felipe,Serghei Spivac,0,0.481115593582439,0.479202781529329,0.482942918536446,0.492448966018601,0.493271020618007,0.483106339202102,0.486126866462187,0.481576244398525,0.485761402953558,0.488888170821766,0.490438441163905,0.487753815018605
2020-07-18,ddbd0d6259ce57cc,ecb24300bb3bef8c,0052de90691d4a93,eae48ff31db420c2,Davi Ramos,Arman Tsarukyan,0,0.399969335308289,0.394290797605179,0.412888266771452,0.404218563757221,0.414430048413616,0.391283532092562,0.410267085115067,0.389257306657587,0.413855282185979,0.399474640538354,0.413196793575529,0.407848815604988
2020-07-18,ddbd0d6259ce57cc,b9b0da84b243213f,6d35bf94f7d30241,dee294e9717012c2,Amir Albazi,Malcolm Gordon,1,0.526747302803688,0.525748885326593,0.521120377503456,0.528249565360104,0.52517926051997,0.526683659812814,0.521916780809021,0.525331631276244,0.5195804558846,0.527474811879298,0.523646827537774,0.525890801240725
2020-07-18,ddbd0d6259ce57cc,b5f70d0c88f12645,cc1a8b4b38b92c6d,ec52462a1b41f714,Montel Jackson,Brett Johns,0,0.762996807057228,0.760239673906245,0.720366993178602,0.732894017407523,0.71083780053405,0.754637659988834,0.715553074988936,0.76599840694344,0.71428875556554,0.74200235781479,0.712791161063002,0.735330831311199
2020-07-18,ddbd0d6259ce57cc,b76c0b0ed2926737,58bbef3770bb2dfc,654ae722109a0d31,Joel Alvarez,Joe Duffy,1,0.589410551510068,0.580630588224198,0.56630700930847,0.585545889819814,0.576386057007344,0.581533068154709,0.56714197977055,0.57863117658156,0.560961804327543,0.584450484091269,0.572846218741848,0.582310045869939
2020-07-18,ddbd0d6259ce57cc,bb881d4ee6dfbf86,776a58a67665a171,99bd51917728c25d,Nad Narimani,Grant Dawson,0,0.327208412781516,0.33642085658306,0.364237625868075,0.334174599026337,0.351077653851201,0.333076540919295,0.361215289205161,0.327864771517424,0.364777511265742,0.332037609242841,0.354014543289345,0.340146073391496
2020-07-18,ddbd0d6259ce57cc,e5a9f75b1117d848,327d5f279895110d,c3218c810959d279,Roman Dolidze,Khadis Ibragimov,1,0.351771538771457,0.342642905527259,0.36952246679382,0.362634680136412,0.376942947429498,0.340826674876154,0.367813393353127,0.328951924510971,0.365660506619891,0.352712181743891,0.372288588593674,0.365429949117159
2020-07-18,ddbd0d6259ce57cc,ba4485ce4e8e3fe1,a0f0004aadf10b71,b1d19449397541dc,Alexandre Pantoja,Askar Askarov,0,0.665001619970152,0.662079868872646,0.634487548772868,0.637201183711123,0.622908432536577,0.655472437920579,0.629044047153301,0.665464735717551,0.629813761296833,0.643002530957982,0.623939817527099,0.642282926962594
2020-07-18,ddbd0d6259ce57cc,c4c379b8f99fea88,528b071cf3da7c56,6551c64fbcd1a467,Luana Carolina,Ariane da Silva,0,0.599905571975246,0.60692117896075,0.58812066070703,0.589384440940091,0.579828538115775,0.601718232590698,0.583901630976273,0.622058016759332,0.595085644620541,0.593568705380453,0.580757647441009,0.588975221817284
2020-07-18,ddbd0d6259ce57cc,e5872dfa5b93fcbb,32c355b04fc57f3a,c814b4c899793af6,Marc Diakiese,Rafael Fiziev,0,0.590439591940745,0.591070645538254,0.574952090198505,0.571649323814292,0.563938627331722,0.583581943450418,0.568839486704328,0.598067701227947,0.576173798798333,0.573809605087004,0.563629893321963,0.576017891496412
2020-07-18,ddbd0d6259ce57cc,fcfd2e6eed519cb9,0a1942069c9ad6b6,8c0580d4fff106c1,Jack Hermansson,Kelvin Gastelum,1,0.542132575882116,0.53976699202034,0.53263177031508,0.532944784139902,0.529366500028541,0.534577876145753,0.528406721328787,0.54117440829912,0.531844433450861,0.532664017089995,0.528116079148506,0.535164704206115
2020-07-18,ddbd0d6259ce57cc,4dc5039b21013b3a,80eacd4da0617c57,aa72b0f831d0bfe5,Joseph Benavidez,Deiveson Figueiredo,0,0.347460981023304,0.347842456176741,0.373927530676815,0.357674267976773,0.372448656549985,0.34449696439263,0.370929992323346,0.340354083463552,0.374887138853232,0.346930949348467,0.367191943435978,0.361016919768408
2020-07-25,dde70a112e053a6c,67db05bac9165722,329e403448756217,5fa2974cbd18e05c,Nathaniel Wood,John Castaneda,1,0.575521433844954,0.562805524628046,0.551590147737167,0.567892662831725,0.560577443301584,0.561412525797038,0.550508955394568,0.55730634086504,0.544358995730043,0.565416218090586,0.556371067061296,0.567373375337352
2020-07-25,dde70a112e053a6c,87daaa6db4f6940c,62f7097c04311193,abd5fb12437eda21,Niklas Stolze,Ramazan Emeev,0,0.277694461765684,0.278494248861187,0.314190682051694,0.29457184871198,0.31470824745005,0.277822552061662,0.313374770176627,0.265796553449493,0.313220968472057,0.284189511698219,0.311126189608018,0.297581694544277
2020-07-25,dde70a112e053a6c,54bbc7974df586a1,673ea7dcc786b1b3,91dac5e69e28d5b5,Bethe Correia,Pannie Kianzad,0,0.315406203600226,0.30795991798724,0.339855488834273,0.336663986188974,0.353348201313872,0.312405971415388,0.34349380492686,0.297048823173233,0.339483878283127,0.328349163570881,0.350739770958051,0.335867252395351
2020-07-25,dde70a112e053a6c,88d3b6b833e31712,04c8b08b16a5b99e,41f90012b86a11bf,Tanner Boser,Raphael Pessoa,1,0.609256684355328,0.578946077514505,0.564914011218112,0.593079510334816,0.583144224139721,0.570791331612535,0.558254263941379,0.553094684329638,0.541088548037695,0.579158631945676,0.568260762255006,0.595059710841691
2020-07-25,dde70a112e053a6c,32b0e450b11b32fe,56fcb2c4d99f9d1b,76e2870ffafbe38f,Mike Grundy,Movsar Evloev,0,0.434256740665426,0.440906864063706,0.451468981580247,0.432936576024533,0.440164302940736,0.440050417084562,0.45069808106142,0.44208141013256,0.455165369361294,0.435994619522574,0.444848209917512,0.437481624611777
2020-07-25,dde70a112e053a6c,6cfab1da57d260f4,399afbabc02376b5,92fa1401b7927da3,Tom Aspinall,Jake Collier,1,0.564025116798764,0.552656294250255,0.543230997509557,0.559891443871285,0.553423209057787,0.553703616594974,0.544151585560971,0.548469040653419,0.537499362844638,0.557403076860727,0.549448924870287,0.558240295283184
2020-07-25,dde70a112e053a6c,3b209a2aee014ac2,4c88a1db5a46c6a4,a8283a4f415e1eb9,Jai Herbert,Francisco Trinaldo,0,0.486934835454788,0.486105753912685,0.488605664626707,0.503703762211944,0.503300507365014,0.496313099625511,0.49697266204412,0.489966016077481,0.49224634094097,0.503693330414235,0.503177933412774,0.495873582069526
2020-07-25,dde70a112e053a6c,573d3a6984cbcd29,767755fd74662dbf,f748267c4ab6c127,Khamzat Chimaev,Rhys McKee,1,0.464208993284653,0.427737748524367,0.440608376617052,0.46607515361177,0.469759341469728,0.425515910392153,0.438692507271489,0.397193759257431,0.420103708642088,0.445557061313395,0.453106447060983,0.467239938154542
2020-07-25,dde70a112e053a6c,58e07add007685f8,1fcfc3709fe58151,57b10fca4f9c9a7a,Peter Sobotta,Alex Oliveira,0,0.297272820041391,0.303088073211162,0.335644072694482,0.32717479526708,0.344684073946371,0.319294557420934,0.34942064542808,0.303499788071194,0.344823866150653,0.326413867202245,0.349019638560672,0.322714215970389
2020-07-25,dde70a112e053a6c,74dae3d87a99cf5d,af997f7611673880,eabf206b162b3b83,Gadzhimurad Antigulov,Paul Craig,0,0.371560054634508,0.403636181918612,0.420656512841554,0.364619298511107,0.378739566048818,0.3883569636206,0.407825005385257,0.409010028432131,0.429375694654023,0.368031325284122,0.385748253702489,0.375475163084515
2020-07-25,dde70a112e053a6c,5632f2364016e879,cd2c4d30c6e13b47,d910665038efc639,Marina Rodriguez,Carla Esparza,0,0.471004417621303,0.481428175631393,0.484768684859864,0.472391574819295,0.475392439640532,0.480931790975201,0.484340587509854,0.485391532897465,0.488710771639082,0.480016357932838,0.482802738889148,0.47340092401201
2020-07-25,dde70a112e053a6c,f786136e55007e17,3c6976f8182d9527,492b202d2064e7a9,Alexander Gustafsson,Fabricio Werdum,0,0.756585324560024,0.759581408902472,0.719770633923717,0.743430916843506,0.720721316369122,0.768742534681775,0.728361907046275,0.779259789282919,0.726045138554202,0.757409186194476,0.727037495171236,0.737388710513087
2020-07-25,dde70a112e053a6c,a3820f1eb82f2ba6,140745cbbcb023ac,73e09f837f3b5ecc,Mauricio Rua,Rogerio Nogueira,1,0.678141157142392,0.674736381690166,0.645278138352301,0.682198037513618,0.66389908730089,0.689338423182693,0.65801057385922,0.700652188826788,0.658610131566166,0.686370694621774,0.662377686864663,0.670400150012483
2020-07-25,dde70a112e053a6c,11f715fa5e825e51,9ce6d5a03af801b7,e1147d3d2dabe1ce,Darren Till,Robert Whittaker,0,0.513671881965716,0.506289221781544,0.50515729289418,0.512579522931876,0.511210345974402,0.504978958215082,0.504088274965157,0.493973251243839,0.49534305222544,0.510685341846904,0.509194543422617,0.512327308156629
2020-08-01,3746e21bb508391a,76b9a338597fc604,e00a3dee329a51f7,ed2a8cc402173781,Jamall Emmers,Vince Cachero,1,0.698338392889733,0.704436667607995,0.670884520533153,0.671985511126472,0.654548229201085,0.699232346014021,0.666571364230694,0.719023856826449,0.67393704184103,0.682452282774699,0.658877988808247,0.674800474887697
2020-08-01,3746e21bb508391a,6ba9f6a7a9361354,6e9f40c706f91f32,f6bcbd91b114ff58,Nate Maness,Johnny Munoz,1,0.483452142205479,0.483973154952726,0.486856405263238,0.482635600221555,0.484524962434465,0.483351976643027,0.486328633750749,0.484054219138458,0.487677042754451,0.482963927421799,0.485339873833601,0.484038166947319
2020-08-01,3746e21bb508391a,94b48b98d0292720,9ba2226646046b63,f2477cf43c4975cc,Frankie Saenz,Jonathan Martinez,0,0.255255897378319,0.266406006501423,0.303515504764224,0.262616314286384,0.284956967208911,0.256989281342116,0.294891537185357,0.257607340803359,0.306218982938586,0.260917937133255,0.289893580420325,0.27122542926628
2020-08-01,3746e21bb508391a,0b21755eb0897396,887961364be5ceb3,f9b200db02b488d9,King Green,Lando Vannata,1,0.403578988849248,0.391261984397111,0.410366220192224,0.40377756773912,0.414034032173946,0.385115437494184,0.405117579299517,0.372856278866312,0.400882443163215,0.391840461646234,0.406551984098606,0.409279994824579
2020-08-01,3746e21bb508391a,2fb1abeb337e0ccc,6d4b63c767106d3a,c6aee362c7a7d482,Vicente Luque,Randy Brown,1,0.593115717845983,0.568610046510327,0.556377100758782,0.582526165288541,0.573679255906175,0.566353893433011,0.554588106464045,0.543615972936907,0.533736516202808,0.57424765283933,0.564008979921319,0.58253031303568
2020-08-01,3746e21bb508391a,5885445f39dac389,12f91bfa8f1f723b,8e1f36476ef02a6a,Joanne Wood,Jennifer Maia,0,0.494510347955404,0.476265491487929,0.480532752415979,0.489581408450173,0.490715512623223,0.475157113837508,0.479595991371525,0.456483232527054,0.466340375243284,0.483888414106487,0.486135573573559,0.492437259901571
2020-08-01,3746e21bb508391a,0b88d0c76f9cd7e4,4144798612ef96e5,b1a3e0aca758b322,Edmen Shahbazyan,Derek Brunson,0,0.680661367022367,0.652424399196897,0.626298306382212,0.673071212555246,0.655540878880236,0.654138071683105,0.627912245434818,0.634482263796605,0.604951258603441,0.666653368673992,0.64482436133145,0.667057413829104
2020-08-08,7a82635ffa9b59fe,5c8d9d893d163d51,06a80a685ea98573,e87a13e02c01331d,Irwin Rivera,Ali AlQaisi,1,0.486190585603149,0.488843545073814,0.490851135148414,0.48113688532713,0.48318906694297,0.48680931039585,0.489168283845603,0.487851020946055,0.490611763249693,0.482148643150049,0.484638142335727,0.484550826881281
2020-08-08,7a82635ffa9b59fe,e255fc129f225a55,52c2ae6d2f2d2613,d21113c9ff3788ae,Youssef Zalal,Peter Barrett,1,0.743383681956081,0.727153555073667,0.690785450209911,0.728023677815239,0.706285814070802,0.724370965508933,0.688558262905688,0.723498221666174,0.677704697007487,0.725351203793351,0.697545095934356,0.723503337017866
2020-08-08,7a82635ffa9b59fe,1308213458d8596b,304a21d0595e1a08,da816417a579a0bd,Justin Jaynes,Gavin Tucker,0,0.689001739617611,0.669702056381114,0.640978058354128,0.683308229534183,0.6649174896283,0.67285604419542,0.64385187242218,0.663367728574608,0.628117823186192,0.681211806566363,0.657771280739434,0.675961635143096
2020-08-08,7a82635ffa9b59fe,e8f4e8ff49678b44,4dcfb28c011c11b2,fccf811c1e8b01c7,Wellington Turman,Andrew Sanchez,0,0.68788771158469,0.690985222981749,0.659234200867963,0.668528173470551,0.651389427304977,0.688419605186806,0.657217997457154,0.696355584868562,0.655056704146167,0.674967417599306,0.652208884681743,0.668203012142673
2020-08-08,7a82635ffa9b59fe,26173f6491300eaa,b7b84ccd221be298,f8f1ec513bcfef43,Nasrat Haqparast,Alexander Munoz,1,0.652704098722062,0.647087973735037,0.62178700194014,0.63950316979893,0.624993344417808,0.644125227124601,0.619439843277968,0.652180604250717,0.619104133532687,0.640766260821526,0.62197366065085,0.637681061888129
2020-08-08,7a82635ffa9b59fe,05f6459d1f3ed13f,3a46b268013afede,b9437600497350f3,Kevin Holland,Joaquin Buckley,1,0.55763704827211,0.535874354213759,0.529433774152675,0.549775381994998,0.544386071915286,0.536705649734639,0.530156741068949,0.523630688788002,0.518264869039022,0.54531395928732,0.539018085531047,0.550407457793691
2020-08-08,7a82635ffa9b59fe,6f1892ed71d943d7,4b47e71384a9522f,a12a8314adc1c1c9,Tim Means,Laureano Staropoli,1,0.448545737146987,0.445660243699899,0.455383341894754,0.43449912760488,0.44156180399725,0.437061294297264,0.448231527962597,0.436962095526536,0.451186143382606,0.43192480122313,0.441330335210242,0.444727971429896
2020-08-08,7a82635ffa9b59fe,cfb189e326553f0a,08af939f41b5a57b,df1eb4354d18a906,Beneil Dariush,Scott Holtzman,1,0.76781447210138,0.762776620130407,0.722668574780903,0.758238344535687,0.734697883720296,0.766026740003268,0.725883234115151,0.773123607003058,0.720582683657224,0.763229842275998,0.732457697753218,0.750090039030306
2020-08-08,7a82635ffa9b59fe,ad62675e819e92fc,3143bf892608139a,a78a87d8c2bbb1cb,Yana Santos,Julija Stoliarenko,1,0.420929076922702,0.408633164646692,0.424802334241295,0.440453979756979,0.446885514965841,0.415281482752821,0.430218521508153,0.404082708929247,0.425513601116677,0.43372534473162,0.442886937054674,0.435063441590899
2020-08-08,7a82635ffa9b59fe,c2ddadfa1a1056be,a17ad5a5048e8c3f,c549573c0df4d676,Darren Stewart,Maki Pitolo,1,0.639465804858844,0.65512264303521,0.628583271855252,0.620712227971174,0.60800663128977,0.653441848769481,0.62732197384565,0.677459877372856,0.639555824228645,0.635598366259226,0.617435172779132,0.62240982749338
2020-08-08,7a82635ffa9b59fe,22e10b23784e5efc,16690d100f995f8f,3a8176e15b9887c1,Omari Akhmedov,Chris Weidman,0,0.479998336298123,0.467223652401796,0.473110546965485,0.495516446370046,0.496004595633077,0.472519128815507,0.477428000875117,0.461268162007898,0.470047811862125,0.487791353437223,0.48949455355512,0.48873899111976
2020-08-08,7a82635ffa9b59fe,a2e34655a41ba45c,98c23cb6da5b3352,d3df1add9d9a7efb,Aleksei Oleinik,Derrick Lewis,0,0.267714460864128,0.268339509575081,0.305229243734781,0.267837585921606,0.289846624586976,0.257489746620179,0.295338935369424,0.252491278309473,0.301816510655482,0.261032111277024,0.289998448374472,0.27967088710472
2020-08-15,bda04c573563cc2e,86deadaab9905a03,1a08b01fdabb6ae2,eee0ef3e2b14816b,Tony Kelley,Kai Kamaka,0,0.393976047477141,0.397095547339152,0.415221783028825,0.392398425214146,0.403805270518673,0.393654404177822,0.412243919170734,0.395384048016618,0.418680457792011,0.392795040532669,0.40738348024819,0.399335312608619
2020-08-15,bda04c573563cc2e,2e9ad55f2e2f7c56,ac40f7e3cbecdda4,d0aaedcf7ccd0b45,Parker Porter,Chris Daukaus,0,0.435005391958455,0.437194294508479,0.448409703180256,0.437693098074152,0.444417663051008,0.435896523288314,0.447270058290912,0.434352537540553,0.449156150703152,0.436753752585249,0.445504173309143,0.440141614976921
2020-08-15,bda04c573563cc2e,745bdd823161da89,b4c6c904a9ffc5e8,dab8cfbb6b1db10a,Ashley Yoder,Livinha Souza,0,0.431805251995259,0.443876676672759,0.453914918664893,0.436841881147658,0.443656649948105,0.445763222479231,0.455408962607487,0.460381190569976,0.46936074912777,0.44157794986723,0.449671226856283,0.438270459416397
2020-08-15,bda04c573563cc2e,3e4b8bd71e8bceb2,0de720c0f1d4ab9c,d31cbcdd7d69536d,Danny Chavez,TJ Brown,1,0.314719941831186,0.311143519062363,0.342601186892102,0.331807066992164,0.348916688150231,0.312245938857515,0.343355852061718,0.299713213846649,0.341692506081074,0.324375503083341,0.347206466354234,0.333180712541674
2020-08-15,bda04c573563cc2e,5081319e58f9759f,7dda2cf308f24a02,b6850671a008bf9a,Virna Jandiroba,Felice Herrig,1,0.702489103704916,0.704145022632768,0.670630928061635,0.680592608866592,0.662427059912071,0.701531730739294,0.668568021801757,0.712510110474526,0.668477195830632,0.689105684538996,0.664823936622655,0.680939515064213
2020-08-15,bda04c573563cc2e,054794810817c1cc,c77a953488e5607d,d1941565abf50b16,Vinc Pichel,Jim Miller,1,0.537526007737338,0.554789696117036,0.544987060711323,0.520588701907528,0.518349131068726,0.543861036682391,0.536044543839068,0.565486385258861,0.550718513816729,0.528911108401833,0.524883707885745,0.527060485711588
2020-08-15,bda04c573563cc2e,57939328c1214107,99506df1af6c8b3b,c03520b5c88ed6b4,John Dodson,Merab Dvalishvili,0,0.270298777625673,0.272831714058108,0.309201544900203,0.308415830426772,0.3274786435062,0.286776006852693,0.321235251006673,0.260963030014974,0.309094746023293,0.304292414013008,0.329258854628125,0.300754807674918
2020-08-15,bda04c573563cc2e,0d9e9127c62811f9,361d49960a196976,4f140403000158b5,Daniel Pineda,Herbert Burns,1,0.25321676323454,0.278826070906081,0.314482433970495,0.272235000886703,0.293955676617209,0.278877523556221,0.314303422090884,0.281963800283916,0.326892703387379,0.275041107447591,0.302812353733216,0.275001709997673
2020-08-15,bda04c573563cc2e,dc24c4759651c6ad,2cd428e9606856fd,63def5a5662a6917,Jairzinho Rozenstruik,Junior Dos Santos,1,0.429324163144235,0.435812503809338,0.447270585301292,0.434460148806009,0.44152694541033,0.434435960129804,0.446064156304216,0.435209849850855,0.44982318282238,0.434662733853465,0.44369717115604,0.435980433927279
2020-08-15,bda04c573563cc2e,7200343d2e957cf3,7c7332319c14094c,b50a426a33da0012,Marlon Vera,Sean O'Malley,1,0.451853738195678,0.460826343461292,0.467855765411063,0.450045341765492,0.455453842805683,0.460974038532172,0.467934474753514,0.463566906315379,0.4718281057639,0.451290709930465,0.458053670531288,0.453819745547016
2020-08-15,bda04c573563cc2e,3bdacc82209b33f5,d28dee5c705991df,d967f0128c323de6,Stipe Miocic,Daniel Cormier,1,0.571481603377949,0.565493617747732,0.553806399114086,0.568797205977762,0.561386628070509,0.567744966062899,0.555737077577663,0.577347770632008,0.559960252193785,0.565678780255548,0.55659800505293,0.565973900474025
2020-08-22,af1e5c64b8663aa0,949619e1b1de9e5f,40d8b74488743800,4aa58269d0664b5b,Carlton Minus,Matthew Semelsberger,0,0.505592595860081,0.505769930265798,0.504731450089314,0.509148426045669,0.508152528685441,0.507254045390443,0.505956444993481,0.505691949775069,0.504398234941066,0.508497388882454,0.507311743209217,0.506991039785478
2020-08-22,af1e5c64b8663aa0,0ccc86f7d0e84c3e,c878270af633eb11,f9d0cae37dabfafc,Jordan Wright,Ike Villanueva,1,0.786113688240563,0.779320700811691,0.737809120204695,0.769905264836554,0.745788060356743,0.778890498739587,0.737679308717687,0.788342777874039,0.734206530975249,0.774517023762298,0.743032160450155,0.764684799695196
2020-08-22,af1e5c64b8663aa0,0a3e48cdd97267f4,3df5493bb279226f,43a59ce3bb40449e,Amanda Lemos,Mizuki,1,0.422913192743699,0.426152998437165,0.439299674074829,0.419217017436108,0.427882767985132,0.419306730401074,0.433553579811137,0.421608506766867,0.439225266294588,0.416579631382918,0.428046721432855,0.425626026072956
2020-08-22,af1e5c64b8663aa0,cfa0dbc7534f3545,8a1f3b5c526cd6e6,8be158ca1e5ea6a0,Daniel Rodriguez,Dwight Grant,1,0.401759865342241,0.392548887157503,0.41143807673832,0.416495791245905,0.42544417807944,0.393758427923253,0.412330623141125,0.383316675495847,0.409166181611093,0.407875763116086,0.42049656853,0.414648390084011
2020-08-22,af1e5c64b8663aa0,37a6fc5e69a7932d,122ac9b816d8b71c,a08ddd04eaffd81d,Shana Dobson,Mariya Agapova,1,0.154345500408735,0.159385740797036,0.203670158250727,0.175727214033616,0.201445161191355,0.162720349326277,0.206677990677025,0.150441849605995,0.207897063065181,0.171051674295571,0.204573341494569,0.178854244781316
2020-08-22,af1e5c64b8663aa0,23e548f618dd0e5f,af65aa688d13eedf,d2cd7a69cc55e7ed,Joe Solecki,Austin Hubbard,1,0.517485778476624,0.513241685489865,0.510859102176039,0.537873350086242,0.533762995075432,0.527591687114325,0.522663080331691,0.524443204813799,0.51889328409623,0.53700278252553,0.531854082851861,0.526384251340438
2020-08-22,af1e5c64b8663aa0,5d9a3bfdcd28abb8,18b602842a24f7c5,6370c1c1e12723d5,Mike Rodriguez,Marcin Prachnio,1,0.681022089134934,0.672017393498307,0.64295437061636,0.661028257253458,0.644548391343304,0.668188748141153,0.63986420103306,0.67736656432084,0.639479758604287,0.663801321847795,0.642296594679793,0.661337748633675
2020-08-22,af1e5c64b8663aa0,dfe14e13aa727a0c,6bd02119599741a4,f2688492b9a525a3,Pedro Munhoz,Frankie Edgar,0,0.397428897023356,0.39592292651942,0.414246402462904,0.402278605996829,0.412687744733557,0.390811793304823,0.409873585662506,0.384566329183515,0.410153456995781,0.39170068473827,0.406430214451614,0.405741565856922
2020-08-29,e29cf523ebd155c5,e1e31a8dfa9c27f6,19b7738321cfae42,2244d9a2b64b8c3b,Mallory Martin,Hannah Cifers,1,0.774993289511244,0.787500846899895,0.745385029100798,0.744793552071182,0.722003119200195,0.783942406643746,0.742351783628159,0.806802298686057,0.751096194984384,0.760983354927514,0.730363191978278,0.746968935173717
2020-08-29,e29cf523ebd155c5,16358c536d739017,9673a497a9da119a,b3d21b2610dcfaeb,Polyana Viana,Emily Whitmire,1,0.489888210510138,0.485967447140081,0.48849222316279,0.487169972843943,0.488566395126212,0.484903274958617,0.487602826157937,0.470043518430693,0.476841511319507,0.485612879505305,0.487619745100298,0.489166131717008
2020-08-29,e29cf523ebd155c5,c5ba56d51f6b0171,45f7cb591c3ab00b,ae071698e1a3ccd4,Sean Brady,Christian Aguilera,1,0.563485988589015,0.559125611672753,0.548557771610377,0.556692296955985,0.55056435473177,0.561871713543467,0.550887878012595,0.562888625604643,0.548697764990572,0.560508380315058,0.552130592406314,0.556436899273795
2020-08-29,e29cf523ebd155c5,d43c007dab9c51b0,37cc294027f55e4d,7aa3d6964eff4877,Austin Springer,Alex Caceres,0,0.550395030916305,0.572163350981975,0.559309963690439,0.534837071616284,0.531054353495596,0.566916030997674,0.555052375833383,0.588030968477543,0.568307777692429,0.546129974031393,0.539721754593691,0.539845015979116
2020-08-29,e29cf523ebd155c5,0a7517a16d2d9db6,4ba8d454f762005d,77d7295d1b22c694,Zak Cummings,Alessio Di Chirico,1,0.60920652724685,0.610253950484765,0.59089692044517,0.590104603263875,0.580474611857093,0.608513594434869,0.589563705412033,0.621057203552196,0.594293216456998,0.597524291577061,0.584194108500274,0.593591560497996
2020-08-29,e29cf523ebd155c5,eb9097be07a3c26a,257b0c8d6f199895,c549573c0df4d676,Impa Kasanganay,Maki Pitolo,1,0.59977431544122,0.611926630222785,0.592291335379169,0.604732943963294,0.593614184921125,0.622317382552791,0.601101044517798,0.636864086876445,0.606848847620278,0.615555141138317,0.599896437500525,0.596413034162814
2020-08-29,e29cf523ebd155c5,3a8e4b830750e9d4,3974fa35c917af1d,9abc648e76c4493a,Ricardo Lamas,Bill Algeo,1,0.54872754549942,0.563227791587593,0.551938227223048,0.525039346388235,0.522316894657275,0.550920656223711,0.541858291566616,0.574113139683676,0.557437427754866,0.532062611756513,0.527598037102425,0.534324786153086
2020-08-29,e29cf523ebd155c5,0a9f22de8600c762,a20f234df70f2182,e8b731feff72294b,Ji Yeon Kim,Alexa Grasso,0,0.301114980886104,0.292706625568064,0.326629072307483,0.333250253296366,0.350234139609226,0.297633723651798,0.330706622548044,0.274196709823082,0.320348660645074,0.320487261061024,0.343743634555449,0.327472320218539
2020-08-29,e29cf523ebd155c5,864cddd6e165ea2d,84b3e7d38f2d2ec5,f2925e6db404bf1d,Neil Magny,Robbie Lawler,1,0.836322152210287,0.834059402713258,0.789853745752467,0.807186880319322,0.781757044053063,0.826721651468253,0.78296474604138,0.846252733620108,0.788822550339175,0.81338962134657,0.780184264181332,0.808003996126436
2020-08-29,e29cf523ebd155c5,1ff4586752ee8a93,333b9e5c723ac873,d4c9dcd330403612,Aleksandar Rakic,Anthony Smith,1,0.735147651845115,0.729517339490778,0.69287403266457,0.71573984686096,0.694848142397889,0.727872848584568,0.691650436065957,0.736597635550819,0.688820542359636,0.721345849386478,0.693899295005611,0.713558554518239
2020-09-05,542db012217ecb83,7340b4cbdbac5863,2af2f2e26c4c0402,56709e66f1c6008f,Hunter Azure,Cole Smith,1,0.600976660597788,0.5932931010442,0.576795201577185,0.591133541112201,0.581397817957268,0.587837697749794,0.572367906606725,0.577267501143482,0.559897621918294,0.588055711719373,0.575972668959745,0.590317196785308
2020-09-05,542db012217ecb83,7930c605c6a6ec88,36541f1e6c5d4955,80d8aed0ca9b00f3,Viviane Araujo,Montana De La Rosa,1,0.360178656641438,0.379871356400903,0.400860593742758,0.372267557296502,0.385655578399871,0.380019419085083,0.400855644159549,0.394103434693273,0.417672773886901,0.377009233905501,0.393608203572179,0.374008521116355
2020-09-05,542db012217ecb83,7595aabe89020780,7be14eaed4c74856,90e0985df05e51bc,Brian Kelleher,Ray Rodriguez,1,0.521586046616078,0.509792679749861,0.508030399072408,0.511320904312765,0.510088634232886,0.508204390470093,0.506736835767079,0.50224043632687,0.501731185406734,0.510205870795593,0.508781936795346,0.515307479516699
2020-09-05,542db012217ecb83,e8206c7380441fbb,886264a0c9f4ea5e,e17ac6410c8377f4,Andre Muniz,Bartosz Fabinski,1,0.373305599593822,0.357094195029534,0.381741544094858,0.405286050422115,0.415388538852666,0.37408227940765,0.395881255991909,0.33892988541558,0.37373800285768,0.396364925367378,0.410491458272636,0.396100522020613
2020-09-05,542db012217ecb83,0f279b25ccbecc76,595db60957de51d3,7f0f171414d0a287,Michel Pereira,Zelim Imadaev,1,0.639038987709576,0.631898518356967,0.608999145752571,0.620880363978106,0.608158312641015,0.628867180780876,0.606593688325481,0.635944215947407,0.606115740797191,0.624729783608392,0.607912743291645,0.622294167086307
2020-09-05,542db012217ecb83,0e809b7e37681783,50db8711c70196cd,a495f599e787614f,Ovince Saint Preux,Alonzo Menifield,1,0.48054066763085,0.477263282148151,0.481351527024315,0.478118320282073,0.480498242697898,0.478882645129083,0.482657143641878,0.469482701379171,0.476407529097916,0.481521051309277,0.484097947058716,0.480517492384726
2020-09-05,542db012217ecb83,24341a8cf1152c5c,441eacbe20e0e80b,b4ad3a06ee4d660c,Augusto Sakai,Alistair Overeem,0,0.451316851718396,0.445435259851058,0.455198132122446,0.471401656559535,0.474509729378929,0.446650844773985,0.456140556859258,0.43770036946401,0.451760251782106,0.461863942603056,0.467169359586752,0.463966575658155
2020-09-12,9c37681096c6f3a9,ed8fb10b596e6fa4,70d2329a92864fdb,928ae2e5b5f7a9ec,Sabina Mazo,Justine Kish,1,0.684275503481051,0.673717486241517,0.644406973295843,0.678816625810578,0.660799557622886,0.676301179728042,0.646801274285874,0.672937348709619,0.635874355629332,0.679331204365478,0.656094569570851,0.671558370682923
2020-09-12,9c37681096c6f3a9,463fc1fd1f17befb,3c5005b66696d790,a331233f597090a5,Anthony Ivy,Bryan Barberena,0,0.672417113441857,0.675582258774206,0.646001712761225,0.656439622046411,0.640370196730926,0.67530156295702,0.645944968486166,0.689434457382338,0.649355775121701,0.663405438555159,0.641945936076754,0.655087334363255
2020-09-12,9c37681096c6f3a9,bcc9dca5136fc765,4d8fa64202cee4c1,7c9f96f9a6a5cd50,Jalin Turner,Brok Weaver,1,0.715810786783305,0.716215323368937,0.68116558637888,0.688912710706304,0.670064458232478,0.707682520747167,0.673922764758535,0.726528364254164,0.680264476964092,0.694284565804345,0.66946421213693,0.691291799723974
2020-09-12,9c37681096c6f3a9,2461756d8acd56d2,2c5a0b8317f8f27a,c0badf3243907e59,Roque Martinez,Alexandr Romanov,0,0.417093317379144,0.41976058496121,0.43401651420432,0.421060191283049,0.429533989870313,0.418436967684755,0.432833200207011,0.416667676255215,0.435366602728742,0.419779341836421,0.430819313891473,0.423877184357463
2020-09-12,9c37681096c6f3a9,cf0e0f95524f187a,4234f0097c83fa62,86d9dbe1bfcbade7,Sijara Eubanks,Julia Avila,1,0.543372497119223,0.557825945347927,0.547487224786479,0.522718905139519,0.520248131152313,0.550147851929403,0.541221616931564,0.564927868147998,0.550283960506452,0.533518301061569,0.528851983826117,0.530757243479155
2020-09-12,9c37681096c6f3a9,c58aaabf2c5635d7,31f8081c7600da93,aa171d55d4b5208f,Kyle Nelson,Billy Quarantillo,0,0.375826304998237,0.392306706706091,0.41123639647311,0.388137308817658,0.399969562044995,0.392249268040977,0.411072480730836,0.391801532092766,0.415860308530114,0.389410260972379,0.404434293095295,0.388946841198967
2020-09-12,9c37681096c6f3a9,06910bddb0745856,887961364be5ceb3,cd7763bcadb5d4c8,King Green,Alan Patrick,1,0.711906158401387,0.698905772378128,0.66608294914271,0.680441596980772,0.662288636422221,0.688685874963449,0.65744764136208,0.692127658758034,0.651570851316737,0.681397155114562,0.657936605381202,0.685333224350814
2020-09-12,9c37681096c6f3a9,3901d9cdbb0949bc,06f36cf4bd97ec77,18b602842a24f7c5,Ed Herman,Mike Rodriguez,1,0.471249860363169,0.488865430454315,0.49086908422833,0.475896155961141,0.478517164851991,0.495131048136307,0.496002054288636,0.508165568559259,0.506309744788116,0.489431828427033,0.490906287320401,0.475218414112826
2020-09-12,9c37681096c6f3a9,764012f51c7dc223,05fa626cb33d15b8,4498b382c65a7faa,Andrea Lee,Roxanne Modafferi,0,0.770528261224609,0.774711483962123,0.733567258877728,0.757690301936805,0.734178673828527,0.77485567629274,0.7339640162445,0.792778828503694,0.73822696159075,0.76640742868115,0.73542594835987,0.751116104819896
2020-09-12,9c37681096c6f3a9,1ed8776f978a0155,78e501478a36a018,ee18ff42063174df,Khama Worthy,Ottman Azaitar,0,0.483017376329461,0.471213828141817,0.476386594246971,0.475519753353177,0.478181581920991,0.467173955762177,0.473033845737142,0.457997896610428,0.46751421779088,0.470963802984914,0.47500856588481,0.480375303980715
2020-09-12,9c37681096c6f3a9,0ffbf3096a13b47e,eb04b9d31e938edb,f0feeb2192937424,Michelle Waterson-Gomez,Angela Hill,1,0.468181194044075,0.472223737672612,0.477215596355159,0.473737026526025,0.476592115553364,0.47219644413784,0.477162779669005,0.476468854811153,0.48181211713201,0.47313561403853,0.476878815442349,0.472773843486231
2020-09-19,831b937811804dad,579f3280456ad450,6e00cfffd54653c4,c9587d81e1d33925,Tyson Nam,Jerome Rivera,1,0.455026821204232,0.455671657054542,0.463619183532479,0.436152897975058,0.443040628721841,0.446465968402846,0.455988185993004,0.449156142840078,0.460658283357052,0.438558849600254,0.447063684955465,0.448471833479498
2020-09-19,831b937811804dad,3a38b0b566f3045d,06a80a685ea98573,5f6f049d54728e88,Irwin Rivera,Andre Ewell,0,0.554108817721456,0.545243423645082,0.537133169779377,0.530953695573239,0.52759070702574,0.532757079703776,0.526909447829741,0.533512955646535,0.525911045417121,0.524787162004088,0.52133260119077,0.539651338374735
2020-09-19,831b937811804dad,42ecb9a94bebc24d,325ad0dd9126d3df,78f485f851891d68,Randy Costa,Journey Newson,1,0.554493139722801,0.542206767499051,0.534636824196253,0.55745546577798,0.551246265272789,0.544653385500353,0.5366968106938,0.533805143851385,0.526137232061365,0.552351491843784,0.545088611459029,0.552720047599516
2020-09-19,831b937811804dad,36656dfa32341671,34e516ab361afb1c,cd2e5a390821fb48,Darrick Minner,TJ Laramie,1,0.402452961685626,0.419850636191707,0.434090988082758,0.406352356930018,0.416345805934417,0.421496544557478,0.435366697834539,0.433253142457059,0.448300586179279,0.415025753809321,0.426699702814754,0.410024231663046
2020-09-19,831b937811804dad,bf614956b28f231c,49b130de1da2e1bf,6c8072b61c276e67,Sarah Alpar,Jessica-Rose Clark,0,0.576787986673892,0.582915467738772,0.568197290585303,0.574718793831255,0.566686083263097,0.58201768172805,0.567543416493211,0.594920686160173,0.57370476914508,0.576345476368144,0.565824800588285,0.571277076938186
2020-09-19,831b937811804dad,4f3cd94861c6a876,82cbb809d5ee565c,cc8c623cca88f54f,Mara Romero Borella,Mayra Bueno Silva,0,0.412798925692709,0.403044103072868,0.420164934422605,0.41711128527482,0.425995825129403,0.400963624994892,0.418330022310523,0.385774390025819,0.411107416451613,0.410298308929033,0.422599242575289,0.419993658861884
2020-09-19,831b937811804dad,aa08ebe1a69c76ca,29af297d9f1de0f8,cbd3e590a85b18c5,Damon Jackson,Mirsad Bektic,1,0.383932289697343,0.416394361947322,0.431231544013526,0.37815127206099,0.390967988895118,0.402276143485321,0.419421624385708,0.425351892712403,0.44214546792285,0.385793800363448,0.401280605726773,0.387769824740602
2020-09-19,831b937811804dad,36807d8a7ebc84a5,215a70f073a7b726,9ada30894bf04e19,Jordan Espinosa,David Dvorak,0,0.557243228302208,0.550379952261848,0.541357850716499,0.542590746383222,0.537972387023967,0.542923648881361,0.535272956584297,0.542661391982997,0.53299669096799,0.542644787195246,0.536716769071441,0.54673384961622
2020-09-19,831b937811804dad,78c3ca588e55bf31,3a46b268013afede,a17ad5a5048e8c3f,Kevin Holland,Darren Stewart,1,0.555275529850979,0.528023030023448,0.52298696154924,0.568483059507882,0.56110558994438,0.540824802828045,0.533545636485083,0.514214136451441,0.510984427791855,0.56182085516398,0.553264330026167,0.558462272407759
2020-09-19,831b937811804dad,859ca56770ac7672,4a57ebb14315b251,7447e9f28508106a,Randa Markos,Mackenzie Dern,0,0.350001384614121,0.362369042309775,0.386183607553459,0.356384546821258,0.37127922562095,0.361479181365284,0.385287312991506,0.367113034558892,0.396318543604267,0.359369524804173,0.378145679478818,0.361556975640846
2020-09-19,831b937811804dad,1a484c452623181e,a67f5afa8d6a1b80,c21f26bbde777573,Ryan Spann,Johnny Walker,0,0.550893563934416,0.542905171980382,0.53521088506515,0.54007980353444,0.53573167680278,0.534401456349082,0.528261637592279,0.531995467327506,0.524736452028481,0.536521221377287,0.53143914141442,0.542621067271377
2020-09-19,831b937811804dad,498766b46b8b4a7f,6ac9bc2953c47345,767755fd74662dbf,Gerald Meerschaert,Khamzat Chimaev,0,0.310232037436844,0.334914239011907,0.362955655106522,0.311864557471938,0.330649951447127,0.328518983316287,0.35732387999255,0.339121842192863,0.373892940009255,0.316221862278895,0.339938490190627,0.32130046215286
2020-09-19,831b937811804dad,ca531425f5c042db,dc9572dd6ec74859,effd9de9937996f8,Colby Covington,Tyron Woodley,1,0.682900486549427,0.699855980383141,0.666906717624898,0.653805638309945,0.637974234294371,0.686337288909177,0.655423268828865,0.726149049307671,0.679943671830561,0.665263934403348,0.643592569628837,0.65871649819318
2020-09-26,e69c5ce12f4e762b,e10481ee3fda7080,687c15b2eddfaa63,c3218c810959d279,Danilo Marques,Khadis Ibragimov,1,0.441024411692678,0.442734374107348,0.452974249368007,0.437822585785711,0.444533422977293,0.441364868908858,0.451782363219231,0.448981939388811,0.460523110384938,0.440370194020117,0.448628228816496,0.442940550877879
2020-09-26,e69c5ce12f4e762b,8e7b2d62f834b417,6a11e325aa60ad02,ccf5dc41417e9daf,Jeff Hughes,Juan Espino,0,0.437720597480954,0.435973500177189,0.447403320859694,0.449745018823349,0.455185663159393,0.440806836299272,0.451322073190558,0.426103562305923,0.442731515303451,0.445184955231535,0.45278527079323,0.447244827232642
2020-09-26,e69c5ce12f4e762b,5fb63c34935acce9,5da33b8fbfa5ee95,c2a670b22d2e196f,William Knight,Aleksa Camur,1,0.313896090406168,0.313453221708196,0.34459013465081,0.322684539080145,0.340575367781759,0.311899162908866,0.343056879054208,0.300017246198195,0.341944252337659,0.316477666298391,0.34016688484921,0.328331684228694
2020-09-26,e69c5ce12f4e762b,eed8c9955cad1e30,4cd8b03aee1d0138,5b86d491d63890c5,Shane Young,Ludovit Klein,0,0.535554336870422,0.543001440212974,0.535290017284745,0.519028564502474,0.516958412252538,0.534126876624997,0.528035833881743,0.551424677915175,0.539792419074538,0.523484121138542,0.52021072315617,0.525404985586811
2020-09-26,e69c5ce12f4e762b,73dbbdfcf7f989c0,82e7929bf6c2b689,a845f0735bc67405,Diego Sanchez,Jake Matthews,0,0.166999741681832,0.16914010221102,0.213285740797258,0.187443880671558,0.212987619711771,0.172855678874671,0.21662345243779,0.160808101188407,0.218117073604407,0.181639701369182,0.214971765642674,0.19105877497807
2020-09-26,e69c5ce12f4e762b,9f4d6d192ab4a027,37ed1ab2f8b819f4,c3ded6f7155f9ea4,Brad Riddell,Alex Da Silva,1,0.616555206245347,0.622763527362674,0.60134320496073,0.596302314997601,0.58603770589316,0.618754936665965,0.598118679940305,0.634306896932556,0.604811627251395,0.608206253883385,0.593488712694191,0.599981814597167
2020-09-26,e69c5ce12f4e762b,5a00c73efbcf323e,2c9d00968f818270,aceffa19749c4dc0,Hakeem Dawodu,Zubaira Tukhugov,1,0.60229785557092,0.61923712623915,0.598394182921419,0.590788036199029,0.581087800272195,0.614471950287869,0.594537643304561,0.642533624348217,0.6113743718071,0.599374938162285,0.585802845405432,0.590753766447529
2020-09-26,e69c5ce12f4e762b,e842c6f63fa2e27a,4234f0097c83fa62,b9706f80d005036c,Sijara Eubanks,Ketlen Vieira,0,0.440633032805698,0.422748984734523,0.436487212775091,0.421596607555554,0.430014466464629,0.403727372770087,0.42062815261975,0.388100398055073,0.412942933427437,0.408743608030842,0.421249937184195,0.434825120910444
2020-09-26,e69c5ce12f4e762b,9e674a02db6c03c8,6e15f63b6c2e2c15,853eb0dd5c0e2149,Brandon Royval,Kai Kara-France,1,0.376532890825528,0.391077424809414,0.410212467849065,0.374585675121241,0.3877494145147,0.385852273648776,0.405733246081131,0.400637324812488,0.422809481927022,0.376420479105187,0.393093357745268,0.382644525494733
2020-09-26,e69c5ce12f4e762b,4c12c9085200121f,2e19380f34871c6a,99df7d0a2a08a8a8,Dominick Reyes,Jan Blachowicz,0,0.634834186195049,0.626324150871923,0.604324411337596,0.617423105997682,0.6050404555296,0.621754307303791,0.60062942257088,0.620014670118728,0.59346810018359,0.618475637495461,0.602446137221028,0.618670677105678
2020-09-26,e69c5ce12f4e762b,fd76b75c28dc247a,1338e2c7480bdf9e,2e5c2aa8e4ab9d82,Israel Adesanya,Paulo Costa,1,0.824375603327034,0.816671522165894,0.772951924803177,0.807247357519951,0.78181612378101,0.819620273766704,0.776079655192093,0.821671044353464,0.765030264774946,0.81626484813322,0.782983354206627,0.801991632941718
2020-10-03,805ad1801eb26abb,d866afa89d62a4ae,2f1a257d6777096d,6eaec40f724852f4,Luigi Vendramini,Jessin Ayari,1,0.641783812191731,0.646968671205461,0.621686261318224,0.64089664832194,0.626255987383214,0.654288054404429,0.628039427085699,0.661614208130677,0.626701251803436,0.648903236920991,0.629134549165192,0.633335996049637
2020-10-03,805ad1801eb26abb,ac6b2a5f24c2b8bd,1897b7b913736a7c,e7bba7ce4d6c7b07,Alatengheili,Casey Kenney,0,0.376945625756117,0.373694356404788,0.395691093731566,0.404291665801662,0.414495691610166,0.381198322734031,0.401842212853664,0.36524702641222,0.394833173551871,0.396682044481769,0.410767424691881,0.39730600384504
2020-10-03,805ad1801eb26abb,87105c63df95f929,4e30e4250cb08b61,d05cb1e8d1b885d8,Loma Lookboonmee,Jinh Yu Frey,1,0.729015076992907,0.720273060534219,0.684725819244399,0.719089700685108,0.69796129054172,0.724522834350789,0.688692205933059,0.721649730957909,0.676146430741184,0.723557161476624,0.695911109704913,0.712301182296903
2020-10-03,805ad1801eb26abb,15a422574c3b89e1,881bf86d4cba8578,e26bd53b751d61d9,Nassourdine Imavov,Jordan Williams,1,0.5530529717,0.550949174654372,0.541826195839099,0.549509481409816,0.544148639518338,0.550691375541024,0.54166939190801,0.550988741271255,0.539454139033259,0.549722881794863,0.54282067715036,0.548192702549022
2020-10-03,805ad1801eb26abb,24ff0bb908095565,523fa774700d7d3f,f9f07bb5a43535ed,Court McGee,Carlos Condit,0,0.416480784102507,0.41679665270733,0.431564479135352,0.434240502754515,0.441330514028034,0.418262747332183,0.432688886170737,0.415240296735401,0.434250894184066,0.426620214147495,0.436742047157523,0.430011073166153
2020-10-03,805ad1801eb26abb,1e7caef3f6dfde10,3f7dab21b6c971bc,866fd7b1a6c90e7f,Dequan Townsend,Dusko Todorovic,0,0.256323008088001,0.268425549402598,0.305305447541883,0.268764352921743,0.290713299100468,0.269851273972435,0.306335830620861,0.262777397877462,0.310645802544697,0.270956934037766,0.299087260790842,0.274774819309766
2020-10-03,805ad1801eb26abb,c00a8682fb5b71bd,5f3da9a9610d8969,60425d07ef4b91a7,Cameron Else,Kyler Phillips,0,0.271174649707522,0.27321129984467,0.309536612046904,0.281587913573532,0.302668795165313,0.272022906664966,0.308257398122572,0.262020492573916,0.309999066410566,0.276965571076302,0.304564683155653,0.288122674131113
2020-10-03,805ad1801eb26abb,81b16b26774be5d1,1d239d571e342453,3253b16d38ae087d,Germaine de Randamie,Julianna Pena,1,0.597257098855609,0.600305342809134,0.582617420600454,0.57610918068106,0.567930951099464,0.601772587001001,0.583946877692563,0.612697139828187,0.587686243069198,0.586658340666738,0.57476062442979,0.581309373000312
2020-10-03,805ad1801eb26abb,ba6093c9136f99e9,1eff7bc0f815b270,a2ea77e974c5889f,Yorgan De Castro,Carlos Felipe,0,0.494305386795512,0.48661680803921,0.489024834617362,0.495427122728861,0.495924996245315,0.492344934796126,0.493714253111061,0.477670452161817,0.482741377060669,0.499318359955221,0.499413484159219,0.495190108405368
2020-10-03,805ad1801eb26abb,0005e00b07cee542,578ef12674df1e6a,634e2fb70bde3fd5,Irene Aldana,Holly Holm,0,0.528898426331449,0.515776866147938,0.512938542412154,0.537464936697272,0.533398623433338,0.521003711145714,0.517249489315561,0.510421272361055,0.508052966545225,0.532324875425172,0.527823944734156,0.531357351010272
2020-10-10,fd4578cac86d75ca,dbb5d682a2d7f584,294aa73dbf37d281,f00ac08ab056af5d,Bruno Silva,Tagir Ulanbekov,0,0.500749413697473,0.506900022405669,0.50565818204331,0.492983609239808,0.49374747247668,0.505387627359093,0.50442384563983,0.506284744962757,0.504856313113651,0.498006093899677,0.498284345318004,0.496924366647222
2020-10-10,fd4578cac86d75ca,849cc2c331e9b24f,5e6294b37bbef029,68d4a891e5cf2029,Stephanie Egger,Tracy Cortez,0,0.356705879846798,0.36326127140588,0.386934074362606,0.358796208875628,0.373465649648277,0.35705934826214,0.381560183331505,0.354582922343446,0.386319196163925,0.356324404855955,0.37546814434172,0.365820668214327
2020-10-10,fd4578cac86d75ca,89dd4c256ca5d317,9560ff14eb3129f7,a0e6753c42698f13,Giga Chikadze,Omar Morales,1,0.472774684415411,0.473524711495972,0.478283434020132,0.477819795848736,0.48023211529526,0.470597094767937,0.475848148184255,0.464712363677408,0.472715038765417,0.47418746614495,0.477784532425354,0.476847117891261
2020-10-10,fd4578cac86d75ca,dfb856d4c80bbf04,1a08b01fdabb6ae2,e87a13e02c01331d,Tony Kelley,Ali AlQaisi,1,0.259098462413266,0.247808476910813,0.286901228009767,0.281890064370894,0.302949694837701,0.253349187851916,0.291632119881872,0.228423612844129,0.28078841493137,0.271169154788189,0.299281034408124,0.282535581120888
2020-10-10,fd4578cac86d75ca,ee57cbd0b68c689d,257b0c8d6f199895,b9437600497350f3,Impa Kasanganay,Joaquin Buckley,0,0.635477250109768,0.61986923545597,0.598922543316889,0.618710937731762,0.606201602341181,0.613652583851632,0.593853114451427,0.614165205013535,0.588844895730148,0.615762469467115,0.600077380663372,0.619593817037047
2020-10-10,fd4578cac86d75ca,1e525f9857019a2e,d0aaedcf7ccd0b45,d31a5546c0e9b213,Chris Daukaus,Rodrigo Nascimento,1,0.448402186174654,0.433010717843435,0.444960024849876,0.441490242791733,0.447811616851142,0.425695455275739,0.438841008321795,0.415619045383292,0.434546985451073,0.433092208326709,0.442339624518217,0.448079561302842
2020-10-10,fd4578cac86d75ca,7c4eb0b4845eb0ed,1588b787bda7b540,9cd047a828dd7515,Tom Breese,KB Bhullar,1,0.581244570836455,0.575994794172054,0.562474648161862,0.573943468141181,0.565991998118142,0.578014772101199,0.564228796969751,0.57658079985419,0.559361875209607,0.57641936003641,0.565888763448371,0.572929947721873
2020-10-10,fd4578cac86d75ca,22fe6779c3fa649d,52c2ae6d2f2d2613,54f64b5e283b0ce7,Youssef Zalal,Ilia Topuria,0,0.682185754851989,0.671375734677563,0.642406440806866,0.661139305794933,0.644649574508598,0.665962050386384,0.637964913925738,0.673110303140148,0.636014954452932,0.663123267215374,0.641696030592446,0.661936433918888
2020-10-10,fd4578cac86d75ca,e4d831dc318e4e98,399afbabc02376b5,c9a94278df042f46,Tom Aspinall,Alan Baudot,1,0.648891718634664,0.638728120334527,0.614739584092571,0.639864528829747,0.625320733553725,0.638334148522529,0.614555413817533,0.640724261950466,0.609928763248976,0.639589102085399,0.620939238957381,0.636097274117674
2020-10-10,fd4578cac86d75ca,e64075c104471ff0,0d7b51c9d2649a6e,2ac4628c08ec5125,Dricus Du Plessis,Markus Perez,1,0.575001516050542,0.563226454027084,0.551937124617771,0.584328542377857,0.575294719799592,0.569216997947742,0.556953229779266,0.558022784237484,0.544915581069183,0.578810526091072,0.567959269770074,0.575161689241109
2020-10-10,fd4578cac86d75ca,1720a97a2fa261f8,bd58d34e39b7b12a,c9cf753cfdf77fc2,Ben Rothwell,Marcin Tybura,0,0.354451504418827,0.353177724882301,0.378437350675013,0.368831732546766,0.382550193901118,0.356502966604989,0.38109054114316,0.343561754243095,0.377471951911035,0.366431858482941,0.384345857166654,0.369690432086873
2020-10-10,fd4578cac86d75ca,db5802643b9fd7d4,64a50dad704d1d49,87a1dc546b1c5caf,Edson Barboza,Makwan Amirkhani,1,0.590282879211735,0.584395191009106,0.569421975982445,0.57529900231659,0.567205540084598,0.586531104109929,0.571284251359152,0.594994787763321,0.573762877994926,0.582177090644626,0.570875778281358,0.577719036399943
2020-10-10,fd4578cac86d75ca,727ecd251325b6a8,65f09bacd3957381,fea79f9bc8c68769,Cory Sandhagen,Marlon Moraes,1,0.44073639646685,0.421589411057473,0.435528704279489,0.445404722003713,0.451309133866296,0.418967927839652,0.433272983196455,0.400255977478257,0.422509993009306,0.432525779345211,0.441849935619043,0.446505866282606
2020-10-17,d4f364dd076bb0e2,024a04f78b37b7d9,0fd5f4b838e890cc,ef1182eb28c17d4e,Said Nurmagomedov,Mark Striegl,1,0.764055825123993,0.765959122633793,0.725563158693535,0.742962458379657,0.720280845215648,0.765154598265267,0.725088528472538,0.7779169918324,0.724846341533631,0.754046334413857,0.723915750700832,0.740745539870743
2020-10-17,d4f364dd076bb0e2,b3e12698e65cf8d0,950d0ef5c17157c5,af997f7611673880,Maxim Grishin,Gadzhimurad Antigulov,1,0.656748510890412,0.635405285478037,0.611944821763255,0.647890253400632,0.632599611846299,0.641752596456821,0.617437325803829,0.631446531351921,0.602535711414199,0.64820437615414,0.628518779720616,0.64364799923502
2020-10-17,d4f364dd076bb0e2,2735a2ea77ddc0b5,1e4f273069fb9e85,af9f42e6894047fc,Fares Ziam,Jamie Mullarkey,1,0.60678980813657,0.599259587811334,0.581748453835092,0.600647556440672,0.589941346632778,0.600207433319986,0.582644251363069,0.598487867871426,0.576503635695664,0.600837789317633,0.587074925790242,0.597614838547314
2020-10-17,d4f364dd076bb0e2,50e0bcba7551a25f,285ae0b4a68221f4,e9ac7bfb65c25497,JunYong Park,John Phillips,1,0.852466781819452,0.855500208737681,0.811273543338242,0.829849417939626,0.804086370477757,0.854143994067424,0.81019546030326,0.869771750162169,0.81264800045734,0.840581914052479,0.806986976529086,0.82738869902101
2020-10-17,d4f364dd076bb0e2,9b6135943a4c8fe7,38c7f72747f4f712,5c126c6aac3ef364,Gillian Robertson,Poliana Botelho,1,0.698387347859323,0.684937906066562,0.654025914509734,0.675888320215767,0.658118123269594,0.682560703649485,0.652173443440392,0.67525268441775,0.637757800561658,0.675823634603691,0.652970750769143,0.676717917374573
2020-10-17,d4f364dd076bb0e2,e5279358b128c2ac,72db2a14ffa73ece,7772b283d288dbe2,Mateusz Gamrot,Guram Kutateladze,0,0.470810511912313,0.471593150913839,0.476697975361668,0.47191447080577,0.474967010980228,0.471058014116574,0.476227030359662,0.470774442611807,0.477407093797178,0.471488803364016,0.475460690432375,0.473080592837547
2020-10-17,d4f364dd076bb0e2,e4d0be5ae320c4ae,2b074403b7c6cdb4,f2477cf43c4975cc,Thomas Almeida,Jonathan Martinez,0,0.422609182523906,0.440772947975347,0.451358661953722,0.436416586554589,0.443276398515508,0.448749390125494,0.457869856201326,0.450421220577166,0.461639803113995,0.443193584843123,0.451066221687861,0.433870139882205
2020-10-17,d4f364dd076bb0e2,4eb5f99202f5fe97,6f7c616b98e18c29,8f6a18831a120817,Claudio Silva,James Krause,0,0.428690836696248,0.436880817220316,0.44815130260898,0.431863636136883,0.439204555231786,0.428872571390978,0.441467935040339,0.431339766531336,0.446811078709089,0.431041504254271,0.440566563009323,0.434426751309648
2020-10-17,d4f364dd076bb0e2,948da1b7ebbb06b3,476fe566d2df676e,70e1f8a821b72c8b,Modestas Bukauskas,Jimmy Crute,0,0.353136046210147,0.35122906541281,0.376791351926575,0.384077356904718,0.396312025689337,0.360724153823002,0.384651072397145,0.350374897700612,0.382947226887912,0.376345375332763,0.393027676219654,0.37647509815203
2020-10-17,d4f364dd076bb0e2,e7a915f39ecf6db0,6a1901c62ab3870f,e872e9a9a902c045,Jessica Andrade,Katlyn Cerminara,1,0.629351849457973,0.628776319145757,0.606379685450573,0.613351635172295,0.601371464476219,0.624782743912986,0.603167039937722,0.638569176143275,0.608208587238397,0.614976090190996,0.599391127794776,0.614161520432211
2020-10-17,d4f364dd076bb0e2,5a440bdee19efaab,c451d67c09c55418,def8166ff24bd237,Chan Sung Jung,Brian Ortega,0,0.633437319929393,0.639704140405917,0.615561171411103,0.614485517702653,0.602392962433036,0.633861098070225,0.610790108585224,0.651712068578982,0.61872782257444,0.622835859467639,0.606256349413602,0.616597910768926
2020-10-24,c3c38c86f5ab9b5c,2279d909f6e3e552,58bbef3770bb2dfc,d06f8869449ba7bd,Joel Alvarez,Alexander Yakovlev,1,0.50723106449378,0.493592590897244,0.494745787595959,0.517860633283463,0.515917353997277,0.498193431212065,0.498516621235822,0.477366162944994,0.482506061608783,0.508537316513219,0.507346101444065,0.511976947640188
2020-10-24,c3c38c86f5ab9b5c,47f9c14a7dca1ad7,eebc23626e38f5dc,f29a6350c69f4a33,Liana Jojua,Miranda Maverick,0,0.319268837163484,0.317965345819526,0.348468409960439,0.327792243367881,0.345248600550296,0.314542157085964,0.34533410354977,0.307794825972329,0.348365332890594,0.320539822653539,0.343790482246528,0.333334279917155
2020-10-24,c3c38c86f5ab9b5c,5b062be91c65fb73,01afe0916a40c7c5,57b10fca4f9c9a7a,Shavkat Rakhmonov,Alex Oliveira,1,0.427844862331114,0.422023627197903,0.435887656253978,0.452075028162231,0.457266120703716,0.436395279443944,0.447681783599381,0.417246976289888,0.435819286267801,0.44898605628609,0.456065489160856,0.443867016783843
2020-10-24,c3c38c86f5ab9b5c,de2069fea664c4b7,329e403448756217,e7bba7ce4d6c7b07,Nathaniel Wood,Casey Kenney,0,0.53458504275055,0.534416111939895,0.528236064796676,0.543873244274117,0.5391170115935,0.543424013800121,0.535684809175349,0.534552319887969,0.52671566365811,0.54738494396008,0.540804053643472,0.53706144985955
2020-10-24,c3c38c86f5ab9b5c,6eaa4981d0335c8a,c62fbc117d57b943,ebc1f40e00e0c481,Tai Tuivasa,Stefan Struve,1,0.639574020360406,0.636159430215347,0.612578805953373,0.62033758597402,0.607668672739268,0.624380179919915,0.602829569662211,0.620852153327487,0.594130901099572,0.618618494711785,0.602570905467065,0.622277858215558
2020-10-24,c3c38c86f5ab9b5c,eedcb6c5d163e581,cd13728ae1151f46,d802174b0c0c1f4e,Ion Cutelaba,Magomed Ankalaev,0,0.426383874581517,0.448817501967733,0.457981819873306,0.426529515370836,0.434431392247315,0.439903097792371,0.450576544460944,0.456949839513067,0.466702015177931,0.430601067447689,0.440185688076419,0.430775394175777
2020-10-24,c3c38c86f5ab9b5c,e8ef17c0babcfca5,729d4bd5a6cd0a97,f300763147320d12,Lauren Murphy,Liliya Shakirova,1,0.465384757345495,0.463869718633238,0.470356006412829,0.454113278623667,0.459085751155772,0.455646140532538,0.463549768199436,0.461559600794134,0.470273548389085,0.453053422575746,0.459574013303275,0.461942339401192
2020-10-24,c3c38c86f5ab9b5c,a2620cbef573a837,547afe1017e72dbe,d4270315cbcf2569,Phil Hawes,Jacob Malkoun,1,0.435880382792673,0.438106235542164,0.449161343292027,0.433891183661826,0.441018105154464,0.436135315700852,0.447467186753062,0.438370941251113,0.452281637830371,0.434991444217406,0.443981267789608,0.438685301701476
2020-10-24,c3c38c86f5ab9b5c,ccfe7b0d29c5440c,03f982ca3735070c,279566840aa55bf2,Walt Harris,Alexander Volkov,0,0.198461364708778,0.203935279062535,0.246614830686096,0.22087992015531,0.24540020511,0.205336265566309,0.247652392034696,0.196368468841959,0.251835663417391,0.213228053738112,0.245384816621985,0.223219109418
2020-10-24,c3c38c86f5ab9b5c,51108eabae8391ca,13a0275fa13c4d26,e1147d3d2dabe1ce,Jared Cannonier,Robert Whittaker,0,0.38766106312947,0.418449597454189,0.432932141683755,0.376522141365204,0.389497717354739,0.406464832771102,0.422902806578346,0.437435340943343,0.451554166032162,0.385305213832481,0.400854326300453,0.3886639690943
2020-10-24,c3c38c86f5ab9b5c,59eea37af7efb06c,032cc3922d871c7f,9e8f6c728eb01124,Khabib Nurmagomedov,Justin Gaethje,1,0.711128378635537,0.694482196683214,0.6622540869879,0.688644415889343,0.669817838868048,0.68441029526997,0.653764227245317,0.679672127262044,0.641360507022684,0.685166764243366,0.661301780660732,0.688938944578992
2020-10-31,ad044be25c94dcfd,7e6f12a95c14f9de,0c258d1d8e16e5f1,46e0d677f91bacc0,Kevin Natividad,Miles Johns,0,0.490322024213824,0.493790397018699,0.494907998394341,0.483881532445957,0.485635493555644,0.487909025772459,0.490071450201265,0.494264890858612,0.495568414146763,0.482897968052422,0.48528310204993,0.487761677981829
2020-10-31,ad044be25c94dcfd,783761d95060ffc4,ba1e6cb3d43f7430,e4277e87a789d687,Justin Ledet,Dustin Jacoby,0,0.339856299285694,0.337771489521291,0.365386101718988,0.356418418386923,0.371309942884576,0.342788014712865,0.369479483046203,0.330436944700071,0.366865709449448,0.35248776599572,0.372090929982386,0.356883988199498
2020-10-31,ad044be25c94dcfd,696ff200d98fa878,5f3805dda9661cba,f9a20a17d712ef7c,Jason Witt,Cole Williams,1,0.451971242241059,0.451283183888609,0.460010343634065,0.462896403886659,0.466923743863939,0.453379485302067,0.461683571374669,0.45186843606143,0.462762390805714,0.456852348467672,0.462849712406797,0.46013025500783
2020-10-31,ad044be25c94dcfd,09f5fb0bec3c948a,045f25b3a4c08e81,0d8011111be000b2,Jack Marshman,Sean Strickland,0,0.137138530003306,0.135283011574085,0.179293757294941,0.167108078345047,0.192884928016062,0.140797831283673,0.184656895151249,0.118248371246253,0.174733340897133,0.156835295929885,0.190426043963608,0.165695467186378
2020-10-31,ad044be25c94dcfd,4e566bd7094b49da,0232cabbc30a2372,f6e5972c9d16c40e,Adrian Yanez,Victor Rodriguez,1,0.536530942496998,0.535464073405087,0.529096778681038,0.534094185641021,0.530391704119265,0.535677064115152,0.529310721810823,0.536323343447891,0.528086908983274,0.534773985120834,0.529933746073919,0.533178550430862
2020-10-31,ad044be25c94dcfd,95beb5ec32718faf,262a7d06203657e6,feaf00f3373435d6,Alexander Hernandez,Chris Gruetzemacher,1,0.706627198664637,0.686330312006477,0.655223590259558,0.704051743442501,0.68401910807348,0.694945391288091,0.662856054525267,0.67958675112943,0.641290812214818,0.703757917944286,0.677981056116513,0.69439396827778
2020-10-31,ad044be25c94dcfd,6915d46b49999f60,887961364be5ceb3,d945aae53e3e54e6,King Green,Thiago Moises,0,0.685209213762506,0.674852055902855,0.645377069251775,0.653364822358986,0.637573421869646,0.667300202127215,0.639106063404549,0.67241667918826,0.635451181382272,0.658115450778895,0.63726512564539,0.659592544338683
2020-10-31,ad044be25c94dcfd,997dcf5fd2eb0f2f,318572f6f74b760d,3a46b268013afede,Charlie Ontiveros,Kevin Holland,0,0.356800925020681,0.383283715151344,0.403711830132106,0.366385023772448,0.380337319658102,0.382585593075169,0.403002671677118,0.396104842446774,0.419247434896239,0.373506499876554,0.390543973184952,0.369580599643993
2020-10-31,ad044be25c94dcfd,d763ad79532b27ff,068f8a189a47fea6,85073dbd1be65ed9,Maurice Greene,Greg Hardy,0,0.168347003548003,0.159895756827677,0.204176232452008,0.197910010190474,0.223212920311784,0.164939388375387,0.208867338359019,0.143814425260361,0.201255640771549,0.184715468798591,0.217971874091039,0.196864845520603
2020-10-31,ad044be25c94dcfd,83955de599b2d874,8fd808923cffff82,d9c6f19f958643e9,Andre Fili,Bryce Mitchell,0,0.4264355265692,0.436752485459122,0.448045514319368,0.425150229810583,0.433196657776174,0.432655873097327,0.444594028851515,0.439477895888034,0.453142168817836,0.42549406475777,0.435767490248626,0.430125648484777
2020-10-31,ad044be25c94dcfd,039c645e8f3ac00f,1f454354805b6f75,65578a75fa7900e3,Anderson Silva,Uriah Hall,0,0.426470501147866,0.421572498893951,0.435514722899537,0.40885070444079,0.418588045361579,0.411081237125854,0.426735234819483,0.396506625503333,0.419563415952671,0.406410477735498,0.419224274859777,0.422159702456582
2020-11-07,41dca66f9dadfc86,cb720b01fd6f9785,93b62c5f2ba18e51,c5a126ace82a6025,Gustavo Lopez,Anthony Birchak,1,0.559123432973322,0.554512097777736,0.544758531421676,0.540397949604422,0.53601556222581,0.551684012840909,0.542487247361967,0.549240468369555,0.538097749906864,0.543383430599976,0.537353559093124,0.546525676513997
2020-11-07,41dca66f9dadfc86,55019da3a4bd5d54,3d074044a33825e7,b0d6a1d8ac3d563d,Ramiz Brahimaj,Max Griffin,0,0.549603713360305,0.546043557031022,0.537791083948809,0.558088905766568,0.551812297583983,0.549808184395611,0.540941802477989,0.547017404835336,0.536373542742431,0.554181785506564,0.546668151701379,0.550810431235428
2020-11-07,41dca66f9dadfc86,69fa167ba5d0fd82,7bde387d50829adf,92a9aa9c93192871,Eduardo Garagorri,Darren Elkins,0,0.710090287188177,0.719381668446056,0.683942880350604,0.696744858971611,0.677274197758739,0.723473221728926,0.687766773135457,0.735737833606214,0.688086871924153,0.711301440747204,0.684790885449701,0.692407288159253
2020-11-07,41dca66f9dadfc86,2267d967d1daf08a,ab943cd2c3c17825,c0badf3243907e59,Marcos Rogerio de Lima,Alexandr Romanov,0,0.386454270630873,0.373265273902802,0.395331590253006,0.410617002112665,0.420172756408521,0.386715456741136,0.406454303771647,0.359912241481233,0.390579475376314,0.406117343166551,0.418969704346959,0.404760668453361
2020-11-07,41dca66f9dadfc86,fea7dd5904ab4c91,899923ff6ab13917,b27a1fcb56a3035a,Bevon Lewis,Trevin Giles,0,0.395367017818659,0.402509935025028,0.419721371562612,0.401165558088113,0.411687848506459,0.402190543859632,0.419350443974646,0.401709778102587,0.423651524899434,0.399915690007341,0.413580341945658,0.404256092857651
2020-11-07,41dca66f9dadfc86,b76590c02f86e705,c41d426cc7326d1b,ec34349e7dffcde7,Yan Xiaonan,Claudia Gadelha,1,0.467413499551634,0.459568125579753,0.466821868806123,0.471674363941194,0.474752906649361,0.457102924374729,0.464748915330218,0.448393537000566,0.460066511261321,0.466446401867068,0.471117609328788,0.471421209474191
2020-11-07,41dca66f9dadfc86,0fed97329b78b887,9560ff14eb3129f7,f0fad0e9f3b65752,Giga Chikadze,Jamey Simmons,1,0.542439008997833,0.523639049681912,0.519388913086822,0.52978092592973,0.526544833819976,0.515500956095495,0.512729189934689,0.509961426012617,0.507697584670517,0.523309273707963,0.520060190428275,0.533765215458377
2020-11-07,41dca66f9dadfc86,6ac3d588f9630f0a,b4537562f88ac582,b9f28e7045fdfce7,Khalid Taha,Raoni Barcelos,0,0.384663180937732,0.39823434636489,0.416168725472234,0.391202817980194,0.40272933481391,0.394293136897036,0.412776263198954,0.39202335783793,0.416035034333396,0.388519292892818,0.403657592252683,0.394496114603079
2020-11-07,41dca66f9dadfc86,f0cf92b063735164,04c8b08b16a5b99e,3738e68d2261e60f,Tanner Boser,Andrei Arlovski,0,0.797654624922738,0.794165742979923,0.751604898089294,0.785979374291712,0.761190981987508,0.797498095653049,0.755009117487184,0.808214719326155,0.752406514270567,0.791977033008178,0.759569169222895,0.778272880324873
2020-11-07,41dca66f9dadfc86,923e151bd990961b,7ff97850e8c32bda,dea070ed4a2a8281,Glover Teixeira,Thiago Santos,1,0.369440242347661,0.346822078237074,0.373063854546305,0.393212317618783,0.404537563021703,0.354543173687459,0.379435442981126,0.321906908424444,0.359927881441591,0.380540650975392,0.396694618312212,0.388467618896639
2020-11-14,3bc27ec15facbcf3,f6472ca263a863d1,1a9480fc288e55d7,2c5a0b8317f8f27a,Don'Tale Mayes,Roque Martinez,1,0.560931575621051,0.576096526475392,0.562558709668852,0.555999078267134,0.549944988935467,0.575923014730026,0.562497814885159,0.589504589949361,0.569461184405816,0.566470921523406,0.557282719426371,0.554936697195142
2020-11-14,3bc27ec15facbcf3,d80fd2ec736f7df2,cdb96af67d096b1e,f748267c4ab6c127,Alex Morono,Rhys McKee,1,0.504242341814087,0.500053729831237,0.500044058819875,0.494683545723403,0.495262366865865,0.493850027652831,0.494950164423711,0.499527713888068,0.499635065407557,0.493820365495154,0.494682676160018,0.49933687438578
2020-11-14,3bc27ec15facbcf3,9e4dcac049327529,601964f9654f911a,9cfbfae5fa1fdd93,Tony Gravely,Geraldo de Freitas,1,0.429225246548381,0.444814254612908,0.454686880852859,0.441239053717635,0.447587139367935,0.449157827755851,0.458206370427685,0.457402303463613,0.4670526711699,0.447227111403376,0.454547752375106,0.43923486614808
2020-11-14,3bc27ec15facbcf3,470391c4067bf49b,4a57ebb14315b251,e0b0cf71e0d69dd0,Randa Markos,Kanako Murata,0,0.273241537862451,0.26711226589469,0.304141773307425,0.285957229171789,0.306727363456674,0.266179129046298,0.303079651806561,0.257292448603325,0.305948648963557,0.277781885169612,0.305307422479657,0.291250078184249
2020-11-14,3bc27ec15facbcf3,742dc4196d329db0,3351aa64aa83c4d9,4100c7a09497ad41,Cory McKenna,Kay Hansen,1,0.349172756666718,0.348680158329448,0.374636301601102,0.357201790937322,0.372020290570158,0.346744948610676,0.372836366444107,0.338056789403609,0.373033073736309,0.351799479715487,0.371484617309332,0.361575429444063
2020-11-14,3bc27ec15facbcf3,fa6e8fa6c3f05e31,0d8011111be000b2,2f181c0467965b98,Sean Strickland,Brendan Allen,1,0.551362108953319,0.534602718671989,0.528389322977525,0.522747409593803,0.520273542851246,0.511872931279874,0.509749480861124,0.511774655206506,0.509098930718382,0.508977590386296,0.507724964358405,0.534413620955431
2020-11-14,3bc27ec15facbcf3,34db1e0e2499e7ae,7559395ad833c074,b4c6c904a9ffc5e8,Miranda Granger,Ashley Yoder,0,0.731447761911293,0.738244722037408,0.700616752613839,0.723351681714668,0.701928501702766,0.745351557432064,0.707203422669512,0.757905416965445,0.707200523686416,0.736872909822067,0.708078610283993,0.715552990589137
2020-11-14,3bc27ec15facbcf3,30eb24f7904c2128,2558ae2e5671e318,eae431e70064e046,Khaos Williams,Abdul Razak Alhassan,1,0.814035128241828,0.826186387507051,0.782152868927234,0.801641795416721,0.77635090049668,0.827987844921045,0.784199070251542,0.850951353670004,0.793491868841446,0.815866144897117,0.782594745411769,0.79408981741213
2020-11-14,3bc27ec15facbcf3,80cb3cf9134b677c,6a2f7c151031653d,e5010b1b94ca5755,Rafael Dos Anjos,Paul Felder,1,0.608649956997372,0.601854062043467,0.583904777844022,0.600293201748435,0.589622897711236,0.602425673205448,0.584490584767842,0.603558636999961,0.580487906554779,0.601409596622083,0.587572272552101,0.598293113357076
2020-11-21,bbb15f301e4a490a,91afc389191d41fb,a6c20202c701e5ca,afe8d5b39ff7fca2,Sasha Palatnikov,Louis Cosce,1,0.41032334068269,0.412745893545513,0.428210689278348,0.406789654512153,0.416738339058128,0.409174065806926,0.425152469608016,0.412022889070552,0.43173436730536,0.407662793177557,0.420311671597592,0.413823990061845
2020-11-21,bbb15f301e4a490a,90eb22b9eb6ed2a8,71505842fb6455c3,d6c0cdd7e467c440,Dustin Stoltzfus,Kyle Daukaus,0,0.492988071010327,0.490659802957333,0.4923406842762,0.495680181011373,0.496150505102501,0.487798604372829,0.489980765567753,0.485593167458707,0.488866627147831,0.492188914165885,0.493278825615987,0.494715541367421
2020-11-21,bbb15f301e4a490a,a02764f92a84dd36,c730a0be691dc081,cf65d56b0755ed3b,Jared Gooden,Alan Jouban,0,0.689046584637549,0.689816944403701,0.658226646832638,0.685367384246201,0.66680740322106,0.694251413357305,0.662255486763979,0.700320793247857,0.658335656162542,0.689510136431528,0.665185938884182,0.676997945418795
2020-11-21,bbb15f301e4a490a,e22d5aab3d099c7c,8a1f3b5c526cd6e6,9d19d9e4aa2662e8,Daniel Rodriguez,Nicolas Dalby,0,0.710710867305819,0.697115366819725,0.664532048998906,0.680063060518869,0.661941685127392,0.692112526678631,0.660405998490354,0.692838909043965,0.652156531348707,0.685807324338376,0.661874154924816,0.684580487402552
2020-11-21,bbb15f301e4a490a,a485281be8e9d2e2,6551c64fbcd1a467,d7338bcb141abd2c,Ariane da Silva,Antonina Shevchenko,0,0.566022163594575,0.547664856036652,0.539124403409528,0.580025853266919,0.571438902320048,0.559729194880784,0.549120106805837,0.537776932816902,0.5292125882135,0.572218991881182,0.562253592827758,0.568983172979543
2020-11-21,bbb15f301e4a490a,6c1b38dd918793ff,b9437600497350f3,c878270af633eb11,Joaquin Buckley,Jordan Wright,1,0.443613435649029,0.442452877883488,0.452742416489365,0.447737721631494,0.453393030706275,0.440679485827618,0.451217023276336,0.431842491451086,0.447202496712532,0.441907868096533,0.449956111806696,0.448950754144303
2020-11-21,bbb15f301e4a490a,8d5ea3bf3be7cb91,6e15f63b6c2e2c15,792be9a24df82ed6,Brandon Royval,Brandon Moreno,0,0.251137660671567,0.246306555704716,0.285548613902464,0.267094155044506,0.289151132741022,0.243146222996093,0.282444797059431,0.233570723954629,0.285332091386267,0.255486383309601,0.284896281648637,0.271485028894777
2020-11-21,bbb15f301e4a490a,1671723154d8e324,140745cbbcb023ac,eabf206b162b3b83,Mauricio Rua,Paul Craig,0,0.558211087721599,0.55849949418775,0.548042006107819,0.55119206285133,0.545651166867884,0.558903673695686,0.54843913764648,0.5625293520386,0.548418378644557,0.55457987294763,0.547011743544042,0.551358237798669
2020-11-21,bbb15f301e4a490a,08ef2ed7393efd24,98215d037be5bcb7,e872e9a9a902c045,Cynthia Calvillo,Katlyn Cerminara,0,0.74997998570277,0.758927096209278,0.719178193354804,0.727282361682858,0.705593829396699,0.761028033768035,0.721336691779771,0.778374791067581,0.725254827868711,0.743788924132474,0.714435996464759,0.726295846384747
2020-11-21,bbb15f301e4a490a,2b13651b97f57b6c,4b47e71384a9522f,f2b6fdb20675b11c,Tim Means,Mike Perry,1,0.325073719326991,0.31989830355409,0.35012696444217,0.330619484809598,0.347832140262002,0.313926486774515,0.344803930887402,0.305288435061272,0.346300013949677,0.322601385282983,0.345627135494845,0.337411871564529
2020-11-21,bbb15f301e4a490a,c93eebe24aa0299d,132deb59abae64b1,8e1f36476ef02a6a,Valentina Shevchenko,Jennifer Maia,1,0.84641722288071,0.841969898714593,0.797676837354547,0.826496003788941,0.800757053457525,0.841467715440282,0.797472909101486,0.853655876619002,0.796198976152284,0.834090461742391,0.80051825469761,0.822633901943394
2020-11-21,bbb15f301e4a490a,3c098e2946b4c824,aa72b0f831d0bfe5,ab2b4ff41d6ebe0f,Deiveson Figueiredo,Alex Perez,1,0.597907946608035,0.604953578785305,0.586482881277481,0.582321894281742,0.573496194215872,0.600813201194259,0.583148346490463,0.614724862833074,0.589286770446843,0.589999402399903,0.577659106115177,0.584624672053006
2020-11-28,992c82450d96f726,e64d80dcc6853ea0,6e9f40c706f91f32,96428b9e9bd048ea,Nate Maness,Luke Sanders,1,0.402896690281913,0.383485428148401,0.403880275536046,0.436786861062261,0.443607458028408,0.399921371188563,0.417462923823307,0.375538378066103,0.403009873437894,0.422732726488063,0.433377122700089,0.42500714426389
2020-11-28,992c82450d96f726,8868957c1735bcf0,3cf18e01cb6cbde3,dee294e9717012c2,Sumudaerji,Malcolm Gordon,1,0.635343327528106,0.632103985372817,0.609171632329959,0.621357919864322,0.608589161428177,0.62795924549137,0.605831551246454,0.636877534495365,0.606859567272455,0.623097597349435,0.606485210646477,0.620820323628215
2020-11-28,992c82450d96f726,711f00d287344c77,016a8d958883167c,01784fbc27c68b14,Gina Mazany,Rachael Ostovich,1,0.381554330015654,0.369193248510697,0.39191715992764,0.398087467007367,0.408921695519108,0.378181337402625,0.3993166790455,0.355742270196036,0.387246939507442,0.391489062787115,0.406245847899462,0.39642300251308
2020-11-28,992c82450d96f726,0c27552ea7bc8c8a,bbc9ab95fa766493,ea3dcc417c322064,Anderson Dos Santos,Martin Day,1,0.501563667429323,0.501841074309231,0.501509695442755,0.502922329613945,0.502604151171344,0.504746613898754,0.503897490777032,0.495479973557869,0.496507346131194,0.504502511837017,0.503874204052809,0.502132048438589
2020-11-28,992c82450d96f726,4d56bcd82438e632,87c0b1c696ddfb43,eee0ef3e2b14816b,Jonathan Pearce,Kai Kamaka,1,0.444624491761938,0.46176451565048,0.468626588077648,0.440816280742948,0.447209311852234,0.461948368572412,0.468736052411977,0.461517530244899,0.470240962775002,0.450534702476162,0.457401529667598,0.446036123551391
2020-11-28,992c82450d96f726,2a7909acde26a240,d3f5d33d61cd00c9,fc6e681bf6658faf,Norma Dumont,Ashlee Evans-Smith,1,0.680943082254828,0.691199206287413,0.659418817704274,0.668324549446737,0.651203490012665,0.697219346644128,0.664825626502206,0.713384054591371,0.669208053324273,0.681208395832006,0.657768238599896,0.664860940106766
2020-11-28,992c82450d96f726,181c3312f14de5a8,9abc648e76c4493a,be68b375707dcb85,Bill Algeo,Spike Carlyle,1,0.334569969325394,0.3369120404802,0.364655375063651,0.342629859443839,0.358782953778623,0.334820257696943,0.362701887653944,0.33449846264531,0.370156457167533,0.339120609990358,0.360290341506821,0.347698400566866
2020-11-28,992c82450d96f726,32a7da2f34ae3803,ac40f7e3cbecdda4,b5da8f7d05e85a55,Parker Porter,Josh Parisian,1,0.222607166215163,0.234002807928158,0.2744021658933,0.245163308210666,0.268522364654932,0.236148340955092,0.276097571939668,0.231603284433374,0.283598456667336,0.240795599196834,0.271293105894531,0.246969176891626
2020-11-28,992c82450d96f726,28b6ee9c3eb8b753,82d4c957649faf9b,8abac218746e04ca,Miguel Baeza,Takashi Sato,1,0.627194327127148,0.621739715701785,0.600486665539812,0.614644261211749,0.60253599018759,0.621003118991325,0.600000377906976,0.625853710426765,0.598094021130864,0.618807821836753,0.602736266544996,0.613797302851531
2020-11-28,992c82450d96f726,09a29fb09fe07559,cc7040fe76f0ef91,d4c9dcd330403612,Devin Clark,Anthony Smith,0,0.588831877467336,0.578959916450158,0.564925453227986,0.590654307630483,0.580967811537781,0.583186718862445,0.568511980801416,0.575274313735393,0.558342843121994,0.588449386792339,0.576314189870732,0.584541375020442
2020-12-05,398b440e73d55b8b,c4d1c4b82cf34afb,92fa1401b7927da3,fcd448a2fe1a23cc,Jake Collier,Gian Villante,1,0.532623905304854,0.546274595381865,0.537981068378089,0.53692176047516,0.532914035540621,0.549965051490857,0.541071026350005,0.557190371850012,0.544268909586733,0.541466984812579,0.535701463151116,0.532782395739365
2020-12-05,398b440e73d55b8b,b1be8b41b1a4fd85,29af297d9f1de0f8,54f64b5e283b0ce7,Damon Jackson,Ilia Topuria,0,0.226638395288574,0.249918869600694,0.288798978100676,0.228856794777657,0.253030917861507,0.235284688557056,0.275311519934999,0.251047502745447,0.300570063398439,0.226783973885709,0.258191136041954,0.240809080160975
2020-12-05,398b440e73d55b8b,771d8ce136a12a13,36549928f90f1d36,d2bc285ead803db0,Jose Quinonez,Louis Smolka,0,0.700865801666119,0.704701375480737,0.671114730086948,0.684904267193309,0.66638223468884,0.704784450863242,0.671397244097904,0.725739886839458,0.67959774268481,0.692692405503121,0.668036485687451,0.682278799818745
2020-12-05,398b440e73d55b8b,856fab879c68ded7,ac026518a9b4dc0f,eb29176b03dfa888,Jordan Leavitt,Matt Wiman,1,0.833113102358177,0.828255983300733,0.78416928868185,0.813430126984996,0.787869821416438,0.824588209853942,0.780889645335173,0.833135623180059,0.776000628057873,0.816755917948811,0.783462197761242,0.809430155378893
2020-12-05,398b440e73d55b8b,4478ee77a647ae9d,327d5f279895110d,6ebe96a116e79e52,Roman Dolidze,John Allan,1,0.523376572851223,0.522530559245962,0.518479307935785,0.525770462306624,0.522968753121674,0.524021198111871,0.519728793615006,0.532040554697965,0.524771348657426,0.524575895707646,0.521150702402426,0.523153799464469
2020-12-05,398b440e73d55b8b,46860358da8b8d82,304a21d0595e1a08,436f970c9ea9169c,Justin Jaynes,Gabriel Benitez,0,0.370260115623851,0.372128496731181,0.394378888871521,0.387683505410428,0.399560881961901,0.374872432219729,0.396543856534843,0.365523634056013,0.395053437593021,0.38148133372829,0.397516282906135,0.386162887027362
2020-12-05,398b440e73d55b8b,8d4a475e48722fea,50db8711c70196cd,5444c5a201d3ee5a,Ovince Saint Preux,Jamahal Hill,0,0.428144500044076,0.418428213114312,0.432914451245508,0.425397742024613,0.433418245960097,0.415403528223029,0.430319684260966,0.403862627644486,0.42534095965633,0.416788104989643,0.428227413782265,0.431023413494692
2020-12-05,398b440e73d55b8b,2723f4d275d3f619,0a1942069c9ad6b6,7acbb0972e75281a,Jack Hermansson,Marvin Vettori,0,0.440800640476655,0.432288987371165,0.444364647655028,0.447071365408201,0.452797867624332,0.434766667731394,0.446337228788244,0.4211145087061,0.438839692727192,0.44200166657018,0.450037104853099,0.447346639353578
2020-12-12,d0d43cb9b14f231c,33d52ac2d70b8415,971246648e162f0d,d21113c9ff3788ae,Chase Hooper,Peter Barrett,1,0.649613596936094,0.640970184504558,0.616627359516914,0.644993049873575,0.629970304935808,0.642975133880651,0.618468920044028,0.637872315637155,0.607652736669815,0.644481587587586,0.625240986687833,0.638941109411051
2020-12-12,d0d43cb9b14f231c,5ddf45e816a50fac,31ef8b67e13495b3,e94085e821bd81de,Tecia Pennington,Sam Hughes,1,0.507653887943139,0.513105813765314,0.510747661109174,0.4992442886531,0.499326570735124,0.509483292675644,0.50778705175051,0.519476189833157,0.515052282107578,0.50134299735597,0.501155579978837,0.503105205935298
2020-12-12,d0d43cb9b14f231c,87d0b767742d3239,aa171d55d4b5208f,da816417a579a0bd,Billy Quarantillo,Gavin Tucker,0,0.657120159446776,0.644399468653609,0.61951798982452,0.643602929400309,0.628709416851545,0.646160155488251,0.621158857716879,0.645505467859936,0.613751558351084,0.646997618786729,0.627455834022873,0.641724743880435
2020-12-12,d0d43cb9b14f231c,cb7616f92a9a4e5b,b6452706b373eea1,c814b4c899793af6,Renato Moicano,Rafael Fiziev,0,0.628425523819426,0.624942031232105,0.603166769878367,0.603949652173739,0.592909787328319,0.621228711872397,0.600189272800899,0.626082519180738,0.598275523940572,0.612186213999456,0.596957550993479,0.609169639965563
2020-12-12,d0d43cb9b14f231c,022bdd58cc6e571d,361d49960a196976,d247691a6c0e9034,Daniel Pineda,Cub Swanson,0,0.398794838937936,0.388535661566689,0.408094120868839,0.411009039505098,0.42052443232172,0.389911344092762,0.40912232618166,0.374208106408321,0.401955012097429,0.400479262796972,0.414070387107638,0.410621343186457
2020-12-12,d0d43cb9b14f231c,fe3ff5b1d9135add,63def5a5662a6917,787bb1f087ccff8a,Junior Dos Santos,Ciryl Gane,0,0.321400000762004,0.319178168447065,0.349509258159658,0.337710066360214,0.354301826747698,0.323424928145698,0.35296402439092,0.310191694542858,0.350336994412163,0.331928811115262,0.353918013894951,0.339178803582884
2020-12-12,d0d43cb9b14f231c,4a172a5191cb8e60,3a46b268013afede,7a703c565ccaa18f,Kevin Holland,Jacare Souza,1,0.632299485273596,0.606930781415198,0.588128655822696,0.653240388938494,0.637460289330467,0.62491770148922,0.60328018555613,0.608321857704348,0.584236888167076,0.644609472038707,0.625353519233038,0.635122489636996
2020-12-12,d0d43cb9b14f231c,27200d53ba9020b8,7447e9f28508106a,7dda2cf308f24a02,Mackenzie Dern,Virna Jandiroba,1,0.405436054157454,0.386703659875617,0.406566288002801,0.433401700693507,0.440580322317652,0.397472161778247,0.415424352004522,0.368889433645822,0.397731413842967,0.421147119464168,0.432004048225288,0.424538053650618
2020-12-12,d0d43cb9b14f231c,b7b867eb3c3cf163,07225ba28ae309b6,22a92d7f62195791,Charles Oliveira,Tony Ferguson,1,0.603428242002933,0.603599878444529,0.585356630174194,0.605126427156028,0.593968073038597,0.607000563858673,0.58830205744914,0.61126771018554,0.586558702038242,0.609583922693665,0.594689085448374,0.598269593686881
2020-12-19,e49c2db95e572dc8,8da75fd76a9b8e1d,40d8b74488743800,de45aaae23dfa392,Carlton Minus,Christos Giagos,0,0.371943258295293,0.362993761919829,0.386709095099805,0.402881748588556,0.413229495110145,0.376180958319321,0.397640756579363,0.347782423717195,0.380866167888101,0.392558040603348,0.407177056080975,0.394306797752004
2020-12-19,e49c2db95e572dc8,62e6eadbb2805760,09e62c450e754913,7f6ed67d3ed3c036,Jimmy Flick,Cody Durden,1,0.499671979918296,0.499846678790872,0.499874275585064,0.486876492036307,0.4883048323539,0.487616152317218,0.489830924367685,0.489589807007992,0.491955595958746,0.483270281623649,0.485603553740106,0.493461724243077
2020-12-19,e49c2db95e572dc8,0fe4906754b2d0f9,6aae253467e8f9ce,830f60497fab345a,Tafon Nchukwi,Jamie Pickett,1,0.564147317994961,0.561992399679344,0.55091994838086,0.565533060284177,0.55846698149498,0.563980173458207,0.55262815113059,0.56243137274249,0.548342189353698,0.564819973197423,0.55585575048894,0.561046343418092
2020-12-19,e49c2db95e572dc8,f2fb049980631302,38c7f72747f4f712,f7467152fd9f18a2,Gillian Robertson,Taila Santos,0,0.545628901518322,0.525702335705543,0.521082173353409,0.542569324431121,0.537953268899818,0.524890835405591,0.520443411602093,0.510225506219839,0.507901672442902,0.532293324710917,0.527796767495379,0.541438431662423
2020-12-19,e49c2db95e572dc8,f004d3d50b78af50,483a953b18d73bb3,61fb8098ccf81c7f,Deron Winn,Antonio Arroyo,1,0.476637713466109,0.472581279640629,0.477509076248682,0.490928286079469,0.491915835662894,0.479054367343198,0.482798226395898,0.471188177923959,0.477727221043827,0.488246928925984,0.489886610987897,0.484980012113454
2020-12-19,e49c2db95e572dc8,4cb249714ff56656,4234f0097c83fa62,91dac5e69e28d5b5,Sijara Eubanks,Pannie Kianzad,0,0.505588321541146,0.492987343378854,0.49424945129183,0.499427830257417,0.499490128307679,0.493106993082122,0.494340023637685,0.476292119957108,0.481675431500015,0.499306523907119,0.499403299851462,0.5022571885972
2020-12-19,e49c2db95e572dc8,1c4602efe5587902,cbb682f5fcc44bfc,cdb96af67d096b1e,Anthony Pettis,Alex Morono,1,0.707864764234215,0.727594419365075,0.691174718725148,0.688778121739438,0.669940739783812,0.733462852565584,0.69660249925584,0.760123513460945,0.709137030092901,0.713513450981216,0.686792663704935,0.687462411088777
2020-12-19,e49c2db95e572dc8,cd150cd28738a7c5,85073dbd1be65ed9,c9cf753cfdf77fc2,Greg Hardy,Marcin Tybura,0,0.588809023087588,0.582377464292339,0.567752114920198,0.573605488831202,0.565689454009828,0.575002877628849,0.561736610433377,0.570021983615919,0.554249393256722,0.573019439848877,0.56294614953508,0.576221413690732
2020-12-19,e49c2db95e572dc8,8955ea3c7c332e6c,05339613bf8e9808,fea79f9bc8c68769,Rob Font,Marlon Moraes,1,0.535686212163811,0.544879904943807,0.536834285305637,0.518517174329754,0.516502570098027,0.535985822417214,0.529564669151148,0.548861359936695,0.537803670968575,0.522575262172517,0.519428266109941,0.525216322825554
2020-12-19,e49c2db95e572dc8,3d35eb2d46bf74de,2558ae2e5671e318,595db60957de51d3,Khaos Williams,Michel Pereira,0,0.540976290392696,0.520123617277843,0.516504420689699,0.556505827511421,0.550397747076436,0.528869649806965,0.523713509574375,0.511074130961646,0.508557523075417,0.548829487691286,0.542050009962486,0.546126960032299
2020-12-19,e49c2db95e572dc8,014f1da2083ca174,7c7332319c14094c,d0f3959b4a9747e6,Marlon Vera,Jose Aldo,0,0.647008261143922,0.650980259984627,0.625076454281234,0.616602286883787,0.604300538552542,0.638733398385437,0.61489180330774,0.65925585180548,0.624798291978765,0.618120346179871,0.60213585371328,0.623920517138
2020-12-19,e49c2db95e572dc8,c7375d5db21cbaae,4a28cb716c19157a,b997be68943010fc,Stephen Thompson,Geoff Neal,1,0.390097925105516,0.407447180492529,0.423818836637336,0.395736788128064,0.406808246884697,0.410651190349467,0.426378401361819,0.419633147649586,0.437683168541825,0.402282550336719,0.415638011561592,0.399196908455996
2021-01-16,307064d3e0f036c2,3d903bc35023f50a,305d73ede05e31ad,637bd06c32219f0b,Austin Lingo,Jacob Kilburn,1,0.753058002085376,0.775985110031991,0.734737491358653,0.737388405249868,0.715047457982059,0.769550182127976,0.729100220083002,0.793173164410243,0.73858548555891,0.751608452239415,0.721657006888406,0.732724101929614
2021-01-16,307064d3e0f036c2,97c80f69ac312030,539ed332b3078821,9b7dfb3b7d99926a,Sarah Moras,Vanessa Melo,0,0.502334510872458,0.506214115278109,0.505095701906229,0.499010589684149,0.499118316882497,0.507385121080553,0.50606407897788,0.524760440132787,0.519138650679355,0.5004861960128,0.500418346373404,0.50057762699162
2021-01-16,307064d3e0f036c2,3fcd53eb27945231,3bb2dc8e87b10a46,abd5fb12437eda21,David Zawada,Ramazan Emeev,0,0.246140427726645,0.256770007548975,0.294937413574699,0.262286375985665,0.284647582518597,0.253880516020081,0.292108468453339,0.251624747358861,0.301068629952989,0.25794294167836,0.287158504834873,0.266732641634648
2021-01-16,307064d3e0f036c2,0165bd3c26f0c076,a2ea77e974c5889f,e13abac8089a801a,Carlos Felipe,Justin Tafa,1,0.491761720006566,0.482944476221452,0.486012579138601,0.476961584752178,0.479467024272064,0.47860253865077,0.482427012167721,0.488382443104247,0.491022485610885,0.474775346334066,0.478290715258285,0.485043384580253
2021-01-16,307064d3e0f036c2,97ad63e644757cf4,f9ab66e67240db7b,fdbefee0827e1567,Joselyne Edwards,Wu Yanan,1,0.53172239966052,0.511514414426908,0.509442443468379,0.528782000592109,0.525654042225998,0.517100103198074,0.514042707596964,0.511794436726793,0.509114219282617,0.524120545046984,0.520758655361479,0.52840852226996
2021-01-16,307064d3e0f036c2,358f816aff469270,64facb6cc564262d,866fd7b1a6c90e7f,Punahele Soriano,Dusko Todorovic,1,0.419277309302586,0.448267366974499,0.457529131065327,0.445668544939566,0.451544809239363,0.450367192878799,0.459202666557815,0.45187956597882,0.462771023155206,0.447132140023356,0.454465796328152,0.436836508257569
2021-01-16,307064d3e0f036c2,775c1f401815bbd8,77d7295d1b22c694,b9437600497350f3,Alessio Di Chirico,Joaquin Buckley,1,0.365319839081854,0.401971874095518,0.419274513054499,0.37924999491707,0.391959289123173,0.394508652634885,0.412955860243084,0.403484262798105,0.425044125209607,0.383527252633943,0.399302661929654,0.379781473863617
2021-01-16,307064d3e0f036c2,aeb7ff8ce6e1beac,6d1bffff14897645,e64b96c07d7ce999,Santiago Ponzinibbio,Li Jingliang,0,0.619065789869447,0.597601563019719,0.580371222124649,0.615952685736732,0.603715050047678,0.60757877435982,0.588784135478498,0.592144197777888,0.571528475685157,0.617097406102881,0.60124265564112,0.610707572083225
2021-01-16,307064d3e0f036c2,6b0da0b1cda7799f,31123249b0bbf52e,f9f07bb5a43535ed,Matt Brown,Carlos Condit,0,0.481929588761787,0.501418286964447,0.501163005788104,0.491483109891929,0.49241028152052,0.503287516941997,0.502699398347037,0.528045448678021,0.521679830823288,0.496211810750694,0.496740444315367,0.487653432617111
2021-01-16,307064d3e0f036c2,a4817b7e46028b4a,150ff4cc642270b9,751de04455cfaac0,Max Holloway,Calvin Kattar,1,0.646347045577401,0.631782191252047,0.608901496582081,0.622969970145208,0.610043864776932,0.62809697195757,0.605947145602603,0.635607407483387,0.605847394269083,0.62194017331724,0.60547329051349,0.626694814307419
2021-01-20,56116537d71a578c,ae38fb2a6b6a0cc1,34ff304266360297,9dedfdd91070ddd8,Manon Fiorot,Victoria Leonardo,1,0.507892497412901,0.506226813976475,0.505106115451566,0.504072967847544,0.503629517826984,0.505282353897444,0.504337402217486,0.506107889615441,0.504719648877119,0.504545138860015,0.503910883164889,0.505563887989879
2021-01-20,56116537d71a578c,11558384f80f6506,2b6fc1c02736833d,2f6a993c7f547c13,Umar Nurmagomedov,Sergey Morozov,1,0.612433657576917,0.609181994009808,0.590003662222008,0.610184839386218,0.598519728015148,0.611361878212472,0.591940288741318,0.61204328485835,0.587170403846815,0.610767808330844,0.595720925458434,0.60485413297195
2021-01-20,56116537d71a578c,031e6624f96aceb8,f6ad6a1e4d600e0d,fb3e61720be4690c,Mason Jones,Mike Davis,0,0.502967312637246,0.500004741443376,0.500003888015178,0.514650374142097,0.513056004364545,0.504429881996627,0.503637414543091,0.497308989820457,0.497920653643354,0.509981581369373,0.508588927004316,0.508479225641041
2021-01-20,56116537d71a578c,4e451881e0e47b05,c9587d81e1d33925,cdadae5363b66eef,Jerome Rivera,Francisco Figueiredo,0,0.539241716606684,0.552922103248781,0.543449763509657,0.553370580882882,0.547596880564851,0.556556276630241,0.546503251589678,0.557567605103307,0.544561956125413,0.556232514484957,0.548438317760724,0.543808878438429
2021-01-20,56116537d71a578c,76b61ff4c9760f79,2ac4628c08ec5125,ce632027bf2a871b,Markus Perez,Dalcha Lungiambula,0,0.410030698417588,0.388552844353504,0.408108446732817,0.383776490201207,0.396040864201334,0.378591533585648,0.399660203859108,0.379822552641871,0.406403092347593,0.379498208355453,0.395783834552383,0.402368961983225
2021-01-20,56116537d71a578c,ddbe6fd66d7f9e35,3cf18e01cb6cbde3,79cb2a690b9ba5e8,Sumudaerji,Zarrukh Adashev,1,0.722930228688862,0.651640027434944,0.625634574143366,0.65893661755795,0.642643170190046,0.644692384319504,0.619918809500676,0.638576372566947,0.608214328424103,0.649082162673896,0.629292224395785,0.680425992254106
2021-01-20,56116537d71a578c,4abcf14faa7f92f2,5987b2458f4b5290,8765559b6a29a421,Ricky Simon,Gaetano Pirrello,1,0.777116961441115,0.790085121462783,0.747791575944451,0.771384335237126,0.747199223634779,0.78951792794442,0.747536137813545,0.799587171068852,0.744443751929316,0.778365901926772,0.746658190710327,0.761095233450107
2021-01-20,56116537d71a578c,ac475de5a3d0d7e2,1588b787bda7b540,16690d100f995f8f,Tom Breese,Omari Akhmedov,0,0.567523409732757,0.546940989564741,0.53852907902603,0.55530871503261,0.549328214112111,0.549485770602103,0.540676212973534,0.528473331037257,0.522010881065087,0.554464267291586,0.546911961948317,0.557603388763542
2021-01-20,56116537d71a578c,d27ac1bc677b89cf,396fe87b84ac2e1c,3a314d9fa7c6825d,Lerone Murphy,Douglas Silva de Andrade,1,0.794990562534843,0.799095793920432,0.75623441515893,0.785582137036208,0.76080850176623,0.797507707668777,0.755018157250118,0.805700067920449,0.750075502635334,0.790923639069368,0.758564879881064,0.776785003103164
2021-01-20,56116537d71a578c,57e784028ef2c17d,67c1d46f4ed16f9e,6e00cfffd54653c4,Matt Schnell,Tyson Nam,1,0.480189079488587,0.46403102730776,0.470488506500721,0.489299444061206,0.490464225560594,0.468487098480526,0.474113527062912,0.450710365815004,0.461864110279498,0.479640024264851,0.482478786420915,0.485800500492403
2021-01-20,56116537d71a578c,a003e8305d4dbdc8,36541f1e6c5d4955,4498b382c65a7faa,Viviane Araujo,Roxanne Modafferi,1,0.675865934132912,0.691656094111277,0.659813078497433,0.67891020893615,0.660885293139787,0.691252786232342,0.659663217201857,0.699524959195548,0.657676789486073,0.683444764251893,0.659763862166543,0.66772477398961
2021-01-20,56116537d71a578c,4f6d3cdf2c77fb57,acb36c908d415c4a,f9d0cae37dabfafc,Vinicius Moreira,Ike Villanueva,0,0.528715368579206,0.546365376508564,0.538055719789636,0.542530872898687,0.537918952717236,0.542244272511152,0.534713795931774,0.539684614313888,0.53069022751804,0.539465147723536,0.53397604705877,0.533745777357722
2021-01-20,56116537d71a578c,dd34dd337e637767,49ee5024966efc0d,d317a5e2b3f88c5f,Mounir Lazzez,Warlley Alves,0,0.529608586777838,0.545754067229153,0.537553042010459,0.534159763225225,0.5304501977654,0.546797151455231,0.538461879716509,0.568028281493131,0.552696895135916,0.541114931879893,0.535398001719712,0.53006834969081
2021-01-20,56116537d71a578c,61bedad39b15db7a,84b3e7d38f2d2ec5,c58f51dedb310998,Neil Magny,Michael Chiesa,0,0.531708050583505,0.502160065118968,0.50177127140811,0.527358647381221,0.524384839807048,0.510617834429881,0.508718748675639,0.500149446699207,0.500115477171587,0.521620085697132,0.518605969249595,0.5277091346016
2021-01-23,4304992c2acc187b,aaf45b095452be23,55fa6ce3e522c8bb,6d35bf94f7d30241,Zhalgas Zhumagulov,Amir Albazi,0,0.378064292164775,0.439567156990982,0.450365230297459,0.404344846181634,0.414543445328143,0.429389413378807,0.441895123614638,0.443996262447302,0.456652771256056,0.411990665771048,0.424067562770112,0.397849078815324
2021-01-23,4304992c2acc187b,f3ccbfd7036f3cf3,6fb1ba67bef41b37,76e2870ffafbe38f,Nik Lentz,Movsar Evloev,0,0.294406395483388,0.339196500688055,0.366597044031036,0.309914639313037,0.328857358423201,0.326972550192725,0.356001506615836,0.339852807356654,0.374482781746935,0.3140033680989,0.337956658492738,0.312967469353993
2021-01-23,4304992c2acc187b,c597fd8bb66d54d8,6370c1c1e12723d5,749f572d1d3161fb,Marcin Prachnio,Khalil Rountree Jr.,1,0.229359528901838,0.23303165890137,0.273517193903208,0.256004928748688,0.278748099465068,0.23463704481698,0.274721670753929,0.216191053227909,0.269878872544868,0.248819429564375,0.278739061796857,0.255551627247346
2021-01-23,4304992c2acc187b,83da743f6dda7dcc,3253b16d38ae087d,7be74a12d7352df2,Julianna Pena,Sara McMann,1,0.668583203556382,0.629483800062681,0.606972989359662,0.651097929705525,0.635513001675904,0.63427665089791,0.611139645029608,0.624843432609689,0.59729282883503,0.643158573932125,0.624077064183246,0.650699560681231
2021-01-23,4304992c2acc187b,92f569a6d9374b86,0c6d9ea8306c029e,52e76bb4b3e852f3,Brad Tavares,Antonio Carlos Junior,1,0.317954282618909,0.309901362877748,0.341530474650229,0.334808392283248,0.351655889421171,0.314548784483239,0.34533980964138,0.302879940748471,0.344311868515336,0.329611202754212,0.351860794324669,0.336155637964378
2021-01-23,4304992c2acc187b,99dbe9669f31ed91,dccb63727f2f5f74,eae48ff31db420c2,Matt Frevola,Arman Tsarukyan,0,0.2014804494085,0.181020325039423,0.224826301416629,0.203637529884792,0.228776761890546,0.181234352350595,0.224744748047567,0.160885260842019,0.218192414733617,0.194420001495975,0.227380369594443,0.216079371540024
2021-01-23,4304992c2acc187b,cd08b68f0bafafbf,beecb672a279223e,cd2c4d30c6e13b47,Amanda Ribas,Marina Rodriguez,0,0.809515384651053,0.782867481584094,0.741086271077557,0.786198674572883,0.761402176627081,0.788526277175568,0.746611893236343,0.790397977529697,0.736066283453201,0.788356158136267,0.756120737569487,0.78420973133422
2021-01-23,4304992c2acc187b,65352221c0bfe52d,ea7e5bc78d9de658,fccf811c1e8b01c7,Makhmud Muradov,Andrew Sanchez,1,0.653449356609815,0.689846236898658,0.658251901348655,0.654521264637674,0.638625021032781,0.68462288005649,0.653947166842748,0.707197688437194,0.664045476853668,0.664683629419027,0.643078295086401,0.645386107355495
2021-01-23,4304992c2acc187b,c4ea3f6fae702459,12f91bfa8f1f723b,f72465a784c1b084,Joanne Wood,Jessica Eye,1,0.479692640095456,0.437558477632485,0.448709883828243,0.447394670333853,0.453086635151937,0.433366117100181,0.445180656002784,0.411279586116837,0.431152654002082,0.441911236317268,0.449959020211817,0.465134739770221
2021-01-23,4304992c2acc187b,a5075f4eaee6036f,193b9d1858bc4df3,4b93a88f3b1de35b,Dan Hooker,Michael Chandler,0,0.836346595232251,0.830803055890058,0.78665860812229,0.814418818742764,0.788840450695982,0.830822969904677,0.786970406824333,0.840450201134331,0.783113053744104,0.822071917818228,0.788660677232621,0.811551753473425
2021-01-23,4304992c2acc187b,3d3e7dc7b4bf2bc4,029eaff01e6bb8f0,f4c49976c75c5ab2,Dustin Poirier,Conor McGregor,1,0.573444385160549,0.584894120348945,0.569835004340271,0.555173128664952,0.549207085019546,0.57455185618886,0.56136354363872,0.596792373128094,0.57517292374569,0.559803375591892,0.551521675924043,0.560240492130154
2021-02-06,a1153013cb5f628f,3ac61bcb406e1a0c,6d68c1afe954f121,c9587d81e1d33925,Ode Osbourne,Jerome Rivera,1,0.588001018927452,0.657874239263056,0.63091621255307,0.633884986968732,0.619906962523663,0.6652094450316,0.637323425020301,0.688489565577019,0.648579611183299,0.650173369589457,0.630254035019571,0.605540337483954
2021-02-06,a1153013cb5f628f,eb4e9ec015533ab4,45e738622ea2c02c,ea3dcc417c322064,Timur Valiev,Martin Day,1,0.582998585718811,0.621377365095146,0.600183586869377,0.612618887991246,0.600711463145029,0.63319208646942,0.61022749154297,0.657024289186647,0.622999952821821,0.624538989526189,0.607745839621723,0.592704154138387
2021-02-06,a1153013cb5f628f,86d6e09932c5b551,52c2ae6d2f2d2613,a68575214ecad140,Youssef Zalal,SeungWoo Choi,0,0.785970662911887,0.765773220343969,0.725393847378532,0.760088935310003,0.736452243922584,0.766707780698894,0.726504239456013,0.765883129481159,0.714187345599303,0.763629129685863,0.732830315560348,0.759797372844737
2021-02-06,a1153013cb5f628f,d65da3a3bc675449,51018a31ddf31eb2,e99821959a840bb8,Molly McCann,Lara Procopio,0,0.487474336912699,0.446976245285921,0.456466573199625,0.447519164742387,0.453197828132861,0.44056318704737,0.451121087946263,0.436761276720136,0.451029964397957,0.443284253370136,0.451144499983584,0.468714985976278
2021-02-06,a1153013cb5f628f,8c34e1e0d842618d,351c4ec637380ad5,f9ab66e67240db7b,Karol Rosa,Joselyne Edwards,1,0.484896395103669,0.500942468297162,0.500772830586753,0.498382044659658,0.498558207320624,0.507430361084327,0.506101228277559,0.514140959304872,0.51092786562757,0.507600340302104,0.50653982764902,0.492357857999607
2021-02-06,a1153013cb5f628f,464cc19d42446da9,207773daeb4afa7b,304a21d0595e1a08,Devonte Smith,Justin Jaynes,1,0.745660982585209,0.773417257341218,0.73237955264112,0.756956844468684,0.733484041380478,0.776526892680139,0.735501138602946,0.793122519347139,0.738539429380346,0.764673753985896,0.733805660621671,0.739054869791322
2021-02-06,a1153013cb5f628f,af8ea6db042674ef,18b602842a24f7c5,687c15b2eddfaa63,Mike Rodriguez,Danilo Marques,0,0.438624748156285,0.446180677509701,0.455811747196475,0.459751647900112,0.464117926109423,0.447433595843008,0.456785638725594,0.43698533687947,0.451204218020079,0.455463038898654,0.461651888063815,0.452519349741054
2021-02-06,a1153013cb5f628f,bbade63ca780668f,08af939f41b5a57b,f53d4f21d1b5f2dc,Beneil Dariush,Diego Ferreira,1,0.605354673588804,0.584144078804439,0.56921411557704,0.592330905974405,0.582472328005479,0.58681288469358,0.571517925118526,0.584289914201523,0.565381847279136,0.591342259415099,0.578824597914248,0.592905260541769
2021-02-06,a1153013cb5f628f,2c81668d1459991f,5d1b7e3dd9e11074,a0f0004aadf10b71,Manel Kape,Alexandre Pantoja,0,0.362045999343191,0.369085868899829,0.391827053742869,0.384687173717278,0.396861584256524,0.371740851384575,0.393916731716957,0.368577384206273,0.397483305139687,0.378320789574042,0.394754822769108,0.380911083426777
2021-02-06,a1153013cb5f628f,f4fbb11055301e75,511e82663651438d,c47df9303d318c67,Michael Johnson,Clay Guida,0,0.560111590087342,0.579800440591437,0.565620460122575,0.576443475427444,0.568230291052751,0.581511220964158,0.567123883327941,0.587469516889211,0.567868458906825,0.5818504753358,0.570592752458922,0.564550815784329
2021-02-06,a1153013cb5f628f,9ef858837dfc65eb,65f09bacd3957381,f2688492b9a525a3,Cory Sandhagen,Frankie Edgar,1,0.646513795428209,0.591368828303257,0.575199318204853,0.610425560479144,0.598736439791078,0.597978866549577,0.580790434056094,0.590893466117661,0.570548721499478,0.609684152672397,0.594776431731686,0.620709238378049
2021-02-06,a1153013cb5f628f,8b9bdacca749ec90,279566840aa55bf2,b4ad3a06ee4d660c,Alexander Volkov,Alistair Overeem,1,0.657191324515419,0.671542953776721,0.64254921691781,0.643479473439176,0.628597459389151,0.663338844201869,0.635729986257075,0.687228901208384,0.647544845498439,0.648716094390814,0.628969643054608,0.641697462127778
2021-02-13,3f7c14c7eca7195d,357c5b86ec83b826,5eb50529a8418b77,8e382b585a92affe,Gabe Green,Phil Rowe,1,0.42862048526899,0.446390766839696,0.455984677342654,0.450584298728563,0.455935098972457,0.453445167223411,0.461737656184432,0.457491519134763,0.467121810017354,0.455292721609712,0.461505034642397,0.443498474457365
2021-02-13,3f7c14c7eca7195d,f98e954823bd6e02,45f0cc9d18f35137,5f6f049d54728e88,Chris Gutierrez,Andre Ewell,1,0.607007640936875,0.617765684274647,0.59716467231471,0.597789040716201,0.587373019777164,0.616026480636249,0.595836835872606,0.630246528980316,0.601581775500569,0.608134611676426,0.593426300909255,0.596320467011934
2021-02-13,3f7c14c7eca7195d,17616514e8fdacb9,19b7738321cfae42,9673a497a9da119a,Mallory Martin,Polyana Viana,0,0.397506025354967,0.396149336230284,0.414434754044343,0.410620736370463,0.420176106310689,0.400176567013979,0.417675255264485,0.397419950223644,0.420281534500957,0.407600655018046,0.420257722828512,0.409841973120117
2021-02-13,3f7c14c7eca7195d,8cf076524cad5a55,b1b0729d27936f2f,e9213f53ddeca978,Belal Muhammad,Dhiego Lima,1,0.736798435337617,0.73761196628886,0.700053684446323,0.717090122205463,0.696102480914678,0.736610947297142,0.699400275732992,0.751345593043489,0.701499966637454,0.724698388556001,0.69695033415774,0.715005489258264
2021-02-13,3f7c14c7eca7195d,96b1430379c0694a,093e1f5bb73850be,260e9e0d4954aea6,Anthony Hernandez,Rodolfo Vieira,1,0.366574822485355,0.394720047335638,0.413245517551747,0.401515184147601,0.412001951817142,0.395901089458243,0.414115963486095,0.395127345215649,0.418478500851341,0.398176478493837,0.412067665155651,0.391152647398703
2021-02-13,3f7c14c7eca7195d,9201312dd860fa5a,c549573c0df4d676,d0e1b42d41dab603,Maki Pitolo,Julian Marquez,0,0.474403752424164,0.416851292383531,0.431609696529113,0.455257040018772,0.46010670987105,0.41925907581175,0.433514113468753,0.387859777524255,0.412753128168761,0.442995611923702,0.450895299650214,0.466587083187396
2021-02-13,3f7c14c7eca7195d,54e2490959f66dc2,5987b2458f4b5290,7be14eaed4c74856,Ricky Simon,Brian Kelleher,1,0.785974011659944,0.775970005787317,0.734723604914749,0.761574408178766,0.737861744169414,0.770133456987466,0.729633762839489,0.771315366249419,0.718980519443283,0.759617514140916,0.729091343760802,0.760523518797273
2021-02-13,3f7c14c7eca7195d,26fbf026beb8e9f8,2e585c701f72fe55,8c0580d4fff106c1,Ian Heinisch,Kelvin Gastelum,0,0.573125773745982,0.561892178023118,0.550837349235158,0.554826065312804,0.548897035119406,0.558913948652645,0.548447612879052,0.557114976698211,0.544210342758841,0.557756807884502,0.549754347074229,0.559926340620145
2021-02-13,3f7c14c7eca7195d,25b8c932da5e91f4,6a740daf1b279661,e8b731feff72294b,Maycee Barber,Alexa Grasso,0,0.550961811578955,0.550140750969145,0.541161051151613,0.54964545471755,0.544270054428318,0.547574921130749,0.539102369885648,0.540687171180421,0.531466925559757,0.549108566054606,0.542290743288556,0.547308474781664
2021-02-13,3f7c14c7eca7195d,be94e5b7a35ce5f2,23024fdfc966410a,f1b2aa7853d1ed6e,Gilbert Burns,Kamaru Usman,0,0.254654250330973,0.304699278285121,0.337038179807572,0.292585983959057,0.312870891646586,0.304649652853838,0.336793385939541,0.315257211150085,0.354493184359197,0.297516461788876,0.323166881736465,0.285559549800707
2021-02-20,bfe95ec546692b13,c3b6aa47e7532a7b,2b68d9f125d07b42,e2f6b2769aaedd6c,Jared Vanderaa,Serghei Spivac,0,0.389490189417797,0.392114742255829,0.411076524354197,0.40106881386546,0.411600930452659,0.390976385317117,0.410010885800288,0.387656401878502,0.412592688844565,0.395931650934247,0.410114378574052,0.401518430238326
2021-02-20,bfe95ec546692b13,b9cd4910f0ecff45,24656ef4d605c96f,dc3b9cf7641b7ab6,Aiemann Zahabi,Drako Rodriguez,1,0.330379830840884,0.33108046852664,0.359689377058523,0.34213923767229,0.358336358289468,0.333785825070528,0.361820134726007,0.318277425771618,0.356964496117609,0.341235860335327,0.362161366840177,0.345518093743288
2021-02-20,bfe95ec546692b13,1d892fec31dc7ad7,04835018f90b118c,122ac9b816d8b71c,Casey O'Neill,Shana Dobson,1,0.7634356096518,0.776515726299596,0.735225453984315,0.761715667672272,0.73799583854859,0.774490837308943,0.733628775798501,0.785013504661191,0.731204259587686,0.76609959977791,0.735138106600545,0.749753820991428
2021-02-20,bfe95ec546692b13,e175c1a0bff30187,583ee11abddfc581,902ec2cc48c8ae8a,Nate Landwehr,Julian Erosa,0,0.604902439335374,0.627544173804401,0.605346746344779,0.611525430401021,0.599726735237812,0.627325908369564,0.605300060875813,0.641375484494476,0.610448917163665,0.619848551371068,0.603645399458784,0.602077972936809
2021-02-20,bfe95ec546692b13,990c2378caec68d4,5fa2974cbd18e05c,fc9a9559a05f2704,John Castaneda,Eddie Wineland,1,0.506269996580053,0.508756503599001,0.507180631832711,0.526592633538001,0.523701820188037,0.516885723610374,0.51386661387556,0.502043506335608,0.501579016864211,0.523533280570695,0.520253046591078,0.515796974455018
2021-02-20,bfe95ec546692b13,931fd51ab69fb443,0de720c0f1d4ab9c,7026eca45f65377b,Danny Chavez,Jared Gordon,0,0.468066165923442,0.508481849580219,0.50695539177657,0.494662082082838,0.49524323974895,0.508394821270281,0.506893212855387,0.519828580304428,0.515324743190369,0.501940824680842,0.501669980702365,0.482898866415022
2021-02-20,bfe95ec546692b13,15b1c7ddc4415fdd,3738e68d2261e60f,399afbabc02376b5,Andrei Arlovski,Tom Aspinall,0,0.211311012298165,0.215864601044288,0.257739383867843,0.220622754080517,0.245153592918537,0.213490845706318,0.255265208571752,0.205597832524346,0.26029591820383,0.216135408693631,0.248142829582891,0.229359124211509
2021-02-20,bfe95ec546692b13,05ceb8b2f93993a6,547afe1017e72dbe,881bf86d4cba8578,Phil Hawes,Nassourdine Imavov,1,0.391137958656301,0.391709449691908,0.410738958401989,0.406094939038986,0.416114726212132,0.395401909000132,0.413700125754718,0.384504675831937,0.410104759726671,0.40287019570072,0.416148732152217,0.404720146365466
2021-02-20,bfe95ec546692b13,8f7328fe18806fb0,98c23cb6da5b3352,d0aaedcf7ccd0b45,Aleksei Oleinik,Chris Daukaus,0,0.227767803109867,0.260491257272683,0.298257622168854,0.258372863287145,0.2809741474543,0.259154280706638,0.296825718591402,0.25818296143604,0.306712938416846,0.256669896471967,0.285986598921854,0.255920419425114
2021-02-20,bfe95ec546692b13,82243207b4dfce87,34e516ab361afb1c,40093d1d2d78394e,Darrick Minner,Charles Rosa,1,0.638657747895005,0.662341238806363,0.634709726306037,0.641787411619209,0.627063342858456,0.658995282959785,0.632035305572345,0.670471938001007,0.633871786708099,0.647072471270385,0.627521753950282,0.632343176485867
2021-02-20,bfe95ec546692b13,a4814d682954e8ab,3143bf892608139a,b9706f80d005036c,Yana Santos,Ketlen Vieira,1,0.449031799417195,0.44987035280106,0.458848084170544,0.457515736201851,0.462122643586262,0.452349836756206,0.460835665256203,0.449148648271399,0.460652468035122,0.456705927621472,0.462723479551957,0.456175280709873
2021-02-20,bfe95ec546692b13,b12bc15f384ecc42,d3df1add9d9a7efb,fa6796c55d6c5440,Derrick Lewis,Curtis Blaydes,1,0.144148980275605,0.14491528947683,0.189148301871661,0.164992091703215,0.190773922178113,0.147091633448792,0.191055658441442,0.138250710656822,0.195610726677695,0.157448704700932,0.191041145393379,0.168322577186932
2021-02-27,81b57acd6975ac06,bc86601cf781a89c,950d0ef5c17157c5,e4277e87a789d687,Maxim Grishin,Dustin Jacoby,0,0.542577974894971,0.552775071576348,0.543328752567192,0.54453172174453,0.539704741528779,0.555333548442687,0.545495143837315,0.551460705083935,0.539820376696055,0.551584989316415,0.544427215925991,0.541008769768402
2021-02-27,81b57acd6975ac06,11a83369d49ad138,e7e01e266a9d4342,ed2a8cc402173781,Ronnie Lawrence,Vince Cachero,1,0.559624652558328,0.541312994863362,0.533902243375403,0.542266072996408,0.537682633789254,0.537408642276859,0.530735005571633,0.538838337459889,0.530034680312083,0.538549000102572,0.533186500212683,0.547661816107061
2021-02-27,81b57acd6975ac06,a7315147a7022a93,4c2d90e335e6df19,70d2329a92864fdb,Alexis Davis,Sabina Mazo,1,0.138593598818692,0.141129678865304,0.185294260881334,0.154148891286491,0.179894316969178,0.139836215068651,0.183673426847566,0.120940760538062,0.177600988449724,0.148364099133924,0.181885660978405,0.16007068289224
2021-02-27,81b57acd6975ac06,3eac2d47ac252f4b,262a7d06203657e6,d945aae53e3e54e6,Alexander Hernandez,Thiago Moises,0,0.622212403657304,0.611567120324115,0.591991573393229,0.617391487368183,0.605011951054781,0.611577989308588,0.592120692694103,0.602509988565886,0.57966338786629,0.61825650245419,0.60225475855792,0.612851494216555
2021-02-27,81b57acd6975ac06,6a0341234ecc4e87,35b3772629e27a49,7aa3d6964eff4877,Kevin Croom,Alex Caceres,0,0.501101366959182,0.581827869464316,0.567297402401083,0.536825313903456,0.532827993621611,0.572473108296498,0.559644513724452,0.600650700416251,0.578202213840835,0.548034958891093,0.541364685928433,0.518449933871619
2021-02-27,81b57acd6975ac06,c2ee423d1f0b4f6f,6bd02119599741a4,9c907996820d2d69,Pedro Munhoz,Jimmie Rivera,1,0.476761002084766,0.460832147490301,0.467860534354945,0.441442949817739,0.44776935345949,0.449648535977697,0.458610643624085,0.452243302117807,0.463053128189967,0.441777188219397,0.449843270885227,0.46089188704197
2021-02-27,81b57acd6975ac06,3a4e2dffcdd1c838,1091d4d957141094,d802174b0c0c1f4e,Nikita Krylov,Magomed Ankalaev,0,0.352484961287855,0.406046894194134,0.422657250741194,0.399278354124555,0.409992068772327,0.410872809855942,0.426562295817511,0.416676716634999,0.43537366772217,0.403161507731968,0.416401887317883,0.383487535418667
2021-02-27,81b57acd6975ac06,4a704dae3091adaf,2cd428e9606856fd,787bb1f087ccff8a,Jairzinho Rozenstruik,Ciryl Gane,0,0.353940588708694,0.410534983921723,0.426378853497629,0.399061368609858,0.409797057803538,0.414692798233344,0.429730525226729,0.42429615898199,0.441322171096814,0.409192180877598,0.421639289471957,0.384067093011944
2021-03-06,6e2b1d631832921d,c096342c57a6f2c4,bc711b6dd95c1af6,ec23c1be628d8057,Mario Bautista,Trevin Jones,0,0.685873335182558,0.660871656615449,0.633460856416608,0.642146208451299,0.627388593677254,0.649307429713687,0.623820353645232,0.655669065907401,0.621908904578844,0.641691732762936,0.622787179889265,0.654514011018007
2021-03-06,6e2b1d631832921d,e2abba69c3371618,003d82fa384ca1d0,681399317dbf4701,Aalon Cruz,Uros Medic,0,0.448898960573321,0.494541918863213,0.495524278839766,0.491299906856277,0.492247015746707,0.498476752203224,0.498749257419134,0.496926682224987,0.497625241356153,0.495864719390591,0.496441785411469,0.472524566865326
2021-03-06,6e2b1d631832921d,50ef636148fa6fac,3df5493bb279226f,dab8cfbb6b1db10a,Amanda Lemos,Livinha Souza,1,0.438937115536722,0.459520483225031,0.466782717669967,0.45249277941065,0.457639088116178,0.458867588520826,0.466201230753064,0.474114030585219,0.479990754640539,0.456856888490706,0.462853626440765,0.449135295386327
2021-03-06,6e2b1d631832921d,7ad09f889d2cdb6f,45f7cb591c3ab00b,a845f0735bc67405,Sean Brady,Jake Matthews,1,0.404345457009396,0.369550355313702,0.392216796204272,0.396225280287854,0.407247512341919,0.378529435225322,0.399608201682582,0.358312163677476,0.389301538139814,0.392655627355152,0.407262054369375,0.405929930028454
2021-03-06,6e2b1d631832921d,d170f6580e1c244f,8667caa0451d245b,9014c02eff8b3d62,Kennedy Nzechukwu,Carlos Ulberg,1,0.614141053806913,0.640487614733603,0.616220905119642,0.63174262275992,0.617969157981513,0.644112480375743,0.619429079860175,0.654299689046853,0.62080727922786,0.638589399769819,0.620061050931141,0.616233992103517
2021-03-06,6e2b1d631832921d,2704d31de2c2f43b,215a70f073a7b726,c96d9178c9ed9e62,Jordan Espinosa,Tim Elliott,0,0.607412621604272,0.591378384178649,0.575207241430372,0.598423761602608,0.587943199057409,0.590623354568882,0.574679374632516,0.581502406159908,0.563203684424166,0.593731339876218,0.58089888371529,0.596815250716643
2021-03-06,6e2b1d631832921d,873306ad79b62f5e,07a2bdaa0afdd831,853eb0dd5c0e2149,Rogerio Bontorin,Kai Kara-France,0,0.486975787720314,0.549441796731156,0.540586031803877,0.517873259119723,0.515928608086835,0.544988134571818,0.53697239649565,0.550306386687472,0.538924691499728,0.529064277158793,0.525015616827882,0.502793248816994
2021-03-06,6e2b1d631832921d,ae5d14a9fc1ad19c,80eacd4da0617c57,b1d19449397541dc,Joseph Benavidez,Askar Askarov,0,0.461328842265314,0.46026131355465,0.467391488676938,0.453796716605462,0.45880316197874,0.458821879481328,0.466163615831693,0.465967105744285,0.473686458414081,0.454234858124692,0.460592855699455,0.459948899755958
2021-03-06,6e2b1d631832921d,5980ab31e4718a83,60425d07ef4b91a7,efb96bf3e9ada36f,Kyler Phillips,Song Yadong,1,0.472505913563913,0.477359978741941,0.481430872420886,0.476537654719727,0.479089083556691,0.475798425112422,0.480122986359956,0.484457210563455,0.487988557924468,0.474836750412305,0.47834358514143,0.476101023938527
2021-03-06,6e2b1d631832921d,f4363f1317b47213,10f3ba6cd2f44a97,e7bba7ce4d6c7b07,Dominick Cruz,Casey Kenney,1,0.358208509759542,0.396019180472826,0.41432647816714,0.392601747894938,0.403988218521205,0.394648971264246,0.413072786895086,0.403309053474839,0.424906657956114,0.393116663114514,0.407663591710267,0.382955201798514
2021-03-06,6e2b1d631832921d,04a788abbbd1f256,333b9e5c723ac873,dea070ed4a2a8281,Aleksandar Rakic,Thiago Santos,1,0.674437946922833,0.640847458626793,0.616523983785329,0.654371170362067,0.638488515548348,0.646839009710428,0.621732639385418,0.645192527941465,0.613501070616624,0.653555098429781,0.633237002667394,0.655022041984745
2021-03-06,6e2b1d631832921d,c06d7bb29bc24d00,275aca31f61ba28c,519e4fe37ce9ff75,Islam Makhachev,Drew Dober,1,0.716372633937886,0.673363145713047,0.64410411367296,0.687680683869453,0.668932156085465,0.675361149443376,0.645996000134972,0.657874725413835,0.623685027626625,0.684385005455028,0.660603451406407,0.690962745222992
2021-03-06,6e2b1d631832921d,15c9cb5f9320c555,cb696ebfb6598724,d661ce4da776fc20,Aljamain Sterling,Petr Yan,1,0.505946836883737,0.519348133373839,0.51586819383914,0.5348226583949,0.531041496729732,0.532107248125414,0.526375136915482,0.517319159548822,0.513384638002095,0.537222987455937,0.532043829510488,0.519666956112124
2021-03-06,6e2b1d631832921d,fd92fe0c494d0959,80fa8218c99f9c58,a0e75f4a13eb73f1,Amanda Nunes,Megan Anderson,1,0.885804348050105,0.880541374779366,0.837265082860003,0.865895998595892,0.840515801752198,0.879587040333478,0.836550321166514,0.886686158985144,0.830573140227784,0.872811311851886,0.839870343034685,0.86264629001289
2021-03-06,6e2b1d631832921d,7de9867b7cc2b1b1,1338e2c7480bdf9e,99df7d0a2a08a8a8,Israel Adesanya,Jan Blachowicz,0,0.795920290505118,0.802817113110093,0.759745637899887,0.793420921392137,0.768374139943376,0.805574947634607,0.762639222173781,0.81365314680937,0.757477345241581,0.800995368991998,0.768203883756078,0.781184724014656
2021-03-13,8c90c1563972e44d,d0ebb0551377a1c1,4aa58269d0664b5b,5f3805dda9661cba,Matthew Semelsberger,Jason Witt,1,0.682442422025348,0.662581507793027,0.634913990743824,0.663727637985906,0.647008885238224,0.664896624895773,0.637056857366812,0.671906827459357,0.635036930631073,0.664401012549396,0.642827876329792,0.663316156874904
2021-03-13,8c90c1563972e44d,8a7b0cd5ad9ca4fe,5dd180c8b3196786,d05cb1e8d1b885d8,Gloria de Paula,Jinh Yu Frey,0,0.698333957541581,0.653354748514543,0.627085855260659,0.668201496049918,0.651091130565277,0.65598537266961,0.629479291323281,0.650149106715694,0.617473179646321,0.661100591185221,0.639905402550651,0.672967220222018
2021-03-13,8c90c1563972e44d,e8adfbbe0053c321,5f179af5fffeb9f6,6fd953151d981979,Cortney Casey,JJ Aldrich,0,0.385400453172809,0.389503241407132,0.408900708418288,0.382154493059997,0.394578728820302,0.386340391233693,0.406141017414201,0.388525207195146,0.413277987678866,0.384260917215296,0.399943030236513,0.390404569088314
2021-03-13,8c90c1563972e44d,a6828a6dfb21d33c,b7b84ccd221be298,e132d47bd9efbbe0,Nasrat Haqparast,Rafa Garcia,1,0.682977619952698,0.657670597796705,0.630743457103419,0.651336758052372,0.635730017962526,0.656355231136843,0.629793190922128,0.660139824497679,0.625511273872736,0.654240852087484,0.633842314829798,0.657560212363706
2021-03-13,8c90c1563972e44d,03bdbf2d18f3025d,90e0985df05e51bc,94527830000ab715,Ray Rodriguez,Rani Yahya,0,0.667564276462812,0.684486006385502,0.653637408879372,0.683265316959986,0.664878117988858,0.688354686472491,0.657162013555973,0.668667250726297,0.632407801717682,0.689272895518388,0.664973589969417,0.666098261531974
2021-03-13,8c90c1563972e44d,bb7ce8a6ba7f7cc5,2804ce8dadab5770,f1d64ae34e088832,Marcelo Rojo,Charles Jourdain,0,0.34091319529184,0.327552951059594,0.356678637311043,0.346410249354128,0.362222067828277,0.32806039955062,0.356931845107445,0.31021850670836,0.350359031449814,0.33919672719418,0.360357695064976,0.352480275762389
2021-03-13,8c90c1563972e44d,18c67631b76c18e5,b4c6c904a9ffc5e8,f0feeb2192937424,Ashley Yoder,Angela Hill,0,0.370655733985224,0.311608023597742,0.343001389025036,0.356156428230217,0.371072343823011,0.314398635610015,0.345210528636631,0.276871292430829,0.322606998691233,0.339561021009274,0.360680020704892,0.370883289110766
2021-03-13,8c90c1563972e44d,01f262b68a6a2223,1a31ef98efce7a79,5d1b7e3dd9e11074,Matheus Nicolau,Manel Kape,1,0.487778246229516,0.483159408453947,0.486188891380965,0.493792516489246,0.494468331534498,0.492851158163729,0.494129943660072,0.493225747197693,0.494765419136523,0.498330840092115,0.498563773473971,0.491432409170475
2021-03-13,8c90c1563972e44d,70aa6b8f863e6861,113df4fde64735c6,f2477cf43c4975cc,Davey Grant,Jonathan Martinez,1,0.282379405935615,0.29994401075141,0.332919827990318,0.299319222046088,0.319094898145369,0.29367976588483,0.32726496544184,0.291257121433253,0.334667411279989,0.296167517912427,0.321951755930391,0.302119118770054
2021-03-13,8c90c1563972e44d,d15a87087b6f1452,82a5152216251682,da816417a579a0bd,Dan Ige,Gavin Tucker,1,0.66560014047558,0.67142542648135,0.642448867754898,0.680335196737305,0.662191109871311,0.679302747159802,0.64937515353855,0.673451952503414,0.636292733650589,0.682650556430957,0.65905493500704,0.663740025212917
2021-03-13,8c90c1563972e44d,4944437e73071671,67f272324a030d00,a67f5afa8d6a1b80,Misha Cirkunov,Ryan Spann,0,0.466119586986609,0.501001912699448,0.50082157545332,0.475330400194767,0.478012761591844,0.493818008946097,0.494923872507224,0.519242195089802,0.514871365513627,0.477685855503942,0.480796529712927,0.472612494959105
2021-03-20,c36e1f4fa755ffb4,55bf7f19a132e0fc,0b362247806341e5,294aa73dbf37d281,JP Buys,Bruno Silva,0,0.556211940634038,0.523049669533326,0.518905271884672,0.54876422066322,0.543483196377463,0.531766591092427,0.526095050220808,0.530371438308718,0.52347959618133,0.543060090538012,0.537074799997159,0.54926674426752
2021-03-20,c36e1f4fa755ffb4,b8a0047c927faa75,8c39367b53eadf8a,cc1a8b4b38b92c6d,Jesse Strader,Montel Jackson,0,0.205521295397326,0.194219730513969,0.237447890741905,0.220667029737061,0.245196054285282,0.196487551280225,0.239315786384132,0.180575353935057,0.237095392007241,0.210899601299744,0.243171304044739,0.226578584302443
2021-03-20,c36e1f4fa755ffb4,68cf99b6551dc3b3,327d5f279895110d,b27a1fcb56a3035a,Roman Dolidze,Trevin Giles,0,0.424448973632574,0.384499770584716,0.404727163359292,0.409899688124019,0.419529238252025,0.392347111771944,0.411154066868672,0.367239746326217,0.396419362174017,0.405884585347926,0.418767556922624,0.421759579045022
2021-03-20,c36e1f4fa755ffb4,a043e279434d5c8c,99bd51917728c25d,9c65736747ca92ec,Grant Dawson,Leonardo Santos,1,0.631530238459892,0.622201165037226,0.600872685952176,0.642755679580879,0.627941148481517,0.638212183755293,0.614452662217775,0.63606151165722,0.606209204081593,0.646184904731083,0.626740209199035,0.629571423875766
2021-03-20,c36e1f4fa755ffb4,dcfbbebc0aee6ded,9cdd2da1a9104a0b,c7d297714d9ab1a4,Macy Chiasson,Marion Reneau,1,0.840616132312974,0.821993149079616,0.778084148944147,0.817385188902158,0.79175699602117,0.819548748033056,0.776010624985252,0.82094346112356,0.76434095957211,0.818714359306946,0.785374165235824,0.815182529994436
2021-03-20,c36e1f4fa755ffb4,9e45cc594a5a2506,c62fbc117d57b943,f703250471acaf96,Tai Tuivasa,Harry Hunsucker,1,0.552913371541544,0.548364220378053,0.53969962816432,0.54897932531618,0.543675259124299,0.547552548967772,0.539083945636287,0.549068412185747,0.53796428166859,0.547055342230687,0.540519788816845,0.547871036974446
2021-03-20,c36e1f4fa755ffb4,afc86d1076c4c3a9,0232cabbc30a2372,93b62c5f2ba18e51,Adrian Yanez,Gustavo Lopez,1,0.585328996872354,0.545813997978322,0.537602321237115,0.567548095427741,0.560269222629252,0.550376294041757,0.541409812118294,0.541298078030315,0.531940255782685,0.562342855502441,0.553715296102596,0.571685848184839
2021-03-20,c36e1f4fa755ffb4,dd7f3f91ea6067d4,1235b31de15d0c6e,4959f10a62f3fec3,Montserrat Conejo Ruiz,Cheyanne Vlismas,1,0.449923470094207,0.452917172606232,0.461354274522367,0.454989520096998,0.459867920705133,0.453186257653532,0.461524458394147,0.452028593864484,0.462886607544952,0.454275377951861,0.460627796991619,0.455351320843761
2021-03-20,c36e1f4fa755ffb4,edac9fd482177a64,32490e80ddab1e5a,b0d6a1d8ac3d563d,Song Kenan,Max Griffin,0,0.526868893965696,0.507241130314505,0.50593791113172,0.508889295135788,0.507921596590964,0.507151191813654,0.505871986038863,0.504043596039498,0.503124506144794,0.507700609755235,0.506626109534553,0.516524765781286
2021-03-20,c36e1f4fa755ffb4,2efbcd870f1f7bc7,3a46b268013afede,b1a3e0aca758b322,Kevin Holland,Derek Brunson,0,0.608681992102536,0.550571929399378,0.541515801789199,0.578853589894543,0.570388780261371,0.560032571854103,0.549370383441782,0.548012591026518,0.53714533473505,0.57278491118247,0.562743223851454,0.58789765217942
2021-03-27,6597b611f1c32555,41622791b276ad9e,46d0a888d87d91ac,8e9eb3fc86db0f7d,Abu Azaitar,Marc-Andre Barriault,0,0.457508968031576,0.402036118147015,0.419327870949079,0.449592791259094,0.455049725812341,0.417653922029778,0.432184527560042,0.393217955129844,0.416975744320299,0.441272988423784,0.449407881884903,0.456165308271069
2021-03-27,6597b611f1c32555,2220b73ece1730c3,4cd8b03aee1d0138,a0e6753c42698f13,Shane Young,Omar Morales,0,0.504304635055896,0.515897525952323,0.513037516792495,0.51666462480838,0.514851305620057,0.514463815825338,0.511877342983453,0.521894700509493,0.516922352151552,0.513819414046582,0.511891672120682,0.510066975635264
2021-03-27,6597b611f1c32555,6002c24f0b7f8cc7,0d65c432720accb9,476fe566d2df676e,Michal Oleksiejczuk,Modestas Bukauskas,1,0.640609774129782,0.641145155536448,0.616774751572411,0.608750851943252,0.59722896797911,0.62528121712053,0.603584975500696,0.635257165018051,0.605568388969477,0.608894234432954,0.594088106601393,0.617146915469803
2021-03-27,6597b611f1c32555,4b3af85b0df51d09,029e1293e609fd74,c730a0be691dc081,Abubakar Nurmagomedov,Jared Gooden,1,0.444048883597322,0.474796048306004,0.479326852306279,0.45228572398956,0.457454231024374,0.466688941213503,0.472635030575102,0.472392533883276,0.478659020595112,0.457642673896706,0.463531041928736,0.451362916141249
2021-03-27,6597b611f1c32555,48292a027df02443,78a68f1dade6aaf7,a495f599e787614f,Fabio Cherant,Alonzo Menifield,0,0.538860946153286,0.516006725977097,0.513127091416129,0.527002280124439,0.524067080472877,0.516490757536796,0.513542188791987,0.50733839160809,0.505670524813175,0.520274987396714,0.517448054165296,0.530786397247435
2021-03-27,6597b611f1c32555,390694c179f05c7f,78e501478a36a018,af9f42e6894047fc,Khama Worthy,Jamie Mullarkey,0,0.520081877872993,0.503296852237508,0.502703453649024,0.511458407443286,0.510211179056526,0.508349782473036,0.506856228044804,0.50963028250176,0.507441671144933,0.514510257175042,0.512486230578976,0.514691320879311
2021-03-27,6597b611f1c32555,8317208cfb030ed3,38c7f72747f4f712,f29a6350c69f4a33,Gillian Robertson,Miranda Maverick,0,0.465679137688689,0.427022857117691,0.440018062082855,0.429471049601068,0.437063955077468,0.420141757886521,0.434245063457983,0.407139650064545,0.427910362070667,0.423142917681987,0.433732274206304,0.450007452628826
2021-03-27,6597b611f1c32555,0aa335dbc4cb3473,2b074403b7c6cdb4,b50a426a33da0012,Thomas Almeida,Sean O'Malley,0,0.271304176811946,0.245933531269155,0.285212408506537,0.275065490130385,0.296596283883415,0.248502079488973,0.287277138540586,0.224567223190493,0.277366368698142,0.262302177523155,0.291164506584772,0.284951866568095
2021-03-27,6597b611f1c32555,39d188fa9b95d550,6d4b63c767106d3a,effd9de9937996f8,Vicente Luque,Tyron Woodley,1,0.620907135917325,0.576970729674829,0.563281136513957,0.577347373129208,0.569039739057588,0.570749799486284,0.558219936773326,0.570246639668463,0.554424377297527,0.5724066395017,0.562415940071327,0.592835349944144
2021-03-27,6597b611f1c32555,b1eff235241e719b,8d03ce87ca14e778,d28dee5c705991df,Francis Ngannou,Stipe Miocic,1,0.624046884992879,0.649878939672145,0.624145158909828,0.632840416160913,0.618962010861945,0.647296838237591,0.622119695785614,0.648039332163848,0.615781212165549,0.639332512955798,0.620713812629511,0.62127251000388
2021-04-10,9114c8ded5ccd71d,3209bcfaf95de90b,257b0c8d6f199895,a6c20202c701e5ca,Impa Kasanganay,Sasha Palatnikov,1,0.571079699363497,0.599054891595925,0.581578390795542,0.604110064134735,0.593054034409252,0.60677186055497,0.588111400311942,0.593128803903993,0.572300024822078,0.606740140066888,0.592211700239276,0.583124040573116
2021-04-10,9114c8ded5ccd71d,cd5d9828b278181a,5da33b8fbfa5ee95,74f9448b97bf8bec,William Knight,Da Woon Jung,0,0.40564166255723,0.442113400449048,0.452462818579387,0.434424689788572,0.441495234421085,0.442885341334123,0.453036316069979,0.44579556835556,0.458049946456494,0.4383410112697,0.446875503258166,0.425127989227043
2021-04-10,9114c8ded5ccd71d,93a1cd50374397c0,12e0fdc606f7e274,ebef46976554f975,Luis Saldana,Jordan Griffin,1,0.544022375734292,0.50727749043633,0.505967728733106,0.524509142409043,0.521844180396748,0.509693523760622,0.507959693533688,0.49922919091966,0.499404397151303,0.517988111667991,0.515479567327656,0.531923199342206
2021-04-10,9114c8ded5ccd71d,1fee9eca658d9808,2af2f2e26c4c0402,b8a85389d115e35a,Hunter Azure,Jack Shore,0,0.324622304389161,0.34642918469414,0.372731196879896,0.348265554763407,0.363908584613486,0.345125786426608,0.371463444778253,0.3493895972965,0.382156629336276,0.347511636952771,0.367704317353846,0.345819383907695
2021-04-10,9114c8ded5ccd71d,444f0a732695dc81,1eff7bc0f815b270,8614b7134913f5d5,Yorgan De Castro,Jarjis Danho,0,0.562278830106388,0.508574432554397,0.507031317668995,0.534350487533147,0.530620320546473,0.514121166418608,0.511595918046903,0.493827514485711,0.495230434965708,0.526858206537617,0.523115863495333,0.545031051719997
2021-04-10,9114c8ded5ccd71d,7aebf01b5afc0109,c21a036b4e012f1c,e4a47b07044ddd72,John Makdessi,Ignacio Bahamondes,1,0.366211202618185,0.343099615913187,0.369909796972276,0.360403281454837,0.374921903745556,0.345888612776035,0.372110381460817,0.331302553632101,0.367567716271673,0.356106247608763,0.375276222500875,0.370959116760379
2021-04-10,9114c8ded5ccd71d,998296216e7171ed,72db2a14ffa73ece,df1eb4354d18a906,Mateusz Gamrot,Scott Holtzman,1,0.59275200285349,0.653514606831782,0.627221208684198,0.62095623569941,0.608226760902635,0.647131731191545,0.621980102942593,0.666159232205466,0.630375887401027,0.628284249350352,0.611023733793082,0.601230227998546
2021-04-10,9114c8ded5ccd71d,e27c28928ed4390f,af65aa688d13eedf,d1941565abf50b16,Joe Solecki,Jim Miller,1,0.748908245998329,0.705501400185148,0.671810720282877,0.715189481147266,0.694337081478276,0.708344280661003,0.674500095930613,0.697320472374976,0.655853723300341,0.713841148745532,0.687089410481036,0.719914508333477
2021-04-10,9114c8ded5ccd71d,ac9a8b73e58f3d71,8a1f3b5c526cd6e6,f2b6fdb20675b11c,Daniel Rodriguez,Mike Perry,1,0.463203216214677,0.449989763146359,0.458946324906286,0.438274319015588,0.444937253063917,0.441471116754893,0.451869996643482,0.453679821169156,0.464167103621655,0.438794608110346,0.447267341207069,0.453209759183334
2021-04-10,9114c8ded5ccd71d,0992795fd0fa06d0,7447e9f28508106a,d343df8ba11f4c4e,Mackenzie Dern,Nina Nunes,1,0.665032765569147,0.615395476254909,0.595185392351978,0.63044414997112,0.616795130848197,0.618897698886789,0.598238128950855,0.607951740737518,0.583945352401377,0.624644041861624,0.60783773668621,0.639034837962527
2021-04-10,9114c8ded5ccd71d,646eeca9447c6965,d0e1b42d41dab603,d156513a19acf856,Julian Marquez,Sam Alvey,1,0.498751914089458,0.475422421325457,0.479840899932465,0.469261062538871,0.472600818373236,0.464040176853145,0.470456714996719,0.45704261887479,0.466773920248812,0.46186752827327,0.467172449542447,0.484456513632534
2021-04-10,9114c8ded5ccd71d,71b81d8199a0fa19,040a74bb0a465c54,94426bb170c88115,Arnold Allen,Sodiq Yusuff,1,0.522559948066109,0.516818638611106,0.513793100380746,0.515407769008394,0.513731059381004,0.513857238816849,0.511379151357766,0.514856380629637,0.51148085770436,0.513365419497186,0.511500958476222,0.51773843825819
2021-04-10,9114c8ded5ccd71d,ddd63237f1b857a6,3a46b268013afede,7acbb0972e75281a,Kevin Holland,Marvin Vettori,0,0.465705703380839,0.388761511989352,0.408282413953104,0.430984043922887,0.438417670224515,0.390363735662691,0.409499788959532,0.350610565348074,0.383136264678651,0.413782598253957,0.425621769916764,0.4507631805025
2021-04-17,4a35913bd9aa4161,24ff385ca78c80d3,601964f9654f911a,c5a126ace82a6025,Tony Gravely,Anthony Birchak,1,0.724670151838823,0.751117194456461,0.712132279218285,0.728461576793671,0.706694680262293,0.750298829078098,0.711643916039775,0.758729707135348,0.707919631261729,0.737025739878266,0.708218808470485,0.714935671962767
2021-04-17,4a35913bd9aa4161,8d634c9240f161dd,3033c1c080672475,d2cd7a69cc55e7ed,Dakota Bush,Austin Hubbard,0,0.460439337540135,0.446196458107046,0.455824736807546,0.457922814395885,0.462485934841388,0.446385934978711,0.455922223050649,0.443349576232381,0.456150503097257,0.449521874325933,0.456527772148213,0.461557158998065
2021-04-17,4a35913bd9aa4161,627c0a50cff30405,6ac9bc2953c47345,e17ac6410c8377f4,Gerald Meerschaert,Bartosz Fabinski,1,0.335292309581926,0.328041954993713,0.357096315989734,0.340660425135111,0.356989874596984,0.330131708894265,0.358701868427124,0.324985010416965,0.362435681233888,0.336138479211741,0.357650078848076,0.347065672564493
2021-04-17,4a35913bd9aa4161,25d4376e00b16510,8e5d953bdb9ae5e7,c742287ed86a09bc,Loopy Godinez,Jessica Penne,0,0.739898999952451,0.702900999474033,0.669549730301898,0.700037277574758,0.680311105344586,0.702595356585332,0.669492549487783,0.701849981523972,0.65960275869783,0.698752030644943,0.673475872596214,0.708249003959382
2021-04-17,4a35913bd9aa4161,fdfe4e7cb2d0b665,c0badf3243907e59,ccf5dc41417e9daf,Alexandr Romanov,Juan Espino,1,0.537953398157944,0.521896401030892,0.517958957351112,0.537880392744753,0.533769278361911,0.526678721708625,0.521912722355922,0.527947428846523,0.521603995230071,0.537672359135818,0.532431055152869,0.535668388924961
2021-04-17,4a35913bd9aa4161,a33ecd2c88154890,2844b047183a1adb,f8f1ec513bcfef43,Luis Pena,Alexander Munoz,1,0.651413074574202,0.623580466156847,0.602026883081314,0.615768581282462,0.603549129635592,0.618787191206413,0.59814566679969,0.623135301073744,0.595938987883839,0.616295687387754,0.600542783058744,0.625575676238933
2021-04-17,4a35913bd9aa4161,0b2c3c4306620d6d,68d4a891e5cf2029,928ae2e5b5f7a9ec,Tracy Cortez,Justine Kish,1,0.805575965995494,0.777045451748355,0.735712846385435,0.777459636698055,0.753008418929162,0.78132003777808,0.739923463552414,0.777845740424474,0.724782785431738,0.781181302540057,0.749317351369098,0.777978658167721
2021-04-17,4a35913bd9aa4161,a850ba762f3c5334,d4270315cbcf2569,eae431e70064e046,Jacob Malkoun,Abdul Razak Alhassan,1,0.535659687856074,0.590312001327153,0.574323167668908,0.58159396150953,0.572843884177068,0.59244456389533,0.576191409201074,0.611837915285622,0.587008409931719,0.586119277531107,0.574293138275719,0.556048212684034
2021-04-17,4a35913bd9aa4161,f2c82f027201ba21,01b352b6a9074d5c,3738e68d2261e60f,Chase Sherman,Andrei Arlovski,0,0.442140731245003,0.459425637301056,0.466704775386784,0.474444780230469,0.477223157882544,0.469090040967919,0.474609234015284,0.479439350829594,0.484109216413542,0.475502444260759,0.478916747256422,0.46125607119521
2021-04-17,4a35913bd9aa4161,f67aa0b16e16a9ea,8c0580d4fff106c1,e1147d3d2dabe1ce,Kelvin Gastelum,Robert Whittaker,0,0.334288323683011,0.340740405403434,0.367908126518201,0.34723773663092,0.362974377976034,0.337524829982938,0.365005251135561,0.32408701468824,0.361704567889761,0.341258148346788,0.362181073930155,0.349822709643369
2021-04-24,27541033b97c076d,a3cde349c8e018fb,c0d5c0c95c59050b,ec0dcceace7d25a3,Ariane Carnelossi,Liang Na,1,0.273951412493493,0.290147476022441,0.324397855877704,0.293112445011538,0.3133581212709,0.290414903076877,0.324416744164769,0.288387274049761,0.332272730232149,0.294411214592403,0.320368486820889,0.295094777289115
2021-04-24,27541033b97c076d,b5a8323de18f7e95,008ea710276c9606,7d420039bbfe7c1a,Jeff Molina,Aoriqileng,1,0.556826713492964,0.556482385974944,0.546380746767829,0.559128986662152,0.552741773350855,0.558553902009866,0.548150638751662,0.557955144051488,0.544863030042915,0.55888339803259,0.550727167177042,0.5545961743125
2021-04-24,27541033b97c076d,c3b8d8e7d256c307,a13d755965a4ec9f,ec18eb918121787c,Rongzhu,Kazula Vargas,0,0.775335575298153,0.763957560233438,0.723741715046855,0.76444936092148,0.740592922271929,0.768489147149275,0.728130384575466,0.778407422271478,0.725283952755844,0.766388940800668,0.735408659103809,0.75677831192235
2021-04-24,27541033b97c076d,eb5d62bda1581c62,0c258d1d8e16e5f1,3b0a516d2921e0d6,Kevin Natividad,Batgerel Danaa,0,0.413106214591805,0.417049115082792,0.431773401298235,0.440412340360916,0.446848300117555,0.424444890476961,0.437806559941841,0.41869376444545,0.43694954151221,0.436459376884738,0.445249812523426,0.431458158266027
2021-04-24,27541033b97c076d,6a7347d1da8a2b87,2ebfbe72ed703925,b8bbdeff718dbb7d,Tristan Connelly,Pat Sabatini,0,0.495162345645346,0.48284842057635,0.485933782656924,0.485445410525491,0.487029366222335,0.488300406960589,0.490392873232958,0.490557497010026,0.492703446987295,0.491082849895189,0.492327045679414,0.49071899983654
2021-04-24,27541033b97c076d,f5dd0a24a7dba53c,2f181c0467965b98,37d5b176d438d2a5,Brendan Allen,Karl Roberson,1,0.542665309721944,0.512556701831029,0.510297288470281,0.526437227181728,0.523563254249454,0.512184923840595,0.51000570679939,0.496633848029345,0.497398965166421,0.520957366935222,0.518035465622348,0.532242476150582
2021-04-24,27541033b97c076d,c5dfce1eaa2dc169,348dff4e03bd18c6,8be158ca1e5ea6a0,Stefan Sekulic,Dwight Grant,0,0.56321188451907,0.607701988916303,0.588770845233605,0.601402704310457,0.590620041919188,0.61436659045632,0.594449612079536,0.618636877081774,0.59237817637878,0.608841041711619,0.594041759707416,0.578242999296816
2021-04-24,27541033b97c076d,512af32553d9bd70,57b10fca4f9c9a7a,c6aee362c7a7d482,Alex Oliveira,Randy Brown,0,0.489430836399893,0.480678739898653,0.484153853226867,0.481688567929922,0.483680822089556,0.474191477952014,0.478802442382273,0.457553918922234,0.467170167040802,0.476573530363996,0.479838911331909,0.486289366957327
2021-04-24,27541033b97c076d,00bbcd4a6d647fdf,70e1f8a821b72c8b,d4c9dcd330403612,Jimmy Crute,Anthony Smith,0,0.697096904405244,0.679458361341112,0.649321403418359,0.661763492048294,0.645218369298299,0.668761017245819,0.640352651986019,0.674538625504764,0.637176648689813,0.660846667802794,0.639680703483,0.669274866805191
2021-04-24,27541033b97c076d,1820fed0fbcf6294,3a8176e15b9887c1,65578a75fa7900e3,Chris Weidman,Uriah Hall,0,0.715622112345373,0.761057129570533,0.721108049402137,0.717060232218285,0.696074706975581,0.750319764420471,0.711662744626908,0.774232440644073,0.721566825441953,0.728512058018147,0.700427932619644,0.705037936415813
2021-04-24,27541033b97c076d,34d2632fd26e7078,132deb59abae64b1,6a1901c62ab3870f,Valentina Shevchenko,Jessica Andrade,1,0.56188712878285,0.475913893296869,0.48024422329335,0.511823266374482,0.510536348284827,0.478225839383054,0.482117515755159,0.439634041691866,0.453263539158256,0.49744964452676,0.497805547042627,0.533929407680028
2021-04-24,27541033b97c076d,6d8da45352344964,1ebe20ebbfa15e29,47b63240018d5d86,Zhang Weili,Rose Namajunas,0,0.411608927036646,0.355950417791344,0.380777120388438,0.382879180703085,0.395232051180943,0.354450634511056,0.379357258732334,0.327497294703017,0.364478910242883,0.372422446743653,0.389595034941714,0.402636081793564
2021-04-24,27541033b97c076d,6a5eb525331fa1fc,47b9e0e7703a4868,f1b2aa7853d1ed6e,Jorge Masvidal,Kamaru Usman,0,0.156539757656757,0.206297761909498,0.248829079653719,0.207183392728421,0.232210490910775,0.21445622686433,0.256162209313324,0.220453073651327,0.273698263100596,0.211901341150136,0.244124108419797,0.195062451800625
2021-05-01,d57e6a8971b6d2bd,3d790112d2e6d851,96428b9e9bd048ea,dbac0a413af64bbe,Luke Sanders,Felipe Colares,0,0.484444149738372,0.465723258254876,0.471878396814497,0.458284015346787,0.462808274960243,0.460182684594436,0.467283372196086,0.47060670732817,0.477277305249833,0.458979452439726,0.464683353804251,0.472612816873616
2021-05-01,d57e6a8971b6d2bd,78dc032441394331,79325a3c1a5c3bf4,9cd047a828dd7515,Andreas Michailidis,KB Bhullar,1,0.614848419620337,0.623127325503337,0.601647636255399,0.607003227687247,0.595656361364474,0.622362247691228,0.601138626584806,0.625144422101205,0.597531490002039,0.614277517297381,0.598781613921651,0.604404622059333
2021-05-01,d57e6a8971b6d2bd,d6b5a6ad27a730ae,4e30e4250cb08b61,e94085e821bd81de,Loma Lookboonmee,Sam Hughes,1,0.680116809657497,0.669874978235354,0.641125582223166,0.659410557562559,0.643074770521522,0.668316825387541,0.639973507573364,0.672625168169813,0.63562061454055,0.661522757881015,0.640279027553728,0.660127301743938
2021-05-01,d57e6a8971b6d2bd,2ef09c8fe29251ac,528b071cf3da7c56,5c126c6aac3ef364,Luana Carolina,Poliana Botelho,1,0.508209587342215,0.560168701111746,0.549417131194697,0.538673587322025,0.534476964896362,0.557199779951873,0.547033876883045,0.57535742766092,0.558407660398493,0.547028914121656,0.54049699630913,0.522573422359306
2021-05-01,d57e6a8971b6d2bd,d72f9b3ac742a9e3,d31cbcdd7d69536d,eee0ef3e2b14816b,TJ Brown,Kai Kamaka,1,0.515729803660342,0.54116149421146,0.533777733964781,0.522411712568718,0.519974270929012,0.535757074958726,0.52937652837552,0.540237639806969,0.531118653331032,0.527340028239461,0.523530762628,0.518048723541953
2021-05-01,d57e6a8971b6d2bd,c9c79de21823d941,4a57ebb14315b251,a3a542074109b347,Randa Markos,Luana Pinheiro,0,0.301715605652292,0.301278939678764,0.334077129939321,0.30899868043971,0.32801487866489,0.304296248796643,0.336487386248768,0.304847533153748,0.345936319625046,0.308918968610058,0.333407424556183,0.315934910993799
2021-05-01,d57e6a8971b6d2bd,26202a4bd36d3fd2,bf7ad5628363eec9,c03520b5c88ed6b4,Cody Stamann,Merab Dvalishvili,0,0.414623932950571,0.43446526731709,0.446159694930544,0.431851391659727,0.439193601840286,0.430113598421808,0.442493619358665,0.421142680479657,0.43886168258315,0.431839525102824,0.441256602606705,0.428000950535732
2021-05-01,d57e6a8971b6d2bd,ffd8e8575a551875,0d8011111be000b2,4e06913c91da5200,Sean Strickland,Krzysztof Jotko,1,0.69193887721159,0.730260633454463,0.693531524989843,0.681517313133466,0.663274831205164,0.718680562449724,0.683549609128008,0.755868585367232,0.705426300480359,0.694135688213204,0.669330666368393,0.67644619501506
2021-05-01,d57e6a8971b6d2bd,2f82e8079ba354f4,9560ff14eb3129f7,d247691a6c0e9034,Giga Chikadze,Cub Swanson,1,0.682988888784942,0.679103201841299,0.649016949089743,0.670007302401644,0.652740425404835,0.681295555081688,0.651086225327493,0.685933236724375,0.646482277008642,0.676405930088246,0.653489030441635,0.66663670691461
2021-05-01,d57e6a8971b6d2bd,394802bb096b403e,009341ed974bad72,2e19380f34871c6a,Jiri Prochazka,Dominick Reyes,1,0.407125071889543,0.388800636974506,0.408315031416857,0.421568039946075,0.429988878858851,0.399846472698841,0.417400603013345,0.383937597944608,0.409656794990994,0.415982740264028,0.427529335275282,0.419571538475794
2021-05-08,58a36b4ccf5dc30e,37fda56a435a9b24,a53d30163304aa6e,ae071698e1a3ccd4,Carlston Harris,Christian Aguilera,1,0.436672097526095,0.407926642158063,0.424216473189786,0.410880352469153,0.420408996306076,0.400956438775103,0.418324044593358,0.395830963266682,0.419032018215019,0.401810732185543,0.415227910623914,0.427768952962775
2021-05-08,58a36b4ccf5dc30e,8a95f0e3f9111f0c,285ae0b4a68221f4,6aae253467e8f9ce,JunYong Park,Tafon Nchukwi,1,0.317366325484603,0.274099384492276,0.310320187304695,0.298348889044166,0.318198939644357,0.275409270793459,0.311247908582142,0.256331205005536,0.305122912238674,0.288335794357339,0.314880982673749,0.317821008167444
2021-05-08,58a36b4ccf5dc30e,4ffbadfb86284af5,5b86d491d63890c5,5bf31a46becc1204,Ludovit Klein,Michael Trizano,0,0.611021058260157,0.631163141162496,0.608381913273137,0.621171857453798,0.608421291648165,0.635159909725616,0.6118827650385,0.655201126576682,0.621532368515099,0.625882724974627,0.608921503124746,0.609601671671851
2021-05-08,58a36b4ccf5dc30e,00fbeda449926c13,547afe1017e72dbe,d6c0cdd7e467c440,Phil Hawes,Kyle Daukaus,1,0.444785404159072,0.385896296454998,0.405892697824793,0.423467565727794,0.431690049730325,0.391441099799365,0.410398507551689,0.36324078553942,0.393234748189803,0.410650945194666,0.422905235168626,0.437621184964483
2021-05-08,58a36b4ccf5dc30e,295a0bf12a7373c0,84ff027394f7e470,f53d4f21d1b5f2dc,Gregor Gillespie,Diego Ferreira,1,0.563704659014116,0.605256421471195,0.586734899459913,0.569682629857397,0.56217879062752,0.596875665585208,0.579873148230238,0.612627001525413,0.587630903460602,0.577397858511936,0.566735945320598,0.562871279704649
2021-05-08,58a36b4ccf5dc30e,3f71ac21472f994c,068f8a189a47fea6,ab943cd2c3c17825,Maurice Greene,Marcos Rogerio de Lima,0,0.343859016681499,0.364772477521681,0.388204591373627,0.36907548943217,0.382770586735914,0.366384922771897,0.389416803090568,0.364182225135274,0.393985003959256,0.368652671893817,0.386292868652698,0.36489367344569
2021-05-08,58a36b4ccf5dc30e,178c4926223dca0c,84b3e7d38f2d2ec5,b997be68943010fc,Neil Magny,Geoff Neal,1,0.557676951670802,0.561172009283753,0.550243851450291,0.56490698876132,0.55790710651053,0.564930207577123,0.553412488207449,0.564014875051665,0.549573718415697,0.566558841403815,0.557358720641857,0.557802680038263
2021-05-08,58a36b4ccf5dc30e,db2c805201a3116e,1d00756835ca67c9,cdb96af67d096b1e,Donald Cerrone,Alex Morono,0,0.585548287883803,0.627150760353478,0.605017032365138,0.600836011845435,0.590110714229872,0.62606916477087,0.604245761563732,0.642451770300651,0.611308946038055,0.613957689011925,0.598502594771547,0.588042448642857
2021-05-08,58a36b4ccf5dc30e,b948102c6205af63,cd2c4d30c6e13b47,eb04b9d31e938edb,Marina Rodriguez,Michelle Waterson-Gomez,1,0.551220941372023,0.524845160319416,0.520378694611572,0.532075984534684,0.528591620374154,0.524073399587168,0.519771688675881,0.518835498107917,0.514556927794499,0.529631845947319,0.525504417812229,0.53887958400593
2021-05-15,744f50016c39c26c,de332779baa1b103,bd5403efbaa445c0,de45aaae23dfa392,Sean Soriano,Christos Giagos,0,0.091418702563399,0.0738346810956148,0.111651599875689,0.0559598538145558,0.0746135892297347,0.0563822793538133,0.0900103679503977,0.0572246973885258,0.102939847820245,0.0553194793219052,0.0800467742513847,0.0818549300989688
2021-05-15,744f50016c39c26c,1f2f27b36e79da74,7832f2f62f04178f,cf946e03ba2e7666,Tucker Lutz,Kevin Aguilar,1,0.57812328042426,0.560604359739562,0.549776095056948,0.562449207920494,0.555709558008786,0.561286158940515,0.550404682173454,0.557981495295053,0.544883502776253,0.56033164916634,0.551977943636362,0.565913257775747
2021-05-15,744f50016c39c26c,bfd672cac0726a9a,016a8d958883167c,b1e5bcaad32a3cac,Gina Mazany,Priscila Cachoeira,0,0.765992977841498,0.747735433688865,0.70909552719711,0.739190871927283,0.716738233961291,0.749544581716056,0.710965784133688,0.756347359440772,0.705843002540351,0.743467886758954,0.714140293270442,0.739846020920567
2021-05-15,744f50016c39c26c,2b894d87ad9aae05,05fa626cb33d15b8,d7338bcb141abd2c,Andrea Lee,Antonina Shevchenko,1,0.599861244222741,0.615843468520347,0.59555938097544,0.610424634879339,0.59873560649097,0.615014529670199,0.594991030023551,0.618291809207291,0.5921052997589,0.610628166049476,0.595599202219351,0.59924647875407
2021-05-15,744f50016c39c26c,5573d46130d6b967,830f60497fab345a,c878270af633eb11,Jamie Pickett,Jordan Wright,0,0.503794220968084,0.541623259134728,0.534157237615838,0.517815218710476,0.515876873570904,0.538302638477951,0.531470442623226,0.555466459816735,0.542929981024009,0.523627512869292,0.520334175448558,0.510395989786577
2021-05-15,744f50016c39c26c,be2e28ba3bdeb400,56fcb2c4d99f9d1b,f9b200db02b488d9,Mike Grundy,Lando Vannata,0,0.546975456932852,0.581513457712327,0.567037295477297,0.556714588279113,0.550584271890861,0.579077944715528,0.565108885548246,0.591917792956188,0.57135109505542,0.565041889849766,0.556047541477307,0.54894745905449
2021-05-15,744f50016c39c26c,ca22bafab913aae7,7a703c565ccaa18f,886264a0c9f4ea5e,Jacare Souza,Andre Muniz,0,0.477385454378921,0.49305994523282,0.494308989093293,0.463462737951772,0.467428980206235,0.478289902488369,0.482170150516972,0.483780272553306,0.487465276464499,0.466016039717177,0.470746865563771,0.471943856011962
2021-05-15,744f50016c39c26c,6655a8da2655f2d0,64a50dad704d1d49,98d961097baaf308,Edson Barboza,Shane Burgos,1,0.554055740572421,0.602049747589751,0.584067478436719,0.572945826510657,0.565098989756844,0.597178651689082,0.580125047745226,0.604843447431988,0.581498519802788,0.582427811922446,0.571093049677127,0.560095597855898
2021-05-15,744f50016c39c26c,8cb4e3f056a84b0d,36541f1e6c5d4955,e872e9a9a902c045,Viviane Araujo,Katlyn Cerminara,0,0.498647364169129,0.484497850528878,0.487286799335302,0.487578017419933,0.488930059388166,0.48190071397538,0.485136530222008,0.468278497696271,0.475475587357368,0.484088560683619,0.486307835151637,0.493338555251621
2021-05-15,744f50016c39c26c,cfbaeb80b5ff7c00,08af939f41b5a57b,22a92d7f62195791,Beneil Dariush,Tony Ferguson,1,0.674857564174655,0.640214603598,0.615990989940721,0.655414981283876,0.639437941506905,0.643330066139953,0.618768510716715,0.627949964370052,0.599757545552284,0.655731599259017,0.635158687571133,0.655725732683062
2021-05-15,744f50016c39c26c,fef29aa73bd5b907,07225ba28ae309b6,4b93a88f3b1de35b,Charles Oliveira,Michael Chandler,1,0.792504057137767,0.767821048690997,0.727260491194683,0.761749199544451,0.738027671102603,0.765043980127143,0.724987776291984,0.764826211694393,0.71325818023003,0.762933986460007,0.732181670175271,0.7638373316963
2021-05-22,277ffed20cf07aea,82d48296fd06c27f,029afd138865d20a,135d124172a0bea3,Rafael Alves,Damir Ismagulov,0,0.314306713912429,0.34202897473611,0.36900167530798,0.33734472757225,0.353968810371201,0.338113912296121,0.365506562844835,0.339644224008632,0.374314493248438,0.335408209268352,0.357003083451199,0.335682252017375
2021-05-22,277ffed20cf07aea,d44a814b106b94ff,4a043165cf47cab2,9ada30894bf04e19,Juancamilo Ronderos,David Dvorak,0,0.392028605760306,0.393350995261804,0.412105945458751,0.398072767269001,0.408908481972145,0.389564901990632,0.408833230234257,0.379588677500889,0.406218009388688,0.392119154189384,0.406794761249901,0.401220257971277
2021-05-22,277ffed20cf07aea,c7cf2194fe5c751f,0a73acff6325c1e2,6751eacd16bd59bc,Shayilan Nuerdanbieke,Josh Culibao,0,0.552367802080914,0.527572993318008,0.522617554138862,0.530921808981288,0.527562269819518,0.525785306381722,0.521178478639388,0.519379041455248,0.514977170040743,0.527128869305365,0.523348931200843,0.538841754713367
2021-05-22,277ffed20cf07aea,b381dc272b32ce03,294aa73dbf37d281,f6e5972c9d16c40e,Bruno Silva,Victor Rodriguez,1,0.569087580284983,0.519920748957567,0.516337979850039,0.512009990506327,0.51070276127705,0.506995464868174,0.505744110044559,0.496118378267776,0.497000654251552,0.505587091944344,0.504807453492415,0.537327190661181
2021-05-22,277ffed20cf07aea,e624d85a0d718578,523fa774700d7d3f,6f7c616b98e18c29,Court McGee,Claudio Silva,1,0.28082967715541,0.295586968036249,0.329136032940449,0.312066780498143,0.330835788866963,0.299724239680564,0.33252293334453,0.302350910816863,0.34387470393698,0.3050007503466,0.329894577523888,0.307578833230404
2021-05-22,277ffed20cf07aea,3627f5133ce55902,7a5e8c94a86f9895,bd58d34e39b7b12a,Chris Barnett,Ben Rothwell,0,0.546374451239084,0.540476093612584,0.533214469265624,0.557924242388177,0.551665153583206,0.544978230128031,0.536964242399067,0.527441730649774,0.521212759275337,0.55266928295377,0.54536284157708,0.549265947057172
2021-05-22,277ffed20cf07aea,7f8340dfe4220c3e,0a1942069c9ad6b6,4144798612ef96e5,Jack Hermansson,Edmen Shahbazyan,1,0.401549629054383,0.39183740545236,0.410845536398479,0.39706861925956,0.408005776662311,0.389435516871153,0.408725254400917,0.391881606104077,0.415923382160213,0.393116700665684,0.407663624413579,0.4050723103395
2021-05-22,277ffed20cf07aea,ae0afbff5ba07a34,1ae8f3c723aacff4,9abc648e76c4493a,Ricardo Ramos,Bill Algeo,1,0.586125729893993,0.555300945949766,0.545407964707154,0.580778574651848,0.572113282663234,0.563005064507614,0.551823243421186,0.551784248201518,0.540071458558354,0.573721484662841,0.563553637024167,0.578486995053724
2021-05-22,277ffed20cf07aea,138f719d370e8ba0,39d91e95949de3d9,d3f5d33d61cd00c9,Felicia Spencer,Norma Dumont,0,0.486928376094659,0.504166007208865,0.503416179582545,0.516114178825185,0.514360683856233,0.515561027202092,0.512778529933938,0.518847178384809,0.51456595828985,0.519211996837757,0.516533035518785,0.501914453801978
2021-05-22,277ffed20cf07aea,559c0c3d752f327a,2b68d9f125d07b42,e13abac8089a801a,Jared Vanderaa,Justin Tafa,1,0.345493271554603,0.343354613682182,0.370126022972139,0.36665308762918,0.380579825302258,0.34918638120612,0.374904700567189,0.338729153016332,0.373575964462419,0.361195513322278,0.379750028814059,0.364479401445358
2021-05-22,277ffed20cf07aea,16369fa06392f6a0,c41d426cc7326d1b,d910665038efc639,Yan Xiaonan,Carla Esparza,0,0.507623767859205,0.443399031048891,0.453521604152649,0.457322964401973,0.461950603458717,0.437302569472732,0.448430667142186,0.424096717937706,0.441166616060308,0.449456317434832,0.456471213620355,0.4826411501186
2021-05-22,277ffed20cf07aea,d16f7ab4e28171ea,05339613bf8e9808,d8c7c61b176e3994,Rob Font,Cody Garbrandt,1,0.584667690115446,0.569836575084983,0.557389245450008,0.554929581489396,0.548989510521659,0.563139194972352,0.551933954180146,0.576005547561421,0.558913149423687,0.553819597354173,0.546355558262282,0.56526329206817
2021-06-05,3b2485c8d5c8b580,58c5d506181812fa,ac026518a9b4dc0f,d747eb273a40a920,Jordan Leavitt,Claudio Puelles,0,0.621069792017572,0.662130149519919,0.634530287750703,0.634154637034991,0.620150933734496,0.657880564782569,0.631088287741464,0.675439320619563,0.637909741243172,0.64482009083629,0.625538864335491,0.620567960051677
2021-06-05,3b2485c8d5c8b580,73a83b2595416f0a,4682bc59d5f55145,52c2ae6d2f2d2613,Sean Woodson,Youssef Zalal,1,0.357697693453975,0.381901417447562,0.402557215203666,0.378215353394403,0.391025811226368,0.383625840456816,0.403872505938208,0.398822024974254,0.421383505872871,0.38200923746702,0.397977307424266,0.375756295002742
2021-06-05,3b2485c8d5c8b580,419d1e29668b57fb,34ff304266360297,d25240135aee03e5,Manon Fiorot,Tabatha Ricci,1,0.663341014197974,0.644475512735347,0.6195821344045,0.628144595808431,0.614716809994407,0.640641877335826,0.616500516568408,0.651523459698208,0.618576365039913,0.634668262835816,0.61661909972759,0.637131958340549
2021-06-05,3b2485c8d5c8b580,827aacd14f80e8f3,87a1dc546b1c5caf,c7d7fda69ec410d3,Makwan Amirkhani,Kamuela Kirk,0,0.454365143449431,0.451017443535014,0.459791749781123,0.44745098416616,0.453136932362736,0.450918711081938,0.459656964517147,0.454153555114843,0.464534416304277,0.449211109298311,0.456259659361917,0.453694146219516
2021-06-05,3b2485c8d5c8b580,23b943e9ce495f0b,447f9858ae78f921,a8283a4f415e1eb9,Muslim Salikhov,Francisco Trinaldo,1,0.640865122138102,0.650886771594577,0.624997381965167,0.636087794938497,0.621900448399909,0.648780520149325,0.623374529988593,0.654267043080886,0.620781026416554,0.641588850688134,0.622696731647721,0.630555653005508
2021-06-05,3b2485c8d5c8b580,0716a38768a34789,04c8b08b16a5b99e,e9a3aeb207578eea,Tanner Boser,Ilir Latifi,0,0.694233208720856,0.666465394680579,0.638219067711335,0.668614394317694,0.651468162492502,0.66938677686657,0.640886913526567,0.666825818917254,0.630915639350723,0.672579454859303,0.650085440842685,0.671228005245208
2021-06-05,3b2485c8d5c8b580,1a50d5c7e1e5c058,6551c64fbcd1a467,80d8aed0ca9b00f3,Ariane da Silva,Montana De La Rosa,0,0.283013262292032,0.284298261434524,0.319284339239149,0.306909895989714,0.326092635199948,0.289989319368801,0.324045038302139,0.273598986705838,0.319843241851832,0.303292597242844,0.328361178149071,0.306121326418263
2021-06-05,3b2485c8d5c8b580,9252ad2304fd9a26,866fd7b1a6c90e7f,d1c65d2cf2925ddd,Dusko Todorovic,Gregory Rodrigues,0,0.547652596757746,0.543832082147461,0.535972838720832,0.544982182522724,0.540106820734906,0.545101284547353,0.537065550897063,0.544813208907066,0.534664546927709,0.546924732173829,0.540407146800553,0.543533101284204
2021-06-05,3b2485c8d5c8b580,5c0e5d850d8e661f,6d1bffff14897645,82d4c957649faf9b,Santiago Ponzinibbio,Miguel Baeza,1,0.373585635555586,0.391588254724061,0.410638007957641,0.396669645734191,0.407647064942838,0.394468520613052,0.41292241761664,0.405598458189165,0.426702294466706,0.395082827177531,0.409375539381371,0.392060426463617
2021-06-05,3b2485c8d5c8b580,bb6438338bb8aebf,327d5f279895110d,a12a8314adc1c1c9,Roman Dolidze,Laureano Staropoli,1,0.574427506523048,0.525363682262306,0.520804237698615,0.537789572044472,0.53368825058234,0.524970124459871,0.520508568781578,0.508545180830614,0.506603103458938,0.532495442364384,0.527970869142725,0.552262252979161
2021-06-05,3b2485c8d5c8b580,f187c7ec92f43828,03f982ca3735070c,c9cf753cfdf77fc2,Walt Harris,Marcin Tybura,0,0.179632935629715,0.188792374983989,0.232282383710131,0.196737366895861,0.222071066072484,0.186457021826932,0.229763809992022,0.178860822744211,0.23547369932656,0.191439419839706,0.224499753617964,0.201979527751357
2021-06-05,3b2485c8d5c8b580,2c0cddd12deb7450,2cd428e9606856fd,441eacbe20e0e80b,Jairzinho Rozenstruik,Augusto Sakai,1,0.644830626309512,0.664415173277617,0.636473634026614,0.631898040132143,0.618109703451876,0.65239952713497,0.62643860428194,0.661782734599454,0.626837333249861,0.637765815593003,0.619337775531909,0.630333744061075
2021-06-12,0b64d0fed453ef7f,1b4d5dbf5f663a97,92fa1401b7927da3,a2ea77e974c5889f,Jake Collier,Carlos Felipe,0,0.397722621439332,0.39850203854051,0.416391275545233,0.399577883351627,0.410261252202812,0.394726271554858,0.413137198758571,0.391617222919948,0.415715122775249,0.397383024924105,0.411377369804496,0.404556511866265
2021-06-12,0b64d0fed453ef7f,dedb74ee9d84deab,1e4f273069fb9e85,2f1a257d6777096d,Fares Ziam,Luigi Vendramini,1,0.51664984031982,0.501620005079329,0.501328416488066,0.499744313126527,0.499772152422957,0.500469840281393,0.50038578667991,0.495417174446712,0.4964588197614,0.499857552528437,0.499877431371089,0.507432414633756
2021-06-12,0b64d0fed453ef7f,84cde29aebf6c00c,971246648e162f0d,b93c06d09d1c4ac0,Chase Hooper,Steven Peterson,0,0.680050384956188,0.673348740324772,0.644091802333808,0.674059790253497,0.656445022607004,0.6764380892265,0.646918589517399,0.679069689271263,0.640868803001629,0.675322839167667,0.652525108682627,0.667260347017052
2021-06-12,0b64d0fed453ef7f,d4ad90ac58429b64,809bd1a871491508,dccb63727f2f5f74,Terrance McKinney,Matt Frevola,1,0.591149857081092,0.607160911550213,0.588320271539144,0.594644514546674,0.584549121513526,0.606864975422209,0.588189023442336,0.621076772073264,0.59430870738136,0.59929439529945,0.585732817712892,0.587548024837155
2021-06-12,0b64d0fed453ef7f,34d38d77c1d3f00e,4c2d90e335e6df19,91dac5e69e28d5b5,Alexis Davis,Pannie Kianzad,0,0.291396331570395,0.235182654606322,0.275476272112692,0.271511444074922,0.293280126709037,0.235917752492402,0.275887761232891,0.201597037422968,0.256641700200426,0.255560553137828,0.284964634589497,0.292424498090887
2021-06-12,0b64d0fed453ef7f,d66164d2c770da68,2c9d00968f818270,76e2870ffafbe38f,Hakeem Dawodu,Movsar Evloev,0,0.368776977605326,0.370002331282823,0.392595978617134,0.381316791790155,0.393823402610011,0.371080445539108,0.393362340812612,0.360417856720633,0.390983090518653,0.379115998062421,0.395449834651293,0.382380871069439
2021-06-12,0b64d0fed453ef7f,34cb6e9952cd30a4,12f91bfa8f1f723b,729d4bd5a6cd0a97,Joanne Wood,Lauren Murphy,0,0.445006148678958,0.421873795251405,0.435763798868292,0.429399206153346,0.436999668922846,0.417682929166666,0.432208558963846,0.408570302893102,0.429031270204995,0.424226883027314,0.434670678855212,0.440628686971456
2021-06-12,0b64d0fed453ef7f,9127a6430e46292c,a17ad5a5048e8c3f,cad24459b28592ca,Darren Stewart,Eryk Anders,0,0.594601700916052,0.595343265172786,0.578496341946765,0.595013495687921,0.58488040532601,0.599725799773345,0.582243514495225,0.600899996262923,0.578398076727793,0.60047057753284,0.586755564621148,0.589299983066021
2021-06-12,0b64d0fed453ef7f,7d2051c6bae907cb,37ed1ab2f8b819f4,519e4fe37ce9ff75,Brad Riddell,Drew Dober,1,0.572051132127897,0.578311892352729,0.564389703686746,0.588340682368078,0.578892283309027,0.585166750518579,0.570153040301788,0.571689278765442,0.555548262147435,0.592540412578092,0.579864755461997,0.575791794907255
2021-06-12,0b64d0fed453ef7f,4560734220b96851,5444c5a201d3ee5a,eabf206b162b3b83,Jamahal Hill,Paul Craig,0,0.566003639787758,0.564591420202241,0.553062451176002,0.564059232898953,0.557149046988811,0.560846989717679,0.550042312627767,0.555050161467168,0.542606713261491,0.563129997456365,0.554395381502374,0.561171545124335
2021-06-12,0b64d0fed453ef7f,43dfb2c1e5fecac9,427b5953ac8e3a27,b1b0729d27936f2f,Demian Maia,Belal Muhammad,0,0.341444089839766,0.370187506512657,0.392751312402469,0.350652031464311,0.366076715836052,0.35670760601483,0.381263289549442,0.360111064435768,0.390738200574504,0.348620426445748,0.368682384443849,0.354803935808786
2021-06-12,0b64d0fed453ef7f,b070b8c2c489d838,8355922d564b152c,f1fac969a1d70b08,Nate Diaz,Leon Edwards,0,0.204475249014536,0.239796296171125,0.279665602972821,0.238694325296931,0.262393329753775,0.239645699453896,0.279274570669838,0.243609443079139,0.294119390086074,0.237641700645409,0.268355271084012,0.234867898161106
2021-06-12,0b64d0fed453ef7f,0f51869f98afa6c0,792be9a24df82ed6,aa72b0f831d0bfe5,Brandon Moreno,Deiveson Figueiredo,1,0.369108493449053,0.347017114089472,0.37322896772565,0.383547786735616,0.395834730236695,0.356141630586661,0.380785481198574,0.337616395549038,0.372677370962319,0.375605599812084,0.392380639104281,0.383620177319834
2021-06-12,0b64d0fed453ef7f,6cd44e1b2d093ea4,1338e2c7480bdf9e,7acbb0972e75281a,Israel Adesanya,Marvin Vettori,1,0.657193849611452,0.68137190048515,0.650962729730079,0.654448783078016,0.638559100893215,0.669681141334826,0.641138292331465,0.67639620627328,0.638689023065984,0.658479960933704,0.637587373687742,0.6470700848282
2021-06-19,9ddfb3369a3b0394,d684d8b02ab53031,04835018f90b118c,e99821959a840bb8,Casey O'Neill,Lara Procopio,1,0.654692141591117,0.626189306656863,0.60421144352748,0.632988860640385,0.619096284472772,0.629898345166042,0.607459563580342,0.619951746478604,0.593418310276532,0.634772944885989,0.616710936538413,0.635432961869263
2021-06-19,9ddfb3369a3b0394,1e9f081a84e7ec18,814ff3018127e8fc,ae7fe94f117f98cf,Ricky Glenn,Joaquim Silva,1,0.593579169449488,0.627622374273173,0.605412290436211,0.601429323320687,0.590643967578039,0.622377694244487,0.601151565790532,0.636678915406941,0.606701246678207,0.610034243845153,0.595081537973777,0.591976588551432
2021-06-19,9ddfb3369a3b0394,e8fd128286788a6d,2c5a0b8317f8f27a,b5da8f7d05e85a55,Roque Martinez,Josh Parisian,0,0.394736450640945,0.38441588871962,0.404657139614787,0.402144925433091,0.412567663828736,0.388228800141421,0.407718010149565,0.369944514362428,0.398570046406557,0.397848994090402,0.41178277209507,0.404445528848737
2021-06-19,9ddfb3369a3b0394,87c8e086c29ae543,2558ae2e5671e318,4aa58269d0664b5b,Khaos Williams,Matthew Semelsberger,1,0.571862436010506,0.61762890743849,0.597050413803159,0.605634350034491,0.594424921983343,0.619987391643349,0.599150056519439,0.621830184830414,0.594905222169856,0.613016313250291,0.597681463099942,0.58423085872036
2021-06-19,9ddfb3369a3b0394,53ed3f8f653b37b2,7dda2cf308f24a02,e0b0cf71e0d69dd0,Virna Jandiroba,Kanako Murata,1,0.510925489321644,0.535556287721902,0.529172520327277,0.505830537975955,0.50519575490134,0.524329396023795,0.519982048427883,0.533897241258041,0.526208527342661,0.511792246818393,0.51014710255235,0.507795801549303
2021-06-19,9ddfb3369a3b0394,744627aec853874e,8c57c7b8c3bab0eb,c2a670b22d2e196f,Nicolae Negumereanu,Aleksa Camur,1,0.271894728644157,0.309507839127588,0.341191109743559,0.316408881791348,0.334822950069365,0.312820292874922,0.343850906064209,0.309471582703788,0.349744977811079,0.315242339048937,0.3390636922043,0.305354645379088
2021-06-19,9ddfb3369a3b0394,2bdf774dc8b17504,31123249b0bbf52e,e9213f53ddeca978,Matt Brown,Dhiego Lima,1,0.434950815588981,0.455536152579007,0.463507780724925,0.435282410586842,0.442262259546968,0.449630750264831,0.458595991207419,0.469526568866896,0.476441476339753,0.437481917755424,0.446133315261656,0.438941495888165
2021-06-19,9ddfb3369a3b0394,bb1ac382e0277b3f,12ebd7d157e91701,4dcfb28c011c11b2,Bruno Silva,Wellington Turman,1,0.454690246188288,0.435399271573326,0.446929873895534,0.439394819734988,0.445938851862937,0.431834760953922,0.443915737478043,0.421215131642737,0.438918234573048,0.434198287900178,0.443295739544464,0.44990585424477
2021-06-19,9ddfb3369a3b0394,d3c0dfa57950aefd,902ec2cc48c8ae8a,a68575214ecad140,Julian Erosa,SeungWoo Choi,0,0.384190878358496,0.385839306595206,0.40584514430898,0.39436697305813,0.405576268120508,0.388911982341598,0.408288306058627,0.385809397709451,0.4111350540526,0.393196860020295,0.407733434548017,0.395823197141226
2021-06-19,9ddfb3369a3b0394,a83ebbf013905949,113df4fde64735c6,7c7332319c14094c,Davey Grant,Marlon Vera,0,0.277123349993377,0.315351636748315,0.3462230212002,0.297766058762776,0.317660624203733,0.305939141681565,0.337909377387677,0.330304745156741,0.366758463734731,0.297707589427128,0.323338985112764,0.298872274589206
2021-06-19,9ddfb3369a3b0394,6fd9a013cea5a403,98c23cb6da5b3352,e2f6b2769aaedd6c,Aleksei Oleinik,Serghei Spivac,0,0.159455665805551,0.180361895818008,0.22419133250856,0.179715391584343,0.205385848464862,0.177699364378124,0.221328995055103,0.180231139746425,0.236770168448126,0.17787952902738,0.21129171598347,0.183424720552169
2021-06-19,9ddfb3369a3b0394,50cae63d530ede7c,82a5152216251682,c451d67c09c55418,Dan Ige,Chan Sung Jung,0,0.557189819026684,0.48696036849958,0.48930662094679,0.523171123918571,0.520651287067745,0.492480909352925,0.49382591042432,0.465648809669891,0.473440046916484,0.510860318947101,0.509345120251979,0.537281294923497
2021-06-26,a1d6b308781aa2f5,23c7c6ceee34585f,38c626ca912c7bac,813550bc53b15fb0,Damir Hadzovic,Yancy Medeiros,1,0.625072741886452,0.641610396538718,0.617166710715236,0.603170758039133,0.592209441227806,0.628790481279682,0.606529295942295,0.647080584297163,0.615012936482611,0.610866033316761,0.595806548545502,0.607242428483393
2021-06-26,a1d6b308781aa2f5,5357dab4d331eb18,304a21d0595e1a08,40093d1d2d78394e,Justin Jaynes,Charles Rosa,0,0.547330047771864,0.565746284551229,0.554014767854271,0.563539935698916,0.556684727702927,0.5692901602104,0.557013682918848,0.565029467674295,0.550363006004193,0.569547865139536,0.559943109358119,0.552444746488431
2021-06-26,a1d6b308781aa2f5,0eac7075bf3d7ab7,86d9dbe1bfcbade7,a78a87d8c2bbb1cb,Julia Avila,Julija Stoliarenko,1,0.544109774813452,0.48820575196646,0.490328050254789,0.508377651407936,0.507465632857623,0.49155387719935,0.493064659479132,0.479973940243934,0.484522567069503,0.503059389269809,0.502632453608139,0.524126119237493
2021-06-26,a1d6b308781aa2f5,d988760df61f027c,6370c1c1e12723d5,f9d0cae37dabfafc,Marcin Prachnio,Ike Villanueva,1,0.67907471316047,0.682919635409714,0.652291508002033,0.675726218860354,0.657969761608284,0.683598364917086,0.653065713939994,0.690220513575837,0.650001852870186,0.678848080403625,0.655664035965002,0.667629723732042
2021-06-26,a1d6b308781aa2f5,81de3929330076d2,d317a5e2b3f88c5f,d66a46de8d705353,Warlley Alves,Jeremiah Wells,0,0.704022435175614,0.688266059161208,0.656890142563879,0.67851000701427,0.660518669294955,0.687893470967596,0.656764333298168,0.691070368082796,0.650700765260284,0.682027854534073,0.658499264275843,0.680652303680263
2021-06-26,a1d6b308781aa2f5,086c2a0cae0835c4,01afe0916a40c7c5,e51fcd9cd84c0b93,Shavkat Rakhmonov,Michel Prazeres,1,0.741266002083245,0.705615367425185,0.671909895467401,0.729304193455254,0.707481656980311,0.713768058549102,0.679241068766181,0.702939932417696,0.66050679144765,0.727125723020841,0.699162904708282,0.723128960876542
2021-06-26,a1d6b308781aa2f5,85099c6378ff87c5,687c15b2eddfaa63,8667caa0451d245b,Danilo Marques,Kennedy Nzechukwu,0,0.553114032515617,0.56408975680964,0.552648831755656,0.531603498578661,0.528170226665412,0.557304762422259,0.547120449061018,0.567916350408797,0.552609754891562,0.541000957265242,0.535299760224216,0.539513148267213
2021-06-26,a1d6b308781aa2f5,4341ebb5a56e6943,4c88a1db5a46c6a4,b6452706b373eea1,Jai Herbert,Renato Moicano,0,0.397650675143538,0.404890989573254,0.421698077838647,0.424258984287755,0.432398702744536,0.412136031468336,0.427610301691829,0.400249978959338,0.4225052818046,0.424087905811459,0.434550373402863,0.416528009526187
2021-06-26,a1d6b308781aa2f5,c9283da5f4d7aaf4,4b47e71384a9522f,9d19d9e4aa2662e8,Tim Means,Nicolas Dalby,1,0.673516675341173,0.675771111280068,0.646163302227319,0.642989797220525,0.628153425107167,0.666262018461972,0.638220657666483,0.676242258298809,0.638563617016737,0.650190911620857,0.630269499764955,0.649074495931974
2021-06-26,a1d6b308781aa2f5,ce0fda34122f3d48,45e738622ea2c02c,b9f28e7045fdfce7,Timur Valiev,Raoni Barcelos,1,0.380390451371349,0.418921584225438,0.433322577125729,0.428251062101327,0.435972225074677,0.42942545268293,0.441924909858563,0.425734906841169,0.442444102473237,0.431371466861282,0.440851887590472,0.410463295934032
2021-06-26,a1d6b308781aa2f5,d40eae4425092219,04c8b08b16a5b99e,50db8711c70196cd,Tanner Boser,Ovince Saint Preux,1,0.610235244622585,0.547304061667207,0.538827671123229,0.554999379081994,0.549051864172245,0.539532002731376,0.532481874856652,0.524696875282684,0.519089485764443,0.545405565295184,0.539097076858185,0.577114031100044
2021-06-26,a1d6b308781aa2f5,78afed76d0e9a639,279566840aa55bf2,787bb1f087ccff8a,Alexander Volkov,Ciryl Gane,0,0.399648886275288,0.409057346566223,0.425154024518644,0.413767038570084,0.422997907333612,0.411885514665303,0.427402490411406,0.412909616487007,0.432428161068028,0.414712338983597,0.426427965596012,0.412354286887079
2021-07-10,8a0be41c0380188d,ac0a1d87e9ff4085,55fa6ce3e522c8bb,c9587d81e1d33925,Zhalgas Zhumagulov,Jerome Rivera,1,0.589640273582091,0.611747107329043,0.592141643770672,0.580275601635778,0.571662650015011,0.605592658060487,0.587128564241894,0.628086596509404,0.599866025153976,0.587616922589052,0.575592040380054,0.579846201968998
2021-07-10,8a0be41c0380188d,1aba46988c9b58f9,0c6d9ea8306c029e,16690d100f995f8f,Brad Tavares,Omari Akhmedov,1,0.350382694526098,0.37796592296576,0.399267096593886,0.38193027055572,0.394376567753861,0.377773130421778,0.398974773540471,0.384048409002101,0.409744338284357,0.37859305655139,0.394992800405566,0.374153626874819
2021-07-10,8a0be41c0380188d,5d5bf07dbfada0e3,8e1f36476ef02a6a,f72465a784c1b084,Jennifer Maia,Jessica Eye,1,0.648328255065526,0.662056210851511,0.634467439597952,0.648591347681711,0.633236174546613,0.663633422436466,0.63598082523443,0.658399527576241,0.624107946485106,0.657556136724661,0.636770740873027,0.640118486542106
2021-07-10,8a0be41c0380188d,858feabaf429a963,0d7b51c9d2649a6e,b27a1fcb56a3035a,Dricus Du Plessis,Trevin Giles,1,0.442344530836726,0.448887350505115,0.458039293623867,0.458594164386529,0.463085049313261,0.454919094201413,0.462951226663341,0.446989859615611,0.458977077274084,0.459949686243468,0.465519618848941,0.453654106158469
2021-07-10,8a0be41c0380188d,07468b6347ac5e3d,54f64b5e283b0ce7,8866c6f509c19089,Ilia Topuria,Ryan Hall,1,0.746935810456633,0.742465905897574,0.704380059767125,0.738660375177159,0.716240459195915,0.745767583792938,0.707576155471386,0.74607701041183,0.696949233419245,0.743339172252182,0.714021752633861,0.730443633807082
2021-07-10,8a0be41c0380188d,96bbb6c573dac27a,595db60957de51d3,d8da10db80131bec,Michel Pereira,Niko Price,1,0.696258755845349,0.71132389680293,0.676886623576571,0.683042774347783,0.664673947596654,0.707276113932222,0.673568327007617,0.719294741956672,0.674164736226576,0.692122847789495,0.667526000309909,0.679210223109515
2021-07-10,8a0be41c0380188d,7070abfa26c079b8,b0d6a1d8ac3d563d,f9f07bb5a43535ed,Max Griffin,Carlos Condit,1,0.584997224606694,0.603657000331736,0.585404145724159,0.579772367569602,0.571211814057948,0.59826636314464,0.581029524388229,0.621443243832575,0.59459883843787,0.584419032895699,0.572818953313972,0.577481799603847
2021-07-10,8a0be41c0380188d,dbcc5b5d568efa8b,9c27f3217891f3f0,b50a426a33da0012,Kris Moutinho,Sean O'Malley,0,0.216484175089743,0.239608667187058,0.279495561981004,0.249503658673679,0.27262292785868,0.24093224133438,0.280440828344483,0.235838500603444,0.287325626777208,0.246050720862935,0.276174242170672,0.246065474898131
2021-07-10,8a0be41c0380188d,3740c8033e31c90d,3143bf892608139a,578ef12674df1e6a,Yana Santos,Irene Aldana,0,0.574574584065165,0.546153794053014,0.537881731945529,0.562711171147625,0.555943757144123,0.548414764958643,0.539794047753168,0.53931682354411,0.530405318920587,0.556141785800201,0.548359992852441,0.564419993300158
2021-07-10,8a0be41c0380188d,53b480b44b0b51f1,85073dbd1be65ed9,c62fbc117d57b943,Greg Hardy,Tai Tuivasa,0,0.618957569507595,0.631289844325299,0.608488248688278,0.614971453719126,0.602830804416767,0.630557624282759,0.608013331516473,0.632316606519301,0.603227694370606,0.624533922284245,0.607741406995878,0.610178120207488
2021-07-10,8a0be41c0380188d,8245791a3d3403c6,23024fdfc966410a,4a28cb716c19157a,Gilbert Burns,Stephen Thompson,1,0.560941505680435,0.559449631388833,0.548824703315106,0.554115207291414,0.548262018894406,0.556848543747575,0.54674424529073,0.564881664377363,0.550248014051781,0.553428660006731,0.546018166603567,0.554023938024665
2021-07-10,8a0be41c0380188d,7d0ce28ce8a77eb1,029eaff01e6bb8f0,f4c49976c75c5ab2,Dustin Poirier,Conor McGregor,1,0.634587680591136,0.634483924931191,0.611170508996479,0.603500588998691,0.592505998461874,0.623056055311898,0.601719878621295,0.64899301349165,0.616545803291776,0.606864649455966,0.592320133443175,0.611809510827794
2021-07-17,40389d39a92f5bfa,49876b12d440af40,cdadae5363b66eef,dee294e9717012c2,Francisco Figueiredo,Malcolm Gordon,0,0.734135607578079,0.680785299480009,0.650459400276714,0.675602656711461,0.657856677728367,0.677613378861224,0.647926011400583,0.680971810411109,0.642421949872833,0.67405544628786,0.651397695819244,0.69380889959192
2021-07-17,40389d39a92f5bfa,93d5452726f5f364,2f6a993c7f547c13,b4537562f88ac582,Sergey Morozov,Khalid Taha,1,0.438491508017525,0.475387527035051,0.479812263670705,0.463153954398892,0.467153511258224,0.47512942140338,0.479573234734232,0.485701605965172,0.488950445201941,0.469725832479599,0.473942382021741,0.454110081483397
2021-07-17,40389d39a92f5bfa,c5e71fbf22f669f7,1235b31de15d0c6e,3df5493bb279226f,Montserrat Conejo Ruiz,Amanda Lemos,0,0.452470506759266,0.421392548740168,0.43536595403259,0.452388669504715,0.457546140169563,0.428956297845982,0.441537140794537,0.406590056276923,0.427479627707785,0.443224086928838,0.451092555631033,0.455241985714487
2021-07-17,40389d39a92f5bfa,8151659b2bc16f0e,8a1f3b5c526cd6e6,9fe7af8b3fbe00a0,Daniel Rodriguez,Preston Parsons,1,0.586203978183477,0.555948680585934,0.545941279764438,0.54361921215692,0.538890280505358,0.549780920234427,0.540919343096065,0.556780132947839,0.543950246604382,0.547005914955949,0.540477161087957,0.56049796612674
2021-07-17,40389d39a92f5bfa,940701effe1d2b6c,436f970c9ea9169c,aa171d55d4b5208f,Gabriel Benitez,Billy Quarantillo,0,0.433000014889478,0.452453730959835,0.460973128946466,0.457934130373184,0.462496033479797,0.454350283066301,0.462482916558087,0.454340746529687,0.464679549228657,0.453989725571205,0.460381468682986,0.449067405734287
2021-07-17,40389d39a92f5bfa,813444e109995c97,260e9e0d4954aea6,71505842fb6455c3,Rodolfo Vieira,Dustin Stoltzfus,1,0.593253227110019,0.573740428141485,0.560612303817769,0.559609362395789,0.55317109659353,0.564253671868661,0.552853935240155,0.567721747598434,0.55245825846643,0.558865898063769,0.550712054777334,0.571476209574727
2021-07-17,40389d39a92f5bfa,72105dd82d964e7a,18968f97ad34f15c,72db2a14ffa73ece,Jeremy Stephens,Mateusz Gamrot,0,0.192012269308726,0.188328185210327,0.231839045604519,0.220244199795053,0.244790503998827,0.197347726965405,0.240129779846197,0.186281617911752,0.242461578228458,0.212419829850611,0.244616963514885,0.219697526576188
2021-07-17,40389d39a92f5bfa,f0b83b05f3dd9580,b96619b3acd7d9da,c7d297714d9ab1a4,Miesha Tate,Marion Reneau,1,0.710583778174974,0.767590435884121,0.727050108385603,0.751278639598717,0.728115472395718,0.773881732493243,0.73306934402588,0.79858538180853,0.74352539112456,0.764351024936473,0.733504258338449,0.720243575164725
2021-07-17,40389d39a92f5bfa,7d4c160dab6eae73,275aca31f61ba28c,d945aae53e3e54e6,Islam Makhachev,Thiago Moises,1,0.717986214797749,0.643377429764439,0.618656072404545,0.663951996642659,0.647213476010423,0.643476238286729,0.618891903813247,0.619418624808051,0.592996515294656,0.657183056727082,0.636441025206443,0.680374613541402
2021-07-24,e57f0b06ea39e360,40ce202eaa78860c,26e3f3928b1891d9,d7e40dca3ae125be,Hannah Goldy,Diana Belbita,0,0.40180067149885,0.41207763228724,0.427657106641016,0.41133468709047,0.420816537728237,0.416137879479687,0.430928324954222,0.430188703146101,0.445914701946385,0.415328337223415,0.426962034392771,0.412155613071278
2021-07-24,e57f0b06ea39e360,c13474b85d3ced32,4234f0097c83fa62,ac7c765882f2c68c,Sijara Eubanks,Elise Reed,1,0.543132794911401,0.536628958989765,0.530053623810722,0.519574218832241,0.517444804807728,0.528385473528097,0.523315526251808,0.531400069449515,0.52427564240301,0.522328101281265,0.519215485593684,0.529120015533316
2021-07-24,e57f0b06ea39e360,cade0268dec56f3d,1291edf2d566a71a,5f6f049d54728e88,Julio Arce,Andre Ewell,1,0.575283273485752,0.588903390031211,0.573155723366943,0.565891485331351,0.558787526346022,0.586232537058598,0.571036673580181,0.6070001594878,0.583195984374341,0.571660522166028,0.561770448554282,0.566290595220584
2021-07-24,e57f0b06ea39e360,1be65a0d2c1383f6,9e50097a89442158,e26bd53b751d61d9,Mickey Gall,Jordan Williams,1,0.404552670839347,0.340469578014021,0.36767820683552,0.373138105035719,0.386442023917436,0.341079695907453,0.368028408194669,0.312961706560085,0.352611529710015,0.356725206741911,0.375820711396796,0.394623843145477
2021-07-24,e57f0b06ea39e360,dff1dbb8fe1f31cb,2e585c701f72fe55,881bf86d4cba8578,Ian Heinisch,Nassourdine Imavov,0,0.516719494306227,0.529401474765023,0.524118518932957,0.520965352035541,0.518684890799152,0.5257783685635,0.52117277704342,0.524852708567185,0.519210017134194,0.522468817581803,0.519336627787653,0.517793187546622
2021-07-24,e57f0b06ea39e360,4911094a4ee26868,2f181c0467965b98,64facb6cc564262d,Brendan Allen,Punahele Soriano,1,0.508911088526867,0.491410879614925,0.492956637049437,0.505717039834168,0.505094611710458,0.493595641199414,0.494741276552312,0.484917849214589,0.488344627100585,0.501094571238459,0.500941821916329,0.506826385137389
2021-07-24,e57f0b06ea39e360,43c391b251337c9b,0232cabbc30a2372,325ad0dd9126d3df,Adrian Yanez,Randy Costa,1,0.583518858949835,0.574713475230748,0.561416040678053,0.573593194796334,0.565678449172197,0.574004366766283,0.560910727091001,0.57476858839905,0.557948476494595,0.575057936171288,0.564710268017087,0.573797285432213
2021-07-24,e57f0b06ea39e360,7c3ad06a520b8716,6a740daf1b279661,f29a6350c69f4a33,Maycee Barber,Miranda Maverick,1,0.403511846958136,0.4231245221316,0.43679758425254,0.411461741073812,0.420930501104668,0.414977333248005,0.429966401678479,0.41694054658193,0.435579841256602,0.409589952897924,0.421984519388389,0.412999854436389
2021-07-24,e57f0b06ea39e360,1bde9cb65d31cc76,34e516ab361afb1c,92a9aa9c93192871,Darrick Minner,Darren Elkins,0,0.65984326190553,0.68341327995952,0.652715548495279,0.662665199083634,0.646040238542902,0.681493658687768,0.651256419606276,0.692711542057584,0.652051629207902,0.670989611087991,0.648672817846431,0.652335011617326
2021-07-24,e57f0b06ea39e360,4bb77b1d8efc53a9,60425d07ef4b91a7,82b4e942781b1046,Kyler Phillips,Raulian Paiva,0,0.652067365797059,0.604118865243669,0.585788365668042,0.622070930954045,0.609232516962328,0.609458487619665,0.590351893044378,0.602465276886973,0.579628239100267,0.618956410162603,0.602866051413206,0.628922752241113
2021-07-24,e57f0b06ea39e360,214b268e4a92f950,65f09bacd3957381,c849740a3ff51931,Cory Sandhagen,TJ Dillashaw,0,0.609619065790941,0.531006338495103,0.525436094594497,0.567657678363372,0.560367244894549,0.538297287425049,0.531466040438363,0.511052152164391,0.508540536750884,0.561988735648777,0.553409361839354,0.582923828783854
2021-07-31,320edfb0332b7073,fb9095887dca34c7,2c010b26a3306969,8e382b585a92affe,Orion Cosce,Phil Rowe,0,0.583893035481637,0.559240040215305,0.548652037797625,0.563173346869917,0.556356964968023,0.557940633177904,0.547644839493068,0.551836737779082,0.540112193769986,0.561562457645387,0.553041106799163,0.568904576217817
2021-07-31,320edfb0332b7073,1978b44503c3d9ff,20999e27ddd94bda,79cb2a690b9ba5e8,Ryan Benoit,Zarrukh Adashev,0,0.51432981003272,0.505818867129295,0.504771580409242,0.504520787654334,0.504028584888112,0.504255699433056,0.503494389432326,0.511506658192961,0.508891804710498,0.501907551918842,0.501641351114022,0.508703571563326
2021-07-31,320edfb0332b7073,96c51bc6316a4b47,b4c6c904a9ffc5e8,d05cb1e8d1b885d8,Ashley Yoder,Jinh Yu Frey,0,0.471479139640055,0.421114561681423,0.435136124778294,0.450088385604031,0.4554922791527,0.427428496250888,0.440274133344284,0.413517744170749,0.432903870232497,0.442110480230579,0.450131062045112,0.46273672758209
2021-07-31,320edfb0332b7073,12ceec9431fb0827,e132d47bd9efbbe0,feaf00f3373435d6,Rafa Garcia,Chris Gruetzemacher,0,0.681939025752528,0.634059081732978,0.610813560046848,0.656713472488589,0.640619400665077,0.638948802272474,0.615073314124482,0.612330664363709,0.587397107584161,0.651588591886235,0.631501963221087,0.659672024707438
2021-07-31,320edfb0332b7073,9eef9b7967991296,5f3805dda9661cba,a331233f597090a5,Jason Witt,Bryan Barberena,1,0.378545027155392,0.399393443927592,0.417132241572831,0.399486597694605,0.410179216303708,0.397263669400135,0.415250752502071,0.39047783578475,0.414817377612521,0.39839906838015,0.412261294237325,0.395716277812002
2021-07-31,320edfb0332b7073,6671b567c4eb9982,047a91d3d9c79b05,a52bc1e62cf0b7c6,Collin Anglin,Melsik Baghdasaryan,0,0.524973385081749,0.525351262524541,0.520794044837783,0.526396291770461,0.523526754910018,0.526372393679315,0.521660964908154,0.526417819527755,0.520420658663061,0.526389797700824,0.522712524964913,0.524183193562044
2021-07-31,320edfb0332b7073,e3ecb94228c2739f,62f7097c04311193,c730a0be691dc081,Niklas Stolze,Jared Gooden,0,0.60023829424263,0.636570176302088,0.612924182542732,0.606418561075053,0.59513035915945,0.629189259092289,0.606864105418479,0.645384584067228,0.61365479418641,0.614664530297521,0.599119274717358,0.59745063872504
2021-07-31,320edfb0332b7073,b4622ca7cf0e8506,4959f10a62f3fec3,5dd180c8b3196786,Cheyanne Vlismas,Gloria de Paula,1,0.41067482210886,0.435398699384445,0.446929402107119,0.423310277928711,0.43154920234291,0.430396657648056,0.442727529089451,0.438252512930381,0.452189562034596,0.425649432489628,0.435901953932726,0.422042912504866
2021-07-31,320edfb0332b7073,8522bc62e8d942ab,0d8011111be000b2,65578a75fa7900e3,Sean Strickland,Uriah Hall,1,0.722734540860844,0.717448842190684,0.682246839329193,0.695199242779204,0.675849800441158,0.711697097284152,0.677428875351103,0.72879198846523,0.682181166270287,0.701617533205183,0.676053439179888,0.697639900004622
2021-08-07,972197a8c61ac413,af9927b5589e708b,f0fad0e9f3b65752,f6bcbd91b114ff58,Jamey Simmons,Johnny Munoz,0,0.519468357055374,0.569375671303685,0.557008875813317,0.567758294039089,0.56045724698749,0.579388553750376,0.565366043041377,0.595651964920433,0.574278281447844,0.577371953292299,0.56671351489603,0.541927264670897
2021-08-07,972197a8c61ac413,cce232c1b1b2e4a0,9dedfdd91070ddd8,a4a80dd7336ffd59,Victoria Leonardo,Melissa Gatto,0,0.273427255287035,0.292703489069413,0.326626339934556,0.291854493784636,0.312193744109064,0.291959846824932,0.325765260144015,0.294049732603935,0.336992472061778,0.294519366750311,0.320466022949626,0.294231100207455
2021-08-07,972197a8c61ac413,9a678f346946b6a4,46e0d677f91bacc0,bbc9ab95fa766493,Miles Johns,Anderson Dos Santos,1,0.723973035373884,0.696090961713679,0.663645416934904,0.706489024774157,0.686273113455566,0.700326338350411,0.667520983630309,0.694694468604679,0.653685885818753,0.706752701504754,0.680681510058139,0.703726586795002
2021-08-07,972197a8c61ac413,85c5dd604d5b3634,5d1b7e3dd9e11074,6d68c1afe954f121,Manel Kape,Ode Osbourne,1,0.561506339700158,0.611457527667408,0.591900200758919,0.577397849784753,0.569084944114816,0.606152525779571,0.587595158673754,0.630786270500268,0.602010777106934,0.588320977460601,0.576202789461606,0.565650047490314
2021-08-07,972197a8c61ac413,f2336b7545f5f442,c742287ed86a09bc,d7c3816669784109,Jessica Penne,Karolina Kowalkiewicz,1,0.443629787422443,0.394685097895517,0.413216431895389,0.415727518859342,0.424755533857098,0.391075396768615,0.410093476424811,0.36653583054543,0.395859216099946,0.405038461731462,0.418032628712232,0.433295701512334
2021-08-07,972197a8c61ac413,dcd0793ff1a43b68,06f36cf4bd97ec77,a495f599e787614f,Ed Herman,Alonzo Menifield,0,0.336989784630101,0.335214919792407,0.363211575058096,0.34337767667987,0.359463547197952,0.336525586379152,0.364154578070209,0.339540409107222,0.374230726291068,0.340562779641983,0.361566153917632,0.349182778896973
2021-08-07,972197a8c61ac413,3d75081ce43774ca,37098a6e6c27fb66,dc3b9cf7641b7ab6,Vince Morales,Drako Rodriguez,1,0.444178863028851,0.425872851251509,0.439068283500669,0.431835287136582,0.439179195391627,0.421847549219011,0.435657244347291,0.406264913317571,0.427224768191302,0.426493031138547,0.436631992991451,0.441446257647556
2021-08-07,972197a8c61ac413,76ece0ee2ef5d240,887961364be5ceb3,c814b4c899793af6,King Green,Rafael Fiziev,0,0.499706330187316,0.504512350772888,0.503700190625007,0.484401455181678,0.486098902895094,0.497279806088268,0.497766437038382,0.494564312898678,0.495799788604407,0.488235534979238,0.489876805682145,0.492271741315073
2021-08-07,972197a8c61ac413,962aab0abdd34173,e7bba7ce4d6c7b07,efb96bf3e9ada36f,Casey Kenney,Song Yadong,0,0.502809596846068,0.554370963627439,0.544642348044339,0.528545553572708,0.525443196859176,0.554200284633841,0.544560957483507,0.573113178849524,0.556657922018323,0.54123192927224,0.535498849726688,0.515180877810962
2021-08-07,972197a8c61ac413,903d2c361d005b70,31ef8b67e13495b3,f0feeb2192937424,Tecia Pennington,Angela Hill,1,0.525605028836122,0.519228810009066,0.515770300144117,0.537705710000725,0.533613431536995,0.524524624182916,0.52014247540804,0.511809256929439,0.509125673395643,0.533651184940549,0.528966457723332,0.529981627789164
2021-08-07,972197a8c61ac413,efe985e626a0d8c0,6d4b63c767106d3a,c58f51dedb310998,Vicente Luque,Michael Chiesa,1,0.462081942741939,0.42614078626507,0.439289587566638,0.445438897095123,0.451339663096608,0.429135342281449,0.441685129851124,0.413525588986096,0.432910006314704,0.436678669163219,0.445439297033058,0.45620881321577
2021-08-07,972197a8c61ac413,980927e7dcc131c0,6bd02119599741a4,d0f3959b4a9747e6,Pedro Munhoz,Jose Aldo,0,0.522733762401782,0.550914297107886,0.541797498243738,0.495976597810796,0.496414651696618,0.535042961542735,0.52878920839525,0.577951707409799,0.560431514997542,0.504694107853357,0.504039066063884,0.508362884544011
2021-08-07,972197a8c61ac413,bf732e22055e8634,787bb1f087ccff8a,d3df1add9d9a7efb,Ciryl Gane,Derrick Lewis,1,0.725444288936293,0.677411736615527,0.647567742162425,0.68162858247324,0.663376860734251,0.674413063990014,0.645184213514842,0.662478108042821,0.627398970547279,0.679117721898836,0.655904315107988,0.692415787219683
2021-08-21,2f13e4020cea5b38,47a157222b2c9092,3d074044a33825e7,a6c20202c701e5ca,Ramiz Brahimaj,Sasha Palatnikov,1,0.462240239135511,0.506936243550517,0.505687885486482,0.506983370396027,0.506223101243497,0.515150780042055,0.512441571730214,0.524890336387408,0.519239121108267,0.510979657624603,0.509447817686256,0.486237460931886
2021-08-21,2f13e4020cea5b38,8badcb2134c1cdaf,37c5366d18ed6c05,e4a47b07044ddd72,Roosevelt Roberts,Ignacio Bahamondes,0,0.535435605884095,0.500981955206855,0.50080521015524,0.514629648175832,0.513037531789053,0.503990805505182,0.503276879763201,0.492621435960127,0.494298431318512,0.51130616144868,0.509728793454683,0.523212263293104
2021-08-21,2f13e4020cea5b38,5e2ce5aa3a92c2df,5da33b8fbfa5ee95,78a68f1dade6aaf7,William Knight,Fabio Cherant,1,0.485631726125012,0.474089855111425,0.478747272807892,0.472764253335815,0.475724746733143,0.472352205189425,0.477290803668397,0.468428683456529,0.475591823372497,0.471543002297269,0.475507365150228,0.480218002461145
2021-08-21,2f13e4020cea5b38,92d39a17e34cf581,68d35296f566792b,b60c980f79b87ce8,Josiane Nunes,Bea Malecki,1,0.418632703426919,0.466109368323692,0.472195492849898,0.455952443721746,0.46072740742857,0.463170097932943,0.46974105485865,0.46645687602423,0.474065601224315,0.456255223624524,0.462334906520769,0.441520916547788
2021-08-21,2f13e4020cea5b38,bfacb44c24bfe0e9,4bf6b225ff6099c4,7be14eaed4c74856,Domingo Pilarte,Brian Kelleher,0,0.468008565735605,0.508637958972699,0.507083414812096,0.489996359789114,0.491085315641137,0.504336731332031,0.503560926460956,0.512187916724742,0.509418330994818,0.494243155606703,0.495046478488317,0.480603927252467
2021-08-21,2f13e4020cea5b38,12d2b282561b5e5f,12e0fdc606f7e274,305d73ede05e31ad,Luis Saldana,Austin Lingo,0,0.371609019716819,0.351800361661321,0.377274054281511,0.374108452315911,0.387318450484823,0.356026651109641,0.380688399871216,0.346202382783962,0.379596419413405,0.367540466549528,0.385317943116859,0.38015925014464
2021-08-21,2f13e4020cea5b38,0b47788da6de735e,6e15f63b6c2e2c15,a0f0004aadf10b71,Brandon Royval,Alexandre Pantoja,0,0.402026259825431,0.421381298737801,0.435356653214261,0.418978586010636,0.42766913734563,0.421784608551116,0.43560514633929,0.435279022314252,0.449876997179904,0.422269421162433,0.432975955305082,0.415977078037788
2021-08-21,2f13e4020cea5b38,755d84d5f4aa4dbf,c77a953488e5607d,d2cd7a69cc55e7ed,Vinc Pichel,Austin Hubbard,1,0.407442241430066,0.391204740287456,0.410318532341459,0.402065367630323,0.412496198376932,0.390484379627346,0.409600442312353,0.389569777824295,0.414101632356454,0.396884518746317,0.410943613621221,0.410200681418384
2021-08-21,2f13e4020cea5b38,e1897ff433134cb8,50a28b9f8314e008,ec23c1be628d8057,Saidyokub Kakhramonov,Trevin Jones,1,0.567860968231237,0.568086252437375,0.555944929471519,0.553605626447702,0.54780683049279,0.557936945647061,0.547641798310875,0.563383960602439,0.549082992292819,0.550888964236751,0.54382668104675,0.556929376332577
2021-08-21,2f13e4020cea5b38,47230f9b5d7ae037,01b352b6a9074d5c,ac40f7e3cbecdda4,Chase Sherman,Parker Porter,0,0.544560289098368,0.511460556807089,0.509398272222163,0.525575363773808,0.522794802508499,0.512817815011405,0.510525480698111,0.502774488080472,0.50214385034278,0.520022642090896,0.517230832555168,0.532686328859118
2021-08-21,2f13e4020cea5b38,3a9e0fed344fd07d,c47df9303d318c67,da0995f19b749cfa,Clay Guida,Mark Madsen,0,0.317561070549022,0.266910710625901,0.303963079530505,0.308004936016083,0.327100544741521,0.27170394879404,0.307975355672844,0.2487222915786,0.298558823199179,0.293243471385098,0.319315036417876,0.322753803744304
2021-08-21,2f13e4020cea5b38,f536ba47f006474a,13a0275fa13c4d26,8c0580d4fff106c1,Jared Cannonier,Kelvin Gastelum,1,0.468243172644861,0.477569685723234,0.481602948103234,0.468328477341893,0.471769105680132,0.476824287337717,0.480965940393034,0.493831119110886,0.495233220423434,0.470842273807882,0.474903904259157,0.470168892370727
2021-08-28,0db9d2486d564a3c,be4890f4aaadec28,c0386644627a7ee5,d05412b513b19621,Mana Martinez,Guido Cannetti,1,0.846908728136267,0.812541598481837,0.768992333121618,0.818633948630318,0.792986764993296,0.816991258047225,0.773546416207786,0.811844362213348,0.755786260163451,0.818784981876965,0.785443180636683,0.819029728343798
2021-08-28,0db9d2486d564a3c,ef4484943b1c68a9,b8bbdeff718dbb7d,e00a3dee329a51f7,Pat Sabatini,Jamall Emmers,1,0.445160768726097,0.393354660488171,0.412108996922116,0.429817329260344,0.437373801562089,0.400732038087134,0.418137375485371,0.38021820173259,0.40671615915768,0.419932752577632,0.430952208010094,0.440903441695514
2021-08-28,0db9d2486d564a3c,2cb9ba68fc855f33,2c483cf443f38ece,6fd953151d981979,Vanessa Demopoulos,JJ Aldrich,0,0.368141824905228,0.392643569514095,0.411516921346383,0.376582616862948,0.389552304864454,0.383167928134309,0.403489644195492,0.385851959616868,0.411168655004244,0.379268846845281,0.395583407752582,0.379779211091737
2021-08-28,0db9d2486d564a3c,0f3a91caeaa55094,a17ad5a5048e8c3f,e4277e87a789d687,Darren Stewart,Dustin Jacoby,0,0.557279959289901,0.564280463275129,0.552806064283732,0.561334943133639,0.554713459231531,0.566054128584107,0.554340549431782,0.567384929904887,0.552196064541098,0.561952343984919,0.553377922841837,0.555878342919569
2021-08-28,0db9d2486d564a3c,58d5e4afc2dd35d1,4dcfb28c011c11b2,d156513a19acf856,Wellington Turman,Sam Alvey,1,0.553831662375202,0.523681995214415,0.519424154574672,0.535641860093047,0.531772251506135,0.514881605720353,0.512220487263535,0.49418270061321,0.495504902490474,0.524640909251377,0.521206678394054,0.541802051122311
2021-08-28,0db9d2486d564a3c,e24c8aab497b4fe1,77d7295d1b22c694,eae431e70064e046,Alessio Di Chirico,Abdul Razak Alhassan,0,0.647807132649266,0.679894968619569,0.649695755041689,0.654395028914551,0.638510213690707,0.680555172793154,0.650450307077029,0.710290742804112,0.666623493710589,0.667027284564253,0.645155963763726,0.642741914512164
2021-08-28,0db9d2486d564a3c,1de342e9309c5f0f,6ac9bc2953c47345,ea7e5bc78d9de658,Gerald Meerschaert,Makhmud Muradov,1,0.287046277986248,0.313101425824699,0.344287357513746,0.312387937784456,0.33113089686382,0.312213944129972,0.3433282701889,0.316372304062116,0.355406193837454,0.308637898582028,0.333155640272038,0.310697347700616
2021-08-28,0db9d2486d564a3c,ad3aa9520131ff2e,5f61780fe5e9b6d0,ce175eaafe867d1f,Andre Petroski,Micheal Gillmore,1,0.573212077761978,0.571363360644266,0.558649488321996,0.572668362685499,0.564850645904034,0.573292894746983,0.560322356741088,0.57382014994047,0.55720901210767,0.573161547764315,0.563069111828319,0.568649398477712
2021-08-28,0db9d2486d564a3c,089a17e450cc98aa,8a1f3b5c526cd6e6,ee9ebceabfd16fa7,Daniel Rodriguez,Kevin Lee,1,0.30940137461854,0.23175187472849,0.272349779408685,0.249366315797108,0.272493313279137,0.22297193113351,0.264037419349334,0.203031064462499,0.257953781124232,0.237437881467328,0.268165194318133,0.288896466250707
2021-08-28,0db9d2486d564a3c,ed64e42263bf50bf,7af33fc4435017f1,cd3d7e37ff2d679c,Brady Hiestand,Ricky Turcios,0,0.581106148776925,0.580033025036801,0.565812799929201,0.583127337170898,0.57421803868196,0.582571529578395,0.568002256468835,0.581845522055262,0.56347170654943,0.582854741808148,0.571463042806619,0.577347161418803
2021-08-28,0db9d2486d564a3c,5086f9fb4fdc2f60,b12fb759e02378de,f626118b6da0e020,Gilbert Urbina,Bryan Battle,0,0.501153086809435,0.496624423978687,0.497231991381853,0.493139704416245,0.493886577456863,0.494473132410074,0.495461819535409,0.495024987499079,0.496155766517584,0.493751883661625,0.49462374874696,0.497183519019282
2021-08-28,0db9d2486d564a3c,5cd1869013741767,64a50dad704d1d49,9560ff14eb3129f7,Edson Barboza,Giga Chikadze,0,0.471813433670352,0.500637531017454,0.500522779777409,0.49319333493634,0.493934370500309,0.501142133768445,0.500937808483895,0.50226716352648,0.501751837630328,0.495719156399801,0.496316533737807,0.483889146794645
2021-09-04,b9532d815060de7f,a7c38d4d66abf923,8e9eb3fc86db0f7d,ce632027bf2a871b,Marc-Andre Barriault,Dalcha Lungiambula,1,0.539511782639761,0.554832830979054,0.545022571760111,0.524729496666798,0.522040640522919,0.543341549342012,0.535616930705608,0.555248947945873,0.542761073717479,0.530856258543121,0.52655896385603,0.529977198366962
2021-09-04,b9532d815060de7f,3f76035e52e8819b,902ec2cc48c8ae8a,f1d64ae34e088832,Julian Erosa,Charles Jourdain,1,0.280163930925517,0.262145438239441,0.299730470033252,0.275697687149664,0.297185621062375,0.257654706173101,0.29548636511056,0.2389529856726,0.290055342572084,0.265993559944125,0.29454858329194,0.289388379806982
2021-09-04,b9532d815060de7f,4fc128b1bdf088b1,1a54231796e24a3f,b8a85389d115e35a,Liudvik Sholinian,Jack Shore,0,0.196009825042319,0.214075891839844,0.256080119282101,0.224476587392834,0.248845262976392,0.215701166540828,0.257317673187533,0.213887745671289,0.267806315577089,0.221192267470031,0.252924880083058,0.223755281136232
2021-09-04,b9532d815060de7f,06c0c7dda5a5909d,51018a31ddf31eb2,a20f234df70f2182,Molly McCann,Ji Yeon Kim,1,0.517410914893751,0.517718072099163,0.514530930281764,0.506679172003313,0.505952013685489,0.512836032769835,0.510540442538554,0.512158862268259,0.509395875309381,0.509706456163307,0.508352172267794,0.51115282905109
2021-09-04,b9532d815060de7f,8fc238e84c4624a7,2f1a257d6777096d,7826923b47f8d72a,Luigi Vendramini,Paddy Pimblett,0,0.642090196515677,0.64439094005523,0.619510795918308,0.633695510097813,0.619735538761495,0.64146518754283,0.617194878491963,0.645092827843528,0.613421275547913,0.63644190606505,0.61817549069057,0.62994817120022
2021-09-04,b9532d815060de7f,ad81be01a461c936,476fe566d2df676e,749f572d1d3161fb,Modestas Bukauskas,Khalil Rountree Jr.,0,0.665245144542791,0.674787544698736,0.645321895033878,0.671099339676015,0.653738256904228,0.678978638523917,0.649097034504881,0.683509929758747,0.644497421838455,0.677221004923645,0.654214703889973,0.658982639382521
2021-09-04,b9532d815060de7f,f09912e9d8eaa968,3bb2dc8e87b10a46,cdb96af67d096b1e,David Zawada,Alex Morono,0,0.4270622134419,0.472611805511168,0.47753413233814,0.46257690149728,0.466638702566949,0.470742253671144,0.475967472278139,0.483231202091293,0.487040824622471,0.464581166859255,0.469510684227378,0.448598748290257
2021-09-04,b9532d815060de7f,b977ffcc6428046f,399afbabc02376b5,e2f6b2769aaedd6c,Tom Aspinall,Serghei Spivac,1,0.672479836176662,0.70234820680701,0.669069554887727,0.674811912844264,0.65713309550901,0.700589245479859,0.667749287674012,0.714538840103427,0.670174564051822,0.687827358523922,0.66368020254671,0.66413960483064
2021-09-04,b9532d815060de7f,14f2bb86fd888e91,9ce6d5a03af801b7,b1a3e0aca758b322,Darren Till,Derek Brunson,0,0.38826525765813,0.442872707267863,0.453088173287829,0.445663837967399,0.451540604508564,0.448718430206768,0.457844347384757,0.455866783065884,0.465862564562642,0.447847284582454,0.455082912967778,0.422506379141559
2021-09-18,4c27ca8c8481f79a,eb10feae98ea7d36,26e3f3928b1891d9,b3d21b2610dcfaeb,Hannah Goldy,Emily Whitmire,1,0.523472574319214,0.521363600950544,0.517521789597256,0.510492841866143,0.509350659244468,0.517190196043637,0.514116711340023,0.520639922665725,0.515952080000045,0.50984766942377,0.508473690986357,0.515761487307563
2021-09-18,4c27ca8c8481f79a,06b3226c34c17001,257b0c8d6f199895,a53d30163304aa6e,Impa Kasanganay,Carlston Harris,0,0.539452481920465,0.53498117146031,0.528700150350172,0.542434856608417,0.537833263103765,0.539628874262125,0.532561579184019,0.534027690873164,0.526309513416918,0.54259391718347,0.536672915202827,0.538568062047793
2021-09-18,4c27ca8c8481f79a,0ce63c2148e70b4c,49b130de1da2e1bf,669970f7feba8ecd,Sarah Alpar,Erin Blanchfield,0,0.25224420043953,0.282544863853346,0.317747641353253,0.281778148482315,0.302845654472379,0.285431837451252,0.320058146992778,0.286501828003212,0.3306964751044,0.286671337714544,0.313374649583988,0.27918029876196
2021-09-18,4c27ca8c8481f79a,dc870fab1e0f15e1,0b362247806341e5,cc1a8b4b38b92c6d,JP Buys,Montel Jackson,0,0.112583536496228,0.134546984225137,0.178534086308994,0.150083536470601,0.17578739886143,0.137350719888792,0.181124093714901,0.134209349623161,0.191468503634762,0.144826513734213,0.178292993040877,0.144197773894624
2021-09-18,4c27ca8c8481f79a,85e5498808346d6b,6a8928652fc01bee,a13d755965a4ec9f,Brandon Jenkins,Rongzhu,0,0.451308090458279,0.441679305459832,0.452105271242342,0.436758903990713,0.44358246228331,0.435498184136719,0.446941202693201,0.435778901899293,0.450265867006762,0.435773455414484,0.444657090454982,0.447084706528112
2021-09-18,4c27ca8c8481f79a,2d42742aade53799,91dac5e69e28d5b5,fc169c387b4b465d,Pannie Kianzad,Raquel Pennington,0,0.529996544049757,0.539858607622214,0.532707052302545,0.524933404307105,0.522222438995368,0.535932125860359,0.529520504311154,0.552235408830242,0.54042159935622,0.528082390859566,0.524170037219468,0.525751392412161
2021-09-18,4c27ca8c8481f79a,d06495deb1ff1750,18b602842a24f7c5,6aae253467e8f9ce,Mike Rodriguez,Tafon Nchukwi,0,0.232691633191757,0.236912570155913,0.277049096398354,0.246756160300137,0.270028290269994,0.23400927205196,0.274149592796508,0.226039518057615,0.278674669380344,0.240610534421612,0.271120895180247,0.252630000740463
2021-09-18,4c27ca8c8481f79a,401f5f4714132d50,61fb8098ccf81c7f,b9437600497350f3,Antonio Arroyo,Joaquin Buckley,0,0.502610239203772,0.552911288072557,0.54344086224978,0.501454913038436,0.501296502213078,0.53792531148608,0.531160030387563,0.551282418181363,0.539682025038615,0.512702506787414,0.510930455934805,0.501892595358332
2021-09-18,4c27ca8c8481f79a,576b795e33ddd62d,601964f9654f911a,6e9f40c706f91f32,Tony Gravely,Nate Maness,0,0.609101725180752,0.66274013013504,0.635048855866433,0.616274219887394,0.604004840772494,0.647856894223994,0.622593276407849,0.667133224901327,0.631164625279113,0.625001074292529,0.608150079040612,0.606320354081695
2021-09-18,4c27ca8c8481f79a,13a8ddb1c3f55ed4,de45aaae23dfa392,eae48ff31db420c2,Christos Giagos,Arman Tsarukyan,0,0.221275332611023,0.214871546428925,0.256818566523106,0.221237275823514,0.245742831287776,0.212213611204575,0.254077086064604,0.203048406054191,0.257969632341346,0.217081473731502,0.249038922704809,0.23441992060241
2021-09-18,4c27ca8c8481f79a,ceaf7ed5ade30d9f,297a2b35444c245b,6551c64fbcd1a467,Mandy Bohm,Ariane da Silva,0,0.656458044397935,0.686944023003492,0.655751762813656,0.658053871911512,0.641839439346319,0.681822041507128,0.651538578261861,0.693880497940172,0.653014761457386,0.665897633737037,0.644154290733893,0.64850708147145
2021-09-18,4c27ca8c8481f79a,4b5f9b7c31d1205d,cc7040fe76f0ef91,cd13728ae1151f46,Devin Clark,Ion Cutelaba,0,0.363190858981003,0.305206767185985,0.337477016931477,0.346834934168653,0.362608191173051,0.311874446097569,0.343035567263125,0.289233293721028,0.332979239274747,0.333010661527094,0.354877690375124,0.362872518662854
2021-09-18,4c27ca8c8481f79a,d1621b3da377f34b,a67f5afa8d6a1b80,d4c9dcd330403612,Ryan Spann,Anthony Smith,0,0.599319271117875,0.585198727255239,0.570087189921805,0.58100955945462,0.572320241022429,0.580217732112182,0.566052613976071,0.578870104889561,0.561148297188474,0.580647511518227,0.569550471822263,0.584634337454483
2021-09-25,0eec866a077889f0,7484298ad57099be,87c0b1c696ddfb43,a0e6753c42698f13,Jonathan Pearce,Omar Morales,1,0.541007305092516,0.578202436516507,0.564299219001893,0.552735256762832,0.547029411359089,0.573053439350922,0.560124351184666,0.585541721429148,0.566360557241201,0.559527287369993,0.551283231722415,0.544298563054231
2021-09-25,0eec866a077889f0,73f6b72b4889088f,16a64f93f6678b7b,4aa58269d0664b5b,Martin Sano,Matthew Semelsberger,0,0.403454397826159,0.449893639017261,0.458867242222142,0.442037709427623,0.448300846580866,0.450592882449068,0.45938857606458,0.457697840488005,0.46728169818653,0.444446498217879,0.452147844947526,0.427802307348752
2021-09-25,0eec866a077889f0,d8189169b2c8a2aa,12585614e0ed2626,f14f644d41ade29f,Nick Maximov,Cody Brundage,1,0.586474417320432,0.588031155619585,0.57243302069762,0.591481542224875,0.581710092118441,0.591384290277483,0.575311049284924,0.591421367547577,0.570962205063725,0.591321356330498,0.578806453397457,0.583873784215853
2021-09-25,0eec866a077889f0,7abc4520f63f2c06,4d8fa64202cee4c1,681399317dbf4701,Jalin Turner,Uros Medic,1,0.480348412501534,0.499564174731504,0.499642620344626,0.488551876491171,0.489797986148926,0.494145859576003,0.495193083918731,0.506450273397721,0.504984224969023,0.486439699436658,0.488331324943792,0.485509064020339
2021-09-25,0eec866a077889f0,e7bb37681652c2c2,4498b382c65a7faa,f7467152fd9f18a2,Roxanne Modafferi,Taila Santos,0,0.164495414533421,0.160202014617421,0.204479943092151,0.172419477191246,0.198167226644495,0.159596807207384,0.203584540571578,0.149891858844617,0.207349208612973,0.165828127596444,0.199400907397806,0.182283547937381
2021-09-25,0eec866a077889f0,f085f32bbb3220e1,2f5cbecbbe18bac4,d0aaedcf7ccd0b45,Shamil Abdurakhimov,Chris Daukaus,0,0.199520557156908,0.240495693557592,0.280299195178972,0.242854098394691,0.266336935033222,0.241708970775,0.281144311831407,0.242831323157159,0.293441670890878,0.241203797969671,0.271672875475076,0.23435256536019
2021-09-25,0eec866a077889f0,b3c23fb2d71bba51,193b9d1858bc4df3,b7b84ccd221be298,Dan Hooker,Nasrat Haqparast,1,0.427552627496931,0.44952977319099,0.458567875518057,0.441124648489853,0.447484898231848,0.449278000913244,0.458305378314198,0.456132739963014,0.46606871319384,0.444012397162414,0.451773109400797,0.438416015898785
2021-09-25,0eec866a077889f0,bc276e0f07e30a54,c03520b5c88ed6b4,fea79f9bc8c68769,Merab Dvalishvili,Marlon Moraes,1,0.689717749870821,0.624502749328649,0.602798949990161,0.62184414152452,0.609027872632414,0.616309794488856,0.596073682720307,0.603905252642285,0.580760504922223,0.614049563829428,0.598582744382354,0.646699724052344
2021-09-25,0eec866a077889f0,f4a2806f77ac1cdc,6a1901c62ab3870f,98215d037be5bcb7,Jessica Andrade,Cynthia Calvillo,1,0.51555108940937,0.553798057529313,0.544170748810563,0.538986720133792,0.534756351180222,0.553055469324947,0.543617402073982,0.584370737550647,0.565445027668906,0.542967191149097,0.536994710744065,0.526051564610409
2021-09-25,0eec866a077889f0,f4df74046a1c4364,2cd428e9606856fd,fa6796c55d6c5440,Jairzinho Rozenstruik,Curtis Blaydes,0,0.221330874162888,0.201652114343073,0.244469510722972,0.225662018012186,0.249979104545331,0.202809098746392,0.245279738148322,0.179698669929321,0.236266727841472,0.21848585598557,0.250367893934031,0.236681466384331
2021-09-25,0eec866a077889f0,92e006a93f983fb5,f2925e6db404bf1d,f57a8a52ca401ed9,Robbie Lawler,Nick Diaz,1,0.473541199496085,0.413299581877713,0.428669294895327,0.45235623898319,0.457517186473023,0.419099375257443,0.433381850505757,0.382293837934851,0.408357738825471,0.441705650934681,0.449781498307903,0.464778976850806
2021-09-25,0eec866a077889f0,7233b2a56438d77a,132deb59abae64b1,729d4bd5a6cd0a97,Valentina Shevchenko,Lauren Murphy,1,0.848745368024378,0.851968752993646,0.807697099275716,0.835551792006601,0.809769302188962,0.850873348520507,0.806889123192313,0.860029950076596,0.802637844026042,0.841848385639965,0.808254541492018,0.828334786186743
2021-09-25,0eec866a077889f0,18f1b88d8977c216,def8166ff24bd237,e1248941344b3288,Brian Ortega,Alexander Volkanovski,0,0.34600685039767,0.374401877223998,0.396283767351057,0.364908259518757,0.379001083774296,0.377224752938382,0.398515390748451,0.383960542873806,0.409674922326058,0.368297570407531,0.385981631507672,0.363870164358617
2021-10-02,e15d0a2519d6a0b5,e7423a91a253b416,528c24b99fbaab79,80daefbed11ce998,Johnny Eduardo,Alejandro Perez,0,0.23531270774367,0.231691946681759,0.272295079782297,0.250489570178063,0.273553095314159,0.232235287617432,0.272531243058073,0.216170227899336,0.269860160416223,0.244377675879796,0.274622127547697,0.255732066982212
2021-10-02,e15d0a2519d6a0b5,c1e5859053263811,568bbad0eaced57c,5e6294b37bbef029,Shanna Young,Stephanie Egger,0,0.435812802512693,0.42068197427263,0.434778450956251,0.432813272533265,0.440054013524246,0.42147350886419,0.435347629138797,0.409472980267127,0.429738262288375,0.427484284882857,0.437489688751555,0.438128500094489
2021-10-02,e15d0a2519d6a0b5,5f444eac11e55161,3a314d9fa7c6825d,8765559b6a29a421,Douglas Silva de Andrade,Gaetano Pirrello,1,0.383360349678726,0.326730165374349,0.355975631605649,0.34984071308788,0.365339781515497,0.326880794565092,0.355923013388111,0.316513555772914,0.355521798712648,0.337912929750228,0.359221456148624,0.373473083152027
2021-10-02,e15d0a2519d6a0b5,dfa2f5c821a52c63,207773daeb4afa7b,af9f42e6894047fc,Devonte Smith,Jamie Mullarkey,0,0.570401867390706,0.527281216406388,0.522378058891445,0.551912126513371,0.54629424129797,0.531797834715221,0.526120738256893,0.519150749783346,0.51480066390064,0.543670419256365,0.537600985625264,0.557266633854022
2021-10-02,e15d0a2519d6a0b5,16d31775a8dcb31d,351c4ec637380ad5,673ea7dcc786b1b3,Karol Rosa,Bethe Correia,1,0.822921800557274,0.803844933919951,0.760718031973849,0.800863479881158,0.775593773314632,0.807338716472696,0.76431474373884,0.815596102007449,0.759299034932026,0.805192481374781,0.772245684881201,0.798109713329999
2021-10-02,e15d0a2519d6a0b5,6832e9e62da0f9d3,04835018f90b118c,d7338bcb141abd2c,Casey O'Neill,Antonina Shevchenko,1,0.827116901171089,0.80253880054867,0.759482529142103,0.807046536807727,0.781619953442939,0.808100617549626,0.765039584141335,0.809792800472706,0.753873720313867,0.808291024408267,0.775239407091401,0.803261573307858
2021-10-02,e15d0a2519d6a0b5,3b7eb8e56052a2af,7026eca45f65377b,af65aa688d13eedf,Jared Gordon,Joe Solecki,1,0.302810441965444,0.331237267041797,0.359823083907406,0.320440348775339,0.33851965273667,0.327543744093944,0.356490059337655,0.339919781967366,0.374536813778469,0.321987651670556,0.34508052054073,0.322057030516212
2021-10-02,e15d0a2519d6a0b5,a00b4e82f9d4f92c,262a7d06203657e6,d80ee110748171ac,Alexander Hernandez,Mike Breeden,1,0.749914064690914,0.759063106610885,0.719301314873835,0.752158127984206,0.728945963536943,0.762269150080364,0.722463669243305,0.768434343392204,0.716434737240344,0.758812251055036,0.728342053812129,0.738595392481481
2021-10-02,e15d0a2519d6a0b5,dba710edbc3c29ff,4e06913c91da5200,67f272324a030d00,Krzysztof Jotko,Misha Cirkunov,1,0.48548649381076,0.399272132709158,0.417031414231658,0.464957580678076,0.468762472733637,0.417917846887377,0.432403174499263,0.37887783780925,0.40565536020297,0.452162640453919,0.458805745656635,0.47634433425293
2021-10-02,e15d0a2519d6a0b5,9c33c8d4a381ba70,57b10fca4f9c9a7a,d8da10db80131bec,Alex Oliveira,Niko Price,0,0.561882760275058,0.63587769900853,0.61234194284184,0.601005087866666,0.59026266994653,0.635473112256123,0.612146333324339,0.675514520567982,0.637970966616684,0.615050369955632,0.599455944067848,0.577448260282247
2021-10-02,e15d0a2519d6a0b5,37c484012ef24a5b,c21f26bbde777573,dea070ed4a2a8281,Johnny Walker,Thiago Santos,0,0.490226979071754,0.47345522198627,0.478226399603041,0.497938193540789,0.498162681800898,0.476032363075035,0.480315218603802,0.455719707370609,0.465748559815393,0.486815239014178,0.488654517220775,0.494561612479151
2021-10-09,d247691a6c0e9034,ddb927b0dfcfac2a,318572f6f74b760d,97cf1a2c7c5e7889,Charlie Ontiveros,Steve Garcia,0,0.644456579719426,0.7079558624899,0.673948176620837,0.673356671507842,0.655801928077063,0.707103458453681,0.673417777044955,0.7324369797837,0.685275663295981,0.689408088328316,0.66509459523056,0.65067521456926
2021-10-09,d247691a6c0e9034,f526892a27b50576,8e5d953bdb9ae5e7,b4880ef2f838d4e1,Loopy Godinez,Silvana Gomez Juarez,1,0.69686315285989,0.721982189014156,0.686228338754008,0.697035203282672,0.677541860994026,0.721277882120439,0.6858333336006,0.741046586818649,0.692626345643635,0.706502835519242,0.680456049070835,0.686389164511957
2021-10-09,d247691a6c0e9034,df16b9c2fc9722e9,29af297d9f1de0f8,40093d1d2d78394e,Damon Jackson,Charles Rosa,1,0.579533769618779,0.669480229904187,0.640788831021109,0.609777788724358,0.598153298573737,0.65466618924095,0.628360112929764,0.708172952288779,0.664857670909835,0.624726458719749,0.607909834657125,0.589736586631689
2021-10-09,d247691a6c0e9034,777c65184aa63894,2b68d9f125d07b42,c0badf3243907e59,Jared Vanderaa,Alexandr Romanov,0,0.248712690512478,0.258398885048967,0.296391929478204,0.282920600179659,0.303907482423907,0.265812741170954,0.302754285406639,0.257233705095709,0.305898208701916,0.276249990517463,0.303913324907787,0.278016490394973
2021-10-09,d247691a6c0e9034,6101249c2cdd1493,45f0cc9d18f35137,dbac0a413af64bbe,Chris Gutierrez,Felipe Colares,1,0.630625870576272,0.613038156293421,0.593218342586401,0.601069206573879,0.590320297272191,0.609291849453043,0.590212874966705,0.619098151601305,0.592743007125936,0.606594862841797,0.592085184583278,0.608794841878102
2021-10-09,d247691a6c0e9034,38957d8eb185391c,70d2329a92864fdb,a08ddd04eaffd81d,Sabina Mazo,Mariya Agapova,0,0.659245968307353,0.645699111777336,0.62061453528994,0.637261843493303,0.622963357347501,0.643289196869643,0.618734011685491,0.65500800232465,0.621376995392048,0.639901549832665,0.621213763941088,0.63962583977181
2021-10-09,d247691a6c0e9034,20f19439e9b100b0,1a31ef98efce7a79,c96d9178c9ed9e62,Matheus Nicolau,Tim Elliott,1,0.576066708278009,0.484851954597541,0.487577256442889,0.546660410049332,0.541604918805119,0.498632726128042,0.498877328219303,0.449594654019507,0.460998528416865,0.529592388597945,0.525470435846127,0.557311192212078
2021-10-09,d247691a6c0e9034,d5ffdb5388ffabc6,c6aee362c7a7d482,c730a0be691dc081,Randy Brown,Jared Gooden,1,0.588075566429496,0.596998075562837,0.579870087644179,0.584630766732276,0.575565642564874,0.593351825816952,0.576944904736529,0.610126894815797,0.585659253670741,0.58798413634391,0.575910578614792,0.581254863585509
2021-10-09,d247691a6c0e9034,149d6b90f33634a4,7447e9f28508106a,cd2c4d30c6e13b47,Mackenzie Dern,Marina Rodriguez,0,0.554894794679476,0.519007002200664,0.515588329081919,0.537543972126576,0.533469135259696,0.525891257051118,0.521265550711512,0.513044117711271,0.510080085659573,0.531556163311474,0.527161805735133,0.543210856317125
2021-10-16,8f4616698508f24d,814d481e79e9a525,c0d5c0c95c59050b,efc67b07eed39794,Ariane Carnelossi,Istela Nunes,1,0.337445673140707,0.314553065640113,0.345536351154937,0.33227821949014,0.349346855387522,0.316889637667592,0.347353974247791,0.305953958372378,0.346848778229848,0.328807325015137,0.351146802913863,0.343922494939958
2021-10-16,8f4616698508f24d,cf020c71f1dbfa0b,3b0a516d2921e0d6,cc351e408bbb7d43,Batgerel Danaa,Brandon Davis,1,0.57216859233065,0.553794672268176,0.544167962279082,0.543649392575578,0.538917217192642,0.549086281185057,0.540347147580172,0.560597286859002,0.546916271201947,0.544567782179164,0.53837468675624,0.554065725408043
2021-10-16,8f4616698508f24d,be8bee783d22bee2,528b071cf3da7c56,8e5d953bdb9ae5e7,Luana Carolina,Loopy Godinez,1,0.276821235498933,0.285373463298556,0.320225773273488,0.320717508903091,0.338773617274858,0.301050173894861,0.33367377142672,0.289402527949839,0.333120509279176,0.321378084940054,0.344537480736623,0.309803639582472
2021-10-16,8f4616698508f24d,e3881a6895be3e9e,a6cba6bb66c1a8c9,abd5fb12437eda21,Danny Roberts,Ramazan Emeev,1,0.244647632095967,0.271724151626888,0.308223360625134,0.26475664874919,0.286962802125868,0.265386536405893,0.302375688271813,0.268032879553694,0.315123806627519,0.263453590280834,0.292220860787735,0.267229367200434
2021-10-16,8f4616698508f24d,fefa96b6d939ffea,12ebd7d157e91701,fccf811c1e8b01c7,Bruno Silva,Andrew Sanchez,1,0.665516542733525,0.670783046312531,0.641900482792776,0.654339942331798,0.638460115454201,0.667283926492246,0.639092179490385,0.672629986182355,0.635624530261614,0.658928400410084,0.637983877576193,0.650857974956486
2021-10-16,8f4616698508f24d,a2e1116a9fe84aa9,583ee11abddfc581,5b86d491d63890c5,Nate Landwehr,Ludovit Klein,1,0.196724181705442,0.197177004963208,0.240248800598143,0.212365359078761,0.237214205030357,0.19770329450118,0.240466026490454,0.193125037439724,0.248836459418502,0.207765742994181,0.240185463729496,0.218163138318875
2021-10-16,8f4616698508f24d,b193e2317b21125c,34ff304266360297,cc8c623cca88f54f,Manon Fiorot,Mayra Bueno Silva,1,0.735153799392936,0.698430612466389,0.665671191570079,0.687692901090375,0.668943382025603,0.691130900918024,0.659557942354333,0.687445689865768,0.64772272427569,0.690841309023602,0.666377855661071,0.700038349024265
2021-10-16,8f4616698508f24d,d9ca00b3c62a874d,a2ccf35a88346a91,d1941565abf50b16,Erick Gonzalez,Jim Miller,0,0.66436688662564,0.6804585550107,0.65017910683278,0.666755618002828,0.649771219006166,0.677358681419794,0.647707641146592,0.679481435756994,0.641204845775957,0.670587201947703,0.648315404799262,0.656430574723727
2021-10-16,8f4616698508f24d,188b63ec6ee1c1c9,3738e68d2261e60f,a2ea77e974c5889f,Andrei Arlovski,Carlos Felipe,1,0.414341149664471,0.413191022536228,0.428579382690274,0.407672219617651,0.417530477147451,0.409895341385183,0.425751142985012,0.397508902767424,0.420351463063081,0.411667991633158,0.423787640876328,0.416082492328482
2021-10-16,8f4616698508f24d,330e67abac6e5ce7,d3f5d33d61cd00c9,d4691518d012b9e7,Norma Dumont,Aspen Ladd,1,0.445423575568456,0.446164914550617,0.455798772075003,0.438644237292592,0.445267930123541,0.440546234076219,0.451107103226539,0.434857900191497,0.449549363018496,0.438846683965449,0.447312325275685,0.445338550744828
2021-10-23,8a9c6c4301f6d088,7151ae256e6c181b,41498c2d1a87b154,f2477cf43c4975cc,Zviad Lazishvili,Jonathan Martinez,0,0.420230486279608,0.430042654668307,0.442511081222233,0.433571993186295,0.440732630882991,0.428043977491811,0.440782985338104,0.418398182844765,0.436718664049395,0.430972455937029,0.440506853962873,0.431400642798648
2021-10-23,8a9c6c4301f6d088,61d9eff5fa4c8578,4a57ebb14315b251,dab8cfbb6b1db10a,Randa Markos,Livinha Souza,1,0.320308051476745,0.349157865229513,0.375040370671655,0.337963021628648,0.354532381756028,0.344623117217801,0.371037024099447,0.357339568795098,0.388524266536605,0.341442875469064,0.362344403864916,0.338792662594598
2021-10-23,8a9c6c4301f6d088,acec5f4c6fee1ae2,008ea710276c9606,31bb0772f21cabd8,Jeff Molina,Daniel Lacerda,1,0.52605900964129,0.508314699652325,0.506818315051387,0.507968489403345,0.507101000527397,0.509664921018803,0.507936204906439,0.51825421859049,0.514107525063257,0.510203710090697,0.508780077420241,0.51570874524124
2021-10-23,8a9c6c4301f6d088,6d7eecf4acecda2a,4c88a1db5a46c6a4,78e501478a36a018,Jai Herbert,Khama Worthy,1,0.471024504074869,0.477022450408606,0.48115390803889,0.48628818408333,0.487780501857513,0.477801670894416,0.481769010656497,0.472267916353934,0.478562609833491,0.482562353998043,0.484994234139239,0.480172028500311
2021-10-23,8a9c6c4301f6d088,85f920746c58d0a6,830f60497fab345a,a12a8314adc1c1c9,Jamie Pickett,Laureano Staropoli,1,0.330343344306996,0.386630709482413,0.406505431800781,0.390424396108377,0.402028699018493,0.397531360682893,0.415473641672895,0.411891226125335,0.431631336299315,0.395323639108687,0.409585162922691,0.368768872422413
2021-10-23,8a9c6c4301f6d088,1fe58cdab57d233b,37d752ec41ed84bb,d25240135aee03e5,Maria Oliveira,Tabatha Ricci,0,0.719162633841545,0.714515585973118,0.679677117629263,0.698983736328164,0.679338921030711,0.710624090131005,0.676490892345308,0.7183299140404,0.673353978859091,0.70124308579095,0.675716418017671,0.697780930844298
2021-10-23,8a9c6c4301f6d088,d44d735e5079bfb8,f6ad6a1e4d600e0d,ffe9703408fb5964,Mason Jones,David Onama,1,0.611441439859808,0.651334253963355,0.62537589033784,0.619589010616169,0.606993473347826,0.647212473647034,0.622048366977695,0.670764014407122,0.634108872976264,0.632047770124381,0.614321081032043,0.60901392453824
2021-10-23,8a9c6c4301f6d088,88256dd5a9aef1cc,285ae0b4a68221f4,d1c65d2cf2925ddd,JunYong Park,Gregory Rodrigues,0,0.359419961863154,0.314894390174063,0.34582988353508,0.349566178103293,0.365090380847424,0.320990278116016,0.350876294757844,0.297643776424098,0.339977443672751,0.337680411970804,0.35901560677203,0.362512757949727
2021-10-23,8a9c6c4301f6d088,e078d18fa9ed100d,8c57c7b8c3bab0eb,f9d0cae37dabfafc,Nicolae Negumereanu,Ike Villanueva,1,0.78020192413057,0.778616723109431,0.737160021993284,0.779137926258637,0.754616907657878,0.785633456556166,0.743921084564675,0.793572725242511,0.738948951304982,0.781985695482926,0.750078173405732,0.766469064800805
2021-10-23,8a9c6c4301f6d088,587d373f18f6c8c0,8be158ca1e5ea6a0,a8283a4f415e1eb9,Dwight Grant,Francisco Trinaldo,0,0.532356567713311,0.543881762210642,0.53601367981713,0.54068078571979,0.53626794523693,0.543296346361064,0.53557972331974,0.547227525156807,0.5365364865033,0.542373511231007,0.536482910583658,0.5344937360617
2021-10-23,8a9c6c4301f6d088,98842f17dfe4b4ef,7aa3d6964eff4877,a68575214ecad140,Alex Caceres,SeungWoo Choi,1,0.501324871143608,0.454369506548113,0.46254856781187,0.489607837248936,0.490739065943236,0.464165482090013,0.470559776606481,0.432273458599988,0.447538009683479,0.483256979605248,0.485592104714893,0.49554176835563
2021-10-23,8a9c6c4301f6d088,69167b996ce7a7e4,6c8072b61c276e67,f9ab66e67240db7b,Jessica-Rose Clark,Joselyne Edwards,1,0.380366475241411,0.327140918639577,0.356326624151513,0.344641046492003,0.360613026971737,0.323423719314717,0.352962988457025,0.299894215496451,0.341842386735994,0.334967389019967,0.356612445857756,0.369522041239776
2021-10-23,8a9c6c4301f6d088,860be3cc82895177,2e5c2aa8e4ab9d82,7acbb0972e75281a,Paulo Costa,Marvin Vettori,0,0.215914068942193,0.239422508108756,0.27932682556382,0.242407131355509,0.265913617547074,0.237476524561862,0.277305242904356,0.239337582244483,0.290391781266818,0.237880360195873,0.268577804863546,0.242345721666547
2021-10-30,3974fa35c917af1d,6163c18411aca830,253076a23d03dcd0,f00ac08ab056af5d,Allan Nascimento,Tagir Ulanbekov,0,0.411659816127829,0.403835235706031,0.420821761889446,0.411960334761835,0.421377702905961,0.401544521170858,0.418813191744783,0.392261021282735,0.416222219488142,0.407241725841797,0.419946085157213,0.416960319732629
2021-10-30,3974fa35c917af1d,4a5e5232346993c7,5f61780fe5e9b6d0,f1175ea3aafbf351,Andre Petroski,Hu Yaozong,1,0.735194100655428,0.673499202128411,0.644220396546377,0.681892264286798,0.6636186614606,0.672893670995856,0.643884057448063,0.674621827813822,0.6372443512782,0.676903308424494,0.653931825310577,0.697304025887626
2021-10-30,3974fa35c917af1d,156f2425a937b22f,396fe87b84ac2e1c,87a1dc546b1c5caf,Lerone Murphy,Makwan Amirkhani,1,0.735652510413853,0.739641323533933,0.701860505866018,0.73262418748762,0.710585344130906,0.742620609028,0.704759703653357,0.744753780856809,0.69581005478944,0.740751263643552,0.711640395372214,0.722132799791509
2021-10-30,3974fa35c917af1d,92c49cb075f612d7,0d65c432720accb9,0d980975001ae3d8,Michal Oleksiejczuk,Shamil Gamzatov,1,0.626381495825048,0.613953749440854,0.593982181408729,0.601200244108742,0.590438070532998,0.604122566646523,0.585903741698351,0.602819338097981,0.579906588603832,0.59725092762873,0.583956530609558,0.606892141656143
2021-10-30,3974fa35c917af1d,efc6af0151f72b87,8adcbd525fab8d9b,c2299ec916bc7c56,Elizeu Zaleski dos Santos,Benoit Saint Denis,1,0.516122618422773,0.539951417282272,0.532783316204731,0.513402079084481,0.511943443796825,0.533682254227309,0.527670205392248,0.555471824075454,0.542934146684935,0.518677528072758,0.516072981443937,0.513839928074409
2021-10-30,3974fa35c917af1d,768c86e307295944,6b7c7460855dbbb9,9d83f6da776ff7d6,Albert Duraev,Roman Kopylov,1,0.43320381210163,0.391064834337244,0.410201978710259,0.407529874754054,0.417402724247182,0.389538376819284,0.408811094509568,0.379777978955978,0.406367819200984,0.397352037696846,0.411350408837888,0.424553271406757
2021-10-30,3974fa35c917af1d,41cdfea7df63003f,1ae8f3c723aacff4,aceffa19749c4dc0,Ricardo Ramos,Zubaira Tukhugov,0,0.654976148583204,0.654916540381907,0.6284086420858,0.650833472572258,0.635272713416477,0.656945304834014,0.630294093786471,0.662252781809856,0.627216955234676,0.653349186477956,0.633055272849519,0.644273793520448
2021-10-30,3974fa35c917af1d,d84968d7e9fcb4f3,7dda2cf308f24a02,beecb672a279223e,Virna Jandiroba,Amanda Ribas,0,0.386874709640785,0.430409753903816,0.44281404628556,0.399295044795661,0.410007068846649,0.421193881644945,0.435116149457616,0.43276311839105,0.447919176695568,0.40614758647901,0.41899596961515,0.399455033176192
2021-10-30,3974fa35c917af1d,58b19ba734fe93a3,0845c81e37d3bcb3,d802174b0c0c1f4e,Volkan Oezdemir,Magomed Ankalaev,0,0.308940401974435,0.373854402161552,0.39582517306768,0.36047227198945,0.374984406903261,0.368472266453449,0.391171576857167,0.380562874654353,0.40698884897992,0.362488165835963,0.380885235570714,0.344258294945868
2021-10-30,3974fa35c917af1d,987cdcbc809e210d,767755fd74662dbf,e64b96c07d7ce999,Khamzat Chimaev,Li Jingliang,1,0.678742609200843,0.638452059713996,0.614507260112218,0.64802119733455,0.632718494313634,0.639552439761952,0.615582051690571,0.621378295310199,0.594547416332057,0.646014721021881,0.626590380100329,0.653963118785183
2021-10-30,3974fa35c917af1d,13e3e41e0c6f4e04,279566840aa55bf2,c9cf753cfdf77fc2,Alexander Volkov,Marcin Tybura,1,0.648104525799037,0.664472958327237,0.636522805504206,0.645657373237464,0.630573027000051,0.659319582486337,0.63231090593049,0.662236634276051,0.627203912388508,0.650644309239837,0.630669238676466,0.63857367705386
2021-10-30,3974fa35c917af1d,5ad4c0eae7512878,193b9d1858bc4df3,275aca31f61ba28c,Dan Hooker,Islam Makhachev,0,0.2563687573542,0.287303256083779,0.32191380751113,0.277572192602935,0.298932091273479,0.279820724411747,0.315133120252006,0.285052441463921,0.329483136986295,0.273938372996114,0.301807411936186,0.279121100154941
2021-10-30,3974fa35c917af1d,18edff5447989b3f,65f09bacd3957381,d661ce4da776fc20,Cory Sandhagen,Petr Yan,0,0.464757687543829,0.469432082346519,0.474923860877875,0.469346948892028,0.472677412883047,0.465484017812509,0.471644179155783,0.46118726415271,0.469985150241675,0.468672822012616,0.473035426895657,0.469082002460114
2021-10-30,3974fa35c917af1d,919fb76d2f3e5827,7ff97850e8c32bda,99df7d0a2a08a8a8,Glover Teixeira,Jan Blachowicz,1,0.380202546927016,0.301822679556688,0.334548255240682,0.352633124348079,0.367875516222229,0.305775072271426,0.337767429116913,0.256257920995674,0.30505992735241,0.337404855600093,0.358771632343286,0.373448441981406
2021-11-06,48e093ea1f43a053,8081cb92f71401c6,077e3ace32b72be9,6d68c1afe954f121,CJ Vergara,Ode Osbourne,0,0.572309146339369,0.570834808017959,0.558213168217712,0.557242760595644,0.551056202870882,0.569307796384632,0.557028255608854,0.585138378908449,0.566045171368363,0.561282601511905,0.552799354420127,0.560727347746248
2021-11-06,48e093ea1f43a053,73d541adc2909dc8,0e5c4e72237461bb,a52bc1e62cf0b7c6,Bruno Souza,Melsik Baghdasaryan,0,0.474526713893333,0.491488182109455,0.49302003168401,0.489965830914084,0.491058108514035,0.491015188994259,0.492622297885265,0.490116187432956,0.492362396605295,0.489174417678179,0.490684772454634,0.483552618614625
2021-11-06,48e093ea1f43a053,88cc78d2d5d6bcaa,6ebe96a116e79e52,e4277e87a789d687,John Allan,Dustin Jacoby,0,0.481602179298552,0.503169354284244,0.502598903045106,0.506532585945718,0.505821383287655,0.508405451678786,0.5069019423044,0.49094580533918,0.493003533446298,0.509154453008509,0.507877158423171,0.494828814883283
2021-11-06,48e093ea1f43a053,e25875165648162b,7a5e8c94a86f9895,fcd448a2fe1a23cc,Chris Barnett,Gian Villante,1,0.50367114866417,0.537626304082358,0.530872935262448,0.531424604671431,0.528010680164239,0.53809960841819,0.531303416239969,0.545412179841104,0.535128896232266,0.535477512047829,0.530539871971683,0.516976496377227
2021-11-06,48e093ea1f43a053,733dcfec0cc9b439,442c9011034ae1fd,e26bd53b751d61d9,Ian Machado Garry,Jordan Williams,1,0.682663496613506,0.670310935423346,0.641497563469474,0.665676655430439,0.648786629712657,0.673442495309541,0.6443535766363,0.683310892951266,0.644334539676657,0.668322964853643,0.64630538569456,0.664369425426843
2021-11-06,48e093ea1f43a053,095a351dd6f09f7e,4144798612ef96e5,881bf86d4cba8578,Edmen Shahbazyan,Nassourdine Imavov,0,0.512433145891321,0.513864635033102,0.511370047979607,0.518277777689818,0.516289179561774,0.513906981473143,0.511420005398029,0.501171818762918,0.500905462718664,0.516007347694502,0.513774710851132,0.514539770824002
2021-11-06,48e093ea1f43a053,fa3b28ff3585b4a0,5442f1bc4b47eaf3,547afe1017e72dbe,Chris Curtis,Phil Hawes,1,0.275267896575507,0.322051066905302,0.351972138574501,0.31318868131444,0.331866549009801,0.316349283894377,0.346889256889732,0.3223689191249,0.360304604737262,0.311709541642346,0.335905530515062,0.30544674027501
2021-11-06,48e093ea1f43a053,d69e3677060af4c7,59279a7c978f7da0,887961364be5ceb3,Al Iaquinta,King Green,0,0.465390726335951,0.492276283192162,0.493666335681481,0.502735464474311,0.502437630893263,0.502083045675209,0.501710395520776,0.502134776703498,0.501649541793948,0.507410605364222,0.506376561067339,0.485606950825597
2021-11-06,48e093ea1f43a053,385101e8ad828c39,79325a3c1a5c3bf4,e5549c82bfb5582d,Andreas Michailidis,Alex Pereira,0,0.512184541399799,0.528266790593102,0.523187054683269,0.5228078174836,0.520327396528134,0.530130255598017,0.524749771407134,0.535673991220598,0.527584104485468,0.526846311924701,0.523105621125479,0.516633767668284
2021-11-06,48e093ea1f43a053,999a0fad4c82148d,4b93a88f3b1de35b,9e8f6c728eb01124,Michael Chandler,Justin Gaethje,0,0.238931660532128,0.275391501031912,0.311459370282852,0.277659533111373,0.299013431565581,0.274162373755341,0.3101475988337,0.278072518939931,0.323619584924964,0.275381857119045,0.303122760587945,0.270696656271658
2021-11-06,48e093ea1f43a053,a260238fdb9c47cf,98d961097baaf308,aa171d55d4b5208f,Shane Burgos,Billy Quarantillo,1,0.43497390352898,0.435417958515463,0.446945281864026,0.463070333763719,0.467078911549031,0.446085533637394,0.45567462788942,0.441028474055877,0.454347251145035,0.457563778831737,0.463463029649397,0.452461629071983
2021-11-06,48e093ea1f43a053,c634ed84212723ca,7c7332319c14094c,f2688492b9a525a3,Marlon Vera,Frankie Edgar,1,0.637508191083327,0.572173007834435,0.55931793704634,0.58915618630245,0.579623780442137,0.575750403858103,0.562355007894532,0.557334687029442,0.544381015672273,0.58323941316621,0.571796436914298,0.60626510268469
2021-11-06,48e093ea1f43a053,19722043e7eb4e39,1ebe20ebbfa15e29,47b63240018d5d86,Zhang Weili,Rose Namajunas,0,0.335586582289854,0.315759458367848,0.346573581348795,0.333061633747485,0.350061985666446,0.316275519290626,0.346825807115035,0.303710114456862,0.344997544715825,0.327230282070024,0.349745445642209,0.34345777153354
2021-11-06,48e093ea1f43a053,31b3ae9352d9389b,dc9572dd6ec74859,f1b2aa7853d1ed6e,Colby Covington,Kamaru Usman,0,0.218914412808668,0.270103225864971,0.306790376741074,0.252580258690263,0.275524036621387,0.265356375993785,0.302348892283591,0.284303290583362,0.32885543129065,0.253651642861689,0.283204421245627,0.248754197766058
2021-11-13,b5abaa65f87938eb,81bb4d9b214adf4b,74f9448b97bf8bec,8667caa0451d245b,Da Woon Jung,Kennedy Nzechukwu,1,0.562718648203159,0.524429222165022,0.520037350901403,0.525472992741542,0.522703528670384,0.518630485816072,0.515299830677705,0.50107635251036,0.500831695982975,0.52082256822072,0.517919425739188,0.540927270695983
2021-11-13,b5abaa65f87938eb,2c21abbc28e3876a,029afd138865d20a,32c355b04fc57f3a,Rafael Alves,Marc Diakiese,1,0.426723011994987,0.463254451159815,0.469850602616126,0.446326658201749,0.452132683258772,0.461072899799722,0.468015811151239,0.474135202397756,0.480007131740761,0.452835619592171,0.459386172292076,0.440564269148707
2021-11-13,b5abaa65f87938eb,66eee2320e900a8a,5f179af5fffeb9f6,eebc23626e38f5dc,Cortney Casey,Liana Jojua,1,0.532166192439692,0.53900585875303,0.532006362854312,0.529171848772368,0.526001684198045,0.541817491034146,0.534362555032665,0.561488294709123,0.547608923623709,0.534124462440347,0.529374175166777,0.528799839792529
2021-11-13,b5abaa65f87938eb,a27a355f52883f3e,047a91d3d9c79b05,4682bc59d5f55145,Collin Anglin,Sean Woodson,0,0.357431639050951,0.412608855860223,0.42809717536806,0.412146629855743,0.421544787375624,0.4188109962208,0.433143005334854,0.42722089853731,0.443602461637942,0.415509582315951,0.427119162114386,0.391982498205076
2021-11-13,b5abaa65f87938eb,c0518d213b67e754,05fa626cb33d15b8,98215d037be5bcb7,Andrea Lee,Cynthia Calvillo,1,0.51376061061211,0.554572688923162,0.544808411526733,0.530020670273642,0.526758632277432,0.552142215733815,0.542864807758805,0.57686932654764,0.559586965000347,0.536976114238735,0.531831103484359,0.520864394431279
2021-11-13,b5abaa65f87938eb,0273dbd5dedbdbe0,58bbef3770bb2dfc,d945aae53e3e54e6,Joel Alvarez,Thiago Moises,1,0.440813720421374,0.424399818506635,0.437851404311816,0.424426907681471,0.432549055744113,0.42139462063068,0.435282325624612,0.417673631735548,0.436152642686266,0.42108357436927,0.431949013102462,0.436294665469629
2021-11-13,b5abaa65f87938eb,73c97d5c314f1270,1291edf2d566a71a,efb96bf3e9ada36f,Julio Arce,Song Yadong,0,0.307329348402409,0.295194379225831,0.328794600145786,0.309018941904144,0.328033517679544,0.294918616258751,0.328344202555334,0.288280903050477,0.332183866300292,0.301427264499881,0.326685290246497,0.318549981154717
2021-11-13,b5abaa65f87938eb,8636b67096df4b27,2558ae2e5671e318,82d4c957649faf9b,Khaos Williams,Miguel Baeza,1,0.490669444376659,0.503304254139747,0.50270952334485,0.515287368096992,0.513623746950178,0.509824462608474,0.508067220987917,0.507713908306708,0.505960712325928,0.514804544066,0.512739505640115,0.503209859230692
2021-11-13,b5abaa65f87938eb,e6ce8360ef43891c,39d91e95949de3d9,8cb78f3a6c2a08f7,Felicia Spencer,Leah Letson,1,0.413184575134973,0.414646747719355,0.429784871331377,0.409609384600278,0.419268780655127,0.408507878247783,0.424599427216517,0.410379565870254,0.430448122875219,0.40451604163864,0.417578800844008,0.416504997134449
2021-11-13,b5abaa65f87938eb,1013cdbb6c9a4a2e,ab943cd2c3c17825,bd58d34e39b7b12a,Marcos Rogerio de Lima,Ben Rothwell,1,0.564999444867636,0.500831190090225,0.500681581621035,0.533639220249538,0.529985891735395,0.506110210941456,0.505017185820449,0.479214581539601,0.483935417867716,0.523086245509599,0.519868178916724,0.545930475541663
2021-11-13,b5abaa65f87938eb,147e984aa34e3028,150ff4cc642270b9,cbf5e6f231b55443,Max Holloway,Yair Rodriguez,1,0.752462158667635,0.769375446825585,0.72867969361337,0.728840532847265,0.707048576143445,0.760990510756205,0.72130263859572,0.784315851594051,0.730576733999784,0.740039953943513,0.71098651985612,0.72825102667312
2021-11-20,c95fbc085e17a532,8dd086e2e70144fd,a3a542074109b347,e94085e821bd81de,Luana Pinheiro,Sam Hughes,1,0.660189435258393,0.648455219736685,0.622941878523253,0.629812591195212,0.616224225620541,0.64387634593978,0.619229696737026,0.658061861447106,0.623835819587322,0.631008160322738,0.613409889388123,0.636459068388449
2021-11-20,c95fbc085e17a532,1ff89e2a9cc2f2d2,0a73acff6325c1e2,bd5403efbaa445c0,Shayilan Nuerdanbieke,Sean Soriano,1,0.906463399773708,0.937724134256603,0.902363073344625,0.951759566143225,0.934466903405874,0.953985065688619,0.923389654900338,0.954896760868392,0.913629267492661,0.954336168429894,0.93185323274875,0.9228829189907
2021-11-20,c95fbc085e17a532,84c68c4c387d2e32,7d420039bbfe7c1a,7f6ed67d3ed3c036,Aoriqileng,Cody Durden,0,0.37396754509488,0.355898041018609,0.380732946081763,0.371497622850516,0.384959899949711,0.358025905512321,0.382375808073962,0.360851705031856,0.391329338483832,0.362143631247371,0.380582709142217,0.379956958163735
2021-11-20,c95fbc085e17a532,450534f9fb9b13cd,4e30e4250cb08b61,8e5d953bdb9ae5e7,Loma Lookboonmee,Loopy Godinez,0,0.439054095307843,0.443404287318119,0.453525932549715,0.46504173332566,0.46883753864048,0.456561835937517,0.46430354334091,0.460755242879543,0.469650505664392,0.465768295149847,0.470533436116994,0.455283231214564
2021-11-20,c95fbc085e17a532,fd60e75303622e5e,a29db9cd4f9ccea5,e132d47bd9efbbe0,Natan Levy,Rafa Garcia,0,0.466734068183181,0.439690584767627,0.450466929193083,0.456126801786264,0.460883029517115,0.441956630960399,0.452270431449721,0.433917184570927,0.448817377306717,0.450210584477775,0.457121926112005,0.463536618757087
2021-11-20,c95fbc085e17a532,f592f168f3b8b807,7832f2f62f04178f,b8bbdeff718dbb7d,Tucker Lutz,Pat Sabatini,0,0.493217765475172,0.539031815327119,0.532027690023613,0.525022646882708,0.522302005712912,0.541369275096787,0.533993691267522,0.55482643843647,0.542432995802627,0.532461530741614,0.527941657924275,0.509112328464829
2021-11-20,c95fbc085e17a532,9b9ef12603e820ec,0232cabbc30a2372,113df4fde64735c6,Adrian Yanez,Davey Grant,1,0.747017057290324,0.727342727608426,0.690952468267791,0.722588365642188,0.701217444757751,0.727839341801372,0.691620813198617,0.732809422820974,0.685592432309149,0.725012432060854,0.697236423559308,0.72258265764183
2021-11-20,c95fbc085e17a532,1cd8f5a107f64e39,94527830000ab715,a7897d200692ab64,Rani Yahya,Kyung Ho Kang,1,0.422994762417978,0.496962360966032,0.497509105701627,0.441195604301744,0.447548309829258,0.480671906651099,0.484127093477203,0.521135678328456,0.516335419097731,0.450810376179755,0.457639334895106,0.436368329486659
2021-11-20,c95fbc085e17a532,bb15c0a2911043bd,12f91bfa8f1f723b,f7467152fd9f18a2,Joanne Wood,Taila Santos,0,0.25206734730281,0.28060950024129,0.316049365146688,0.271147027657741,0.292939805959813,0.276556907527582,0.312259781569169,0.27776130904273,0.323357347255025,0.275155962318239,0.302916987642533,0.273918704760729
2021-11-20,c95fbc085e17a532,50bf4bb2f8d9aba4,45f7cb591c3ab00b,c58f51dedb310998,Sean Brady,Michael Chiesa,1,0.487251739703335,0.445984169416639,0.45564999144974,0.473626571586531,0.476493630771758,0.456256809528869,0.464052462847847,0.442081773416915,0.455165651600484,0.468847201542832,0.47318562377265,0.481372870632187
2021-11-20,c95fbc085e17a532,18f19b1422e8154b,b96619b3acd7d9da,b9706f80d005036c,Miesha Tate,Ketlen Vieira,0,0.406809621456705,0.370458626933981,0.392978722469905,0.397212096682025,0.408134769149368,0.370818504354109,0.393142413138142,0.343645174711064,0.377539112953795,0.387654911392822,0.402903909101972,0.407533335097514
2021-12-04,509697e08673d2e5,1ce1a43ef68ffc7d,37098a6e6c27fb66,d2bc285ead803db0,Vince Morales,Louis Smolka,1,0.434050815590683,0.461095252673676,0.468076714613681,0.452663569992698,0.457791566037917,0.45542931487507,0.463371271619427,0.468977363555759,0.476016458321977,0.449911671957765,0.456864057940112,0.44698913942844
2021-12-04,509697e08673d2e5,c74b03337a8441ed,d747eb273a40a920,feaf00f3373435d6,Claudio Puelles,Chris Gruetzemacher,1,0.732112655679466,0.688735962481892,0.657294968340975,0.7066610974003,0.686432327480058,0.696744268906976,0.664413925229752,0.684174132598872,0.64504112958739,0.703871801530671,0.678083674852463,0.707684634464436
2021-12-04,509697e08673d2e5,42b28adbed6966b7,5da33b8fbfa5ee95,a495f599e787614f,William Knight,Alonzo Menifield,1,0.367420512459738,0.365390304217291,0.388723808747999,0.382001593062721,0.39444087377686,0.368774799424498,0.391425797515848,0.3581513835104,0.389173072516458,0.377253490728041,0.393821773918969,0.382089598611669
2021-12-04,509697e08673d2e5,3fc8afbb23b9ac16,19b7738321cfae42,4959f10a62f3fec3,Mallory Martin,Cheyanne Vlismas,0,0.348441140212866,0.352645610412985,0.377988015066716,0.366812045782958,0.380723620666964,0.356869171508706,0.38139966670936,0.350130384830864,0.38275106952673,0.36326600384345,0.381568117897026,0.36592518615385
2021-12-04,509697e08673d2e5,405bded9cc7a7c15,326a001926ffb7ec,a331233f597090a5,Darian Weeks,Bryan Barberena,0,0.579064153727608,0.577308876010182,0.563560609696388,0.586328638130344,0.577087882270758,0.581923564410426,0.567465449724797,0.570200701309425,0.554388595289182,0.586633434067266,0.574739023916448,0.577984897651264
2021-12-04,509697e08673d2e5,376dddfa82debbf4,55fa6ce3e522c8bb,5d1b7e3dd9e11074,Zhalgas Zhumagulov,Manel Kape,0,0.346432102178019,0.330295440936835,0.359019806635545,0.338044324680876,0.354606481489575,0.327790154665187,0.356700776102291,0.314624160257619,0.353974555254904,0.332170535861094,0.354132474857166,0.350886602553089
2021-12-04,509697e08673d2e5,723a8a8c82cab1c8,866fd7b1a6c90e7f,c549573c0df4d676,Dusko Todorovic,Maki Pitolo,1,0.607509547795025,0.613356709625692,0.593484072951466,0.604693351580872,0.593578577982145,0.615953552695472,0.595775872453823,0.627313755361733,0.599252509878213,0.610511060216056,0.595497126655277,0.599919686981393
2021-12-04,509697e08673d2e5,657b7da9c89352fe,9e50097a89442158,cdb96af67d096b1e,Mickey Gall,Alex Morono,0,0.364352718502436,0.358087212866726,0.382578490659563,0.370396684403733,0.383964933674274,0.35796483013282,0.3823242791464,0.340444996453135,0.374960462119867,0.363440439375782,0.381721236969316,0.375015014291944
2021-12-04,509697e08673d2e5,9e5bbbacf1d92cb4,2f181c0467965b98,5442f1bc4b47eaf3,Brendan Allen,Chris Curtis,0,0.68335786087129,0.681220129926303,0.650832488923867,0.668800373886886,0.651638002409681,0.681703865152044,0.65143703112848,0.690746458063543,0.650434335848364,0.675687083158434,0.652849229022052,0.666218480562492
2021-12-04,509697e08673d2e5,5d64044b985004e7,9c65736747ca92ec,c47df9303d318c67,Leonardo Santos,Clay Guida,0,0.66517271898,0.683712211046323,0.652972384906437,0.655253785315066,0.639291303629167,0.679738730741392,0.649749346924815,0.696279983640006,0.654994279366438,0.664651136362403,0.643049502572407,0.651145921172584
2021-12-04,509697e08673d2e5,b3847772199e2639,5444c5a201d3ee5a,70e1f8a821b72c8b,Jamahal Hill,Jimmy Crute,1,0.331039793480038,0.345864307616536,0.372252823459898,0.357161281752802,0.371983561018132,0.346661844408042,0.372765924079734,0.346945343575902,0.380193609053733,0.356086044869267,0.375258448650353,0.35313561712888
2021-12-04,509697e08673d2e5,a38648a1c190f9be,37ed1ab2f8b819f4,c814b4c899793af6,Brad Riddell,Rafael Fiziev,0,0.550293939047423,0.544488415178632,0.536512417448067,0.543364846663675,0.538663256039255,0.542052698901624,0.534556128923482,0.531175331749866,0.524101713388552,0.542239022295533,0.536366973980501,0.5439465060198
2021-12-04,509697e08673d2e5,3109d1151f149aaf,05339613bf8e9808,d0f3959b4a9747e6,Rob Font,Jose Aldo,0,0.557674029955112,0.569335356058731,0.556975606430643,0.538376231801079,0.534211660756944,0.560638863066145,0.549870591033397,0.584857035390251,0.565825201424571,0.544138845025527,0.538004851633384,0.544882489548464
2021-12-11,ef927e4fe2117ab8,505397f405e40206,38c7f72747f4f712,b1e5bcaad32a3cac,Gillian Robertson,Priscila Cachoeira,1,0.757304167987661,0.733447849041893,0.696354876209277,0.735761499300387,0.713522600579731,0.738054181254575,0.700685113637558,0.742272106613642,0.693677544884772,0.736978064944374,0.708175072642666,0.733963793567333
2021-12-11,ef927e4fe2117ab8,8bcdcfb0f93f1409,1a08b01fdabb6ae2,325ad0dd9126d3df,Tony Kelley,Randy Costa,1,0.324829060803065,0.350954405102519,0.376559243524071,0.342483901323307,0.358650099730598,0.348016472685999,0.373913846052907,0.349623524391076,0.382344367492619,0.344651853827282,0.365179977753787,0.343105043749871
2021-12-11,ef927e4fe2117ab8,537a5aa4c248830e,34e516ab361afb1c,8866c6f509c19089,Darrick Minner,Ryan Hall,0,0.465105005524712,0.487550906620511,0.489790969258577,0.478922985595742,0.481215568435471,0.485451253841329,0.488052901444787,0.486342655078362,0.489445938674601,0.481429960965206,0.484019540611684,0.473898760587921
2021-12-11,ef927e4fe2117ab8,fc2a30bfb760bdf8,669970f7feba8ecd,f29a6350c69f4a33,Erin Blanchfield,Miranda Maverick,1,0.451781832570139,0.412633475295359,0.428117568920208,0.434737657205378,0.44177511685215,0.414538023041268,0.429602211857155,0.402622526278019,0.424367941756072,0.425860638307063,0.436084737672302,0.446310164636176
2021-12-11,ef927e4fe2117ab8,16243b1470887cb6,886264a0c9f4ea5e,cad24459b28592ca,Andre Muniz,Eryk Anders,1,0.596231758537457,0.535782071118162,0.529357973751533,0.567286446582553,0.560035181846694,0.54223779238967,0.53470846267203,0.505910276917257,0.504566945046109,0.557628699950735,0.549643733251218,0.57656234367112
2021-12-11,ef927e4fe2117ab8,9039762cb9f4abdb,12ebd7d157e91701,c878270af633eb11,Bruno Silva,Jordan Wright,1,0.689901749468505,0.694606306749223,0.662361376460434,0.665915762505277,0.649004795553111,0.686335583965539,0.655421800193171,0.702988845677909,0.660547378763651,0.674719107958185,0.651987986554709,0.66787847592174
2021-12-11,ef927e4fe2117ab8,50f2539c73b98eec,441eacbe20e0e80b,c62fbc117d57b943,Augusto Sakai,Tai Tuivasa,0,0.362349733878141,0.355888386277596,0.380724803219742,0.375105356958245,0.388218671195025,0.359369965134044,0.383509469479859,0.345058606147727,0.378676588960101,0.370128638600348,0.387586174890217,0.376392944514548
2021-12-11,ef927e4fe2117ab8,abb8c6c0a057184e,10f3ba6cd2f44a97,6bd02119599741a4,Dominick Cruz,Pedro Munhoz,1,0.531281733962706,0.531465302044529,0.525812929973866,0.548876103659504,0.543583094103418,0.537708844608746,0.530981956766544,0.522353482760996,0.517277132303669,0.548836986792368,0.542056478606033,0.538007200222282
2021-12-11,ef927e4fe2117ab8,6537a32e7af905b0,82a5152216251682,fba03cd6cc28dc41,Dan Ige,Josh Emmett,0,0.574650041711845,0.580152724334209,0.565911791102725,0.577816255413574,0.569459664402098,0.580601085334809,0.566370076626013,0.582654461617678,0.564103701301251,0.578351086082012,0.567561378201865,0.57181668903828
2021-12-11,ef927e4fe2117ab8,8c01b7dccc4d0926,82b4e942781b1046,b50a426a33da0012,Raulian Paiva,Sean O'Malley,0,0.312249648676928,0.359316092142177,0.383613772230536,0.356227142853615,0.371136476513343,0.360756064212822,0.384677966139959,0.372068492552869,0.400257107896204,0.356039521686003,0.375217518314714,0.343812615829952
2021-12-11,ef927e4fe2117ab8,795aa42785a46643,853eb0dd5c0e2149,d8c7c61b176e3994,Kai Kara-France,Cody Garbrandt,1,0.402344225752939,0.39570887778817,0.414068322983216,0.406012595529804,0.416040805832178,0.393896859132465,0.412446001777659,0.389331168683514,0.413913517090306,0.399343313025836,0.413082580638923,0.40980874263136
2021-12-11,ef927e4fe2117ab8,2d0d13dfc6c37ba8,6d1bffff14897645,b997be68943010fc,Santiago Ponzinibbio,Geoff Neal,0,0.406213178703016,0.396005069371339,0.414314738978712,0.407383112073256,0.417271003430508,0.398793686227463,0.416524477075457,0.387149801155689,0.412192987196415,0.405020230722157,0.418016792192131,0.41224264473775
2021-12-11,ef927e4fe2117ab8,0b633295d9e017a3,3253b16d38ae087d,80fa8218c99f9c58,Julianna Pena,Amanda Nunes,1,0.156353483488009,0.151322570263533,0.195618218683423,0.183066492769916,0.208687525362522,0.159913995543651,0.203899306104618,0.147669422153156,0.20512939844549,0.17458370117321,0.208054636678794,0.183484677321919
2021-12-11,ef927e4fe2117ab8,b22eab3aa1522f40,029eaff01e6bb8f0,07225ba28ae309b6,Dustin Poirier,Charles Oliveira,0,0.435952857525618,0.421723892899499,0.435639879406502,0.431176941414457,0.438590243513621,0.424051067245616,0.437480741801328,0.42551375639159,0.442271675782361,0.427956330453458,0.437898086742656,0.437393127167885
2021-12-18,2a470ad41c22c25a,ea76a3af8c5ecc55,5b8ba8f5512893b1,ac026518a9b4dc0f,Matt Sayles,Jordan Leavitt,0,0.471849244798522,0.50404658016454,0.503318246446008,0.487028913785332,0.488440677405179,0.495235520734308,0.49608783950787,0.504122498241216,0.503185475359007,0.491892778333045,0.493023999392386,0.480907187119695
2021-12-18,2a470ad41c22c25a,a760d0f5de2e1aaa,1a9480fc288e55d7,b5da8f7d05e85a55,Don'Tale Mayes,Josh Parisian,1,0.514294552761968,0.517876005738943,0.51466049070706,0.531837253760141,0.528378703431973,0.522962251488918,0.518858664580944,0.513931368802396,0.510765864008417,0.529668584202546,0.52553605807947,0.521992463788956
2021-12-18,2a470ad41c22c25a,85d9a516c3c6c205,9cdd2da1a9104a0b,fc169c387b4b465d,Macy Chiasson,Raquel Pennington,0,0.514836770549827,0.517760226754402,0.51456551164339,0.509556864336373,0.508516522263519,0.515509310859905,0.512736052196124,0.512178617459367,0.509411143751128,0.514040803101926,0.512082204273502,0.511384705626973
2021-12-18,2a470ad41c22c25a,b4f88d65b47c2a39,5f6f049d54728e88,f1d64ae34e088832,Andre Ewell,Charles Jourdain,0,0.427686200290598,0.46289083166982,0.469551897813316,0.46762185038998,0.471138883635017,0.472652467816504,0.477537593157874,0.483540378895319,0.487279831289419,0.472773958253047,0.476567392743846,0.451328215740603
2021-12-18,2a470ad41c22c25a,dd552b389152636a,4234f0097c83fa62,a4a80dd7336ffd59,Sijara Eubanks,Melissa Gatto,0,0.374708267947179,0.367982088342987,0.390900626883502,0.356293510319914,0.371196665627411,0.356753343908211,0.381301897719831,0.357085286719669,0.38832098990366,0.353038578860393,0.372576043382409,0.372788345110481
2021-12-18,2a470ad41c22c25a,fc0927c657c51622,e13abac8089a801a,f703250471acaf96,Justin Tafa,Harry Hunsucker,1,0.614390438837913,0.587080617556079,0.571645608008428,0.585968293415371,0.576764781279144,0.585759412230994,0.570644383798981,0.583184172641727,0.564517620433894,0.584368747003626,0.572775360175525,0.593975566093751
2021-12-18,2a470ad41c22c25a,bdaca0a96d44438a,6ac9bc2953c47345,71505842fb6455c3,Gerald Meerschaert,Dustin Stoltzfus,1,0.690786508068397,0.677778239312588,0.647881645011637,0.656464298963877,0.640392651950232,0.674883015695695,0.645586555410373,0.696651107899577,0.655300753618832,0.660353458752556,0.639244317507119,0.663726285395046
2021-12-18,2a470ad41c22c25a,2a5484a6d5e7a2da,92a9aa9c93192871,d247691a6c0e9034,Darren Elkins,Cub Swanson,0,0.472190314901902,0.423171025699443,0.436836016523558,0.441522321599459,0.447840283984146,0.421907327007558,0.435706723708287,0.405928768395544,0.426961257823115,0.431340672121909,0.44082525940433,0.458864881198904
2021-12-18,2a470ad41c22c25a,730f14ccff80f3b0,72db2a14ffa73ece,f53d4f21d1b5f2dc,Mateusz Gamrot,Diego Ferreira,1,0.578132093091108,0.58456841861758,0.569565373586299,0.563428941872077,0.556585488095549,0.57830128563131,0.564465952127948,0.582818891604681,0.564232181393804,0.566722121315145,0.557499868356684,0.566393401784845
2021-12-18,2a470ad41c22c25a,a43dcd04788d95c7,2f13e4020cea5b38,5987b2458f4b5290,Raphael Assuncao,Ricky Simon,0,0.12863280680803,0.125247281432475,0.168848960305296,0.142577447717311,0.1681621218567,0.124877202285043,0.168161659539891,0.113093100013581,0.169187899672891,0.135243117237458,0.168477942074138,0.149140237539487
2021-12-18,2a470ad41c22c25a,2e200563dd7c4922,3df5493bb279226f,f0feeb2192937424,Amanda Lemos,Angela Hill,1,0.611497814364555,0.577601154331474,0.563802189328218,0.590259688442184,0.580613751481418,0.579660816830388,0.565591467253614,0.577059866294413,0.559735620727777,0.587234487779869,0.575260321861924,0.594720945823207
2021-12-18,2a470ad41c22c25a,8b3b38167060b1d7,4a28cb716c19157a,b1b0729d27936f2f,Stephen Thompson,Belal Muhammad,0,0.34616945294691,0.347006161337274,0.373219695729518,0.352561496917656,0.367810495872454,0.343728354640374,0.370277752966381,0.328980281095653,0.365683530245664,0.347013803012378,0.367265056188542,0.357918953762561
2021-12-18,2a470ad41c22c25a,4b7ec02b39fc6f70,d0aaedcf7ccd0b45,d3df1add9d9a7efb,Chris Daukaus,Derrick Lewis,0,0.584112020073456,0.498688745338204,0.498924761627953,0.51357634711974,0.512098760732369,0.492144067709029,0.493549307878751,0.472954285472188,0.479093608325471,0.505145287520952,0.504427292427698,0.545019064087109
2022-01-15,f5585e675af7afd4,3a8c0158d910546d,40093d1d2d78394e,d31cbcdd7d69536d,Charles Rosa,TJ Brown,0,0.374295991314742,0.339644052469557,0.366977199714042,0.349786978904431,0.365290968251976,0.332595372153395,0.360804853768484,0.328595786926604,0.365371313130248,0.340838428202218,0.361809930432306,0.369365630954025
2022-01-15,f5585e675af7afd4,7c2a02b5ea169b54,35b3772629e27a49,7be14eaed4c74856,Kevin Croom,Brian Kelleher,0,0.471498726306075,0.541000163305601,0.533645147899586,0.516110253015416,0.514357184742006,0.543546621174075,0.535785731418613,0.545662416167169,0.535322902834527,0.526318720196826,0.522651322299939,0.494899056466694
2022-01-15,f5585e675af7afd4,3738135e4c9d8273,3d074044a33825e7,523fa774700d7d3f,Ramiz Brahimaj,Court McGee,0,0.57497208217633,0.547852806084342,0.53927898667025,0.569657453990133,0.562156265400527,0.554673609580951,0.544951116150011,0.53173753311035,0.52453681976393,0.567637341718265,0.558291093015992,0.567982612802708
2022-01-15,f5585e675af7afd4,e8517ed0b49abc37,830f60497fab345a,8d20d76af3f213ce,Jamie Pickett,Joseph Holmes,1,0.291360501755849,0.285877967408637,0.320667280903909,0.294511914230829,0.314652815854884,0.286312177243782,0.320829186878043,0.280539268673478,0.325695714678959,0.291595098972838,0.317826960643292,0.303958872659686
2022-01-15,f5585e675af7afd4,8693027377658e61,791c8437b341fba5,9abc648e76c4493a,Joanderson Brito,Bill Algeo,0,0.477806636655802,0.436859813498057,0.448133988673248,0.474013218640655,0.4768383742788,0.44441309637606,0.454295986246058,0.425775812573441,0.442475994855324,0.461878220586324,0.467181663651071,0.477277688692245
2022-01-15,f5585e675af7afd4,b5b5156c713c5d47,19c591115a58982c,3033c1c080672475,Viacheslav Borshchev,Dakota Bush,1,0.498279214267325,0.456336344441623,0.464165620038994,0.464467139791472,0.468324981981906,0.449357404507315,0.458370796229721,0.439117995771569,0.452862408323466,0.456540667563498,0.462581002961354,0.481901002522172
2022-01-15,f5585e675af7afd4,f9a4e625dffc30d4,8e1f36476ef02a6a,e872e9a9a902c045,Jennifer Maia,Katlyn Cerminara,0,0.360908788069379,0.364288899191407,0.387798111304575,0.367302723404763,0.381167459895464,0.359692767064743,0.383781651307273,0.353931717385174,0.385797846209739,0.364797936330888,0.382912570832784,0.371919246301126
2022-01-15,f5585e675af7afd4,8d89f3b8798f444d,07a2bdaa0afdd831,6e15f63b6c2e2c15,Rogerio Bontorin,Brandon Royval,0,0.49386020251013,0.511998890150146,0.509839788776033,0.51937625986517,0.517268344554334,0.525437261907998,0.520892454097201,0.52308426574344,0.517842277253952,0.523962078788708,0.520622221460847,0.506650447523909
2022-01-15,f5585e675af7afd4,3bcbb0e039f4f5d8,01b352b6a9074d5c,92fa1401b7927da3,Chase Sherman,Jake Collier,0,0.430719932023563,0.427937187626853,0.440773046961987,0.43167269313409,0.4390337439571,0.426558639261475,0.439554872175006,0.427128635158252,0.4435305526064,0.430850475643734,0.440401370896633,0.435256936294017
2022-01-15,f5585e675af7afd4,9dfcf675cf2c1575,751de04455cfaac0,9560ff14eb3129f7,Calvin Kattar,Giga Chikadze,1,0.323917030297761,0.349552696756431,0.375374277449722,0.351872972392123,0.367185420650549,0.355829974360328,0.380522328196914,0.35827666333929,0.389273173736714,0.35518157062518,0.374462597804088,0.347236433710669
2022-01-22,335ad945324c3a2e,0a0beb5aa9810de4,4100c7a09497ad41,a9e260472d321361,Kay Hansen,Jasmine Jasudavicius,0,0.705752665945074,0.730598729466811,0.693830710534557,0.717222993501619,0.696225949842573,0.7292353305162,0.692855587254464,0.733523011190151,0.686199652371938,0.721607146135969,0.694136892085236,0.700570128336222
2022-01-22,335ad945324c3a2e,4047c2e259529179,2c483cf443f38ece,b4880ef2f838d4e1,Vanessa Demopoulos,Silvana Gomez Juarez,1,0.500481526477101,0.47522506515189,0.4796789372532,0.483686374260207,0.485461546595544,0.473916579505209,0.478576524490439,0.468450413392774,0.475608641072106,0.479331302610319,0.482213031322823,0.492275028476584
2022-01-22,335ad945324c3a2e,5da7168ac2ff0e1d,cda1099995b46cc2,dccb63727f2f5f74,Genaro Valdez,Matt Frevola,0,0.555574903680529,0.570567955049488,0.557992897678913,0.557353244071265,0.551154924736201,0.56659985447059,0.554791240010809,0.58029300558242,0.56225916734734,0.558226405535771,0.550159832316104,0.553161472787347
2022-01-22,335ad945324c3a2e,9687021e5c4d092a,601964f9654f911a,72ea1984c52019b5,Tony Gravely,Saimon Oliveira,1,0.550438769433843,0.552835413781744,0.543378415492249,0.538961451069224,0.534733805170541,0.548095944935879,0.539531465604745,0.552073619430558,0.540296033310258,0.541588027446327,0.535805801216042,0.541870147396343
2022-01-22,335ad945324c3a2e,0669231ebe3dd560,6b453bc35a823c3f,776d4262c4da38bf,Jack Della Maddalena,Pete Rodriguez,1,0.511903580322246,0.511828956419455,0.509700416057721,0.510299054520383,0.509177956175964,0.511698885882818,0.509606546015978,0.512275017299217,0.509485649671902,0.510650839319816,0.509164852285926,0.510414747482085
2022-01-22,335ad945324c3a2e,44a55ba1de2b30e2,b9f28e7045fdfce7,eb8d8c2a95cfccb8,Raoni Barcelos,Victor Henry,0,0.751490164011923,0.750087075218008,0.711206363086444,0.733498796755818,0.711403753887162,0.747288254883728,0.708939629891072,0.761685825818851,0.71050379015177,0.739459182196701,0.710452851868017,0.73006234339573
2022-01-22,335ad945324c3a2e,453283e947919ff7,b27a1fcb56a3035a,c32aeb1a59e6272d,Trevin Giles,Michael Morales,0,0.524595250189613,0.510981277161463,0.509005194848182,0.507199909628844,0.506416071582424,0.510808346686582,0.508875202012059,0.510551361634144,0.508153504090714,0.51230292475104,0.51058658057221,0.514669615596051
2022-01-22,335ad945324c3a2e,80f65ee9b6f8d63b,0fd5f4b838e890cc,bf7ad5628363eec9,Said Nurmagomedov,Cody Stamann,1,0.543138316342546,0.556428482679879,0.546336359795754,0.553929009956878,0.548095693776405,0.560109474360426,0.549433827541423,0.561335354726698,0.547490022260889,0.556876123411829,0.548993961219085,0.545847475574984
2022-01-22,335ad945324c3a2e,5ba543efdce072f5,33efaf2d0941cfcf,595db60957de51d3,Andre Fialho,Michel Pereira,0,0.301181340060723,0.292568373248992,0.326508628144216,0.314414751245253,0.332992561238521,0.295999498409214,0.329285150351485,0.279937700784354,0.325189806689313,0.306799026282519,0.331507581781945,0.318346901959872
2022-01-22,335ad945324c3a2e,cddd3d4febe097f8,792be9a24df82ed6,aa72b0f831d0bfe5,Brandon Moreno,Deiveson Figueiredo,0,0.587290828706279,0.560957756359286,0.550067297032075,0.581353751816029,0.572628643456963,0.56743960134113,0.555484834049308,0.548708754212838,0.537685297889251,0.579367534585611,0.568441700073667,0.579298852437806
2022-01-22,335ad945324c3a2e,e786542667fdecf0,787bb1f087ccff8a,8d03ce87ca14e778,Ciryl Gane,Francis Ngannou,0,0.649007786209431,0.638661936035276,0.614683883197827,0.633783511623901,0.619815154676782,0.638582299757069,0.614764488514788,0.642821051876898,0.611604132902498,0.635224119027418,0.617106781003103,0.633183090886535
2022-02-05,883922e5cd6d8473,1765fc442ea03873,2526be54e6a0e62a,dee294e9717012c2,Denys Bondar,Malcolm Gordon,0,0.548091974633519,0.537450174849319,0.530728240606825,0.53984556764667,0.535522669239184,0.536834280135207,0.530262546354756,0.53816566367034,0.529513660237747,0.538419749757405,0.533075115452691,0.541232381755292
2022-02-05,883922e5cd6d8473,342779192b116314,5f3805dda9661cba,8e382b585a92affe,Jason Witt,Phil Rowe,0,0.429722414565801,0.433649660688186,0.445487044169198,0.422225946846515,0.430578132485383,0.42623846924393,0.439290101676039,0.427949507584316,0.444170275812944,0.422142338524659,0.432865911497679,0.430189810703916
2022-02-05,883922e5cd6d8473,e82f15afac3dac93,41e83a89929d1327,687c15b2eddfaa63,Jailton Almeida,Danilo Marques,1,0.410722061791196,0.413827286602771,0.429106323979371,0.430803461714078,0.438256111168103,0.41475493277516,0.429782035391504,0.413053331646284,0.432540590043962,0.424444843970055,0.434859351080356,0.425705104650461
2022-02-05,883922e5cd6d8473,673ed36fa5c12d5f,4c2d90e335e6df19,a78a87d8c2bbb1cb,Alexis Davis,Julija Stoliarenko,1,0.573799750664707,0.535207783874755,0.528886274753936,0.538006995333639,0.53388223054724,0.532205520284066,0.526455937331358,0.529651983987456,0.522922866414792,0.535053923280967,0.530174923962474,0.552079480741965
2022-02-05,883922e5cd6d8473,f9ab966e63968c15,8e9eb3fc86db0f7d,c68c68efaa5ca6ef,Marc-Andre Barriault,Chidi Njokuani,0,0.588557490048421,0.601275597779242,0.583423871385326,0.578648137894466,0.570204751711184,0.595428481725324,0.578670247198744,0.612728277196802,0.587710811140716,0.585132326827886,0.573437354484428,0.578559162317347
2022-02-05,883922e5cd6d8473,84ebbad426d25713,2c9d00968f818270,5bf31a46becc1204,Hakeem Dawodu,Michael Trizano,1,0.564569763022088,0.576147144432717,0.562600535986013,0.572395632969112,0.564606547478532,0.574822356528731,0.561587286633575,0.586225089532927,0.566894985784241,0.573188225516113,0.563092195695718,0.564589857132554
2022-02-05,883922e5cd6d8473,c816a969cb001168,46e0d677f91bacc0,5fa2974cbd18e05c,Miles Johns,John Castaneda,0,0.677342989748601,0.647397940989317,0.622048765604404,0.644991044424075,0.629968485602128,0.638904735232202,0.615036179658018,0.636420034325113,0.606494912977202,0.640836687540243,0.622035559716515,0.651841176882753
2022-02-05,883922e5cd6d8473,208c5dc52ccfd47a,902ec2cc48c8ae8a,b93c06d09d1c4ac0,Julian Erosa,Steven Peterson,1,0.494142556218422,0.519017479643196,0.515596924727281,0.505317152624966,0.504738255460512,0.51833822222239,0.515059745616624,0.529796145125732,0.523034418406358,0.5100733044492,0.508667858178987,0.499930560597811
2022-02-05,883922e5cd6d8473,0489b42ac0ab6d4b,147e70aa6cc48cfc,f626118b6da0e020,Tresean Gore,Bryan Battle,0,0.399021026207619,0.38996110553035,0.409282308073586,0.398459339590635,0.40925595939699,0.387094789156057,0.406771117452071,0.377489380013252,0.404555883784715,0.39217334027506,0.406841962493354,0.404601679952823
2022-02-05,883922e5cd6d8473,0730c4e6fb247fa1,2f181c0467965b98,d156513a19acf856,Brendan Allen,Sam Alvey,1,0.740356295973739,0.715226700900176,0.680299640838619,0.726762929174083,0.705109098807244,0.716739434816711,0.681845455120233,0.703730982837235,0.661163374884528,0.723843038645469,0.69617137384653,0.721444527836017
2022-02-05,883922e5cd6d8473,6b4c2cc27855506a,01afe0916a40c7c5,a53d30163304aa6e,Shavkat Rakhmonov,Carlston Harris,1,0.609303638886546,0.615537975300965,0.595304346299991,0.619653127257324,0.60705130114187,0.619824101891029,0.599013384116009,0.622839393371944,0.595704554090599,0.621499658490106,0.605088236168003,0.608073838626872
2022-02-05,883922e5cd6d8473,ace166f26c2ac2e8,12585614e0ed2626,64facb6cc564262d,Nick Maximov,Punahele Soriano,1,0.51029605978278,0.499771920284106,0.499812973108157,0.518572659310003,0.516552027863254,0.506916542302417,0.505679302506807,0.49979293502751,0.499840001299803,0.513932849846169,0.511989297241729,0.513713994613595
2022-02-05,883922e5cd6d8473,4b67a1875390e7ad,0a1942069c9ad6b6,0d8011111be000b2,Jack Hermansson,Sean Strickland,0,0.383545877208548,0.436823386206928,0.448103960528503,0.399265356822186,0.409980387936051,0.424400772906597,0.437770061841414,0.452309007793271,0.463104086237191,0.404531725400365,0.417592426076536,0.397911602017262
2022-02-12,cbb682f5fcc44bfc,6708f3a32861038a,5da33b8fbfa5ee95,950d0ef5c17157c5,William Knight,Maxim Grishin,0,0.583203155859621,0.56624158917537,0.554423261368077,0.583099774865542,0.57419333578147,0.5733107913779,0.560337155826486,0.5720451492175,0.555825560527812,0.579695715610026,0.568725961870999,0.578287900331627
2022-02-12,cbb682f5fcc44bfc,507080ccded73591,9edf2c9082cc2cd8,d66a46de8d705353,Blood Diamond,Jeremiah Wells,0,0.439979865959268,0.43029141251408,0.442716382015348,0.437154069699145,0.443935763613987,0.427380065462427,0.440234090414374,0.419953601955316,0.437933390878771,0.431185231780071,0.440690848455116,0.442139918308975
2022-02-12,cbb682f5fcc44bfc,821bef3a3394dd96,2f6a993c7f547c13,3a314d9fa7c6825d,Sergey Morozov,Douglas Silva de Andrade,0,0.630893909008424,0.664179789118187,0.636273350591361,0.651621374623041,0.635988658775513,0.671341746583979,0.642557078085801,0.671849687904622,0.634990513241968,0.660747657372724,0.639593093881188,0.633680686437627
2022-02-12,cbb682f5fcc44bfc,c16bda7548181613,009c4420727149ea,d4270315cbcf2569,AJ Dobson,Jacob Malkoun,0,0.353022974984986,0.327497409286312,0.356631190327899,0.34055010525852,0.356889403896498,0.32377435061434,0.353263442772953,0.316152051428671,0.355225910435443,0.333393828174802,0.355217491241675,0.355132719187737
2022-02-12,cbb682f5fcc44bfc,19e742ccaa09cf08,c0386644627a7ee5,e7e01e266a9d4342,Mana Martinez,Ronnie Lawrence,0,0.293965708443875,0.272069645919902,0.308528579753098,0.29974093900122,0.319484189030112,0.275242889465846,0.311101142810902,0.259356866539597,0.307719448408418,0.289413220114422,0.315855369805511,0.307758894291437
2022-02-12,cbb682f5fcc44bfc,3bebd99d5f94bec7,78a68f1dade6aaf7,9014c02eff8b3d62,Fabio Cherant,Carlos Ulberg,0,0.449772507661296,0.449840840073126,0.458823803354109,0.467936327040642,0.471419360022752,0.455277732164901,0.463246482062904,0.438858790076663,0.452660908056997,0.464418227215482,0.46937029918524,0.46157912758766
2022-02-12,cbb682f5fcc44bfc,a0ba726da4a50458,2804ce8dadab5770,60425d07ef4b91a7,Marcelo Rojo,Kyler Phillips,0,0.135268136403072,0.132055306858323,0.175955062074651,0.143693453217316,0.169299433406007,0.132980160522721,0.176614914265114,0.124682811331849,0.181555497220905,0.13998001338404,0.17334475946553,0.15308060991387
2022-02-12,cbb682f5fcc44bfc,b1e048825b5bbe1c,04835018f90b118c,4498b382c65a7faa,Casey O'Neill,Roxanne Modafferi,1,0.88862486025955,0.886354681998864,0.843476021583111,0.882609331636822,0.857871474777307,0.890173766921154,0.847892898269258,0.892419497086237,0.836825421666238,0.885613769750789,0.853344734931296,0.872621274001025
2022-02-12,cbb682f5fcc44bfc,81c22cfa22002ea4,2b68d9f125d07b42,3738e68d2261e60f,Jared Vanderaa,Andrei Arlovski,0,0.46367949375678,0.520574037092259,0.516873968534395,0.517302795943983,0.515420127591569,0.528530704106705,0.523434901402634,0.547521087186732,0.536764146299239,0.523442249737594,0.520174674375831,0.491917833976109
2022-02-12,cbb682f5fcc44bfc,388adad23aaa9d39,887961364be5ceb3,b7b84ccd221be298,King Green,Nasrat Haqparast,1,0.446571199077031,0.435479001409678,0.446995613296311,0.430056506981871,0.437587807288341,0.427828358699956,0.44060472831417,0.422803481588847,0.440157761301185,0.429651577747083,0.439364517644793,0.441659187431529
2022-02-12,cbb682f5fcc44bfc,238832b58a66ae07,262a7d06203657e6,b6452706b373eea1,Alexander Hernandez,Renato Moicano,0,0.571034137889971,0.545946335071261,0.537711139256187,0.567260179389206,0.56001168663522,0.551951366234688,0.542707544397179,0.530352041512404,0.523464585996947,0.562559436259045,0.553902413399264,0.565020981486078
2022-02-12,cbb682f5fcc44bfc,18a1617ee7356352,13a0275fa13c4d26,b1a3e0aca758b322,Jared Cannonier,Derek Brunson,1,0.323150503013799,0.376919187188971,0.398391288295297,0.356263325683219,0.371169291096649,0.370105258129341,0.392543462683612,0.401733617507517,0.423670239180063,0.361003932568828,0.379581744564993,0.348996424045817
2022-02-12,cbb682f5fcc44bfc,bb42336d6417914c,c62fbc117d57b943,d3df1add9d9a7efb,Tai Tuivasa,Derrick Lewis,1,0.452226076700275,0.420427997568698,0.434568441549254,0.437226560733421,0.444000573262112,0.421987135118469,0.435772781641376,0.415711208110809,0.434619030033215,0.431292136510667,0.440783290459832,0.447729253643348
2022-02-12,cbb682f5fcc44bfc,ca8f73d038c4d6e7,1338e2c7480bdf9e,e1147d3d2dabe1ce,Israel Adesanya,Robert Whittaker,1,0.605150432748735,0.620873178501301,0.599761934101485,0.603596092394116,0.592591870578151,0.617471510370679,0.59704508544665,0.625582738878709,0.597879095596419,0.607351757529816,0.592744377815608,0.598306206125341
2022-02-19,77940e45bc86208e,8cd583f6d10692bc,01fed6f61ebea01f,bc711b6dd95c1af6,Jay Perrin,Mario Bautista,0,0.48514334658682,0.491813243112283,0.493286608228671,0.486497071146541,0.487966673602175,0.488187618162616,0.490300245477158,0.491161727928613,0.493170397933355,0.483936496985995,0.486176957512289,0.486685522355987
2022-02-19,77940e45bc86208e,528c208293bdef13,5ec591b78349ba7e,87c0b1c696ddfb43,Christian Rodriguez,Jonathan Pearce,0,0.386573481036791,0.392255693198247,0.411193912205159,0.419810468142641,0.428414460104905,0.400726491929258,0.418132761737968,0.385022231157441,0.410513517718266,0.413473983801055,0.425354134238058,0.409264215316353
2022-02-19,77940e45bc86208e,ea63f56779100678,8c39367b53eadf8a,c7c39e2fb70248b3,Jesse Strader,Chad Anheliger,0,0.541894226161952,0.602307521691614,0.584281815311124,0.594874144599335,0.584755288875667,0.615658941971153,0.595529609686383,0.629616961588621,0.601081507684808,0.606635726181159,0.59212077027301,0.565426302099713
2022-02-19,77940e45bc86208e,33cc40fc1da409d3,5dd180c8b3196786,d7e40dca3ae125be,Gloria de Paula,Diana Belbita,1,0.414899504193014,0.434288259993675,0.446013720811839,0.440427696931638,0.446862024937038,0.443245462559066,0.453333270316621,0.441519675240505,0.454728928770483,0.444265513362524,0.45199161299556,0.432288519122482
2022-02-19,77940e45bc86208e,2d8db91f91f68069,4bd6b4800070b069,ef1182eb28c17d4e,Chas Skelly,Mark Striegl,1,0.519747988671306,0.448162382527505,0.457442738803701,0.473145045963512,0.476064283202719,0.447304660517635,0.45667938519991,0.435323086913551,0.449911277868903,0.461803980298898,0.467117686867086,0.495879910331501
2022-02-19,77940e45bc86208e,e36a5d4d53b97d4e,5e6294b37bbef029,6c8072b61c276e67,Stephanie Egger,Jessica-Rose Clark,1,0.501841896685238,0.542429424221402,0.534819834340407,0.530314966681194,0.527021082479583,0.545117135528032,0.5370786008325,0.555674340641103,0.543091415609391,0.537283802476032,0.532096233298804,0.515605706453291
2022-02-19,77940e45bc86208e,25da52bc590ef664,436f970c9ea9169c,ffe9703408fb5964,Gabriel Benitez,David Onama,0,0.333047747558516,0.294449866684887,0.32814687262655,0.320297699689347,0.338388932998828,0.298375675587284,0.331351517295571,0.291986819970562,0.335275428814869,0.313256694418815,0.337289211495061,0.335960237527718
2022-02-19,77940e45bc86208e,04e2d50c24a88dbd,b9437600497350f3,eae431e70064e046,Joaquin Buckley,Abdul Razak Alhassan,1,0.591581270717081,0.598841206372991,0.581400869570591,0.602184592173665,0.591322863049085,0.599829799776767,0.582330041940707,0.610059364047877,0.585606022589847,0.601119414230754,0.587319869904456,0.591440118188222
2022-02-19,77940e45bc86208e,958799d957945a3a,37f560436d745c18,d1941565abf50b16,Nikolas Motta,Jim Miller,0,0.53389052572671,0.565637112011235,0.553924734542341,0.552832512482959,0.547116277759933,0.566475075271559,0.554688186652006,0.576487092485042,0.559288774323316,0.555858081853777,0.548115080271013,0.541122384230623
2022-02-19,77940e45bc86208e,93026443e5140415,ac40f7e3cbecdda4,c9a94278df042f46,Parker Porter,Alan Baudot,1,0.414813887234825,0.352280928684668,0.377680008170561,0.375675499071854,0.388733431442123,0.349697467716535,0.375337411264139,0.332284964116813,0.368364008045414,0.363521549348847,0.381792432363589,0.400497864831955
2022-02-19,77940e45bc86208e,99fd8396cbe1df03,830f60497fab345a,d6c0cdd7e467c440,Jamie Pickett,Kyle Daukaus,0,0.371888473287078,0.338020435388902,0.365597707730483,0.363459123846544,0.377689395900936,0.340906442794891,0.367881182008854,0.323545339491206,0.361263356904325,0.355088250086234,0.374380471515803,0.375052853893429
2022-02-19,77940e45bc86208e,f7865e5a6d009a87,5444c5a201d3ee5a,c21f26bbde777573,Jamahal Hill,Johnny Walker,1,0.53235753064908,0.51548996334475,0.512703204813928,0.513635889668338,0.512151828354851,0.510793421690901,0.508862945209525,0.505632387650681,0.504352209026456,0.512074230524985,0.510389770735314,0.521328787764209
2022-02-26,f6a7b02c42e9fc5b,181ceedcacc01d48,798e48f9e7f6ba22,dc7927cd622676a7,Carlos Hernandez,Victor Altamirano,1,0.510673105588553,0.507056679599853,0.505786650185315,0.50704001112719,0.506273576950659,0.505795116213161,0.504758449059883,0.505546112937448,0.504285541368515,0.506427279312002,0.505530418089338,0.508269963064558
2022-02-26,f6a7b02c42e9fc5b,c5d5fcf290cc029e,3d074044a33825e7,ce175eaafe867d1f,Ramiz Brahimaj,Micheal Gillmore,1,0.547498477701356,0.499138423230552,0.499293501076028,0.519620169241152,0.51748576507721,0.494786044681321,0.495718761986233,0.477494675805816,0.482605444870623,0.508481097985577,0.507297724691913,0.531132369597959
2022-02-26,f6a7b02c42e9fc5b,901e62b7af57f559,80daefbed11ce998,f2477cf43c4975cc,Alejandro Perez,Jonathan Martinez,0,0.444852483201194,0.462543014700347,0.469266164481351,0.445818907791998,0.45167912719851,0.455755492615117,0.463639787998884,0.464308990072488,0.472402718123779,0.447798879178698,0.455041144227884,0.44857922119115
2022-02-26,f6a7b02c42e9fc5b,cb1f27818d46af0e,1e4f273069fb9e85,809bd1a871491508,Fares Ziam,Terrance McKinney,0,0.543749256085491,0.538208042398045,0.531350866122972,0.536467147333426,0.532508470461175,0.533901047701831,0.52785012508812,0.53000904321255,0.52319916193286,0.534172524235293,0.529415580038067,0.537613603664229
2022-02-26,f6a7b02c42e9fc5b,f087a10a6f2bcc99,3eb4dc9a7d4ac906,68d35296f566792b,Ramona Pascual,Josiane Nunes,0,0.315888758122151,0.314497196467834,0.345488299566535,0.301521229997767,0.321126915265172,0.302604378916528,0.335021585325124,0.304006598154368,0.345242323432336,0.297257377216143,0.322933560354317,0.318744489641783
2022-02-26,f6a7b02c42e9fc5b,61a20ff34b6948ba,a13d755965a4ec9f,e4a47b07044ddd72,Rongzhu,Ignacio Bahamondes,0,0.435802947475406,0.413479182305312,0.428818040540683,0.435263532070905,0.442245378019185,0.417492407504432,0.432050715598294,0.400026517478676,0.422329769657688,0.429140170145196,0.438922176661004,0.439319671917033
2022-02-26,f6a7b02c42e9fc5b,84d633d4a9fbf331,369ea36e450ae62a,d1c65d2cf2925ddd,Armen Petrosyan,Gregory Rodrigues,1,0.252545685036395,0.247518532996657,0.286640239591471,0.25452296725456,0.277353619979431,0.243688853891841,0.28293537813497,0.235270638800513,0.286826908958085,0.248726021855229,0.27865260839063,0.265913202878807
2022-02-26,f6a7b02c42e9fc5b,8515f07911765f89,58bbef3770bb2dfc,eae48ff31db420c2,Joel Alvarez,Arman Tsarukyan,0,0.265102269984591,0.22757270274086,0.26852794814598,0.247952225388378,0.27115826258814,0.226679448015162,0.267445787354799,0.211288894347614,0.265460532332635,0.239968053029641,0.270522869390738,0.268399700816734
2022-02-26,f6a7b02c42e9fc5b,c4eb14c3de579842,a20f234df70f2182,b1e5bcaad32a3cac,Ji Yeon Kim,Priscila Cachoeira,0,0.645541450989863,0.642630810688392,0.618026648917584,0.653112630673665,0.637344137881092,0.652263935237475,0.626323718952668,0.649936931231182,0.617302938318489,0.655037352008447,0.634545562395433,0.64107379030029
2022-02-26,f6a7b02c42e9fc5b,01468f766dd7385c,4dcfb28c011c11b2,67f272324a030d00,Wellington Turman,Misha Cirkunov,1,0.379267171333839,0.337423288823301,0.365090087317732,0.38002772007174,0.392660838745398,0.347752675754897,0.373690354876126,0.314905628142047,0.35420517599758,0.370419476770814,0.387840955722895,0.386562284506906
2022-02-26,f6a7b02c42e9fc5b,2f4d42e0b9696f71,275aca31f61ba28c,887961364be5ceb3,Islam Makhachev,King Green,1,0.791494530328016,0.8136307492959,0.770034625567285,0.800018339549586,0.774772102945178,0.822823390825634,0.779177431580198,0.834459241041498,0.777280891159314,0.811929409759121,0.778765661437877,0.782475284405039
2022-03-05,75e0d3cc2262b732,d5323490163dde0e,0d65c432720accb9,e4277e87a789d687,Michal Oleksiejczuk,Dustin Jacoby,0,0.634474028008361,0.646306305536551,0.621127041236779,0.64697123311645,0.631765357990949,0.646575979031646,0.621510301473266,0.626285514802574,0.598436565346632,0.648221928712081,0.628534243618874,0.632995421164066
2022-03-05,75e0d3cc2262b732,36d9337a27b71ba9,207773daeb4afa7b,5b86d491d63890c5,Devonte Smith,Ludovit Klein,0,0.487118018531474,0.473895391543556,0.478587669842543,0.478935379840788,0.481226617231739,0.476085118327456,0.480358568427115,0.482314748590797,0.486332343766393,0.477155163671959,0.480339655004521,0.483899210064566
2022-03-05,75e0d3cc2262b732,c420c376cc1d149c,c96d9178c9ed9e62,f00ac08ab056af5d,Tim Elliott,Tagir Ulanbekov,1,0.388286820087671,0.416573094376923,0.431379466350734,0.395666597140309,0.406745126111916,0.409996334018106,0.425834960597959,0.424905064983701,0.441797042739436,0.400898863974663,0.414435205955992,0.398333868958983
2022-03-05,75e0d3cc2262b732,59d44b6888885500,2b6fc1c02736833d,7be14eaed4c74856,Umar Nurmagomedov,Brian Kelleher,1,0.751354072370157,0.815623415582391,0.771945145729568,0.787127244394374,0.762296750995466,0.819552472243399,0.776014219105077,0.833759647172349,0.776603846578135,0.801360556872918,0.768554959094639,0.757373096869786
2022-03-05,75e0d3cc2262b732,c6fc43c351b08bda,a08ddd04eaffd81d,b4192a975027aab6,Mariya Agapova,Maryna Moroz,0,0.644015524371481,0.662314979655311,0.634687403496031,0.64091525585946,0.626272850760256,0.656763419352711,0.630139680553841,0.67095336091972,0.634262593120224,0.644878669727309,0.625590416144434,0.634368784247355
2022-03-05,75e0d3cc2262b732,ee278a5a25744cac,8667caa0451d245b,8c57c7b8c3bab0eb,Kennedy Nzechukwu,Nicolae Negumereanu,0,0.701518924822548,0.721072488391801,0.685428388366302,0.700966963169112,0.681169317306294,0.718847172384226,0.683695982542087,0.727710637336114,0.681265069940907,0.708747245113973,0.682482245508382,0.690494658258226
2022-03-05,75e0d3cc2262b732,9321b3c90ea5ca6c,c41d426cc7326d1b,cd2c4d30c6e13b47,Yan Xiaonan,Marina Rodriguez,0,0.306697087260719,0.268663717547271,0.305516363411558,0.298258169498224,0.318115156807147,0.272607824058931,0.308774452172541,0.261680561432692,0.309708462860816,0.289754872605834,0.316164237352771,0.312906159755129
2022-03-05,75e0d3cc2262b732,fce6ab43b7d09aa4,4d8fa64202cee4c1,af9f42e6894047fc,Jalin Turner,Jamie Mullarkey,1,0.587015801302264,0.571229989671827,0.558539386485733,0.566731872528517,0.559539146773475,0.565389485195544,0.553791708147519,0.571781898281079,0.555620430110511,0.564541159358437,0.555614794453771,0.57206208184461
2022-03-05,75e0d3cc2262b732,cda06ff86cfe4f5f,85073dbd1be65ed9,e2f6b2769aaedd6c,Greg Hardy,Serghei Spivac,0,0.410261689959495,0.431527568211663,0.443736446192651,0.420675098638835,0.429189035218445,0.428732224835923,0.441351926376124,0.434688089956148,0.449417241892515,0.424043881157659,0.434512262957269,0.420571839995113
2022-03-05,75e0d3cc2262b732,43b43c5d439b2f98,3a46b268013afede,57b10fca4f9c9a7a,Kevin Holland,Alex Oliveira,1,0.794720556012748,0.784593203744107,0.742685003972673,0.783187069729464,0.75850443258118,0.78911127730866,0.747157013965089,0.784556314376664,0.730792963503725,0.787353715673433,0.755167842762313,0.775456630663366
2022-03-05,75e0d3cc2262b732,abd45edc07a8d9e3,64a50dad704d1d49,d9c6f19f958643e9,Edson Barboza,Bryce Mitchell,0,0.363664697535152,0.392843982013415,0.411683803174652,0.38712998439284,0.399062351279315,0.394871031568651,0.413257818849609,0.399859852367035,0.422198858276081,0.391171376571696,0.405969060277304,0.382845403589239
2022-03-05,75e0d3cc2262b732,838bb84a5a976a9c,6a2f7c151031653d,b6452706b373eea1,Rafael Dos Anjos,Renato Moicano,1,0.480432817613439,0.49787225698511,0.498255233092355,0.503353948189606,0.502988778049142,0.506704365368558,0.505505073138224,0.495645608181958,0.496635335741168,0.509846205451127,0.508472431187297,0.492750316572082
2022-03-05,75e0d3cc2262b732,d03d0abf331df751,47b9e0e7703a4868,dc9572dd6ec74859,Jorge Masvidal,Colby Covington,0,0.334028240354989,0.340334165822123,0.367563237661043,0.355545721124819,0.370518432020852,0.350478805112807,0.375998749414647,0.341704839532073,0.375976168959991,0.357806831212042,0.376771943429718,0.353748163561272
2022-03-12,1f9344211ca7fd60,f10c2c84652ef573,6aae253467e8f9ce,e90a2f22417af68e,Tafon Nchukwi,Azamat Murzakanov,0,0.7661998516178,0.780670239478386,0.73905470895488,0.767857789557959,0.743836564100866,0.783283204881562,0.741740764052269,0.795722769007253,0.740908098604481,0.775147790101367,0.743625683334328,0.754154587213261
2022-03-12,1f9344211ca7fd60,b400c29fbeee0206,9c27f3217891f3f0,d05412b513b19621,Kris Moutinho,Guido Cannetti,0,0.525832156768975,0.493517451880046,0.494684169746944,0.540475659483245,0.53608490456661,0.51556540926323,0.512782129188022,0.489216599917665,0.491667167363065,0.537616375072133,0.53238281268552,0.531436118880693
2022-03-12,1f9344211ca7fd60,9cb78122a23e6a7d,ce632027bf2a871b,f14f644d41ade29f,Dalcha Lungiambula,Cody Brundage,0,0.334346275832558,0.282986778926349,0.31813511046578,0.320499098334973,0.338573487457318,0.288267149894992,0.32253985973544,0.264479178834421,0.312098212333209,0.309263389513272,0.333715915806214,0.336652205624496
2022-03-12,1f9344211ca7fd60,b55de7d791b9f62d,70d2329a92864fdb,f29a6350c69f4a33,Sabina Mazo,Miranda Maverick,0,0.400433167031597,0.378933732001701,0.400076592925548,0.390697654163999,0.402274662552852,0.375922919648541,0.397424488821643,0.369688199127773,0.398366350056252,0.383991874019854,0.399708213565591,0.401438764645067
2022-03-12,1f9344211ca7fd60,5cad3ab6553e9ec9,29af297d9f1de0f8,c7d7fda69ec410d3,Damon Jackson,Kamuela Kirk,1,0.32077797691856,0.34885217769086,0.374781813913347,0.312318070573723,0.331066699421863,0.325940575163907,0.355118486488067,0.356112203799942,0.387542857894805,0.310436373429335,0.33476618023663,0.326377556287469
2022-03-12,1f9344211ca7fd60,b70313eae7c24b27,bbab3baf66128ae2,ec23c1be628d8057,Javid Basharat,Trevin Jones,1,0.578985891477309,0.573441375176639,0.560365317061156,0.569349666204143,0.561880888369849,0.568967469712537,0.556747053543463,0.575236485125878,0.558313342520562,0.568425971783844,0.558972960722988,0.569662821053789
2022-03-12,1f9344211ca7fd60,26fbee4ed13ff35d,38c7f72747f4f712,6fd953151d981979,Gillian Robertson,JJ Aldrich,0,0.492743556023477,0.46023176652637,0.46736720956797,0.467019394549016,0.470601550275917,0.45192164102347,0.460483017992211,0.441045922512578,0.454360809719618,0.459104949005332,0.464791525826815,0.480639085992471
2022-03-12,1f9344211ca7fd60,3b06c512abfa0494,4aa58269d0664b5b,725b1abc9a39d873,Matthew Semelsberger,AJ Fletcher,1,0.661408107875408,0.645422547723306,0.620381141784674,0.644118552013302,0.629177052866826,0.649842776815421,0.624273417066753,0.649727774992516,0.617135137942955,0.648633677888055,0.628897022587447,0.643964635136592
2022-03-12,1f9344211ca7fd60,226884e46a10865d,12ebd7d157e91701,e5549c82bfb5582d,Bruno Silva,Alex Pereira,0,0.546381054129257,0.55141424963721,0.542208877117106,0.544637786426123,0.539799413164802,0.55080857095276,0.541765946085141,0.558843950539185,0.545553615597625,0.545710981443982,0.539360440394011,0.542787601166022
2022-03-12,1f9344211ca7fd60,463fac0e48505b62,519e4fe37ce9ff75,809bd1a871491508,Drew Dober,Terrance McKinney,1,0.364962877314161,0.445095586157264,0.454918496702853,0.402938378490887,0.413280358044525,0.443649574669922,0.453666480218264,0.485956505061646,0.48914746901347,0.420147644767637,0.431138355448938,0.391087996439579
2022-03-12,1f9344211ca7fd60,23eec2d9cb2d78cd,37d5b176d438d2a5,749f572d1d3161fb,Karl Roberson,Khalil Rountree Jr.,0,0.574457820616852,0.595728102101668,0.578815762892415,0.587159809465617,0.577833211897987,0.597510325724975,0.580400820948768,0.597015323533834,0.575347865017517,0.59331463329873,0.580537013423738,0.576302556303852
2022-03-12,1f9344211ca7fd60,70b8d357e89383bd,7aa3d6964eff4877,94426bb170c88115,Alex Caceres,Sodiq Yusuff,0,0.388996147424032,0.32949179124265,0.358334086539479,0.365037123022685,0.379117703083299,0.330670781755162,0.359162235683996,0.305162465503862,0.346196115011614,0.35304152458282,0.372578637511987,0.383588039613116
2022-03-12,1f9344211ca7fd60,9b46a662b8fa1d8d,efb96bf3e9ada36f,fea79f9bc8c68769,Song Yadong,Marlon Moraes,1,0.821069544169936,0.819207494446877,0.775393341021081,0.800934166503125,0.775662518716849,0.812723372647329,0.76945143616929,0.82061866685131,0.764033509864487,0.80323043809183,0.77035436011245,0.797217495546389
2022-03-12,1f9344211ca7fd60,8aa16cc1ba99aac1,d802174b0c0c1f4e,dea070ed4a2a8281,Magomed Ankalaev,Thiago Santos,1,0.702088810256364,0.657121409731617,0.630277642160172,0.677585720013289,0.659672114712654,0.661884373441786,0.634491978508815,0.646246914660455,0.614345195283194,0.673106686084841,0.650554096489939,0.679289276541107
2022-03-19,1d00756835ca67c9,4c7e55061dc3bf89,75353550928a7921,7f6ed67d3ed3c036,Muhammad Mokaev,Cody Durden,1,0.570214527297236,0.584314635051792,0.569355293773528,0.590195751479361,0.580556387993815,0.58978822207714,0.573986241146616,0.594492628597357,0.573369122326272,0.589925918268581,0.577595336501673,0.575872110041587
2022-03-19,1d00756835ca67c9,5e378c52f26935d6,3351aa64aa83c4d9,ac7c765882f2c68c,Cory McKenna,Elise Reed,0,0.546366893895109,0.499233210909728,0.499371227672474,0.514401386597982,0.512834088119576,0.496135145458514,0.496826540863782,0.489487375185191,0.491876433125966,0.506781156832816,0.505834925056428,0.528081708910142
2022-03-19,1d00756835ca67c9,53d0df57a917c6a0,45e738622ea2c02c,b8a85389d115e35a,Timur Valiev,Jack Shore,0,0.189238568179125,0.176462404354149,0.220419847867812,0.194062672033667,0.219463059465531,0.177889353792317,0.221512966065432,0.162112947937737,0.219389765974503,0.188579117237438,0.221727915262612,0.205336456865399
2022-03-19,1d00756835ca67c9,766b4f5e77ab0860,1091d4d957141094,eabf206b162b3b83,Nikita Krylov,Paul Craig,0,0.482734250716932,0.501021093233862,0.500837303640499,0.49944044640386,0.499501370805451,0.499198051999599,0.499341518968146,0.502210731391105,0.501708232278113,0.498101212489237,0.49836619023089,0.491891118768228
2022-03-19,1d00756835ca67c9,ae989e21c3839b49,2f5cbecbbe18bac4,f14cf73e51b29254,Shamil Abdurakhimov,Sergei Pavlovich,0,0.226615030679777,0.212129234764035,0.254270888457996,0.210958441336174,0.235857344065785,0.204962972632627,0.247302329452018,0.205196758414627,0.259930477095742,0.204988102504858,0.237532485539642,0.231631760785216
2022-03-19,1d00756835ca67c9,6e705b2365bc03fa,56fcb2c4d99f9d1b,87a1dc546b1c5caf,Mike Grundy,Makwan Amirkhani,0,0.62300313031746,0.682601682688448,0.652018446157834,0.647768242753844,0.632488843457389,0.68155241498432,0.651306901591652,0.697738920170276,0.656199544774699,0.660948295109568,0.639770631907166,0.628197038527474
2022-03-19,1d00756835ca67c9,a200b5dcbdd2506e,4c88a1db5a46c6a4,54f64b5e283b0ce7,Jai Herbert,Ilia Topuria,0,0.191476003886068,0.210572345627239,0.252821289401037,0.202797135667262,0.227961746708873,0.203307794570348,0.2457484573843,0.205331054239806,0.260052863405318,0.200583898544412,0.233313057064556,0.210827173826038
2022-03-19,1d00756835ca67c9,5a878a6bebc973d7,51018a31ddf31eb2,528b071cf3da7c56,Molly McCann,Luana Carolina,1,0.416374522696665,0.410385302067607,0.426254800586194,0.406228738998778,0.416234837368778,0.402678974789925,0.419756577506456,0.404726471061886,0.426018527126034,0.404011136701995,0.417140142492778,0.416298215972379
2022-03-19,1d00756835ca67c9,bcd1e1d71a172d53,8abac218746e04ca,fd55393021a8c255,Takashi Sato,Gunnar Nelson,0,0.347424235631115,0.328393230713824,0.357396292585851,0.337048812501861,0.353699049679576,0.32322572384515,0.352793303320163,0.315454485355651,0.354654756934913,0.330087619507952,0.352283834797646,0.350845537638398
2022-03-19,1d00756835ca67c9,001441f70c293931,7826923b47f8d72a,ec18eb918121787c,Paddy Pimblett,Kazula Vargas,1,0.71734150333153,0.717690076024028,0.682458399615877,0.721075689507011,0.69980902259735,0.723743177824591,0.688004726233981,0.726543153455179,0.680276987074937,0.722772431854575,0.695196897564492,0.70784107413242
2022-03-19,1d00756835ca67c9,ce3d94186567a684,040a74bb0a465c54,193b9d1858bc4df3,Arnold Allen,Dan Hooker,1,0.636564688460747,0.639609293959291,0.615481318556173,0.627311677145268,0.613964286694571,0.632049720537177,0.609267118195858,0.637904397824512,0.607678322981142,0.627363877077002,0.610217898574747,0.624286462520029
2022-03-19,1d00756835ca67c9,06641a8c62e45661,279566840aa55bf2,399afbabc02376b5,Alexander Volkov,Tom Aspinall,0,0.469188096261057,0.492211001895311,0.493612800362274,0.483425448587908,0.485228978814368,0.491870000232679,0.49332425187413,0.495145622354,0.496248984461722,0.48692585340868,0.488749712189482,0.477944887190653
2022-03-26,1fac46d466abd5b8,97e522591ac7eb29,0e5c4e72237461bb,12e0fdc606f7e274,Bruno Souza,Luis Saldana,0,0.519698309990445,0.545849149898496,0.53763122575469,0.536796110736487,0.532801940990993,0.543873437522588,0.536054751833129,0.553244959218614,0.541205197863748,0.538772347094367,0.533378977873632,0.526860867296783
2022-03-26,1fac46d466abd5b8,82b2b97b85c7225c,1a31ef98efce7a79,9ada30894bf04e19,Matheus Nicolau,David Dvorak,1,0.436912779590199,0.361575666319187,0.385516071880665,0.403013296741855,0.413347646185714,0.362803633152794,0.386402946510132,0.321460708230651,0.359563944260495,0.385950980105326,0.401417730139946,0.423997611255688
2022-03-26,1fac46d466abd5b8,3ecccdab76baa59c,34ff304266360297,8e1f36476ef02a6a,Manon Fiorot,Jennifer Maia,1,0.702512296326733,0.699669152185416,0.666744712751231,0.682862154184338,0.66450824990698,0.698717600928639,0.6661247631814,0.709317717673453,0.665811815571712,0.688926527502726,0.664663603845977,0.682055656137454
2022-03-26,1fac46d466abd5b8,6ed495c177d69a3a,0112352cb32f5026,7ab478c397cd68ef,Denis Tiuliulin,Aliaskhab Khizriev,0,0.487278892956608,0.48368335211363,0.486618683516621,0.47896117181511,0.481249609360714,0.481255308876716,0.484606352443412,0.482130754896056,0.486190099728089,0.479021945595537,0.481946725753569,0.483984741641174
2022-03-26,1fac46d466abd5b8,d0b7a79d3e7f3362,3b0a516d2921e0d6,45f0cc9d18f35137,Batgerel Danaa,Chris Gutierrez,0,0.475682040417897,0.478037239309505,0.481986592958817,0.472198427173748,0.475220213028144,0.477926451543413,0.481871533752013,0.47935525387649,0.484044190361324,0.473676069325557,0.477344191125235,0.475429755560218
2022-03-26,1fac46d466abd5b8,bb31c77bddd1317e,351c4ec637380ad5,7be74a12d7352df2,Karol Rosa,Sara McMann,0,0.820830003077997,0.804056333086672,0.76091817247757,0.813708767567585,0.788143298474346,0.810783567275533,0.767597186185919,0.802440695608788,0.747066642180247,0.813744013698776,0.780528855110148,0.803488626753623
2022-03-26,1fac46d466abd5b8,f6afaf2a39fa441c,19c591115a58982c,32c355b04fc57f3a,Viacheslav Borshchev,Marc Diakiese,0,0.588811051949037,0.586071876647987,0.57081017215404,0.569165653488602,0.56171625730673,0.57843737598484,0.564578602819203,0.582209032332147,0.563755686630471,0.571831613280878,0.561918458842142,0.574065938622767
2022-03-26,1fac46d466abd5b8,3f92025b29e06bfd,84b3e7d38f2d2ec5,b0d6a1d8ac3d563d,Neil Magny,Max Griffin,1,0.679459954876938,0.666466157545294,0.638219717484745,0.671653813250181,0.654245026945399,0.668883920211919,0.640457571406946,0.665210529641918,0.629608063848504,0.670273016454496,0.648036389418734,0.665804192328182
2022-03-26,1fac46d466abd5b8,410e65e4d1782bfc,853eb0dd5c0e2149,b1d19449397541dc,Kai Kara-France,Askar Askarov,1,0.449232954888203,0.412949502190729,0.428379339906547,0.434080273851136,0.44118721693487,0.413775633966963,0.428970101758506,0.404034327298448,0.425475649472106,0.425581982108564,0.435843579108408,0.444834291085022
2022-03-26,1fac46d466abd5b8,f3c37e23ca30c87d,31123249b0bbf52e,a331233f597090a5,Matt Brown,Bryan Barberena,0,0.389994486299343,0.380296158630845,0.401215715031791,0.386557681459474,0.398546848525804,0.380107430698005,0.400929310019319,0.378630745474477,0.405459741476976,0.383373326360843,0.399168294635082,0.394658315853317
2022-03-26,1fac46d466abd5b8,1b650c76387c0f4b,12f91bfa8f1f723b,e8b731feff72294b,Joanne Wood,Alexa Grasso,0,0.298763297273292,0.301375479049907,0.334160787931948,0.291493562051506,0.311859554125111,0.29588804202201,0.329188152334827,0.305851505364178,0.346764316505855,0.290896512423593,0.317195938951091,0.305878305162692
2022-03-26,1fac46d466abd5b8,c4e866d9dd606faa,d0aaedcf7ccd0b45,fa6796c55d6c5440,Chris Daukaus,Curtis Blaydes,0,0.221744686926153,0.187103538395992,0.230668221993691,0.206896141867155,0.231932625286985,0.185490341351314,0.228837235375846,0.170081253680333,0.227098778523565,0.198623419239927,0.231429633663932,0.2272699161632
2022-04-09,3a97fda0de6f1fa4,313c36ce9bde6cf6,1291edf2d566a71a,b67d6bacc68d4c92,Julio Arce,Daniel Santos,1,0.560084297166759,0.526947900450635,0.522104473843779,0.539840203772258,0.535517883117556,0.530476664535472,0.52503454944578,0.515255800549331,0.51178960151981,0.538663735857423,0.533285377626712,0.546693209113451
2022-04-09,3a97fda0de6f1fa4,9e52a67410f2c879,4100c7a09497ad41,e375cb5caf4717b6,Kay Hansen,Piera Rodriguez,0,0.650915525727614,0.657153320191805,0.63030470511263,0.650651026684963,0.635106951229142,0.652569536261366,0.626582660332902,0.650031556560417,0.617378859661688,0.649260027952876,0.629448974391114,0.642318419953294
2022-04-09,3a97fda0de6f1fa4,278b965694e563b2,2b68d9f125d07b42,98c23cb6da5b3352,Jared Vanderaa,Aleksei Oleinik,0,0.685538021495135,0.694716179705995,0.662456364814079,0.706027850835395,0.685846454747754,0.702281960989569,0.669220077082208,0.699274471035336,0.657469491985015,0.706277232723872,0.68025250534379,0.685706527777295
2022-04-09,3a97fda0de6f1fa4,7458a37feabf8788,9e50097a89442158,dd6103dd7127db1d,Mickey Gall,Mike Malott,0,0.525609325692059,0.503057828397832,0.502507449912847,0.511877038806598,0.510584271494165,0.503250493048555,0.502668997542671,0.496997741863124,0.497680149815341,0.508999851315643,0.50774412033585,0.517405685131536
2022-04-09,3a97fda0de6f1fa4,88c6e7f71b79fd65,d4691518d012b9e7,fc169c387b4b465d,Aspen Ladd,Raquel Pennington,0,0.438019858453133,0.463047223718662,0.469680371473073,0.448259901888549,0.453859397428863,0.455550363089097,0.463470922247069,0.46952178507096,0.476437774364255,0.448253363891006,0.455433307752529,0.446658877884622
2022-04-09,3a97fda0de6f1fa4,7c6ed5b3d830d0cb,093e1f5bb73850be,ca43de99b07b6b40,Anthony Hernandez,Josh Fremd,1,0.555305275010856,0.5797925166285,0.565613907430052,0.56829795012319,0.560939994233062,0.578158863287485,0.56434806345869,0.585888055810455,0.566631395363201,0.574414695714297,0.564153545704217,0.558385176387971
2022-04-09,3a97fda0de6f1fa4,313b85fe82b2ba80,326a001926ffb7ec,442c9011034ae1fd,Darian Weeks,Ian Machado Garry,0,0.445792196109769,0.493106531786864,0.494347192773274,0.468069294424563,0.471537949967656,0.487524059527632,0.489755291593455,0.50417868723753,0.503228893691419,0.474244971572814,0.477834047057994,0.459829063173509
2022-04-09,3a97fda0de6f1fa4,15311d4b33d93004,c77a953488e5607d,da0995f19b749cfa,Vinc Pichel,Mark Madsen,0,0.54197134596761,0.559659659167205,0.548997734235499,0.54349325866021,0.53877786487363,0.554345427523197,0.544680595010815,0.570959150906405,0.554979410510324,0.54615795736376,0.539745886267909,0.540227272798796
2022-04-09,3a97fda0de6f1fa4,d8945e21a63e2451,31ef8b67e13495b3,7447e9f28508106a,Tecia Pennington,Mackenzie Dern,0,0.465779460594229,0.476389820416201,0.480634777920947,0.481082635204573,0.483140709380079,0.478875721224085,0.482651455103635,0.471714894868138,0.478134749882957,0.481647623160686,0.484206893926739,0.475255710258026
2022-04-09,3a97fda0de6f1fa4,394b0347b0438622,23024fdfc966410a,767755fd74662dbf,Gilbert Burns,Khamzat Chimaev,0,0.345896497316597,0.38127939072372,0.402037476402999,0.375139474508208,0.388249476448124,0.38101613704309,0.401689774980993,0.386751579750634,0.411878741571055,0.378518320428401,0.394927478265262,0.368778557671107
2022-04-09,3a97fda0de6f1fa4,9a8964b148cb5923,cb696ebfb6598724,d661ce4da776fc20,Aljamain Sterling,Petr Yan,1,0.499089777188898,0.519347348012067,0.515867549521099,0.527214176559303,0.524256019974035,0.529937288547407,0.524591139215035,0.519112343861145,0.514770970197955,0.529778440284758,0.525630670399304,0.512844770185054
2022-04-09,3a97fda0de6f1fa4,dc0ab34f1952cb48,c451d67c09c55418,e1248941344b3288,Chan Sung Jung,Alexander Volkanovski,0,0.22224239439526,0.22603159827022,0.267114842891232,0.231213113890538,0.255278175032364,0.22565704040153,0.266507071954744,0.230338079518934,0.28248155715961,0.230645546514867,0.261815157726896,0.239899231322934
2022-04-16,8753e125f4499816,fb7ebdda8658fa05,1897b7b913736a7c,35b3772629e27a49,Alatengheili,Kevin Croom,1,0.529782271286968,0.500938070080145,0.500769224015299,0.527486048128661,0.524498439518982,0.515197569789414,0.512480002404203,0.519021975176888,0.514701101541215,0.52839557094135,0.524439735894687,0.526896655725646
2022-04-16,8753e125f4499816,0daf776bd222daad,e94085e821bd81de,efc67b07eed39794,Sam Hughes,Istela Nunes,1,0.407556263174684,0.408973251028305,0.425084303606553,0.406877857060623,0.416817509371008,0.406007925314675,0.422523255535119,0.396470821652247,0.419535259906455,0.405181041122089,0.418156479484872,0.412607654142464
2022-04-16,8753e125f4499816,eac46cfead228e11,ac026518a9b4dc0f,cfc3e7bb44685289,Jordan Leavitt,Trey Ogden,1,0.688714232163209,0.67266087490956,0.643504032366957,0.679382954048274,0.661318435249864,0.677710278826174,0.648009098146742,0.669840153767999,0.633359094069452,0.680476437213393,0.657115482371036,0.673897196510734
2022-04-16,8753e125f4499816,1ceab8fa45996f51,7a5e8c94a86f9895,8eb046f83e82bf26,Chris Barnett,Martin Buday,0,0.367539988508167,0.371773343226332,0.394081166329448,0.379632737552047,0.392304557546082,0.376793421450318,0.398153999451796,0.373083563693539,0.401062819460223,0.38075271055981,0.396879864888364,0.380990662886246
2022-04-16,8753e125f4499816,0987b3f785e26d1c,5580771f383e141f,e132d47bd9efbbe0,Jesse Ronson,Rafa Garcia,0,0.324136043854546,0.32798849148256,0.357050655520967,0.327595898803706,0.345069096476701,0.32514749735889,0.354439570762257,0.330541821807111,0.366950783998285,0.327898707994902,0.350339513652208,0.335490405831514
2022-04-16,8753e125f4499816,74c58b9d638c5eaa,6a8928652fc01bee,7cbf7c78d3b34218,Brandon Jenkins,Drakkar Klose,0,0.262619208338614,0.264922845765295,0.30219925659744,0.268818973232277,0.290764366346239,0.262297745743654,0.299628318217997,0.263641686315965,0.311383730489842,0.265639145885459,0.294223994346515,0.27777475893382
2022-04-16,8753e125f4499816,c20e6697335c3b3d,2eeaefbfc7f9fcff,91dac5e69e28d5b5,Lina Lansberg,Pannie Kianzad,0,0.214688586049416,0.210964518959078,0.253186657902614,0.214020813657844,0.238809199002596,0.205904799104464,0.248185276261861,0.20132441253246,0.256391967350247,0.210361361250844,0.24265903482471,0.227639847643603
2022-04-16,8753e125f4499816,b09f8cd4cbd7ba56,5da33b8fbfa5ee95,cc7040fe76f0ef91,William Knight,Devin Clark,0,0.400504344609705,0.396323133099837,0.414579328541427,0.402270890943092,0.412680814623922,0.396577315327832,0.414679194382411,0.390129586744422,0.414542910692447,0.400197366457043,0.413825276304687,0.407141708316959
2022-04-16,8753e125f4499816,559031e51ced0b53,1497e735d9f2560a,49ee5024966efc0d,Ange Loosa,Mounir Lazzez,0,0.520877034807183,0.507367158509426,0.506041262317379,0.520685255081512,0.518435201694759,0.510494585408303,0.508617533997649,0.505475045205975,0.504230624784449,0.514971157331377,0.512882900689779,0.519543265569763
2022-04-16,8753e125f4499816,4f6e7159e77d4215,b8bbdeff718dbb7d,cd2e5a390821fb48,Pat Sabatini,TJ Laramie,1,0.703494280746255,0.634929422704266,0.611544872575666,0.649460471134582,0.634025462760884,0.637602071291723,0.613938733045989,0.63153357641635,0.602604927376662,0.642173078288382,0.623210391100741,0.666458543371929
2022-04-16,8753e125f4499816,2e94ee4b9f5fddea,cc8c623cca88f54f,fdbefee0827e1567,Mayra Bueno Silva,Wu Yanan,1,0.532500723159756,0.499364171811018,0.499478616554032,0.512343792605371,0.511000255194257,0.500515426804473,0.500423217862301,0.488449706141875,0.49107447087204,0.508777859617419,0.507553092367997,0.520765632992168
2022-04-16,8753e125f4499816,7c5fc3fc7be4a997,33efaf2d0941cfcf,82d4c957649faf9b,Andre Fialho,Miguel Baeza,1,0.363050109499926,0.371549511458822,0.393893510585308,0.383549595727723,0.395836360746156,0.373597780258361,0.395474878911456,0.365062537406228,0.394686248414017,0.379884665047129,0.396121511246047,0.380823981548749
2022-04-16,8753e125f4499816,a0a120c50d93f70a,4126a78111c0855a,684d3aee255a3d09,Caio Borralho,Gadzhi Omargadzhiev,1,0.538978963175904,0.551634446442072,0.542390071793425,0.556444684184368,0.550343117065673,0.557334571693627,0.547145031067608,0.556927519148217,0.544064729605671,0.557746241353924,0.549745223418681,0.545192578054147
2022-04-16,8753e125f4499816,6d4b6224f26572f9,6d4b63c767106d3a,b1b0729d27936f2f,Vicente Luque,Belal Muhammad,0,0.534623815016987,0.557416852711649,0.547150295825398,0.545957636025308,0.540977552473221,0.558385443145321,0.548011695967929,0.574999388985702,0.558128449616909,0.550370556867257,0.543379424827926,0.538096158321193
2022-04-23,236a37d96d476164,7cf7960c6ccb5fa1,0641c21bec209472,a6f3d15cb84334bb,Mike Jackson,Dean Barry,1,0.46200604831867,0.487235783094513,0.489532512031687,0.461195112479532,0.465405885897595,0.480520308624628,0.484002554956725,0.493430223480671,0.494923428895975,0.469179051198638,0.47347144840213,0.463862839474622
2022-04-23,236a37d96d476164,6a4ba72b084193b5,53c943c873cffe90,6370c1c1e12723d5,Philipe Lins,Marcin Prachnio,1,0.466608224713007,0.531544949704942,0.525878326718891,0.504280777653654,0.503814703870532,0.529073271217073,0.523880886673287,0.537004896158622,0.528614688172513,0.513879167440908,0.511943097048787,0.486913227652489
2022-04-23,236a37d96d476164,e4d946470fd150fe,9fe7af8b3fbe00a0,d9a56ecb6e94f02e,Preston Parsons,Evan Elder,1,0.502673236068514,0.550997436782929,0.541865906625176,0.531827944099254,0.528370400474089,0.555632022394566,0.545741211174904,0.571352360897354,0.555285753208991,0.544011808727033,0.53789532211966,0.516721108296967
2022-04-23,236a37d96d476164,926977ec3ed0ebe1,5f3da9a9610d8969,7d420039bbfe7c1a,Cameron Else,Aoriqileng,0,0.477064735313982,0.494828320675378,0.495759138930765,0.488017892982433,0.489322089190871,0.497556270243362,0.497993444193771,0.507517169234827,0.505808678219528,0.494202006397601,0.495011070510241,0.483758007287952
2022-04-23,236a37d96d476164,e8c57c6259193466,49e96ff8ab781589,f9d0cae37dabfafc,Tyson Pedro,Ike Villanueva,1,0.872266940687043,0.882850977265249,0.839723918630181,0.881062286246157,0.856250675728891,0.887823769490996,0.845353733170125,0.88701086944408,0.830924698845483,0.885742503825334,0.853481591989592,0.863715648568683
2022-04-23,236a37d96d476164,9b8a82276f06829f,8be158ca1e5ea6a0,90da09db03e41748,Dwight Grant,Sergey Khandozhko,0,0.342974319314809,0.345285768941239,0.371762758243155,0.339562639987654,0.355989957249869,0.341048119089461,0.368001575855768,0.346228637248453,0.379617526725226,0.337092706370413,0.35849522917269,0.35005651734661
2022-04-23,236a37d96d476164,992e84bf59837e21,8e9eb3fc86db0f7d,c878270af633eb11,Marc-Andre Barriault,Jordan Wright,1,0.642183388411488,0.669942698904327,0.641183359788116,0.629461943170138,0.615907288148033,0.655277193625562,0.628878400866333,0.683948296351436,0.644856236004787,0.637453113669406,0.619063206717223,0.627924160391441
2022-04-23,236a37d96d476164,173d576e6247a88a,f1d64ae34e088832,f9b200db02b488d9,Charles Jourdain,Lando Vannata,1,0.539516216738707,0.50981631807453,0.508049785098346,0.518251180636446,0.516265471891332,0.508733809789359,0.507171583509891,0.498930940589255,0.499173939391188,0.511934795616984,0.51026977630025,0.526829984863078
2022-04-23,236a37d96d476164,a45d4327bc82bc28,6a740daf1b279661,80d8aed0ca9b00f3,Maycee Barber,Montana De La Rosa,1,0.489227024617545,0.510955659902732,0.508984185212806,0.506118399360993,0.505452281354003,0.509672027552441,0.507942040804111,0.51833659878467,0.514171214445994,0.507084471696934,0.506095924725454,0.49808966814677
2022-04-23,236a37d96d476164,6017351e164dbca3,c47df9303d318c67,d747eb273a40a920,Clay Guida,Claudio Puelles,0,0.309767314827758,0.307033662042452,0.339055707797645,0.307919333941178,0.327021768065393,0.302326769278299,0.334780931485188,0.295546881980331,0.338236897755295,0.306314341240609,0.331072962702891,0.319131089015525
2022-04-23,236a37d96d476164,3a3ac7b3987f6799,3df5493bb279226f,6a1901c62ab3870f,Amanda Lemos,Jessica Andrade,0,0.373784532612916,0.327193359779632,0.356371430406408,0.33767095189014,0.354266174519376,0.318142442159359,0.348430901855588,0.305307707338299,0.346315908781661,0.32687634008492,0.349430813854692,0.363066769717272
2022-04-30,6bf5a7d3e081ade2,80cf37627a129145,016a8d958883167c,568bbad0eaced57c,Gina Mazany,Shanna Young,0,0.577225285214611,0.570385278692842,0.55784211607007,0.565215724666057,0.558183194017599,0.568841429591652,0.556642914679983,0.586551852863408,0.567150567995642,0.56656366959888,0.557362894340402,0.566847977136361
2022-04-30,6bf5a7d3e081ade2,9217ecc287ac482d,a29db9cd4f9ccea5,d80ee110748171ac,Natan Levy,Mike Breeden,1,0.684787926168364,0.699622650793198,0.6667043926837,0.679397493425705,0.661331757689168,0.694413733511891,0.662395936942987,0.702943879693298,0.660510066768057,0.683975284466548,0.660237549291715,0.672081828986974
2022-04-30,6bf5a7d3e081ade2,5b731da9e4be4391,5eb50529a8418b77,f998f5c102250d6e,Gabe Green,Yohan Lainesse,1,0.465751935798027,0.451907026349212,0.460523477387832,0.460182767774159,0.464502614102178,0.452478177616529,0.460941358683903,0.448556930228941,0.460193308591409,0.459758183825291,0.465354564287352,0.465069422140854
2022-04-30,6bf5a7d3e081ade2,7e4b7a70838e5ba4,31bb0772f21cabd8,cdadae5363b66eef,Daniel Lacerda,Francisco Figueiredo,0,0.384730958601376,0.414449458715363,0.429621519639268,0.427422038078085,0.435230265441256,0.423514685082446,0.437036940064193,0.42425497489583,0.441290049996141,0.425244263130807,0.435551291439878,0.412082946516751
2022-04-30,6bf5a7d3e081ade2,d2484d74f819d813,01b352b6a9074d5c,c0badf3243907e59,Chase Sherman,Alexandr Romanov,0,0.139084271582412,0.136929638163019,0.180989769664922,0.153539166000739,0.179279357679738,0.138635073864671,0.182442768803108,0.134336434381585,0.191599313774343,0.148120476967342,0.181638752304305,0.160014498141922
2022-04-30,6bf5a7d3e081ade2,6b956992204ec040,4e06913c91da5200,6ac9bc2953c47345,Krzysztof Jotko,Gerald Meerschaert,1,0.523522940332736,0.51879670909215,0.515415806535335,0.532377636030541,0.528860658308327,0.525083344215371,0.520601609697759,0.513171852798765,0.510178813654847,0.531016076994412,0.526696616251029,0.526439487443279
2022-04-30,6bf5a7d3e081ade2,760e3f292b834637,2ebfbe72ed703925,92a9aa9c93192871,Tristan Connelly,Darren Elkins,0,0.447101331391065,0.462849947066453,0.469518311418022,0.450880730304565,0.456199785468987,0.458374838276564,0.465795726494887,0.453399840485579,0.46395000650265,0.45500503496078,0.4612569760125,0.452067494247055
2022-04-30,6bf5a7d3e081ade2,7c8701bb78cb4de8,7026eca45f65377b,99bd51917728c25d,Jared Gordon,Grant Dawson,0,0.289305836322943,0.255303240278622,0.293626059446276,0.277525335177362,0.298888451648897,0.255570634607302,0.293622364369824,0.23826430986012,0.289452548708848,0.270678777410268,0.298833247303869,0.294517906592948
2022-04-30,6bf5a7d3e081ade2,632c2d4ed12f2bdf,791c8437b341fba5,8fd808923cffff82,Joanderson Brito,Andre Fili,1,0.491180585649292,0.48415826884483,0.487008250420063,0.495166638264941,0.495692869215625,0.484217907065344,0.48703989449434,0.461689580987733,0.470374223069492,0.489754132311571,0.491183644223968,0.493645352368484
2022-04-30,6bf5a7d3e081ade2,eb277b5ea2a19124,3738e68d2261e60f,92fa1401b7927da3,Andrei Arlovski,Jake Collier,1,0.447706275700466,0.398867689948729,0.416695239110559,0.421117892547515,0.429585675445967,0.398866060098222,0.416584714420415,0.366661537467466,0.395959261463534,0.412679067196301,0.42466469901488,0.437787269871153
2022-04-30,6bf5a7d3e081ade2,5ae5eb729c6bb169,05339613bf8e9808,7c7332319c14094c,Rob Font,Marlon Vera,0,0.504680236259653,0.545430891759729,0.537287310813087,0.513669150139911,0.512181471963161,0.535396694456532,0.529080129887522,0.552742171130473,0.540814924010535,0.52032558736737,0.517491611452911,0.508778367821445
2022-05-07,253d3f9e97ca149a,430309e0f8a315d5,78f485f851891d68,9e92e1ca498d7244,Journey Newson,Fernie Garcia,1,0.448087868391716,0.490742336189199,0.492408369746422,0.469559793375069,0.472867228786528,0.486571976951375,0.488973363952333,0.493367142373812,0.494874682825049,0.477331731008526,0.480491663792544,0.461599944890342
2022-05-07,253d3f9e97ca149a,88455c967a7ef6fc,8e5d953bdb9ae5e7,c0d5c0c95c59050b,Loopy Godinez,Ariane Carnelossi,1,0.748101711123225,0.78995480277997,0.747670064419294,0.760246049695593,0.736601269095146,0.788949612955101,0.747006337282908,0.803836739326099,0.748353681290598,0.769754733250964,0.738560022319268,0.741860969692529
2022-05-07,253d3f9e97ca149a,8289033e03b4d9a3,077e3ace32b72be9,102a8fdf8cbf7467,CJ Vergara,Kleydson Rodrigues,1,0.543906218037888,0.573783785832994,0.560648113981322,0.551823303482299,0.546214913081764,0.572808619304745,0.559921919091842,0.585476153512311,0.566309285237971,0.561372173903426,0.55287673015131,0.545167615161517
2022-05-07,253d3f9e97ca149a,60d9d50b763adc62,68d4a891e5cf2029,a4a80dd7336ffd59,Tracy Cortez,Melissa Gatto,1,0.455408044346141,0.451519803762741,0.460204977147253,0.448380861407994,0.453967425128972,0.448806232839526,0.457916690361547,0.44545043162093,0.457781979897842,0.448753787815813,0.455865088746154,0.454620991954249
2022-05-07,253d3f9e97ca149a,397dd9a8694ef413,33efaf2d0941cfcf,87e2468b986ebb79,Andre Fialho,Cameron VanCamp,1,0.572546148673055,0.550226066483436,0.541231242597617,0.561855009755666,0.555178359374821,0.549018897440667,0.54029164425847,0.539664990932544,0.530675025954427,0.556587965463672,0.548745182111043,0.56307809405568
2022-05-07,253d3f9e97ca149a,ff6c8dab41efcc09,1788eee370f077b7,ab943cd2c3c17825,Blagoy Ivanov,Marcos Rogerio de Lima,1,0.450279603988674,0.527512678004823,0.522568045932935,0.50264784354842,0.502359549706792,0.5293295330528,0.524091537961754,0.549961448540219,0.538657072163547,0.516174323723638,0.513918423677938,0.478667163453731
2022-05-07,253d3f9e97ca149a,80ac36a9dbc4b1a1,67c1d46f4ed16f9e,6e15f63b6c2e2c15,Matt Schnell,Brandon Royval,0,0.498217702165072,0.51372452981692,0.511255132109065,0.515887434849188,0.514158585236608,0.524548106633083,0.520161772034633,0.54268941088346,0.533018404947129,0.521297331317575,0.518328122988279,0.506927253447262
2022-05-07,253d3f9e97ca149a,fc4939b3c9071e66,9cdd2da1a9104a0b,d3f5d33d61cd00c9,Macy Chiasson,Norma Dumont,1,0.411606463728117,0.371688162806037,0.39400975465097,0.398234788384691,0.409054120368349,0.373179830398877,0.395124265670977,0.348964294645316,0.381815243770249,0.387830018847027,0.403056603875635,0.410211611927837
2022-05-07,253d3f9e97ca149a,6a902b97ac98c283,a6cba6bb66c1a8c9,a8283a4f415e1eb9,Danny Roberts,Francisco Trinaldo,0,0.472484269146965,0.470018088895388,0.475404968475244,0.485521071176097,0.487096800614701,0.475049615168627,0.479507652637916,0.473694484568462,0.47966621585022,0.481761397095078,0.484304824523669,0.480462329671657
2022-05-07,253d3f9e97ca149a,8390441d93736719,2558ae2e5671e318,c6aee362c7a7d482,Khaos Williams,Randy Brown,0,0.619925851368485,0.642229539524724,0.617688442224981,0.62944945996005,0.615896005507352,0.643329791642469,0.618768279002913,0.651588708239571,0.618628759504729,0.635744742940061,0.617563624308442,0.617726501198354
2022-05-07,253d3f9e97ca149a,c020ccbd7cdefb6e,140745cbbcb023ac,50db8711c70196cd,Mauricio Rua,Ovince Saint Preux,0,0.537663007842188,0.532151829624777,0.526376635235066,0.529052964200745,0.525895669761694,0.529591187577291,0.524306626395198,0.525924660110108,0.52003917397234,0.528909001748139,0.524881893643959,0.531239291611252
2022-05-07,253d3f9e97ca149a,a2ebb5f86eb64f22,22a92d7f62195791,4b93a88f3b1de35b,Tony Ferguson,Michael Chandler,0,0.706382277565695,0.650265394696058,0.62447190236485,0.670289493382236,0.652998240758966,0.654736568356223,0.628419805368153,0.628898742049049,0.600510964801717,0.666019363520071,0.644262209256775,0.677803819394622
2022-05-07,253d3f9e97ca149a,9d61012a6020516e,47b63240018d5d86,d910665038efc639,Rose Namajunas,Carla Esparza,0,0.683364573454403,0.722015980797552,0.686258063409084,0.690363340076883,0.671398292454051,0.715672401449484,0.680909622766852,0.736470455154719,0.688711982021629,0.697731550762867,0.672558775790126,0.676856617380402
2022-05-07,253d3f9e97ca149a,7d4e49d8a6678157,07225ba28ae309b6,9e8f6c728eb01124,Charles Oliveira,Justin Gaethje,1,0.66163000722782,0.650977487477538,0.625074109254288,0.653277220557329,0.637493775551268,0.653679088062076,0.627523090040775,0.655837250350752,0.622044260734987,0.652620210391102,0.632412010188478,0.648540001792118
2022-05-14,60ba33c3f555a7a3,afed0bac5ce5a2f3,12585614e0ed2626,5f61780fe5e9b6d0,Nick Maximov,Andre Petroski,0,0.476276312440016,0.47514285832289,0.479611472633678,0.494610431575974,0.495197211881557,0.478769827123498,0.482564454412919,0.467979018132546,0.475243800301121,0.487928391905404,0.489612486071072,0.486607152685333
2022-05-14,60ba33c3f555a7a3,22f1133d02700bb2,4461d7e47375a895,760a55d5b6098cbe,Tatsuro Taira,Carlos Candelario,1,0.626911511945874,0.636793448352896,0.613111943863302,0.640307685618469,0.625722270496187,0.640841174037978,0.616668578523173,0.639761351228237,0.609159953751563,0.640576634403673,0.621807001980074,0.626262061389754
2022-05-14,60ba33c3f555a7a3,f549164690d723bb,7dda2cf308f24a02,f0feeb2192937424,Virna Jandiroba,Angela Hill,1,0.612093889113758,0.587049397278529,0.571619748537078,0.602831918476298,0.591904802061622,0.590459221173143,0.574543138083073,0.557034186563581,0.544147586029121,0.600547478106119,0.586822442345129,0.601108226577821
2022-05-14,60ba33c3f555a7a3,8a1aa64eb1f17913,511e82663651438d,cd7763bcadb5d4c8,Michael Johnson,Alan Patrick,1,0.477604856008112,0.44127679896856,0.451773720716219,0.46832016385368,0.471761691234527,0.441053925203384,0.451525887989221,0.426941435041644,0.443384646083704,0.460626898453552,0.466103282093243,0.474412083506036
2022-05-14,60ba33c3f555a7a3,7e047b195135ef06,05fa626cb33d15b8,36541f1e6c5d4955,Andrea Lee,Viviane Araujo,0,0.611205497165705,0.617120430839549,0.596625694611977,0.603625907793638,0.592618679465024,0.613122426456339,0.593410293790716,0.624191800009266,0.596776239225005,0.604889658592844,0.590600509277141,0.601088527964354
2022-05-14,60ba33c3f555a7a3,b3248692dfb954b2,253076a23d03dcd0,60a42bf82447c919,Allan Nascimento,Jake Hadley,1,0.48906966902263,0.514864957954873,0.512190541427376,0.495046913293559,0.495586177848214,0.514299048756306,0.511742015985106,0.531095341293163,0.52403980812166,0.503275371682914,0.502818297159383,0.492629083987267
2022-05-14,60ba33c3f555a7a3,e240d6f77747ec46,2e7878927067fdca,764342d39cdaa54a,Manuel Torres,Frank Camacho,1,0.64901698153992,0.646202105903435,0.621039081765294,0.643850262270152,0.628933724002294,0.648313818273641,0.622979730438571,0.652793514596489,0.619596542257362,0.642859826783403,0.623814308870897,0.638106365623834
2022-05-14,60ba33c3f555a7a3,fad150a0288efbd7,beecb672a279223e,e872e9a9a902c045,Amanda Ribas,Katlyn Cerminara,0,0.603278383864238,0.621393909701211,0.600197424372849,0.6111482619532,0.599387118878184,0.617614127634599,0.597164363852826,0.619728502252376,0.593241672931483,0.615230412261788,0.599613053354921,0.601154311659707
2022-05-14,60ba33c3f555a7a3,43543a2c1c7a7135,113df4fde64735c6,d2bc285ead803db0,Davey Grant,Louis Smolka,1,0.54205478880443,0.597724207753043,0.580473075736533,0.550634296395139,0.545153063895715,0.587282977655722,0.571907795720314,0.626078186322469,0.598272086730567,0.56296444748148,0.554252341558228,0.543747683402853
2022-05-14,60ba33c3f555a7a3,2fa88b72973478b6,a67f5afa8d6a1b80,cd13728ae1151f46,Ryan Spann,Ion Cutelaba,1,0.387991377018886,0.353644381828349,0.37883133049618,0.375943191562763,0.388975099349041,0.357778511935854,0.382167075925812,0.34270851074273,0.376784836932692,0.36878540876475,0.386409200865015,0.388528636482145
2022-05-14,60ba33c3f555a7a3,5c281439d20184f1,333b9e5c723ac873,99df7d0a2a08a8a8,Aleksandar Rakic,Jan Blachowicz,0,0.602928261419246,0.594875875107118,0.578108443041693,0.592094199547098,0.582259892848307,0.592350888340702,0.576113619822097,0.590324611480177,0.570103234490628,0.588799701443531,0.576618116028076,0.591678373943168
2022-05-21,a6c32678efd4f434,bc7228d30ff5be46,ac7c765882f2c68c,e94085e821bd81de,Elise Reed,Sam Hughes,0,0.569235564399395,0.576712138407731,0.563067427583838,0.57786003161886,0.569498871155143,0.582564971696674,0.567996823209668,0.589850527209937,0.569732022885111,0.581566946842311,0.57034707617172,0.569379404248883
2022-05-21,a6c32678efd4f434,5136dc566f46daf6,971246648e162f0d,dbac0a413af64bbe,Chase Hooper,Felipe Colares,1,0.54130386198264,0.523657137789276,0.51940375633795,0.52829311711623,0.525218095928417,0.524169000988849,0.519850246743102,0.520878376249219,0.51613646072549,0.526490128459296,0.522798917119524,0.532525297382177
2022-05-21,a6c32678efd4f434,3542f9f30926f364,37098a6e6c27fb66,f2477cf43c4975cc,Vince Morales,Jonathan Martinez,0,0.333483656226258,0.344261678606221,0.370894972508845,0.347411140475075,0.363132006724799,0.346002303689816,0.37220678191911,0.344763932964522,0.378439519303544,0.347237395189012,0.367462350813863,0.349534075477828
2022-05-21,a6c32678efd4f434,534c07488396e124,681399317dbf4701,a0e6753c42698f13,Uros Medic,Omar Morales,1,0.611806187828503,0.651708294690373,0.625692332742373,0.634165770134459,0.62016100695558,0.655777660190468,0.629303027757045,0.669097151851288,0.632756398562159,0.642335272901,0.623353011152436,0.616378616466423
2022-05-21,a6c32678efd4f434,1b4d0c9e3c59b33b,41e83a89929d1327,ac40f7e3cbecdda4,Jailton Almeida,Parker Porter,1,0.74268296642857,0.765691020892581,0.725318992932099,0.760092459677022,0.736455586694472,0.771093389862319,0.730512473584722,0.773271561201371,0.720713925893107,0.76804954191366,0.736962511122362,0.739293127983234
2022-05-21,a6c32678efd4f434,cbdfb3c648d7bada,70fa1c64a2c439ef,8d20d76af3f213ce,Alen Amedovski,Joseph Holmes,0,0.170090067575809,0.185772774098377,0.229393975252942,0.186649581969876,0.212208399926027,0.184032963722216,0.227438259160585,0.188269072264049,0.244319640122204,0.186296721241666,0.21951075915148,0.19221492729779
2022-05-21,a6c32678efd4f434,4a789cdd5aaf4439,285ae0b4a68221f4,cad24459b28592ca,JunYong Park,Eryk Anders,1,0.458395330203482,0.44911746993721,0.458228639882693,0.453694004283151,0.458711471080046,0.447927200679188,0.457192393068034,0.451726324836733,0.462652168202832,0.451507646139303,0.458240792928874,0.458568022431534
2022-05-21,a6c32678efd4f434,5eaff5c832430378,9673a497a9da119a,d25240135aee03e5,Polyana Viana,Tabatha Ricci,0,0.512247453628918,0.501961687086599,0.501608599192989,0.497293363907437,0.49758805879812,0.495180861556711,0.496042957422458,0.501577463633728,0.501218904673139,0.495577890886317,0.496194979732529,0.5042405546801
2022-05-21,a6c32678efd4f434,f682118709b4143e,866fd7b1a6c90e7f,c68c68efaa5ca6ef,Dusko Todorovic,Chidi Njokuani,0,0.451616700089109,0.439134643178037,0.450008842614864,0.442780466593692,0.448964551516512,0.436531741654255,0.447794427710799,0.427718025853094,0.443989889833926,0.440645137164589,0.448865678931028,0.450167576540658
2022-05-21,a6c32678efd4f434,5d4fb748ad246269,595db60957de51d3,6d1bffff14897645,Michel Pereira,Santiago Ponzinibbio,1,0.625896765950396,0.642795676574295,0.618165619891287,0.626276372665205,0.613029104736882,0.639573935701706,0.615600170369888,0.657107631620539,0.623067075700092,0.631354831572895,0.613713707609755,0.618888398250041
2022-05-21,a6c32678efd4f434,7a2c841693b54dd7,634e2fb70bde3fd5,b9706f80d005036c,Holly Holm,Ketlen Vieira,0,0.48849219578332,0.512460280943733,0.510218206484023,0.494598938550211,0.495186969975992,0.50977123856818,0.508023513170789,0.515091875732941,0.51166289010551,0.501249474793239,0.501075108545468,0.49214895141048
2022-06-04,57591bbf1623574e,59b2bbb251968ca9,669970f7feba8ecd,6fd953151d981979,Erin Blanchfield,JJ Aldrich,1,0.662771319507746,0.660935252496017,0.633514883514208,0.655858311539355,0.639841266939677,0.662486840039008,0.635004681481588,0.661560745049465,0.626658084259824,0.65938131422916,0.638384402187228,0.650332176305877
2022-06-04,57591bbf1623574e,a09447d185a62251,79325a3c1a5c3bf4,8f765fd5775a8873,Andreas Michailidis,Rinat Fakhretdinov,0,0.477530864107855,0.495298718772364,0.496144880833389,0.490014946578995,0.491101880055955,0.497541311731681,0.497981161638572,0.496431997917441,0.497242992959689,0.494218435144941,0.495025207083571,0.484941391909843
2022-06-04,57591bbf1623574e,7e20b0536fbbd560,008ea710276c9606,55fa6ce3e522c8bb,Jeff Molina,Zhalgas Zhumagulov,1,0.764747367404097,0.732936551260219,0.695901504298922,0.741642062071696,0.719039875537628,0.735192034926492,0.698138447606352,0.73739576850692,0.689502118499513,0.738253797508429,0.70934582896812,0.740434738248305
2022-06-04,57591bbf1623574e,43d7d4b67be48553,601964f9654f911a,f6bcbd91b114ff58,Tony Gravely,Johnny Munoz,1,0.446981459701307,0.44979289098852,0.458784354310324,0.456982449541896,0.461646703586766,0.451800192165267,0.460382993431771,0.448212851353954,0.459926290523774,0.455439392664121,0.46163149960688,0.454982775847517
2022-06-04,57591bbf1623574e,ed32da52aff68944,62f7097c04311193,c2299ec916bc7c56,Niklas Stolze,Benoit Saint Denis,0,0.415982161691294,0.419522514789882,0.433819619242391,0.415085382240219,0.424179894439343,0.414968825195911,0.42995934881619,0.407210951209633,0.427966237725324,0.415344270500594,0.426975847714144,0.420454830936963
2022-06-04,57591bbf1623574e,04e6198326be4857,29af297d9f1de0f8,e4ba58725825412d,Damon Jackson,Dan Argueta,1,0.561031596496526,0.573502736860174,0.560415994271539,0.540260491668587,0.535892906179468,0.560094998307382,0.549421884826739,0.590604649819807,0.570322531354122,0.54331164519166,0.537291670495729,0.547329666972973
2022-06-04,57591bbf1623574e,e5e75d831670b401,af65aa688d13eedf,c3ded6f7155f9ea4,Joe Solecki,Alex Da Silva,1,0.582760860832686,0.54508078930856,0.536999450501014,0.551642336628666,0.546053292711598,0.548405023080362,0.539786024124537,0.551013397403948,0.539473271153838,0.550390054418185,0.543396245905801,0.562795711418959
2022-06-04,57591bbf1623574e,4f2501e804c84abe,b6850671a008bf9a,d7c3816669784109,Felice Herrig,Karolina Kowalkiewicz,0,0.555239569877998,0.565077490179792,0.553463247831934,0.552840864069868,0.547123737225091,0.563041747095367,0.551853520839585,0.564688355395659,0.550097623809479,0.556722106644689,0.548860990881215,0.550809552943259
2022-06-04,57591bbf1623574e,93969a7368dc2e14,a495f599e787614f,e92901944ce91909,Alonzo Menifield,Askar Mozharov,1,0.572870723483467,0.593122498933595,0.576653682866494,0.577733653461318,0.569385685225106,0.594294162180801,0.577727711214656,0.602450914360017,0.579616948537849,0.584886939234916,0.573224602964981,0.57096784628988
2022-06-04,57591bbf1623574e,a679800d2e7c3be2,6d68c1afe954f121,79cb2a690b9ba5e8,Ode Osbourne,Zarrukh Adashev,1,0.442549790447767,0.426226595468435,0.439360460213809,0.447766246298361,0.453418507041648,0.435187801855708,0.446684945913668,0.426952859655723,0.443393550783202,0.443739967330239,0.451537925978198,0.448480838514484
2022-06-04,57591bbf1623574e,3aa49ed298e4c34f,5c126c6aac3ef364,9d62c2d8ee151f08,Poliana Botelho,Karine Silva,0,0.385930211813211,0.368886601792171,0.391659832079084,0.371986237320647,0.385401403981802,0.364949712791935,0.388209477943784,0.36127321410763,0.391665669850471,0.3688093476167,0.386430180693934,0.385641309710749
2022-06-04,57591bbf1623574e,344d60564cd136ff,5bf31a46becc1204,710f0f8c5d5c9d41,Michael Trizano,Lucas Almeida,0,0.487602477377274,0.458833962978982,0.466218532598955,0.481088823214024,0.483146225262185,0.463438000143001,0.469961416983402,0.446245244495469,0.458399053678916,0.475534664717694,0.478944488558143,0.485167897953563
2022-06-04,57591bbf1623574e,aacb47949a572f25,76e2870ffafbe38f,82a5152216251682,Movsar Evloev,Dan Ige,1,0.685750117877467,0.670705561188002,0.641834347299787,0.670468268487913,0.653161584853887,0.670773116025773,0.642071122396047,0.663427133708988,0.6281658382621,0.671453698602486,0.649085082279554,0.66814958371497
2022-06-04,57591bbf1623574e,7a635063e5f1699b,279566840aa55bf2,2cd428e9606856fd,Alexander Volkov,Jairzinho Rozenstruik,1,0.625218817152226,0.621538370357444,0.600318250974298,0.617850088122881,0.605425401524294,0.618984699222069,0.598310924757082,0.62369098510715,0.596379308580358,0.617020755786612,0.601175736438398,0.614453608004752
2022-06-11,3a24769a4855040a,5f4a107d930e4852,3eb4dc9a7d4ac906,f9ab66e67240db7b,Ramona Pascual,Joselyne Edwards,0,0.388569550805125,0.384218794601202,0.404492600100542,0.382464641104275,0.394858346019063,0.383169840355484,0.403491243124617,0.391323247540782,0.415483529608132,0.381783205212779,0.397779918451062,0.392000441418597
2022-06-11,3a24769a4855040a,f466cd99d02644e9,b4880ef2f838d4e1,ec0dcceace7d25a3,Silvana Gomez Juarez,Liang Na,1,0.391892781752924,0.402489826735869,0.41970467281036,0.391084306979815,0.40262267292718,0.398412013198476,0.416206787922337,0.399264695160317,0.421731317308349,0.393884557145441,0.408332291693278,0.397741906389681
2022-06-11,3a24769a4855040a,029f5c36820fdc09,3b0a516d2921e0d6,a7897d200692ab64,Batgerel Danaa,Kyung Ho Kang,0,0.511713987909785,0.555336497906743,0.545437235245091,0.524502356516183,0.521838130360594,0.545811067637413,0.537649931506985,0.566533867265799,0.551533645901223,0.530984599524633,0.526669504443877,0.517246164660566
2022-06-11,3a24769a4855040a,50eed57ea1390e16,2f181c0467965b98,d4270315cbcf2569,Brendan Allen,Jacob Malkoun,1,0.461167909912069,0.435765101493785,0.447231503149567,0.447693240741709,0.453353303207912,0.435447018846191,0.44689896071163,0.426140049169734,0.442759959956923,0.444564277621679,0.452249514149886,0.456896457896629
2022-06-11,3a24769a4855040a,4a116a55ffaa0d64,8c1ca54b5089d199,97cf1a2c7c5e7889,Maheshate,Steve Garcia,1,0.545064884463925,0.564989899774412,0.5533910213041,0.553331381850039,0.54756186720924,0.559519882584801,0.548947437596068,0.565203363035164,0.550498302381868,0.552617446630409,0.545318110026486,0.546429185116326
2022-06-11,3a24769a4855040a,c94b153951be7590,6751eacd16bd59bc,a68575214ecad140,Josh Culibao,SeungWoo Choi,1,0.526647230188198,0.545870348689738,0.537648657033517,0.535631004901563,0.531762568090552,0.540279341486565,0.533096793941716,0.544567893609987,0.534474379139595,0.534495658922454,0.52969396180676,0.529442317164644
2022-06-11,3a24769a4855040a,f115a91066a77ee7,6b453bc35a823c3f,abd5fb12437eda21,Jack Della Maddalena,Ramazan Emeev,1,0.48042976891388,0.462897501295082,0.46955737684776,0.474445810365311,0.477224076350197,0.462129555911291,0.468885105914311,0.45705389524929,0.466782659505178,0.470732228803926,0.474809132203172,0.478678398028464
2022-06-11,3a24769a4855040a,d7a7ba46c4f075d7,33efaf2d0941cfcf,a845f0735bc67405,Andre Fialho,Jake Matthews,0,0.438254956008003,0.424519733746042,0.437950480269238,0.42930855493993,0.436918552634601,0.425232914732807,0.438458431687229,0.415807248853226,0.434694104136422,0.426399534979141,0.436551087388312,0.437524814727575
2022-06-11,3a24769a4855040a,4305cb30533dac77,1ebe20ebbfa15e29,3d6749c4267da18f,Zhang Weili,Joanna Jedrzejczyk,1,0.462280443003782,0.466969649371931,0.472901966599542,0.469126157671467,0.472480507872651,0.470984499379985,0.476166601104862,0.46887313862646,0.475935798290554,0.469236858280877,0.473521237456579,0.46784900739335
2022-06-11,3a24769a4855040a,049ad6d87b42eba8,132deb59abae64b1,f7467152fd9f18a2,Valentina Shevchenko,Taila Santos,1,0.654692857561172,0.675731986845899,0.646129824578458,0.652837772518044,0.6370942641774,0.669044668736945,0.640594808119901,0.683472477981435,0.644466771458847,0.658580882064938,0.637676601198947,0.645128291334109
2022-06-11,3a24769a4855040a,fd49f89b9d97566b,009341ed974bad72,7ff97850e8c32bda,Jiri Prochazka,Glover Teixeira,1,0.418412234202402,0.457162142075863,0.464844446390055,0.459296209822311,0.463711526995586,0.464547004676328,0.470873565565251,0.481045255646698,0.485350877799217,0.463113896229029,0.468246455840441,0.443037154535749
2022-06-18,a0a680fe2f6cc8e6,e8a5e53ffd33c0f9,327d5f279895110d,d6c0cdd7e467c440,Roman Dolidze,Kyle Daukaus,1,0.491929079837826,0.443576314475314,0.4536675904314,0.469862577601544,0.473137249960739,0.44605676032028,0.455650911949799,0.410981485656926,0.430919323229877,0.464391740075613,0.469347478315778,0.481657554395178
2022-06-18,a0a680fe2f6cc8e6,897d9e21c59d0633,483a953b18d73bb3,547afe1017e72dbe,Deron Winn,Phil Hawes,0,0.370459981686346,0.407997045406499,0.424274857407882,0.391679760045584,0.4031585669588,0.403919156602288,0.420787564555368,0.41874003343052,0.43698568035307,0.396485086278228,0.410596028133938,0.388195924653679
2022-06-18,a0a680fe2f6cc8e6,8b5c760f34daafe0,bf7ad5628363eec9,fc9a9559a05f2704,Cody Stamann,Eddie Wineland,1,0.78488657561788,0.779436113745601,0.737915578678543,0.769219269910945,0.745133968365487,0.774607250493941,0.733735732064164,0.77808866692941,0.724999497788118,0.770093134625465,0.738877289335548,0.763750046877049
2022-06-18,a0a680fe2f6cc8e6,5b5d7f7ae712c6d8,37d752ec41ed84bb,5dd180c8b3196786,Maria Oliveira,Gloria de Paula,1,0.583620565201118,0.637763025131167,0.613927498054952,0.609413979717142,0.597825819203093,0.636931669910482,0.613374157217154,0.6573954830716,0.623298931095696,0.621132580435661,0.604767407199802,0.591399197709639
2022-06-18,a0a680fe2f6cc8e6,1378fc2be3819b2b,0de720c0f1d4ab9c,1ae8f3c723aacff4,Danny Chavez,Ricardo Ramos,0,0.235985180052175,0.252407158890708,0.291032334423687,0.237750415680531,0.261497233032647,0.246249507636063,0.285247382123919,0.263680294092119,0.311416679827413,0.239514930823814,0.270100941823614,0.249704441932613
2022-06-18,a0a680fe2f6cc8e6,9a92d376fba2379d,523fa774700d7d3f,d66a46de8d705353,Court McGee,Jeremiah Wells,0,0.347219957185565,0.341919569061286,0.36890885248232,0.344859006123789,0.36081129740249,0.336486398740476,0.364121208927686,0.341079640662773,0.375472212279918,0.339372724265221,0.360513421845927,0.354615216510407
2022-06-18,a0a680fe2f6cc8e6,2c7c7648e847f2e5,262d32ebda89efc4,a9e260472d321361,Natalia Silva,Jasmine Jasudavicius,1,0.501115954174627,0.522907830978074,0.518788882755904,0.523651383747839,0.521079449392174,0.523612444048765,0.51939291655166,0.522314421482356,0.517246925436104,0.522199783483434,0.519105017919667,0.512025802400966
2022-06-18,a0a680fe2f6cc8e6,20cefe64f4b28be8,0232cabbc30a2372,1a08b01fdabb6ae2,Adrian Yanez,Tony Kelley,1,0.724088440410329,0.720399252377073,0.684836696132674,0.726381566229705,0.704753284741224,0.726599682521622,0.690525343393531,0.723234481737541,0.677482214717534,0.728987276436718,0.700861796882677,0.71362370608231
2022-06-18,a0a680fe2f6cc8e6,5095f6290670009d,d0e1b42d41dab603,d1c65d2cf2925ddd,Julian Marquez,Gregory Rodrigues,0,0.427928816692897,0.431077613795237,0.443365174799469,0.431708142887777,0.439065456411558,0.428463688918257,0.441129949457333,0.423412329721836,0.440632765121901,0.430786538336485,0.440346080042896,0.434004056464712
2022-06-18,a0a680fe2f6cc8e6,4e6218b6b892b017,135d124172a0bea3,7772b283d288dbe2,Damir Ismagulov,Guram Kutateladze,1,0.573302995465156,0.537398601711889,0.530685872435522,0.542930584272723,0.538275680856259,0.53110288336311,0.525549375365085,0.532853026237506,0.525400211850569,0.535253968302604,0.53034727374656,0.554236991560685
2022-06-18,a0a680fe2f6cc8e6,11e83902f5b8ff63,6b7c7460855dbbb9,b9437600497350f3,Albert Duraev,Joaquin Buckley,0,0.445802456124911,0.447858060483146,0.457192303539124,0.444837558616698,0.450802462636767,0.450400599508922,0.459230185276646,0.453341052904305,0.463904421425655,0.447735204684645,0.454986199542597,0.448532486048783
2022-06-18,a0a680fe2f6cc8e6,1bc662949337a8c4,3a46b268013afede,4b47e71384a9522f,Kevin Holland,Tim Means,1,0.673988821423152,0.673950342630231,0.644606028183113,0.678254214362852,0.660284363374809,0.67715767167094,0.647535321327523,0.682053861965158,0.643306341432881,0.678355331652625,0.655225013531105,0.666537581694532
2022-06-18,a0a680fe2f6cc8e6,6e559181bfbc77e1,751de04455cfaac0,fba03cd6cc28dc41,Calvin Kattar,Josh Emmett,0,0.522892113134017,0.530764680826253,0.525237685476055,0.526002892024619,0.52317599025036,0.532412721210992,0.526626302334766,0.535133285861254,0.527165455903442,0.528583938168174,0.52460195292761,0.523047186812531
2022-06-25,eb42d4febfafefd1,2c73bf152247f25a,2c483cf443f38ece,d05cb1e8d1b885d8,Vanessa Demopoulos,Jinh Yu Frey,1,0.44552368339526,0.435263941210806,0.446818288302414,0.43992942905088,0.446416691074862,0.432719036083964,0.444646201412878,0.429478862758289,0.445361804944158,0.435916189015321,0.444780434670006,0.44601145808278
2022-06-25,eb42d4febfafefd1,24a9fc95a3112f51,7be14eaed4c74856,bc711b6dd95c1af6,Brian Kelleher,Mario Bautista,0,0.414744495406372,0.396286265699135,0.414548660651601,0.400499320516893,0.411089251054773,0.393375715215964,0.412011618663907,0.387695952672579,0.412623890706066,0.397153775106545,0.411177902725769,0.412746576836502
2022-06-25,eb42d4febfafefd1,8cc43d79b61efc25,0b362247806341e5,7f6ed67d3ed3c036,JP Buys,Cody Durden,0,0.303064811036587,0.328659452028546,0.357623601032598,0.334476192710098,0.35135282370742,0.333313231481754,0.361417150930951,0.338873188679307,0.373692237087479,0.33248860337587,0.354414637870141,0.328989244839235
2022-06-25,eb42d4febfafefd1,a457331c27bce6d5,2f6a993c7f547c13,82b4e942781b1046,Sergey Morozov,Raulian Paiva,1,0.358691167847696,0.35737979482392,0.381982290510447,0.34984186698999,0.365340829736836,0.348870172398591,0.374636935955424,0.348578598977369,0.381505584281413,0.346403861824853,0.366726775725351,0.362317094310029
2022-06-25,eb42d4febfafefd1,21f79cd40513d075,0a73acff6325c1e2,d31cbcdd7d69536d,Shayilan Nuerdanbieke,TJ Brown,1,0.487646301071385,0.48765931178802,0.489879880120265,0.496248935360132,0.496657340034086,0.491570419702835,0.493078243816947,0.480960416534871,0.485285284620051,0.495294713640641,0.49595131519344,0.492568085948817
2022-06-25,eb42d4febfafefd1,28be3fbe5c377380,6aae253467e8f9ce,9014c02eff8b3d62,Tafon Nchukwi,Carlos Ulberg,0,0.605603993519562,0.598272807753843,0.580928715765384,0.610384199964486,0.598699203839137,0.60307440033686,0.58503075985613,0.594100006288313,0.573061300479481,0.609120392964973,0.594285165314261,0.601837190139115
2022-06-25,eb42d4febfafefd1,3f38100fd8dae286,260e9e0d4954aea6,5442f1bc4b47eaf3,Rodolfo Vieira,Chris Curtis,0,0.497049463323289,0.48912382853731,0.491081006017949,0.480151492595685,0.482310693005555,0.481295770623409,0.484639590842818,0.478858866836094,0.483660362922862,0.479713799548096,0.482542293460253,0.488995931498808
2022-06-25,eb42d4febfafefd1,28bd070f7ab0a0b9,2b6fc1c02736833d,6e9f40c706f91f32,Umar Nurmagomedov,Nate Maness,1,0.824795131148994,0.860576894513524,0.816451072323909,0.835811602808957,0.810028888308327,0.857764900941932,0.813876092383111,0.872719232739511,0.815719655731575,0.843909374069461,0.810321270230674,0.816843900234279
2022-06-25,eb42d4febfafefd1,029a12d36a4687e1,d945aae53e3e54e6,de45aaae23dfa392,Thiago Moises,Christos Giagos,1,0.555148310155449,0.541092834189119,0.53372130703402,0.563976573796928,0.557075137275136,0.551958137737838,0.542713124165283,0.532672977513137,0.525260847237196,0.562028220984331,0.553443473648761,0.556201075625682
2022-06-25,eb42d4febfafefd1,c57c8e22a3e8dde2,b5da8f7d05e85a55,c9a94278df042f46,Josh Parisian,Alan Baudot,1,0.313163424944502,0.275083926776806,0.311188294156032,0.301951240411593,0.321523535179735,0.277496003118996,0.313087185096511,0.260425060279288,0.308634337217881,0.291099436730925,0.317379259903391,0.317715651472107
2022-06-25,eb42d4febfafefd1,3c98739eb42f96bf,01afe0916a40c7c5,84b3e7d38f2d2ec5,Shavkat Rakhmonov,Neil Magny,1,0.58788491640423,0.615763035950031,0.595492231121494,0.600376286530403,0.589697562017309,0.619481308333343,0.598726491982435,0.635229237320082,0.605546143544691,0.609842490434667,0.594914420765339,0.588875398100199
2022-06-25,eb42d4febfafefd1,1f5f59924b59408b,72db2a14ffa73ece,eae48ff31db420c2,Mateusz Gamrot,Arman Tsarukyan,1,0.358412224665799,0.399937583844186,0.417584460414701,0.362408510924393,0.37673814886164,0.390771482117451,0.40983995766901,0.418819690387989,0.437047896146343,0.37133887824908,0.388646234290812,0.368375665005366
2022-07-02,4a9e305633f3ef47,0e2c7ec02a095813,6c8072b61c276e67,a78a87d8c2bbb1cb,Jessica-Rose Clark,Julija Stoliarenko,0,0.697384941986639,0.669312398683401,0.640645677540325,0.671762582906721,0.654344448938055,0.672637174078031,0.643664668323065,0.670146292103647,0.633607500711445,0.674444614327648,0.651743820510576,0.674241959536662
2022-07-02,4a9e305633f3ef47,1c85003f6ec59c9d,6a740daf1b279661,f72465a784c1b084,Maycee Barber,Jessica Eye,1,0.810518083330042,0.808576648528619,0.765209453713106,0.804235225300829,0.778876704328256,0.80741154446951,0.764384001443474,0.803352265108171,0.747906747452675,0.804069443847954,0.771162717222914,0.793682869483136
2022-07-02,4a9e305633f3ef47,99ac96bb67e5c5e4,65578a75fa7900e3,886264a0c9f4ea5e,Uriah Hall,Andre Muniz,0,0.338319993067763,0.347321435348647,0.373486571764505,0.359457540330069,0.374064986973891,0.353803242549762,0.378810209609419,0.349192062640308,0.381998080007149,0.358953385865854,0.377779924696035,0.357647919131099
2022-07-02,4a9e305633f3ef47,57775c8af89007c7,0c6d9ea8306c029e,0d7b51c9d2649a6e,Brad Tavares,Dricus Du Plessis,0,0.395526508534861,0.404907304937778,0.421711618344066,0.405533232424832,0.415610458768852,0.405160965747566,0.421819574170251,0.40820095436332,0.42874193461854,0.404411974694351,0.417488391817094,0.40645858740118
2022-07-02,4a9e305633f3ef47,4d8d1701c43c5fea,442c9011034ae1fd,5eb50529a8418b77,Ian Machado Garry,Gabe Green,1,0.616704443270718,0.632610949456767,0.609597276891217,0.618638917321181,0.606136658606476,0.634413777506059,0.611254998970167,0.642342028970136,0.611221234151212,0.624140350134377,0.607397144018271,0.610944609436328
2022-07-02,4a9e305633f3ef47,459bc7c0b47719c3,1d00756835ca67c9,d1941565abf50b16,Donald Cerrone,Jim Miller,0,0.391043631767084,0.401640121309242,0.418998961327105,0.407886544495661,0.41772282594359,0.408976238978487,0.424988251025584,0.396316629389605,0.419413999568255,0.408769049297545,0.421272020603258,0.405547702157127
2022-07-02,4a9e305633f3ef47,98411542ca0e847d,37ed1ab2f8b819f4,4d8fa64202cee4c1,Brad Riddell,Jalin Turner,0,0.426357468701694,0.473900707329572,0.478592032719906,0.466617500876092,0.470243089520702,0.477641668372673,0.481637547249549,0.485552111569347,0.488834892694794,0.473359955132748,0.477071992947321,0.450231899563378
2022-07-02,4a9e305633f3ef47,12a33d16e1d4e2d9,a331233f597090a5,f2925e6db404bf1d,Bryan Barberena,Robbie Lawler,1,0.582686425609078,0.581811240338924,0.567283644990701,0.571753372995439,0.564031744049508,0.577564303096377,0.563855959793826,0.580401052495622,0.56234353742241,0.572191620506932,0.562229912302068,0.572521825007248
2022-07-02,4a9e305633f3ef47,0308bcdd00cc72e2,0d8011111be000b2,e5549c82bfb5582d,Sean Strickland,Alex Pereira,0,0.678809696913521,0.658649973427216,0.631574437094987,0.674893707954145,0.65720793494147,0.663968487781425,0.636266181596592,0.651304021925783,0.6184001701206,0.674060346154333,0.651402053409285,0.667096976256653
2022-07-02,4a9e305633f3ef47,4047e98132306cd5,150ff4cc642270b9,e1248941344b3288,Max Holloway,Alexander Volkanovski,0,0.402256198891858,0.410940529823312,0.426714938290372,0.398113558056284,0.408945148595196,0.406218984938751,0.422698587265329,0.427160381650531,0.443555295641348,0.401699151628475,0.415130919671919,0.405905792903834
2022-07-02,4a9e305633f3ef47,a7eaf7b101166d3e,1338e2c7480bdf9e,13a0275fa13c4d26,Israel Adesanya,Jared Cannonier,1,0.762905092852772,0.746822328364939,0.708277007492171,0.747839495639724,0.724871508889776,0.745531172538454,0.707364331132075,0.73800698028717,0.690024416386473,0.745300873261231,0.71582942864291,0.742588427712992
2022-07-09,31da66df48c0c1a0,fb3f5a65da9f2ac7,50a28b9f8314e008,e7e01e266a9d4342,Saidyokub Kakhramonov,Ronnie Lawrence,1,0.539913635778729,0.557251611732853,0.54701420919793,0.5608491889157,0.554279254091585,0.566824224934304,0.554976550069873,0.568365406505894,0.552959365799206,0.566940537186867,0.557688683549337,0.547770824473042
2022-07-09,31da66df48c0c1a0,478bc7d1288e043e,37d5b176d438d2a5,8667caa0451d245b,Karl Roberson,Kennedy Nzechukwu,0,0.328278558945873,0.312437101151533,0.343715438819639,0.318679936893389,0.336906029912755,0.303422706969093,0.33573074851471,0.2931377317492,0.33623371673214,0.311124249531111,0.335381835675872,0.332977528471325
2022-07-09,31da66df48c0c1a0,a652918360fe9a72,1effd880e1f1bb30,ffe9703408fb5964,Garrett Armfield,David Onama,0,0.422529543906247,0.410835350431429,0.426627776958068,0.432278424676793,0.439575598522854,0.414832501099358,0.429846339297268,0.405758079757329,0.426827441190691,0.42589786209141,0.436116951605316,0.431821009708169
2022-07-09,31da66df48c0c1a0,81cbb709dedc914d,5f179af5fffeb9f6,d7338bcb141abd2c,Cortney Casey,Antonina Shevchenko,0,0.607175069272285,0.590854690977952,0.5747730501665,0.599134652645013,0.588581874869538,0.592912296180821,0.576579847102231,0.589611073505247,0.569544548712759,0.597724596450844,0.584368200072496,0.59705308079127
2022-07-09,31da66df48c0c1a0,04e1ff7aeda2a018,147e70aa6cc48cfc,f14f644d41ade29f,Tresean Gore,Cody Brundage,0,0.433778948375245,0.445197101146679,0.455002070075863,0.453402564752838,0.458451300180748,0.450202821684394,0.459067264003663,0.446154750200717,0.458328800415781,0.453700361012057,0.460131932329143,0.447223868802839
2022-07-09,31da66df48c0c1a0,a103b30f6898de7e,511e82663651438d,af9f42e6894047fc,Michael Johnson,Jamie Mullarkey,0,0.321245562159576,0.2759681336428,0.311967419580926,0.300428629132238,0.32011887015115,0.270706932808001,0.307093317161979,0.263196605722403,0.311003796021877,0.288002342501618,0.314579311729044,0.320629831923135
2022-07-09,31da66df48c0c1a0,c58b3223b5caa18a,24656ef4d605c96f,cd3d7e37ff2d679c,Aiemann Zahabi,Ricky Turcios,1,0.350585694265206,0.339117281332922,0.366529746066898,0.350805072779633,0.366215708178196,0.337073821218484,0.364621348483438,0.327588670542885,0.364553165908363,0.34566560359268,0.366075102852786,0.35908656242787
2022-07-09,31da66df48c0c1a0,cd63b4144a45b611,01b352b6a9074d5c,2b68d9f125d07b42,Chase Sherman,Jared Vanderaa,1,0.387749244650135,0.36052906910296,0.384635166393446,0.370951364775769,0.384466253233865,0.357964249477279,0.382323789244872,0.354017318935186,0.385866387971763,0.365944175551416,0.383918131117905,0.385954580652087
2022-07-09,31da66df48c0c1a0,bba6cc8760da34ab,0fd5f4b838e890cc,3a314d9fa7c6825d,Said Nurmagomedov,Douglas Silva de Andrade,1,0.753180381464404,0.767339273909124,0.726821029405078,0.763746121022646,0.739924450497774,0.773392749869152,0.732620470897918,0.766815756717359,0.715008157218988,0.768690223871805,0.737562503850202,0.74599589761779
2022-07-09,31da66df48c0c1a0,6c60e58f8e9e7a4c,369ea36e450ae62a,4126a78111c0855a,Armen Petrosyan,Caio Borralho,0,0.441830245747196,0.456178007560823,0.464035455820232,0.432847874645982,0.440084963708632,0.44649848936157,0.456014989308594,0.453889658312591,0.464329805421239,0.437915233828011,0.446507676044903,0.440876680186853
2022-07-09,31da66df48c0c1a0,be69cbf1f1671c8e,6a2f7c151031653d,c814b4c899793af6,Rafael Dos Anjos,Rafael Fiziev,0,0.502904812925676,0.510070067432132,0.508257888227119,0.493144095919002,0.493890490962455,0.496482861144451,0.497112055869327,0.503906409326734,0.503018499542034,0.489762438174559,0.491190791765035,0.4979804735341
2022-07-16,8fd76e1b49c00ae2,b1af3bd0f8266a90,02f8fedc18cbd26c,c742287ed86a09bc,Emily Ducote,Jessica Penne,1,0.635423709380714,0.646672146166607,0.621435893182205,0.647100900389734,0.631883053265412,0.649636997512735,0.624099254327938,0.649591757117793,0.617026024294894,0.646952373348745,0.627415988752639,0.633491365001036
2022-07-16,8fd76e1b49c00ae2,9f3326195672c2b9,71505842fb6455c3,8be158ca1e5ea6a0,Dustin Stoltzfus,Dwight Grant,1,0.52304049857555,0.558078974171218,0.54769563004544,0.554789411570872,0.548864290982346,0.56496148432397,0.553438312086569,0.5646981322685,0.550105229859201,0.561647415944711,0.553114499348397,0.537171277153068
2022-07-16,8fd76e1b49c00ae2,a5d2f0fed3ce2899,74f9448b97bf8bec,e4277e87a789d687,Da Woon Jung,Dustin Jacoby,0,0.630317745967421,0.611837958884038,0.592217397515564,0.623822394744047,0.61081328761487,0.61293905182841,0.593257144615931,0.584356093962386,0.56543358052966,0.622188169513871,0.605690083962525,0.619711359142703
2022-07-16,8fd76e1b49c00ae2,4dd2bcd2b025204e,4f140403000158b5,9abc648e76c4493a,Herbert Burns,Bill Algeo,0,0.315207026635207,0.311765431148962,0.343136982827858,0.322063787403268,0.340006898933725,0.314202989557916,0.345042057892505,0.310887584636871,0.350908817159424,0.318183300291954,0.341689127546599,0.328635099749564
2022-07-16,8fd76e1b49c00ae2,74b8a36293758342,5987b2458f4b5290,b8a85389d115e35a,Ricky Simon,Jack Shore,1,0.476884039747653,0.471649246915964,0.476744023086894,0.482365315887281,0.484284045993487,0.476485208773436,0.480687324433984,0.464833428317879,0.472808772838193,0.483337475277407,0.485661387125772,0.480925346784077
2022-07-16,8fd76e1b49c00ae2,ebefe958473b3843,64facb6cc564262d,ce632027bf2a871b,Punahele Soriano,Dalcha Lungiambula,1,0.731975160188143,0.757578891407606,0.717958531650939,0.730141427796704,0.708263902348193,0.753430227879712,0.714463801251792,0.769109998106754,0.717031017567214,0.738988018250428,0.710020039895318,0.719174748601767
2022-07-16,8fd76e1b49c00ae2,4965d8eab468b839,729d4bd5a6cd0a97,b96619b3acd7d9da,Lauren Murphy,Miesha Tate,1,0.445068024862296,0.433260548892567,0.445166100136087,0.444182254156679,0.450217018402612,0.439130852248747,0.449939404835896,0.441739659714924,0.454899851510198,0.445373480765484,0.452947994722448,0.447879344938299
2022-07-16,8fd76e1b49c00ae2,d439374c1fc95581,98d961097baaf308,f1d64ae34e088832,Shane Burgos,Charles Jourdain,1,0.43911459960092,0.433683149028219,0.445514664719185,0.444714173274537,0.450692233771195,0.438325663446918,0.449275001329325,0.434101841657386,0.448961073574756,0.444365738263224,0.452078130763038,0.445431654145022
2022-07-16,8fd76e1b49c00ae2,8e4024cb49c963f2,3cf18e01cb6cbde3,67c1d46f4ed16f9e,Sumudaerji,Matt Schnell,0,0.737955685308194,0.757855275065207,0.718208448385807,0.744387958450947,0.721621495752763,0.761420765302787,0.72169317355823,0.768669459645034,0.716642180487818,0.752766282906394,0.72272930777139,0.729109960125662
2022-07-16,8fd76e1b49c00ae2,dd456668731bd52a,447f9858ae78f921,e64b96c07d7ce999,Muslim Salikhov,Li Jingliang,0,0.638808591934253,0.649655011352223,0.623955854415813,0.631976502474789,0.618180659626925,0.642894281635468,0.618400680330695,0.640303435350195,0.60959272188868,0.636903140643915,0.618580364390846,0.627598242100445
2022-07-16,8fd76e1b49c00ae2,e57bfadb506e4f51,3df5493bb279226f,eb04b9d31e938edb,Amanda Lemos,Michelle Waterson-Gomez,1,0.635066031224212,0.603554407699554,0.58531880690844,0.61282922813734,0.600900911523893,0.605893599608078,0.587379360005301,0.604601772150733,0.581308386973519,0.610277603813003,0.595293642353411,0.616547065351512
2022-07-16,8fd76e1b49c00ae2,7503d5c892f238fb,cbf5e6f231b55443,def8166ff24bd237,Yair Rodriguez,Brian Ortega,1,0.39920060030349,0.344353488628048,0.370972785753182,0.378453866896021,0.391241021620977,0.349637256264087,0.375286438172585,0.324324000182489,0.361897552400583,0.366336612377323,0.384262325656925,0.39484567790239
2022-07-23,319c15b8aac5bfde,1c84dafe38694c05,6f7c616b98e18c29,9d19d9e4aa2662e8,Claudio Silva,Nicolas Dalby,0,0.514121610744452,0.541098747983885,0.53372616715702,0.506989575262681,0.506228630743817,0.529504297716954,0.524235199655017,0.547140210668517,0.536468775371558,0.512215481468489,0.51051132843629,0.509810581597238
2022-07-23,319c15b8aac5bfde,e600b78e5a652dc0,297a2b35444c245b,9dedfdd91070ddd8,Mandy Bohm,Victoria Leonardo,0,0.59483632354773,0.587143547362201,0.571697732766897,0.591283668332126,0.581532530562411,0.592806175617439,0.576491713139944,0.595926635311409,0.574493728671269,0.591642705196484,0.57908540220704,0.58758488031883
2022-07-23,319c15b8aac5bfde,a1029686c3f1bead,31f8081c7600da93,4c88a1db5a46c6a4,Kyle Nelson,Jai Herbert,0,0.462914626635102,0.461197032647336,0.468160340519369,0.465895986533945,0.469599529708222,0.461464268673933,0.468337795097511,0.459002384640934,0.468292547297111,0.464409401771402,0.469362695337626,0.466564850818036
2022-07-23,319c15b8aac5bfde,2dbf9d8d6915711e,75353550928a7921,814e5233e2acf2ee,Muhammad Mokaev,Charles Johnson,1,0.740106499045882,0.751802792639105,0.712748961074108,0.747144226458045,0.724216383827209,0.755548985804722,0.716375949514686,0.760934933063426,0.709846596093928,0.751594664217564,0.721644242287317,0.731500388887562
2022-07-23,319c15b8aac5bfde,3d35f25d9792a69a,87a1dc546b1c5caf,87c0b1c696ddfb43,Makwan Amirkhani,Jonathan Pearce,0,0.265100061496092,0.258817959115393,0.296765845020429,0.281723168782193,0.302794541902235,0.263265974862679,0.300490208820507,0.247415380310394,0.297426284286606,0.275283925749186,0.303033555735297,0.285316708387504
2022-07-23,319c15b8aac5bfde,f6fd50bf69bb59e6,329e403448756217,40093d1d2d78394e,Nathaniel Wood,Charles Rosa,1,0.819336607771801,0.849353382069503,0.805061275114825,0.829557842665957,0.803796523669638,0.849418480272709,0.805423810100747,0.860483802056066,0.803099550245863,0.837060502983213,0.803472086193503,0.810969673961333
2022-07-23,319c15b8aac5bfde,dd6dbe644f599795,32c355b04fc57f3a,38c626ca912c7bac,Marc Diakiese,Damir Hadzovic,1,0.647879060434944,0.653260016052388,0.62700564889508,0.650997840953021,0.635422058091592,0.657407382190393,0.630686434349016,0.665724509162795,0.630023995351281,0.652144969781532,0.631992734865412,0.641097921381348
2022-07-23,319c15b8aac5bfde,b0d06858fb725654,5b86d491d63890c5,f6ad6a1e4d600e0d,Ludovit Klein,Mason Jones,1,0.391280523554438,0.358635619163971,0.383040563109411,0.393188191648499,0.404515857457913,0.365648740538043,0.388797593321612,0.343406675739317,0.377347091493944,0.383491451477672,0.399271410391604,0.398492035483273
2022-07-23,319c15b8aac5bfde,47b1cd4e3e2595f8,0845c81e37d3bcb3,eabf206b162b3b83,Volkan Oezdemir,Paul Craig,1,0.462284717348039,0.536526707710083,0.529969629645937,0.511479483147271,0.51022996206366,0.538058036087461,0.531269216421363,0.555427389095289,0.542899640443265,0.523291160470109,0.520044596133807,0.488445746047134
2022-07-23,319c15b8aac5bfde,a57969d4ba7d4a79,26e3f3928b1891d9,51018a31ddf31eb2,Hannah Goldy,Molly McCann,0,0.419090094842182,0.449191095283661,0.458289218856264,0.439341430926504,0.445891130993999,0.450921803514269,0.459659511731887,0.446672386482259,0.458730641023917,0.445973075425871,0.453465505567838,0.433681817839979
2022-07-23,319c15b8aac5bfde,1ff520024da5b3b2,1091d4d957141094,3c6976f8182d9527,Nikita Krylov,Alexander Gustafsson,1,0.50421039570907,0.49668132045869,0.497278647559722,0.494172430050971,0.494806890039515,0.492081144014095,0.493497636938034,0.505604317222898,0.504330517958589,0.49036316712833,0.49170774076816,0.499073543795911
2022-07-23,319c15b8aac5bfde,8e02bdaac8ed50e5,7826923b47f8d72a,ac026518a9b4dc0f,Paddy Pimblett,Jordan Leavitt,1,0.508950568268273,0.535920887600193,0.52947199645585,0.521755893864314,0.519389623078733,0.535868409662668,0.529468098713684,0.550763967616847,0.539279727744215,0.528206028736998,0.524276508824666,0.514654597274249
2022-07-23,319c15b8aac5bfde,925a36a4af600291,0a1942069c9ad6b6,5442f1bc4b47eaf3,Jack Hermansson,Chris Curtis,1,0.553776160303661,0.611999310082003,0.592351940372115,0.577129766077797,0.568844861480697,0.609320422620606,0.590236711676645,0.638830767280508,0.608417292897069,0.589524873785284,0.577247325428396,0.562021716266189
2022-07-23,319c15b8aac5bfde,d0fb381cacbb0446,399afbabc02376b5,fa6796c55d6c5440,Tom Aspinall,Curtis Blaydes,0,0.422547645369274,0.395081221196808,0.413546077011846,0.404079426206636,0.414305105385285,0.394579751204717,0.413015106828267,0.385870211250285,0.411183063782569,0.401695087435027,0.415127386845105,0.418039389359782
2022-07-30,b0a6124751a56bc4,66f7bb31d24b3b36,2c010b26a3306969,9edf2c9082cc2cd8,Orion Cosce,Blood Diamond,1,0.534346656682905,0.515983396626774,0.513107954776413,0.521428848779272,0.519098074796448,0.518099676381119,0.5148637904373,0.514702198782586,0.511361679730387,0.520322382797335,0.517488852903517,0.526023031452624
2022-07-30,b0a6124751a56bc4,1ed550f094ca7745,260bd4cef10b033f,8c57c7b8c3bab0eb,Ihor Potieria,Nicolae Negumereanu,0,0.540093532142106,0.578644993104233,0.564665083368778,0.541861227383571,0.53732134044705,0.565706697868158,0.554053644342171,0.587324328539137,0.567754865062065,0.547691552217909,0.541068496097564,0.538579480144502
2022-07-30,b0a6124751a56bc4,0366e183296fea07,a20f234df70f2182,f9ab66e67240db7b,Ji Yeon Kim,Joselyne Edwards,0,0.358432749239422,0.335046138557238,0.363067923911858,0.350493637858913,0.365932856632185,0.33653336717364,0.364161203516712,0.320877576602612,0.359088163552741,0.346511698835613,0.366821951389351,0.362521474767523
2022-07-30,b0a6124751a56bc4,e492dc60d8e44866,a01a62132460a98d,c32aeb1a59e6272d,Adam Fugitt,Michael Morales,0,0.233609015576561,0.212438118775501,0.254558208392803,0.218477534205297,0.243094902078626,0.207271494176421,0.249464953041473,0.19929032846577,0.254525717158361,0.212111247777297,0.244323662464577,0.238758667861922
2022-07-30,b0a6124751a56bc4,189b9af881b96de6,7cbf7c78d3b34218,e132d47bd9efbbe0,Drakkar Klose,Rafa Garcia,1,0.427386080138359,0.394084676752142,0.412716703365508,0.413293596208899,0.422573378169245,0.39280554131137,0.411536293412122,0.379780845990917,0.406370088032893,0.404166902816449,0.41727547598323,0.424755310434707
2022-07-30,b0a6124751a56bc4,81a18de517a3336a,029afd138865d20a,519e4fe37ce9ff75,Rafael Alves,Drew Dober,0,0.445233668696065,0.435369186909169,0.446905068044846,0.448144732773454,0.453756540036014,0.441130094979935,0.451588716134583,0.423981281497008,0.441076577300679,0.44826118566198,0.455440056794111,0.449885740399294
2022-07-30,b0a6124751a56bc4,579b5770129b328a,4aa58269d0664b5b,cdb96af67d096b1e,Matthew Semelsberger,Alex Morono,0,0.519619037214217,0.499887943671942,0.499908113063432,0.508367587802107,0.50745666446383,0.49826765154616,0.498577563925301,0.490419233638508,0.492596595570223,0.504461713852667,0.503839098780344,0.512977131154938
2022-07-30,b0a6124751a56bc4,058c2724dec1add1,d4c9dcd330403612,d802174b0c0c1f4e,Anthony Smith,Magomed Ankalaev,0,0.263217561418762,0.288776311385722,0.323200894786908,0.286851509359753,0.307557140610958,0.29003780594928,0.32408739167931,0.295287331863526,0.338021262815244,0.289254875103163,0.315712201427527,0.286925265708899
2022-07-30,b0a6124751a56bc4,96b62bd56b252bab,a0f0004aadf10b71,ab2b4ff41d6ebe0f,Alexandre Pantoja,Alex Perez,1,0.475256835228883,0.429564264424666,0.442116237185252,0.466701408714221,0.470317930035978,0.442904615721951,0.453052210044786,0.411805451995809,0.431564212822294,0.460365034557953,0.465877595521558,0.472558227470163
2022-07-30,b0a6124751a56bc4,52f87252af59e23b,d3df1add9d9a7efb,f14cf73e51b29254,Derrick Lewis,Sergei Pavlovich,0,0.423635985117344,0.436054682453089,0.447470251269389,0.425269049042526,0.43330303293008,0.435611437223768,0.447034702951004,0.441008026144866,0.4543313617434,0.42966689883243,0.439377769068015,0.42890999176639
2022-07-30,b0a6124751a56bc4,5a1ce88ec1f75160,792be9a24df82ed6,853eb0dd5c0e2149,Brandon Moreno,Kai Kara-France,1,0.586510266328509,0.601252232341444,0.583404448126607,0.594862985487489,0.584745269782171,0.60104074776547,0.583337722775694,0.596202871637852,0.574710423209768,0.599960844586601,0.58631229575176,0.585546384724617
2022-07-30,b0a6124751a56bc4,72c3e5eacde4f0e5,3253b16d38ae087d,80fa8218c99f9c58,Julianna Pena,Amanda Nunes,0,0.369217125857597,0.356688998550259,0.381399936398707,0.379147277129743,0.391866623730051,0.363281020166215,0.386804928853824,0.348131525617206,0.381146568299203,0.375196417566864,0.392022696332455,0.381525423213362
2022-08-06,8f6a18831a120817,a274ed04c36d40d4,5e6294b37bbef029,cc8c623cca88f54f,Stephanie Egger,Mayra Bueno Silva,0,0.505140907717964,0.508844709905911,0.507252968934349,0.514039415799084,0.512511475115683,0.518072932057861,0.514841821260736,0.516517541132734,0.512764943026226,0.519039536289374,0.516384585787235,0.509167664627374
2022-08-06,8f6a18831a120817,b5274277ef6707c9,3351aa64aa83c4d9,7559395ad833c074,Cory McKenna,Miranda Granger,1,0.586004289266707,0.543564589658657,0.53575294192677,0.55874667986932,0.55240011117014,0.541212687472286,0.533864830158131,0.533830433669914,0.526156809573875,0.551068001424726,0.543981151196169,0.56772605188652
2022-08-06,8f6a18831a120817,4adef20ce69217be,8abac218746e04ca,f626118b6da0e020,Takashi Sato,Bryan Battle,0,0.243770854368525,0.234309044236443,0.274681066375063,0.246077325990311,0.269386655045432,0.229548127612839,0.270074850010179,0.220829115358469,0.274034292381882,0.239400782562421,0.269994631225942,0.257556185750111
2022-08-06,8f6a18831a120817,eda397c27787afa4,0d65c432720accb9,d156513a19acf856,Michal Oleksiejczuk,Sam Alvey,1,0.836523226846465,0.835187558720331,0.79096406367008,0.831344519012288,0.805573719170626,0.835227859569488,0.791297434565216,0.828545989069912,0.771583725894573,0.833798699191642,0.800228603770321,0.820137159806378
2022-08-06,8f6a18831a120817,b530bb13aac1e48b,809bd1a871491508,a2ccf35a88346a91,Terrance McKinney,Erick Gonzalez,1,0.731034792385534,0.699534555920752,0.666628011141056,0.700286750606822,0.680541369615089,0.69528202320784,0.663147462081391,0.687765710741911,0.647985354945743,0.696499439815863,0.671452069985279,0.70407923927465
2022-08-06,8f6a18831a120817,044d210d7b1eb519,441eacbe20e0e80b,e2f6b2769aaedd6c,Augusto Sakai,Serghei Spivac,0,0.247858388732875,0.273670917759104,0.309942203951296,0.270665072129762,0.292489632438874,0.272949911026368,0.309076749966559,0.278775848574667,0.324211981843568,0.270948675165236,0.299079719342187,0.2716623157626
2022-08-06,8f6a18831a120817,2b11aa4b90b1dd41,4333a8e70a672eb7,aa0c573da7119292,Brogan Walker,Juliana Miller,0,0.409848997888217,0.41170228396995,0.427346132631951,0.412102962071944,0.421505622998198,0.411614696581048,0.427177824819716,0.411137791712104,0.431041670483444,0.412074574697462,0.424140351531888,0.416204921770157
2022-08-06,8f6a18831a120817,36f38c2534ef646b,56f7d7ee06be4aab,da7f113b5ea39c43,Zac Pauga,Mohammed Usman,0,0.45787427045283,0.451470772962276,0.460164646967058,0.449618811077162,0.455072961313132,0.448308724223643,0.457506768143841,0.448012699044464,0.459770957740038,0.448634698275869,0.455762336776999,0.456343674702775
2022-08-06,8f6a18831a120817,a6b328733d610e2b,6d4b63c767106d3a,b997be68943010fc,Vicente Luque,Geoff Neal,0,0.623715074854968,0.615062881202129,0.594907772732703,0.61208121892225,0.600227232246619,0.613893222082146,0.594054134462404,0.616089480571174,0.590364598238256,0.61164333252616,0.596484194279753,0.610948842671048
2022-08-06,8f6a18831a120817,a8bc6e005077bb0b,5444c5a201d3ee5a,dea070ed4a2a8281,Jamahal Hill,Thiago Santos,1,0.602904179970565,0.601300954811831,0.583444950360966,0.601044401145173,0.590298003071282,0.60217723897874,0.584283746888323,0.600693680568737,0.578235980649685,0.60308432034833,0.589029271503,0.596033663517832
2022-08-13,a23e63184c65f5b8,7f9a331bc3100afd,5f3805dda9661cba,876f478f796495f7,Jason Witt,Josh Quinlan,0,0.453180081013456,0.463995518152614,0.470459339203109,0.447571823339353,0.453244860133843,0.45657658755852,0.464315685819651,0.458704249954725,0.468061548011683,0.449123266478784,0.456183871292729,0.453215467315044
2022-08-13,a23e63184c65f5b8,0823f97be9c3a62e,6d68c1afe954f121,6e00cfffd54653c4,Ode Osbourne,Tyson Nam,0,0.544141430822504,0.522500176206599,0.518454377072478,0.547279414156161,0.542157531970915,0.530076136781133,0.524705281773613,0.520740042229684,0.516029495621273,0.537776287026895,0.532520612235326,0.543057867927921
2022-08-13,a23e63184c65f5b8,f858f91453555291,318572f6f74b760d,436f970c9ea9169c,Charlie Ontiveros,Gabriel Benitez,0,0.49411980848912,0.552822681339603,0.543367936385341,0.533463926868403,0.529829539238243,0.558742162162987,0.548305917665386,0.575519382242722,0.558533966227858,0.544833968782287,0.53860420368375,0.513642610420799
2022-08-13,a23e63184c65f5b8,8986373b4a6e90b6,98215d037be5bcb7,d343df8ba11f4c4e,Cynthia Calvillo,Nina Nunes,0,0.610477519395095,0.607350571923647,0.588478200138943,0.603610931868171,0.592605213657985,0.608622495393072,0.589654534533388,0.607351024820157,0.583472260159782,0.607037589101262,0.592470748921477,0.600747991368468
2022-08-13,a23e63184c65f5b8,b96c8fef6c9f92db,0c25d0a5e8cdbf19,8eb046f83e82bf26,Lukasz Brzeski,Martin Buday,0,0.416805798311071,0.450083140065976,0.459023146460746,0.438865225678244,0.445465469920094,0.447237486334362,0.456624027285344,0.451983165901611,0.462851374401084,0.441466084362192,0.449574628190174,0.432404684245545
2022-08-13,a23e63184c65f5b8,5f31f3e32669f5b9,8e5d953bdb9ae5e7,f0feeb2192937424,Loopy Godinez,Angela Hill,0,0.796768510615314,0.821145780699543,0.777264621026256,0.804072253658282,0.778717846526553,0.82590626833625,0.782170976035443,0.834494813695047,0.777315339230792,0.813575182230676,0.780364678483413,0.787047163069117
2022-08-13,a23e63184c65f5b8,38b6ef176439c39b,12ebd7d157e91701,6ac9bc2953c47345,Bruno Silva,Gerald Meerschaert,0,0.508356504232891,0.51939609281678,0.515907540257169,0.513425013293,0.511963883948102,0.519617112893631,0.516110338321948,0.515846193228985,0.512245974719568,0.516016422118346,0.513782521000112,0.510327217570769
2022-08-13,a23e63184c65f5b8,abd50fad1e7b030b,6551c64fbcd1a467,b1e5bcaad32a3cac,Ariane da Silva,Priscila Cachoeira,0,0.709442917080478,0.753398895133449,0.71418598445963,0.722585596337246,0.701214865475864,0.747764622643314,0.7093670954122,0.771161321057028,0.718844185554743,0.730935365719748,0.702641590071467,0.704964802229798
2022-08-13,a23e63184c65f5b8,d19e010f071a4b45,cc7040fe76f0ef91,e90a2f22417af68e,Devin Clark,Azamat Murzakanov,0,0.496287493646416,0.476135270865622,0.480425891283131,0.490874503912624,0.491867906054,0.479171810559729,0.482894714095192,0.475770567123406,0.481272054961925,0.485645099623401,0.487647474782016,0.49387311625946
2022-08-13,a23e63184c65f5b8,833d67f423315d18,40cb680ae1cd331f,abcf2cc6efc42031,Yazmin Jauregui,Iasmin Lucindo,1,0.449029521270132,0.444065757892225,0.454070608772867,0.443466451931397,0.44957748520595,0.442681685022229,0.45286837493283,0.443304458187442,0.45611545859195,0.443457335727376,0.451293927573912,0.449328838965979
2022-08-13,a23e63184c65f5b8,efd7efba85092c6f,583ee11abddfc581,ffe9703408fb5964,Nate Landwehr,David Onama,1,0.279073595436094,0.301564326504515,0.33432442332577,0.299850190077024,0.319585029667515,0.304790534367747,0.336915352640574,0.309965894451389,0.350151392058893,0.304211237413602,0.329185986416973,0.300814162932781
2022-08-13,a23e63184c65f5b8,11cc331fa40ede63,10f3ba6cd2f44a97,7c7332319c14094c,Dominick Cruz,Marlon Vera,0,0.422805908557633,0.46056381160762,0.467640050251595,0.439376404301291,0.445922391504086,0.453656008297058,0.461911267228824,0.453633605824621,0.464131268858731,0.445193157568787,0.45279235063185,0.435398392377342
2022-08-20,4f853e98886283cf,06d6cde7479711ee,31bb0772f21cabd8,dc7927cd622676a7,Daniel Lacerda,Victor Altamirano,0,0.297219385883107,0.285273094448508,0.320137919796754,0.317027732788105,0.335390735575303,0.291930486582956,0.325739645079272,0.272950406932559,0.319294520034136,0.307273128472858,0.331932618760034,0.317764330518416
2022-08-20,4f853e98886283cf,d497d74a0df9e35e,01fed6f61ebea01f,7d420039bbfe7c1a,Jay Perrin,Aoriqileng,0,0.472738428278707,0.510546459428261,0.50864858725531,0.501462667225336,0.50130341213277,0.515888134434222,0.513047204826786,0.526708263316452,0.520645339670054,0.509144541396587,0.507868629255919,0.488332290043656
2022-08-20,4f853e98886283cf,6b9f82291930bfec,6d35bf94f7d30241,cdadae5363b66eef,Amir Albazi,Francisco Figueiredo,1,0.550651130668166,0.570110428709733,0.557615263793718,0.566186508438936,0.5590513793744,0.573963557891927,0.560876976914715,0.581141792769654,0.562922020881412,0.571971472538889,0.562039453417311,0.555243777048746
2022-08-20,4f853e98886283cf,4dac5258f22be059,1497e735d9f2560a,725b1abc9a39d873,Ange Loosa,AJ Fletcher,1,0.420899831255426,0.42739420493309,0.440324709072771,0.435869750592166,0.442787453011971,0.432964267501833,0.444848756759274,0.431141794585104,0.446656927059164,0.435227031056503,0.444184872090649,0.432823405900626
2022-08-20,4f853e98886283cf,0cf7a4593fd44e59,7026eca45f65377b,9c65736747ca92ec,Jared Gordon,Leonardo Santos,1,0.625829293006434,0.631679785027519,0.608815536534824,0.633850876231615,0.619876101254846,0.636118650975706,0.612689669034799,0.644649935735039,0.613066854641805,0.637448673147236,0.619059307891535,0.622581870207876
2022-08-20,4f853e98886283cf,e0b98f3cf4a7cc3b,c0badf3243907e59,c9cf753cfdf77fc2,Alexandr Romanov,Marcin Tybura,0,0.64625896081544,0.64836993225919,0.622869819213627,0.627554779628991,0.614183910011385,0.63799034051398,0.614265778353545,0.646687331867953,0.61469791933223,0.628996290000666,0.611647306178322,0.628879713596862
2022-08-20,4f853e98886283cf,5abcf9f282983acc,49e96ff8ab781589,f703250471acaf96,Tyson Pedro,Harry Hunsucker,1,0.776726323159944,0.744581579020622,0.706270908887551,0.7556206803959,0.732219301150761,0.745450140704507,0.70729173580444,0.74232467089992,0.693722660152228,0.752538662899363,0.722518437993954,0.753090104160215
2022-08-20,4f853e98886283cf,2cd9e3796be57a79,3cf66c62d9069f43,fdbefee0827e1567,Lucie Pudilova,Wu Yanan,1,0.387319340890243,0.353406278152403,0.378630318536077,0.391267832367018,0.402787847854328,0.364783655254184,0.38806974566676,0.340158996799763,0.374729784669452,0.384589942921775,0.400230177185929,0.39574323213887
2022-08-20,4f853e98886283cf,2ac3ce1f62b3c4b9,c03520b5c88ed6b4,d0f3959b4a9747e6,Merab Dvalishvili,Jose Aldo,1,0.609073369356757,0.595504305650882,0.578630004323627,0.58034940344164,0.571728769941452,0.59128421505309,0.57522796726755,0.607644846763968,0.583703646060256,0.58253088965804,0.571182378097021,0.588802004631075
2022-08-20,4f853e98886283cf,2de6652160cc7b9f,00e11b5c8b7bfeeb,2e5c2aa8e4ab9d82,Luke Rockhold,Paulo Costa,0,0.465419954731939,0.462021867670236,0.468838021293007,0.473555588907323,0.476430340335984,0.46012188461369,0.467233345565382,0.441441778959514,0.454668403483602,0.470223282029074,0.474370812929152,0.471431044955808
2022-08-20,4f853e98886283cf,f70c817388602681,f1b2aa7853d1ed6e,f1fac969a1d70b08,Kamaru Usman,Leon Edwards,0,0.789578340152216,0.803022991989007,0.759940323392335,0.775391715258029,0.751028731714216,0.79354536437887,0.751299671911553,0.80628626565685,0.750618133938568,0.780611882013385,0.748779062776691,0.769084244077718
2022-09-03,00a905a4a4a2b071,ce62a50e97d497f9,06e4245d16fc5315,5e6294b37bbef029,Ailin Perez,Stephanie Egger,0,0.462062848289096,0.501947173389066,0.501596697804682,0.492570534348451,0.493379357540516,0.507508925827169,0.506165742610831,0.525793733934066,0.519937898363194,0.499066176605735,0.499196493377017,0.479148670391335
2022-09-03,00a905a4a4a2b071,ca7fd237c16cec84,7debc13b36343605,b4537562f88ac582,Cristian Quinonez,Khalid Taha,1,0.641895434313534,0.632150130333519,0.609210372138678,0.633463326737893,0.619525487828783,0.636213426198459,0.612769450355138,0.641564269724904,0.61059973726078,0.633391239446184,0.615499004655038,0.629745028602232
2022-09-03,00a905a4a4a2b071,3e2f00991f511607,b909a9a9688b5284,c2299ec916bc7c56,Gabriel Miranda,Benoit Saint Denis,0,0.32154527129161,0.318657252680302,0.349062288661051,0.321238720843432,0.339251146591179,0.315661222839007,0.346297312873367,0.315480836510759,0.354676337583915,0.318627557844584,0.342085438485059,0.33115783131552
2022-09-03,00a905a4a4a2b071,fd47032108b85cf0,1e4f273069fb9e85,b4c57a8c2b773e82,Fares Ziam,Michal Figlak,1,0.603054710480712,0.615336040167819,0.595135778462648,0.609929271407576,0.598289660917823,0.61713543718047,0.596764031067329,0.621328573216436,0.594508050470414,0.614777626204561,0.59921795466035,0.60045409619775
2022-09-03,00a905a4a4a2b071,7bced112f3229b1b,b7b84ccd221be298,c21a036b4e012f1c,Nasrat Haqparast,John Makdessi,1,0.609752567890232,0.638528685504134,0.614571743494834,0.62736297135794,0.61401062586273,0.643558979260614,0.618961753865147,0.660594778818188,0.625878362527843,0.633467671745936,0.61556603266142,0.612080709768258
2022-09-03,00a905a4a4a2b071,cf9035f2fc2e232f,36b8f265bcd1b7a4,71505842fb6455c3,Abus Magomedov,Dustin Stoltzfus,1,0.56336614705327,0.580716683247332,0.566378218678309,0.571216800394643,0.563551561639101,0.584731517550419,0.56979225452891,0.59610238427087,0.57463159333737,0.576833540154897,0.566247343251148,0.563467434555133
2022-09-03,00a905a4a4a2b071,acc9a109b00a99e1,329e403448756217,f1d64ae34e088832,Nathaniel Wood,Charles Jourdain,1,0.463655240377355,0.469230511358681,0.474758367183089,0.465248288026954,0.469021788171713,0.462356373760864,0.469071693517912,0.468304074586422,0.475495382674526,0.4624475750279,0.467672293998315,0.466585828757779
2022-09-03,00a905a4a4a2b071,398db40015b3c81c,082eba4cd80f736f,e1d40e8782d80bc2,Jarno Errens,William Gomis,0,0.469049696032965,0.469335118497081,0.474844252010434,0.469910502654674,0.47317998886427,0.469640961404196,0.475062150103401,0.469743560897459,0.476609395380502,0.470099763430409,0.474264433161562,0.47130543698249
2022-09-03,00a905a4a4a2b071,1a191251620a84ca,77d7295d1b22c694,9d83f6da776ff7d6,Alessio Di Chirico,Roman Kopylov,0,0.44947369478366,0.428652458068767,0.441363570657481,0.43777685657235,0.444492541975428,0.424553810655211,0.437896667320948,0.422887957964056,0.440223671434828,0.432206409141523,0.441573816495086,0.446751349674674
2022-09-03,00a905a4a4a2b071,20f316f96c9e4458,881bf86d4cba8578,b9437600497350f3,Nassourdine Imavov,Joaquin Buckley,1,0.57096829671739,0.587885329681002,0.57231220904999,0.569967221741967,0.562433423864436,0.587578691254951,0.572153067034453,0.600255397902421,0.57789167225633,0.57688994650642,0.566296179372327,0.566310898872838
2022-09-03,00a905a4a4a2b071,b8ca1acdf3dc2f58,7acbb0972e75281a,e1147d3d2dabe1ce,Marvin Vettori,Robert Whittaker,0,0.463305807247914,0.43861253829904,0.449578599506023,0.459355653272925,0.463764570620482,0.446294299163924,0.455846696591641,0.430097581145063,0.445843731760784,0.45733412289808,0.463265049746226,0.463556405490319
2022-09-03,00a905a4a4a2b071,810c9da07970c4a6,787bb1f087ccff8a,c62fbc117d57b943,Ciryl Gane,Tai Tuivasa,1,0.718787255370506,0.742337828692133,0.704265693753927,0.724448583627077,0.702950718797334,0.741311239169304,0.70358989671211,0.749532062000847,0.699930799269074,0.731222975706935,0.702904521789695,0.710200083706479
2022-09-10,93bf96be327fcd98,86d57e8ef2191316,326a001926ffb7ec,f998f5c102250d6e,Darian Weeks,Yohan Lainesse,0,0.50037820996544,0.515356146882085,0.512593440201791,0.504694565090919,0.504183444068365,0.513693253615739,0.511244469523168,0.515964470970389,0.51233740498492,0.508254649779091,0.507102863635909,0.502456905750902
2022-09-10,93bf96be327fcd98,a5cf273faa3982b7,3f4c3bc822bea45d,ac7c765882f2c68c,Melissa Martinez,Elise Reed,0,0.682322409643934,0.713530249490539,0.678815017288692,0.698152881422601,0.678572495749645,0.715629257635971,0.680871797745575,0.732918964466606,0.685685619799634,0.704327616949283,0.678494459961793,0.680276858711187
2022-09-10,93bf96be327fcd98,6010f681e54ba2cd,1897b7b913736a7c,c7c39e2fb70248b3,Alatengheili,Chad Anheliger,1,0.613821859319768,0.619673645050424,0.598759043684799,0.626468925081618,0.613203019678671,0.624668359989764,0.6030711469285,0.624058967431835,0.596670952022612,0.627396350506922,0.610246327279807,0.61348385497261
2022-09-10,93bf96be327fcd98,db3e26d02d790c97,a7e3f02fe2b2fe30,d3f5d33d61cd00c9,Danyelle Wolf,Norma Dumont,0,0.275186440933589,0.266984960993194,0.304028911114795,0.269391874096625,0.291299923468425,0.26170127269349,0.299097040478288,0.25137176546737,0.300850165002583,0.263699652332795,0.292446514333624,0.283919959862693
2022-09-10,93bf96be327fcd98,bf334cb4e63f3430,7a5e8c94a86f9895,92fa1401b7927da3,Chris Barnett,Jake Collier,1,0.292141535070144,0.299963189988247,0.332936461769361,0.311331113054267,0.330159668039527,0.302226322393701,0.334693846560826,0.291429186796231,0.33481081516336,0.308307526554751,0.332859650404734,0.312593853045481
2022-09-10,93bf96be327fcd98,77acb96700e89c92,0112352cb32f5026,830f60497fab345a,Denis Tiuliulin,Jamie Pickett,1,0.506183088874074,0.532424549027049,0.526600573169114,0.517150250791889,0.515284158380195,0.528741265835005,0.523607979083127,0.545033123783952,0.534835030139934,0.521635264188578,0.518619035901077,0.511155568469224
2022-09-10,93bf96be327fcd98,301f230c90c4bd7d,41e83a89929d1327,82529ce93cd9a2cf,Jailton Almeida,Anton Turkalj,1,0.707726757198546,0.704493049545472,0.670933551280768,0.694954441347023,0.675624271762602,0.707021627737505,0.673346428995957,0.714316068997103,0.669988042716786,0.701953999599918,0.676356327104474,0.690419845312274
2022-09-10,93bf96be327fcd98,0e6d624086f7952e,2c9d00968f818270,902ec2cc48c8ae8a,Hakeem Dawodu,Julian Erosa,0,0.727974127398337,0.748357538655226,0.70965353642012,0.739976157632658,0.717475313594981,0.752142509267469,0.713303303603393,0.760053220836791,0.70907559028892,0.744858168489423,0.715421289690119,0.722269362798026
2022-09-10,93bf96be327fcd98,d869eaea38426f06,c21f26bbde777573,cd13728ae1151f46,Johnny Walker,Ion Cutelaba,1,0.446656443758024,0.459260746923946,0.466569270238828,0.461655484355396,0.465816636479532,0.466928026812415,0.472831626689879,0.468775979493652,0.47586060574136,0.46472288416946,0.469632783222233,0.457107015466558
2022-09-10,93bf96be327fcd98,989b8d362742f40b,578ef12674df1e6a,9cdd2da1a9104a0b,Irene Aldana,Macy Chiasson,1,0.416661465688123,0.427867393010623,0.440715420547749,0.425751323335115,0.433734781853885,0.426007204993941,0.439098843132968,0.438826079395006,0.452635478821185,0.428490730886354,0.438360396710753,0.425965957488801
2022-09-10,93bf96be327fcd98,d3e23d7d207d3ccf,8a1f3b5c526cd6e6,e64b96c07d7ce999,Daniel Rodriguez,Li Jingliang,1,0.588573893904639,0.627580051005163,0.605376816765486,0.591095881166575,0.581364025310961,0.618463190235152,0.597874593149396,0.634410968928462,0.604894490540566,0.601767374304493,0.587883491976216,0.584639906612077
2022-09-10,93bf96be327fcd98,0111e6a64b5184c6,3a46b268013afede,767755fd74662dbf,Kevin Holland,Khamzat Chimaev,0,0.495924519682139,0.506405256981883,0.505252447555664,0.513773580767716,0.512274546573644,0.50982057341978,0.508064027166959,0.508602908953139,0.506647715151761,0.513193430473196,0.511352943769525,0.504857103610807
2022-09-10,93bf96be327fcd98,7e8fd03e070d0c25,22a92d7f62195791,8355922d564b152c,Tony Ferguson,Nate Diaz,0,0.569570641718311,0.557509982395548,0.547226995645874,0.549660623118386,0.54428359886221,0.549477313462588,0.54066924652501,0.544758472757866,0.534622115018929,0.546378052669237,0.539935689676537,0.555793585280865
2022-09-17,8d477c3fbe001f9d,8a044e5400b4318f,37f560436d745c18,87e2468b986ebb79,Nikolas Motta,Cameron VanCamp,1,0.440147486105472,0.438902576882885,0.449817611730253,0.444790117600379,0.450760080364342,0.441184402346987,0.451633510760168,0.444211750079006,0.456820122968336,0.445167084780128,0.45276984590912,0.445938616922281
2022-09-17,8d477c3fbe001f9d,be73f75b52b06f14,601964f9654f911a,bbab3baf66128ae2,Tony Gravely,Javid Basharat,0,0.518349805184487,0.521293761198328,0.517464486362534,0.512194185666383,0.510866920991919,0.517689183551974,0.514526593331818,0.516444774115566,0.512708691463178,0.511566254588979,0.509952620457995,0.514262980642146
2022-09-17,8d477c3fbe001f9d,d9f5d05b07bae09e,38c7f72747f4f712,a08ddd04eaffd81d,Gillian Robertson,Mariya Agapova,1,0.502632019663237,0.512019550564992,0.509856733656627,0.49798593540182,0.498205225652398,0.508500842344722,0.506980275034954,0.526547154743133,0.520520708885207,0.50031688617204,0.50027266405138,0.500213828503314
2022-09-17,8d477c3fbe001f9d,35d06627d91b840d,4148802ae4a50768,cfc3e7bb44685289,Daniel Zellhuber,Trey Ogden,0,0.700744723599058,0.699108025661999,0.666258250391783,0.706023880995369,0.68584278235191,0.702652906730093,0.669542590366698,0.695121087713394,0.654037792327816,0.704922657344095,0.67903085328786,0.69265434156406
2022-09-17,8d477c3fbe001f9d,ec0740be19b2ef90,4e30e4250cb08b61,cffb87059e645bd1,Loma Lookboonmee,Denise Gomes,1,0.519034928725419,0.524828548822689,0.520365062047952,0.51484003036671,0.513225041012363,0.5246469376315,0.52024298640292,0.531495413186542,0.524349432031327,0.520816715966396,0.517914387910467,0.515861733922276
2022-09-17,8d477c3fbe001f9d,46b9acec12a35d37,afe8d5b39ff7fca2,b27a1fcb56a3035a,Louis Cosce,Trevin Giles,0,0.407290311377201,0.445668222645859,0.455389910161758,0.430661907350875,0.438129466271565,0.445919571151871,0.45553783467224,0.456375346882111,0.466256755974642,0.43516426092398,0.444130624076229,0.42406233103575
2022-09-17,8d477c3fbe001f9d,f521ecde1e96a1bd,29af297d9f1de0f8,b8bbdeff718dbb7d,Damon Jackson,Pat Sabatini,1,0.393733626502343,0.440236462535773,0.45091668373705,0.406464416059391,0.416446396590299,0.428597399224204,0.441240478359148,0.460848596097163,0.469722818810757,0.411534805671732,0.423672096251708,0.406090581641202
2022-09-17,8d477c3fbe001f9d,ce5ebaf8caf8c4a7,093e1f5bb73850be,8e9eb3fc86db0f7d,Anthony Hernandez,Marc-Andre Barriault,1,0.639277589205069,0.666230111817379,0.638018675786022,0.648612097105206,0.633255015887142,0.663594303359618,0.635947512615489,0.678820481308261,0.64066545774317,0.652612366193419,0.632405089187922,0.635992965145884
2022-09-17,8d477c3fbe001f9d,3cbd3565dd631cc4,04c8b08b16a5b99e,d31a5546c0e9b213,Tanner Boser,Rodrigo Nascimento,0,0.684942916579637,0.690277918789435,0.658624123986551,0.666648261738327,0.64967323861593,0.683816578794587,0.653253416011338,0.703016856600367,0.660570622383416,0.673844368183445,0.65120998615807,0.665908521289685
2022-09-17,8d477c3fbe001f9d,160c17b8fcb0e2a1,70fa1c64a2c439ef,c1085e1701b13eca,Alen Amedovski,Joe Pyfer,0,0.162776662046453,0.190879505740693,0.234272728316352,0.186224815715846,0.211791507140486,0.187604166866115,0.23086195915681,0.197341156407182,0.252732410269217,0.186509000845791,0.219717173707427,0.188319427868769
2022-09-17,8d477c3fbe001f9d,adb78db5ba8ccc0f,8fd808923cffff82,9abc648e76c4493a,Andre Fili,Bill Algeo,1,0.336186826458243,0.35335681045588,0.378588554429167,0.360513290675667,0.375021567986555,0.356532202038697,0.381115221392015,0.366035182012784,0.395460711925706,0.359280180339456,0.378067156417608,0.357165674391796
2022-09-17,8d477c3fbe001f9d,bd06f1c2d7e6c4a0,c68c68efaa5ca6ef,d1c65d2cf2925ddd,Chidi Njokuani,Gregory Rodrigues,0,0.465479874779137,0.484713470976954,0.487463664475734,0.485179848545964,0.486792676685604,0.489530068997269,0.4914027126755,0.489511916034719,0.491895399162778,0.48714500673945,0.488938315140829,0.477111661403819
2022-09-17,8d477c3fbe001f9d,df370b97ea49e6b4,65f09bacd3957381,efb96bf3e9ada36f,Cory Sandhagen,Song Yadong,1,0.430878472417654,0.47675336908869,0.480933104935365,0.452901163347743,0.458003680547976,0.473802090832361,0.478482433809788,0.497089940169345,0.497751392268541,0.461487163957278,0.466844665198741,0.445655230554865
2022-10-01,4f670b7972fa0a2e,6c79db79da9ae874,325ad0dd9126d3df,d05412b513b19621,Randy Costa,Guido Cannetti,0,0.682124617180882,0.671765594781904,0.642739332090965,0.689922441875978,0.670992820722241,0.682465945246684,0.652091986590781,0.677561516098998,0.639638681806215,0.690000663115407,0.665625068855883,0.676068486202733
2022-10-01,4f670b7972fa0a2e,ad59e2de1ab5c8d2,a78a87d8c2bbb1cb,af9efbfd63d39734,Julija Stoliarenko,Chelsea Chandler,0,0.383539169886112,0.365726165822704,0.389006014194696,0.373692341848474,0.386942638449874,0.361325015487278,0.385157416746281,0.354957565503644,0.386619055296404,0.366682504908511,0.384565664710791,0.385396971373009
2022-10-01,4f670b7972fa0a2e,8c9ff13791378784,2f181c0467965b98,4e06913c91da5200,Brendan Allen,Krzysztof Jotko,1,0.526919467700388,0.525261694037275,0.52072053635904,0.520346584003978,0.518133300566968,0.520837858188772,0.51711322942498,0.52284728642914,0.517659007943828,0.519426473614198,0.516717653197679,0.52212161873235
2022-10-01,4f670b7972fa0a2e,ecc56a86a1eead9d,5580771f383e141f,ae7fe94f117f98cf,Jesse Ronson,Joaquim Silva,0,0.506508476353147,0.46364810666992,0.47017396946098,0.482111558209999,0.484057858773852,0.467234466818119,0.473083601273627,0.444009335395554,0.456662924138522,0.476405201245591,0.479693989658409,0.494241981880273
2022-10-01,4f670b7972fa0a2e,de93fda66d203c26,98c23cb6da5b3352,e9a3aeb207578eea,Aleksei Oleinik,Ilir Latifi,0,0.335437538350913,0.325991030437898,0.355343851507867,0.319342441904352,0.337513402926034,0.318079175222449,0.348376533913547,0.31746518091951,0.356300356772377,0.315918538124941,0.339667634915458,0.33657072613304
2022-10-01,4f670b7972fa0a2e,63f6af6d5f7b82ad,5fa2974cbd18e05c,b67d6bacc68d4c92,John Castaneda,Daniel Santos,0,0.649980466971563,0.655533826977136,0.628931713316187,0.648983534990513,0.633592314303314,0.659925943073173,0.63282631930557,0.670456809282816,0.633859507466231,0.653797795073583,0.633451213728281,0.641069217774486
2022-10-01,4f670b7972fa0a2e,330506571d2778b1,19c591115a58982c,fb3e61720be4690c,Viacheslav Borshchev,Mike Davis,0,0.431474318236084,0.457539796073711,0.465154866275566,0.445609501953968,0.451492066104188,0.457178635207731,0.464811231041265,0.454756567886973,0.465001928746756,0.4499245276461,0.456875148551001,0.442385833073151
2022-10-01,4f670b7972fa0a2e,1aedd959f1523a27,94426bb170c88115,da4628f173337902,Sodiq Yusuff,Don Shainis,1,0.809980499607975,0.825822668236505,0.781799066221787,0.808969064431143,0.783499131709314,0.826148573014977,0.782406769235562,0.840150131258833,0.782819448600316,0.815529356887599,0.782266601107445,0.795833743158065
2022-10-01,4f670b7972fa0a2e,a73e33dfce8fcfd8,b9f28e7045fdfce7,ec23c1be628d8057,Raoni Barcelos,Trevin Jones,1,0.641338102310656,0.628289971671944,0.605971914010173,0.611739832966152,0.599919802089581,0.621841045693121,0.600702067354863,0.639678301989942,0.609093662093023,0.614959085282241,0.599376289537056,0.618930030587545
2022-10-01,4f670b7972fa0a2e,7d0d2cecab358ba1,a8283a4f415e1eb9,c6aee362c7a7d482,Francisco Trinaldo,Randy Brown,0,0.31037501406955,0.283700338054758,0.318760514174962,0.293529378848135,0.313743914271639,0.277876974770738,0.313422692883689,0.261702212464406,0.309726974881015,0.287818810094043,0.314413249631134,0.312212860492643
2022-10-01,4f670b7972fa0a2e,d33814971932422a,7447e9f28508106a,c41d426cc7326d1b,Mackenzie Dern,Yan Xiaonan,0,0.617824348493846,0.612344978478423,0.592640198644006,0.619355899322821,0.606783233078109,0.617983267906794,0.597473120832376,0.597506126733335,0.575733025241212,0.619731826956305,0.603543422220054,0.611807262220608
2022-10-15,49c29e57d4e2be6f,84b04e8d6b251c54,0641c21bec209472,776d4262c4da38bf,Mike Jackson,Pete Rodriguez,0,0.46977752784718,0.420868838698449,0.434932959035713,0.41962354136302,0.428246990818405,0.40809083433945,0.424253168095313,0.401403439572362,0.423411031688523,0.410553263140115,0.422820475709083,0.447001547477448
2022-10-15,49c29e57d4e2be6f,fac560495e61d34c,077e3ace32b72be9,4461d7e47375a895,CJ Vergara,Tatsuro Taira,0,0.295036850755245,0.283176369628162,0.318301307589299,0.289649091897333,0.310150994860102,0.282715382118107,0.317676141007992,0.271440690773051,0.318016028644337,0.288669855400611,0.315183153254036,0.30324022046281
2022-10-15,49c29e57d4e2be6f,60bd4d2878c85f70,e375cb5caf4717b6,e94085e821bd81de,Piera Rodriguez,Sam Hughes,1,0.555305437048403,0.568432705078263,0.556230775526933,0.563791678012425,0.556909814893793,0.569434782922067,0.557133185395369,0.582968948729506,0.564349436045286,0.566308227887128,0.557142083459529,0.556181995896905
2022-10-15,49c29e57d4e2be6f,b4bbc1b7efa770f5,11583163f45c7b31,791c8437b341fba5,Lucas Alexander,Joanderson Brito,0,0.445746521880208,0.436164935820332,0.447561147749988,0.440788038476723,0.447184071492918,0.432474884952034,0.444444529580446,0.428073804604152,0.444267132255856,0.435662445877051,0.444561159161993,0.446531692492785
2022-10-15,49c29e57d4e2be6f,860050f211b44d10,12585614e0ed2626,d4270315cbcf2569,Nick Maximov,Jacob Malkoun,0,0.477004192604183,0.466023045484891,0.472124600467836,0.478811315292651,0.481116020210597,0.468617999678596,0.474221149078657,0.458790206432476,0.468128149339625,0.476695042292555,0.479943525362686,0.479249985216095
2022-10-15,49c29e57d4e2be6f,8252a314c778b8e6,c0386644627a7ee5,cc351e408bbb7d43,Mana Martinez,Brandon Davis,1,0.495686717316568,0.448546765632434,0.457759043677649,0.467363869419907,0.470908791264645,0.44882716060267,0.457933933188541,0.42437391367823,0.441382814168923,0.458458362626151,0.464234186893196,0.482141013166517
2022-10-15,49c29e57d4e2be6f,59695aae245cca73,67f272324a030d00,a495f599e787614f,Misha Cirkunov,Alonzo Menifield,0,0.378215237246008,0.373491645829811,0.395521260943221,0.382151397659676,0.394575938041499,0.371553717865447,0.393759651871733,0.359097161806927,0.389928618117496,0.378540071995621,0.394946490073877,0.387120762203218
2022-10-15,49c29e57d4e2be6f,96d4fe315722d1c1,2f13e4020cea5b38,eb8d8c2a95cfccb8,Raphael Assuncao,Victor Henry,1,0.351981919379312,0.375117025179287,0.396882682516666,0.377497576780235,0.390378097321483,0.376817671598722,0.398174318842698,0.377869081122793,0.404856619855184,0.376949792503982,0.393556227801288,0.372755146768677
2022-10-15,49c29e57d4e2be6f,759c55755d70f7ba,866fd7b1a6c90e7f,c878270af633eb11,Dusko Todorovic,Jordan Wright,1,0.640205899439409,0.638087903547589,0.614200835536717,0.628631467529896,0.615156752015171,0.634279786315135,0.61114228254647,0.635266822695677,0.605576081727121,0.631805288028219,0.614108527172919,0.626607262690979
2022-10-15,49c29e57d4e2be6f,1af23e7aa71a1d17,d247691a6c0e9034,f2477cf43c4975cc,Cub Swanson,Jonathan Martinez,0,0.389614750190329,0.423283602311844,0.436929052488594,0.407271102364316,0.417170471680615,0.413827807550251,0.429013363310118,0.432678482703531,0.447853296483032,0.409643346179918,0.42203085788288,0.404592144361587
2022-10-15,49c29e57d4e2be6f,904cf687d22bb486,36541f1e6c5d4955,e8b731feff72294b,Viviane Araujo,Alexa Grasso,0,0.451920051493511,0.488397801574813,0.490485560462857,0.458357605992238,0.462873947158304,0.480328226516941,0.483844757186179,0.49441437686972,0.495683927658821,0.463671901295833,0.468727260164203,0.457898683958464
2022-10-22,885e7f70dcac0007,4011cdf1f182804c,2eeaefbfc7f9fcff,351c4ec637380ad5,Lina Lansberg,Karol Rosa,0,0.165687140953965,0.182643689075773,0.226389581396285,0.172511447224419,0.198258487590011,0.175627663023652,0.219320002711265,0.181733118860066,0.238187994004094,0.170886771912512,0.20441049302817,0.182915902904972
2022-10-22,885e7f70dcac0007,1e8c33b1917fe1b7,75353550928a7921,dee294e9717012c2,Muhammad Mokaev,Malcolm Gordon,1,0.821214282474418,0.824269191892465,0.780289846209372,0.812857869846328,0.787308347900254,0.822916497906988,0.779267666040126,0.829378552737557,0.772382411415582,0.81498041208926,0.781731973674082,0.803245183098839
2022-10-22,885e7f70dcac0007,1b204fc28bb023e6,009c4420727149ea,369ea36e450ae62a,AJ Dobson,Armen Petrosyan,0,0.456895309956468,0.518057615883482,0.514809475274297,0.503008522126789,0.502680959561397,0.52647396701926,0.521744442948388,0.549114573989271,0.538000090161734,0.512453574796339,0.510716227720814,0.481865661678864
2022-10-22,885e7f70dcac0007,cea6760d7bfbe19b,029e1293e609fd74,684d3aee255a3d09,Abubakar Nurmagomedov,Gadzhi Omargadzhiev,1,0.583330132002282,0.594942212498289,0.578163495300288,0.584034076718393,0.575030763330348,0.596485319069775,0.579548647423283,0.609258762359083,0.584975049740958,0.588389662142351,0.57626237593076,0.578802024322466
2022-10-22,885e7f70dcac0007,f4d8266a42a41dff,0845c81e37d3bcb3,1091d4d957141094,Volkan Oezdemir,Nikita Krylov,0,0.574120088739781,0.618485743455174,0.597766267477485,0.588122470696076,0.57869656519161,0.613486492154024,0.593714376485457,0.632004206153917,0.602979206772485,0.597849801919304,0.584477023975762,0.576621678835439
2022-10-22,885e7f70dcac0007,2d36e2c10ee349fe,4126a78111c0855a,ea7e5bc78d9de658,Caio Borralho,Makhmud Muradov,1,0.518131093817514,0.479733536769834,0.48337838202187,0.515455963248586,0.513774014638255,0.493107213956413,0.494340205009166,0.479104962221702,0.483850655881902,0.507702467703235,0.506627708300499,0.515751277850483
2022-10-22,885e7f70dcac0007,d325a1483d78ae75,45f7cb591c3ab00b,b1b0729d27936f2f,Sean Brady,Belal Muhammad,0,0.468303492933198,0.463896966893369,0.470378388469099,0.4664787723456,0.470119351634754,0.462068170707625,0.468834607765827,0.46903261725823,0.476059219010234,0.464938686509849,0.46981870901093,0.46929533013036
2022-10-22,885e7f70dcac0007,25f3e4fa781c1c8a,34ff304266360297,e872e9a9a902c045,Manon Fiorot,Katlyn Cerminara,1,0.529705093132574,0.529014983973864,0.523801238945768,0.514060800415362,0.512530534464896,0.518587811408863,0.515264774825176,0.524139170337223,0.518658133510836,0.51475825416971,0.512699666554304,0.52032936215966
2022-10-22,885e7f70dcac0007,69f39e5d959311b1,08af939f41b5a57b,72db2a14ffa73ece,Beneil Dariush,Mateusz Gamrot,1,0.508229616873008,0.460610313809954,0.46767826025195,0.498401521230686,0.498575563310906,0.464567989326665,0.470890824381543,0.427431933755343,0.443766934144613,0.487697709753283,0.489413965471546,0.502956256169452
2022-10-22,885e7f70dcac0007,5c3c4bcc6c746ca0,b50a426a33da0012,d661ce4da776fc20,Sean O'Malley,Petr Yan,1,0.517718191971684,0.510233183134165,0.50839166225707,0.512330705691895,0.510988591727351,0.509219920153446,0.50757077147886,0.509160451797269,0.507078582212205,0.509601719129915,0.508262042782512,0.514042694352357
2022-10-22,885e7f70dcac0007,1f0d4572e0facbea,c849740a3ff51931,cb696ebfb6598724,TJ Dillashaw,Aljamain Sterling,0,0.374976321689442,0.340893509194131,0.368038091917737,0.351368098550359,0.366727000847902,0.334845761672731,0.362723621867275,0.319710859846681,0.358135694319762,0.344487022266597,0.365034404260201,0.370460670158629
2022-10-22,885e7f70dcac0007,523815acf1bb2420,07225ba28ae309b6,275aca31f61ba28c,Charles Oliveira,Islam Makhachev,0,0.492567385186238,0.568221904801248,0.55605684939021,0.527335428728292,0.524364136448912,0.56096691238472,0.550141261287562,0.605583754581003,0.582081040900443,0.53674406586527,0.531631155441287,0.509945792556336
2022-10-29,be5aab761c40ef35,fdb9d29cf0edc16a,5ec591b78349ba7e,69888118d968ba52,Christian Rodriguez,Joshua Weems,1,0.650254230508907,0.695476228346718,0.663113614898202,0.673345948639134,0.655792121704377,0.69659346104083,0.664283259398184,0.710393141671161,0.666708949140294,0.683966460746783,0.660229669955864,0.653284516881986
2022-10-29,be5aab761c40ef35,44abbf6b947be6de,7f6ed67d3ed3c036,b15862fcd6ded451,Cody Durden,Carlos Mota,1,0.502855564139311,0.488246191349003,0.490361216843599,0.477716833089002,0.480140325781815,0.483302679274269,0.486288140926307,0.478874129795493,0.48367216508032,0.479647187225801,0.482484952430227,0.490442516340916
2022-10-29,be5aab761c40ef35,86dff1593d8b9a1f,971246648e162f0d,97cf1a2c7c5e7889,Chase Hooper,Steve Garcia,0,0.6047857922833,0.610342124543071,0.590970408392984,0.595046589883456,0.584910119379215,0.605109635690794,0.586726072678535,0.613889380182282,0.588627154746133,0.596779451190842,0.583546806832759,0.593966864639038
2022-10-29,be5aab761c40ef35,d6d141afdd31c3f1,285ae0b4a68221f4,8d20d76af3f213ce,JunYong Park,Joseph Holmes,1,0.322276761691994,0.276443536250638,0.312386124895212,0.30120342218603,0.320833744700353,0.272330634456554,0.308529449498542,0.256223917854877,0.305030701383341,0.290026185608063,0.316409477143628,0.321488071331575
2022-10-29,be5aab761c40ef35,5dcba156bd13e0c3,3738e68d2261e60f,ab943cd2c3c17825,Andrei Arlovski,Marcos Rogerio de Lima,0,0.424192749947286,0.410396967051775,0.426264468419987,0.424990414054912,0.433053577213209,0.417750494015925,0.432264533498724,0.397646443454447,0.42045958419928,0.423237502770161,0.433814164449349,0.429027438662854
2022-10-29,be5aab761c40ef35,f32d918ee06cb83b,327d5f279895110d,547afe1017e72dbe,Roman Dolidze,Phil Hawes,1,0.460684850672776,0.445205256607579,0.455008784098672,0.449394686923521,0.45487281847818,0.443060411848847,0.45318068038477,0.433981905814272,0.448867742671223,0.446834674375129,0.45420909121263,0.457508519836452
2022-10-29,be5aab761c40ef35,98b7dd0ddc52cffb,749f572d1d3161fb,e4277e87a789d687,Khalil Rountree Jr.,Dustin Jacoby,1,0.266581413771745,0.25291282603564,0.291485643439365,0.279552422015253,0.300775531098729,0.256131380315194,0.294124196736598,0.229566561438945,0.281799680764485,0.272404136574082,0.300408203980169,0.284951774119096
2022-10-29,be5aab761c40ef35,6a7db3750822d7be,147e70aa6cc48cfc,ca43de99b07b6b40,Tresean Gore,Josh Fremd,1,0.46166047024258,0.444432591777586,0.454372648605629,0.463850608696431,0.467774996364975,0.448084020716111,0.457321614625094,0.434791747081062,0.449497893053422,0.458519254461288,0.464286675236021,0.464999304477444
2022-10-29,be5aab761c40ef35,5b6bdaf89e493674,2b68d9f125d07b42,fc08099550072fe4,Jared Vanderaa,Waldo Cortes-Acosta,0,0.29468734369625,0.297010376218193,0.330373272377681,0.310606191592053,0.329493253984525,0.300471212947161,0.333171376852739,0.296742548671684,0.339229710481253,0.308388355308576,0.332932071279686,0.313437816142664
2022-10-29,be5aab761c40ef35,bf59d9f8bd9536f3,4b47e71384a9522f,b0d6a1d8ac3d563d,Tim Means,Max Griffin,0,0.438741722443764,0.396279461097877,0.414543000256803,0.411585365325386,0.421041386045822,0.393057300681011,0.411746182167803,0.38404446359539,0.409741221387074,0.403042061319637,0.416298088180462,0.429050362792187
2022-10-29,be5aab761c40ef35,a554a72bb0377213,040a74bb0a465c54,751de04455cfaac0,Arnold Allen,Calvin Kattar,1,0.642370702893262,0.615594537235924,0.595351563998637,0.631075045195746,0.617365517733533,0.616870017184355,0.596542084487658,0.60929316663582,0.585002160738154,0.626411285242154,0.609384070706611,0.628797444388719
2022-11-05,756f45905fb20cb5,b87ac039e3b13940,3eb4dc9a7d4ac906,4f3064faf17aa711,Ramona Pascual,Tamires Vidal,0,0.343483144334874,0.355506974989598,0.380403093389836,0.341799692427887,0.358027246335085,0.350986051391577,0.376427975868011,0.346695741031812,0.379993005770627,0.344174798174161,0.364758635865005,0.351393734675117
2022-11-05,756f45905fb20cb5,cfca30d3ef3c86b9,60a42bf82447c919,760a55d5b6098cbe,Jake Hadley,Carlos Candelario,1,0.704527365256289,0.702154399636378,0.668901245401084,0.704664344374769,0.684585443262744,0.706083254162539,0.672528522956088,0.705019987861888,0.662234114587581,0.706447894956884,0.680406478417037,0.693724165601481
2022-11-05,756f45905fb20cb5,31cb98ce37fd87dd,1a54231796e24a3f,f6bcbd91b114ff58,Liudvik Sholinian,Johnny Munoz,0,0.330643086622613,0.341913425898542,0.368903640316368,0.348267443339022,0.363910300943826,0.344718776587466,0.371118180384398,0.335910731970334,0.371298870370262,0.350665485881118,0.370485379316487,0.348631195788571
2022-11-05,756f45905fb20cb5,5475f5b6bad40989,9673a497a9da119a,d05cb1e8d1b885d8,Polyana Viana,Jinh Yu Frey,1,0.590052717094069,0.552678901297202,0.543249603235454,0.577989917817354,0.569615200879089,0.557096623287717,0.546948811661425,0.54370059421105,0.533802104694305,0.572084459852775,0.562137202502184,0.578922252132632
2022-11-05,756f45905fb20cb5,2ab395e21080b10a,773f7feacf96153e,bc711b6dd95c1af6,Benito Lopez,Mario Bautista,0,0.388482852886796,0.419300675695072,0.433636139044975,0.42561945037814,0.433616727119498,0.428319379413803,0.441010655801917,0.434076266578315,0.448941171926535,0.428500958051026,0.438369243869475,0.412953300059856
2022-11-05,756f45905fb20cb5,71afa8354da2491e,568bbad0eaced57c,f29a6350c69f4a33,Shanna Young,Miranda Maverick,0,0.224461622130069,0.223997638404229,0.265246647762425,0.223121634305421,0.247548297697345,0.218052384149419,0.259495973380684,0.216629109102847,0.270272364897669,0.217826401528887,0.249744032564631,0.236879476695447
2022-11-05,756f45905fb20cb5,1535fb6549fa8bab,99bd51917728c25d,da0995f19b749cfa,Grant Dawson,Mark Madsen,1,0.738410469918402,0.75224837292759,0.713149939511656,0.73966432913916,0.717182594027552,0.751612125997111,0.71282567924864,0.757739242309272,0.707055630178687,0.743491206689943,0.714161770957661,0.726942879518745
2022-11-05,756f45905fb20cb5,3adecfc4727a8d73,6e9f40c706f91f32,f00ac08ab056af5d,Nate Maness,Tagir Ulanbekov,0,0.399855734841193,0.345263565907155,0.371743948151047,0.376219466745645,0.389224501027761,0.345808900009194,0.372042788814126,0.326601919662481,0.363751071202419,0.365403781481253,0.383444102580746,0.394035888584479
2022-11-05,756f45905fb20cb5,2664805fde34fb1b,0a73acff6325c1e2,34e516ab361afb1c,Shayilan Nuerdanbieke,Darrick Minner,1,0.625315552906613,0.587760839408577,0.572209076539391,0.605275601753226,0.594102243139597,0.591814750010639,0.575668438300976,0.57637561651222,0.559201814434957,0.600532359861192,0.586809294451752,0.608375858100236
2022-11-05,756f45905fb20cb5,b279559f15ecf29b,84b3e7d38f2d2ec5,8a1f3b5c526cd6e6,Neil Magny,Daniel Rodriguez,1,0.519238178548802,0.514580100509794,0.511956890045869,0.541084301318558,0.536628022441204,0.530214504599147,0.524819030637638,0.510431953589625,0.508061221356044,0.540676613286933,0.535020194104255,0.528746107067217
2022-11-05,756f45905fb20cb5,abfc03893551ae73,3df5493bb279226f,cd2c4d30c6e13b47,Amanda Lemos,Marina Rodriguez,1,0.428841521017467,0.410712166149575,0.426525692322361,0.422716745998503,0.431017683274915,0.410563455777989,0.426305598668678,0.405714977290344,0.426793648550696,0.418234017754169,0.429480461722427,0.430029944572437
2022-11-12,b3b6e80b7d5f8f0d,db026ff6eee4d174,8c57c7b8c3bab0eb,9014c02eff8b3d62,Nicolae Negumereanu,Carlos Ulberg,0,0.478538945202736,0.42205245791656,0.435911488494321,0.476505226550919,0.479060173047803,0.435901821825285,0.44727443243766,0.399997627316093,0.422307077660247,0.463436112747907,0.468524095773286,0.47882366746393
2022-11-12,b3b6e80b7d5f8f0d,bee95769a221af9a,1291edf2d566a71a,cc1a8b4b38b92c6d,Julio Arce,Montel Jackson,0,0.340680797288373,0.313924327972009,0.344995506015626,0.338876802076523,0.355365102565581,0.320922927018911,0.350818503408883,0.3070826147902,0.34777882931796,0.33356664261977,0.355370730886889,0.348666539682083
2022-11-12,b3b6e80b7d5f8f0d,7f93b2f38497caec,5bf31a46becc1204,a68575214ecad140,Michael Trizano,SeungWoo Choi,1,0.403600927612523,0.395657332365063,0.414025437763765,0.411525140030029,0.420987367140442,0.403974630350033,0.420833673215209,0.389025450430706,0.413672469806749,0.409359328427935,0.421784361564108,0.41307146173162
2022-11-12,b3b6e80b7d5f8f0d,ff2e4b411f695017,b4880ef2f838d4e1,d7c3816669784109,Silvana Gomez Juarez,Karolina Kowalkiewicz,0,0.55634787008894,0.613137937138017,0.593301574816156,0.571343133514834,0.563664615222974,0.606278864923363,0.587700460212747,0.621233530751455,0.594432805904754,0.584103723360662,0.572545616086824,0.560347981697586
2022-11-12,b3b6e80b7d5f8f0d,40707ddc9fdea500,dccb63727f2f5f74,ee18ff42063174df,Matt Frevola,Ottman Azaitar,1,0.341295229617049,0.346415173727489,0.372719332935157,0.344039859920879,0.360066086244407,0.339092036669694,0.366338651517187,0.346389829150535,0.37974711065318,0.33916146772237,0.36032649537339,0.351491867869087
2022-11-12,b3b6e80b7d5f8f0d,65ce9335b93d9c57,4dcfb28c011c11b2,5f61780fe5e9b6d0,Wellington Turman,Andre Petroski,0,0.28237691807928,0.291649744209922,0.325708060062768,0.309401062049966,0.328385014331219,0.297881402905586,0.330921934241496,0.290408825186985,0.333960134947766,0.306111695777601,0.330891221285287,0.307027834552879
2022-11-12,b3b6e80b7d5f8f0d,93da91272d4a7ce3,51018a31ddf31eb2,669970f7feba8ecd,Molly McCann,Erin Blanchfield,0,0.209483359977067,0.205541224257029,0.248120624996507,0.206056431651458,0.231120047699151,0.199683216088335,0.24233591418656,0.203296312955233,0.258196192768163,0.201767418192457,0.234448498041674,0.221113591276198
2022-11-12,b3b6e80b7d5f8f0d,6f22afbc5f8e0bd3,2e19380f34871c6a,a67f5afa8d6a1b80,Dominick Reyes,Ryan Spann,0,0.470307410201809,0.509812933008345,0.508047008971067,0.494206560260784,0.494837304982687,0.510241281687773,0.508409516744052,0.51968183415931,0.515211281341245,0.501856921738054,0.501597786320888,0.483697017209067
2022-11-12,b3b6e80b7d5f8f0d,1f922cfe6178e830,37ed1ab2f8b819f4,b6452706b373eea1,Brad Riddell,Renato Moicano,0,0.435201789957266,0.439812557356267,0.450567427108418,0.458710927887588,0.46318924653682,0.450151787068229,0.459025223093308,0.447402894399978,0.459297672392797,0.456294497718545,0.462368767191367,0.450450762549746
2022-11-12,b3b6e80b7d5f8f0d,77c78d0a71b10692,193b9d1858bc4df3,d747eb273a40a920,Dan Hooker,Claudio Puelles,1,0.426274020473969,0.433478185502907,0.445345612119843,0.43532142136628,0.442297143618461,0.432945707794521,0.444833427188625,0.426417131721009,0.442975961477008,0.435729315298199,0.444618945991134,0.435009911097942
2022-11-12,b3b6e80b7d5f8f0d,09afa6ce4747a1a2,45f0cc9d18f35137,f2688492b9a525a3,Chris Gutierrez,Frankie Edgar,1,0.695045305891121,0.696388783623155,0.663903129585037,0.682837102432415,0.66448526867211,0.695761681069538,0.663562779095346,0.717586885501767,0.672730047136104,0.688643228101117,0.664410096914778,0.678542499542726
2022-11-12,b3b6e80b7d5f8f0d,4bf3010fdeea9d93,029eaff01e6bb8f0,4b93a88f3b1de35b,Dustin Poirier,Michael Chandler,1,0.767524313833644,0.765048593789403,0.724734161440739,0.759132198588052,0.735545039118115,0.768542373121442,0.728179013181762,0.778711384185434,0.725555308359579,0.763350950537388,0.732570705822058,0.750397048657441
2022-11-12,b3b6e80b7d5f8f0d,85b5d59f8eea976a,1ebe20ebbfa15e29,d910665038efc639,Zhang Weili,Carla Esparza,1,0.469741468762764,0.479864164900587,0.48348555529083,0.462742620899928,0.466786548401242,0.471759128080084,0.476803330626818,0.483374620344149,0.487151693453722,0.463199111020646,0.468319882379789,0.468127026065559
2022-11-12,b3b6e80b7d5f8f0d,04f32bb0c0d3a8cc,1338e2c7480bdf9e,e5549c82bfb5582d,Israel Adesanya,Alex Pereira,0,0.744759559355867,0.760250656553596,0.720376945878082,0.748349380823936,0.725352099499945,0.759082409566402,0.719572445486882,0.763046036380765,0.71169564317162,0.750296726384685,0.720443156850097,0.734270649568997
2022-11-19,012fc7cd0779c09a,33719a2d9c69ed17,262d32ebda89efc4,59c438c81fbf3ece,Natalia Silva,Tereza Bleda,1,0.585711201216878,0.585595659245615,0.570415838246604,0.576767313322786,0.568520279778803,0.585154879422684,0.5701431993009,0.598003399838708,0.576123325270755,0.582817284624452,0.571430579925802,0.57634349735994
2022-11-19,012fc7cd0779c09a,a3696c847ef6c7f9,7af33fc4435017f1,9e92e1ca498d7244,Brady Hiestand,Fernie Garcia,1,0.552358949007929,0.568194594355884,0.556034316698915,0.566460486564198,0.559296418585298,0.569729185774187,0.557376461776225,0.576122301978449,0.55900421852595,0.565205490771276,0.556188936949509,0.556151341217894
2022-11-19,012fc7cd0779c09a,bd064deb3494b41a,2c483cf443f38ece,37d752ec41ed84bb,Vanessa Demopoulos,Maria Oliveira,1,0.386209381272822,0.373028989207999,0.395133597915383,0.366041574025505,0.380026593608884,0.367832191508549,0.390633625249555,0.375256485250899,0.402786391493982,0.36497516701057,0.383068072157947,0.382827257861942
2022-11-19,012fc7cd0779c09a,0f2983fe7753403f,0c258d1d8e16e5f1,cd3d7e37ff2d679c,Kevin Natividad,Ricky Turcios,0,0.381898706794295,0.429929765378567,0.442417910129066,0.419120607820444,0.427796387387116,0.431321561721991,0.443491751039365,0.439079979457058,0.452832856006097,0.424901627665697,0.435254732736405,0.406765709323153
2022-11-19,012fc7cd0779c09a,594435375d641f63,37098a6e6c27fb66,46e0d677f91bacc0,Vince Morales,Miles Johns,0,0.326815943974588,0.319187820415693,0.349517538826837,0.33306291430684,0.350063154471782,0.3227259501111,0.352364913171675,0.311717975457818,0.351590801972167,0.329484241979832,0.351748044645295,0.33941849985882
2022-11-19,012fc7cd0779c09a,144443d4dbf43990,8e1f36476ef02a6a,b4192a975027aab6,Jennifer Maia,Maryna Moroz,1,0.415864031664814,0.473314238983106,0.478110685123421,0.448472235841813,0.454049029951388,0.472815418230731,0.477671521856901,0.492199752305496,0.493972566927998,0.459007197621435,0.4647072689206,0.436628166477662
2022-11-19,012fc7cd0779c09a,b4cfb34e8224fd77,55fa6ce3e522c8bb,814e5233e2acf2ee,Zhalgas Zhumagulov,Charles Johnson,0,0.273269641619039,0.258961638474178,0.296894013757462,0.272930018650821,0.294604375868215,0.259931964851622,0.297519701108543,0.257018230465552,0.305713166217023,0.267132688826846,0.295591394856208,0.284804162948333
2022-11-19,012fc7cd0779c09a,d0c01840c72429c6,6b453bc35a823c3f,a6cba6bb66c1a8c9,Jack Della Maddalena,Danny Roberts,1,0.816048179832994,0.82262986942595,0.7787005365883,0.814906026092986,0.789319023362867,0.826240057633076,0.782495814876255,0.830015857656648,0.772994538759615,0.820159746455537,0.786787620304722,0.801786102849427
2022-11-19,012fc7cd0779c09a,c317f85a8266313e,33efaf2d0941cfcf,447f9858ae78f921,Andre Fialho,Muslim Salikhov,0,0.473636091598735,0.46680099459775,0.472763469355275,0.492684760476106,0.493481151233755,0.481271743754889,0.484619853327833,0.456583350463477,0.466417972830409,0.492539577126313,0.4935805710997,0.484470422501758
2022-11-19,012fc7cd0779c09a,110f539523a4b571,01b352b6a9074d5c,fc08099550072fe4,Chase Sherman,Waldo Cortes-Acosta,0,0.348564872560576,0.374396716102918,0.396279444527585,0.372753997564666,0.386095043043712,0.381272184448612,0.401904011645432,0.382693750527499,0.408673865531057,0.380306221754377,0.396489818677906,0.368867366487814
2022-11-19,012fc7cd0779c09a,c33257dd0605c7de,8667caa0451d245b,cd13728ae1151f46,Kennedy Nzechukwu,Ion Cutelaba,1,0.59099211274552,0.553787805143984,0.544162309703696,0.569739977350338,0.562230100538334,0.557858016804085,0.54757670448804,0.535276057493641,0.527275996291821,0.566827106771442,0.557590624998177,0.575344508055616
2022-12-03,b23388ff8ac6637b,2cec230248d7eb97,40cb680ae1cd331f,efc67b07eed39794,Yazmin Jauregui,Istela Nunes,1,0.65913611703621,0.613068274330727,0.59324346528864,0.640805239495124,0.62617314780293,0.619345926029495,0.598613196126953,0.606347828848452,0.582682423172167,0.633875065121321,0.61592332537703,0.641296652673785
2022-12-03,b23388ff8ac6637b,1114cd1515cf3b8f,2804ce8dadab5770,5d495dec23d7c68e,Marcelo Rojo,Francis Marshall,0,0.262924265718128,0.274499967269605,0.310673468486946,0.270613140706066,0.292441119751309,0.273047414568464,0.309162899155517,0.273441404309035,0.319709950241978,0.273111202200323,0.301053190249002,0.278808828979554
2022-12-03,b23388ff8ac6637b,30abc50a2e71c576,a29db9cd4f9ccea5,cda1099995b46cc2,Natan Levy,Genaro Valdez,1,0.852611165894661,0.862809807039909,0.818742301751411,0.83657931612604,0.810796280142368,0.855931739647199,0.812009999122913,0.866278875370353,0.809034372716158,0.843556387839367,0.809966949819338,0.830803149931823
2022-12-03,b23388ff8ac6637b,be977e524ef56aa4,87c0b1c696ddfb43,92a9aa9c93192871,Jonathan Pearce,Darren Elkins,1,0.805174921115936,0.841311261592395,0.797022065916939,0.807042883824868,0.781616385314549,0.835562002854429,0.79162674828252,0.85823461614518,0.800815725777975,0.81717099779556,0.783867121818013,0.792552297901353
2022-12-03,b23388ff8ac6637b,92c1d9a6d313cb0c,32c355b04fc57f3a,511e82663651438d,Marc Diakiese,Michael Johnson,0,0.687387111472793,0.680027626493616,0.649809514273187,0.681789278286569,0.663524219016737,0.68655530546232,0.655611079196304,0.678176972863787,0.640140527259023,0.6827058583277,0.659104290957492,0.674464552819083
2022-12-03,b23388ff8ac6637b,7bd6969c4ed979f9,c47df9303d318c67,df1eb4354d18a906,Clay Guida,Scott Holtzman,1,0.521190201081901,0.496282782495819,0.496951838467632,0.511928048441794,0.510629732482929,0.500484558333193,0.50039787170051,0.496843224329532,0.497560752596022,0.507531463061668,0.506480558848372,0.515423140960578
2022-12-03,b23388ff8ac6637b,0c9faf26efe2cdcc,02f8fedc18cbd26c,f0feeb2192937424,Emily Ducote,Angela Hill,0,0.70680769924841,0.694592660700261,0.662349579478184,0.707258052993077,0.68698475704829,0.699620581046232,0.666908293460276,0.683417765850808,0.644421996647864,0.705888935953146,0.679902228625305,0.696069887429327
2022-12-03,b23388ff8ac6637b,7fbf09533c59e43f,8e382b585a92affe,d8da10db80131bec,Phil Rowe,Niko Price,1,0.551181258594228,0.582844383944069,0.568138468635182,0.564920001137816,0.557918742659505,0.585587693766997,0.5705020145544,0.603122568723559,0.58014500390604,0.573067214041979,0.562987487004384,0.554864192562724
2022-12-03,b23388ff8ac6637b,ca0f0a35a1fcb453,cad24459b28592ca,d6c0cdd7e467c440,Eryk Anders,Kyle Daukaus,1,0.470787980155773,0.466069515961576,0.472162764280474,0.472576258980788,0.475557118083751,0.472377767627776,0.477311813953665,0.476101594247604,0.481528078034565,0.474451457169153,0.478011838731437,0.47339258319766
2022-12-03,b23388ff8ac6637b,a71764d5da04e3bc,0a1942069c9ad6b6,327d5f279895110d,Jack Hermansson,Roman Dolidze,0,0.584977797237127,0.664085561232765,0.636193180278178,0.627772752758735,0.614380841024388,0.664169658463888,0.636437528823341,0.696809976456564,0.655431972414268,0.642600562807263,0.623586300092306,0.601129049504381
2022-12-03,b23388ff8ac6637b,972e17c1b98fca06,c62fbc117d57b943,f14cf73e51b29254,Tai Tuivasa,Sergei Pavlovich,0,0.353121601355155,0.326539161377715,0.355812392265121,0.341580203496986,0.357827414371367,0.324364607989265,0.353769110476732,0.310542290338686,0.350625118341921,0.335454609391802,0.357044197680843,0.355688756325236
2022-12-03,b23388ff8ac6637b,5a8f7afc5ea69537,1a31ef98efce7a79,67c1d46f4ed16f9e,Matheus Nicolau,Matt Schnell,1,0.666536235722756,0.637916886966595,0.614056945941397,0.649964352574178,0.634483141864882,0.640372761606716,0.616273598729228,0.619730826879911,0.593243512162343,0.646520461352816,0.627035656265743,0.649195137337138
2022-12-03,b23388ff8ac6637b,f17813d03fcd8e7a,6a2f7c151031653d,a331233f597090a5,Rafael Dos Anjos,Bryan Barberena,1,0.555642865017188,0.550319639547413,0.541308228672962,0.567685742727851,0.560392348748038,0.55793510216353,0.547640277952901,0.541828418850471,0.532351194865472,0.566104476842162,0.556965961066471,0.558238653631333
2022-12-03,b23388ff8ac6637b,a419e6df765aa755,3a46b268013afede,4a28cb716c19157a,Kevin Holland,Stephen Thompson,0,0.759916641785853,0.746648544027196,0.708121293088922,0.748980588672448,0.725947213811855,0.746238967212002,0.707998633570522,0.745435504229767,0.696396769896403,0.749121127881426,0.719356152261717,0.741724593845908
2022-12-10,f65a0eb902f9476b,5bc31abb5842942a,3c8a5200436e19f3,84512339473dd300,Cameron Saaiman,Steven Koslow,1,0.528125800076356,0.524632663515059,0.520204305885523,0.522975216043373,0.520476633104321,0.522339771535136,0.518347203097068,0.521634910739335,0.516721459667091,0.521900004972342,0.518846943756004,0.523948742217067
2022-12-10,f65a0eb902f9476b,2d9d966e0e8df232,21b813b919776d90,d31cbcdd7d69536d,Erik Silva,TJ Brown,0,0.494845393484839,0.498419874259621,0.498704284945453,0.497321510933669,0.497613141313391,0.49738150310299,0.497849941403191,0.499296981898508,0.499456779153051,0.496337496323217,0.496848591761427,0.496357286020966
2022-12-10,f65a0eb902f9476b,a1a5d06b0e7ada62,262a7d06203657e6,aa171d55d4b5208f,Alexander Hernandez,Billy Quarantillo,0,0.692530676588004,0.725489180121573,0.689316961791595,0.723250039378367,0.701833804568304,0.734178273887779,0.697237734568345,0.744581009056533,0.695661423819741,0.731450123473023,0.703112210026416,0.697632687297207
2022-12-10,f65a0eb902f9476b,a346180c8b109469,5442f1bc4b47eaf3,b9437600497350f3,Chris Curtis,Joaquin Buckley,1,0.505160898121379,0.511585835777848,0.509501019693186,0.505556029830933,0.504951128793103,0.512501245058347,0.510265490269003,0.516532899878403,0.512776815925657,0.509391208929269,0.508080892753942,0.505046308920702
2022-12-10,f65a0eb902f9476b,4e9d76ed54f1f352,4144798612ef96e5,ce632027bf2a871b,Edmen Shahbazyan,Dalcha Lungiambula,1,0.717468913638187,0.745927028861584,0.70747503259997,0.721437505150523,0.700145818579623,0.743328088313024,0.705392270641762,0.752543305302123,0.702537890310748,0.728262028350464,0.700199707812517,0.708081156622821
2022-12-10,f65a0eb902f9476b,1779cc4ae925df01,2cd428e9606856fd,d0aaedcf7ccd0b45,Jairzinho Rozenstruik,Chris Daukaus,1,0.439094219156674,0.453414352532781,0.461763142877942,0.449964872378711,0.455381986641878,0.451837658568274,0.4604138507032,0.455513708524849,0.465588877128845,0.449614169755322,0.456607398408759,0.447977667122679
2022-12-10,f65a0eb902f9476b,fd7421f421e802bd,01fed6f61ebea01f,fe2babf95de24fb1,Jay Perrin,Raul Rosas Jr.,0,0.381897952002616,0.415296906725188,0.4303231390061,0.39466342931858,0.405842919364778,0.413269101742564,0.428550065802963,0.423577568229984,0.440761666336353,0.403216714335293,0.416449861083477,0.394915208002347
2022-12-10,f65a0eb902f9476b,4a17876e99f6baf3,54f64b5e283b0ce7,d9c6f19f958643e9,Ilia Topuria,Bryce Mitchell,1,0.504913212744186,0.516698661201238,0.513694681875862,0.518738596004829,0.516699939711455,0.520093742615407,0.516501901035445,0.51407838963277,0.510879502644325,0.521022155864978,0.518091238650539,0.511353391133599
2022-12-10,f65a0eb902f9476b,ecab8b8b36727b8d,0d7b51c9d2649a6e,9ce6d5a03af801b7,Dricus Du Plessis,Darren Till,1,0.600233355517923,0.566769438593154,0.554858634816085,0.564639838088297,0.557668214102961,0.562936605664425,0.551766738712784,0.567668236807612,0.552416601973806,0.561152378083298,0.552686864507762,0.577126125077194
2022-12-10,f65a0eb902f9476b,11f65de5348e4bc4,6d1bffff14897645,cdb96af67d096b1e,Santiago Ponzinibbio,Alex Morono,1,0.464674117236364,0.47090664342212,0.476134423777021,0.468990190491265,0.472359249145519,0.473176833665445,0.477968563139026,0.46967790283708,0.476558586340984,0.471078050139687,0.475106955489676,0.468870383662598
2022-12-10,f65a0eb902f9476b,144cd3f62591a5fb,7026eca45f65377b,7826923b47f8d72a,Jared Gordon,Paddy Pimblett,0,0.391216634640546,0.363893587544452,0.387465770205782,0.378300953693851,0.391103049493343,0.360931962397365,0.384826205341101,0.349679542080002,0.382389321070601,0.372950249967344,0.390057089155928,0.391154585708303
2022-12-17,56ec58954158966a,ccb7e2851319345d,2f6a993c7f547c13,78f485f851891d68,Sergey Morozov,Journey Newson,1,0.571152309281433,0.571686613447381,0.558916355033542,0.566224910067588,0.55908572438699,0.574110366246881,0.560998393138094,0.578222484791958,0.56064283114107,0.567806834618737,0.558437633985096,0.564570306557182
2022-12-17,56ec58954158966a,f87a7812733f7e8f,5d1b7e3dd9e11074,9ada30894bf04e19,Manel Kape,David Dvorak,1,0.468057869549957,0.481444253649235,0.484781874899716,0.473230244724484,0.476140250499652,0.477982091520463,0.481917248797145,0.483023726868086,0.486880435315834,0.473293856369312,0.47701507632212,0.472471178128438
2022-12-17,56ec58954158966a,8f00da6ea8186ce2,8f765fd5775a8873,f626118b6da0e020,Rinat Fakhretdinov,Bryan Battle,1,0.409670316980117,0.385671551276462,0.405705160899317,0.403366454394135,0.413664825066293,0.389030944667059,0.408387599510717,0.375356540904546,0.402865717714819,0.39924972839155,0.413001189962082,0.411850931257056
2022-12-17,56ec58954158966a,efc64d8aae5628c9,8c1ca54b5089d199,e132d47bd9efbbe0,Maheshate,Rafa Garcia,0,0.534090256278703,0.507339692116215,0.506018738095806,0.522790928242023,0.520312339744895,0.510417722146362,0.508554412450094,0.505395960542123,0.504169513310249,0.517904305186247,0.515407432081353,0.526568972956397
2022-12-17,56ec58954158966a,ed6203e849a2bf28,0fd5f4b838e890cc,50a28b9f8314e008,Said Nurmagomedov,Saidyokub Kakhramonov,1,0.515928647474899,0.546918599823649,0.538510666044937,0.530832835053409,0.527482921040752,0.54819797062248,0.539615493439656,0.557202236515798,0.544278126114172,0.537852922007413,0.53258665085127,0.522243232842117
2022-12-17,56ec58954158966a,5f4e944ff1bdcd9c,4aa58269d0664b5b,a845f0735bc67405,Matthew Semelsberger,Jake Matthews,1,0.383401229260307,0.372314915490689,0.394535147378766,0.374548803797141,0.387716118840456,0.37183155653638,0.393992865877954,0.364410409618646,0.394166800039129,0.373930174608088,0.390914764325906,0.385756069736455
2022-12-17,56ec58954158966a,c960184a583f1861,3351aa64aa83c4d9,4959f10a62f3fec3,Cory McKenna,Cheyanne Vlismas,1,0.542546853991556,0.509747720375174,0.507993527473037,0.520904194426853,0.518630372369689,0.511755747108012,0.509653243233679,0.498955817547938,0.499193161802769,0.517318827013371,0.514903496226228,0.529499355896856
2022-12-17,56ec58954158966a,e0444752d18fda7f,0d65c432720accb9,f14f644d41ade29f,Michal Oleksiejczuk,Cody Brundage,1,0.58153156929008,0.563519463017393,0.552178669710334,0.574104439779724,0.566136097245926,0.563184830077561,0.551971621780674,0.55090708691665,0.539390779250954,0.569902844791001,0.560250108381939,0.573139264923853
2022-12-17,56ec58954158966a,c335f44e4f3515ea,519e4fe37ce9ff75,887961364be5ceb3,Drew Dober,King Green,1,0.460782227304846,0.485842183033885,0.488389479007856,0.471191755301006,0.474322555141079,0.48077468182468,0.484211523243119,0.506943196858639,0.50536513350253,0.470951424546043,0.47499790553735,0.46817293396263
2022-12-17,56ec58954158966a,9c1a2ac64c98d2f6,7aa3d6964eff4877,902ec2cc48c8ae8a,Alex Caceres,Julian Erosa,1,0.604599084181579,0.619475216076864,0.598593181941273,0.614820975555718,0.602695214896051,0.621944312364295,0.600788557574775,0.633568961736615,0.604224188483726,0.620494663414052,0.604209936659876,0.603559458132614
2022-12-17,56ec58954158966a,d95eeba3de7ecac5,3fa97913cfd205d3,6d35bf94f7d30241,Alessandro Costa,Amir Albazi,0,0.349665030147177,0.376705269238067,0.398212264121554,0.379582526608257,0.392259264302509,0.379962728057701,0.400808192555576,0.380148913047818,0.406661336454995,0.378974813881245,0.395326450368847,0.372684627181098
2022-12-17,56ec58954158966a,ce7744d45a698aa6,135d124172a0bea3,eae48ff31db420c2,Damir Ismagulov,Arman Tsarukyan,0,0.257532870654276,0.22086444100294,0.262361631986819,0.2349571663521,0.258842742918321,0.216891727163475,0.258421314296674,0.209695466625416,0.264018381955306,0.225570275797222,0.257049962415418,0.258247869739383
2022-12-17,56ec58954158966a,4ea48bf2407b405d,0d8011111be000b2,13a0275fa13c4d26,Sean Strickland,Jared Cannonier,0,0.537317480855375,0.447800338917124,0.457144801637842,0.506352143247992,0.505660581773726,0.458071910371047,0.465546423974014,0.414114015200194,0.433370224273795,0.492762490550665,0.493772387247904,0.520045385767269
