date,event_id,fight_id,fighter_id,opponent_id,fighter,opponent,target,current_logistic_probability,division,division_group,group_model_probability,group_model_status,global_only_probability,shared_pooling_weight_probability,group_specific_pooling_weights_probability,fully_separate_groups_probability
2019-01-19,d4da8995fc91e7ef,e76227f395b94e47,1ddb480b601cefb1,bb61823f76361297,Chance Rencountre,Kyle Stewart,1,0.474406809794188,Welterweight,mens_welter_to_middle,0.448606814489754,separate_group_model,0.474406809794188,0.461481019403593,0.474406809794188,0.448606814489754
2019-01-19,d4da8995fc91e7ef,2cc1fe3570999428,b1b0729d27936f2f,b997be68943010fc,Belal Muhammad,Geoff Neal,0,0.545098436612748,Welterweight,mens_welter_to_middle,0.488957571333802,separate_group_model,0.545098436612748,0.517081905380582,0.545098436612748,0.488957571333802
2019-01-19,d4da8995fc91e7ef,2ea1f463620bcd3d,6f242453c91a5af0,ef44e4ea9050f2ea,Dennis Bermudez,Te Edwards,1,0.78737272226497,Lightweight,mens_below_welterweight,0.720739385678203,separate_group_model,0.78737272226497,0.755589041379858,0.771870575701465,0.720739385678203
2019-01-19,d4da8995fc91e7ef,efbab76bedbfb65d,65f09bacd3957381,bc711b6dd95c1af6,Cory Sandhagen,Mario Bautista,1,0.608087873179644,Bantamweight,mens_below_welterweight,0.578415541703875,separate_group_model,0.608087873179644,0.593336849872828,0.600735207902561,0.578415541703875
2019-01-19,d4da8995fc91e7ef,8a9c8f1d53d8c664,a495f599e787614f,acb36c908d415c4a,Alonzo Menifield,Vinicius Moreira,1,0.497679177381498,Light Heavyweight,mens_light_heavy_plus,0.496727613747542,separate_group_model,0.497679177381498,0.497203393032188,0.496965502702933,0.496727613747542
2019-01-19,d4da8995fc91e7ef,77c6a6f33289b872,12f91bfa8f1f723b,6551c64fbcd1a467,Joanne Wood,Ariane da Silva,1,0.300729207736464,Women's Flyweight,womens_all,0.55568734328589,separate_group_model,0.300729207736464,0.423096366236291,0.423096366236291,0.55568734328589
2019-01-19,d4da8995fc91e7ef,3dd0951b8855137d,1d00756835ca67c9,262a7d06203657e6,Donald Cerrone,Alexander Hernandez,1,0.359253358051792,Lightweight,mens_below_welterweight,0.413714642812816,separate_group_model,0.359253358051792,0.386127836456596,0.372592194065336,0.413714642812816
2019-01-19,d4da8995fc91e7ef,5d1f24e034772338,37d5b176d438d2a5,7ff97850e8c32bda,Karl Roberson,Glover Teixeira,0,0.621038022517389,Light Heavyweight,mens_light_heavy_plus,0.545261840860346,separate_group_model,0.621038022517389,0.583643961696149,0.564549604224278,0.545261840860346
2019-01-19,d4da8995fc91e7ef,7ddd21d48e3b34b9,01784fbc27c68b14,4d5197f331c47290,Rachael Ostovich,Paige VanZant,0,0.627733677786917,Women's Flyweight,womens_all,0.544888417773512,separate_group_model,0.627733677786917,0.586926109424162,0.586926109424162,0.544888417773512
2019-01-19,d4da8995fc91e7ef,4738cd4cd8d33eeb,80eacd4da0617c57,f53c1f4ceeed8c08,Joseph Benavidez,Dustin Ortiz,1,0.433635441998564,Flyweight,mens_below_welterweight,0.594836730865333,separate_group_model,0.433635441998564,0.514616217742077,0.47395456521337,0.594836730865333
2019-01-19,d4da8995fc91e7ef,0261adcfc6e49150,813550bc53b15fb0,84ff027394f7e470,Yancy Medeiros,Gregor Gillespie,0,0.240138572961959,Lightweight,mens_below_welterweight,0.23607458095937,separate_group_model,0.240138572961959,0.238100615971998,0.239118105643058,0.23607458095937
2019-01-19,d4da8995fc91e7ef,8da2c348ba6001a0,85073dbd1be65ed9,a9d6e047ce48ab63,Greg Hardy,Allen Crowder,0,0.578413202919923,Heavyweight,mens_light_heavy_plus,0.634225678844525,separate_group_model,0.578413202919923,0.606667502863002,0.620543782749473,0.634225678844525
2019-01-19,d4da8995fc91e7ef,85511ab7fd9ed061,056c493bbd76a918,c849740a3ff51931,Henry Cejudo,TJ Dillashaw,1,0.37284036697704,Flyweight,mens_below_welterweight,0.438901890180165,separate_group_model,0.37284036697704,0.405443237236563,0.389017727721991,0.438901890180165
2019-02-02,84283233ec42be5f,8f8a6c578308d014,07a2bdaa0afdd831,87f19d19f4cb73f8,Rogerio Bontorin,Bibulatov Magomed,1,0.54249314022055,Flyweight,mens_below_welterweight,0.579965611997138,separate_group_model,0.54249314022055,0.561316789022436,0.551923563184128,0.579965611997138
2019-02-02,84283233ec42be5f,9192053a3884aadf,0fd5f4b838e890cc,1ae8f3c723aacff4,Said Nurmagomedov,Ricardo Ramos,1,0.540239172394426,Bantamweight,mens_below_welterweight,0.452438137512056,separate_group_model,0.540239172394426,0.496310208735025,0.5183100718522,0.452438137512056
2019-02-02,84283233ec42be5f,818456a713fdabe6,9cfbfae5fa1fdd93,dbac0a413af64bbe,Geraldo de Freitas,Felipe Colares,1,0.49971381715439,Featherweight,mens_below_welterweight,0.480957420279798,separate_group_model,0.49971381715439,0.490332216295759,0.49502257859673,0.480957420279798
2019-02-02,84283233ec42be5f,491b7d974254596d,2cd428e9606856fd,c482c8605455a213,Jairzinho Rozenstruik,Junior Albini,1,0.496329507351148,Heavyweight,mens_light_heavy_plus,0.574070405337188,separate_group_model,0.496329507351148,0.535415065130052,0.554825653109034,0.574070405337188
2019-02-02,84283233ec42be5f,59097097bc09cdef,31ee470ef5dc8d7f,b0d6a1d8ac3d563d,Thiago Alves,Max Griffin,1,0.297502975399547,Welterweight,mens_welter_to_middle,0.311078545083539,separate_group_model,0.297502975399547,0.304248155045418,0.297502975399547,0.311078545083539
2019-02-02,84283233ec42be5f,904e0e46392dff93,82cbb809d5ee565c,f7467152fd9f18a2,Mara Romero Borella,Taila Santos,1,0.499628848382921,Women's Flyweight,womens_all,0.540627636457142,separate_group_model,0.499628848382921,0.520162188159398,0.520162188159398,0.540627636457142
2019-02-02,84283233ec42be5f,ebb685a81f65ce1b,093e1f5bb73850be,2ac4628c08ec5125,Anthony Hernandez,Markus Perez,0,0.661215756791576,Middleweight,mens_welter_to_middle,0.634000306191189,separate_group_model,0.661215756791576,0.647727906612105,0.661215756791576,0.634000306191189
2019-02-02,84283233ec42be5f,53abea410a0541c8,1641ef250e9de19b,dab8cfbb6b1db10a,Sarah Frota,Livinha Souza,0,0.434669063659312,Women's Strawweight,womens_all,0.412136929620466,separate_group_model,0.434669063659312,0.423363152779329,0.423363152779329,0.412136929620466
2019-02-02,84283233ec42be5f,44cfd4330eb6e2bf,ba1e6cb3d43f7430,c21f26bbde777573,Justin Ledet,Johnny Walker,0,0.285850443483581,Light Heavyweight,mens_light_heavy_plus,0.285426471455486,separate_group_model,0.285850443483581,0.285638410260331,0.285532429052402,0.285426471455486
2019-02-02,84283233ec42be5f,85036b967403cdab,07225ba28ae309b6,2747c60e42d9d75f,Charles Oliveira,David Teymur,1,0.468273662934155,Lightweight,mens_below_welterweight,0.387767028175149,separate_group_model,0.468273662934155,0.427540707427462,0.447819657249299,0.387767028175149
2019-02-02,84283233ec42be5f,ce246b336b6bd638,427b5953ac8e3a27,4e0692ad070976e4,Demian Maia,Lyman Good,1,0.635891487739945,Welterweight,mens_welter_to_middle,0.694704557266716,separate_group_model,0.635891487739945,0.665942754745038,0.635891487739945,0.694704557266716
2019-02-02,84283233ec42be5f,300f1489174a3ece,b6452706b373eea1,d0f3959b4a9747e6,Renato Moicano,Jose Aldo,0,0.577051712551854,Featherweight,mens_below_welterweight,0.508708933687113,separate_group_model,0.577051712551854,0.54308305073899,0.560137790189155,0.508708933687113
2019-02-02,84283233ec42be5f,4e8b2357fea211e9,2f13e4020cea5b38,fea79f9bc8c68769,Raphael Assuncao,Marlon Moraes,0,0.44133880285383,Bantamweight,mens_below_welterweight,0.504720940793278,separate_group_model,0.44133880285383,0.472920767820555,0.457086665385276,0.504720940793278
2019-02-09,b5882371e2a3900d,8e43d61ca6f2d904,2296125b6c362355,f2477cf43c4975cc,Wulijiburen,Jonathan Martinez,0,0.545563718652282,Bantamweight,mens_below_welterweight,0.451874678087536,separate_group_model,0.545563718652282,0.498707856327594,0.522184588990686,0.451874678087536
2019-02-09,b5882371e2a3900d,11c0ef97497303ef,4d8fa64202cee4c1,8fc9ae9c7527dfcb,Jalin Turner,Callan Potter,1,0.694045308675824,Lightweight,mens_below_welterweight,0.741624675068014,separate_group_model,0.694045308675824,0.718445763044882,0.70639363614514,0.741624675068014
2019-02-09,b5882371e2a3900d,b247a1900cfae052,88cd34d836b4ebcd,a7897d200692ab64,Teruto Ishihara,Kyung Ho Kang,0,0.489748411479596,Bantamweight,mens_below_welterweight,0.487001162603421,separate_group_model,0.489748411479596,0.488374699253531,0.489061534714863,0.487001162603421
2019-02-09,b5882371e2a3900d,51db35a3cf225bda,82b4e942781b1046,853eb0dd5c0e2149,Raulian Paiva,Kai Kara-France,0,0.529733299585656,Flyweight,mens_below_welterweight,0.557960862102712,separate_group_model,0.529733299585656,0.543882317262898,0.536815218802852,0.557960862102712
2019-02-09,b5882371e2a3900d,49f7186e1e3cf6c8,4cd8b03aee1d0138,bf0e700106d00e55,Shane Young,Austin Arnett,1,0.640931176463534,Featherweight,mens_below_welterweight,0.695431548100604,separate_group_model,0.640931176463534,0.668746775021852,0.654971608916728,0.695431548100604
2019-02-09,b5882371e2a3900d,5ff8463edf8155c0,207773daeb4afa7b,98a6b2361045898f,Devonte Smith,Dong Hyun Ma,1,0.810059709686596,Lightweight,mens_below_welterweight,0.774941949098671,separate_group_model,0.810059709686596,0.793050807663609,0.801692472214419,0.774941949098671
2019-02-09,b5882371e2a3900d,e4862c4f20117cb8,70e1f8a821b72c8b,d156513a19acf856,Jimmy Crute,Sam Alvey,1,0.392800109150991,Light Heavyweight,mens_light_heavy_plus,0.446921818162288,separate_group_model,0.392800109150991,0.419619288613924,0.433219870183287,0.446921818162288
2019-02-09,b5882371e2a3900d,fd1854062406d287,6e7506127408aa9e,80d8aed0ca9b00f3,Nadia Kassem,Montana De La Rosa,0,0.308879594712746,Women's Flyweight,womens_all,0.402745110522156,separate_group_model,0.308879594712746,0.354412033718019,0.354412033718019,0.402745110522156
2019-02-09,b5882371e2a3900d,069e3e704cbf6337,5987b2458f4b5290,94527830000ab715,Ricky Simon,Rani Yahya,1,0.697580317170416,Bantamweight,mens_below_welterweight,0.713619541361789,separate_group_model,0.697580317170416,0.705663608101086,0.701637696112695,0.713619541361789
2019-02-09,b5882371e2a3900d,aa71cf96ba4e5a36,72e5e5a6edfa8223,f9b200db02b488d9,Marcos Mariano,Lando Vannata,0,0.403515539514175,Lightweight,mens_below_welterweight,0.351487662184019,separate_group_model,0.403515539514175,0.377147751490822,0.390251482366653,0.351487662184019
2019-02-09,b5882371e2a3900d,4eb91cfc892a108e,1338e2c7480bdf9e,1f454354805b6f75,Israel Adesanya,Anderson Silva,1,0.827059720537001,Middleweight,mens_welter_to_middle,0.796859640886594,separate_group_model,0.827059720537001,0.812426698571754,0.827059720537001,0.796859640886594
2019-02-17,a7a79b8efbceaaac,a9184def876faec6,b3d21b2610dcfaeb,e76d9f656ceb82ab,Emily Whitmire,Aleksandra Albu,1,0.564911172751913,Women's Strawweight,womens_all,0.520437062127098,separate_group_model,0.564911172751913,0.542759314922326,0.542759314922326,0.520437062127098
2019-02-17,a7a79b8efbceaaac,7fec3b1ec923ad24,2c99576fefe53c7c,96428b9e9bd048ea,Renan Barao,Luke Sanders,0,0.515868352879038,Bantamweight,mens_below_welterweight,0.646815445081351,separate_group_model,0.515868352879038,0.58280100909769,0.549558896682235,0.646815445081351
2019-02-17,a7a79b8efbceaaac,f96f719ad667dd96,6fb1ba67bef41b37,df1eb4354d18a906,Nik Lentz,Scott Holtzman,1,0.53596336953362,Lightweight,mens_below_welterweight,0.588949956689469,separate_group_model,0.53596336953362,0.562635312157159,0.549334782036797,0.588949956689469
2019-02-17,a7a79b8efbceaaac,bdeca00572419011,05fa626cb33d15b8,fc6e681bf6658faf,Andrea Lee,Ashlee Evans-Smith,1,0.634234743759507,Women's Flyweight,womens_all,0.449361608857307,separate_group_model,0.634234743759507,0.543288479340575,0.543288479340575,0.449361608857307
2019-02-17,a7a79b8efbceaaac,0d698108c5f5d1d6,2dc1bc1a02961656,773f7feacf96153e,Manny Bermudez,Benito Lopez,1,0.558989779626299,Bantamweight,mens_below_welterweight,0.483574779099291,separate_group_model,0.558989779626299,0.521404236515993,0.540254244615553,0.483574779099291
2019-02-17,a7a79b8efbceaaac,58e21d505c082a9e,9c907996820d2d69,cb696ebfb6598724,Jimmie Rivera,Aljamain Sterling,0,0.447487723115714,Bantamweight,mens_below_welterweight,0.469750594662158,separate_group_model,0.447487723115714,0.45859849724399,0.453037261068114,0.469750594662158
2019-02-17,a7a79b8efbceaaac,0a4247ba4ae1cca5,08e908ed6d18d6a0,8fd808923cffff82,Myles Jury,Andre Fili,0,0.718093097178832,Featherweight,mens_below_welterweight,0.680229895911261,separate_group_model,0.718093097178832,0.699501552109914,0.708884782489545,0.680229895911261
2019-02-17,a7a79b8efbceaaac,1521f94cafdfd783,6d4b63c767106d3a,a331233f597090a5,Vicente Luque,Bryan Barberena,1,0.7555171980808,Welterweight,mens_welter_to_middle,0.708976952983984,separate_group_model,0.7555171980808,0.732890783753997,0.7555171980808,0.708976952983984
2019-02-17,a7a79b8efbceaaac,c8bc7e668ffffc7c,242d36d241b43c12,7aa3d6964eff4877,Kron Gracie,Alex Caceres,1,0.557941451274648,Featherweight,mens_below_welterweight,0.578017624561412,separate_group_model,0.557941451274648,0.568007464952383,0.562980942507674,0.578017624561412
2019-02-17,a7a79b8efbceaaac,354425c41008a01f,5f179af5fffeb9f6,98215d037be5bcb7,Cortney Casey,Cynthia Calvillo,0,0.293528825844624,Women's Strawweight,womens_all,0.424567165268135,separate_group_model,0.293528825844624,0.356364285204509,0.356364285204509,0.424567165268135
2019-02-17,a7a79b8efbceaaac,a212e4c197983ad1,6256b2b1562cb8e1,e5010b1b94ca5755,James Vick,Paul Felder,0,0.643848149614297,Lightweight,mens_below_welterweight,0.658110430145927,separate_group_model,0.643848149614297,0.651013090443391,0.647438909786489,0.658110430145927
2019-02-17,a7a79b8efbceaaac,01983cba42704c49,0ff11cc094e887bc,8d03ce87ca14e778,Cain Velasquez,Francis Ngannou,0,0.529574579799806,Heavyweight,mens_light_heavy_plus,0.536604815148219,separate_group_model,0.529574579799806,0.533091340182275,0.534848509952785,0.536604815148219
2019-02-23,6546af7ab545b90c,e4b13f7f43018ec0,135d124172a0bea3,58bbef3770bb2dfc,Damir Ismagulov,Joel Alvarez,1,0.545639576666117,Lightweight,mens_below_welterweight,0.550212558086941,separate_group_model,0.545639576666117,0.547927078929197,0.546783574762627,0.550212558086941
2019-02-23,6546af7ab545b90c,9af62d6e404c1002,9b7694d064a8a0ad,f53d4f21d1b5f2dc,Rustam Khabilov,Diego Ferreira,0,0.757874539585192,Lightweight,mens_below_welterweight,0.773654399144355,separate_group_model,0.757874539585192,0.765856748892856,0.761888638362433,0.773654399144355
2019-02-23,6546af7ab545b90c,c77486266b05f934,6a96ad1bc34fb113,e51fcd9cd84c0b93,Ismail Naurdiev,Michel Prazeres,1,0.366655155976154,Welterweight,mens_welter_to_middle,0.350723682491483,separate_group_model,0.366655155976154,0.358650427744032,0.366655155976154,0.350723682491483
2019-02-23,6546af7ab545b90c,18d6df67968bf06b,38c626ca912c7bac,edd02825c29028fe,Damir Hadzovic,Marco Polo Reyes,1,0.538406524537378,Lightweight,mens_below_welterweight,0.499239796172714,separate_group_model,0.538406524537378,0.518852121231619,0.528640310250695,0.499239796172714
2019-02-23,6546af7ab545b90c,4e22e3cdb8757be1,38c7f72747f4f712,4798e823ada58fe9,Gillian Robertson,Veronica Hardy,1,0.742408719210969,Women's Flyweight,womens_all,0.615106583446005,separate_group_model,0.742408719210969,0.682151613187265,0.682151613187265,0.615106583446005
2019-02-23,6546af7ab545b90c,c827f5212a34bf2e,bebb4ae55ac2bf6f,fbf0537e420e698e,Chris Fishgold,Daniel Teymur,1,0.590842827050096,Featherweight,mens_below_welterweight,0.626957597372815,separate_group_model,0.590842827050096,0.609049536170841,0.599980703506025,0.626957597372815
2019-02-23,6546af7ab545b90c,fd438db3e60f062a,198994b47f395af0,8be158ca1e5ea6a0,Carlo Pedersoli Jr.,Dwight Grant,0,0.578220920283533,Welterweight,mens_welter_to_middle,0.530296438984075,separate_group_model,0.578220920283533,0.554385080860213,0.578220920283533,0.530296438984075
2019-02-23,6546af7ab545b90c,14c505d7ad55883c,7279654c7674cd24,d802174b0c0c1f4e,Klidson Abreu,Magomed Ankalaev,0,0.411591309243593,Light Heavyweight,mens_light_heavy_plus,0.51480513062198,separate_group_model,0.411591309243593,0.46279973997263,0.488772053355397,0.51480513062198
2019-02-23,6546af7ab545b90c,244aa8f002274344,99506df1af6c8b3b,d661ce4da776fc20,John Dodson,Petr Yan,0,0.532646705980441,Bantamweight,mens_below_welterweight,0.543021977983779,separate_group_model,0.532646705980441,0.537838438607648,0.535243526994389,0.543021977983779
2019-02-23,6546af7ab545b90c,1db00b3e736c22bf,3cf66c62d9069f43,51a0c09cbe9b8472,Lucie Pudilova,Liz Carmouche,0,0.554402840943403,Women's Flyweight,womens_all,0.627907581931121,separate_group_model,0.554402840943403,0.591667613163669,0.591667613163669,0.627907581931121
2019-02-23,6546af7ab545b90c,34c649f3f43a919b,0d65c432720accb9,fcd448a2fe1a23cc,Michal Oleksiejczuk,Gian Villante,1,0.673802973642122,Light Heavyweight,mens_light_heavy_plus,0.641096907022159,separate_group_model,0.673802973642122,0.657637148727636,0.649411910549843,0.641096907022159
2019-02-23,6546af7ab545b90c,4de28817db9fc9d8,ab943cd2c3c17825,ebc1f40e00e0c481,Marcos Rogerio de Lima,Stefan Struve,0,0.690043421973721,Heavyweight,mens_light_heavy_plus,0.583299041756281,separate_group_model,0.690043421973721,0.638376987499517,0.611192817884823,0.583299041756281
2019-02-23,6546af7ab545b90c,cb010b41cd20a1ed,99df7d0a2a08a8a8,dea070ed4a2a8281,Jan Blachowicz,Thiago Santos,0,0.267289321613957,Light Heavyweight,mens_light_heavy_plus,0.405123272626569,separate_group_model,0.267289321613957,0.332635067977865,0.368134797721153,0.405123272626569
2019-03-02,2d5fbe2103f97053,0405e4446e8f239a,2244d9a2b64b8c3b,9673a497a9da119a,Hannah Cifers,Polyana Viana,1,0.292248484816037,Women's Strawweight,womens_all,0.391260833100249,separate_group_model,0.292248484816037,0.340009462685438,0.340009462685438,0.391260833100249
2019-03-02,2d5fbe2103f97053,8adc6266a7c2fd40,016a8d958883167c,9cdd2da1a9104a0b,Gina Mazany,Macy Chiasson,0,0.30508978655727,Women's Bantamweight,womens_all,0.288466412799333,separate_group_model,0.30508978655727,0.296710802497268,0.296710802497268,0.288466412799333
2019-03-02,2d5fbe2103f97053,7a26c9407ef64e10,4144798612ef96e5,76ee3d666c648f6b,Edmen Shahbazyan,Charles Byrd,1,0.776942567151759,Middleweight,mens_welter_to_middle,0.682334851278142,separate_group_model,0.776942567151759,0.732281689849865,0.776942567151759,0.682334851278142
2019-03-02,2d5fbe2103f97053,e3826e06d68ed4af,82e7929bf6c2b689,9e50097a89442158,Diego Sanchez,Mickey Gall,1,0.477467069791617,Welterweight,mens_welter_to_middle,0.55420621687298,separate_group_model,0.477467069791617,0.515930551471212,0.477467069791617,0.55420621687298
2019-03-02,2d5fbe2103f97053,3744d4cdaa6b242b,80daefbed11ce998,bf7ad5628363eec9,Alejandro Perez,Cody Stamann,0,0.382051812183557,Bantamweight,mens_below_welterweight,0.494290731697768,separate_group_model,0.382051812183557,0.437369870998347,0.409424298609014,0.494290731697768
2019-03-02,2d5fbe2103f97053,7adaf85915993137,67f272324a030d00,c21f26bbde777573,Misha Cirkunov,Johnny Walker,0,0.437689114847901,Light Heavyweight,mens_light_heavy_plus,0.340602201172133,separate_group_model,0.437689114847901,0.388035158990595,0.363988280155904,0.340602201172133
2019-03-02,2d5fbe2103f97053,bac3ac8d7330d05d,18968f97ad34f15c,87aa9fb63d6b51a1,Jeremy Stephens,Zabit Magomedsharipov,0,0.279954408230046,Featherweight,mens_below_welterweight,0.280148074329982,separate_group_model,0.279954408230046,0.280051231051097,0.280002817083049,0.280148074329982
2019-03-02,2d5fbe2103f97053,39fa341fb9161d6f,6bd02119599741a4,d8c7c61b176e3994,Pedro Munhoz,Cody Garbrandt,1,0.485118423015816,Bantamweight,mens_below_welterweight,0.448475949690035,separate_group_model,0.485118423015816,0.46675234770699,0.475927246455851,0.448475949690035
2019-03-02,2d5fbe2103f97053,ec149b086b0e7fac,1ebe20ebbfa15e29,31ef8b67e13495b3,Zhang Weili,Tecia Pennington,1,0.543754653002731,Women's Strawweight,womens_all,0.511471637051031,separate_group_model,0.543754653002731,0.527642041597554,0.527642041597554,0.511471637051031
2019-03-02,2d5fbe2103f97053,97dabff880f33202,0b31f87be71ebbb1,f2925e6db404bf1d,Ben Askren,Robbie Lawler,1,0.461455244300319,Welterweight,mens_welter_to_middle,0.547803090575392,separate_group_model,0.461455244300319,0.504663944581432,0.461455244300319,0.547803090575392
2019-03-02,2d5fbe2103f97053,851645c373f50e16,effd9de9937996f8,f1b2aa7853d1ed6e,Tyron Woodley,Kamaru Usman,0,0.454626549069566,Welterweight,mens_welter_to_middle,0.431441457168983,separate_group_model,0.454626549069566,0.443002961289367,0.454626549069566,0.431441457168983
2019-03-02,2d5fbe2103f97053,5b9f545890407976,07f72a2a7591b409,d4c9dcd330403612,Jon Jones,Anthony Smith,1,0.868432298146279,Light Heavyweight,mens_light_heavy_plus,0.886959392887065,separate_group_model,0.868432298146279,0.877998343008862,0.882552938863535,0.886959392887065
2019-03-09,e96d8538d3f9d0ed,6c9bf1d285cf5dd4,66e98b3bb5fc5250,c17041f1bb5768d8,Dan Moret,Alex White,0,0.644845564788638,Lightweight,mens_below_welterweight,0.679440754397662,separate_group_model,0.644845564788638,0.66236034726398,0.653655006342379,0.679440754397662
2019-03-09,e96d8538d3f9d0ed,583f2c3cd0e2385b,47cd337b86b1af92,cdb96af67d096b1e,Zak Ottow,Alex Morono,0,0.372150272869805,Welterweight,mens_welter_to_middle,0.427705183901954,separate_group_model,0.372150272869805,0.399604900659748,0.372150272869805,0.427705183901954
2019-03-09,e96d8538d3f9d0ed,858696528ab7035a,67c1d46f4ed16f9e,d2bc285ead803db0,Matt Schnell,Louis Smolka,1,0.631419514959489,Bantamweight,mens_below_welterweight,0.590486351304363,separate_group_model,0.631419514959489,0.6111488290289,0.621337147949205,0.590486351304363
2019-03-09,e96d8538d3f9d0ed,b776b08e2cc6aa0c,068f8a189a47fea6,6a11e325aa60ad02,Maurice Greene,Jeff Hughes,1,0.537076315599646,Heavyweight,mens_light_heavy_plus,0.556038308655571,separate_group_model,0.537076315599646,0.546574204735032,0.551310901485883,0.556038308655571
2019-03-09,e96d8538d3f9d0ed,ddcfa590f4644240,902ec2cc48c8ae8a,99bd51917728c25d,Julian Erosa,Grant Dawson,0,0.284223317022775,Featherweight,mens_below_welterweight,0.236331120489699,separate_group_model,0.284223317022775,0.259560484845358,0.27171651448256,0.236331120489699
2019-03-09,e96d8538d3f9d0ed,fb34734f84d0a14d,3143bf892608139a,c7d297714d9ab1a4,Yana Santos,Marion Reneau,1,0.733186887093961,Women's Bantamweight,womens_all,0.413715120691884,separate_group_model,0.733186887093961,0.582029916361386,0.582029916361386,0.413715120691884
2019-03-09,e96d8538d3f9d0ed,51808d929c84b8ae,1bcaac2d99b90fce,5331b25a60417ffb,Sergio Moraes,Anthony Rocco Martin,0,0.220885703758321,Welterweight,mens_welter_to_middle,0.271746549890605,separate_group_model,0.220885703758321,0.245428229802866,0.220885703758321,0.271746549890605
2019-03-09,e96d8538d3f9d0ed,aaad7e29825b3264,16690d100f995f8f,c80095f6092271a7,Omari Akhmedov,Tim Boetsch,1,0.533371516934511,Middleweight,mens_welter_to_middle,0.509807259718502,separate_group_model,0.533371516934511,0.521601405447299,0.533371516934511,0.509807259718502
2019-03-09,e96d8538d3f9d0ed,9cfad21ef1911728,08af939f41b5a57b,519e4fe37ce9ff75,Beneil Dariush,Drew Dober,1,0.708823025011858,Lightweight,mens_below_welterweight,0.714959474324141,separate_group_model,0.708823025011858,0.711900975830656,0.710364422016009,0.714959474324141
2019-03-09,e96d8538d3f9d0ed,4b1606ab1893c242,1788eee370f077b7,bd58d34e39b7b12a,Blagoy Ivanov,Ben Rothwell,1,0.582374673186146,Heavyweight,mens_light_heavy_plus,0.548398256638377,separate_group_model,0.582374673186146,0.565463352037587,0.556947606370119,0.548398256638377
2019-03-09,e96d8538d3f9d0ed,aeb0322f619213b1,4b47e71384a9522f,d8da10db80131bec,Tim Means,Niko Price,0,0.426923755338599,Welterweight,mens_welter_to_middle,0.396939905916651,separate_group_model,0.426923755338599,0.411850041271838,0.426923755338599,0.396939905916651
2019-03-09,e96d8538d3f9d0ed,710c7f8c7dc2af46,8adcbd525fab8d9b,f1928a52590c5532,Elizeu Zaleski dos Santos,Curtis Millender,1,0.436696748343806,Welterweight,mens_welter_to_middle,0.44025224510723,separate_group_model,0.436696748343806,0.438473706979227,0.436696748343806,0.44025224510723
2019-03-09,e96d8538d3f9d0ed,1b1792afe4457e83,63def5a5662a6917,d3df1add9d9a7efb,Junior Dos Santos,Derrick Lewis,1,0.480395936204633,Heavyweight,mens_light_heavy_plus,0.606924811935636,separate_group_model,0.480395936204633,0.544376368980557,0.575954739354588,0.606924811935636
2019-03-16,80eacd4da0617c57,9763e27bf80abe42,56fcb2c4d99f9d1b,776a58a67665a171,Mike Grundy,Nad Narimani,1,0.372504129976196,Featherweight,mens_below_welterweight,0.38803206252021,separate_group_model,0.372504129976196,0.380237462419166,0.376362920635848,0.38803206252021
2019-03-16,80eacd4da0617c57,a2f4acc81f7886a2,51018a31ddf31eb2,b1e5bcaad32a3cac,Molly McCann,Priscila Cachoeira,1,0.852797902233343,Women's Flyweight,womens_all,0.650253131560893,separate_group_model,0.852797902233343,0.76646088699231,0.76646088699231,0.650253131560893
2019-03-16,80eacd4da0617c57,bcef35d6e0964f01,82a5152216251682,f7d73e452b064bf2,Dan Ige,Danny Henry,1,0.579615648139003,Featherweight,mens_below_welterweight,0.691319342539002,separate_group_model,0.579615648139003,0.637318661689834,0.608847541773018,0.691319342539002
2019-03-16,80eacd4da0617c57,6ada4f4286e4261d,88d7b6d8230e1f3f,8c57c7b8c3bab0eb,Saparbeg Safarov,Nicolae Negumereanu,1,0.26479052470217,Light Heavyweight,mens_light_heavy_plus,0.307419023489177,separate_group_model,0.26479052470217,0.285627721626804,0.296407492516227,0.307419023489177
2019-03-16,80eacd4da0617c57,44ab00737c3fb890,32c355b04fc57f3a,654ae722109a0d31,Marc Diakiese,Joe Duffy,1,0.425441916804848,Lightweight,mens_below_welterweight,0.478527581277956,separate_group_model,0.425441916804848,0.451847785209881,0.438601384629355,0.478527581277956
2019-03-16,80eacd4da0617c57,8cc4c597aecbfef5,040a74bb0a465c54,c07efc18b231f170,Arnold Allen,Jordan Rinaldi,1,0.614983307080766,Featherweight,mens_below_welterweight,0.734829379826268,separate_group_model,0.614983307080766,0.677823336790498,0.647038666541111,0.734829379826268
2019-03-16,80eacd4da0617c57,437c6e18f41287f1,045f25b3a4c08e81,e9ac7bfb65c25497,Jack Marshman,John Phillips,1,0.641882651327135,Middleweight,mens_welter_to_middle,0.600413153693658,separate_group_model,0.641882651327135,0.621369667295988,0.641882651327135,0.600413153693658
2019-03-16,80eacd4da0617c57,8a8190f3f71408a4,6f7c616b98e18c29,a6cba6bb66c1a8c9,Claudio Silva,Danny Roberts,1,0.584299721278144,Welterweight,mens_welter_to_middle,0.552799793370418,separate_group_model,0.584299721278144,0.568619150008697,0.584299721278144,0.552799793370418
2019-03-16,80eacd4da0617c57,40687c9412e0c279,329e403448756217,36549928f90f1d36,Nathaniel Wood,Jose Quinonez,1,0.523078773690448,Bantamweight,mens_below_welterweight,0.514067704908326,separate_group_model,0.523078773690448,0.518574749641412,0.52082718490539,0.514067704908326
2019-03-16,80eacd4da0617c57,826fb989c0e6208e,0845c81e37d3bcb3,2e19380f34871c6a,Volkan Oezdemir,Dominick Reyes,0,0.340018242749737,Light Heavyweight,mens_light_heavy_plus,0.443845622162185,separate_group_model,0.340018242749737,0.39069517681344,0.417029392825264,0.443845622162185
2019-03-16,80eacd4da0617c57,e068f14acd47ed69,f1fac969a1d70b08,fd55393021a8c255,Leon Edwards,Gunnar Nelson,1,0.68995199831983,Welterweight,mens_welter_to_middle,0.612263253805185,separate_group_model,0.68995199831983,0.652118708980024,0.68995199831983,0.612263253805185
2019-03-16,80eacd4da0617c57,c6dd17ab89437805,47b9e0e7703a4868,9ce6d5a03af801b7,Jorge Masvidal,Darren Till,1,0.278363451346361,Welterweight,mens_welter_to_middle,0.328277367139224,separate_group_model,0.278363451346361,0.302738673526473,0.278363451346361,0.328277367139224
2019-03-23,487c170da059857d,469fba0129c95278,215a70f073a7b726,a0c64f272b65d441,Jordan Espinosa,Eric Shelton,1,0.396654247045362,Flyweight,mens_below_welterweight,0.425660756788264,separate_group_model,0.396654247045362,0.411080245571454,0.403846467578157,0.425660756788264
2019-03-23,487c170da059857d,0717bc30025f3656,35e1f9984ed64206,45f0cc9d18f35137,Ryan MacDonald,Chris Gutierrez,0,0.628776980244569,Bantamweight,mens_below_welterweight,0.610874973695129,separate_group_model,0.628776980244569,0.619866733658507,0.624332378548236,0.610874973695129
2019-03-23,487c170da059857d,0f9679fda36f7f41,4a57ebb14315b251,f0feeb2192937424,Randa Markos,Angela Hill,1,0.582760865791872,Women's Strawweight,womens_all,0.490129606723946,separate_group_model,0.582760865791872,0.536762377319914,0.536762377319914,0.490129606723946
2019-03-23,487c170da059857d,8d70694ceeb0dc9a,4c2d90e335e6df19,8e1f36476ef02a6a,Alexis Davis,Jennifer Maia,0,0.457570015088196,Women's Flyweight,womens_all,0.439602422350044,separate_group_model,0.457570015088196,0.448569437672528,0.448569437672528,0.439602422350044
2019-03-23,487c170da059857d,971b3d35c302cf8f,7c7332319c14094c,9ba2226646046b63,Marlon Vera,Frankie Saenz,1,0.626511809200768,Bantamweight,mens_below_welterweight,0.711097324170006,separate_group_model,0.626511809200768,0.670180232950364,0.648656924612079,0.711097324170006
2019-03-23,487c170da059857d,721b23d896a44e2e,d76ad9a08c4408ff,d9c6f19f958643e9,Bobby Moffett,Bryce Mitchell,0,0.473916681252293,Featherweight,mens_below_welterweight,0.4812049544661,separate_group_model,0.473916681252293,0.477559623444726,0.475737829604645,0.4812049544661
2019-03-23,487c170da059857d,55b53fdad307b708,6a740daf1b279661,6fd953151d981979,Maycee Barber,JJ Aldrich,1,0.487222196917467,Women's Flyweight,womens_all,0.472625232902869,separate_group_model,0.487222196917467,0.479919429405023,0.479919429405023,0.472625232902869
2019-03-23,487c170da059857d,3812b265afd78186,2844b047183a1adb,b93c06d09d1c4ac0,Luis Pena,Steven Peterson,1,0.673977058920564,Featherweight,mens_below_welterweight,0.587616188985201,separate_group_model,0.673977058920564,0.631852872932886,0.653214950973179,0.587616188985201
2019-03-23,487c170da059857d,eb096b0196a7ff65,aa72b0f831d0bfe5,b102c26727306ab6,Deiveson Figueiredo,Jussier Formiga,0,0.514182156754478,Flyweight,mens_below_welterweight,0.509274399713783,separate_group_model,0.514182156754478,0.511728560884698,0.512955436865435,0.509274399713783
2019-03-23,487c170da059857d,ced0e31df74f27d6,25af5e832f17b474,c21a036b4e012f1c,Jesus Pinedo,John Makdessi,0,0.104219570797349,Lightweight,mens_below_welterweight,0.186470140489002,separate_group_model,0.104219570797349,0.140378062919802,0.12114045651824,0.186470140489002
2019-03-23,487c170da059857d,9532ebf4d9405e65,ce1e867808ef5fce,fa6796c55d6c5440,Justin Willis,Curtis Blaydes,0,0.26036210566913,Heavyweight,mens_light_heavy_plus,0.303424972363676,separate_group_model,0.26036210566913,0.281392615737932,0.292286949549098,0.303424972363676
2019-03-23,487c170da059857d,56ae02578b1163ee,4a28cb716c19157a,cbb682f5fcc44bfc,Stephen Thompson,Anthony Pettis,0,0.479691839314666,Welterweight,mens_welter_to_middle,0.354199839178792,separate_group_model,0.479691839314666,0.415577977185114,0.479691839314666,0.354199839178792
2019-03-30,9649d75defe0dedb,3db15d45e8490c22,ab2b4ff41d6ebe0f,f57dd0bfa8c17813,Alex Perez,Mark De La Rosa,1,0.738684755915714,Bantamweight,mens_below_welterweight,0.712269257059926,separate_group_model,0.738684755915714,0.725674719566217,0.732229854123143,0.712269257059926
2019-03-30,9649d75defe0dedb,b695fc80bd538172,70d2329a92864fdb,b4192a975027aab6,Sabina Mazo,Maryna Moroz,0,0.722084764429521,Women's Flyweight,womens_all,0.453941031185323,separate_group_model,0.722084764429521,0.595086510585314,0.595086510585314,0.453941031185323
2019-03-30,9649d75defe0dedb,93a081342561d0c3,a4de54ea806fb525,e7bba7ce4d6c7b07,Ray Borg,Casey Kenney,0,0.624542107136182,Bantamweight,mens_below_welterweight,0.587054906021328,separate_group_model,0.624542107136182,0.605954393090853,0.615290319164952,0.587054906021328
2019-03-30,9649d75defe0dedb,7dc3ada8f2135477,3a46b268013afede,6ac9bc2953c47345,Kevin Holland,Gerald Meerschaert,1,0.714408455844933,Middleweight,mens_welter_to_middle,0.554438702679239,separate_group_model,0.714408455844933,0.638245415457686,0.714408455844933,0.554438702679239
2019-03-30,9649d75defe0dedb,6173056f0e080ca6,be0b310a12eb80b4,cf946e03ba2e7666,Enrique Barzola,Kevin Aguilar,0,0.725417384401208,Featherweight,mens_below_welterweight,0.761172990596398,separate_group_model,0.725417384401208,0.743703620836265,0.734661123767274,0.761172990596398
2019-03-30,9649d75defe0dedb,b7ff74563d034519,4f732e58ed907eff,f046d724d2a84ac5,Ross Pearson,Desmond Green,0,0.0851129685713641,Lightweight,mens_below_welterweight,0.106004644450808,separate_group_model,0.0851129685713641,0.0950463185712599,0.0899561626066624,0.106004644450808
2019-03-30,9649d75defe0dedb,f5a038c18f7a44fc,8f382b3baa954d2a,cd2c4d30c6e13b47,Jessica Aguilar,Marina Rodriguez,0,0.362103893641811,Women's Strawweight,womens_all,0.436577988411606,separate_group_model,0.362103893641811,0.398755535800186,0.398755535800186,0.436577988411606
2019-03-30,9649d75defe0dedb,818b55b087013e64,0d62719b1dcf7c40,94426bb170c88115,Sheymon Moraes,Sodiq Yusuff,0,0.486116028094369,Featherweight,mens_below_welterweight,0.417617097318565,separate_group_model,0.486116028094369,0.451637508065847,0.46883958130393,0.417617097318565
2019-03-30,9649d75defe0dedb,1d8ee477e682a8fc,8667caa0451d245b,eabf206b162b3b83,Kennedy Nzechukwu,Paul Craig,0,0.777683568533806,Light Heavyweight,mens_light_heavy_plus,0.746149173444994,separate_group_model,0.777683568533806,0.762276001311072,0.754301791936115,0.746149173444994
2019-03-30,9649d75defe0dedb,b70e72f23446520a,d7c3816669784109,eb04b9d31e938edb,Karolina Kowalkiewicz,Michelle Waterson-Gomez,0,0.489503165147762,Women's Strawweight,womens_all,0.428392333840676,separate_group_model,0.489503165147762,0.458792811457426,0.458792811457426,0.428392333840676
2019-03-30,9649d75defe0dedb,5c70b175f08ca141,511e82663651438d,fba03cd6cc28dc41,Michael Johnson,Josh Emmett,0,0.557459795461873,Featherweight,mens_below_welterweight,0.532372726626484,separate_group_model,0.557459795461873,0.544944777808537,0.551210392514436,0.532372726626484
2019-03-30,9649d75defe0dedb,a0163cdde4ec785d,0a1942069c9ad6b6,d2c55d1d2e67773b,Jack Hermansson,David Branch,1,0.785174427779361,Middleweight,mens_welter_to_middle,0.623156641678503,separate_group_model,0.785174427779361,0.710851654077514,0.785174427779361,0.623156641678503
2019-03-30,9649d75defe0dedb,b309cdde35310875,64a50dad704d1d49,9e8f6c728eb01124,Edson Barboza,Justin Gaethje,0,0.533646869013125,Lightweight,mens_below_welterweight,0.546650346213056,separate_group_model,0.533646869013125,0.540155441584048,0.536902727115794,0.546650346213056
2019-04-13,b0550072e5f0afa7,79da0eacafb22f86,325ad0dd9126d3df,cc351e408bbb7d43,Randy Costa,Brandon Davis,0,0.37516754021971,Bantamweight,mens_below_welterweight,0.45384671351528,separate_group_model,0.37516754021971,0.413958346351381,0.394396631902345,0.45384671351528
2019-04-13,b0550072e5f0afa7,75e580d5ea37c519,5c126c6aac3ef364,f923e012414c883e,Poliana Botelho,Lauren Mueller,1,0.474764549013224,Women's Flyweight,womens_all,0.568212572270001,separate_group_model,0.474764549013224,0.521678219811153,0.521678219811153,0.568212572270001
2019-04-13,b0550072e5f0afa7,8da5849a6e7307bf,cc1a8b4b38b92c6d,d0e50a3d1b250708,Montel Jackson,Andre Soukhamthath,1,0.765026289069732,Bantamweight,mens_below_welterweight,0.771881652312586,separate_group_model,0.765026289069732,0.76847169853353,0.766753420274601,0.771881652312586
2019-04-13,b0550072e5f0afa7,23fd92555246d61e,b1b0729d27936f2f,f1928a52590c5532,Belal Muhammad,Curtis Millender,1,0.464082765744346,Welterweight,mens_welter_to_middle,0.436330719125132,separate_group_model,0.464082765744346,0.450167978261028,0.464082765744346,0.436330719125132
2019-04-13,b0550072e5f0afa7,2456c4550c26e5e8,98e946879ba20c0f,b4537562f88ac582,Boston Salmon,Khalid Taha,0,0.475754146074046,Bantamweight,mens_below_welterweight,0.471805006688886,separate_group_model,0.475754146074046,0.473779166321461,0.474766557522258,0.471805006688886
2019-04-13,b0550072e5f0afa7,bf719cf83cab229b,7f0f171414d0a287,b0d6a1d8ac3d563d,Zelim Imadaev,Max Griffin,0,0.606768608900769,Welterweight,mens_welter_to_middle,0.490286854923681,separate_group_model,0.606768608900769,0.549201738208706,0.606768608900769,0.490286854923681
2019-04-13,b0550072e5f0afa7,c6b040021b4ceb0f,5aedf14771ca82d2,a0f0004aadf10b71,Wilson Reis,Alexandre Pantoja,0,0.402040519666121,Flyweight,mens_below_welterweight,0.407592694723228,separate_group_model,0.402040519666121,0.404813562576891,0.403426269714177,0.407592694723228
2019-04-13,b0550072e5f0afa7,31b283a5559ad44d,4d8fa64202cee4c1,dccb63727f2f5f74,Jalin Turner,Matt Frevola,0,0.7340389235132,Lightweight,mens_below_welterweight,0.614895604231147,separate_group_model,0.7340389235132,0.677340184207574,0.706489220376266,0.614895604231147
2019-04-13,b0550072e5f0afa7,d22c19fd92426567,1091d4d957141094,50db8711c70196cd,Nikita Krylov,Ovince Saint Preux,1,0.497169012213095,Light Heavyweight,mens_light_heavy_plus,0.522341623270069,separate_group_model,0.497169012213095,0.509761505577583,0.516054107758267,0.522341623270069
2019-04-13,b0550072e5f0afa7,7dc87736c304b3dd,8be158ca1e5ea6a0,cf65d56b0755ed3b,Dwight Grant,Alan Jouban,1,0.66424902905684,Welterweight,mens_welter_to_middle,0.597056745166858,separate_group_model,0.66424902905684,0.631289298737711,0.66424902905684,0.597056745166858
2019-04-13,b0550072e5f0afa7,e0d92694d8a2d38b,749f572d1d3161fb,cad24459b28592ca,Khalil Rountree Jr.,Eryk Anders,1,0.238816674871457,Light Heavyweight,mens_light_heavy_plus,0.358085773861454,separate_group_model,0.238816674871457,0.294956818899297,0.325731250883275,0.358085773861454
2019-04-13,b0550072e5f0afa7,9bfda7c26578aaac,1338e2c7480bdf9e,8c0580d4fff106c1,Israel Adesanya,Kelvin Gastelum,1,0.617199607897274,Middleweight,mens_welter_to_middle,0.569027966622224,separate_group_model,0.617199607897274,0.593338180015897,0.617199607897274,0.569027966622224
2019-04-13,b0550072e5f0afa7,87126427cfcaee52,029eaff01e6bb8f0,150ff4cc642270b9,Dustin Poirier,Max Holloway,1,0.322640061695585,Lightweight,mens_below_welterweight,0.256853299013462,separate_group_model,0.322640061695585,0.288634144412287,0.305371906768226,0.256853299013462
2019-04-20,7dcf06c1967801c1,75bc89630027c601,31d7446b184e3305,c814b4c899793af6,Magomed Mustafaev,Rafael Fiziev,1,0.561598801202582,Lightweight,mens_below_welterweight,0.518873292126839,separate_group_model,0.561598801202582,0.540310112042034,0.550977802755571,0.518873292126839
2019-04-20,7dcf06c1967801c1,56f984ac83fb34cc,0d65c432720accb9,af997f7611673880,Michal Oleksiejczuk,Gadzhimurad Antigulov,1,0.571985850735574,Light Heavyweight,mens_light_heavy_plus,0.690082990887892,separate_group_model,0.571985850735574,0.633028825865519,0.66214549948329,0.690082990887892
2019-04-20,7dcf06c1967801c1,0bc7e4852f75a06d,2f5cbecbbe18bac4,c9cf753cfdf77fc2,Shamil Abdurakhimov,Marcin Tybura,1,0.463816947286572,Heavyweight,mens_light_heavy_plus,0.391167030024777,separate_group_model,0.463816947286572,0.427098904679196,0.409011474147238,0.391167030024777
2019-04-20,7dcf06c1967801c1,d9a797f632686568,c3ded6f7155f9ea4,d06f8869449ba7bd,Alex Da Silva,Alexander Yakovlev,0,0.651313721756091,Lightweight,mens_below_welterweight,0.753780701826436,separate_group_model,0.651313721756091,0.705130261244014,0.67881554401465,0.753780701826436
2019-04-20,7dcf06c1967801c1,23ba354e606df0ac,65ddc8a9ac4e8531,e70de1859b7ee78e,Keita Nakamura,Sultan Aliev,0,0.537736234632458,Welterweight,mens_welter_to_middle,0.568203244497767,separate_group_model,0.537736234632458,0.553019513474983,0.537736234632458,0.568203244497767
2019-04-20,7dcf06c1967801c1,1b4374c9d7e5139c,76e2870ffafbe38f,a68575214ecad140,Movsar Evloev,SeungWoo Choi,1,0.519486887221653,Featherweight,mens_below_welterweight,0.564171665114888,separate_group_model,0.519486887221653,0.541913557250269,0.530715729373529,0.564171665114888
2019-04-20,7dcf06c1967801c1,e458ace6a440b738,4e06913c91da5200,70fa1c64a2c439ef,Krzysztof Jotko,Alen Amedovski,1,0.46443075658301,Middleweight,mens_welter_to_middle,0.49374103830406,separate_group_model,0.46443075658301,0.479067883271927,0.464430756583009,0.49374103830406
2019-04-20,7dcf06c1967801c1,a40c70d5a1a1be01,4498b382c65a7faa,d7338bcb141abd2c,Roxanne Modafferi,Antonina Shevchenko,1,0.314411570710472,Women's Flyweight,womens_all,0.425006271678682,separate_group_model,0.314411570710472,0.367974774727285,0.367974774727285,0.425006271678682
2019-04-20,7dcf06c1967801c1,2a2b00e9bfd089cc,ac29d508d78384c9,f14cf73e51b29254,Marcelo Golm,Sergei Pavlovich,0,0.344311833509938,Heavyweight,mens_light_heavy_plus,0.309175729315244,separate_group_model,0.344311833509938,0.326500313632246,0.317774954298892,0.309175729315244
2019-04-20,7dcf06c1967801c1,103a7d8c4f17714b,275aca31f61ba28c,eae48ff31db420c2,Islam Makhachev,Arman Tsarukyan,1,0.64529655205479,Lightweight,mens_below_welterweight,0.610837810728105,separate_group_model,0.64529655205479,0.628230147453576,0.636806419657841,0.610837810728105
2019-04-20,7dcf06c1967801c1,470a3c1b89504258,98c23cb6da5b3352,b4ad3a06ee4d660c,Aleksei Oleinik,Alistair Overeem,0,0.351206697704323,Heavyweight,mens_light_heavy_plus,0.348001035979876,separate_group_model,0.351206697704323,0.34960216756862,0.348801175144824,0.348001035979876
2019-04-27,c912f676692c353a,7c13de66ce543d84,523fa774700d7d3f,e9213f53ddeca978,Court McGee,Dhiego Lima,0,0.797089280947428,Welterweight,mens_welter_to_middle,0.780778908792464,separate_group_model,0.797089280947428,0.789049564635227,0.797089280947428,0.780778908792464
2019-04-27,c912f676692c353a,c300085cc08357b5,411539901068522f,f0feeb2192937424,Jodie Esquibel,Angela Hill,0,0.66734428528771,Women's Strawweight,womens_all,0.462182521364504,separate_group_model,0.66734428528771,0.567662207590479,0.567662207590479,0.462182521364504
2019-04-27,c912f676692c353a,3b6c18a966a2cea4,d1941565abf50b16,e45cfa47f504033a,Jim Miller,Jason Gonzalez,1,0.41056820802494,Lightweight,mens_below_welterweight,0.409333728094578,separate_group_model,0.41056820802494,0.409950826229853,0.410259481783322,0.409333728094578
2019-04-27,c912f676692c353a,c2bcdcc472228768,23024fdfc966410a,fb3e61720be4690c,Gilbert Burns,Mike Davis,1,0.615884351365499,Lightweight,mens_below_welterweight,0.636304639057266,separate_group_model,0.615884351365499,0.626150673006569,0.621031062414682,0.636304639057266
2019-04-27,c912f676692c353a,f08ccad48500eb2b,7dda2cf308f24a02,d910665038efc639,Virna Jandiroba,Carla Esparza,0,0.444960214940897,Women's Strawweight,womens_all,0.507386518315293,separate_group_model,0.444960214940897,0.476079936104941,0.476079936104941,0.507386518315293
2019-04-27,c912f676692c353a,3256d907f58af95e,3738e68d2261e60f,441eacbe20e0e80b,Andrei Arlovski,Augusto Sakai,0,0.384260354185671,Heavyweight,mens_light_heavy_plus,0.462684230242753,separate_group_model,0.384260354185671,0.42298720440482,0.442744293788004,0.462684230242753
2019-04-27,c912f676692c353a,80e68a6453e15ab9,484acc7b0f856ce9,8abac218746e04ca,Ben Saunders,Takashi Sato,0,0.218094270130858,Welterweight,mens_welter_to_middle,0.297544531573727,separate_group_model,0.218094270130858,0.255800281941688,0.218094270130858,0.297544531573727
2019-04-27,c912f676692c353a,721d870849de4a57,37c5366d18ed6c05,e7f51d9f9e9259e7,Roosevelt Roberts,Thomas Gifford,1,0.53715818007785,Lightweight,mens_below_welterweight,0.549152538377208,separate_group_model,0.53715818007785,0.54316161526877,0.540161354537052,0.549152538377208
2019-04-27,c912f676692c353a,bcb697c4317f0997,65f09bacd3957381,c268b2cfebccf652,Cory Sandhagen,John Lineker,1,0.435382135089015,Bantamweight,mens_below_welterweight,0.289701933464608,separate_group_model,0.435382135089015,0.359305768202391,0.396719732626377,0.289701933464608
2019-04-27,c912f676692c353a,bda97d9a44a89d52,7ff97850e8c32bda,cd13728ae1151f46,Glover Teixeira,Ion Cutelaba,1,0.423198633285803,Light Heavyweight,mens_light_heavy_plus,0.47746052039565,separate_group_model,0.423198633285803,0.450181427013471,0.46379388905269,0.47746052039565
2019-04-27,c912f676692c353a,3286d8406eff5c85,57b10fca4f9c9a7a,f2b6fdb20675b11c,Alex Oliveira,Mike Perry,0,0.590581083653022,Welterweight,mens_welter_to_middle,0.607594556186261,separate_group_model,0.590581083653022,0.599117683556158,0.590581083653022,0.607594556186261
2019-04-27,c912f676692c353a,c68e57c19c82d500,75afb06215a07341,85073dbd1be65ed9,Dmitrii Smoliakov,Greg Hardy,0,0.1835750746167,Heavyweight,mens_light_heavy_plus,0.217947655658576,separate_group_model,0.1835750746167,0.200208939250315,0.208939803572441,0.217947655658576
2019-04-27,c912f676692c353a,f0ca713121289d24,0a1942069c9ad6b6,7a703c565ccaa18f,Jack Hermansson,Jacare Souza,1,0.457758672304059,Middleweight,mens_welter_to_middle,0.410076054043918,separate_group_model,0.457758672304059,0.433764083420007,0.457758672304059,0.410076054043918
2019-05-04,351264d11286d09a,16a05f3c4a765f65,56709e66f1c6008f,b8592b4a383696cd,Cole Smith,Mitch Gagnon,1,0.607896251585631,Bantamweight,mens_below_welterweight,0.596053338901615,separate_group_model,0.607896251585631,0.601989720690477,0.604946816155429,0.596053338901615
2019-05-04,351264d11286d09a,0bc354fbb6e99ab6,7e511f8d842a109d,83b00f7597e5ac83,Arjan Bhullar,Juan Adams,1,0.353330324445056,Heavyweight,mens_light_heavy_plus,0.380957355535915,separate_group_model,0.353330324445056,0.36703463742914,0.373969909469767,0.380957355535915
2019-05-04,351264d11286d09a,a3731057c8775716,31f8081c7600da93,5b8ba8f5512893b1,Kyle Nelson,Matt Sayles,0,0.372609698019068,Featherweight,mens_below_welterweight,0.305047556678993,separate_group_model,0.372609698019068,0.338002935705048,0.355116918927075,0.305047556678993
2019-05-04,351264d11286d09a,003c84fc7c3fa028,49858bf46dabf6fb,873626e5547b5235,Nordine Taleb,Kyle Prepolec,1,0.511022070683788,Welterweight,mens_welter_to_middle,0.572535585110579,separate_group_model,0.511022070683788,0.541938640097903,0.511022070683788,0.572535585110579
2019-05-04,351264d11286d09a,c936527df280b8b4,24656ef4d605c96f,37098a6e6c27fb66,Aiemann Zahabi,Vince Morales,0,0.37261810572988,Bantamweight,mens_below_welterweight,0.301640638074596,separate_group_model,0.37261810572988,0.336205637599469,0.354200624693567,0.301640638074596
2019-05-04,351264d11286d09a,3011439ecaf74180,539ed332b3078821,9cdd2da1a9104a0b,Sarah Moras,Macy Chiasson,0,0.206641046316561,Women's Bantamweight,womens_all,0.275851746215249,separate_group_model,0.206641046316561,0.239538274945209,0.239538274945209,0.275851746215249
2019-05-04,351264d11286d09a,a6cc776330194937,8e9eb3fc86db0f7d,fccf811c1e8b01c7,Marc-Andre Barriault,Andrew Sanchez,0,0.57723198228509,Middleweight,mens_welter_to_middle,0.482868703518378,separate_group_model,0.57723198228509,0.5303213246025,0.57723198228509,0.482868703518378
2019-05-04,351264d11286d09a,e939acbd9894c686,03f982ca3735070c,e2f6b2769aaedd6c,Walt Harris,Serghei Spivac,1,0.365358576647747,Heavyweight,mens_light_heavy_plus,0.427949816084445,separate_group_model,0.365358576647747,0.396229437354929,0.411998253353891,0.427949816084445
2019-05-04,351264d11286d09a,e6b2d6d33968c66c,7b433309b0fd12aa,c03520b5c88ed6b4,Brad Katona,Merab Dvalishvili,0,0.485049528451749,Bantamweight,mens_below_welterweight,0.541533119472114,separate_group_model,0.485049528451749,0.513333894544784,0.499191064343709,0.541533119472114
2019-05-04,351264d11286d09a,feaf740e3ae53b7c,98d961097baaf308,d247691a6c0e9034,Shane Burgos,Cub Swanson,1,0.450003752366226,Featherweight,mens_below_welterweight,0.480387884184776,separate_group_model,0.450003752366226,0.465163500642416,0.457573805508428,0.480387884184776
2019-05-04,351264d11286d09a,ad59540382d5b7f6,34f88592c0ab7a54,b1a3e0aca758b322,Elias Theodorou,Derek Brunson,0,0.617533476475232,Middleweight,mens_welter_to_middle,0.584139254620555,separate_group_model,0.617533476475232,0.600953725322248,0.617533476475232,0.584139254620555
2019-05-04,351264d11286d09a,73eff675e2aae30c,1d00756835ca67c9,59279a7c978f7da0,Donald Cerrone,Al Iaquinta,1,0.602945581941655,Lightweight,mens_below_welterweight,0.578082411412206,separate_group_model,0.602945581941655,0.590571884415355,0.596774126672082,0.578082411412206
2019-05-11,9de7c97e1c0d7927,e4bbec619aa04dea,36541f1e6c5d4955,5b2325cd70dbe2ea,Viviane Araujo,Talita Bernardo,1,0.55786240983205,Women's Bantamweight,womens_all,0.497522029752226,separate_group_model,0.55786240983205,0.527793728197472,0.527793728197472,0.497522029752226
2019-05-11,9de7c97e1c0d7927,1218cba28d4dce94,225def29ecfe0fc1,b9f28e7045fdfce7,Carlos Huachin,Raoni Barcelos,0,0.617885935432635,Bantamweight,mens_below_welterweight,0.661844276949494,separate_group_model,0.617885935432635,0.64015898440409,0.629091071631702,0.661844276949494
2019-05-11,9de7c97e1c0d7927,707cb14717df5960,528b071cf3da7c56,b1e5bcaad32a3cac,Luana Carolina,Priscila Cachoeira,1,0.857668172727694,Women's Flyweight,womens_all,0.545916243103994,separate_group_model,0.857668172727694,0.729111627086833,0.729111627086833,0.545916243103994
2019-05-11,9de7c97e1c0d7927,0febad4c4a3d69fc,73c7cfa551289285,c47df9303d318c67,BJ Penn,Clay Guida,0,0.311171557566753,Lightweight,mens_below_welterweight,0.301528188188406,separate_group_model,0.311171557566753,0.306328683747418,0.308744866303947,0.301528188188406
2019-05-11,9de7c97e1c0d7927,2b038a467a89c73c,1bcaac2d99b90fce,d317a5e2b3f88c5f,Sergio Moraes,Warlley Alves,0,0.367786222555912,Welterweight,mens_welter_to_middle,0.481275705956526,separate_group_model,0.367786222555912,0.423522668513067,0.367786222555912,0.481275705956526
2019-05-11,9de7c97e1c0d7927,017c090e9e8d2957,a7151778b3381036,d945aae53e3e54e6,Kurt Holobaugh,Thiago Moises,0,0.359230535483732,Lightweight,mens_below_welterweight,0.254625192922419,separate_group_model,0.359230535483732,0.304406813497809,0.331246506989524,0.254625192922419
2019-05-11,9de7c97e1c0d7927,413a4c217ee0193f,73e09f837f3b5ecc,a67f5afa8d6a1b80,Rogerio Nogueira,Ryan Spann,0,0.201240195827308,Light Heavyweight,mens_light_heavy_plus,0.41470267068324,separate_group_model,0.201240195827308,0.297013598595948,0.353644179043162,0.41470267068324
2019-05-11,9de7c97e1c0d7927,8cf4836e2b43c241,578ef12674df1e6a,673ea7dcc786b1b3,Irene Aldana,Bethe Correia,1,0.680254186158702,Women's Bantamweight,womens_all,0.603821245493296,separate_group_model,0.680254186158702,0.642946626639331,0.642946626639331,0.603821245493296
2019-05-11,9de7c97e1c0d7927,3d941525f5c623e3,31ee470ef5dc8d7f,a12a8314adc1c1c9,Thiago Alves,Laureano Staropoli,0,0.332788311107932,Welterweight,mens_welter_to_middle,0.438048320259444,separate_group_model,0.332788311107932,0.384061668242664,0.332788311107932,0.438048320259444
2019-05-11,9de7c97e1c0d7927,7b53967f282a0d0a,d0f3959b4a9747e6,e1248941344b3288,Jose Aldo,Alexander Volkanovski,0,0.289381424652768,Featherweight,mens_below_welterweight,0.329309947351864,separate_group_model,0.289381424652768,0.308989236753684,0.299093224750854,0.329309947351864
2019-05-11,9de7c97e1c0d7927,a08dffad240dc3d4,13a0275fa13c4d26,1f454354805b6f75,Jared Cannonier,Anderson Silva,1,0.690376561502065,Middleweight,mens_welter_to_middle,0.681732319914633,separate_group_model,0.690376561502065,0.686070579263122,0.690376561502065,0.681732319914633
2019-05-11,9de7c97e1c0d7927,07c00213ec388e07,47b63240018d5d86,6a1901c62ab3870f,Rose Namajunas,Jessica Andrade,0,0.544071172642763,Women's Strawweight,womens_all,0.559776245532875,separate_group_model,0.544071172642763,0.551936658918651,0.551936658918651,0.559776245532875
2019-05-18,6b8f28da9a483049,115fa6f5f3e51bbb,1291edf2d566a71a,902ec2cc48c8ae8a,Julio Arce,Julian Erosa,1,0.746785824247093,Featherweight,mens_below_welterweight,0.811463419778151,separate_group_model,0.746785824247093,0.780836029972855,0.764235737617187,0.811463419778151
2019-05-18,6b8f28da9a483049,35f80e003d16a439,4ba8d454f762005d,b27a1fcb56a3035a,Zak Cummings,Trevin Giles,1,0.363167278615229,Middleweight,mens_welter_to_middle,0.536866402928518,separate_group_model,0.363167278615229,0.448445159700972,0.363167278615229,0.536866402928518
2019-05-18,6b8f28da9a483049,f27e8d63f526d326,06f36cf4bd97ec77,e51e5cb722bd47a8,Ed Herman,Patrick Cummins,1,0.521147650103604,Light Heavyweight,mens_light_heavy_plus,0.52568316302529,separate_group_model,0.521147650103604,0.523415889308576,0.524549652670127,0.52568316302529
2019-05-18,6b8f28da9a483049,476a6245b43f3119,5bf31a46becc1204,99bd51917728c25d,Michael Trizano,Grant Dawson,0,0.646832596740586,Featherweight,mens_below_welterweight,0.557702839407486,separate_group_model,0.646832596740586,0.603123019635589,0.625233048765872,0.557702839407486
2019-05-18,6b8f28da9a483049,04c9ebe419195f8b,595db60957de51d3,a6cba6bb66c1a8c9,Michel Pereira,Danny Roberts,1,0.649471487625179,Welterweight,mens_welter_to_middle,0.528372045971062,separate_group_model,0.649471487625179,0.590289808118576,0.649471487625179,0.528372045971062
2019-05-18,6b8f28da9a483049,031647c36d12788f,f046d724d2a84ac5,f1d64ae34e088832,Desmond Green,Charles Jourdain,1,0.733104080010929,Lightweight,mens_below_welterweight,0.673476010157527,separate_group_model,0.733104080010929,0.704160437147778,0.718859002829656,0.673476010157527
2019-05-18,6b8f28da9a483049,1f5178fe56c5423f,4234f0097c83fa62,d4691518d012b9e7,Sijara Eubanks,Aspen Ladd,0,0.557166836517922,Women's Bantamweight,womens_all,0.482914111006796,separate_group_model,0.557166836517922,0.520151759600364,0.520151759600364,0.482914111006796
2019-05-18,6b8f28da9a483049,65c1ca715dfdbe05,0052de90691d4a93,d2cd7a69cc55e7ed,Davi Ramos,Austin Hubbard,1,0.681971781675932,Lightweight,mens_below_welterweight,0.692888246246688,separate_group_model,0.681971781675932,0.687456005827971,0.684720327640156,0.692888246246688
2019-05-18,6b8f28da9a483049,5782666ca117fa5b,07225ba28ae309b6,6fb1ba67bef41b37,Charles Oliveira,Nik Lentz,1,0.733049055602459,Lightweight,mens_below_welterweight,0.719305172441903,separate_group_model,0.733049055602459,0.726230845028907,0.729653480682736,0.719305172441903
2019-05-18,6b8f28da9a483049,083a6edd8bb21bc8,6d4b63c767106d3a,714e1e0681ddb703,Vicente Luque,Derrick Krantz,1,0.767396343976977,Welterweight,mens_welter_to_middle,0.672761518945817,separate_group_model,0.767396343976977,0.722557757413269,0.767396343976977,0.672761518945817
2019-05-18,6b8f28da9a483049,4fe799b4fa1afb76,39d91e95949de3d9,a0e75f4a13eb73f1,Felicia Spencer,Megan Anderson,1,0.541939712525641,Women's Featherweight,womens_all,0.414282281806168,separate_group_model,0.541939712525641,0.477747655718233,0.477747655718233,0.414282281806168
2019-05-18,6b8f28da9a483049,9fb9af6599d67b1d,2e585c701f72fe55,52e76bb4b3e852f3,Ian Heinisch,Antonio Carlos Junior,1,0.365757904357771,Middleweight,mens_welter_to_middle,0.319780896360907,separate_group_model,0.365757904357771,0.342399596848432,0.365757904357771,0.319780896360907
2019-05-18,6b8f28da9a483049,d401522de73b7bee,6a2f7c151031653d,ee9ebceabfd16fa7,Rafael Dos Anjos,Kevin Lee,1,0.278543617991694,Welterweight,mens_welter_to_middle,0.309173099759984,separate_group_model,0.278543617991694,0.29362504148665,0.278543617991694,0.309173099759984
2019-06-01,cbc071cb20ea59c7,a4e210bcdcc1bf5b,58bbef3770bb2dfc,c3f6db17cea09ca7,Joel Alvarez,Danilo Belluardo,1,0.517909485291968,Lightweight,mens_below_welterweight,0.519547107539414,separate_group_model,0.517909485291968,0.518728346712061,0.51831892830199,0.519547107539414
2019-06-01,cbc071cb20ea59c7,a072481f307dc8aa,025f0b1b58fbad01,cc7040fe76f0ef91,Darko Stosic,Devin Clark,0,0.772885563734038,Light Heavyweight,mens_light_heavy_plus,0.612220117715389,separate_group_model,0.772885563734038,0.69860535982563,0.656708379582955,0.612220117715389
2019-06-01,cbc071cb20ea59c7,b58972ad7dcf65e6,b60c980f79b87ce8,d6ead04919a894b1,Bea Malecki,Duda Santana,1,0.443240858640989,Women's Bantamweight,womens_all,0.485748056228665,separate_group_model,0.443240858640989,0.46442986078135,0.46442986078135,0.485748056228665
2019-06-01,cbc071cb20ea59c7,fedb6a1b15b05694,2816ced060a21be3,764342d39cdaa54a,Nick Hein,Frank Camacho,0,0.443868814478273,Lightweight,mens_below_welterweight,0.440347728251222,separate_group_model,0.443868814478273,0.44210754385835,0.442987999983194,0.440347728251222
2019-06-01,cbc071cb20ea59c7,e1bd72aba46f46a1,31a13532e724ca2b,9c65736747ca92ec,Stevie Ray,Leonardo Santos,0,0.434865819894369,Lightweight,mens_below_welterweight,0.510806001495323,separate_group_model,0.434865819894369,0.472677877282522,0.453705086843618,0.510806001495323
2019-06-01,cbc071cb20ea59c7,f993be991eea6016,2eeaefbfc7f9fcff,b12a1d19ee383b7c,Lina Lansberg,Tonya Evinger,1,0.361195495837874,Women's Bantamweight,womens_all,0.59917681393556,separate_group_model,0.361195495837874,0.478994523645624,0.478994523645624,0.59917681393556
2019-06-01,cbc071cb20ea59c7,93330422e1f2e0be,1fc64507a0cb38cf,90da09db03e41748,Rostem Akman,Sergey Khandozhko,0,0.488257449142384,Welterweight,mens_welter_to_middle,0.480673269754585,separate_group_model,0.488257449142384,0.484464464984499,0.488257449142384,0.480673269754585
2019-06-01,cbc071cb20ea59c7,c53cb796b4a4cdb8,6e0e977beb909837,fbf0537e420e698e,Sung Bin Jo,Daniel Teymur,0,0.688767863231035,Featherweight,mens_below_welterweight,0.677603322040587,separate_group_model,0.688767863231035,0.683211970625166,0.685996580296508,0.677603322040587
2019-06-01,cbc071cb20ea59c7,a5acaa5f693529dd,38c626ca912c7bac,de45aaae23dfa392,Damir Hadzovic,Christos Giagos,0,0.461414283369074,Lightweight,mens_below_welterweight,0.537600479690865,separate_group_model,0.461414283369074,0.499504505510405,0.480430958908536,0.537600479690865
2019-06-01,cbc071cb20ea59c7,2ca4a039c07acd38,87a1dc546b1c5caf,bebb4ae55ac2bf6f,Makwan Amirkhani,Chris Fishgold,1,0.444298843563009,Featherweight,mens_below_welterweight,0.444040640934967,separate_group_model,0.444298843563009,0.444169738479869,0.444234290080221,0.444040640934967
2019-06-01,cbc071cb20ea59c7,138c8807fef52564,1e1dbd1cc5a7469e,333b9e5c723ac873,Jimi Manuwa,Aleksandar Rakic,0,0.220937641322636,Light Heavyweight,mens_light_heavy_plus,0.220115986697312,separate_group_model,0.220937641322636,0.220526539601954,0.220321194543053,0.220115986697312
2019-06-01,cbc071cb20ea59c7,4f9939af9a1d40a3,3c6976f8182d9527,d4c9dcd330403612,Alexander Gustafsson,Anthony Smith,0,0.674788226199943,Light Heavyweight,mens_light_heavy_plus,0.753140262611582,separate_group_model,0.674788226199943,0.71558719711668,0.734788281183754,0.753140262611582
2019-06-08,e31502e3f79d00c5,82eb6fa58ae52428,12f91bfa8f1f723b,e872e9a9a902c045,Joanne Wood,Katlyn Cerminara,0,0.362685944541878,Women's Flyweight,womens_all,0.495658437157802,separate_group_model,0.362685944541878,0.427870208437899,0.427870208437899,0.495658437157802
2019-06-08,e31502e3f79d00c5,aa430402314b4459,d3fa5c5955397532,fc9a9559a05f2704,Grigory Popov,Eddie Wineland,0,0.38015958478781,Bantamweight,mens_below_welterweight,0.407708813142052,separate_group_model,0.38015958478781,0.393849835896033,0.386982387977554,0.407708813142052
2019-06-08,e31502e3f79d00c5,a255ed658a2ac9bb,899923ff6ab13917,a17ad5a5048e8c3f,Bevon Lewis,Darren Stewart,0,0.422677701021674,Middleweight,mens_welter_to_middle,0.391830663353415,separate_group_model,0.422677701021674,0.407162692807265,0.422677701021674,0.391830663353415
2019-06-08,e31502e3f79d00c5,97c76d44699f7c93,c41d426cc7326d1b,f0feeb2192937424,Yan Xiaonan,Angela Hill,1,0.671506317221133,Women's Strawweight,womens_all,0.472103485256074,separate_group_model,0.671506317221133,0.574846282448623,0.574846282448623,0.472103485256074
2019-06-08,e31502e3f79d00c5,bf2a9732af50c84c,3974fa35c917af1d,751de04455cfaac0,Ricardo Lamas,Calvin Kattar,0,0.704152833375386,Featherweight,mens_below_welterweight,0.641854077622763,separate_group_model,0.704152833375386,0.673770066546577,0.689165203328957,0.641854077622763
2019-06-08,e31502e3f79d00c5,a4446299c1f85d74,d7c3816669784109,e8b731feff72294b,Karolina Kowalkiewicz,Alexa Grasso,0,0.412733149335538,Women's Strawweight,womens_all,0.377704186142502,separate_group_model,0.412733149335538,0.395084011630015,0.395084011630015,0.377704186142502
2019-06-08,e31502e3f79d00c5,17753b728e5404aa,6bd02119599741a4,cb696ebfb6598724,Pedro Munhoz,Aljamain Sterling,0,0.391214178024666,Bantamweight,mens_below_welterweight,0.365829890551068,separate_group_model,0.391214178024666,0.378438787639874,0.384806628400099,0.365829890551068
2019-06-08,e31502e3f79d00c5,56403d0fd259c5d9,b08012bbe542592a,d343df8ba11f4c4e,Tatiana Suarez,Nina Nunes,1,0.831227198400022,Women's Strawweight,womens_all,0.591686599601693,separate_group_model,0.831227198400022,0.727632905562371,0.727632905562371,0.591686599601693
2019-06-08,e31502e3f79d00c5,cd2ceb5530529c9f,1788eee370f077b7,c62fbc117d57b943,Blagoy Ivanov,Tai Tuivasa,1,0.308607030276194,Heavyweight,mens_light_heavy_plus,0.412791050893822,separate_group_model,0.308607030276194,0.359038582188915,0.38556596155647,0.412791050893822
2019-06-08,e31502e3f79d00c5,fe0c844a671dd6d8,9c907996820d2d69,d661ce4da776fc20,Jimmie Rivera,Petr Yan,0,0.41390552146984,Bantamweight,mens_below_welterweight,0.404090920894969,separate_group_model,0.41390552146984,0.408989154055489,0.411445128019002,0.404090920894969
2019-06-08,e31502e3f79d00c5,323dc938d93a849b,1d00756835ca67c9,22a92d7f62195791,Donald Cerrone,Tony Ferguson,0,0.508360760517988,Lightweight,mens_below_welterweight,0.430617001297357,separate_group_model,0.508360760517988,0.469302645550153,0.4888146308161,0.430617001297357
2019-06-08,e31502e3f79d00c5,4127b45c3d546eef,132deb59abae64b1,f72465a784c1b084,Valentina Shevchenko,Jessica Eye,1,0.765239444192203,Women's Flyweight,womens_all,0.55651466110463,separate_group_model,0.765239444192203,0.669146144853078,0.669146144853078,0.55651466110463
2019-06-08,e31502e3f79d00c5,cf4199c8517bc1fd,056c493bbd76a918,fea79f9bc8c68769,Henry Cejudo,Marlon Moraes,1,0.677388064816405,Bantamweight,mens_below_welterweight,0.624592616072034,separate_group_model,0.677388064816405,0.651455004143838,0.664545624215303,0.624592616072034
2019-06-22,b16a7e6a627e9789,f81f8cfe30e0a1e9,483a953b18d73bb3,b9664eae2ac75262,Deron Winn,Eric Spicely,1,0.738626280131984,Middleweight,mens_welter_to_middle,0.555992419685783,separate_group_model,0.738626280131984,0.652914927133045,0.738626280131984,0.555992419685783
2019-06-22,b16a7e6a627e9789,fa98e2b8dceca9bb,51018a31ddf31eb2,6551c64fbcd1a467,Molly McCann,Ariane da Silva,1,0.463477270149127,Women's Flyweight,womens_all,0.453964079791848,separate_group_model,0.463477270149127,0.458716913176017,0.458716913176017,0.453964079791848
2019-06-22,b16a7e6a627e9789,e4559c3cce6edec1,2cd428e9606856fd,a9d6e047ce48ab63,Jairzinho Rozenstruik,Allen Crowder,1,0.543748920962137,Heavyweight,mens_light_heavy_plus,0.505781329540266,separate_group_model,0.543748920962137,0.524800964834953,0.5152966858927,0.505781329540266
2019-06-22,b16a7e6a627e9789,ab4862ea4cbd0750,2844b047183a1adb,eb29176b03dfa888,Luis Pena,Matt Wiman,1,0.725586513697235,Lightweight,mens_below_welterweight,0.685328204137167,separate_group_model,0.725586513697235,0.705858941022044,0.715825944433838,0.685328204137167
2019-06-22,b16a7e6a627e9789,6e9cf53cd87e1b7e,a851c35f58199231,b4c6c904a9ffc5e8,Syuri Kondo,Ashley Yoder,0,0.529767308141191,Women's Strawweight,womens_all,0.332077571758251,separate_group_model,0.529767308141191,0.428053658311937,0.428053658311937,0.332077571758251
2019-06-22,b16a7e6a627e9789,f047e3605f8852d8,82a5152216251682,cf946e03ba2e7666,Dan Ige,Kevin Aguilar,1,0.520345578128284,Featherweight,mens_below_welterweight,0.545482947504498,separate_group_model,0.520345578128284,0.532935164763929,0.526644606579512,0.545482947504498
2019-06-22,b16a7e6a627e9789,b1da312483a974b3,3a46b268013afede,77d7295d1b22c694,Kevin Holland,Alessio Di Chirico,1,0.611150322790541,Middleweight,mens_welter_to_middle,0.573376823012949,separate_group_model,0.611150322790541,0.592400067309822,0.611150322790541,0.573376823012949
2019-06-22,b16a7e6a627e9789,13129c1f044fdd47,05fa626cb33d15b8,80d8aed0ca9b00f3,Andrea Lee,Montana De La Rosa,1,0.434242645761089,Women's Flyweight,womens_all,0.45237797426285,separate_group_model,0.434242645761089,0.443291416158662,0.443291416158662,0.45237797426285
2019-06-22,b16a7e6a627e9789,8f1b727757a60c07,5f6f049d54728e88,bbc9ab95fa766493,Andre Ewell,Anderson Dos Santos,1,0.413847269709066,Bantamweight,mens_below_welterweight,0.376479774437376,separate_group_model,0.413847269709066,0.395010170015483,0.404393508259378,0.376479774437376
2019-06-22,b16a7e6a627e9789,4096b302747d47b3,a331233f597090a5,c6aee362c7a7d482,Bryan Barberena,Randy Brown,0,0.406230824040096,Welterweight,mens_welter_to_middle,0.396040567847108,separate_group_model,0.406230824040096,0.401125010837594,0.406230824040096,0.396040567847108
2019-06-22,b16a7e6a627e9789,aec1339028f3416c,b6452706b373eea1,c451d67c09c55418,Renato Moicano,Chan Sung Jung,0,0.62217134744292,Featherweight,mens_below_welterweight,0.606588963035403,separate_group_model,0.62217134744292,0.614409469530521,0.618297958138716,0.606588963035403
2019-06-29,c0c1bc0766df4c00,9ba051e0f5674108,068f8a189a47fea6,c482c8605455a213,Maurice Greene,Junior Albini,1,0.567170539869779,Heavyweight,mens_light_heavy_plus,0.619610536322855,separate_group_model,0.567170539869779,0.593657429335782,0.606709285776926,0.619610536322855
2019-06-29,c0c1bc0766df4c00,e460bf4db340ca9e,b3d21b2610dcfaeb,beecb672a279223e,Emily Whitmire,Amanda Ribas,0,0.466941721484137,Women's Strawweight,womens_all,0.553854130935803,separate_group_model,0.466941721484137,0.510477102300527,0.510477102300527,0.553854130935803
2019-06-29,c0c1bc0766df4c00,7ce7075951c9aa31,3f7dab21b6c971bc,ce632027bf2a871b,Dequan Townsend,Dalcha Lungiambula,0,0.48006501836484,Light Heavyweight,mens_light_heavy_plus,0.527544213084335,separate_group_model,0.48006501836484,0.50381321224842,0.515687555977114,0.527544213084335
2019-06-29,c0c1bc0766df4c00,3f8c6e31ebbe54bc,66e98b3bb5fc5250,7026eca45f65377b,Dan Moret,Jared Gordon,0,0.369091487419412,Lightweight,mens_below_welterweight,0.328968474329921,separate_group_model,0.369091487419412,0.348762038433946,0.358863385543129,0.328968474329921
2019-06-29,c0c1bc0766df4c00,c0982b3919cc74f0,acb36c908d415c4a,cad24459b28592ca,Vinicius Moreira,Eryk Anders,0,0.362856072910734,Light Heavyweight,mens_light_heavy_plus,0.360425844115422,separate_group_model,0.362856072910734,0.361640073596644,0.361032736817264,0.360425844115422
2019-06-29,c0c1bc0766df4c00,8f5d5dd10a167cc0,1ae8f3c723aacff4,78f485f851891d68,Ricardo Ramos,Journey Newson,1,0.642509504627353,Bantamweight,mens_below_welterweight,0.641901876345786,separate_group_model,0.642509504627353,0.642205747611483,0.642357640413214,0.641901876345786
2019-06-29,c0c1bc0766df4c00,c770192a9f3261cd,a495f599e787614f,eabf206b162b3b83,Alonzo Menifield,Paul Craig,1,0.717451699302549,Light Heavyweight,mens_light_heavy_plus,0.706499514852787,separate_group_model,0.717451699302549,0.712006610557667,0.709260756844983,0.706499514852787
2019-06-29,c0c1bc0766df4c00,966bf043577f8b6a,519e4fe37ce9ff75,edd02825c29028fe,Drew Dober,Marco Polo Reyes,1,0.618446515461165,Lightweight,mens_below_welterweight,0.606763287726062,separate_group_model,0.618446515461165,0.612621095595642,0.615537947526848,0.606763287726062
2019-06-29,c0c1bc0766df4c00,2b01da1699f0305f,37c5366d18ed6c05,c77a953488e5607d,Roosevelt Roberts,Vinc Pichel,0,0.696795621890883,Lightweight,mens_below_welterweight,0.732337459571198,separate_group_model,0.696795621890883,0.71489939912414,0.705928783647065,0.732337459571198
2019-06-29,c0c1bc0766df4c00,5fcf65d4de66c970,427b5953ac8e3a27,5331b25a60417ffb,Demian Maia,Anthony Rocco Martin,1,0.290467996668095,Welterweight,mens_welter_to_middle,0.35325764865481,separate_group_model,0.290467996668095,0.321054218528469,0.290467996668095,0.35325764865481
2019-06-29,c0c1bc0766df4c00,2418af6da44fd361,80eacd4da0617c57,b102c26727306ab6,Joseph Benavidez,Jussier Formiga,1,0.503639145984333,Flyweight,mens_below_welterweight,0.59905412991548,separate_group_model,0.503639145984333,0.551823516053482,0.527796065671825,0.59905412991548
2019-06-29,c0c1bc0766df4c00,4e71dbef18157288,63def5a5662a6917,8d03ce87ca14e778,Junior Dos Santos,Francis Ngannou,0,0.384523311950737,Heavyweight,mens_light_heavy_plus,0.428142627369535,separate_group_model,0.384523311950737,0.406147894583822,0.41710402566457,0.428142627369535
2019-07-06,6c9383ffab2725a5,934b44ddcb3d95e6,86d9dbe1bfcbade7,91dac5e69e28d5b5,Julia Avila,Pannie Kianzad,1,0.495302262018933,Women's Bantamweight,womens_all,0.500018896615754,separate_group_model,0.495302262018933,0.497660527270792,0.497660527270792,0.500018896615754
2019-07-06,6c9383ffab2725a5,f6a03399c7a721cd,1ddb480b601cefb1,6a96ad1bc34fb113,Chance Rencountre,Ismail Naurdiev,1,0.20525804140987,Welterweight,mens_welter_to_middle,0.24005503196803,separate_group_model,0.20525804140987,0.222170250124181,0.20525804140987,0.24005503196803
2019-07-06,6c9383ffab2725a5,e9f00c16810e0e61,045f25b3a4c08e81,4144798612ef96e5,Jack Marshman,Edmen Shahbazyan,0,0.117093261973641,Middleweight,mens_welter_to_middle,0.188444457524646,separate_group_model,0.117093261973641,0.149287636240769,0.117093261973641,0.188444457524646
2019-07-06,6c9383ffab2725a5,00f4b6184f6315d0,80daefbed11ce998,efb96bf3e9ada36f,Alejandro Perez,Song Yadong,0,0.375005366018289,Bantamweight,mens_below_welterweight,0.45140482904376,separate_group_model,0.375005366018289,0.412679483883671,0.393684392708096,0.45140482904376
2019-07-06,6c9383ffab2725a5,7fe0cec2b0f1c146,4a57ebb14315b251,ec34349e7dffcde7,Randa Markos,Claudia Gadelha,0,0.440880247660134,Women's Strawweight,womens_all,0.425460280457989,separate_group_model,0.440880247660134,0.433154080558706,0.433154080558706,0.425460280457989
2019-07-06,6c9383ffab2725a5,7dc551f8153bd053,7c7332319c14094c,f97c5433c77522d3,Marlon Vera,Nohelin Hernandez,1,0.546063583366623,Bantamweight,mens_below_welterweight,0.564270798852465,separate_group_model,0.546063583366623,0.555185710850467,0.550628903742343,0.564270798852465
2019-07-06,6c9383ffab2725a5,c48af5eafb532d0a,040a74bb0a465c54,aa5b4eff51bdc7d1,Arnold Allen,Gilbert Melendez,1,0.685193022718016,Featherweight,mens_below_welterweight,0.79195642021944,separate_group_model,0.685193022718016,0.742164636667065,0.714531496277553,0.79195642021944
2019-07-06,6c9383ffab2725a5,feaffeb1af7e82ef,82e7929bf6c2b689,c58f51dedb310998,Diego Sanchez,Michael Chiesa,0,0.317494953725077,Welterweight,mens_welter_to_middle,0.348632230142566,separate_group_model,0.317494953725077,0.332881213085601,0.317494953725077,0.348632230142566
2019-07-06,6c9383ffab2725a5,531d9676d767da66,00e11b5c8b7bfeeb,99df7d0a2a08a8a8,Luke Rockhold,Jan Blachowicz,0,0.69352644881833,Light Heavyweight,mens_light_heavy_plus,0.628815108450337,separate_group_model,0.69352644881833,0.661927898417631,0.645545843032912,0.628815108450337
2019-07-06,6c9383ffab2725a5,70af72a72b31fe4d,0b31f87be71ebbb1,47b9e0e7703a4868,Ben Askren,Jorge Masvidal,0,0.297693546127864,Welterweight,mens_welter_to_middle,0.374369432234339,separate_group_model,0.297693546127864,0.334943283938142,0.297693546127864,0.374369432234339
2019-07-06,6c9383ffab2725a5,69c06be4f87ccdab,634e2fb70bde3fd5,80fa8218c99f9c58,Holly Holm,Amanda Nunes,0,0.139177209140153,Women's Bantamweight,womens_all,0.379579796912735,separate_group_model,0.139177209140153,0.239260803010116,0.239260803010116,0.379579796912735
2019-07-06,6c9383ffab2725a5,8fcdfee81cc604e3,07f72a2a7591b409,dea070ed4a2a8281,Jon Jones,Thiago Santos,1,0.722966960465966,Light Heavyweight,mens_light_heavy_plus,0.771492657118753,separate_group_model,0.722966960465966,0.748003560305909,0.75994459780559,0.771492657118753
2019-07-13,2f8f3c69522db931,358468724d7d4322,37098a6e6c27fb66,773f7feacf96153e,Vince Morales,Benito Lopez,0,0.589473052046145,Bantamweight,mens_below_welterweight,0.642371630169789,separate_group_model,0.589473052046145,0.616266223357201,0.60294680957433,0.642371630169789
2019-07-13,2f8f3c69522db931,2d42ef44ad2470e1,b53c46f613f6f248,dab8cfbb6b1db10a,Brianna Fortino,Livinha Souza,1,0.508177390751903,Women's Strawweight,womens_all,0.448359028328819,separate_group_model,0.508177390751903,0.478190020036472,0.478190020036472,0.448359028328819
2019-07-13,2f8f3c69522db931,ad63c30e22e63344,31bbd39c0a075d4e,f2477cf43c4975cc,Pingyuan Liu,Jonathan Martinez,0,0.478814479314946,Bantamweight,mens_below_welterweight,0.458095753241253,separate_group_model,0.478814479314946,0.468441515145659,0.473625151421478,0.458095753241253
2019-07-13,2f8f3c69522db931,37a8c442fb38db75,8866c6f509c19089,92a9aa9c93192871,Ryan Hall,Darren Elkins,1,0.435863358494644,Featherweight,mens_below_welterweight,0.414426509941292,separate_group_model,0.435863358494644,0.425109729846347,0.430478346176189,0.414426509941292
2019-07-13,2f8f3c69522db931,60be02c5566c8348,1de9ad94de18eeaf,3253b16d38ae087d,Nicco Montano,Julianna Pena,0,0.465589492939467,Women's Bantamweight,womens_all,0.480325634366798,separate_group_model,0.465589492939467,0.472951672768743,0.472951672768743,0.480325634366798
2019-07-13,2f8f3c69522db931,b436dda934059631,0d62719b1dcf7c40,8fd808923cffff82,Sheymon Moraes,Andre Fili,0,0.459566580407297,Featherweight,mens_below_welterweight,0.41538079049107,separate_group_model,0.459566580407297,0.437349420317816,0.448432272894343,0.41538079049107
2019-07-13,2f8f3c69522db931,9b0de83b4e504bf6,7acbb0972e75281a,dbc17725b887860a,Marvin Vettori,Cezar Ferreira,1,0.581057178432376,Middleweight,mens_welter_to_middle,0.493262042765469,separate_group_model,0.581057178432376,0.537449889654754,0.581057178432376,0.493262042765469
2019-07-13,2f8f3c69522db931,a7cf716f5d73b558,37d5b176d438d2a5,4dcfb28c011c11b2,Karl Roberson,Wellington Turman,1,0.58976846641992,Middleweight,mens_welter_to_middle,0.681741034740213,separate_group_model,0.58976846641992,0.637006836878017,0.58976846641992,0.681741034740213
2019-07-13,2f8f3c69522db931,138cb102906573f2,cbd3e590a85b18c5,fba03cd6cc28dc41,Mirsad Bektic,Josh Emmett,0,0.566014052213102,Featherweight,mens_below_welterweight,0.606105358901974,separate_group_model,0.566014052213102,0.586202497174427,0.576140043735484,0.606105358901974
2019-07-13,2f8f3c69522db931,75b1533cc3cafae9,5987b2458f4b5290,78114b7199cef90c,Ricky Simon,Urijah Faber,0,0.764244233892487,Bantamweight,mens_below_welterweight,0.797641478786197,separate_group_model,0.764244233892487,0.781401884286954,0.772937492212537,0.797641478786197
2019-07-13,2f8f3c69522db931,edc87836fd998929,1d239d571e342453,d4691518d012b9e7,Germaine de Randamie,Aspen Ladd,1,0.460424089487863,Women's Bantamweight,womens_all,0.473229134010158,separate_group_model,0.460424089487863,0.466821147382717,0.466821147382717,0.473229134010158
2019-07-20,9e0f28d1f639ad73,c5259566abc552b1,4bf6b225ff6099c4,dbac0a413af64bbe,Domingo Pilarte,Felipe Colares,0,0.417373069913531,Bantamweight,mens_below_welterweight,0.364857471523,separate_group_model,0.417373069913531,0.390799067759748,0.404015695373984,0.364857471523
2019-07-20,9e0f28d1f639ad73,24bcade0007c2246,7c9c6a884be167fe,bc711b6dd95c1af6,Jin Soo Son,Mario Bautista,0,0.496667531662636,Bantamweight,mens_below_welterweight,0.529338703882808,separate_group_model,0.496667531662636,0.513017021626694,0.504843571480997,0.529338703882808
2019-07-20,9e0f28d1f639ad73,bc01ce748a5723df,002ca196477ce572,a4de54ea806fb525,Gabriel Silva,Ray Borg,0,0.493273558487622,Bantamweight,mens_below_welterweight,0.525136550796806,separate_group_model,0.493273558487622,0.509214412752319,0.5012443018125,0.525136550796806
2019-07-20,9e0f28d1f639ad73,dd51d1aed9536da6,4498b382c65a7faa,8e1f36476ef02a6a,Roxanne Modafferi,Jennifer Maia,0,0.507712707449677,Women's Flyweight,womens_all,0.498550711516016,separate_group_model,0.507712707449677,0.50313197239772,0.50313197239772,0.498550711516016
2019-07-20,9e0f28d1f639ad73,f711b3ec6bc3c407,7279654c7674cd24,d156513a19acf856,Klidson Abreu,Sam Alvey,1,0.512573302243893,Light Heavyweight,mens_light_heavy_plus,0.462042147946935,separate_group_model,0.512573302243893,0.487275212650629,0.474642493376364,0.462042147946935
2019-07-20,9e0f28d1f639ad73,017e0b7e864b0aa3,578ef12674df1e6a,fc169c387b4b465d,Irene Aldana,Raquel Pennington,0,0.357315788424135,Women's Bantamweight,womens_all,0.446693866201537,separate_group_model,0.357315788424135,0.401183630258234,0.401183630258234,0.446693866201537
2019-07-20,9e0f28d1f639ad73,96d33e46267d4eaf,7aa3d6964eff4877,b93c06d09d1c4ac0,Alex Caceres,Steven Peterson,1,0.407862749953082,Featherweight,mens_below_welterweight,0.375433630511446,separate_group_model,0.407862749953082,0.391528488971513,0.399667727196031,0.375433630511446
2019-07-20,9e0f28d1f639ad73,f065dc596a08a258,3738e68d2261e60f,bd58d34e39b7b12a,Andrei Arlovski,Ben Rothwell,1,0.41163246060714,Heavyweight,mens_light_heavy_plus,0.496423674429598,separate_group_model,0.41163246060714,0.453692276424116,0.475012234425707,0.496423674429598
2019-07-20,9e0f28d1f639ad73,c92308bbd6107b11,262a7d06203657e6,a8283a4f415e1eb9,Alexander Hernandez,Francisco Trinaldo,1,0.714262981143152,Lightweight,mens_below_welterweight,0.72090290927232,separate_group_model,0.714262981143152,0.717594779920688,0.715931827114324,0.72090290927232
2019-07-20,9e0f28d1f639ad73,9d6b46a3cf5ec494,193b9d1858bc4df3,6256b2b1562cb8e1,Dan Hooker,James Vick,1,0.536970337718353,Lightweight,mens_below_welterweight,0.493436534448585,separate_group_model,0.536970337718353,0.515232331042229,0.52611370791155,0.493436534448585
2019-07-20,9e0f28d1f639ad73,88b1d4f951070f83,83b00f7597e5ac83,85073dbd1be65ed9,Juan Adams,Greg Hardy,0,0.439540371421195,Heavyweight,mens_light_heavy_plus,0.519233510715407,separate_group_model,0.439540371421195,0.479254963672229,0.499243027333579,0.519233510715407
2019-07-20,9e0f28d1f639ad73,15ce105716441c54,03f982ca3735070c,98c23cb6da5b3352,Walt Harris,Aleksei Oleinik,1,0.64622714302949,Heavyweight,mens_light_heavy_plus,0.575304934299876,separate_group_model,0.64622714302949,0.611355219651552,0.593455925169431,0.575304934299876
2019-07-20,9e0f28d1f639ad73,816662e622987a14,6a2f7c151031653d,f1fac969a1d70b08,Rafael Dos Anjos,Leon Edwards,0,0.497447317866052,Welterweight,mens_welter_to_middle,0.408026855204589,separate_group_model,0.497447317866052,0.452352634211626,0.497447317866052,0.408026855204589
2019-07-27,abcf7e55a0a9ed89,d47fd8fc3886f86c,99bd87a300079ed9,bb61823f76361297,Erik Koch,Kyle Stewart,1,0.287637405762403,Welterweight,mens_welter_to_middle,0.275692383687913,separate_group_model,0.287637405762403,0.28162639369952,0.287637405762403,0.275692383687913
2019-07-27,abcf7e55a0a9ed89,68c77a11b2d308dd,1641ef250e9de19b,38c7f72747f4f712,Sarah Frota,Gillian Robertson,0,0.509924601654337,Women's Flyweight,womens_all,0.416528144039728,separate_group_model,0.509924601654337,0.462900986268944,0.462900986268944,0.416528144039728
2019-07-27,abcf7e55a0a9ed89,bc1787883f9328be,a0f0004aadf10b71,aa72b0f831d0bfe5,Alexandre Pantoja,Deiveson Figueiredo,0,0.44817974965311,Flyweight,mens_below_welterweight,0.477053591014716,separate_group_model,0.44817974965311,0.462585302252094,0.455373190648125,0.477053591014716
2019-07-27,abcf7e55a0a9ed89,25c4013fc187762a,a68575214ecad140,da816417a579a0bd,SeungWoo Choi,Gavin Tucker,0,0.715527583287434,Featherweight,mens_below_welterweight,0.650212379999726,separate_group_model,0.715527583287434,0.683775742790034,0.699891471189497,0.650212379999726
2019-07-27,abcf7e55a0a9ed89,10b31e991c2d0d4e,2c9d00968f818270,3fa7688bfe48a493,Hakeem Dawodu,Yoshinori Horie,1,0.623289185047368,Featherweight,mens_below_welterweight,0.569672459628941,separate_group_model,0.623289185047368,0.596769803869455,0.610110876907288,0.569672459628941
2019-07-27,abcf7e55a0a9ed89,dfa2fda311df08cf,36541f1e6c5d4955,4c2d90e335e6df19,Viviane Araujo,Alexis Davis,1,0.709712340604365,Women's Flyweight,womens_all,0.572055042906807,separate_group_model,0.709712340604365,0.643850049093935,0.643850049093935,0.572055042906807
2019-07-27,abcf7e55a0a9ed89,dbca9f6bb7290c0d,4e06913c91da5200,8e9eb3fc86db0f7d,Krzysztof Jotko,Marc-Andre Barriault,1,0.532779081889027,Middleweight,mens_welter_to_middle,0.584970336049843,separate_group_model,0.532779081889027,0.559037790986233,0.532779081889027,0.584970336049843
2019-07-27,abcf7e55a0a9ed89,7ed98f8d1ffae082,55ee431411ccf07a,eae48ff31db420c2,Olivier Aubin-Mercier,Arman Tsarukyan,0,0.423781696577553,Lightweight,mens_below_welterweight,0.354142708658953,separate_group_model,0.423781696577553,0.388392723892376,0.405965130521334,0.354142708658953
2019-07-27,abcf7e55a0a9ed89,e186bd5e556f1b5e,b997be68943010fc,d8da10db80131bec,Geoff Neal,Niko Price,1,0.621420257039405,Welterweight,mens_welter_to_middle,0.57301778872382,separate_group_model,0.621420257039405,0.597456337332699,0.621420257039405,0.57301778872382
2019-07-27,abcf7e55a0a9ed89,240e9389cca3bd18,39d91e95949de3d9,634bb0de2eb043b4,Felicia Spencer,Cristiane Justino,0,0.407997315773027,Women's Featherweight,womens_all,0.471859844744865,separate_group_model,0.407997315773027,0.439678947261969,0.439678947261969,0.471859844744865
2019-07-27,abcf7e55a0a9ed89,c4704eab5e2f51b8,150ff4cc642270b9,f2688492b9a525a3,Max Holloway,Frankie Edgar,1,0.549065655366436,Featherweight,mens_below_welterweight,0.774526750719683,separate_group_model,0.549065655366436,0.671609467573585,0.612108732908148,0.774526750719683
2019-08-03,03da33a102d9a45f,94560d1dc6248347,26e3f3928b1891d9,7559395ad833c074,Hannah Goldy,Miranda Granger,0,0.447611597782209,Women's Flyweight,womens_all,0.494357641679436,separate_group_model,0.447611597782209,0.470920861027288,0.470920861027288,0.494357641679436
2019-08-03,03da33a102d9a45f,f6ab2eec90980ac0,6f7c616b98e18c29,f9a20a17d712ef7c,Claudio Silva,Cole Williams,1,0.609296745751505,Welterweight,mens_welter_to_middle,0.543908562739721,separate_group_model,0.609296745751505,0.57693956074939,0.609296745751505,0.543908562739721
2019-08-03,03da33a102d9a45f,e3acb789f7dcd34c,729d4bd5a6cd0a97,82cbb809d5ee565c,Lauren Murphy,Mara Romero Borella,1,0.246794913176873,Women's Flyweight,womens_all,0.427377111705392,separate_group_model,0.246794913176873,0.330888285187321,0.330888285187321,0.427377111705392
2019-08-03,03da33a102d9a45f,60162c95d921d1ae,215a70f073a7b726,67c1d46f4ed16f9e,Jordan Espinosa,Matt Schnell,0,0.635950713018672,Flyweight,mens_below_welterweight,0.629745217331572,separate_group_model,0.635950713018672,0.632853469726194,0.634403481111318,0.629745217331572
2019-08-03,03da33a102d9a45f,326de7f7ec9e7035,3cf66c62d9069f43,d7338bcb141abd2c,Lucie Pudilova,Antonina Shevchenko,0,0.634499787989862,Women's Flyweight,womens_all,0.638167068485509,separate_group_model,0.634499787989862,0.636335409077322,0.636335409077322,0.638167068485509
2019-08-03,03da33a102d9a45f,f4bd11655adeb078,9e50097a89442158,cbf1c7ba5408a66f,Mickey Gall,Salim Touahri,1,0.270003235866149,Welterweight,mens_welter_to_middle,0.398580231502455,separate_group_model,0.270003235866149,0.331148478667738,0.270003235866149,0.398580231502455
2019-08-03,03da33a102d9a45f,cd6b799ec79c489a,025f0b1b58fbad01,8667caa0451d245b,Darko Stosic,Kennedy Nzechukwu,0,0.419213717749912,Light Heavyweight,mens_light_heavy_plus,0.379840327678705,separate_group_model,0.419213717749912,0.399364435248536,0.38955812357837,0.379840327678705
2019-08-03,03da33a102d9a45f,1d9f862a47540785,98a6b2361045898f,df1eb4354d18a906,Dong Hyun Ma,Scott Holtzman,0,0.261800453922212,Lightweight,mens_below_welterweight,0.294290424941145,separate_group_model,0.261800453922212,0.277753166247321,0.269702426696682,0.294290424941145
2019-08-03,03da33a102d9a45f,dc49373c52eedaa3,6ac9bc2953c47345,b27a1fcb56a3035a,Gerald Meerschaert,Trevin Giles,1,0.313338093595974,Middleweight,mens_welter_to_middle,0.514952172041399,separate_group_model,0.313338093595974,0.410386855945603,0.313338093595974,0.514952172041399
2019-08-03,03da33a102d9a45f,dbbd17b6995f014b,ae7fe94f117f98cf,b7b84ccd221be298,Joaquim Silva,Nasrat Haqparast,0,0.342363196048784,Lightweight,mens_below_welterweight,0.415574397585439,separate_group_model,0.342363196048784,0.378275513066825,0.360123663123237,0.415574397585439
2019-08-03,03da33a102d9a45f,e96d929f8207a3e0,c47df9303d318c67,d1941565abf50b16,Clay Guida,Jim Miller,0,0.556768074662138,Lightweight,mens_below_welterweight,0.481409862472708,separate_group_model,0.556768074662138,0.519198152240467,0.538037114881779,0.481409862472708
2019-08-03,03da33a102d9a45f,e139628170777bef,dc9572dd6ec74859,f2925e6db404bf1d,Colby Covington,Robbie Lawler,1,0.890128967255045,Welterweight,mens_welter_to_middle,0.803059352840649,separate_group_model,0.890128967255045,0.851800457407923,0.890128967255045,0.803059352840649
2019-08-10,e5d03e4d966126bd,494042bf96730bc0,4798e823ada58fe9,9673a497a9da119a,Veronica Hardy,Polyana Viana,1,0.332026597517834,Women's Flyweight,womens_all,0.519614419533983,separate_group_model,0.332026597517834,0.423049407952069,0.423049407952069,0.519614419533983
2019-08-10,e5d03e4d966126bd,975159720cfd0103,c3ded6f7155f9ea4,ec18eb918121787c,Alex Da Silva,Kazula Vargas,1,0.63218585610615,Lightweight,mens_below_welterweight,0.648263640200134,separate_group_model,0.63218585610615,0.64026410185485,0.636234582277465,0.648263640200134
2019-08-10,e5d03e4d966126bd,4c489b3c9d14cbc9,45f0cc9d18f35137,9cfbfae5fa1fdd93,Chris Gutierrez,Geraldo de Freitas,1,0.337433878850292,Bantamweight,mens_below_welterweight,0.388114821888766,separate_group_model,0.337433878850292,0.362392017384302,0.349810122105648,0.388114821888766
2019-08-10,e5d03e4d966126bd,cb4dd24535ef2d94,07a2bdaa0afdd831,82b4e942781b1046,Rogerio Bontorin,Raulian Paiva,1,0.273965624968155,Flyweight,mens_below_welterweight,0.250333725935651,separate_group_model,0.273965624968155,0.261977833641469,0.267929223933422,0.250333725935651
2019-08-10,e5d03e4d966126bd,d93b589bcec80ffe,31ef8b67e13495b3,cd2c4d30c6e13b47,Tecia Pennington,Marina Rodriguez,0,0.557883106464176,Women's Strawweight,womens_all,0.542319630139231,separate_group_model,0.557883106464176,0.550113630060552,0.550113630060552,0.542319630139231
2019-08-10,e5d03e4d966126bd,1d8a86d37c7ef3d3,41f90012b86a11bf,787bb1f087ccff8a,Raphael Pessoa,Ciryl Gane,0,0.460176297053443,Heavyweight,mens_light_heavy_plus,0.446852316141348,separate_group_model,0.460176297053443,0.453505980605301,0.450176920523147,0.446852316141348
2019-08-10,e5d03e4d966126bd,1019f2a9c012e949,23024fdfc966410a,e2ccd9a9ace60de7,Gilbert Burns,Aleksei Kunchenko,1,0.552693789241074,Welterweight,mens_welter_to_middle,0.547634516011053,separate_group_model,0.552693789241074,0.550165449729921,0.552693789241074,0.547634516011053
2019-08-10,e5d03e4d966126bd,4dd3035430a5ed43,be0b310a12eb80b4,d76ad9a08c4408ff,Enrique Barzola,Bobby Moffett,1,0.567746371188275,Featherweight,mens_below_welterweight,0.60100632117338,separate_group_model,0.567746371188275,0.584472534058558,0.576131256808958,0.60100632117338
2019-08-10,e5d03e4d966126bd,8da94b2c1c0443d4,1cf7ccf64a5bf24e,260e9e0d4954aea6,Oskar Piechota,Rodolfo Vieira,0,0.494159170096077,Middleweight,mens_welter_to_middle,0.526771815646691,separate_group_model,0.494159170096077,0.51047664055453,0.494159170096077,0.526771815646691
2019-08-10,e5d03e4d966126bd,f7cce33f6563dd72,0845c81e37d3bcb3,e9a3aeb207578eea,Volkan Oezdemir,Ilir Latifi,1,0.529395320909902,Light Heavyweight,mens_light_heavy_plus,0.597659888853269,separate_group_model,0.529395320909902,0.563829959921014,0.580839923161486,0.597659888853269
2019-08-10,e5d03e4d966126bd,aef94727eb3897df,2c2caf2f2bab9df5,7bde387d50829adf,Humberto Bandenay,Eduardo Garagorri,0,0.465083009679662,Featherweight,mens_below_welterweight,0.490917586206363,separate_group_model,0.465083009679662,0.477985576439658,0.471529537989867,0.490917586206363
2019-08-10,e5d03e4d966126bd,7feadf01c5920285,6d4b63c767106d3a,f2b6fdb20675b11c,Vicente Luque,Mike Perry,1,0.549577112491394,Welterweight,mens_welter_to_middle,0.522530702811499,separate_group_model,0.549577112491394,0.536080438842507,0.549577112491394,0.522530702811499
2019-08-10,e5d03e4d966126bd,9d80bd1f92d23dfa,132deb59abae64b1,51a0c09cbe9b8472,Valentina Shevchenko,Liz Carmouche,1,0.774199315059336,Women's Flyweight,womens_all,0.594762041923189,separate_group_model,0.774199315059336,0.691668610421053,0.691668610421053,0.594762041923189
2019-08-17,70167689d6a01793,51f955029dbf6978,122ac9b816d8b71c,70d2329a92864fdb,Shana Dobson,Sabina Mazo,0,0.347064130005589,Women's Flyweight,womens_all,0.464793192214825,separate_group_model,0.347064130005589,0.404556522965951,0.404556522965951,0.464793192214825
2019-08-17,70167689d6a01793,445d0d44091b902a,a7897d200692ab64,cc351e408bbb7d43,Kyung Ho Kang,Brandon Davis,1,0.292222115709881,Bantamweight,mens_below_welterweight,0.316604234195802,separate_group_model,0.292222115709881,0.304275780949029,0.298213927847784,0.316604234195802
2019-08-17,70167689d6a01793,8ebd6e9d41a51e31,2244d9a2b64b8c3b,411539901068522f,Hannah Cifers,Jodie Esquibel,1,0.660807859630381,Women's Strawweight,womens_all,0.535176639211229,separate_group_model,0.660807859630381,0.599628610108342,0.599628610108342,0.535176639211229
2019-08-17,70167689d6a01793,29de6ddc42a2e674,2dc1bc1a02961656,e7bba7ce4d6c7b07,Manny Bermudez,Casey Kenney,0,0.451789932290929,Catch Weight,unclassified,0.451789932290929,global_fallback_unclassified,0.451789932290929,0.451789932290929,0.451789932290929,0.451789932290929
2019-08-17,70167689d6a01793,25e1d17d072227c6,7cbf7c78d3b34218,de45aaae23dfa392,Drakkar Klose,Christos Giagos,1,0.503099750750303,Lightweight,mens_below_welterweight,0.569545954356416,separate_group_model,0.503099750750303,0.536484794942412,0.51981439189616,0.569545954356416
2019-08-17,70167689d6a01793,fba7d6a42f137938,2f13e4020cea5b38,65f09bacd3957381,Raphael Assuncao,Cory Sandhagen,0,0.422313039175239,Bantamweight,mens_below_welterweight,0.419020660646298,separate_group_model,0.422313039175239,0.420665967740302,0.421489285086332,0.419020660646298
2019-08-17,70167689d6a01793,2671de30a1736f51,207773daeb4afa7b,78e501478a36a018,Devonte Smith,Khama Worthy,0,0.767275377290705,Lightweight,mens_below_welterweight,0.756977192215267,separate_group_model,0.767275377290705,0.762164627760137,0.764729610468169,0.756977192215267
2019-08-17,70167689d6a01793,2eb56023c4a54504,2e585c701f72fe55,b1a3e0aca758b322,Ian Heinisch,Derek Brunson,0,0.439171685137554,Middleweight,mens_welter_to_middle,0.424164237387135,separate_group_model,0.439171685137554,0.431652274703033,0.439171685137554,0.424164237387135
2019-08-17,70167689d6a01793,ea43a5fe4ff9a3c4,436f970c9ea9169c,94426bb170c88115,Gabriel Benitez,Sodiq Yusuff,0,0.490938928740801,Featherweight,mens_below_welterweight,0.525185064461359,separate_group_model,0.490938928740801,0.508071465262461,0.499505051722386,0.525185064461359
2019-08-17,70167689d6a01793,3e16a71836e85212,2e5c2aa8e4ab9d82,f77c68bb4be8516d,Paulo Costa,Yoel Romero,1,0.335513923284667,Middleweight,mens_welter_to_middle,0.382073444643436,separate_group_model,0.335513923284667,0.358460194636478,0.335513923284667,0.382073444643436
2019-08-17,70167689d6a01793,f2ce79565c0820dd,8355922d564b152c,cbb682f5fcc44bfc,Nate Diaz,Anthony Pettis,1,0.31766549169463,Welterweight,mens_welter_to_middle,0.169913053403943,separate_group_model,0.31766549169463,0.235883477776401,0.31766549169463,0.169913053403943
2019-08-17,70167689d6a01793,6921344f8e706d0f,d28dee5c705991df,d967f0128c323de6,Stipe Miocic,Daniel Cormier,1,0.576401255547603,Heavyweight,mens_light_heavy_plus,0.592563416664011,separate_group_model,0.576401255547603,0.584505059025483,0.588540173503967,0.592563416664011
2019-08-31,2c104b7e59a72629,a072be4f806d360f,351c4ec637380ad5,e99821959a840bb8,Karol Rosa,Lara Procopio,1,0.484416004003708,Women's Bantamweight,womens_all,0.503516205850668,separate_group_model,0.484416004003708,0.493963902531073,0.493963902531073,0.503516205850668
2019-08-31,2c104b7e59a72629,2e001d8c2f6106fc,1897b7b913736a7c,3b0a516d2921e0d6,Alatengheili,Batgerel Danaa,1,0.504739378082201,Bantamweight,mens_below_welterweight,0.546378610616806,separate_group_model,0.504739378082201,0.52560350286588,0.5151780537499,0.546378610616806
2019-08-31,2c104b7e59a72629,060dfbc982c6c4ef,135d124172a0bea3,d945aae53e3e54e6,Damir Ismagulov,Thiago Moises,1,0.603648397805185,Lightweight,mens_below_welterweight,0.568791284147193,separate_group_model,0.603648397805185,0.58632794971322,0.595017746529228,0.568791284147193
2019-08-31,2c104b7e59a72629,5ff390f7bbf2bec8,74f9448b97bf8bec,c3218c810959d279,Da Woon Jung,Khadis Ibragimov,1,0.476716756870133,Light Heavyweight,mens_light_heavy_plus,0.489170277720487,separate_group_model,0.476716756870133,0.482940868508653,0.486055031551313,0.489170277720487
2019-08-31,2c104b7e59a72629,09b91014bd88f815,3cf18e01cb6cbde3,d0e50a3d1b250708,Sumudaerji,Andre Soukhamthath,1,0.583893782336273,Bantamweight,mens_below_welterweight,0.614499181391289,separate_group_model,0.583893782336273,0.599293303551932,0.591616023837239,0.614499181391289
2019-08-31,2c104b7e59a72629,8182dbc752c71137,093e1f5bb73850be,285ae0b4a68221f4,Anthony Hernandez,JunYong Park,1,0.574714190743112,Middleweight,mens_welter_to_middle,0.549768966518524,separate_group_model,0.574714190743112,0.56228094423085,0.574714190743112,0.549768966518524
2019-08-31,2c104b7e59a72629,5f900e4437e079b3,43a59ce3bb40449e,fdbefee0827e1567,Mizuki,Wu Yanan,1,0.515763632077825,Women's Flyweight,womens_all,0.349742286655082,separate_group_model,0.515763632077825,0.430809694100808,0.430809694100808,0.349742286655082
2019-08-31,2c104b7e59a72629,676561d9690ce31d,32490e80ddab1e5a,714e1e0681ddb703,Song Kenan,Derrick Krantz,1,0.481276068855956,Welterweight,mens_welter_to_middle,0.548974171946933,separate_group_model,0.481276068855956,0.515194822855539,0.481276068855956,0.548974171946933
2019-08-31,2c104b7e59a72629,b07188063c49b755,853eb0dd5c0e2149,f57dd0bfa8c17813,Kai Kara-France,Mark De La Rosa,1,0.613637725308523,Flyweight,mens_below_welterweight,0.602895425985743,separate_group_model,0.613637725308523,0.608279685550748,0.610962056005746,0.602895425985743
2019-08-31,2c104b7e59a72629,55480808b1fa1f9c,8adcbd525fab8d9b,e64b96c07d7ce999,Elizeu Zaleski dos Santos,Li Jingliang,0,0.609067835496598,Welterweight,mens_welter_to_middle,0.581497025417925,separate_group_model,0.609067835496598,0.595357650296333,0.609067835496598,0.581497025417925
2019-08-31,2c104b7e59a72629,357cf8a9b6737625,1ebe20ebbfa15e29,6a1901c62ab3870f,Zhang Weili,Jessica Andrade,1,0.399834341883807,Women's Strawweight,womens_all,0.584748332278355,separate_group_model,0.399834341883807,0.49201835193674,0.49201835193674,0.584748332278355
2019-09-07,a79bfbc01b2264d6,84d4b658851b7e0e,1e4f273069fb9e85,68c7ad953455c73f,Fares Ziam,Don Madge,0,0.561694541803515,Lightweight,mens_below_welterweight,0.653238654811916,separate_group_model,0.561694541803515,0.608419605604015,0.585248750881437,0.653238654811916
2019-09-07,a79bfbc01b2264d6,9a46f95c1c1e57f0,16690d100f995f8f,4ba8d454f762005d,Omari Akhmedov,Zak Cummings,1,0.417826486904784,Middleweight,mens_welter_to_middle,0.376269776044724,separate_group_model,0.417826486904784,0.396862115817868,0.417826486904784,0.376269776044724
2019-09-07,a79bfbc01b2264d6,43496ff308e681a0,447f9858ae78f921,49858bf46dabf6fb,Muslim Salikhov,Nordine Taleb,1,0.496842636833045,Welterweight,mens_welter_to_middle,0.472004649799301,separate_group_model,0.496842636833045,0.484414018578737,0.496842636833045,0.472004649799301
2019-09-07,a79bfbc01b2264d6,18aff757c54687f1,8abac218746e04ca,b1b0729d27936f2f,Takashi Sato,Belal Muhammad,0,0.298971934161742,Welterweight,mens_welter_to_middle,0.338256480351595,separate_group_model,0.298971934161742,0.318291195394879,0.298971934161742,0.338256480351595
2019-09-07,a79bfbc01b2264d6,2c7b788effdc1b4c,8f4eeaf7a0df7c1a,ee18ff42063174df,Teemu Packalen,Ottman Azaitar,0,0.520884955568733,Lightweight,mens_below_welterweight,0.379321542266936,separate_group_model,0.520884955568733,0.449072164414219,0.484900620618661,0.379321542266936
2019-09-07,a79bfbc01b2264d6,8e1ae2ae6694b131,539ed332b3078821,eebc23626e38f5dc,Sarah Moras,Liana Jojua,1,0.220069362519573,Women's Bantamweight,womens_all,0.436278714909276,separate_group_model,0.220069362519573,0.318479019910762,0.318479019910762,0.436278714909276
2019-09-07,a79bfbc01b2264d6,77f123712368bcbc,05fa626cb33d15b8,12f91bfa8f1f723b,Andrea Lee,Joanne Wood,0,0.736727071885976,Women's Flyweight,womens_all,0.478547363562949,separate_group_model,0.736727071885976,0.615758007602946,0.615758007602946,0.478547363562949
2019-09-07,a79bfbc01b2264d6,8accd04438b91262,8f5c8850b2484173,f53d4f21d1b5f2dc,Mairbek Taisumov,Diego Ferreira,0,0.538088490993722,Lightweight,mens_below_welterweight,0.57130112232316,separate_group_model,0.538088490993722,0.55475593911233,0.546435227133543,0.57130112232316
2019-09-07,a79bfbc01b2264d6,066756ea40b134a7,2f5cbecbbe18bac4,fa6796c55d6c5440,Shamil Abdurakhimov,Curtis Blaydes,0,0.153299750541388,Heavyweight,mens_light_heavy_plus,0.216943764508689,separate_group_model,0.153299750541388,0.182984149649068,0.199421701830815,0.216943764508689
2019-09-07,a79bfbc01b2264d6,849eb47d349f3fe4,0052de90691d4a93,275aca31f61ba28c,Davi Ramos,Islam Makhachev,0,0.413730509402909,Lightweight,mens_below_welterweight,0.439434092723443,separate_group_model,0.413730509402909,0.426532692800785,0.420118165929339,0.439434092723443
2019-09-07,a79bfbc01b2264d6,357a34207d70da69,64a50dad704d1d49,e5010b1b94ca5755,Edson Barboza,Paul Felder,0,0.423679210554931,Lightweight,mens_below_welterweight,0.412928634961102,separate_group_model,0.423679210554931,0.41829422057276,0.420984365572566,0.412928634961102
2019-09-07,a79bfbc01b2264d6,01a4827b3596d111,029eaff01e6bb8f0,032cc3922d871c7f,Dustin Poirier,Khabib Nurmagomedov,0,0.364695050263307,Lightweight,mens_below_welterweight,0.409079484350162,separate_group_model,0.364695050263307,0.386651903550407,0.375609553541416,0.409079484350162
2019-09-14,4834ff149dc9542a,acf658afda38d8af,873626e5547b5235,d2cd7a69cc55e7ed,Kyle Prepolec,Austin Hubbard,0,0.430176137472527,Lightweight,mens_below_welterweight,0.421540583596313,separate_group_model,0.430176137472527,0.425852706841351,0.428013048091305,0.421540583596313
2019-09-14,4834ff149dc9542a,241687ff5fe92331,35e1f9984ed64206,d2bc285ead803db0,Ryan MacDonald,Louis Smolka,0,0.574783431666193,Bantamweight,mens_below_welterweight,0.60607658212971,separate_group_model,0.574783431666193,0.590521652027296,0.582673594835771,0.60607658212971
2019-09-14,4834ff149dc9542a,462a95890423d3c6,4bd6b4800070b069,ebef46976554f975,Chas Skelly,Jordan Griffin,1,0.396219580170417,Featherweight,mens_below_welterweight,0.358460287525639,separate_group_model,0.396219580170417,0.377153549774974,0.386643126366409,0.358460287525639
2019-09-14,4834ff149dc9542a,14176809bcdafd01,2af2f2e26c4c0402,7b433309b0fd12aa,Hunter Azure,Brad Katona,1,0.494072399314692,Bantamweight,mens_below_welterweight,0.482642602941787,separate_group_model,0.494072399314692,0.488355979125174,0.491213902023891,0.482642602941787
2019-09-14,4834ff149dc9542a,9de23eb1471e592b,46e0d677f91bacc0,56709e66f1c6008f,Miles Johns,Cole Smith,1,0.55264288594062,Bantamweight,mens_below_welterweight,0.597186311716299,separate_group_model,0.55264288594062,0.575066967917537,0.563887585047383,0.597186311716299
2019-09-14,4834ff149dc9542a,9d3a38cc18807e10,441eacbe20e0e80b,c9cf753cfdf77fc2,Augusto Sakai,Marcin Tybura,1,0.502185864822313,Heavyweight,mens_light_heavy_plus,0.399162042683608,separate_group_model,0.502185864822313,0.450139480814478,0.424449854880858,0.399162042683608
2019-09-14,4834ff149dc9542a,92b98afec5eb4e05,67f272324a030d00,70e1f8a821b72c8b,Misha Cirkunov,Jimmy Crute,1,0.468713857106478,Light Heavyweight,mens_light_heavy_plus,0.492528922424544,separate_group_model,0.468713857106478,0.480610376245099,0.486567739880997,0.492528922424544
2019-09-14,4834ff149dc9542a,ece3a7a9e930ef9d,52e76bb4b3e852f3,65578a75fa7900e3,Antonio Carlos Junior,Uriah Hall,0,0.724093145369917,Middleweight,mens_welter_to_middle,0.745889499653392,separate_group_model,0.724093145369917,0.735134725213346,0.724093145369917,0.745889499653392
2019-09-14,4834ff149dc9542a,dadaee9624256e07,2ebfbe72ed703925,595db60957de51d3,Tristan Connelly,Michel Pereira,1,0.281845413214042,Welterweight,mens_welter_to_middle,0.318721541584196,separate_group_model,0.281845413214042,0.299959713651366,0.281845413214042,0.318721541584196
2019-09-14,4834ff149dc9542a,36d90f1812f0d432,1091d4d957141094,7ff97850e8c32bda,Nikita Krylov,Glover Teixeira,0,0.632967080335089,Light Heavyweight,mens_light_heavy_plus,0.59465423853497,separate_group_model,0.632967080335089,0.613987135850233,0.604361469425793,0.59465423853497
2019-09-14,4834ff149dc9542a,490724f8b3658f67,1d00756835ca67c9,9e8f6c728eb01124,Donald Cerrone,Justin Gaethje,0,0.705445620806622,Lightweight,mens_below_welterweight,0.692164688626543,separate_group_model,0.705445620806622,0.698846815671711,0.702156741069825,0.692164688626543
2019-09-21,94a5aaf573f780ad,4f7ec66199bba232,72e5e5a6edfa8223,d747eb273a40a920,Marcos Mariano,Claudio Puelles,0,0.483272091055418,Lightweight,mens_below_welterweight,0.34597339593317,separate_group_model,0.483272091055418,0.412931113569099,0.447840700735346,0.34597339593317
2019-09-21,94a5aaf573f780ad,c2b842fae4e9f1dc,4234f0097c83fa62,673ea7dcc786b1b3,Sijara Eubanks,Bethe Correia,0,0.813722355822473,Women's Bantamweight,womens_all,0.615914698860065,separate_group_model,0.813722355822473,0.725779233029862,0.725779233029862,0.615914698860065
2019-09-21,94a5aaf573f780ad,8cf6b22995c9efb8,acb36c908d415c4a,eabf206b162b3b83,Vinicius Moreira,Paul Craig,0,0.482559036894801,Light Heavyweight,mens_light_heavy_plus,0.425931668824017,separate_group_model,0.482559036894801,0.454096910227804,0.439965969645773,0.425931668824017
2019-09-21,94a5aaf573f780ad,d9c0351cd21e40e0,6e00cfffd54653c4,de75d1c45a39e221,Tyson Nam,Sergio Pettis,0,0.289515342253961,Flyweight,mens_below_welterweight,0.204548847924217,separate_group_model,0.289515342253961,0.244545005587184,0.266426389565327,0.204548847924217
2019-09-21,94a5aaf573f780ad,52311c2cd0c84d67,c0d5c0c95c59050b,f0feeb2192937424,Ariane Carnelossi,Angela Hill,0,0.668619334098986,Women's Strawweight,womens_all,0.475637598232784,separate_group_model,0.668619334098986,0.574982716340236,0.574982716340236,0.475637598232784
2019-09-21,94a5aaf573f780ad,ad878cdd4fa36a3a,31f8081c7600da93,edd02825c29028fe,Kyle Nelson,Marco Polo Reyes,1,0.510825209381347,Featherweight,mens_below_welterweight,0.524774971826269,separate_group_model,0.510825209381347,0.517803559500241,0.5143150821195,0.524774971826269
2019-09-21,94a5aaf573f780ad,953c89aa931082e4,225def29ecfe0fc1,36549928f90f1d36,Carlos Huachin,Jose Quinonez,0,0.35544508319567,Bantamweight,mens_below_welterweight,0.487627701870663,separate_group_model,0.35544508319567,0.420104534802501,0.387278419892742,0.487627701870663
2019-09-21,94a5aaf573f780ad,49b2a6a93d529981,9c44f290f5726d95,b93c06d09d1c4ac0,Martin Bravo,Steven Peterson,0,0.628832213795733,Featherweight,mens_below_welterweight,0.686960353064669,separate_group_model,0.628832213795733,0.658491376114179,0.643799685057972,0.686960353064669
2019-09-21,94a5aaf573f780ad,c163ed45c21c8548,578ef12674df1e6a,9b7dfb3b7d99926a,Irene Aldana,Vanessa Melo,1,0.42022875505696,Women's Bantamweight,womens_all,0.516089150987438,separate_group_model,0.42022875505696,0.467862420113101,0.467862420113101,0.516089150987438
2019-09-21,94a5aaf573f780ad,b2cdb4c34f37ad37,d910665038efc639,e8b731feff72294b,Carla Esparza,Alexa Grasso,1,0.461326314633794,Women's Strawweight,womens_all,0.448434559798741,separate_group_model,0.461326314633794,0.454872875622983,0.454872875622983,0.448434559798741
2019-09-28,1bf49bf829964144,fc16ccf0994c6e50,b8a85389d115e35a,f97c5433c77522d3,Jack Shore,Nohelin Hernandez,1,0.435976573256911,Bantamweight,mens_below_welterweight,0.479157937342648,separate_group_model,0.435976573256911,0.457487408890301,0.446707048338858,0.479157937342648
2019-09-28,1bf49bf829964144,951968aa52a84928,32c355b04fc57f3a,f9b200db02b488d9,Marc Diakiese,Lando Vannata,1,0.467721818366825,Lightweight,mens_below_welterweight,0.465115053963397,separate_group_model,0.467721818366825,0.466418206935381,0.467069956445904,0.465115053963397
2019-09-28,1bf49bf829964144,0a3df9b1918cfc2f,2eeaefbfc7f9fcff,9cdd2da1a9104a0b,Lina Lansberg,Macy Chiasson,1,0.162798517954171,Women's Bantamweight,womens_all,0.281508365925365,separate_group_model,0.162798517954171,0.216314969829479,0.216314969829479,0.281508365925365
2019-09-28,1bf49bf829964144,688908886d8ac900,9560ff14eb3129f7,cc351e408bbb7d43,Giga Chikadze,Brandon Davis,1,0.5177363104456,Featherweight,mens_below_welterweight,0.488735111048724,separate_group_model,0.5177363104456,0.503238434610125,0.510489578286184,0.488735111048724
2019-09-28,1bf49bf829964144,18d84b333b28de36,6a96ad1bc34fb113,aec185309b4843d0,Ismail Naurdiev,Siyar Bahadurzada,1,0.764491466912953,Welterweight,mens_welter_to_middle,0.69153216789269,separate_group_model,0.764491466912953,0.72955734815596,0.764491466912953,0.69153216789269
2019-09-28,1bf49bf829964144,d5e927306f5d859b,77d7295d1b22c694,ea7e5bc78d9de658,Alessio Di Chirico,Makhmud Muradov,0,0.503803681363439,Middleweight,mens_welter_to_middle,0.511779556766579,separate_group_model,0.503803681363439,0.5077921148776,0.503803681363439,0.511779556766579
2019-09-28,1bf49bf829964144,9fa3623172adb4cd,70fa1c64a2c439ef,e9ac7bfb65c25497,Alen Amedovski,John Phillips,0,0.625535869909972,Middleweight,mens_welter_to_middle,0.511683326429563,separate_group_model,0.625535869909972,0.569528384619159,0.625535869909972,0.511683326429563
2019-09-28,1bf49bf829964144,9c7b6a20f35fb708,57b10fca4f9c9a7a,9d19d9e4aa2662e8,Alex Oliveira,Nicolas Dalby,0,0.807658740039582,Welterweight,mens_welter_to_middle,0.746816448585746,separate_group_model,0.807658740039582,0.77873100928519,0.807658740039582,0.746816448585746
2019-09-28,1bf49bf829964144,b6dad3a9bf911bfd,0d65c432720accb9,50db8711c70196cd,Michal Oleksiejczuk,Ovince Saint Preux,0,0.671181970845984,Light Heavyweight,mens_light_heavy_plus,0.657231187942806,separate_group_model,0.671181970845984,0.664242410365651,0.660745611755446,0.657231187942806
2019-09-28,1bf49bf829964144,b44531903be4729a,749f572d1d3161fb,cd13728ae1151f46,Khalil Rountree Jr.,Ion Cutelaba,0,0.374758515877263,Light Heavyweight,mens_light_heavy_plus,0.364943713093111,separate_group_model,0.374758515877263,0.369837664504714,0.367387272297185,0.364943713093111
2019-09-28,1bf49bf829964144,7410ac7e4e5acb74,23024fdfc966410a,fd55393021a8c255,Gilbert Burns,Gunnar Nelson,1,0.470407476013068,Welterweight,mens_welter_to_middle,0.466133641750894,separate_group_model,0.470407476013068,0.468269976968766,0.470407476013068,0.466133641750894
2019-09-28,1bf49bf829964144,975840814b233bcd,c3f6db17cea09ca7,da0995f19b749cfa,Danilo Belluardo,Mark Madsen,0,0.619551063616672,Lightweight,mens_below_welterweight,0.613203747749449,separate_group_model,0.619551063616672,0.616382363124275,0.617967967667734,0.613203747749449
2019-09-28,1bf49bf829964144,476c31184332698e,0a1942069c9ad6b6,13a0275fa13c4d26,Jack Hermansson,Jared Cannonier,0,0.749432026574279,Middleweight,mens_welter_to_middle,0.594766359167577,separate_group_model,0.749432026574279,0.676918249980284,0.749432026574279,0.594766359167577
2019-10-05,3cf68c1d17f66af7,668d077ac9d7d3c9,6e7506127408aa9e,a20f234df70f2182,Nadia Kassem,Ji Yeon Kim,0,0.546828187588621,Women's Flyweight,womens_all,0.553701032555679,separate_group_model,0.546828187588621,0.550267008726728,0.550267008726728,0.553701032555679
2019-10-05,3cf68c1d17f66af7,b8c21a311f3f7953,862b0b3375aa4b6e,a0e75f4a13eb73f1,Zarah Fairn,Megan Anderson,0,0.629438454358299,Women's Featherweight,womens_all,0.408665100210217,separate_group_model,0.629438454358299,0.520029526330037,0.520029526330037,0.408665100210217
2019-10-05,3cf68c1d17f66af7,83d59f5e52e0ac46,37ed1ab2f8b819f4,af9f42e6894047fc,Brad Riddell,Jamie Mullarkey,1,0.454451103143069,Lightweight,mens_below_welterweight,0.482179063483865,separate_group_model,0.454451103143069,0.468290605497044,0.461363409739295,0.482179063483865
2019-10-05,3cf68c1d17f66af7,578987d534a0d205,8fc9ae9c7527dfcb,c549573c0df4d676,Callan Potter,Maki Pitolo,1,0.385033716614521,Welterweight,mens_welter_to_middle,0.450904108093332,separate_group_model,0.385033716614521,0.417601457762721,0.385033716614521,0.450904108093332
2019-10-05,3cf68c1d17f66af7,1cb7138b107b93b5,1fc64507a0cb38cf,a845f0735bc67405,Rostem Akman,Jake Matthews,0,0.318729666542145,Welterweight,mens_welter_to_middle,0.308611442300421,separate_group_model,0.318729666542145,0.313648398812786,0.318729666542145,0.308611442300421
2019-10-05,3cf68c1d17f66af7,9dfac33cd3ae4afd,1eff7bc0f815b270,e13abac8089a801a,Yorgan De Castro,Justin Tafa,1,0.402676350023342,Heavyweight,mens_light_heavy_plus,0.452278802615356,separate_group_model,0.402676350023342,0.427294838165282,0.439748657789924,0.452278802615356
2019-10-05,3cf68c1d17f66af7,fd0fd9a2d6ef8c4f,4c288a2b250bb576,e9213f53ddeca978,Luke Jumeau,Dhiego Lima,0,0.633831245044685,Welterweight,mens_welter_to_middle,0.56785176289749,separate_group_model,0.633831245044685,0.601301285410376,0.633831245044685,0.56785176289749
2019-10-05,3cf68c1d17f66af7,8cd7ca0e7b861b3d,c62fbc117d57b943,e2f6b2769aaedd6c,Tai Tuivasa,Serghei Spivac,0,0.581020114945679,Heavyweight,mens_light_heavy_plus,0.538694951133345,separate_group_model,0.581020114945679,0.559966523094434,0.549353288092036,0.538694951133345
2019-10-05,3cf68c1d17f66af7,0697d5520b74a8df,193b9d1858bc4df3,59279a7c978f7da0,Dan Hooker,Al Iaquinta,1,0.508963245609136,Lightweight,mens_below_welterweight,0.436111788858264,separate_group_model,0.508963245609136,0.472390538810401,0.490664400910128,0.436111788858264
2019-10-05,3cf68c1d17f66af7,2556b7520536ce1d,1338e2c7480bdf9e,e1147d3d2dabe1ce,Israel Adesanya,Robert Whittaker,1,0.608183627820023,Middleweight,mens_welter_to_middle,0.684019824132682,separate_group_model,0.608183627820023,0.647026779728498,0.608183627820023,0.684019824132682
2019-10-12,0941df56f6ac954b,64bee58391921b4b,6fd953151d981979,f923e012414c883e,JJ Aldrich,Lauren Mueller,1,0.62060316975008,Women's Flyweight,womens_all,0.50491320540012,separate_group_model,0.62060316975008,0.563623557280866,0.563623557280866,0.50491320540012
2019-10-12,0941df56f6ac954b,bac178dea57bd545,7acbb0972e75281a,fccf811c1e8b01c7,Marvin Vettori,Andrew Sanchez,1,0.731079833531801,Middleweight,mens_welter_to_middle,0.566010344100074,separate_group_model,0.731079833531801,0.653135383020286,0.731079833531801,0.566010344100074
2019-10-12,0941df56f6ac954b,1d26ceb1c995655e,82d4c957649faf9b,c487223b0289bda9,Miguel Baeza,Hector Aldana,1,0.559587831938643,Welterweight,mens_welter_to_middle,0.555902847889662,separate_group_model,0.559587831938643,0.557746134655604,0.559587831938643,0.555902847889662
2019-10-12,0941df56f6ac954b,70f01e9ff0b4e519,5f6f049d54728e88,7c7332319c14094c,Andre Ewell,Marlon Vera,0,0.309193510193537,Bantamweight,mens_below_welterweight,0.254807045196055,separate_group_model,0.309193510193537,0.281200501799805,0.295003948128347,0.254807045196055
2019-10-12,0941df56f6ac954b,18dde81d45ac2232,aa72b0f831d0bfe5,c96d9178c9ed9e62,Deiveson Figueiredo,Tim Elliott,1,0.747705288307962,Flyweight,mens_below_welterweight,0.858646775361495,separate_group_model,0.747705288307962,0.809266848028206,0.780028452522025,0.858646775361495
2019-10-12,0941df56f6ac954b,c5b8a996eff18540,b0d6a1d8ac3d563d,cdb96af67d096b1e,Max Griffin,Alex Morono,0,0.429700247918841,Welterweight,mens_welter_to_middle,0.48087584961885,separate_group_model,0.429700247918841,0.455169691819887,0.429700247918841,0.48087584961885
2019-10-12,0941df56f6ac954b,6a0217099efee13f,e7f51d9f9e9259e7,fb3e61720be4690c,Thomas Gifford,Mike Davis,0,0.483852848333408,Lightweight,mens_below_welterweight,0.485471631139491,separate_group_model,0.483852848333408,0.484662199506535,0.484257513597634,0.485471631139491
2019-10-12,0941df56f6ac954b,25548d526c3a7587,a67f5afa8d6a1b80,cc7040fe76f0ef91,Ryan Spann,Devin Clark,1,0.651830235945261,Light Heavyweight,mens_light_heavy_plus,0.625406401539508,separate_group_model,0.651830235945261,0.638723249015858,0.632090007038984,0.625406401539508
2019-10-12,0941df56f6ac954b,834f67e96612cd6f,6ac9bc2953c47345,cad24459b28592ca,Gerald Meerschaert,Eryk Anders,0,0.445454330921512,Middleweight,mens_welter_to_middle,0.561866183249754,separate_group_model,0.445454330921512,0.503710544069444,0.445454330921512,0.561866183249754
2019-10-12,0941df56f6ac954b,bed2710e06dabe6a,2844b047183a1adb,dccb63727f2f5f74,Luis Pena,Matt Frevola,0,0.731228201272816,Lightweight,mens_below_welterweight,0.623783302548635,separate_group_model,0.731228201272816,0.679886514381523,0.706211907103223,0.623783302548635
2019-10-12,0941df56f6ac954b,2d7f29ec900a8948,7447e9f28508106a,beecb672a279223e,Mackenzie Dern,Amanda Ribas,0,0.367355523727676,Women's Strawweight,womens_all,0.543202262544333,separate_group_model,0.367355523727676,0.453839634327814,0.453839634327814,0.543202262544333
2019-10-12,0941df56f6ac954b,f3169b755afcdc5b,6256b2b1562cb8e1,d8da10db80131bec,James Vick,Niko Price,0,0.655752262060732,Welterweight,mens_welter_to_middle,0.620463257962672,separate_group_model,0.655752262060732,0.638294225299647,0.655752262060732,0.620463257962672
2019-10-12,0941df56f6ac954b,707ba52845d399c9,242d36d241b43c12,d247691a6c0e9034,Kron Gracie,Cub Swanson,0,0.612936586651953,Featherweight,mens_below_welterweight,0.589772046279597,separate_group_model,0.612936586651953,0.601411066438213,0.607188751043578,0.589772046279597
2019-10-12,0941df56f6ac954b,f61f5adf7e0a80c4,3d6749c4267da18f,eb04b9d31e938edb,Joanna Jedrzejczyk,Michelle Waterson-Gomez,1,0.676338775620653,Women's Strawweight,womens_all,0.593431640386433,separate_group_model,0.676338775620653,0.635893187451368,0.635893187451368,0.593431640386433
2019-10-18,3ae10ac4df3df05c,1e3d3545b6dd13a7,04c8b08b16a5b99e,f86cb5f25d545e0e,Tanner Boser,Daniel Spitz,1,0.640144265924671,Heavyweight,mens_light_heavy_plus,0.556687415514568,separate_group_model,0.640144265924671,0.599134356546814,0.578055027403223,0.556687415514568
2019-10-18,3ae10ac4df3df05c,74b44635535cb290,2f181c0467965b98,3a46b268013afede,Brendan Allen,Kevin Holland,1,0.427314907540721,Middleweight,mens_welter_to_middle,0.407370137227939,separate_group_model,0.427314907540721,0.417308703683566,0.427314907540721,0.407370137227939
2019-10-18,3ae10ac4df3df05c,26d75187369ecf2c,45f7cb591c3ab00b,523fa774700d7d3f,Sean Brady,Court McGee,1,0.561986650351412,Welterweight,mens_welter_to_middle,0.500511599273341,separate_group_model,0.561986650351412,0.531368137346553,0.561986650351412,0.500511599273341
2019-10-18,3ae10ac4df3df05c,38d6c2538ce6ec4c,325ad0dd9126d3df,98e946879ba20c0f,Randy Costa,Boston Salmon,1,0.611284502388153,Bantamweight,mens_below_welterweight,0.586414917008144,separate_group_model,0.611284502388153,0.598913377308947,0.605115771037987,0.586414917008144
2019-10-18,3ae10ac4df3df05c,9c3fb95a1558b38d,4682bc59d5f55145,c5af5750e8bae4f0,Sean Woodson,Kyle Bochniak,1,0.627566704070929,Featherweight,mens_below_welterweight,0.603105682172669,separate_group_model,0.627566704070929,0.615409130646537,0.62150700388819,0.603105682172669
2019-10-18,3ae10ac4df3df05c,baf17e5e1fe1c744,51018a31ddf31eb2,d7e40dca3ae125be,Molly McCann,Diana Belbita,1,0.437384139515391,Women's Flyweight,womens_all,0.429638783347677,separate_group_model,0.437384139515391,0.433507400694446,0.433507400694446,0.429638783347677
2019-10-18,3ae10ac4df3df05c,076c98ac0561521f,2dc1bc1a02961656,40093d1d2d78394e,Manny Bermudez,Charles Rosa,0,0.683875839862266,Featherweight,mens_below_welterweight,0.646977328886432,separate_group_model,0.683875839862266,0.665679932552072,0.674843836946899,0.646977328886432
2019-10-18,3ae10ac4df3df05c,93f3e9b9f093ad57,483a953b18d73bb3,a17ad5a5048e8c3f,Deron Winn,Darren Stewart,0,0.26932011025331,Middleweight,mens_welter_to_middle,0.247250757123803,separate_group_model,0.26932011025331,0.258131672843175,0.26932011025331,0.247250757123803
2019-10-18,3ae10ac4df3df05c,7510b0c96f5707ea,38c7f72747f4f712,6a740daf1b279661,Gillian Robertson,Maycee Barber,0,0.306294480829015,Women's Flyweight,womens_all,0.601579139712708,separate_group_model,0.306294480829015,0.449491446382178,0.449491446382178,0.601579139712708
2019-10-18,3ae10ac4df3df05c,57d989702ae72dc1,3bad7ef643840f67,87c0b1c696ddfb43,Joe Lauzon,Jonathan Pearce,1,0.123902699023306,Lightweight,mens_below_welterweight,0.122900415966358,separate_group_model,0.123902699023306,0.123400683154926,0.123651472268298,0.122900415966358
2019-10-18,3ae10ac4df3df05c,d2dc6fb05ad78d80,18968f97ad34f15c,cbf5e6f231b55443,Jeremy Stephens,Yair Rodriguez,0,0.4850052071213,Featherweight,mens_below_welterweight,0.345142025977623,separate_group_model,0.4850052071213,0.413326703658011,0.448900660293097,0.345142025977623
2019-10-18,3ae10ac4df3df05c,0d1d7cfb2a48d5ec,2e19380f34871c6a,3a8176e15b9887c1,Dominick Reyes,Chris Weidman,1,0.364412597333892,Light Heavyweight,mens_light_heavy_plus,0.337803421449764,separate_group_model,0.364412597333892,0.350992229941346,0.344367850734105,0.337803421449764
2019-10-26,df05aa15b2d66f57,3d9aeef58dd0b51b,41f90012b86a11bf,6a11e325aa60ad02,Raphael Pessoa,Jeff Hughes,1,0.473802749061149,Heavyweight,mens_light_heavy_plus,0.522728595070986,separate_group_model,0.473802749061149,0.498261510526854,0.510501342076331,0.522728595070986
2019-10-26,df05aa15b2d66f57,4ea4d0a73a90bfb0,4e30e4250cb08b61,e76d9f656ceb82ab,Loma Lookboonmee,Aleksandra Albu,1,0.644980796073799,Women's Strawweight,womens_all,0.475086072063708,separate_group_model,0.644980796073799,0.561845465845768,0.561845465845768,0.475086072063708
2019-10-26,df05aa15b2d66f57,cc477d322638ba30,068f8a189a47fea6,f14cf73e51b29254,Maurice Greene,Sergei Pavlovich,0,0.315057777489933,Heavyweight,mens_light_heavy_plus,0.392908427269384,separate_group_model,0.315057777489933,0.353008560611643,0.372741891835444,0.392908427269384
2019-10-26,df05aa15b2d66f57,a4527094aa107b55,76e2870ffafbe38f,be0b310a12eb80b4,Movsar Evloev,Enrique Barzola,1,0.543747547418449,Featherweight,mens_below_welterweight,0.49333928427434,separate_group_model,0.543747547418449,0.518590719965192,0.531188949169393,0.49333928427434
2019-10-26,df05aa15b2d66f57,1c91deb42b991d18,c17041f1bb5768d8,c814b4c899793af6,Alex White,Rafael Fiziev,0,0.334443544171429,Lightweight,mens_below_welterweight,0.248763435737628,separate_group_model,0.334443544171429,0.289731837448466,0.311649051685143,0.248763435737628
2019-10-26,df05aa15b2d66f57,1f9a6f2120835615,4a57ebb14315b251,b4c6c904a9ffc5e8,Randa Markos,Ashley Yoder,1,0.431319379158892,Women's Strawweight,womens_all,0.436558568306052,separate_group_model,0.431319379158892,0.433937128148044,0.433937128148044,0.436558568306052
2019-10-26,df05aa15b2d66f57,89266a872e1f92d9,447f9858ae78f921,a12a8314adc1c1c9,Muslim Salikhov,Laureano Staropoli,1,0.453623901833108,Welterweight,mens_welter_to_middle,0.568349874374265,separate_group_model,0.453623901833108,0.511133499502682,0.453623901833108,0.568349874374265
2019-10-26,df05aa15b2d66f57,41b75c9222c33cdf,1a9480fc288e55d7,787bb1f087ccff8a,Don'Tale Mayes,Ciryl Gane,0,0.408058625806148,Heavyweight,mens_light_heavy_plus,0.45523812126052,separate_group_model,0.408058625806148,0.431492972714232,0.443333180928102,0.45523812126052
2019-10-26,df05aa15b2d66f57,b2d05ae88f820421,08af939f41b5a57b,764342d39cdaa54a,Beneil Dariush,Frank Camacho,1,0.81762535294926,Lightweight,mens_below_welterweight,0.811383174500606,separate_group_model,0.81762535294926,0.814524543257895,0.816080010089823,0.811383174500606
2019-10-26,df05aa15b2d66f57,3162ae3ccbf785ac,31a13532e724ca2b,511e82663651438d,Stevie Ray,Michael Johnson,1,0.410975931956278,Lightweight,mens_below_welterweight,0.496675125724048,separate_group_model,0.410975931956278,0.453480915406383,0.432103456666975,0.496675125724048
2019-10-26,df05aa15b2d66f57,241a0833e1c76804,0b31f87be71ebbb1,427b5953ac8e3a27,Ben Askren,Demian Maia,0,0.295384940560053,Welterweight,mens_welter_to_middle,0.295437118300193,separate_group_model,0.295384940560053,0.295411028761117,0.295384940560053,0.295437118300193
2019-11-02,fd87b1bbfcde9d5e,d7cbe2f23d75afd1,1291edf2d566a71a,2c9d00968f818270,Julio Arce,Hakeem Dawodu,0,0.450966501750061,Featherweight,mens_below_welterweight,0.499343288365672,separate_group_model,0.450966501750061,0.475096468385509,0.463009828888133,0.499343288365672
2019-11-02,fd87b1bbfcde9d5e,a6c29d2cb319d923,1ddb480b601cefb1,4e0692ad070976e4,Chance Rencountre,Lyman Good,0,0.385788025042441,Welterweight,mens_welter_to_middle,0.434062990809378,separate_group_model,0.385788025042441,0.409708009270013,0.385788025042441,0.434062990809378
2019-11-02,fd87b1bbfcde9d5e,515ecc54219bcc4c,8e1f36476ef02a6a,e872e9a9a902c045,Jennifer Maia,Katlyn Cerminara,0,0.378173840911808,Women's Flyweight,womens_all,0.489644809721477,separate_group_model,0.378173840911808,0.433062592448705,0.433062592448705,0.489644809721477
2019-11-02,fd87b1bbfcde9d5e,83f7c3b91a402306,2cd428e9606856fd,3738e68d2261e60f,Jairzinho Rozenstruik,Andrei Arlovski,1,0.616563887304714,Heavyweight,mens_light_heavy_plus,0.502746762160885,separate_group_model,0.616563887304714,0.560449873905778,0.531704306970709,0.502746762160885
2019-11-02,fd87b1bbfcde9d5e,a3e8ef1ce72a7d02,0c6d9ea8306c029e,4144798612ef96e5,Brad Tavares,Edmen Shahbazyan,0,0.162155642060169,Middleweight,mens_welter_to_middle,0.18827689033492,separate_group_model,0.162155642060169,0.174832120393706,0.162155642060169,0.18827689033492
2019-11-02,fd87b1bbfcde9d5e,216fddf542707629,87a1dc546b1c5caf,98d961097baaf308,Makwan Amirkhani,Shane Burgos,0,0.464352209913463,Featherweight,mens_below_welterweight,0.490565737060071,separate_group_model,0.464352209913463,0.477443442183057,0.470892820689522,0.490565737060071
2019-11-02,fd87b1bbfcde9d5e,a2af14e9dba37b03,5e4eec08896c9423,c21f26bbde777573,Corey Anderson,Johnny Walker,1,0.564754306543115,Light Heavyweight,mens_light_heavy_plus,0.466955205986027,separate_group_model,0.564754306543115,0.516008023227814,0.491461062415956,0.466955205986027
2019-11-02,fd87b1bbfcde9d5e,d5955b81c26230ff,84ff027394f7e470,ee9ebceabfd16fa7,Gregor Gillespie,Kevin Lee,0,0.505199459348421,Lightweight,mens_below_welterweight,0.459931215800601,separate_group_model,0.505199459348421,0.482529493097563,0.493861320912428,0.459931215800601
2019-11-02,fd87b1bbfcde9d5e,f870cacadb058733,1788eee370f077b7,d3df1add9d9a7efb,Blagoy Ivanov,Derrick Lewis,0,0.374164664307564,Heavyweight,mens_light_heavy_plus,0.481228463668765,separate_group_model,0.374164664307564,0.426839826352069,0.453896599505004,0.481228463668765
2019-11-02,fd87b1bbfcde9d5e,28deed0ab55ca350,4a28cb716c19157a,6d4b63c767106d3a,Stephen Thompson,Vicente Luque,1,0.373740402313129,Welterweight,mens_welter_to_middle,0.406863606177694,separate_group_model,0.373740402313129,0.390175409968975,0.373740402313129,0.406863606177694
2019-11-02,fd87b1bbfcde9d5e,7c40aa2cb6883a91,8c0580d4fff106c1,9ce6d5a03af801b7,Kelvin Gastelum,Darren Till,0,0.403614435642257,Middleweight,mens_welter_to_middle,0.483682391649337,separate_group_model,0.403614435642257,0.443280080026216,0.403614435642257,0.483682391649337
2019-11-02,fd87b1bbfcde9d5e,ac0a63ad13897564,47b9e0e7703a4868,8355922d564b152c,Jorge Masvidal,Nate Diaz,1,0.611960107395646,Welterweight,mens_welter_to_middle,0.587767326810407,separate_group_model,0.611960107395646,0.599924633558552,0.611960107395646,0.587767326810407
2019-11-09,8d5daf67983b65ba,f0418c2c989a5cde,113df4fde64735c6,d3fa5c5955397532,Davey Grant,Grigory Popov,1,0.550030618379845,Bantamweight,mens_below_welterweight,0.36908269062469,separate_group_model,0.550030618379845,0.45817798401902,0.504139225833809,0.36908269062469
2019-11-09,8d5daf67983b65ba,c814ef3b3a26e2fe,6c8072b61c276e67,91dac5e69e28d5b5,Jessica-Rose Clark,Pannie Kianzad,0,0.459294220995275,Women's Bantamweight,womens_all,0.530800192029769,separate_group_model,0.459294220995275,0.495021749690804,0.495021749690804,0.530800192029769
2019-11-09,8d5daf67983b65ba,a7807ab56cb49cad,37c5366d18ed6c05,d06f8869449ba7bd,Roosevelt Roberts,Alexander Yakovlev,1,0.60199032250701,Lightweight,mens_below_welterweight,0.70983981919198,separate_group_model,0.60199032250701,0.657953065000573,0.630409819120906,0.70983981919198
2019-11-09,8d5daf67983b65ba,1af574c0814429ac,029e1293e609fd74,3bb2dc8e87b10a46,Abubakar Nurmagomedov,David Zawada,0,0.461353490178156,Welterweight,mens_welter_to_middle,0.523649432525908,separate_group_model,0.461353490178156,0.492472241145058,0.461353490178156,0.523649432525908
2019-11-09,8d5daf67983b65ba,495e64df4c4ce7a7,37d5b176d438d2a5,9d83f6da776ff7d6,Karl Roberson,Roman Kopylov,1,0.549401753441623,Middleweight,mens_welter_to_middle,0.701108790071414,separate_group_model,0.549401753441623,0.62841394491585,0.549401753441623,0.701108790071414
2019-11-09,8d5daf67983b65ba,c8dfcbee63266273,90da09db03e41748,9b7694d064a8a0ad,Sergey Khandozhko,Rustam Khabilov,0,0.238348631380186,Welterweight,mens_welter_to_middle,0.286475742867534,separate_group_model,0.238348631380186,0.261698629624564,0.238348631380186,0.286475742867534
2019-11-09,8d5daf67983b65ba,343749a2f7c5d78b,ce632027bf2a871b,d802174b0c0c1f4e,Dalcha Lungiambula,Magomed Ankalaev,0,0.492833323900921,Light Heavyweight,mens_light_heavy_plus,0.615082879790517,separate_group_model,0.492833323900921,0.554786684085692,0.585253979232695,0.615082879790517
2019-11-09,8d5daf67983b65ba,f820c6292e19d854,0d980975001ae3d8,7279654c7674cd24,Shamil Gamzatov,Klidson Abreu,1,0.428626267194312,Light Heavyweight,mens_light_heavy_plus,0.51486543054745,separate_group_model,0.428626267194312,0.47153345435444,0.493186646917798,0.51486543054745
2019-11-09,8d5daf67983b65ba,1317d7cd79495a0e,5331b25a60417ffb,abd5fb12437eda21,Anthony Rocco Martin,Ramazan Emeev,1,0.619124505391422,Welterweight,mens_welter_to_middle,0.602548936434142,separate_group_model,0.619124505391422,0.610868756712578,0.619124505391422,0.602548936434142
2019-11-09,8d5daf67983b65ba,408fc024d3e91b0e,06f36cf4bd97ec77,c3218c810959d279,Ed Herman,Khadis Ibragimov,1,0.211330616614976,Light Heavyweight,mens_light_heavy_plus,0.380715524592286,separate_group_model,0.211330616614976,0.288697607866783,0.333118281270528,0.380715524592286
2019-11-09,8d5daf67983b65ba,071a1cd551b7b4d5,7f0f171414d0a287,a6cba6bb66c1a8c9,Zelim Imadaev,Danny Roberts,0,0.747071608492001,Welterweight,mens_welter_to_middle,0.549781972185639,separate_group_model,0.747071608492001,0.655074885099362,0.747071608492001,0.549781972185639
2019-11-09,8d5daf67983b65ba,3cd1f2c31b4e325a,279566840aa55bf2,85073dbd1be65ed9,Alexander Volkov,Greg Hardy,1,0.54759775470181,Heavyweight,mens_light_heavy_plus,0.606441574183892,separate_group_model,0.54759775470181,0.577293830275837,0.591948552699122,0.606441574183892
2019-11-09,8d5daf67983b65ba,c3bb60dc82345a9f,751de04455cfaac0,87aa9fb63d6b51a1,Calvin Kattar,Zabit Magomedsharipov,0,0.20815512778503,Featherweight,mens_below_welterweight,0.266796924447484,separate_group_model,0.20815512778503,0.236221408247899,0.221871178751119,0.266796924447484
2019-11-16,81ca2c245b19b3c5,18e1b0df8da7010e,68d4a891e5cf2029,9b7dfb3b7d99926a,Tracy Cortez,Vanessa Melo,1,0.676416985407025,Women's Bantamweight,womens_all,0.582679707992915,separate_group_model,0.676416985407025,0.630781015015379,0.630781015015379,0.582679707992915
2019-11-16,81ca2c245b19b3c5,1800ffbb34ac7ed8,6551c64fbcd1a467,e0f959f65d0406b4,Ariane da Silva,Isabela de Padua,1,0.458373768404811,Women's Flyweight,womens_all,0.52052073012289,separate_group_model,0.458373768404811,0.489406315556329,0.489406315556329,0.52052073012289
2019-11-16,81ca2c245b19b3c5,80ce8f7d988d5e57,2c99576fefe53c7c,3a314d9fa7c6825d,Renan Barao,Douglas Silva de Andrade,0,0.496629508985521,Featherweight,mens_below_welterweight,0.549961967669108,separate_group_model,0.496629508985521,0.523362333985671,0.510003072981319,0.549961967669108
2019-11-16,81ca2c245b19b3c5,e6a0f19af995c432,c6aee362c7a7d482,d317a5e2b3f88c5f,Randy Brown,Warlley Alves,1,0.443063373350765,Welterweight,mens_welter_to_middle,0.46464560195094,separate_group_model,0.443063373350765,0.453832798483216,0.443063373350765,0.46464560195094
2019-11-16,81ca2c245b19b3c5,22307b580e0c8d0d,887961364be5ceb3,a8283a4f415e1eb9,King Green,Francisco Trinaldo,0,0.524070519896935,Lightweight,mens_below_welterweight,0.537789312328834,separate_group_model,0.524070519896935,0.530935760755522,0.527504440587025,0.537789312328834
2019-11-16,81ca2c245b19b3c5,094790e50afae55e,1ae8f3c723aacff4,7bde387d50829adf,Ricardo Ramos,Eduardo Garagorri,1,0.722474397928869,Featherweight,mens_below_welterweight,0.739176557477983,separate_group_model,0.722474397928869,0.730907346254842,0.726711166576021,0.739176557477983
2019-11-16,81ca2c245b19b3c5,aa232e53d285cc6d,1bcaac2d99b90fce,8f6a18831a120817,Sergio Moraes,James Krause,0,0.365727029074118,Welterweight,mens_welter_to_middle,0.390208298415957,separate_group_model,0.365727029074118,0.377889840451523,0.365727029074118,0.390208298415957
2019-11-16,81ca2c245b19b3c5,9e1ecdb9a8856a8c,2ac4628c08ec5125,4dcfb28c011c11b2,Markus Perez,Wellington Turman,0,0.357954555797072,Middleweight,mens_welter_to_middle,0.422930915250434,separate_group_model,0.357954555797072,0.389954590991682,0.357954555797072,0.422930915250434
2019-11-16,81ca2c245b19b3c5,57b111b54a2d2323,61fb8098ccf81c7f,886264a0c9f4ea5e,Antonio Arroyo,Andre Muniz,0,0.43482949124029,Middleweight,mens_welter_to_middle,0.465312426973328,separate_group_model,0.43482949124029,0.450024052816474,0.43482949124029,0.465312426973328
2019-11-16,81ca2c245b19b3c5,7afe2a15ae7359e9,07225ba28ae309b6,7026eca45f65377b,Charles Oliveira,Jared Gordon,1,0.857463864930798,Lightweight,mens_below_welterweight,0.844522321978891,separate_group_model,0.857463864930798,0.851109067598474,0.854315204845236,0.844522321978891
2019-11-16,81ca2c245b19b3c5,c04274c8caa505dd,7a703c565ccaa18f,99df7d0a2a08a8a8,Jacare Souza,Jan Blachowicz,0,0.614391399393705,Light Heavyweight,mens_light_heavy_plus,0.418079329489018,separate_group_model,0.614391399393705,0.516886872454488,0.467161122026591,0.418079329489018
2019-12-07,b09890ba7ce1d1e2,81af3b60203d92df,ea7e5bc78d9de658,f797f0c57a83353e,Makhmud Muradov,Trevor Smith,1,0.634280825888356,Middleweight,mens_welter_to_middle,0.570477324222948,separate_group_model,0.634280825888356,0.602816025171857,0.634280825888356,0.570477324222948
2019-12-07,b09890ba7ce1d1e2,652a956adab8ad0e,19b7738321cfae42,7dda2cf308f24a02,Mallory Martin,Virna Jandiroba,0,0.450551117256042,Women's Strawweight,womens_all,0.449657572357027,separate_group_model,0.450551117256042,0.450104304567981,0.450104304567981,0.449657572357027
2019-12-07,b09890ba7ce1d1e2,a3f89ad71e1caa81,af65aa688d13eedf,eb29176b03dfa888,Joe Solecki,Matt Wiman,1,0.821481684234982,Lightweight,mens_below_welterweight,0.837348388296159,separate_group_model,0.821481684234982,0.829561687535982,0.825558580119802,0.837348388296159
2019-12-07,b09890ba7ce1d1e2,fa3f04be9344804b,5b8ba8f5512893b1,d9c6f19f958643e9,Matt Sayles,Bryce Mitchell,0,0.532503888715843,Featherweight,mens_below_welterweight,0.579367049695126,separate_group_model,0.532503888715843,0.55606014990241,0.544306799513302,0.579367049695126
2019-12-07,b09890ba7ce1d1e2,d9501c6985c1b38d,637bd06c32219f0b,aa171d55d4b5208f,Jacob Kilburn,Billy Quarantillo,0,0.61149801065771,Featherweight,mens_below_welterweight,0.642082827189144,separate_group_model,0.61149801065771,0.62691730891233,0.619237718122695,0.642082827189144
2019-12-07,b09890ba7ce1d1e2,57d04160f5438654,31ee470ef5dc8d7f,4b47e71384a9522f,Thiago Alves,Tim Means,0,0.303617559045535,Welterweight,mens_welter_to_middle,0.40593762633954,separate_group_model,0.303617559045535,0.353096108266162,0.303617559045535,0.40593762633954
2019-12-07,b09890ba7ce1d1e2,b9ff9ebe19ae6358,05339613bf8e9808,5987b2458f4b5290,Rob Font,Ricky Simon,1,0.478273115369878,Bantamweight,mens_below_welterweight,0.475792736066738,separate_group_model,0.478273115369878,0.477032784118762,0.477652915296269,0.475792736066738
2019-12-07,b09890ba7ce1d1e2,b5365d22172e414b,3143bf892608139a,d4691518d012b9e7,Yana Santos,Aspen Ladd,0,0.488923220912273,Women's Bantamweight,womens_all,0.369796905483508,separate_group_model,0.488923220912273,0.428321845442782,0.428321845442782,0.369796905483508
2019-12-07,b09890ba7ce1d1e2,bbc8e8a69e9bd106,bd58d34e39b7b12a,ebc1f40e00e0c481,Ben Rothwell,Stefan Struve,1,0.575393625982235,Heavyweight,mens_light_heavy_plus,0.466313605679049,separate_group_model,0.575393625982235,0.521105177617525,0.493690446627129,0.466313605679049
2019-12-07,b09890ba7ce1d1e2,e91f289f1b9f9519,2cd428e9606856fd,b4ad3a06ee4d660c,Jairzinho Rozenstruik,Alistair Overeem,1,0.449829254753469,Heavyweight,mens_light_heavy_plus,0.461772562851128,separate_group_model,0.449829254753469,0.455794553553544,0.458782075135976,0.461772562851128
2019-12-14,4565d435005319c0,30523303e8d85c25,1cf7ccf64a5bf24e,64facb6cc564262d,Oskar Piechota,Punahele Soriano,0,0.409199887147185,Middleweight,mens_welter_to_middle,0.497051925103759,separate_group_model,0.409199887147185,0.452758035067447,0.409199887147185,0.497051925103759
2019-12-14,4565d435005319c0,35d0ef51fede263c,36541f1e6c5d4955,f72465a784c1b084,Viviane Araujo,Jessica Eye,0,0.646858564869508,Women's Flyweight,womens_all,0.559815295122553,separate_group_model,0.646858564869508,0.604161620759557,0.604161620759557,0.559815295122553
2019-12-14,4565d435005319c0,1881b1e85cceee13,792be9a24df82ed6,853eb0dd5c0e2149,Brandon Moreno,Kai Kara-France,1,0.510088082737932,Flyweight,mens_below_welterweight,0.49087310464197,separate_group_model,0.510088082737932,0.500480771198237,0.505284914822521,0.49087310464197
2019-12-14,4565d435005319c0,d42410f6f1039ab5,971246648e162f0d,fbf0537e420e698e,Chase Hooper,Daniel Teymur,1,0.678003307591949,Featherweight,mens_below_welterweight,0.713815119326692,separate_group_model,0.678003307591949,0.696206564763299,0.687177062921737,0.713815119326692
2019-12-14,4565d435005319c0,98dd88d83f57c17a,31123249b0bbf52e,484acc7b0f856ce9,Matt Brown,Ben Saunders,1,0.713414024632252,Welterweight,mens_welter_to_middle,0.617175461125663,separate_group_model,0.713414024632252,0.667033853318038,0.713414024632252,0.617175461125663
2019-12-14,4565d435005319c0,dd88960598219eba,16690d100f995f8f,2e585c701f72fe55,Omari Akhmedov,Ian Heinisch,1,0.401076333897499,Middleweight,mens_welter_to_middle,0.430097272080656,separate_group_model,0.401076333897499,0.415513557780431,0.401076333897499,0.430097272080656
2019-12-14,4565d435005319c0,c4eaeec8ac778b27,578ef12674df1e6a,b9706f80d005036c,Irene Aldana,Ketlen Vieira,1,0.497209886072118,Women's Bantamweight,womens_all,0.432994698369379,separate_group_model,0.497209886072118,0.46495707923744,0.46495707923744,0.432994698369379
2019-12-14,4565d435005319c0,ad5ef8d8678ff97f,b997be68943010fc,f2b6fdb20675b11c,Geoff Neal,Mike Perry,1,0.528229615112506,Welterweight,mens_welter_to_middle,0.509851284560988,separate_group_model,0.528229615112506,0.519046892518998,0.528229615112506,0.509851284560988
2019-12-14,4565d435005319c0,a0c82ba11a373008,78114b7199cef90c,d661ce4da776fc20,Urijah Faber,Petr Yan,0,0.249492245897487,Bantamweight,mens_below_welterweight,0.142767010026817,separate_group_model,0.249492245897487,0.19047773794188,0.218553552364584,0.142767010026817
2019-12-14,4565d435005319c0,b5ec939fd1edf048,d0f3959b4a9747e6,fea79f9bc8c68769,Jose Aldo,Marlon Moraes,0,0.525561411276391,Bantamweight,mens_below_welterweight,0.535285870158205,separate_group_model,0.525561411276391,0.530426528698496,0.527994634686388,0.535285870158205
2019-12-14,4565d435005319c0,36fcfd186a8d6df7,1d239d571e342453,80fa8218c99f9c58,Germaine de Randamie,Amanda Nunes,0,0.183276548855542,Women's Bantamweight,womens_all,0.39098837684839,separate_group_model,0.183276548855542,0.275133327922623,0.275133327922623,0.39098837684839
2019-12-14,4565d435005319c0,efc40ec41114d8fa,150ff4cc642270b9,e1248941344b3288,Max Holloway,Alexander Volkanovski,0,0.476163587813475,Featherweight,mens_below_welterweight,0.687246005801398,separate_group_model,0.476163587813475,0.585629954375735,0.531272965422116,0.687246005801398
2019-12-14,4565d435005319c0,82177c0f91d9618a,dc9572dd6ec74859,f1b2aa7853d1ed6e,Colby Covington,Kamaru Usman,0,0.391407924005138,Welterweight,mens_welter_to_middle,0.381467214804592,separate_group_model,0.391407924005138,0.38642573574615,0.391407924005138,0.381467214804592
2019-12-21,74fefd43f073cd2f,15aa55a91cf848cf,1897b7b913736a7c,20999e27ddd94bda,Alatengheili,Ryan Benoit,1,0.488843480564406,Bantamweight,mens_below_welterweight,0.571815395060606,separate_group_model,0.488843480564406,0.530540470651354,0.509708862170093,0.571815395060606
2019-12-21,74fefd43f073cd2f,60e1b3ac3182f5b3,3df5493bb279226f,7559395ad833c074,Amanda Lemos,Miranda Granger,1,0.310053091643376,Women's Strawweight,womens_all,0.398610566267096,separate_group_model,0.310053091643376,0.353071670804798,0.353071670804798,0.398610566267096
2019-12-21,74fefd43f073cd2f,75523d31940c9344,0fd5f4b838e890cc,b9f28e7045fdfce7,Said Nurmagomedov,Raoni Barcelos,0,0.735662453248587,Bantamweight,mens_below_welterweight,0.677222179761033,separate_group_model,0.735662453248587,0.707296509029674,0.721701468454669,0.677222179761033
2019-12-21,74fefd43f073cd2f,5a5a65d8df176506,67c1d46f4ed16f9e,a0f0004aadf10b71,Matt Schnell,Alexandre Pantoja,0,0.362029685973379,Flyweight,mens_below_welterweight,0.382214940035273,separate_group_model,0.362029685973379,0.372066537295287,0.367033697569511,0.382214940035273
2019-12-21,74fefd43f073cd2f,9140e6fdeaa7cd3f,98a6b2361045898f,a0e6753c42698f13,Dong Hyun Ma,Omar Morales,0,0.245385238595184,Lightweight,mens_below_welterweight,0.266024125352982,separate_group_model,0.245385238595184,0.255567889218098,0.250442105072063,0.266024125352982
2019-12-21,74fefd43f073cd2f,6ea23c2c30f85a89,192520689012c7e4,a68575214ecad140,Suman Mokhtarian,SeungWoo Choi,0,0.522708943987497,Featherweight,mens_below_welterweight,0.548918916569249,separate_group_model,0.522708943987497,0.535838677164344,0.529278875322175,0.548918916569249
2019-12-21,74fefd43f073cd2f,3637e661b6854b49,04c8b08b16a5b99e,787bb1f087ccff8a,Tanner Boser,Ciryl Gane,0,0.365788816871923,Heavyweight,mens_light_heavy_plus,0.333261161902778,separate_group_model,0.365788816871923,0.34934969942014,0.341259737946544,0.333261161902778
2019-12-21,74fefd43f073cd2f,f93f794247af708a,31bbd39c0a075d4e,a7897d200692ab64,Pingyuan Liu,Kyung Ho Kang,0,0.417408296810722,Bantamweight,mens_below_welterweight,0.470144113204809,separate_group_model,0.417408296810722,0.44361738738651,0.430464135397001,0.470144113204809
2019-12-21,74fefd43f073cd2f,b3bd27affa038e9c,285ae0b4a68221f4,8e9eb3fc86db0f7d,JunYong Park,Marc-Andre Barriault,1,0.34018871038559,Middleweight,mens_welter_to_middle,0.370260829675228,separate_group_model,0.34018871038559,0.355081709784142,0.34018871038559,0.370260829675228
2019-12-21,74fefd43f073cd2f,47e49e04e32be7e9,18b602842a24f7c5,74f9448b97bf8bec,Mike Rodriguez,Da Woon Jung,0,0.495202017497354,Light Heavyweight,mens_light_heavy_plus,0.532856406595212,separate_group_model,0.495202017497354,0.514049147389216,0.523461093790589,0.532856406595212
2019-12-21,74fefd43f073cd2f,997ab1ea9fab5643,e93b04e308913c2e,f1d64ae34e088832,Dooho Choi,Charles Jourdain,0,0.52046010168951,Featherweight,mens_below_welterweight,0.453871606243722,separate_group_model,0.52046010168951,0.487108655534047,0.503788592977275,0.453871606243722
2019-12-21,74fefd43f073cd2f,2b8cae68963a40a9,0845c81e37d3bcb3,333b9e5c723ac873,Volkan Oezdemir,Aleksandar Rakic,1,0.590496200456435,Light Heavyweight,mens_light_heavy_plus,0.409881840717491,separate_group_model,0.590496200456435,0.500195394664113,0.454665808056801,0.409881840717491
2019-12-21,74fefd43f073cd2f,06f37329b223b451,c451d67c09c55418,f2688492b9a525a3,Chan Sung Jung,Frankie Edgar,1,0.360737069280087,Featherweight,mens_below_welterweight,0.317207882276549,separate_group_model,0.360737069280087,0.338631249011657,0.349603358595316,0.317207882276549
2020-01-18,0c1773639c795466,96fe84d051847591,6fd953151d981979,70d2329a92864fdb,JJ Aldrich,Sabina Mazo,0,0.341056064510105,Women's Flyweight,womens_all,0.481032561196738,separate_group_model,0.341056064510105,0.409205956016455,0.409205956016455,0.481032561196738
2020-01-18,0c1773639c795466,6087c50c5f95a677,ba1e6cb3d43f7430,c2a670b22d2e196f,Justin Ledet,Aleksa Camur,0,0.275131021677403,Light Heavyweight,mens_light_heavy_plus,0.37953784170652,separate_group_model,0.275131021677403,0.325166880402097,0.351872485466087,0.37953784170652
2020-01-18,0c1773639c795466,63dd38f0dcc2ee88,519e4fe37ce9ff75,b7b84ccd221be298,Drew Dober,Nasrat Haqparast,1,0.335139266380265,Lightweight,mens_below_welterweight,0.312291081884078,separate_group_model,0.335139266380265,0.32361001150868,0.329348965159573,0.312291081884078
2020-01-18,0c1773639c795466,ff467a5f06a91a0f,b1d19449397541dc,c96d9178c9ed9e62,Askar Askarov,Tim Elliott,1,0.470530603400505,Flyweight,mens_below_welterweight,0.716607482804628,separate_group_model,0.470530603400505,0.59985007970723,0.535791939952688,0.716607482804628
2020-01-18,0c1773639c795466,5868c154789648f0,8fd808923cffff82,94426bb170c88115,Andre Fili,Sodiq Yusuff,0,0.397349945863604,Featherweight,mens_below_welterweight,0.35184916574035,separate_group_model,0.397349945863604,0.374321855359299,0.38577199267785,0.35184916574035
2020-01-18,0c1773639c795466,760b5b16b4931a77,4498b382c65a7faa,6a740daf1b279661,Roxanne Modafferi,Maycee Barber,1,0.107157781562551,Women's Flyweight,womens_all,0.394063040963035,separate_group_model,0.107157781562551,0.218370736713465,0.218370736713465,0.394063040963035
2020-01-18,0c1773639c795466,32a8f38bd1d46e3e,cbb682f5fcc44bfc,f53d4f21d1b5f2dc,Anthony Pettis,Diego Ferreira,0,0.322665303231581,Lightweight,mens_below_welterweight,0.214058198580268,separate_group_model,0.322665303231581,0.264814671650773,0.292904074263823,0.214058198580268
2020-01-18,0c1773639c795466,4eff0432bd364a23,6d68c1afe954f121,7be14eaed4c74856,Ode Osbourne,Brian Kelleher,0,0.682417672457163,Bantamweight,mens_below_welterweight,0.682482935442427,separate_group_model,0.682417672457163,0.682450304846265,0.682433988875818,0.682482935442427
2020-01-18,0c1773639c795466,702759500d47a059,068f8a189a47fea6,98c23cb6da5b3352,Maurice Greene,Aleksei Oleinik,0,0.607523628030551,Heavyweight,mens_light_heavy_plus,0.607414282238129,separate_group_model,0.607523628030551,0.607468956481531,0.607441619696551,0.607414282238129
2020-01-18,0c1773639c795466,36032308b7e86fd0,634e2fb70bde3fd5,fc169c387b4b465d,Holly Holm,Raquel Pennington,1,0.427203245668735,Women's Bantamweight,womens_all,0.480461018315201,separate_group_model,0.427203245668735,0.453699673627874,0.453699673627874,0.480461018315201
2020-01-18,0c1773639c795466,eed6c9aff2234b7a,1d00756835ca67c9,f4c49976c75c5ab2,Donald Cerrone,Conor McGregor,0,0.652916794811164,Welterweight,mens_welter_to_middle,0.702714473344691,separate_group_model,0.652916794811164,0.678322072195138,0.652916794811164,0.702714473344691
2020-01-25,44aa652b181bcf68,901dbd1e6463c4ba,4f140403000158b5,583ee11abddfc581,Herbert Burns,Nate Landwehr,1,0.503654106988075,Featherweight,mens_below_welterweight,0.498744000605148,separate_group_model,0.503654106988075,0.501199082705636,0.502426609472725,0.498744000605148
2020-01-25,44aa652b181bcf68,918c2efc59c1952e,601964f9654f911a,ec52462a1b41f714,Tony Gravely,Brett Johns,0,0.51341073051495,Bantamweight,mens_below_welterweight,0.511725671872844,separate_group_model,0.51341073051495,0.512568236902996,0.512989492935083,0.511725671872844
2020-01-25,44aa652b181bcf68,79161bde28636128,2eeaefbfc7f9fcff,7be74a12d7352df2,Lina Lansberg,Sara McMann,0,0.503348216175397,Women's Bantamweight,womens_all,0.520128258419952,separate_group_model,0.503348216175397,0.511741545186052,0.511741545186052,0.520128258419952
2020-01-25,44aa652b181bcf68,737e2781e4a7db5c,cc1a8b4b38b92c6d,dbac0a413af64bbe,Montel Jackson,Felipe Colares,1,0.656030202252587,Bantamweight,mens_below_welterweight,0.648669274715822,separate_group_model,0.656030202252587,0.652358838713793,0.654196817330402,0.648669274715822
2020-01-25,44aa652b181bcf68,151c2bd6dfefb4b5,3cf66c62d9069f43,928ae2e5b5f7a9ec,Lucie Pudilova,Justine Kish,0,0.536988453294177,Women's Flyweight,womens_all,0.509577507314712,separate_group_model,0.536988453294177,0.523300525459695,0.523300525459695,0.509577507314712
2020-01-25,44aa652b181bcf68,ed94cdc0f2b97e15,040a74bb0a465c54,6fb1ba67bef41b37,Arnold Allen,Nik Lentz,1,0.686769264276093,Featherweight,mens_below_welterweight,0.785127286441375,separate_group_model,0.686769264276093,0.738932803562009,0.713561284275742,0.785127286441375
2020-01-25,44aa652b181bcf68,3fd3b871e83434c5,3f7dab21b6c971bc,899923ff6ab13917,Dequan Townsend,Bevon Lewis,0,0.305224691385614,Middleweight,mens_welter_to_middle,0.304613816609534,separate_group_model,0.305224691385614,0.304919168128077,0.305224691385614,0.304613816609534
2020-01-25,44aa652b181bcf68,6195d3e7c412c8a2,025f0b1b58fbad01,5444c5a201d3ee5a,Darko Stosic,Jamahal Hill,0,0.643247791626166,Light Heavyweight,mens_light_heavy_plus,0.487993248162222,separate_group_model,0.643247791626166,0.567271168635499,0.527807517146314,0.487993248162222
2020-01-25,44aa652b181bcf68,b88b170a7fe40544,2244d9a2b64b8c3b,f0feeb2192937424,Hannah Cifers,Angela Hill,0,0.438465783813969,Women's Strawweight,womens_all,0.501168906922465,separate_group_model,0.438465783813969,0.469697769185088,0.469697769185088,0.501168906922465
2020-01-25,44aa652b181bcf68,7dcd5d8a44a284e5,215a70f073a7b726,ab2b4ff41d6ebe0f,Jordan Espinosa,Alex Perez,0,0.433313539489574,Flyweight,mens_below_welterweight,0.353779224113443,separate_group_model,0.433313539489574,0.392836081849804,0.412927695333305,0.353779224113443
2020-01-25,44aa652b181bcf68,2ef54419defb2364,6a2f7c151031653d,c58f51dedb310998,Rafael Dos Anjos,Michael Chiesa,0,0.467793937490358,Welterweight,mens_welter_to_middle,0.384303583097956,separate_group_model,0.467793937490358,0.425517875728082,0.467793937490358,0.384303583097956
2020-01-25,44aa652b181bcf68,037d2f426c916ffc,63def5a5662a6917,fa6796c55d6c5440,Junior Dos Santos,Curtis Blaydes,0,0.267148593067469,Heavyweight,mens_light_heavy_plus,0.352346195704991,separate_group_model,0.267148593067469,0.308116418219838,0.32985497495783,0.352346195704991
2020-02-08,b26d3e3746fb4024,a6441acec6718f03,305d73ede05e31ad,52c2ae6d2f2d2613,Austin Lingo,Youssef Zalal,0,0.455653990072733,Featherweight,mens_below_welterweight,0.447833629785938,separate_group_model,0.455653990072733,0.451740830741599,0.453696695240015,0.447833629785938
2020-02-08,b26d3e3746fb4024,326b843cb2b7fd94,5f6f049d54728e88,f2477cf43c4975cc,Andre Ewell,Jonathan Martinez,1,0.336621045615625,Bantamweight,mens_below_welterweight,0.26703960227184,separate_group_model,0.336621045615625,0.300684249138047,0.318382507744503,0.26703960227184
2020-02-08,b26d3e3746fb4024,d3f44fedc561d2d5,46e0d677f91bacc0,bc711b6dd95c1af6,Miles Johns,Mario Bautista,0,0.599067568982347,Bantamweight,mens_below_welterweight,0.557977676648211,separate_group_model,0.599067568982347,0.578658792904562,0.588901418307244,0.557977676648211
2020-02-08,b26d3e3746fb4024,ed499508be1e5532,2558ae2e5671e318,cdb96af67d096b1e,Khaos Williams,Alex Morono,1,0.50117343889703,Welterweight,mens_welter_to_middle,0.490661279901642,separate_group_model,0.50117343889703,0.495916908165197,0.50117343889703,0.490661279901642
2020-02-08,b26d3e3746fb4024,cb56e868deaddac4,05fa626cb33d15b8,729d4bd5a6cd0a97,Andrea Lee,Lauren Murphy,0,0.799401853441649,Women's Flyweight,womens_all,0.524088513821306,separate_group_model,0.799401853441649,0.676885289357623,0.676885289357623,0.524088513821306
2020-02-08,b26d3e3746fb4024,11f7bac5037a184c,8f6a18831a120817,b27a1fcb56a3035a,James Krause,Trevin Giles,0,0.447117450556331,Middleweight,mens_welter_to_middle,0.526647478006216,separate_group_model,0.447117450556331,0.486798909172708,0.447117450556331,0.526647478006216
2020-02-08,b26d3e3746fb4024,cefb47bcc04f540e,d3df1add9d9a7efb,e9a3aeb207578eea,Derrick Lewis,Ilir Latifi,1,0.581816334239133,Heavyweight,mens_light_heavy_plus,0.653360610859593,separate_group_model,0.581816334239133,0.61822927365301,0.635976149360645,0.653360610859593
2020-02-08,b26d3e3746fb4024,be822403f364fff3,82a5152216251682,cbd3e590a85b18c5,Dan Ige,Mirsad Bektic,1,0.616085665173467,Featherweight,mens_below_welterweight,0.647206412286669,separate_group_model,0.616085665173467,0.631783188356667,0.62396697393368,0.647206412286669
2020-02-08,b26d3e3746fb4024,57961c6adebfb13d,83b00f7597e5ac83,e13abac8089a801a,Juan Adams,Justin Tafa,0,0.498304997161096,Heavyweight,mens_light_heavy_plus,0.562911357722579,separate_group_model,0.498304997161096,0.530736957570634,0.546873110078346,0.562911357722579
2020-02-08,b26d3e3746fb4024,05cceae674c81b86,132deb59abae64b1,e872e9a9a902c045,Valentina Shevchenko,Katlyn Cerminara,1,0.763901962131257,Women's Flyweight,womens_all,0.546478030630597,separate_group_model,0.763901962131257,0.663810417843073,0.663810417843073,0.546478030630597
2020-02-08,b26d3e3746fb4024,fae99a4089f8abb0,07f72a2a7591b409,2e19380f34871c6a,Jon Jones,Dominick Reyes,1,0.804560939940199,Light Heavyweight,mens_light_heavy_plus,0.770704390765246,separate_group_model,0.804560939940199,0.788126710446263,0.779538956941564,0.770704390765246
2020-02-15,5df17b3620145578,8725dc88f2e0a6f3,82b4e942781b1046,f57dd0bfa8c17813,Raulian Paiva,Mark De La Rosa,1,0.681968315656616,Flyweight,mens_below_welterweight,0.643184130903132,separate_group_model,0.681968315656616,0.66285019935624,0.672480810862965,0.643184130903132
2020-02-15,5df17b3620145578,d629aa5eb31a1e38,568bbad0eaced57c,9cdd2da1a9104a0b,Shanna Young,Macy Chiasson,0,0.381929453527687,Women's Bantamweight,womens_all,0.415778087891365,separate_group_model,0.381929453527687,0.398732789061422,0.398732789061422,0.415778087891365
2020-02-15,5df17b3620145578,51218519be104794,c03520b5c88ed6b4,e7bba7ce4d6c7b07,Merab Dvalishvili,Casey Kenney,1,0.579006858866835,Bantamweight,mens_below_welterweight,0.556326032228674,separate_group_model,0.579006858866835,0.567701922871495,0.573363973172012,0.556326032228674
2020-02-15,5df17b3620145578,94c0819fde11364d,3f7dab21b6c971bc,cc7040fe76f0ef91,Dequan Townsend,Devin Clark,0,0.282096620869805,Light Heavyweight,mens_light_heavy_plus,0.428793661966214,separate_group_model,0.282096620869805,0.351961112010254,0.389693122056147,0.428793661966214
2020-02-15,5df17b3620145578,f3e2038bfb9b5d9d,d1941565abf50b16,df1eb4354d18a906,Jim Miller,Scott Holtzman,0,0.425292625316535,Lightweight,mens_below_welterweight,0.440083829800641,separate_group_model,0.425292625316535,0.43267322588165,0.428978977193746,0.440083829800641
2020-02-15,5df17b3620145578,08426f06239d903c,329e403448756217,99506df1af6c8b3b,Nathaniel Wood,John Dodson,0,0.61112647689503,Bantamweight,mens_below_welterweight,0.687995780462348,separate_group_model,0.61112647689503,0.650538682644833,0.631051133447412,0.687995780462348
2020-02-15,5df17b3620145578,2dc48a745d6c662b,4b47e71384a9522f,8a1f3b5c526cd6e6,Tim Means,Daniel Rodriguez,0,0.586459227303375,Welterweight,mens_welter_to_middle,0.539697307370403,separate_group_model,0.586459227303375,0.563218747108056,0.586459227303375,0.539697307370403
2020-02-15,5df17b3620145578,eab100e978c730c5,813550bc53b15fb0,f9b200db02b488d9,Yancy Medeiros,Lando Vannata,0,0.283279416346234,Lightweight,mens_below_welterweight,0.255933836905254,separate_group_model,0.283279416346234,0.269387638406289,0.276279549530717,0.255933836905254
2020-02-15,5df17b3620145578,b41e3be867afd6fa,07a2bdaa0afdd831,a4de54ea806fb525,Rogerio Bontorin,Ray Borg,0,0.413983039868052,Flyweight,mens_below_welterweight,0.417956267539544,separate_group_model,0.413983039868052,0.415968288576149,0.414975319143241,0.417956267539544
2020-02-15,5df17b3620145578,9d98e1c0d62213cf,7c9f96f9a6a5cd50,ec18eb918121787c,Brok Weaver,Kazula Vargas,1,0.660250233872921,Lightweight,mens_below_welterweight,0.695134332198586,separate_group_model,0.660250233872921,0.677940169810829,0.669154974992848,0.695134332198586
2020-02-15,5df17b3620145578,96919cf8d3e988ff,80d8aed0ca9b00f3,82cbb809d5ee565c,Montana De La Rosa,Mara Romero Borella,1,0.712824875434979,Women's Flyweight,womens_all,0.557710111179716,separate_group_model,0.712824875434979,0.638880540175586,0.638880540175586,0.557710111179716
2020-02-15,5df17b3620145578,a02ffaf1fe462d28,595db60957de51d3,82e7929bf6c2b689,Michel Pereira,Diego Sanchez,0,0.643070280338274,Welterweight,mens_welter_to_middle,0.595476453715366,separate_group_model,0.643070280338274,0.619560575134929,0.643070280338274,0.595476453715366
2020-02-15,5df17b3620145578,801b3f24c670f19a,5e4eec08896c9423,99df7d0a2a08a8a8,Corey Anderson,Jan Blachowicz,0,0.71815045367397,Light Heavyweight,mens_light_heavy_plus,0.655878275550676,separate_group_model,0.71815045367397,0.687861976546469,0.672069761880446,0.655878275550676
2020-02-22,33b2f68ef95252e0,102fb91414fd24ab,122ac9b816d8b71c,b1e5bcaad32a3cac,Shana Dobson,Priscila Cachoeira,0,0.590107728678581,Women's Flyweight,womens_all,0.554690094278448,separate_group_model,0.590107728678581,0.572491795775682,0.572491795775682,0.554690094278448
2020-02-22,33b2f68ef95252e0,af5b940f2c686524,4e30e4250cb08b61,f0feeb2192937424,Loma Lookboonmee,Angela Hill,0,0.650687157987021,Women's Strawweight,womens_all,0.48915504738295,separate_group_model,0.650687157987021,0.571833865602143,0.571833865602143,0.48915504738295
2020-02-22,33b2f68ef95252e0,ecc23234e820458d,6e00cfffd54653c4,853eb0dd5c0e2149,Tyson Nam,Kai Kara-France,0,0.309243291744395,Flyweight,mens_below_welterweight,0.236793773458403,separate_group_model,0.309243291744395,0.271505236048491,0.290011296264172,0.236793773458403
2020-02-22,33b2f68ef95252e0,03c2707563915d7d,32490e80ddab1e5a,8fc9ae9c7527dfcb,Song Kenan,Callan Potter,1,0.632381936866607,Welterweight,mens_welter_to_middle,0.509673979722033,separate_group_model,0.632381936866607,0.572136867649661,0.632381936866607,0.509673979722033
2020-02-22,33b2f68ef95252e0,3bd20b66b585d621,103b06d8707895a9,a845f0735bc67405,Emil Meek,Jake Matthews,0,0.212328248354355,Welterweight,mens_welter_to_middle,0.146156311896575,separate_group_model,0.212328248354355,0.176824785619486,0.212328248354355,0.146156311896575
2020-02-22,33b2f68ef95252e0,02bdb7a5b2986571,4d8fa64202cee4c1,6751eacd16bd59bc,Jalin Turner,Josh Culibao,1,0.58296735749505,Lightweight,mens_below_welterweight,0.492807948660277,separate_group_model,0.58296735749505,0.538199978086725,0.560707148678535,0.492807948660277
2020-02-22,33b2f68ef95252e0,f882cf76a8bce308,aceffa19749c4dc0,cf946e03ba2e7666,Zubaira Tukhugov,Kevin Aguilar,1,0.429315641900896,Featherweight,mens_below_welterweight,0.411254487262827,separate_group_model,0.429315641900896,0.420258373789605,0.424780694424869,0.411254487262827
2020-02-22,33b2f68ef95252e0,6d48f75153e4ad6b,31d7446b184e3305,37ed1ab2f8b819f4,Magomed Mustafaev,Brad Riddell,0,0.450523100252098,Lightweight,mens_below_welterweight,0.367766001397833,separate_group_model,0.450523100252098,0.408496309163648,0.42938244239204,0.367766001397833
2020-02-22,33b2f68ef95252e0,9bc18b63b07bb328,326f94d6cfb1bf25,ab943cd2c3c17825,Ben Sosoli,Marcos Rogerio de Lima,0,0.46182310651678,Heavyweight,mens_light_heavy_plus,0.424777929608085,separate_group_model,0.46182310651678,0.443221581999228,0.433976898428764,0.424777929608085
2020-02-22,33b2f68ef95252e0,060987bb3025a0a8,c41d426cc7326d1b,d7c3816669784109,Yan Xiaonan,Karolina Kowalkiewicz,1,0.503646450765616,Women's Strawweight,womens_all,0.547503178219802,separate_group_model,0.503646450765616,0.525624229992895,0.525624229992895,0.547503178219802
2020-02-22,33b2f68ef95252e0,2b417eb1ffa56ac1,0d65c432720accb9,70e1f8a821b72c8b,Michal Oleksiejczuk,Jimmy Crute,0,0.605312313342478,Light Heavyweight,mens_light_heavy_plus,0.567381279692371,separate_group_model,0.605312313342478,0.586475044055306,0.576956898697349,0.567381279692371
2020-02-22,33b2f68ef95252e0,5fceb95c29d929bc,193b9d1858bc4df3,e5010b1b94ca5755,Dan Hooker,Paul Felder,1,0.68652746502189,Lightweight,mens_below_welterweight,0.664580379536874,separate_group_model,0.68652746502189,0.675650432646432,0.681113611923168,0.664580379536874
2020-02-29,fc9a9559a05f2704,533d0b5c0adfa15f,45f7cb591c3ab00b,6a96ad1bc34fb113,Sean Brady,Ismail Naurdiev,1,0.226124376666606,Welterweight,mens_welter_to_middle,0.271678467540077,separate_group_model,0.226124376666606,0.248202013645996,0.226124376666606,0.271678467540077
2020-02-29,fc9a9559a05f2704,0bcb04163f8d8ead,003d82fa384ca1d0,be68b375707dcb85,Aalon Cruz,Spike Carlyle,0,0.499252230495872,Featherweight,mens_below_welterweight,0.423248021369117,separate_group_model,0.499252230495872,0.461023604850106,0.480108802111069,0.423248021369117
2020-02-29,fc9a9559a05f2704,59861c3d19eb46ef,d31cbcdd7d69536d,ebef46976554f975,TJ Brown,Jordan Griffin,0,0.516029621317717,Featherweight,mens_below_welterweight,0.586407458553023,separate_group_model,0.516029621317717,0.55147622126229,0.533795578769291,0.586407458553023
2020-02-29,fc9a9559a05f2704,9d2f7d29bb9c9034,2844b047183a1adb,97cf1a2c7c5e7889,Luis Pena,Steve Garcia,1,0.676162053710619,Lightweight,mens_below_welterweight,0.609388028558528,separate_group_model,0.676162053710619,0.64347184284309,0.660007423437351,0.609388028558528
2020-02-29,fc9a9559a05f2704,e30b9829e42aa4ca,c9cf753cfdf77fc2,e2f6b2769aaedd6c,Marcin Tybura,Serghei Spivac,1,0.260713274911692,Heavyweight,mens_light_heavy_plus,0.456055906963049,separate_group_model,0.260713274911692,0.352230796823622,0.403058008450274,0.456055906963049
2020-02-29,fc9a9559a05f2704,d9a218ac3e148541,1588b787bda7b540,2f181c0467965b98,Tom Breese,Brendan Allen,0,0.629748690206319,Middleweight,mens_welter_to_middle,0.599971415886098,separate_group_model,0.629748690206319,0.614967678124414,0.629748690206319,0.599971415886098
2020-02-29,fc9a9559a05f2704,0e3af9b5e1b3ae80,002ca196477ce572,60425d07ef4b91a7,Gabriel Silva,Kyler Phillips,0,0.546488287403104,Bantamweight,mens_below_welterweight,0.502677354145396,separate_group_model,0.546488287403104,0.524630210722997,0.535576333013332,0.502677354145396
2020-02-29,fc9a9559a05f2704,eba6055d217d5b99,34e516ab361afb1c,99bd51917728c25d,Darrick Minner,Grant Dawson,0,0.26423772959588,Featherweight,mens_below_welterweight,0.250031343012259,separate_group_model,0.26423772959588,0.257070363262605,0.260638094593121,0.250031343012259
2020-02-29,fc9a9559a05f2704,671f42536454e541,a0e75f4a13eb73f1,d3f5d33d61cd00c9,Megan Anderson,Norma Dumont,1,0.446115686734298,Women's Featherweight,womens_all,0.541937019188132,separate_group_model,0.446115686734298,0.493970988240737,0.493970988240737,0.541937019188132
2020-02-29,fc9a9559a05f2704,f5b49f4c5a27e53b,cd13728ae1151f46,d802174b0c0c1f4e,Ion Cutelaba,Magomed Ankalaev,0,0.587767098161886,Light Heavyweight,mens_light_heavy_plus,0.586615740727377,separate_group_model,0.587767098161886,0.587191538652876,0.586903669399955,0.586615740727377
2020-02-29,fc9a9559a05f2704,8a85dffa80e6c7bd,39d91e95949de3d9,862b0b3375aa4b6e,Felicia Spencer,Zarah Fairn,1,0.658403955422632,Women's Featherweight,womens_all,0.539039693511624,separate_group_model,0.658403955422632,0.600208401832678,0.600208401832678,0.539039693511624
2020-02-29,fc9a9559a05f2704,e8219ea7da46f67f,80eacd4da0617c57,aa72b0f831d0bfe5,Joseph Benavidez,Deiveson Figueiredo,0,0.453224879050483,Flyweight,mens_below_welterweight,0.516745256497185,separate_group_model,0.453224879050483,0.484924184166912,0.469043305321604,0.516745256497185
2020-03-07,0b5b6876c2a4723f,467e08195b29e857,3b0a516d2921e0d6,d05412b513b19621,Batgerel Danaa,Guido Cannetti,1,0.77115772650723,Bantamweight,mens_below_welterweight,0.855786215539709,separate_group_model,0.77115772650723,0.817244907940687,0.795161909289369,0.855786215539709
2020-03-07,0b5b6876c2a4723f,daa38964824f1b9f,9560ff14eb3129f7,e00a3dee329a51f7,Giga Chikadze,Jamall Emmers,1,0.537248956453068,Featherweight,mens_below_welterweight,0.519193481586398,separate_group_model,0.537248956453068,0.528230451574041,0.53274237853159,0.519193481586398
2020-03-07,0b5b6876c2a4723f,d671f436fab2a252,483a953b18d73bb3,6ac9bc2953c47345,Deron Winn,Gerald Meerschaert,0,0.429103137719396,Middleweight,mens_welter_to_middle,0.375229746949595,separate_group_model,0.429103137719396,0.401870262495427,0.429103137719396,0.375229746949595
2020-03-07,0b5b6876c2a4723f,a70c43cafabc73c3,260e9e0d4954aea6,88d7b6d8230e1f3f,Rodolfo Vieira,Saparbeg Safarov,1,0.490719994745064,Middleweight,mens_welter_to_middle,0.41336490268469,separate_group_model,0.490719994745064,0.451751038911168,0.490719994745064,0.41336490268469
2020-03-07,0b5b6876c2a4723f,60c441c5838dfac2,d2cd7a69cc55e7ed,da0995f19b749cfa,Austin Hubbard,Mark Madsen,0,0.500631040224385,Lightweight,mens_below_welterweight,0.542914128174765,separate_group_model,0.500631040224385,0.521811654591533,0.51122638631081,0.542914128174765
2020-03-07,0b5b6876c2a4723f,cd258394e8d58d04,36549928f90f1d36,b50a426a33da0012,Jose Quinonez,Sean O'Malley,0,0.522502132322539,Bantamweight,mens_below_welterweight,0.493061883124205,separate_group_model,0.522502132322539,0.507788760099066,0.515148728670347,0.493061883124205
2020-03-07,0b5b6876c2a4723f,4d607b6ddc77a34c,57b10fca4f9c9a7a,b0d6a1d8ac3d563d,Alex Oliveira,Max Griffin,1,0.607486325643704,Welterweight,mens_welter_to_middle,0.532633009273985,separate_group_model,0.607486325643704,0.570462422673387,0.607486325643704,0.532633009273985
2020-03-07,0b5b6876c2a4723f,d66a8591af39ca7b,84b3e7d38f2d2ec5,e64b96c07d7ce999,Neil Magny,Li Jingliang,1,0.52469135949871,Welterweight,mens_welter_to_middle,0.460586831022251,separate_group_model,0.52469135949871,0.492608714971931,0.52469135949871,0.460586831022251
2020-03-07,0b5b6876c2a4723f,891470d896b1de5a,08af939f41b5a57b,7cbf7c78d3b34218,Beneil Dariush,Drakkar Klose,1,0.694492868163112,Lightweight,mens_below_welterweight,0.698853465620638,separate_group_model,0.694492868163112,0.696677591234561,0.695586331886816,0.698853465620638
2020-03-07,0b5b6876c2a4723f,cf0a6466b762c668,1ebe20ebbfa15e29,3d6749c4267da18f,Zhang Weili,Joanna Jedrzejczyk,1,0.5615633403152,Women's Strawweight,womens_all,0.511180007499821,separate_group_model,0.5615633403152,0.536464732598921,0.536464732598921,0.511180007499821
2020-03-07,0b5b6876c2a4723f,b46f2f007b622bce,1338e2c7480bdf9e,f77c68bb4be8516d,Israel Adesanya,Yoel Romero,1,0.765846119895295,Middleweight,mens_welter_to_middle,0.714695639776297,separate_group_model,0.765846119895295,0.741091905192955,0.765846119895295,0.714695639776297
2020-03-14,53278852bcd91e11,ef526567c4dcf371,4798e823ada58fe9,b60c980f79b87ce8,Veronica Hardy,Bea Malecki,0,0.321591344718013,Women's Bantamweight,womens_all,0.477052434956678,separate_group_model,0.321591344718013,0.396717412187435,0.396717412187435,0.477052434956678
2020-03-14,53278852bcd91e11,1a2d13834696c4ab,294aa73dbf37d281,9ada30894bf04e19,Bruno Silva,David Dvorak,0,0.451847772009862,Flyweight,mens_below_welterweight,0.468206832473725,separate_group_model,0.451847772009862,0.460016533064762,0.455929188727123,0.468206832473725
2020-03-14,53278852bcd91e11,2a1826612a7d739c,b4192a975027aab6,cc8c623cca88f54f,Maryna Moroz,Mayra Bueno Silva,1,0.412790423671281,Women's Flyweight,womens_all,0.484642868729403,separate_group_model,0.412790423671281,0.448447648385495,0.448447648385495,0.484642868729403
2020-03-14,53278852bcd91e11,9fc6aba53508dc48,8adcbd525fab8d9b,e2ccd9a9ace60de7,Elizeu Zaleski dos Santos,Aleksei Kunchenko,1,0.543503749077761,Welterweight,mens_welter_to_middle,0.501214621953994,separate_group_model,0.543503749077761,0.522399324212188,0.543503749077761,0.501214621953994
2020-03-14,53278852bcd91e11,ea303a8e6e31f264,4a57ebb14315b251,beecb672a279223e,Randa Markos,Amanda Ribas,0,0.169241148622677,Women's Strawweight,womens_all,0.465317494657481,separate_group_model,0.169241148622677,0.296299086089294,0.296299086089294,0.465317494657481
2020-03-14,53278852bcd91e11,b3c74554c871fbf8,792be9a24df82ed6,b102c26727306ab6,Brandon Moreno,Jussier Formiga,1,0.559850319287398,Flyweight,mens_below_welterweight,0.613281487810089,separate_group_model,0.559850319287398,0.586821451798331,0.573390447478795,0.613281487810089
2020-03-14,53278852bcd91e11,dc45c8d70e256749,a8283a4f415e1eb9,c21a036b4e012f1c,Francisco Trinaldo,John Makdessi,1,0.479027539248852,Lightweight,mens_below_welterweight,0.465030119078857,separate_group_model,0.479027539248852,0.472023330545798,0.475524231257983,0.465030119078857
2020-03-14,53278852bcd91e11,5bba49d88db7430f,1091d4d957141094,c21f26bbde777573,Nikita Krylov,Johnny Walker,1,0.46255244426406,Light Heavyweight,mens_light_heavy_plus,0.444670749598119,separate_group_model,0.46255244426406,0.45359663035453,0.449129594674753,0.444670749598119
2020-03-14,53278852bcd91e11,c26a3f4c08333886,38c626ca912c7bac,b6452706b373eea1,Damir Hadzovic,Renato Moicano,0,0.264982964930292,Lightweight,mens_below_welterweight,0.29585897316116,separate_group_model,0.264982964930292,0.280161240102529,0.272506015471069,0.29585897316116
2020-03-14,53278852bcd91e11,5cee1d8f1e43d6f5,23024fdfc966410a,427b5953ac8e3a27,Gilbert Burns,Demian Maia,1,0.535179267965647,Welterweight,mens_welter_to_middle,0.471811982191443,separate_group_model,0.535179267965647,0.503509718740113,0.535179267965647,0.471811982191443
2020-03-14,53278852bcd91e11,e0b323dae5bf4c90,07225ba28ae309b6,ee9ebceabfd16fa7,Charles Oliveira,Kevin Lee,1,0.411768411575601,Lightweight,mens_below_welterweight,0.331249558620069,separate_group_model,0.411768411575601,0.370610354677655,0.390995534283269,0.331249558620069
2020-05-09,898337ef520fe4d3,b70dfff154b135bf,a67f5afa8d6a1b80,d156513a19acf856,Ryan Spann,Sam Alvey,1,0.724795652077718,Light Heavyweight,mens_light_heavy_plus,0.703195919069362,separate_group_model,0.724795652077718,0.714118100017458,0.70868715535864,0.703195919069362
2020-05-09,898337ef520fe4d3,08244974cf39ae38,40093d1d2d78394e,d9c6f19f958643e9,Charles Rosa,Bryce Mitchell,0,0.265983735393813,Featherweight,mens_below_welterweight,0.209398393005301,separate_group_model,0.265983735393813,0.236525122285823,0.250967127071292,0.209398393005301
2020-05-09,898337ef520fe4d3,3f810c3433dddb80,6d4b63c767106d3a,d8da10db80131bec,Vicente Luque,Niko Price,1,0.631590944679073,Welterweight,mens_welter_to_middle,0.514522673904495,separate_group_model,0.631590944679073,0.574094750389594,0.631590944679073,0.514522673904495
2020-05-09,898337ef520fe4d3,f2520dd5457ab293,d910665038efc639,eb04b9d31e938edb,Carla Esparza,Michelle Waterson-Gomez,1,0.587628078996624,Women's Strawweight,womens_all,0.508687319136812,separate_group_model,0.587628078996624,0.548462546245188,0.548462546245188,0.508687319136812
2020-05-09,898337ef520fe4d3,593f3b051aa82b0f,492b202d2064e7a9,98c23cb6da5b3352,Fabricio Werdum,Aleksei Oleinik,0,0.656915184511052,Heavyweight,mens_light_heavy_plus,0.55700530107037,separate_group_model,0.656915184511052,0.608091528190023,0.582770498922569,0.55700530107037
2020-05-09,898337ef520fe4d3,b9abcce29378e5cc,1d00756835ca67c9,cbb682f5fcc44bfc,Donald Cerrone,Anthony Pettis,0,0.559495236696137,Welterweight,mens_welter_to_middle,0.499399070606405,separate_group_model,0.559495236696137,0.529554263191213,0.559495236696137,0.499399070606405
2020-05-09,898337ef520fe4d3,f0d4652f8edfbe6d,1eff7bc0f815b270,85073dbd1be65ed9,Yorgan De Castro,Greg Hardy,0,0.297372594207754,Heavyweight,mens_light_heavy_plus,0.395501060351723,separate_group_model,0.297372594207754,0.344784714094415,0.369783653671293,0.395501060351723
2020-05-09,898337ef520fe4d3,02f5621f480ad1d4,18968f97ad34f15c,751de04455cfaac0,Jeremy Stephens,Calvin Kattar,0,0.387924140695253,Featherweight,mens_below_welterweight,0.269836122441015,separate_group_model,0.387924140695253,0.326127986819979,0.356428755291401,0.269836122441015
2020-05-09,898337ef520fe4d3,fcfaa28ed6888088,2cd428e9606856fd,8d03ce87ca14e778,Jairzinho Rozenstruik,Francis Ngannou,0,0.242517693743307,Heavyweight,mens_light_heavy_plus,0.277773003893496,separate_group_model,0.242517693743307,0.259757299536619,0.268669631756561,0.277773003893496
2020-05-09,898337ef520fe4d3,4e77cc2c8d604241,056c493bbd76a918,10f3ba6cd2f44a97,Henry Cejudo,Dominick Cruz,1,0.735296475860344,Bantamweight,mens_below_welterweight,0.802613072829176,separate_group_model,0.735296475860344,0.770685349791004,0.753417747874168,0.802613072829176
2020-05-09,898337ef520fe4d3,d395828f5cb045a5,22a92d7f62195791,9e8f6c728eb01124,Tony Ferguson,Justin Gaethje,0,0.645033612934785,Lightweight,mens_below_welterweight,0.707742828110288,separate_group_model,0.645033612934785,0.677184539352292,0.661295144851656,0.707742828110288
2020-05-13,5f8e00c27b7e7410,b2ca310c9d0037d3,01b352b6a9074d5c,f9d0cae37dabfafc,Chase Sherman,Ike Villanueva,1,0.384407943550888,Heavyweight,mens_light_heavy_plus,0.40516040926302,separate_group_model,0.384407943550888,0.394736741802047,0.399937249887014,0.40516040926302
2020-05-13,5f8e00c27b7e7410,3ce634d03af7e14c,2af2f2e26c4c0402,7be14eaed4c74856,Hunter Azure,Brian Kelleher,0,0.651952890424781,Featherweight,mens_below_welterweight,0.63973309626715,separate_group_model,0.651952890424781,0.645866800531053,0.64891589828042,0.63973309626715
2020-05-13,5f8e00c27b7e7410,918103d82ecbed75,436f970c9ea9169c,a0e6753c42698f13,Gabriel Benitez,Omar Morales,0,0.644825635346161,Lightweight,mens_below_welterweight,0.687473584902455,separate_group_model,0.644825635346161,0.666490105779638,0.65573881552594,0.687473584902455
2020-05-13,5f8e00c27b7e7410,fbbba3da4438cb04,4234f0097c83fa62,539ed332b3078821,Sijara Eubanks,Sarah Moras,1,0.730015747459801,Women's Bantamweight,womens_all,0.496588291804587,separate_group_model,0.730015747459801,0.620230740372555,0.620230740372555,0.496588291804587
2020-05-13,5f8e00c27b7e7410,87f58feac6b50367,511e82663651438d,d945aae53e3e54e6,Michael Johnson,Thiago Moises,0,0.433463920647354,Lightweight,mens_below_welterweight,0.352177203859181,separate_group_model,0.433463920647354,0.392072832549197,0.412613956417775,0.352177203859181
2020-05-13,5f8e00c27b7e7410,312946f6b72ebd51,3738e68d2261e60f,53c943c873cffe90,Andrei Arlovski,Philipe Lins,1,0.419252823150386,Heavyweight,mens_light_heavy_plus,0.476385965720246,separate_group_model,0.419252823150386,0.44764661470517,0.461984709063991,0.476385965720246
2020-05-13,5f8e00c27b7e7410,3094e82731ec55e7,5987b2458f4b5290,a4de54ea806fb525,Ricky Simon,Ray Borg,1,0.530044217534443,Bantamweight,mens_below_welterweight,0.523541662424109,separate_group_model,0.530044217534443,0.526794076181857,0.52841944803768,0.523541662424109
2020-05-13,5f8e00c27b7e7410,46c050a827ee83d6,262a7d06203657e6,519e4fe37ce9ff75,Alexander Hernandez,Drew Dober,0,0.721251834052824,Lightweight,mens_below_welterweight,0.752679004352487,separate_group_model,0.721251834052824,0.73726775520644,0.72933428761617,0.752679004352487
2020-05-13,5f8e00c27b7e7410,394ae51820bedd4c,50db8711c70196cd,bd58d34e39b7b12a,Ovince Saint Preux,Ben Rothwell,0,0.653028925966814,Heavyweight,mens_light_heavy_plus,0.584135310213195,separate_group_model,0.653028925966814,0.619181688205908,0.601788919513817,0.584135310213195
2020-05-13,5f8e00c27b7e7410,8539c4b795d33a92,7ff97850e8c32bda,d4c9dcd330403612,Glover Teixeira,Anthony Smith,1,0.469201697217022,Light Heavyweight,mens_light_heavy_plus,0.535858699778617,separate_group_model,0.469201697217022,0.502541491029377,0.519221463471968,0.535858699778617
2020-05-16,dfb965c9824425db,ebe122e962d26fa4,1a9480fc288e55d7,d31a5546c0e9b213,Don'Tale Mayes,Rodrigo Nascimento,0,0.324286088201892,Heavyweight,mens_light_heavy_plus,0.390526881296037,separate_group_model,0.324286088201892,0.356721853231272,0.37346989067304,0.390526881296037
2020-05-16,dfb965c9824425db,906283a2adcbc3e0,5f179af5fffeb9f6,82cbb809d5ee565c,Cortney Casey,Mara Romero Borella,1,0.463897715264695,Women's Flyweight,womens_all,0.502809502710619,separate_group_model,0.463897715264695,0.483328337917378,0.483328337917378,0.502809502710619
2020-05-16,dfb965c9824425db,f039c93516e48253,583ee11abddfc581,92a9aa9c93192871,Nate Landwehr,Darren Elkins,1,0.478267580853809,Featherweight,mens_below_welterweight,0.478984596047593,separate_group_model,0.478267580853809,0.47862607744202,0.478446826372748,0.478984596047593
2020-05-16,dfb965c9824425db,b1e66cea3a4d4709,06a80a685ea98573,9560ff14eb3129f7,Irwin Rivera,Giga Chikadze,0,0.466931477574385,Featherweight,mens_below_welterweight,0.517008192905239,separate_group_model,0.466931477574385,0.491949642318101,0.479427661721956,0.517008192905239
2020-05-16,dfb965c9824425db,51461da4ba467901,093e1f5bb73850be,3a46b268013afede,Anthony Hernandez,Kevin Holland,0,0.473991852213137,Middleweight,mens_welter_to_middle,0.382891254367584,separate_group_model,0.473991852213137,0.427829957034221,0.473991852213137,0.382891254367584
2020-05-16,dfb965c9824425db,adac148ee6fa3bf7,31123249b0bbf52e,82d4c957649faf9b,Matt Brown,Miguel Baeza,0,0.255834040200161,Welterweight,mens_welter_to_middle,0.273472677038367,separate_group_model,0.255834040200161,0.264559249526864,0.255834040200161,0.273472677038367
2020-05-16,dfb965c9824425db,81f2f2d4b0302590,7c7332319c14094c,efb96bf3e9ada36f,Marlon Vera,Song Yadong,0,0.483376308230618,Featherweight,mens_below_welterweight,0.436503056946285,separate_group_model,0.483376308230618,0.459850899744363,0.471597834098247,0.436503056946285
2020-05-16,dfb965c9824425db,821a1c6f5d7fab14,4e06913c91da5200,cad24459b28592ca,Krzysztof Jotko,Eryk Anders,1,0.460638908954139,Middleweight,mens_welter_to_middle,0.476784429031514,separate_group_model,0.460638908954139,0.46870347860326,0.460638908954139,0.476784429031514
2020-05-16,dfb965c9824425db,58540b24ed77d31b,64a50dad704d1d49,82a5152216251682,Edson Barboza,Dan Ige,0,0.365193696804177,Featherweight,mens_below_welterweight,0.277246588183401,separate_group_model,0.365193696804177,0.319618319082366,0.34204162774146,0.277246588183401
2020-05-16,dfb965c9824425db,27bfb9205119f23b,ec34349e7dffcde7,f0feeb2192937424,Claudia Gadelha,Angela Hill,1,0.468033759428299,Women's Strawweight,womens_all,0.489014542213394,separate_group_model,0.468033759428299,0.47851467563818,0.47851467563818,0.489014542213394
2020-05-16,dfb965c9824425db,ce0748519d5ea5c6,03f982ca3735070c,b4ad3a06ee4d660c,Walt Harris,Alistair Overeem,0,0.529690004458153,Heavyweight,mens_light_heavy_plus,0.544048884697061,separate_group_model,0.529690004458153,0.536877089378193,0.540465082065962,0.544048884697061
2020-05-30,14b9e0f2679a2205,2300ad7f87080ad7,37098a6e6c27fb66,45f0cc9d18f35137,Vince Morales,Chris Gutierrez,0,0.460951771085657,Featherweight,mens_below_welterweight,0.503767485939453,separate_group_model,0.460951771085657,0.482327190524759,0.471626474835805,0.503767485939453
2020-05-30,14b9e0f2679a2205,57dec2b07b75dada,d2bc285ead803db0,e7bba7ce4d6c7b07,Louis Smolka,Casey Kenney,0,0.299124723002345,Bantamweight,mens_below_welterweight,0.303452225139198,separate_group_model,0.299124723002345,0.301284054615994,0.300203280197987,0.303452225139198
2020-05-30,14b9e0f2679a2205,0170db5fad04e4d0,6e15f63b6c2e2c15,c96d9178c9ed9e62,Brandon Royval,Tim Elliott,1,0.549482658670937,Flyweight,mens_below_welterweight,0.712225961021667,separate_group_model,0.549482658670937,0.634692262569982,0.592784981779403,0.712225961021667
2020-05-30,14b9e0f2679a2205,767819f321431bed,5eb50529a8418b77,8a1f3b5c526cd6e6,Gabe Green,Daniel Rodriguez,0,0.51433911119997,Welterweight,mens_welter_to_middle,0.511860130771465,separate_group_model,0.51433911119997,0.513099701543184,0.51433911119997,0.511860130771465
2020-05-30,14b9e0f2679a2205,a41384da70013373,d7338bcb141abd2c,e872e9a9a902c045,Antonina Shevchenko,Katlyn Cerminara,0,0.379179619664921,Women's Flyweight,womens_all,0.502857565361993,separate_group_model,0.379179619664921,0.440089041696549,0.440089041696549,0.502857565361993
2020-05-30,14b9e0f2679a2205,3640defb8294bd37,2244d9a2b64b8c3b,7447e9f28508106a,Hannah Cifers,Mackenzie Dern,0,0.324867393881733,Women's Strawweight,womens_all,0.488646266239634,separate_group_model,0.324867393881733,0.404088706776262,0.404088706776262,0.488646266239634
2020-05-30,14b9e0f2679a2205,03e5127d4832750c,37c5366d18ed6c05,7c9f96f9a6a5cd50,Roosevelt Roberts,Brok Weaver,1,0.660331413356877,Lightweight,mens_below_welterweight,0.675918642800534,separate_group_model,0.660331413356877,0.668171097435798,0.664262572429561,0.675918642800534
2020-05-30,14b9e0f2679a2205,1e9a2b197ebff074,aa171d55d4b5208f,be68b375707dcb85,Billy Quarantillo,Spike Carlyle,1,0.44313026229858,Catch Weight,unclassified,0.44313026229858,global_fallback_unclassified,0.44313026229858,0.44313026229858,0.44313026229858,0.44313026229858
2020-05-30,14b9e0f2679a2205,a6743d41b0b95271,1788eee370f077b7,441eacbe20e0e80b,Blagoy Ivanov,Augusto Sakai,0,0.570089575365048,Heavyweight,mens_light_heavy_plus,0.557188698904552,separate_group_model,0.570089575365048,0.563649905021524,0.560421861785681,0.557188698904552
2020-05-30,14b9e0f2679a2205,e9eab0fa03eecd9b,23024fdfc966410a,effd9de9937996f8,Gilbert Burns,Tyron Woodley,1,0.542801404139754,Welterweight,mens_welter_to_middle,0.616792435108012,separate_group_model,0.542801404139754,0.580247798926432,0.542801404139754,0.616792435108012
2020-06-06,4c12aa7ca246e7a4,20ba608a6e717f05,4f140403000158b5,e5c9de15bb58b1c6,Herbert Burns,Evan Dunham,1,0.578279427787205,Catch Weight,unclassified,0.578279427787205,global_fallback_unclassified,0.578279427787205,0.578279427787205,0.578279427787205,0.578279427787205
2020-06-06,4c12aa7ca246e7a4,5fdf6611815efdfb,a495f599e787614f,cc7040fe76f0ef91,Alonzo Menifield,Devin Clark,0,0.6361741260729,Light Heavyweight,mens_light_heavy_plus,0.578725239821399,separate_group_model,0.6361741260729,0.607822831150346,0.593355929565212,0.578725239821399
2020-06-06,4c12aa7ca246e7a4,de4c4997f1429dd1,ab2b4ff41d6ebe0f,b102c26727306ab6,Alex Perez,Jussier Formiga,1,0.628180904631837,Flyweight,mens_below_welterweight,0.721364371389009,separate_group_model,0.628180904631837,0.676521176506483,0.652744605697751,0.721364371389009
2020-06-06,4c12aa7ca246e7a4,1c7ea3928c7d0ad8,76ee3d666c648f6b,c549573c0df4d676,Charles Byrd,Maki Pitolo,0,0.356536872198434,Middleweight,mens_welter_to_middle,0.416132097389297,separate_group_model,0.356536872198434,0.385907103659804,0.356536872198434,0.416132097389297
2020-06-06,4c12aa7ca246e7a4,c6ca435e24c5f4e4,7be14eaed4c74856,bf7ad5628363eec9,Brian Kelleher,Cody Stamann,0,0.246951137664212,Featherweight,mens_below_welterweight,0.23494145775704,separate_group_model,0.246951137664212,0.240895209936311,0.243910442231081,0.23494145775704
2020-06-06,4c12aa7ca246e7a4,6fe8bce03a46350b,2e585c701f72fe55,6ac9bc2953c47345,Ian Heinisch,Gerald Meerschaert,1,0.647635662660414,Middleweight,mens_welter_to_middle,0.517942708812076,separate_group_model,0.647635662660414,0.584246909800086,0.647635662660414,0.517942708812076
2020-06-06,4c12aa7ca246e7a4,f2cd665eab69876a,7aa3d6964eff4877,971246648e162f0d,Alex Caceres,Chase Hooper,1,0.204628789260634,Featherweight,mens_below_welterweight,0.175069978059639,separate_group_model,0.204628789260634,0.189407898419255,0.196907355953113,0.175069978059639
2020-06-06,4c12aa7ca246e7a4,58584ccd0f63e3f3,b50a426a33da0012,fc9a9559a05f2704,Sean O'Malley,Eddie Wineland,1,0.643511376912952,Bantamweight,mens_below_welterweight,0.774015202426187,separate_group_model,0.643511376912952,0.713180323387102,0.679344054914559,0.774015202426187
2020-06-06,4c12aa7ca246e7a4,8bede5047e97d602,5331b25a60417ffb,84b3e7d38f2d2ec5,Anthony Rocco Martin,Neil Magny,0,0.664980861938878,Welterweight,mens_welter_to_middle,0.686093381233055,separate_group_model,0.664980861938878,0.675626416513793,0.664980861938878,0.686093381233055
2020-06-06,4c12aa7ca246e7a4,c03b6b6ce5d03276,65f09bacd3957381,cb696ebfb6598724,Cory Sandhagen,Aljamain Sterling,0,0.368918579141879,Bantamweight,mens_below_welterweight,0.378714092918345,separate_group_model,0.368918579141879,0.373803403452053,0.371357704106526,0.378714092918345
2020-06-06,4c12aa7ca246e7a4,0ddf834a47533d15,2f13e4020cea5b38,d8c7c61b176e3994,Raphael Assuncao,Cody Garbrandt,0,0.508640947656976,Bantamweight,mens_below_welterweight,0.520327357288631,separate_group_model,0.508640947656976,0.514486132537184,0.511563935404093,0.520327357288631
2020-06-06,4c12aa7ca246e7a4,dc38c78358e053c3,39d91e95949de3d9,80fa8218c99f9c58,Felicia Spencer,Amanda Nunes,0,0.17359886668647,Women's Featherweight,womens_all,0.434698443620119,separate_group_model,0.17359886668647,0.286688922017025,0.286688922017025,0.434698443620119
2020-06-13,1e13936d708bcff7,58e72b1a38880ba9,3c5005b66696d790,ae071698e1a3ccd4,Anthony Ivy,Christian Aguilera,0,0.477497164888,Welterweight,mens_welter_to_middle,0.516193833848161,separate_group_model,0.477497164888,0.496840768444468,0.477497164888,0.516193833848161
2020-06-13,1e13936d708bcff7,dfbb110855354039,6e00cfffd54653c4,79cb2a690b9ba5e8,Tyson Nam,Zarrukh Adashev,1,0.493774675068934,Bantamweight,mens_below_welterweight,0.412036749367306,separate_group_model,0.493774675068934,0.452586080775905,0.473134669144576,0.412036749367306
2020-06-13,1e13936d708bcff7,97125cd6a94b6394,016a8d958883167c,86d9dbe1bfcbade7,Gina Mazany,Julia Avila,0,0.284310541067743,Women's Bantamweight,womens_all,0.456103131609204,separate_group_model,0.284310541067743,0.365954901339611,0.365954901339611,0.456103131609204
2020-06-13,1e13936d708bcff7,05061dd590c9eb34,93b62c5f2ba18e51,c03520b5c88ed6b4,Gustavo Lopez,Merab Dvalishvili,0,0.188745233153329,Catch Weight,unclassified,0.188745233153329,global_fallback_unclassified,0.188745233153329,0.188745233153329,0.188745233153329,0.188745233153329
2020-06-13,1e13936d708bcff7,7606d2f8d8b0e889,2244d9a2b64b8c3b,a08ddd04eaffd81d,Hannah Cifers,Mariya Agapova,0,0.250388977276547,Women's Flyweight,womens_all,0.511802952158649,separate_group_model,0.250388977276547,0.371763422950408,0.371763422950408,0.511802952158649
2020-06-13,1e13936d708bcff7,e36b8b88646f72f8,215a70f073a7b726,f57dd0bfa8c17813,Jordan Espinosa,Mark De La Rosa,1,0.793577851480819,Bantamweight,mens_below_welterweight,0.732973097365179,separate_group_model,0.793577851480819,0.764622915519987,0.779440891005404,0.732973097365179
2020-06-13,1e13936d708bcff7,cab532b4544580bd,8fd808923cffff82,f1d64ae34e088832,Andre Fili,Charles Jourdain,1,0.56027278621844,Featherweight,mens_below_welterweight,0.502982138310958,separate_group_model,0.56027278621844,0.531732033519397,0.54604023350816,0.502982138310958
2020-06-13,1e13936d708bcff7,1109a8f2adc81ce0,40093d1d2d78394e,cf946e03ba2e7666,Charles Rosa,Kevin Aguilar,1,0.269129345012088,Lightweight,mens_below_welterweight,0.247433323716395,separate_group_model,0.269129345012088,0.258132731728041,0.26359422178905,0.247433323716395
2020-06-13,1e13936d708bcff7,e857ca0bc3b9fdcd,37d5b176d438d2a5,7acbb0972e75281a,Karl Roberson,Marvin Vettori,0,0.349228416525962,Middleweight,mens_welter_to_middle,0.499606442439027,separate_group_model,0.349228416525962,0.422625813931319,0.349228416525962,0.499606442439027
2020-06-13,1e13936d708bcff7,b8b692aa2aae3310,98215d037be5bcb7,f72465a784c1b084,Cynthia Calvillo,Jessica Eye,1,0.729522672137202,Women's Flyweight,womens_all,0.513071782759879,separate_group_model,0.729522672137202,0.627673882939167,0.627673882939167,0.513071782759879
2020-06-20,2eab7a6c8b0ed8cc,d333a6c34ff16397,59a27d2e6d0802ac,d2cd7a69cc55e7ed,Max Rohskopf,Austin Hubbard,0,0.458383130025166,Lightweight,mens_below_welterweight,0.456214678925565,separate_group_model,0.458383130025166,0.45729870221094,0.457840866184595,0.456214678925565
2020-06-20,2eab7a6c8b0ed8cc,088b47d890b389e9,4498b382c65a7faa,729d4bd5a6cd0a97,Roxanne Modafferi,Lauren Murphy,0,0.456624902426526,Women's Flyweight,womens_all,0.47138032974838,separate_group_model,0.456624902426526,0.463994736073504,0.463994736073504,0.47138032974838
2020-06-20,2eab7a6c8b0ed8cc,7f0175f71481b63d,304a21d0595e1a08,764342d39cdaa54a,Justin Jaynes,Frank Camacho,1,0.515354514452343,Lightweight,mens_below_welterweight,0.530652410805147,separate_group_model,0.515354514452343,0.523008858715704,0.519182812142173,0.530652410805147
2020-06-20,2eab7a6c8b0ed8cc,90715135a543b6e3,38c7f72747f4f712,5f179af5fffeb9f6,Gillian Robertson,Cortney Casey,1,0.751524814613526,Women's Flyweight,womens_all,0.547878692244228,separate_group_model,0.751524814613526,0.656882523619981,0.656882523619981,0.547878692244228
2020-06-20,2eab7a6c8b0ed8cc,1adee75d6c671cc8,31ef8b67e13495b3,b53c46f613f6f248,Tecia Pennington,Brianna Fortino,1,0.295518025276795,Women's Strawweight,womens_all,0.498731507244601,separate_group_model,0.295518025276795,0.392479062834727,0.392479062834727,0.498731507244601
2020-06-20,2eab7a6c8b0ed8cc,d851cbbbdfd05a49,887961364be5ceb3,c47df9303d318c67,King Green,Clay Guida,1,0.581470314797196,Lightweight,mens_below_welterweight,0.659807574924921,separate_group_model,0.581470314797196,0.621430514285414,0.601619661926961,0.659807574924921
2020-06-20,2eab7a6c8b0ed8cc,9b39e15b42422a08,37c5366d18ed6c05,d1941565abf50b16,Roosevelt Roberts,Jim Miller,0,0.682111973183103,Catch Weight,unclassified,0.682111973183103,global_fallback_unclassified,0.682111973183103,0.682111973183103,0.682111973183103,0.682111973183103
2020-06-20,2eab7a6c8b0ed8cc,f00921c62315be96,4e0692ad070976e4,b1b0729d27936f2f,Lyman Good,Belal Muhammad,0,0.520645630524206,Welterweight,mens_welter_to_middle,0.516209454486203,separate_group_model,0.520645630524206,0.518427905653355,0.520645630524206,0.516209454486203
2020-06-20,2eab7a6c8b0ed8cc,8b9e9f283e76b429,c7d297714d9ab1a4,fc169c387b4b465d,Marion Reneau,Raquel Pennington,0,0.214492005997102,Women's Bantamweight,womens_all,0.493574817181838,separate_group_model,0.214492005997102,0.340317387238161,0.340317387238161,0.493574817181838
2020-06-20,2eab7a6c8b0ed8cc,4f99b4a39925cb47,98d961097baaf308,fba03cd6cc28dc41,Shane Burgos,Josh Emmett,0,0.45186280237908,Featherweight,mens_below_welterweight,0.551404045815865,separate_group_model,0.45186280237908,0.501649770961851,0.476698402613102,0.551404045815865
2020-06-20,2eab7a6c8b0ed8cc,0c3622569cd8062a,279566840aa55bf2,fa6796c55d6c5440,Alexander Volkov,Curtis Blaydes,0,0.284132202700654,Heavyweight,mens_light_heavy_plus,0.363012227836491,separate_group_model,0.284132202700654,0.322308084912246,0.342370228560128,0.363012227836491
2020-06-27,c32eab6c2119e989,0f369d09416b9e34,52c2ae6d2f2d2613,ebef46976554f975,Youssef Zalal,Jordan Griffin,1,0.772684312184908,Featherweight,mens_below_welterweight,0.825285379410982,separate_group_model,0.772684312184908,0.800281246812832,0.786808145511957,0.825285379410982
2020-06-27,c32eab6c2119e989,1b8d366ac0f110f3,4100c7a09497ad41,d05cb1e8d1b885d8,Kay Hansen,Jinh Yu Frey,1,0.670757810283557,Women's Strawweight,womens_all,0.523758198578821,separate_group_model,0.670757810283557,0.599494539136954,0.599494539136954,0.523758198578821
2020-06-27,c32eab6c2119e989,75570ea2da94a4fb,04c8b08b16a5b99e,53c943c873cffe90,Tanner Boser,Philipe Lins,1,0.701489984480019,Heavyweight,mens_light_heavy_plus,0.532438958637644,separate_group_model,0.701489984480019,0.620617670480221,0.577142643029322,0.532438958637644
2020-06-27,c32eab6c2119e989,9025e3c6b6d71253,2844b047183a1adb,78e501478a36a018,Luis Pena,Khama Worthy,0,0.619776877975005,Lightweight,mens_below_welterweight,0.611404240587911,separate_group_model,0.619776877975005,0.615599120487004,0.617690173834299,0.611404240587911
2020-06-27,c32eab6c2119e989,8a8fea2c10512434,4682bc59d5f55145,902ec2cc48c8ae8a,Sean Woodson,Julian Erosa,0,0.842896778087333,Catch Weight,unclassified,0.842896778087333,global_fallback_unclassified,0.842896778087333,0.842896778087333,0.842896778087333,0.842896778087333
2020-06-27,c32eab6c2119e989,67ed3ad521ef619c,5f3805dda9661cba,8abac218746e04ca,Jason Witt,Takashi Sato,0,0.395738457378345,Welterweight,mens_welter_to_middle,0.470477508087948,separate_group_model,0.395738457378345,0.432725302820094,0.395738457378345,0.470477508087948
2020-06-27,c32eab6c2119e989,cfd47fddbb705f26,2f181c0467965b98,d6c0cdd7e467c440,Brendan Allen,Kyle Daukaus,1,0.663451998582292,Middleweight,mens_welter_to_middle,0.640922772661074,separate_group_model,0.663451998582292,0.652272570268062,0.663451998582292,0.640922772661074
2020-06-27,c32eab6c2119e989,9ce56acac775d386,068f8a189a47fea6,fcd448a2fe1a23cc,Maurice Greene,Gian Villante,1,0.477724058240926,Heavyweight,mens_light_heavy_plus,0.643056259059689,separate_group_model,0.477724058240926,0.562113888752808,0.603291759876116,0.643056259059689
2020-06-27,c32eab6c2119e989,f2d9814936a6eb35,9e50097a89442158,f2b6fdb20675b11c,Mickey Gall,Mike Perry,0,0.32669057414101,Welterweight,mens_welter_to_middle,0.418231229200971,separate_group_model,0.32669057414101,0.37130671501402,0.32669057414101,0.418231229200971
2020-06-27,c32eab6c2119e989,f8dd1e75978a3957,029eaff01e6bb8f0,193b9d1858bc4df3,Dustin Poirier,Dan Hooker,1,0.439706144271479,Lightweight,mens_below_welterweight,0.558035754824735,separate_group_model,0.439706144271479,0.498854916118937,0.469172266884208,0.558035754824735
2020-07-11,dbd198f780286aca,5d6fb4acfe5cc8a1,113df4fde64735c6,ea3dcc417c322064,Davey Grant,Martin Day,1,0.395704269865276,Bantamweight,mens_below_welterweight,0.313399705479189,separate_group_model,0.395704269865276,0.353466856718831,0.374346316266547,0.313399705479189
2020-07-11,dbd198f780286aca,08e48648e3504638,351c4ec637380ad5,9b7dfb3b7d99926a,Karol Rosa,Vanessa Melo,1,0.589559443615147,Women's Bantamweight,womens_all,0.547557413491262,separate_group_model,0.589559443615147,0.568681921145158,0.568681921145158,0.547557413491262
2020-07-11,dbd198f780286aca,0e8d5c16eb9cb1cf,55fa6ce3e522c8bb,82b4e942781b1046,Zhalgas Zhumagulov,Raulian Paiva,0,0.27935564017359,Flyweight,mens_below_welterweight,0.307114629897261,separate_group_model,0.27935564017359,0.293042728230139,0.286150155779042,0.307114629897261
2020-07-11,dbd198f780286aca,137646de0ffd9c35,950d0ef5c17157c5,c9cf753cfdf77fc2,Maxim Grishin,Marcin Tybura,0,0.398606530570219,Heavyweight,mens_light_heavy_plus,0.426775401027594,separate_group_model,0.398606530570219,0.412619448154395,0.419680903124078,0.426775401027594
2020-07-11,dbd198f780286aca,7c76c752c7abf2e0,9c65736747ca92ec,d61316139d68dbe3,Leonardo Santos,Roman Bogatov,1,0.577970655568966,Lightweight,mens_below_welterweight,0.517256114438845,separate_group_model,0.577970655568966,0.547791173713599,0.562939161793156,0.517256114438845
2020-07-11,dbd198f780286aca,159646a9d2ae8ea5,87a1dc546b1c5caf,f7d73e452b064bf2,Makwan Amirkhani,Danny Henry,1,0.563360163978272,Featherweight,mens_below_welterweight,0.628893179192563,separate_group_model,0.563360163978272,0.596557333562316,0.580049285215663,0.628893179192563
2020-07-11,dbd198f780286aca,ce7cd2ec773bea7f,447f9858ae78f921,8adcbd525fab8d9b,Muslim Salikhov,Elizeu Zaleski dos Santos,1,0.554569751297255,Welterweight,mens_welter_to_middle,0.600271547013775,separate_group_model,0.554569751297255,0.577586690431939,0.554569751297255,0.600271547013775
2020-07-11,dbd198f780286aca,cd8cdb539deaa47f,009341ed974bad72,0845c81e37d3bcb3,Jiri Prochazka,Volkan Oezdemir,1,0.278858513355954,Light Heavyweight,mens_light_heavy_plus,0.404854103030793,separate_group_model,0.278858513355954,0.339010848324076,0.371335311524634,0.404854103030793
2020-07-11,dbd198f780286aca,6e0c1faaf40caf9a,4d5197f331c47290,beecb672a279223e,Paige VanZant,Amanda Ribas,0,0.226655487886101,Women's Flyweight,womens_all,0.497904255972353,separate_group_model,0.226655487886101,0.350273271069607,0.350273271069607,0.497904255972353
2020-07-11,dbd198f780286aca,e16f42a666e163d8,47b63240018d5d86,6a1901c62ab3870f,Rose Namajunas,Jessica Andrade,1,0.434154891700618,Women's Strawweight,womens_all,0.482805439373466,separate_group_model,0.434154891700618,0.458380972843412,0.458380972843412,0.482805439373466
2020-07-11,dbd198f780286aca,0f9be7ac405772f8,d0f3959b4a9747e6,d661ce4da776fc20,Jose Aldo,Petr Yan,0,0.422315141547143,Bantamweight,mens_below_welterweight,0.353633245712246,separate_group_model,0.422315141547143,0.387414890109052,0.404744628296845,0.353633245712246
2020-07-11,dbd198f780286aca,94b1596c6ff9a25d,150ff4cc642270b9,e1248941344b3288,Max Holloway,Alexander Volkanovski,0,0.465667626620854,Featherweight,mens_below_welterweight,0.529257830729974,separate_group_model,0.465667626620854,0.497452426751291,0.481541352979387,0.529257830729974
2020-07-11,dbd198f780286aca,d292243c6499b2fe,47b9e0e7703a4868,f1b2aa7853d1ed6e,Jorge Masvidal,Kamaru Usman,0,0.264320919504365,Welterweight,mens_welter_to_middle,0.34535272679641,separate_group_model,0.264320919504365,0.303311058650685,0.264320919504365,0.34535272679641
2020-07-15,18f5669a92e99d92,f3c42ce9fad55eb7,34c2b3656f88f7ef,b8a85389d115e35a,Aaron Phillips,Jack Shore,0,0.172947847362254,Bantamweight,mens_below_welterweight,0.0884056850461711,separate_group_model,0.172947847362254,0.124654994328363,0.147169862445455,0.0884056850461711
2020-07-15,18f5669a92e99d92,dccea04cc3567955,d7e40dca3ae125be,eebc23626e38f5dc,Diana Belbita,Liana Jojua,0,0.694722857690246,Women's Flyweight,womens_all,0.509687433012356,separate_group_model,0.694722857690246,0.605998734679468,0.605998734679468,0.509687433012356
2020-07-15,18f5669a92e99d92,819f51ef9d945a46,7026eca45f65377b,bebb4ae55ac2bf6f,Jared Gordon,Chris Fishgold,1,0.553663953283531,Featherweight,mens_below_welterweight,0.497755881913198,separate_group_model,0.553663953283531,0.52579074643875,0.539758435208951,0.497755881913198
2020-07-15,18f5669a92e99d92,0e969ae805006d1f,476fe566d2df676e,79325a3c1a5c3bf4,Modestas Bukauskas,Andreas Michailidis,1,0.584658286362906,Light Heavyweight,mens_light_heavy_plus,0.565821290803608,separate_group_model,0.584658286362906,0.575267114796698,0.57055062544062,0.565821290803608
2020-07-15,18f5669a92e99d92,f3efc6121c5323ff,1ae8f3c723aacff4,396fe87b84ac2e1c,Ricardo Ramos,Lerone Murphy,0,0.650906087558325,Featherweight,mens_below_welterweight,0.714888730066235,separate_group_model,0.650906087558325,0.683766558356058,0.667540084801581,0.714888730066235
2020-07-15,18f5669a92e99d92,7fd810af30144119,767755fd74662dbf,e9ac7bfb65c25497,Khamzat Chimaev,John Phillips,1,0.768154352948239,Middleweight,mens_welter_to_middle,0.647453018249516,separate_group_model,0.768154352948239,0.711543158878206,0.768154352948239,0.647453018249516
2020-07-15,18f5669a92e99d92,33d2a1dbb8a7fef5,49ee5024966efc0d,eae431e70064e046,Mounir Lazzez,Abdul Razak Alhassan,1,0.479101638566467,Welterweight,mens_welter_to_middle,0.445632012316054,separate_group_model,0.479101638566467,0.462324379887013,0.479101638566467,0.445632012316054
2020-07-15,18f5669a92e99d92,15def71ff1679e06,51018a31ddf31eb2,f7467152fd9f18a2,Molly McCann,Taila Santos,0,0.485758088327254,Women's Flyweight,womens_all,0.533193709290554,separate_group_model,0.485758088327254,0.509497276689001,0.509497276689001,0.533193709290554
2020-07-15,18f5669a92e99d92,d4c314616eac8f8b,9c907996820d2d69,bf7ad5628363eec9,Jimmie Rivera,Cody Stamann,1,0.424253076000146,Featherweight,mens_below_welterweight,0.36910341276309,separate_group_model,0.424253076000146,0.396348881905468,0.410228752729699,0.36910341276309
2020-07-15,18f5669a92e99d92,7dbf23cb872edc9c,20999e27ddd94bda,c96d9178c9ed9e62,Ryan Benoit,Tim Elliott,0,0.618571949571008,Flyweight,mens_below_welterweight,0.776387433279262,separate_group_model,0.618571949571008,0.703519469767046,0.662354110127964,0.776387433279262
2020-07-15,18f5669a92e99d92,abeaae1a64934178,751de04455cfaac0,82a5152216251682,Calvin Kattar,Dan Ige,1,0.424250984517824,Featherweight,mens_below_welterweight,0.397222454939519,separate_group_model,0.424250984517824,0.410669309868715,0.417444492147151,0.397222454939519
2020-07-18,ddbd0d6259ce57cc,147e31abbe3927d0,a2ea77e974c5889f,e2f6b2769aaedd6c,Carlos Felipe,Serghei Spivac,0,0.481115593582439,Heavyweight,mens_light_heavy_plus,0.450148150726945,separate_group_model,0.481115593582439,0.465598725173886,0.457863307136754,0.450148150726945
2020-07-18,ddbd0d6259ce57cc,ecb24300bb3bef8c,0052de90691d4a93,eae48ff31db420c2,Davi Ramos,Arman Tsarukyan,0,0.399969335308289,Lightweight,mens_below_welterweight,0.42608689885795,separate_group_model,0.399969335308289,0.412966895800324,0.406451738656353,0.42608689885795
2020-07-18,ddbd0d6259ce57cc,b9b0da84b243213f,6d35bf94f7d30241,dee294e9717012c2,Amir Albazi,Malcolm Gordon,1,0.526747302803688,Bantamweight,mens_below_welterweight,0.573810484707619,separate_group_model,0.526747302803688,0.550391651140073,0.538591180791975,0.573810484707619
2020-07-18,ddbd0d6259ce57cc,b5f70d0c88f12645,cc1a8b4b38b92c6d,ec52462a1b41f714,Montel Jackson,Brett Johns,0,0.762996807057228,Bantamweight,mens_below_welterweight,0.710089755477334,separate_group_model,0.762996807057228,0.737400308866971,0.750417496183095,0.710089755477334
2020-07-18,ddbd0d6259ce57cc,b76c0b0ed2926737,58bbef3770bb2dfc,654ae722109a0d31,Joel Alvarez,Joe Duffy,1,0.589410551510068,Lightweight,mens_below_welterweight,0.576186095048819,separate_group_model,0.589410551510068,0.582813214598803,0.586115745808101,0.576186095048819
2020-07-18,ddbd0d6259ce57cc,bb881d4ee6dfbf86,776a58a67665a171,99bd51917728c25d,Nad Narimani,Grant Dawson,0,0.327208412781516,Catch Weight,unclassified,0.327208412781516,global_fallback_unclassified,0.327208412781516,0.327208412781516,0.327208412781516,0.327208412781516
2020-07-18,ddbd0d6259ce57cc,e5a9f75b1117d848,327d5f279895110d,c3218c810959d279,Roman Dolidze,Khadis Ibragimov,1,0.351771538771457,Light Heavyweight,mens_light_heavy_plus,0.511170279664995,separate_group_model,0.351771538771457,0.429648266417107,0.470210596951068,0.511170279664995
2020-07-18,ddbd0d6259ce57cc,ba4485ce4e8e3fe1,a0f0004aadf10b71,b1d19449397541dc,Alexandre Pantoja,Askar Askarov,0,0.665001619970152,Flyweight,mens_below_welterweight,0.682019876807801,separate_group_model,0.665001619970152,0.673567902271488,0.669298793074831,0.682019876807801
2020-07-18,ddbd0d6259ce57cc,c4c379b8f99fea88,528b071cf3da7c56,6551c64fbcd1a467,Luana Carolina,Ariane da Silva,0,0.599905571975246,Women's Flyweight,womens_all,0.511853723921371,separate_group_model,0.599905571975246,0.556321886067808,0.556321886067808,0.511853723921371
2020-07-18,ddbd0d6259ce57cc,e5872dfa5b93fcbb,32c355b04fc57f3a,c814b4c899793af6,Marc Diakiese,Rafael Fiziev,0,0.590439591940745,Lightweight,mens_below_welterweight,0.557252674821423,separate_group_model,0.590439591940745,0.573929374879248,0.582207514541831,0.557252674821423
2020-07-18,ddbd0d6259ce57cc,fcfd2e6eed519cb9,0a1942069c9ad6b6,8c0580d4fff106c1,Jack Hermansson,Kelvin Gastelum,1,0.542132575882116,Middleweight,mens_welter_to_middle,0.535966394349709,separate_group_model,0.542132575882116,0.539050979016539,0.542132575882116,0.535966394349709
2020-07-18,ddbd0d6259ce57cc,4dc5039b21013b3a,80eacd4da0617c57,aa72b0f831d0bfe5,Joseph Benavidez,Deiveson Figueiredo,0,0.347460981023304,Flyweight,mens_below_welterweight,0.35670200265046,separate_group_model,0.347460981023304,0.352067647139615,0.34976080937681,0.35670200265046
2020-07-25,dde70a112e053a6c,67db05bac9165722,329e403448756217,5fa2974cbd18e05c,Nathaniel Wood,John Castaneda,1,0.575521433844954,Bantamweight,mens_below_welterweight,0.626540390753902,separate_group_model,0.575521433844954,0.601305861200237,0.588474368448528,0.626540390753902
2020-07-25,dde70a112e053a6c,87daaa6db4f6940c,62f7097c04311193,abd5fb12437eda21,Niklas Stolze,Ramazan Emeev,0,0.277694461765684,Welterweight,mens_welter_to_middle,0.312475434441023,separate_group_model,0.277694461765684,0.294786496955375,0.277694461765684,0.312475434441023
2020-07-25,dde70a112e053a6c,54bbc7974df586a1,673ea7dcc786b1b3,91dac5e69e28d5b5,Bethe Correia,Pannie Kianzad,0,0.315406203600226,Women's Bantamweight,womens_all,0.508860081313395,separate_group_model,0.315406203600226,0.408598980786611,0.408598980786611,0.508860081313395
2020-07-25,dde70a112e053a6c,88d3b6b833e31712,04c8b08b16a5b99e,41f90012b86a11bf,Tanner Boser,Raphael Pessoa,1,0.609256684355328,Heavyweight,mens_light_heavy_plus,0.521701351972424,separate_group_model,0.609256684355328,0.56599382086978,0.543934447343946,0.521701351972424
2020-07-25,dde70a112e053a6c,32b0e450b11b32fe,56fcb2c4d99f9d1b,76e2870ffafbe38f,Mike Grundy,Movsar Evloev,0,0.434256740665426,Featherweight,mens_below_welterweight,0.362061583299561,separate_group_model,0.434256740665426,0.397602218491592,0.415813074403159,0.362061583299561
2020-07-25,dde70a112e053a6c,6cfab1da57d260f4,399afbabc02376b5,92fa1401b7927da3,Tom Aspinall,Jake Collier,1,0.564025116798764,Heavyweight,mens_light_heavy_plus,0.611449579092297,separate_group_model,0.564025116798764,0.58794143393717,0.599752917028743,0.611449579092297
2020-07-25,dde70a112e053a6c,3b209a2aee014ac2,4c88a1db5a46c6a4,a8283a4f415e1eb9,Jai Herbert,Francisco Trinaldo,0,0.486934835454788,Lightweight,mens_below_welterweight,0.398642713602354,separate_group_model,0.486934835454788,0.442333221406444,0.464563178648901,0.398642713602354
2020-07-25,dde70a112e053a6c,573d3a6984cbcd29,767755fd74662dbf,f748267c4ab6c127,Khamzat Chimaev,Rhys McKee,1,0.464208993284653,Welterweight,mens_welter_to_middle,0.563771252175415,separate_group_model,0.464208993284653,0.514130302222377,0.464208993284653,0.563771252175415
2020-07-25,dde70a112e053a6c,58e07add007685f8,1fcfc3709fe58151,57b10fca4f9c9a7a,Peter Sobotta,Alex Oliveira,0,0.297272820041391,Welterweight,mens_welter_to_middle,0.387369897194401,separate_group_model,0.297272820041391,0.340885671264999,0.297272820041391,0.387369897194401
2020-07-25,dde70a112e053a6c,74dae3d87a99cf5d,af997f7611673880,eabf206b162b3b83,Gadzhimurad Antigulov,Paul Craig,0,0.371560054634508,Light Heavyweight,mens_light_heavy_plus,0.318915405156404,separate_group_model,0.371560054634508,0.344761751907481,0.331711805907974,0.318915405156404
2020-07-25,dde70a112e053a6c,5632f2364016e879,cd2c4d30c6e13b47,d910665038efc639,Marina Rodriguez,Carla Esparza,0,0.471004417621303,Women's Strawweight,womens_all,0.489613989123455,separate_group_model,0.471004417621303,0.480302371165554,0.480302371165554,0.489613989123455
2020-07-25,dde70a112e053a6c,f786136e55007e17,3c6976f8182d9527,492b202d2064e7a9,Alexander Gustafsson,Fabricio Werdum,0,0.756585324560024,Heavyweight,mens_light_heavy_plus,0.702449681320665,separate_group_model,0.756585324560024,0.730373746791854,0.71661960725704,0.702449681320665
2020-07-25,dde70a112e053a6c,a3820f1eb82f2ba6,140745cbbcb023ac,73e09f837f3b5ecc,Mauricio Rua,Rogerio Nogueira,1,0.678141157142392,Light Heavyweight,mens_light_heavy_plus,0.58868978945789,separate_group_model,0.678141157142392,0.634575604503023,0.611880649854309,0.58868978945789
2020-07-25,dde70a112e053a6c,11f715fa5e825e51,9ce6d5a03af801b7,e1147d3d2dabe1ce,Darren Till,Robert Whittaker,0,0.513671881965716,Middleweight,mens_welter_to_middle,0.626298762997554,separate_group_model,0.513671881965716,0.570902926134992,0.513671881965716,0.626298762997554
2020-08-01,3746e21bb508391a,76b9a338597fc604,e00a3dee329a51f7,ed2a8cc402173781,Jamall Emmers,Vince Cachero,1,0.698338392889733,Featherweight,mens_below_welterweight,0.659267254650128,separate_group_model,0.698338392889733,0.679116429441126,0.688808769214236,0.659267254650128
2020-08-01,3746e21bb508391a,6ba9f6a7a9361354,6e9f40c706f91f32,f6bcbd91b114ff58,Nate Maness,Johnny Munoz,1,0.483452142205479,Featherweight,mens_below_welterweight,0.461546207286876,separate_group_model,0.483452142205479,0.472485931487989,0.477966381977875,0.461546207286876
2020-08-01,3746e21bb508391a,94b48b98d0292720,9ba2226646046b63,f2477cf43c4975cc,Frankie Saenz,Jonathan Martinez,0,0.255255897378319,Bantamweight,mens_below_welterweight,0.158067786554424,separate_group_model,0.255255897378319,0.202341318226939,0.227716642244871,0.158067786554424
2020-08-01,3746e21bb508391a,0b21755eb0897396,887961364be5ceb3,f9b200db02b488d9,King Green,Lando Vannata,1,0.403578988849248,Lightweight,mens_below_welterweight,0.409276153627702,separate_group_model,0.403578988849248,0.406424423753044,0.405000908335244,0.409276153627702
2020-08-01,3746e21bb508391a,2fb1abeb337e0ccc,6d4b63c767106d3a,c6aee362c7a7d482,Vicente Luque,Randy Brown,1,0.593115717845983,Welterweight,mens_welter_to_middle,0.493464568528795,separate_group_model,0.593115717845983,0.543727687544741,0.593115717845983,0.493464568528795
2020-08-01,3746e21bb508391a,5885445f39dac389,12f91bfa8f1f723b,8e1f36476ef02a6a,Joanne Wood,Jennifer Maia,0,0.494510347955404,Women's Flyweight,womens_all,0.543096976492013,separate_group_model,0.494510347955404,0.51884821963815,0.51884821963815,0.543096976492013
2020-08-01,3746e21bb508391a,0b88d0c76f9cd7e4,4144798612ef96e5,b1a3e0aca758b322,Edmen Shahbazyan,Derek Brunson,0,0.680661367022367,Middleweight,mens_welter_to_middle,0.728672120398117,separate_group_model,0.680661367022367,0.705235355715294,0.680661367022367,0.728672120398117
2020-08-08,7a82635ffa9b59fe,5c8d9d893d163d51,06a80a685ea98573,e87a13e02c01331d,Irwin Rivera,Ali AlQaisi,1,0.486190585603149,Bantamweight,mens_below_welterweight,0.511398300849478,separate_group_model,0.486190585603149,0.49879367668915,0.492490938153468,0.511398300849478
2020-08-08,7a82635ffa9b59fe,e255fc129f225a55,52c2ae6d2f2d2613,d21113c9ff3788ae,Youssef Zalal,Peter Barrett,1,0.743383681956081,Featherweight,mens_below_welterweight,0.804429345069385,separate_group_model,0.743383681956081,0.77537611508747,0.759743824615353,0.804429345069385
2020-08-08,7a82635ffa9b59fe,1308213458d8596b,304a21d0595e1a08,da816417a579a0bd,Justin Jaynes,Gavin Tucker,0,0.689001739617611,Featherweight,mens_below_welterweight,0.674274748106456,separate_group_model,0.689001739617611,0.681683640696203,0.685354198099112,0.674274748106456
2020-08-08,7a82635ffa9b59fe,e8f4e8ff49678b44,4dcfb28c011c11b2,fccf811c1e8b01c7,Wellington Turman,Andrew Sanchez,0,0.68788771158469,Middleweight,mens_welter_to_middle,0.582687495658946,separate_group_model,0.68788771158469,0.636924223685785,0.68788771158469,0.582687495658946
2020-08-08,7a82635ffa9b59fe,26173f6491300eaa,b7b84ccd221be298,f8f1ec513bcfef43,Nasrat Haqparast,Alexander Munoz,1,0.652704098722062,Lightweight,mens_below_welterweight,0.671204621794481,separate_group_model,0.652704098722062,0.66201631618618,0.657375355141625,0.671204621794481
2020-08-08,7a82635ffa9b59fe,05f6459d1f3ed13f,3a46b268013afede,b9437600497350f3,Kevin Holland,Joaquin Buckley,1,0.55763704827211,Middleweight,mens_welter_to_middle,0.619857008253575,separate_group_model,0.55763704827211,0.589103243017966,0.55763704827211,0.619857008253575
2020-08-08,7a82635ffa9b59fe,6f1892ed71d943d7,4b47e71384a9522f,a12a8314adc1c1c9,Tim Means,Laureano Staropoli,1,0.448545737146987,Welterweight,mens_welter_to_middle,0.483726769804051,separate_group_model,0.448545737146987,0.466094094339283,0.448545737146987,0.483726769804051
2020-08-08,7a82635ffa9b59fe,cfb189e326553f0a,08af939f41b5a57b,df1eb4354d18a906,Beneil Dariush,Scott Holtzman,1,0.76781447210138,Lightweight,mens_below_welterweight,0.794926653395806,separate_group_model,0.76781447210138,0.781673718966347,0.774819723848394,0.794926653395806
2020-08-08,7a82635ffa9b59fe,ad62675e819e92fc,3143bf892608139a,a78a87d8c2bbb1cb,Yana Santos,Julija Stoliarenko,1,0.420929076922702,Women's Bantamweight,womens_all,0.510383227701368,separate_group_model,0.420929076922702,0.46537777973726,0.46537777973726,0.510383227701368
2020-08-08,7a82635ffa9b59fe,c2ddadfa1a1056be,a17ad5a5048e8c3f,c549573c0df4d676,Darren Stewart,Maki Pitolo,1,0.639465804858844,Middleweight,mens_welter_to_middle,0.546464904521468,separate_group_model,0.639465804858844,0.593806023618092,0.639465804858844,0.546464904521468
2020-08-08,7a82635ffa9b59fe,22e10b23784e5efc,16690d100f995f8f,3a8176e15b9887c1,Omari Akhmedov,Chris Weidman,0,0.479998336298123,Middleweight,mens_welter_to_middle,0.617804915811743,separate_group_model,0.479998336298123,0.549857782851713,0.479998336298123,0.617804915811743
2020-08-08,7a82635ffa9b59fe,a2e34655a41ba45c,98c23cb6da5b3352,d3df1add9d9a7efb,Aleksei Oleinik,Derrick Lewis,0,0.267714460864128,Heavyweight,mens_light_heavy_plus,0.376583264111982,separate_group_model,0.267714460864128,0.319697396035653,0.34759683915867,0.376583264111982
2020-08-15,bda04c573563cc2e,86deadaab9905a03,1a08b01fdabb6ae2,eee0ef3e2b14816b,Tony Kelley,Kai Kamaka,0,0.393976047477141,Featherweight,mens_below_welterweight,0.326893503525522,separate_group_model,0.393976047477141,0.35975002809822,0.376709275030419,0.326893503525522
2020-08-15,bda04c573563cc2e,2e9ad55f2e2f7c56,ac40f7e3cbecdda4,d0aaedcf7ccd0b45,Parker Porter,Chris Daukaus,0,0.435005391958455,Heavyweight,mens_light_heavy_plus,0.454942642399424,separate_group_model,0.435005391958455,0.444951867506728,0.449942207822421,0.454942642399424
2020-08-15,bda04c573563cc2e,745bdd823161da89,b4c6c904a9ffc5e8,dab8cfbb6b1db10a,Ashley Yoder,Livinha Souza,0,0.431805251995259,Women's Strawweight,womens_all,0.474645746162044,separate_group_model,0.431805251995259,0.453138733493904,0.453138733493904,0.474645746162044
2020-08-15,bda04c573563cc2e,3e4b8bd71e8bceb2,0de720c0f1d4ab9c,d31cbcdd7d69536d,Danny Chavez,TJ Brown,1,0.314719941831186,Featherweight,mens_below_welterweight,0.353277506799914,separate_group_model,0.314719941831186,0.333720837951381,0.324147943716056,0.353277506799914
2020-08-15,bda04c573563cc2e,5081319e58f9759f,7dda2cf308f24a02,b6850671a008bf9a,Virna Jandiroba,Felice Herrig,1,0.702489103704916,Women's Strawweight,womens_all,0.519040222122231,separate_group_model,0.702489103704916,0.614836482932147,0.614836482932147,0.519040222122231
2020-08-15,bda04c573563cc2e,054794810817c1cc,c77a953488e5607d,d1941565abf50b16,Vinc Pichel,Jim Miller,1,0.537526007737338,Lightweight,mens_below_welterweight,0.523933181329635,separate_group_model,0.537526007737338,0.530735294873585,0.534132232640508,0.523933181329635
2020-08-15,bda04c573563cc2e,57939328c1214107,99506df1af6c8b3b,c03520b5c88ed6b4,John Dodson,Merab Dvalishvili,0,0.270298777625673,Bantamweight,mens_below_welterweight,0.275608290254154,separate_group_model,0.270298777625673,0.272945470272394,0.271620102401159,0.275608290254154
2020-08-15,bda04c573563cc2e,0d9e9127c62811f9,361d49960a196976,4f140403000158b5,Daniel Pineda,Herbert Burns,1,0.25321676323454,Featherweight,mens_below_welterweight,0.197431355894826,separate_group_model,0.25321676323454,0.224091917222928,0.238348827265554,0.197431355894826
2020-08-15,bda04c573563cc2e,dc24c4759651c6ad,2cd428e9606856fd,63def5a5662a6917,Jairzinho Rozenstruik,Junior Dos Santos,1,0.429324163144235,Heavyweight,mens_light_heavy_plus,0.420483769392707,separate_group_model,0.429324163144235,0.424897961384828,0.42268932208702,0.420483769392707
2020-08-15,bda04c573563cc2e,7200343d2e957cf3,7c7332319c14094c,b50a426a33da0012,Marlon Vera,Sean O'Malley,1,0.451853738195678,Bantamweight,mens_below_welterweight,0.458729933243803,separate_group_model,0.451853738195678,0.455289704685925,0.453571168540904,0.458729933243803
2020-08-15,bda04c573563cc2e,3bdacc82209b33f5,d28dee5c705991df,d967f0128c323de6,Stipe Miocic,Daniel Cormier,1,0.571481603377949,Heavyweight,mens_light_heavy_plus,0.637746062798912,separate_group_model,0.571481603377949,0.60509653824412,0.62155901178115,0.637746062798912
2020-08-22,af1e5c64b8663aa0,949619e1b1de9e5f,40d8b74488743800,4aa58269d0664b5b,Carlton Minus,Matthew Semelsberger,0,0.505592595860081,Welterweight,mens_welter_to_middle,0.486371364062918,separate_group_model,0.505592595860081,0.495980494836256,0.505592595860081,0.486371364062918
2020-08-22,af1e5c64b8663aa0,0ccc86f7d0e84c3e,c878270af633eb11,f9d0cae37dabfafc,Jordan Wright,Ike Villanueva,1,0.786113688240563,Light Heavyweight,mens_light_heavy_plus,0.740586465109415,separate_group_model,0.786113688240563,0.764108505871612,0.752535011150237,0.740586465109415
2020-08-22,af1e5c64b8663aa0,0a3e48cdd97267f4,3df5493bb279226f,43a59ce3bb40449e,Amanda Lemos,Mizuki,1,0.422913192743699,Women's Strawweight,womens_all,0.519196364373561,separate_group_model,0.422913192743699,0.47078300453932,0.47078300453932,0.519196364373561
2020-08-22,af1e5c64b8663aa0,cfa0dbc7534f3545,8a1f3b5c526cd6e6,8be158ca1e5ea6a0,Daniel Rodriguez,Dwight Grant,1,0.401759865342241,Welterweight,mens_welter_to_middle,0.372457251991565,separate_group_model,0.401759865342241,0.38700632082694,0.401759865342241,0.372457251991565
2020-08-22,af1e5c64b8663aa0,37a6fc5e69a7932d,122ac9b816d8b71c,a08ddd04eaffd81d,Shana Dobson,Mariya Agapova,1,0.154345500408735,Women's Flyweight,womens_all,0.423453227962422,separate_group_model,0.154345500408735,0.268005530353359,0.268005530353359,0.423453227962422
2020-08-22,af1e5c64b8663aa0,23e548f618dd0e5f,af65aa688d13eedf,d2cd7a69cc55e7ed,Joe Solecki,Austin Hubbard,1,0.517485778476624,Lightweight,mens_below_welterweight,0.523342981942553,separate_group_model,0.517485778476624,0.520415081755887,0.518950592961765,0.523342981942553
2020-08-22,af1e5c64b8663aa0,5d9a3bfdcd28abb8,18b602842a24f7c5,6370c1c1e12723d5,Mike Rodriguez,Marcin Prachnio,1,0.681022089134934,Light Heavyweight,mens_light_heavy_plus,0.669278825802415,separate_group_model,0.681022089134934,0.675177994928985,0.672235211130939,0.669278825802415
2020-08-22,af1e5c64b8663aa0,dfe14e13aa727a0c,6bd02119599741a4,f2688492b9a525a3,Pedro Munhoz,Frankie Edgar,0,0.397428897023356,Bantamweight,mens_below_welterweight,0.526927527783619,separate_group_model,0.397428897023356,0.461529285715914,0.429182179599836,0.526927527783619
2020-08-29,e29cf523ebd155c5,e1e31a8dfa9c27f6,19b7738321cfae42,2244d9a2b64b8c3b,Mallory Martin,Hannah Cifers,1,0.774993289511244,Women's Strawweight,womens_all,0.510406780616987,separate_group_model,0.774993289511244,0.654567767408337,0.654567767408337,0.510406780616987
2020-08-29,e29cf523ebd155c5,16358c536d739017,9673a497a9da119a,b3d21b2610dcfaeb,Polyana Viana,Emily Whitmire,1,0.489888210510138,Women's Strawweight,womens_all,0.47599397076936,separate_group_model,0.489888210510138,0.482937792943072,0.482937792943072,0.47599397076936
2020-08-29,e29cf523ebd155c5,c5ba56d51f6b0171,45f7cb591c3ab00b,ae071698e1a3ccd4,Sean Brady,Christian Aguilera,1,0.563485988589015,Welterweight,mens_welter_to_middle,0.580515811946738,separate_group_model,0.563485988589015,0.572022230226711,0.563485988589015,0.580515811946738
2020-08-29,e29cf523ebd155c5,d43c007dab9c51b0,37cc294027f55e4d,7aa3d6964eff4877,Austin Springer,Alex Caceres,0,0.550395030916305,Featherweight,mens_below_welterweight,0.52143836764883,separate_group_model,0.550395030916305,0.535946996889244,0.543180095276831,0.52143836764883
2020-08-29,e29cf523ebd155c5,0a7517a16d2d9db6,4ba8d454f762005d,77d7295d1b22c694,Zak Cummings,Alessio Di Chirico,1,0.60920652724685,Middleweight,mens_welter_to_middle,0.577610229340505,separate_group_model,0.60920652724685,0.593505106225279,0.60920652724685,0.577610229340505
2020-08-29,e29cf523ebd155c5,eb9097be07a3c26a,257b0c8d6f199895,c549573c0df4d676,Impa Kasanganay,Maki Pitolo,1,0.59977431544122,Middleweight,mens_welter_to_middle,0.540474931882561,separate_group_model,0.59977431544122,0.570377082529712,0.59977431544122,0.540474931882561
2020-08-29,e29cf523ebd155c5,3a8e4b830750e9d4,3974fa35c917af1d,9abc648e76c4493a,Ricardo Lamas,Bill Algeo,1,0.54872754549942,Featherweight,mens_below_welterweight,0.563608846960941,separate_group_model,0.54872754549942,0.556180796690372,0.552457117567781,0.563608846960941
2020-08-29,e29cf523ebd155c5,0a9f22de8600c762,a20f234df70f2182,e8b731feff72294b,Ji Yeon Kim,Alexa Grasso,0,0.301114980886104,Women's Flyweight,womens_all,0.506611674337033,separate_group_model,0.301114980886104,0.399446256997319,0.399446256997319,0.506611674337033
2020-08-29,e29cf523ebd155c5,864cddd6e165ea2d,84b3e7d38f2d2ec5,f2925e6db404bf1d,Neil Magny,Robbie Lawler,1,0.836322152210287,Welterweight,mens_welter_to_middle,0.781383075300958,separate_group_model,0.836322152210287,0.810371998132378,0.836322152210287,0.781383075300958
2020-08-29,e29cf523ebd155c5,1ff4586752ee8a93,333b9e5c723ac873,d4c9dcd330403612,Aleksandar Rakic,Anthony Smith,1,0.735147651845115,Light Heavyweight,mens_light_heavy_plus,0.730426906042695,separate_group_model,0.735147651845115,0.732793902652381,0.731612056506157,0.730426906042695
2020-09-05,542db012217ecb83,7340b4cbdbac5863,2af2f2e26c4c0402,56709e66f1c6008f,Hunter Azure,Cole Smith,1,0.600976660597788,Bantamweight,mens_below_welterweight,0.639237618013021,separate_group_model,0.600976660597788,0.620294039307488,0.610678778076405,0.639237618013021
2020-09-05,542db012217ecb83,7930c605c6a6ec88,36541f1e6c5d4955,80d8aed0ca9b00f3,Viviane Araujo,Montana De La Rosa,1,0.360178656641438,Women's Flyweight,womens_all,0.449344193692044,separate_group_model,0.360178656641438,0.403968939014845,0.403968939014845,0.449344193692044
2020-09-05,542db012217ecb83,7595aabe89020780,7be14eaed4c74856,90e0985df05e51bc,Brian Kelleher,Ray Rodriguez,1,0.521586046616078,Featherweight,mens_below_welterweight,0.536263668379015,separate_group_model,0.521586046616078,0.528931111134358,0.525259945135432,0.536263668379015
2020-09-05,542db012217ecb83,e8206c7380441fbb,886264a0c9f4ea5e,e17ac6410c8377f4,Andre Muniz,Bartosz Fabinski,1,0.373305599593822,Middleweight,mens_welter_to_middle,0.377755764444919,separate_group_model,0.373305599593822,0.375528054125871,0.373305599593822,0.377755764444919
2020-09-05,542db012217ecb83,0f279b25ccbecc76,595db60957de51d3,7f0f171414d0a287,Michel Pereira,Zelim Imadaev,1,0.639038987709576,Welterweight,mens_welter_to_middle,0.679666937023432,separate_group_model,0.639038987709576,0.659646332963656,0.639038987709576,0.679666937023432
2020-09-05,542db012217ecb83,0e809b7e37681783,50db8711c70196cd,a495f599e787614f,Ovince Saint Preux,Alonzo Menifield,1,0.48054066763085,Light Heavyweight,mens_light_heavy_plus,0.551597006930822,separate_group_model,0.48054066763085,0.516150465773352,0.533916547786303,0.551597006930822
2020-09-05,542db012217ecb83,24341a8cf1152c5c,441eacbe20e0e80b,b4ad3a06ee4d660c,Augusto Sakai,Alistair Overeem,0,0.451316851718396,Heavyweight,mens_light_heavy_plus,0.440831973755146,separate_group_model,0.451316851718396,0.446068414110722,0.443448623183958,0.440831973755146
2020-09-12,9c37681096c6f3a9,ed8fb10b596e6fa4,70d2329a92864fdb,928ae2e5b5f7a9ec,Sabina Mazo,Justine Kish,1,0.684275503481051,Women's Flyweight,womens_all,0.524311504644209,separate_group_model,0.684275503481051,0.607163996260524,0.607163996260524,0.524311504644209
2020-09-12,9c37681096c6f3a9,463fc1fd1f17befb,3c5005b66696d790,a331233f597090a5,Anthony Ivy,Bryan Barberena,0,0.672417113441857,Welterweight,mens_welter_to_middle,0.700168952650544,separate_group_model,0.672417113441857,0.686459810643516,0.672417113441857,0.700168952650544
2020-09-12,9c37681096c6f3a9,bcc9dca5136fc765,4d8fa64202cee4c1,7c9f96f9a6a5cd50,Jalin Turner,Brok Weaver,1,0.715810786783305,Catch Weight,unclassified,0.715810786783305,global_fallback_unclassified,0.715810786783305,0.715810786783305,0.715810786783305,0.715810786783305
2020-09-12,9c37681096c6f3a9,2461756d8acd56d2,2c5a0b8317f8f27a,c0badf3243907e59,Roque Martinez,Alexandr Romanov,0,0.417093317379144,Heavyweight,mens_light_heavy_plus,0.421896826651496,separate_group_model,0.417093317379144,0.419493164985305,0.420694525799535,0.421896826651496
2020-09-12,9c37681096c6f3a9,cf0e0f95524f187a,4234f0097c83fa62,86d9dbe1bfcbade7,Sijara Eubanks,Julia Avila,1,0.543372497119223,Women's Bantamweight,womens_all,0.460547432277825,separate_group_model,0.543372497119223,0.50197350312237,0.50197350312237,0.460547432277825
2020-09-12,9c37681096c6f3a9,c58aaabf2c5635d7,31f8081c7600da93,aa171d55d4b5208f,Kyle Nelson,Billy Quarantillo,0,0.375826304998237,Featherweight,mens_below_welterweight,0.317169014797834,separate_group_model,0.375826304998237,0.345912091624046,0.360734104395483,0.317169014797834
2020-09-12,9c37681096c6f3a9,06910bddb0745856,887961364be5ceb3,cd7763bcadb5d4c8,King Green,Alan Patrick,1,0.711906158401387,Lightweight,mens_below_welterweight,0.785419646152826,separate_group_model,0.711906158401387,0.750465567194008,0.731624119492515,0.785419646152826
2020-09-12,9c37681096c6f3a9,3901d9cdbb0949bc,06f36cf4bd97ec77,18b602842a24f7c5,Ed Herman,Mike Rodriguez,1,0.471249860363169,Light Heavyweight,mens_light_heavy_plus,0.386139791906032,separate_group_model,0.471249860363169,0.428163578072804,0.406981536489417,0.386139791906032
2020-09-12,9c37681096c6f3a9,764012f51c7dc223,05fa626cb33d15b8,4498b382c65a7faa,Andrea Lee,Roxanne Modafferi,0,0.770528261224609,Women's Flyweight,womens_all,0.533676643832129,separate_group_model,0.770528261224609,0.662197767688504,0.662197767688504,0.533676643832129
2020-09-12,9c37681096c6f3a9,1ed8776f978a0155,78e501478a36a018,ee18ff42063174df,Khama Worthy,Ottman Azaitar,0,0.483017376329461,Lightweight,mens_below_welterweight,0.482262605567548,separate_group_model,0.483017376329461,0.482639981046932,0.482828676239645,0.482262605567548
2020-09-12,9c37681096c6f3a9,0ffbf3096a13b47e,eb04b9d31e938edb,f0feeb2192937424,Michelle Waterson-Gomez,Angela Hill,1,0.468181194044075,Women's Strawweight,womens_all,0.484461686202167,separate_group_model,0.468181194044075,0.476315148233808,0.476315148233808,0.484461686202167
2020-09-19,831b937811804dad,579f3280456ad450,6e00cfffd54653c4,c9587d81e1d33925,Tyson Nam,Jerome Rivera,1,0.455026821204232,Bantamweight,mens_below_welterweight,0.406952685283734,separate_group_model,0.455026821204232,0.430826773398086,0.44289291119571,0.406952685283734
2020-09-19,831b937811804dad,3a38b0b566f3045d,06a80a685ea98573,5f6f049d54728e88,Irwin Rivera,Andre Ewell,0,0.554108817721456,Bantamweight,mens_below_welterweight,0.612845992990923,separate_group_model,0.554108817721456,0.583774750613929,0.569003690082404,0.612845992990923
2020-09-19,831b937811804dad,42ecb9a94bebc24d,325ad0dd9126d3df,78f485f851891d68,Randy Costa,Journey Newson,1,0.554493139722801,Bantamweight,mens_below_welterweight,0.509328929402371,separate_group_model,0.554493139722801,0.531976527790669,0.543256930225563,0.509328929402371
2020-09-19,831b937811804dad,36656dfa32341671,34e516ab361afb1c,cd2e5a390821fb48,Darrick Minner,TJ Laramie,1,0.402452961685626,Featherweight,mens_below_welterweight,0.292220553113274,separate_group_model,0.402452961685626,0.345260275003615,0.373414304741942,0.292220553113274
2020-09-19,831b937811804dad,bf614956b28f231c,49b130de1da2e1bf,6c8072b61c276e67,Sarah Alpar,Jessica-Rose Clark,0,0.576787986673892,Women's Bantamweight,womens_all,0.49630770252382,separate_group_model,0.576787986673892,0.536787407811532,0.536787407811532,0.49630770252382
2020-09-19,831b937811804dad,4f3cd94861c6a876,82cbb809d5ee565c,cc8c623cca88f54f,Mara Romero Borella,Mayra Bueno Silva,0,0.412798925692709,Women's Flyweight,womens_all,0.46423198322969,separate_group_model,0.412798925692709,0.438349856863745,0.438349856863745,0.46423198322969
2020-09-19,831b937811804dad,aa08ebe1a69c76ca,29af297d9f1de0f8,cbd3e590a85b18c5,Damon Jackson,Mirsad Bektic,1,0.383932289697343,Featherweight,mens_below_welterweight,0.25910346843703,separate_group_model,0.383932289697343,0.318263820066334,0.350389768841849,0.25910346843703
2020-09-19,831b937811804dad,36807d8a7ebc84a5,215a70f073a7b726,9ada30894bf04e19,Jordan Espinosa,David Dvorak,0,0.557243228302208,Flyweight,mens_below_welterweight,0.50273891912258,separate_group_model,0.557243228302208,0.530080758855225,0.543694479257597,0.50273891912258
2020-09-19,831b937811804dad,78c3ca588e55bf31,3a46b268013afede,a17ad5a5048e8c3f,Kevin Holland,Darren Stewart,1,0.555275529850979,Middleweight,mens_welter_to_middle,0.648151427106781,separate_group_model,0.555275529850979,0.602637403425942,0.555275529850979,0.648151427106781
2020-09-19,831b937811804dad,859ca56770ac7672,4a57ebb14315b251,7447e9f28508106a,Randa Markos,Mackenzie Dern,0,0.350001384614121,Women's Strawweight,womens_all,0.476675104557502,separate_group_model,0.350001384614121,0.411879691847978,0.411879691847978,0.476675104557502
2020-09-19,831b937811804dad,1a484c452623181e,a67f5afa8d6a1b80,c21f26bbde777573,Ryan Spann,Johnny Walker,0,0.550893563934416,Light Heavyweight,mens_light_heavy_plus,0.506558199260799,separate_group_model,0.550893563934416,0.52878264520209,0.517679165356176,0.506558199260799
2020-09-19,831b937811804dad,498766b46b8b4a7f,6ac9bc2953c47345,767755fd74662dbf,Gerald Meerschaert,Khamzat Chimaev,0,0.310232037436844,Middleweight,mens_welter_to_middle,0.389389821836383,separate_group_model,0.310232037436844,0.348768623849323,0.310232037436844,0.389389821836383
2020-09-19,831b937811804dad,ca531425f5c042db,dc9572dd6ec74859,effd9de9937996f8,Colby Covington,Tyron Woodley,1,0.682900486549427,Welterweight,mens_welter_to_middle,0.572563614678236,separate_group_model,0.682900486549427,0.629419189185702,0.682900486549427,0.572563614678236
2020-09-26,e69c5ce12f4e762b,e10481ee3fda7080,687c15b2eddfaa63,c3218c810959d279,Danilo Marques,Khadis Ibragimov,1,0.441024411692678,Light Heavyweight,mens_light_heavy_plus,0.558144565211001,separate_group_model,0.441024411692678,0.499578709551796,0.528961306731854,0.558144565211001
2020-09-26,e69c5ce12f4e762b,8e7b2d62f834b417,6a11e325aa60ad02,ccf5dc41417e9daf,Jeff Hughes,Juan Espino,0,0.437720597480954,Heavyweight,mens_light_heavy_plus,0.361663105924627,separate_group_model,0.437720597480954,0.399083440242536,0.380195310686624,0.361663105924627
2020-09-26,e69c5ce12f4e762b,5fb63c34935acce9,5da33b8fbfa5ee95,c2a670b22d2e196f,William Knight,Aleksa Camur,1,0.313896090406168,Light Heavyweight,mens_light_heavy_plus,0.405088819497256,separate_group_model,0.313896090406168,0.35821122246817,0.381373828583453,0.405088819497256
2020-09-26,e69c5ce12f4e762b,eed8c9955cad1e30,4cd8b03aee1d0138,5b86d491d63890c5,Shane Young,Ludovit Klein,0,0.535554336870422,Featherweight,mens_below_welterweight,0.572051387193426,separate_group_model,0.535554336870422,0.553875467860445,0.544730037710458,0.572051387193426
2020-09-26,e69c5ce12f4e762b,73dbbdfcf7f989c0,82e7929bf6c2b689,a845f0735bc67405,Diego Sanchez,Jake Matthews,0,0.166999741681832,Welterweight,mens_welter_to_middle,0.222797661701427,separate_group_model,0.166999741681832,0.193373185546632,0.166999741681832,0.222797661701427
2020-09-26,e69c5ce12f4e762b,9f4d6d192ab4a027,37ed1ab2f8b819f4,c3ded6f7155f9ea4,Brad Riddell,Alex Da Silva,1,0.616555206245347,Lightweight,mens_below_welterweight,0.66011658224671,separate_group_model,0.616555206245347,0.638620793321935,0.627654484914032,0.66011658224671
2020-09-26,e69c5ce12f4e762b,5a00c73efbcf323e,2c9d00968f818270,aceffa19749c4dc0,Hakeem Dawodu,Zubaira Tukhugov,1,0.60229785557092,Featherweight,mens_below_welterweight,0.638411151181253,separate_group_model,0.60229785557092,0.62052136525883,0.611448556348084,0.638411151181253
2020-09-26,e69c5ce12f4e762b,e842c6f63fa2e27a,4234f0097c83fa62,b9706f80d005036c,Sijara Eubanks,Ketlen Vieira,0,0.440633032805698,Women's Bantamweight,womens_all,0.503492078753254,separate_group_model,0.440633032805698,0.47195137992593,0.47195137992593,0.503492078753254
2020-09-26,e69c5ce12f4e762b,9e674a02db6c03c8,6e15f63b6c2e2c15,853eb0dd5c0e2149,Brandon Royval,Kai Kara-France,1,0.376532890825528,Flyweight,mens_below_welterweight,0.297462425249147,separate_group_model,0.376532890825528,0.335848350639158,0.355930603810893,0.297462425249147
2020-09-26,e69c5ce12f4e762b,4c12c9085200121f,2e19380f34871c6a,99df7d0a2a08a8a8,Dominick Reyes,Jan Blachowicz,0,0.634834186195049,Light Heavyweight,mens_light_heavy_plus,0.502547357002293,separate_group_model,0.634834186195049,0.569938664826886,0.536409244146996,0.502547357002293
2020-09-26,e69c5ce12f4e762b,fd76b75c28dc247a,1338e2c7480bdf9e,2e5c2aa8e4ab9d82,Israel Adesanya,Paulo Costa,1,0.824375603327034,Middleweight,mens_welter_to_middle,0.775307357460958,separate_group_model,0.824375603327034,0.800975492202865,0.824375603327034,0.775307357460958
2020-10-03,805ad1801eb26abb,d866afa89d62a4ae,2f1a257d6777096d,6eaec40f724852f4,Luigi Vendramini,Jessin Ayari,1,0.641783812191731,Lightweight,mens_below_welterweight,0.654837650900989,separate_group_model,0.641783812191731,0.648338447876567,0.645067935470749,0.654837650900989
2020-10-03,805ad1801eb26abb,ac6b2a5f24c2b8bd,1897b7b913736a7c,e7bba7ce4d6c7b07,Alatengheili,Casey Kenney,0,0.376945625756117,Bantamweight,mens_below_welterweight,0.432391944979664,separate_group_model,0.376945625756117,0.40436364296728,0.390568233862846,0.432391944979664
2020-10-03,805ad1801eb26abb,87105c63df95f929,4e30e4250cb08b61,d05cb1e8d1b885d8,Loma Lookboonmee,Jinh Yu Frey,1,0.729015076992907,Women's Strawweight,womens_all,0.541063888690037,separate_group_model,0.729015076992907,0.640406474294032,0.640406474294032,0.541063888690037
2020-10-03,805ad1801eb26abb,15a422574c3b89e1,881bf86d4cba8578,e26bd53b751d61d9,Nassourdine Imavov,Jordan Williams,1,0.5530529717,Middleweight,mens_welter_to_middle,0.537796583939891,separate_group_model,0.5530529717,0.545435441286746,0.5530529717,0.537796583939891
2020-10-03,805ad1801eb26abb,24ff0bb908095565,523fa774700d7d3f,f9f07bb5a43535ed,Court McGee,Carlos Condit,0,0.416480784102507,Welterweight,mens_welter_to_middle,0.53146703332408,separate_group_model,0.416480784102507,0.473624212122765,0.416480784102507,0.53146703332408
2020-10-03,805ad1801eb26abb,1e7caef3f6dfde10,3f7dab21b6c971bc,866fd7b1a6c90e7f,Dequan Townsend,Dusko Todorovic,0,0.256323008088001,Middleweight,mens_welter_to_middle,0.344434385189708,separate_group_model,0.256323008088001,0.298514527627996,0.256323008088001,0.344434385189708
2020-10-03,805ad1801eb26abb,c00a8682fb5b71bd,5f3da9a9610d8969,60425d07ef4b91a7,Cameron Else,Kyler Phillips,0,0.271174649707522,Bantamweight,mens_below_welterweight,0.211025949138086,separate_group_model,0.271174649707522,0.239811781265151,0.255176584600268,0.211025949138086
2020-10-03,805ad1801eb26abb,81b16b26774be5d1,1d239d571e342453,3253b16d38ae087d,Germaine de Randamie,Julianna Pena,1,0.597257098855609,Women's Bantamweight,womens_all,0.511517210567497,separate_group_model,0.597257098855609,0.55479482919778,0.55479482919778,0.511517210567497
2020-10-03,805ad1801eb26abb,ba6093c9136f99e9,1eff7bc0f815b270,a2ea77e974c5889f,Yorgan De Castro,Carlos Felipe,0,0.494305386795512,Heavyweight,mens_light_heavy_plus,0.541150973163114,separate_group_model,0.494305386795512,0.517767219488443,0.529475269575181,0.541150973163114
2020-10-03,805ad1801eb26abb,0005e00b07cee542,578ef12674df1e6a,634e2fb70bde3fd5,Irene Aldana,Holly Holm,0,0.528898426331449,Women's Bantamweight,womens_all,0.532073056614782,separate_group_model,0.528898426331449,0.530486049866455,0.530486049866455,0.532073056614782
2020-10-10,fd4578cac86d75ca,dbb5d682a2d7f584,294aa73dbf37d281,f00ac08ab056af5d,Bruno Silva,Tagir Ulanbekov,0,0.500749413697473,Flyweight,mens_below_welterweight,0.521392094867695,separate_group_model,0.500749413697473,0.511075476083452,0.505913075475482,0.521392094867695
2020-10-10,fd4578cac86d75ca,849cc2c331e9b24f,5e6294b37bbef029,68d4a891e5cf2029,Stephanie Egger,Tracy Cortez,0,0.356705879846798,Women's Bantamweight,womens_all,0.457756960156691,separate_group_model,0.356705879846798,0.406239490007981,0.406239490007981,0.457756960156691
2020-10-10,fd4578cac86d75ca,89dd4c256ca5d317,9560ff14eb3129f7,a0e6753c42698f13,Giga Chikadze,Omar Morales,1,0.472774684415411,Featherweight,mens_below_welterweight,0.506508589881985,separate_group_model,0.472774684415411,0.489629831068678,0.481196908296324,0.506508589881985
2020-10-10,fd4578cac86d75ca,dfb856d4c80bbf04,1a08b01fdabb6ae2,e87a13e02c01331d,Tony Kelley,Ali AlQaisi,1,0.259098462413266,Bantamweight,mens_below_welterweight,0.280871146475375,separate_group_model,0.259098462413266,0.269846390234263,0.264437453172625,0.280871146475375
2020-10-10,fd4578cac86d75ca,ee57cbd0b68c689d,257b0c8d6f199895,b9437600497350f3,Impa Kasanganay,Joaquin Buckley,0,0.635477250109768,Middleweight,mens_welter_to_middle,0.672363553433308,separate_group_model,0.635477250109768,0.654152134506369,0.635477250109768,0.672363553433308
2020-10-10,fd4578cac86d75ca,1e525f9857019a2e,d0aaedcf7ccd0b45,d31a5546c0e9b213,Chris Daukaus,Rodrigo Nascimento,1,0.448402186174654,Heavyweight,mens_light_heavy_plus,0.486576384447768,separate_group_model,0.448402186174654,0.467441637264031,0.47700057202958,0.486576384447768
2020-10-10,fd4578cac86d75ca,7c4eb0b4845eb0ed,1588b787bda7b540,9cd047a828dd7515,Tom Breese,KB Bhullar,1,0.581244570836455,Middleweight,mens_welter_to_middle,0.588894275646418,separate_group_model,0.581244570836455,0.585074550048356,0.581244570836455,0.588894275646418
2020-10-10,fd4578cac86d75ca,22fe6779c3fa649d,52c2ae6d2f2d2613,54f64b5e283b0ce7,Youssef Zalal,Ilia Topuria,0,0.682185754851989,Featherweight,mens_below_welterweight,0.665118513610881,separate_group_model,0.682185754851989,0.673709677423568,0.67796235612113,0.665118513610881
2020-10-10,fd4578cac86d75ca,e4d831dc318e4e98,399afbabc02376b5,c9a94278df042f46,Tom Aspinall,Alan Baudot,1,0.648891718634664,Heavyweight,mens_light_heavy_plus,0.58387688940726,separate_group_model,0.648891718634664,0.61690690329801,0.600506158360348,0.58387688940726
2020-10-10,fd4578cac86d75ca,e64075c104471ff0,0d7b51c9d2649a6e,2ac4628c08ec5125,Dricus Du Plessis,Markus Perez,1,0.575001516050542,Middleweight,mens_welter_to_middle,0.519643162778124,separate_group_model,0.575001516050542,0.547469129777018,0.575001516050542,0.519643162778124
2020-10-10,fd4578cac86d75ca,1720a97a2fa261f8,bd58d34e39b7b12a,c9cf753cfdf77fc2,Ben Rothwell,Marcin Tybura,0,0.354451504418827,Heavyweight,mens_light_heavy_plus,0.359043075060964,separate_group_model,0.354451504418827,0.356743999451569,0.35789272010555,0.359043075060964
2020-10-10,fd4578cac86d75ca,db5802643b9fd7d4,64a50dad704d1d49,87a1dc546b1c5caf,Edson Barboza,Makwan Amirkhani,1,0.590282879211735,Featherweight,mens_below_welterweight,0.5422151614842,separate_group_model,0.590282879211735,0.566405198202849,0.578389857755327,0.5422151614842
2020-10-10,fd4578cac86d75ca,727ecd251325b6a8,65f09bacd3957381,fea79f9bc8c68769,Cory Sandhagen,Marlon Moraes,1,0.44073639646685,Bantamweight,mens_below_welterweight,0.484782957855247,separate_group_model,0.44073639646685,0.462686881381401,0.45168814185635,0.484782957855247
2020-10-17,d4f364dd076bb0e2,024a04f78b37b7d9,0fd5f4b838e890cc,ef1182eb28c17d4e,Said Nurmagomedov,Mark Striegl,1,0.764055825123993,Bantamweight,mens_below_welterweight,0.782835722524608,separate_group_model,0.764055825123993,0.773583465464706,0.7688539753362,0.782835722524608
2020-10-17,d4f364dd076bb0e2,b3e12698e65cf8d0,950d0ef5c17157c5,af997f7611673880,Maxim Grishin,Gadzhimurad Antigulov,1,0.656748510890412,Light Heavyweight,mens_light_heavy_plus,0.748284170097401,separate_group_model,0.656748510890412,0.704570860447357,0.726973459139881,0.748284170097401
2020-10-17,d4f364dd076bb0e2,2735a2ea77ddc0b5,1e4f273069fb9e85,af9f42e6894047fc,Fares Ziam,Jamie Mullarkey,1,0.60678980813657,Lightweight,mens_below_welterweight,0.580603814961954,separate_group_model,0.60678980813657,0.59376344740359,0.600294359657349,0.580603814961954
2020-10-17,d4f364dd076bb0e2,50e0bcba7551a25f,285ae0b4a68221f4,e9ac7bfb65c25497,JunYong Park,John Phillips,1,0.852466781819452,Middleweight,mens_welter_to_middle,0.687886099016124,separate_group_model,0.852466781819452,0.781113644993861,0.852466781819452,0.687886099016124
2020-10-17,d4f364dd076bb0e2,9b6135943a4c8fe7,38c7f72747f4f712,5c126c6aac3ef364,Gillian Robertson,Poliana Botelho,1,0.698387347859323,Women's Flyweight,womens_all,0.547063434471438,separate_group_model,0.698387347859323,0.625795568037855,0.625795568037855,0.547063434471438
2020-10-17,d4f364dd076bb0e2,e5279358b128c2ac,72db2a14ffa73ece,7772b283d288dbe2,Mateusz Gamrot,Guram Kutateladze,0,0.470810511912313,Lightweight,mens_below_welterweight,0.477569383915663,separate_group_model,0.470810511912313,0.474188765645669,0.472499323972497,0.477569383915663
2020-10-17,d4f364dd076bb0e2,e4d0be5ae320c4ae,2b074403b7c6cdb4,f2477cf43c4975cc,Thomas Almeida,Jonathan Martinez,0,0.422609182523906,Featherweight,mens_below_welterweight,0.409043600878365,separate_group_model,0.422609182523906,0.415810446739816,0.419205979984819,0.409043600878365
2020-10-17,d4f364dd076bb0e2,4eb5f99202f5fe97,6f7c616b98e18c29,8f6a18831a120817,Claudio Silva,James Krause,0,0.428690836696248,Welterweight,mens_welter_to_middle,0.335740044118111,separate_group_model,0.428690836696248,0.381127467203859,0.428690836696248,0.335740044118111
2020-10-17,d4f364dd076bb0e2,948da1b7ebbb06b3,476fe566d2df676e,70e1f8a821b72c8b,Modestas Bukauskas,Jimmy Crute,0,0.353136046210147,Light Heavyweight,mens_light_heavy_plus,0.476570022317402,separate_group_model,0.353136046210147,0.413495039335291,0.444810263917625,0.476570022317402
2020-10-17,d4f364dd076bb0e2,e7a915f39ecf6db0,6a1901c62ab3870f,e872e9a9a902c045,Jessica Andrade,Katlyn Cerminara,1,0.629351849457973,Women's Flyweight,womens_all,0.501606822887859,separate_group_model,0.629351849457973,0.566585212686254,0.566585212686254,0.501606822887859
2020-10-17,d4f364dd076bb0e2,5a440bdee19efaab,c451d67c09c55418,def8166ff24bd237,Chan Sung Jung,Brian Ortega,0,0.633437319929393,Featherweight,mens_below_welterweight,0.500872207763764,separate_group_model,0.633437319929393,0.568378906058892,0.601355408627363,0.500872207763764
2020-10-24,c3c38c86f5ab9b5c,2279d909f6e3e552,58bbef3770bb2dfc,d06f8869449ba7bd,Joel Alvarez,Alexander Yakovlev,1,0.50723106449378,Lightweight,mens_below_welterweight,0.702075694957502,separate_group_model,0.50723106449378,0.608988884642027,0.55872648253959,0.702075694957502
2020-10-24,c3c38c86f5ab9b5c,47f9c14a7dca1ad7,eebc23626e38f5dc,f29a6350c69f4a33,Liana Jojua,Miranda Maverick,0,0.319268837163484,Women's Flyweight,womens_all,0.530184269947091,separate_group_model,0.319268837163484,0.421132780818027,0.421132780818027,0.530184269947091
2020-10-24,c3c38c86f5ab9b5c,5b062be91c65fb73,01afe0916a40c7c5,57b10fca4f9c9a7a,Shavkat Rakhmonov,Alex Oliveira,1,0.427844862331114,Welterweight,mens_welter_to_middle,0.495065293680509,separate_group_model,0.427844862331114,0.461279063303623,0.427844862331114,0.495065293680509
2020-10-24,c3c38c86f5ab9b5c,de2069fea664c4b7,329e403448756217,e7bba7ce4d6c7b07,Nathaniel Wood,Casey Kenney,0,0.53458504275055,Catch Weight,unclassified,0.53458504275055,global_fallback_unclassified,0.53458504275055,0.53458504275055,0.53458504275055,0.53458504275055
2020-10-24,c3c38c86f5ab9b5c,6eaa4981d0335c8a,c62fbc117d57b943,ebc1f40e00e0c481,Tai Tuivasa,Stefan Struve,1,0.639574020360406,Heavyweight,mens_light_heavy_plus,0.458591574044188,separate_group_model,0.639574020360406,0.550762233812064,0.504716980242523,0.458591574044188
2020-10-24,c3c38c86f5ab9b5c,eedcb6c5d163e581,cd13728ae1151f46,d802174b0c0c1f4e,Ion Cutelaba,Magomed Ankalaev,0,0.426383874581517,Light Heavyweight,mens_light_heavy_plus,0.497042533470222,separate_group_model,0.426383874581517,0.461519947864442,0.479255018445227,0.497042533470222
2020-10-24,c3c38c86f5ab9b5c,e8ef17c0babcfca5,729d4bd5a6cd0a97,f300763147320d12,Lauren Murphy,Liliya Shakirova,1,0.465384757345495,Women's Flyweight,womens_all,0.550812606860685,separate_group_model,0.465384757345495,0.508158235975086,0.508158235975086,0.550812606860685
2020-10-24,c3c38c86f5ab9b5c,a2620cbef573a837,547afe1017e72dbe,d4270315cbcf2569,Phil Hawes,Jacob Malkoun,1,0.435880382792673,Middleweight,mens_welter_to_middle,0.485911749050951,separate_group_model,0.435880382792673,0.46079733081092,0.435880382792673,0.485911749050951
2020-10-24,c3c38c86f5ab9b5c,ccfe7b0d29c5440c,03f982ca3735070c,279566840aa55bf2,Walt Harris,Alexander Volkov,0,0.198461364708778,Heavyweight,mens_light_heavy_plus,0.238522050622748,separate_group_model,0.198461364708778,0.217827968144835,0.228009619146042,0.238522050622748
2020-10-24,c3c38c86f5ab9b5c,51108eabae8391ca,13a0275fa13c4d26,e1147d3d2dabe1ce,Jared Cannonier,Robert Whittaker,0,0.38766106312947,Middleweight,mens_welter_to_middle,0.510108482652916,separate_group_model,0.38766106312947,0.448098244083187,0.38766106312947,0.510108482652916
2020-10-24,c3c38c86f5ab9b5c,59eea37af7efb06c,032cc3922d871c7f,9e8f6c728eb01124,Khabib Nurmagomedov,Justin Gaethje,1,0.711128378635537,Lightweight,mens_below_welterweight,0.697329279208184,separate_group_model,0.711128378635537,0.70427551722136,0.707713736955242,0.697329279208184
2020-10-31,ad044be25c94dcfd,7e6f12a95c14f9de,0c258d1d8e16e5f1,46e0d677f91bacc0,Kevin Natividad,Miles Johns,0,0.490322024213824,Bantamweight,mens_below_welterweight,0.527582564075599,separate_group_model,0.490322024213824,0.508964744324807,0.499643260284003,0.527582564075599
2020-10-31,ad044be25c94dcfd,783761d95060ffc4,ba1e6cb3d43f7430,e4277e87a789d687,Justin Ledet,Dustin Jacoby,0,0.339856299285694,Light Heavyweight,mens_light_heavy_plus,0.40443767637812,separate_group_model,0.339856299285694,0.371573700495621,0.387878188209089,0.40443767637812
2020-10-31,ad044be25c94dcfd,696ff200d98fa878,5f3805dda9661cba,f9a20a17d712ef7c,Jason Witt,Cole Williams,1,0.451971242241059,Welterweight,mens_welter_to_middle,0.473764067868799,separate_group_model,0.451971242241059,0.462849913571222,0.451971242241059,0.473764067868799
2020-10-31,ad044be25c94dcfd,09f5fb0bec3c948a,045f25b3a4c08e81,0d8011111be000b2,Jack Marshman,Sean Strickland,0,0.137138530003306,Middleweight,mens_welter_to_middle,0.26536332841565,separate_group_model,0.137138530003306,0.193290507043408,0.137138530003306,0.26536332841565
2020-10-31,ad044be25c94dcfd,4e566bd7094b49da,0232cabbc30a2372,f6e5972c9d16c40e,Adrian Yanez,Victor Rodriguez,1,0.536530942496998,Bantamweight,mens_below_welterweight,0.519246532176196,separate_group_model,0.536530942496998,0.5278970976357,0.532216431595677,0.519246532176196
2020-10-31,ad044be25c94dcfd,95beb5ec32718faf,262a7d06203657e6,feaf00f3373435d6,Alexander Hernandez,Chris Gruetzemacher,1,0.706627198664637,Lightweight,mens_below_welterweight,0.749155783620075,separate_group_model,0.706627198664637,0.728413256469685,0.717647662711581,0.749155783620075
2020-10-31,ad044be25c94dcfd,6915d46b49999f60,887961364be5ceb3,d945aae53e3e54e6,King Green,Thiago Moises,0,0.685209213762506,Lightweight,mens_below_welterweight,0.686462623263437,separate_group_model,0.685209213762506,0.685836257263354,0.685522820103432,0.686462623263437
2020-10-31,ad044be25c94dcfd,997dcf5fd2eb0f2f,318572f6f74b760d,3a46b268013afede,Charlie Ontiveros,Kevin Holland,0,0.356800925020681,Middleweight,mens_welter_to_middle,0.361656828560994,separate_group_model,0.356800925020681,0.359225271572308,0.356800925020681,0.361656828560994
2020-10-31,ad044be25c94dcfd,d763ad79532b27ff,068f8a189a47fea6,85073dbd1be65ed9,Maurice Greene,Greg Hardy,0,0.168347003548003,Heavyweight,mens_light_heavy_plus,0.313881522624431,separate_group_model,0.168347003548003,0.233310568336408,0.27172800262998,0.313881522624431
2020-10-31,ad044be25c94dcfd,83955de599b2d874,8fd808923cffff82,d9c6f19f958643e9,Andre Fili,Bryce Mitchell,0,0.4264355265692,Featherweight,mens_below_welterweight,0.419932479411448,separate_group_model,0.4264355265692,0.423180675795638,0.424807286154492,0.419932479411448
2020-10-31,ad044be25c94dcfd,039c645e8f3ac00f,1f454354805b6f75,65578a75fa7900e3,Anderson Silva,Uriah Hall,0,0.426470501147866,Middleweight,mens_welter_to_middle,0.442574409451678,separate_group_model,0.426470501147866,0.434505173698016,0.426470501147866,0.442574409451678
2020-11-07,41dca66f9dadfc86,cb720b01fd6f9785,93b62c5f2ba18e51,c5a126ace82a6025,Gustavo Lopez,Anthony Birchak,1,0.559123432973322,Bantamweight,mens_below_welterweight,0.67599987446835,separate_group_model,0.559123432973322,0.619287977457884,0.589540518844668,0.67599987446835
2020-11-07,41dca66f9dadfc86,55019da3a4bd5d54,3d074044a33825e7,b0d6a1d8ac3d563d,Ramiz Brahimaj,Max Griffin,0,0.549603713360305,Welterweight,mens_welter_to_middle,0.488364673587259,separate_group_model,0.549603713360305,0.519055760326724,0.549603713360305,0.488364673587259
2020-11-07,41dca66f9dadfc86,69fa167ba5d0fd82,7bde387d50829adf,92a9aa9c93192871,Eduardo Garagorri,Darren Elkins,0,0.710090287188177,Featherweight,mens_below_welterweight,0.70854571064186,separate_group_model,0.710090287188177,0.709318604406248,0.709704597330392,0.70854571064186
2020-11-07,41dca66f9dadfc86,2267d967d1daf08a,ab943cd2c3c17825,c0badf3243907e59,Marcos Rogerio de Lima,Alexandr Romanov,0,0.386454270630873,Heavyweight,mens_light_heavy_plus,0.41175864102937,separate_group_model,0.386454270630873,0.399039063499845,0.405382975971274,0.41175864102937
2020-11-07,41dca66f9dadfc86,fea7dd5904ab4c91,899923ff6ab13917,b27a1fcb56a3035a,Bevon Lewis,Trevin Giles,0,0.395367017818659,Middleweight,mens_welter_to_middle,0.493856645950441,separate_group_model,0.395367017818659,0.444062416788953,0.395367017818659,0.493856645950441
2020-11-07,41dca66f9dadfc86,b76590c02f86e705,c41d426cc7326d1b,ec34349e7dffcde7,Yan Xiaonan,Claudia Gadelha,1,0.467413499551634,Women's Strawweight,womens_all,0.515806845551163,separate_group_model,0.467413499551634,0.491590472585439,0.491590472585439,0.515806845551163
2020-11-07,41dca66f9dadfc86,0fed97329b78b887,9560ff14eb3129f7,f0fad0e9f3b65752,Giga Chikadze,Jamey Simmons,1,0.542439008997833,Featherweight,mens_below_welterweight,0.516586498797599,separate_group_model,0.542439008997833,0.529532561107216,0.535991811661338,0.516586498797599
2020-11-07,41dca66f9dadfc86,6ac3d588f9630f0a,b4537562f88ac582,b9f28e7045fdfce7,Khalid Taha,Raoni Barcelos,0,0.384663180937732,Bantamweight,mens_below_welterweight,0.2831066025457,separate_group_model,0.384663180937732,0.331933590072867,0.357868576022268,0.2831066025457
2020-11-07,41dca66f9dadfc86,f0cf92b063735164,04c8b08b16a5b99e,3738e68d2261e60f,Tanner Boser,Andrei Arlovski,0,0.797654624922738,Heavyweight,mens_light_heavy_plus,0.597423266491545,separate_group_model,0.797654624922738,0.707489020742343,0.65452285629173,0.597423266491545
2020-11-07,41dca66f9dadfc86,923e151bd990961b,7ff97850e8c32bda,dea070ed4a2a8281,Glover Teixeira,Thiago Santos,1,0.369440242347661,Light Heavyweight,mens_light_heavy_plus,0.406806236890992,separate_group_model,0.369440242347661,0.387958547840818,0.397344321228476,0.406806236890992
2020-11-14,3bc27ec15facbcf3,f6472ca263a863d1,1a9480fc288e55d7,2c5a0b8317f8f27a,Don'Tale Mayes,Roque Martinez,1,0.560931575621051,Heavyweight,mens_light_heavy_plus,0.576308616244879,separate_group_model,0.560931575621051,0.568636636920089,0.572476984077287,0.576308616244879
2020-11-14,3bc27ec15facbcf3,d80fd2ec736f7df2,cdb96af67d096b1e,f748267c4ab6c127,Alex Morono,Rhys McKee,1,0.504242341814087,Welterweight,mens_welter_to_middle,0.551769144007571,separate_group_model,0.504242341814087,0.528069345856823,0.504242341814087,0.551769144007571
2020-11-14,3bc27ec15facbcf3,9e4dcac049327529,601964f9654f911a,9cfbfae5fa1fdd93,Tony Gravely,Geraldo de Freitas,1,0.429225246548381,Bantamweight,mens_below_welterweight,0.459671921424105,separate_group_model,0.429225246548381,0.444396394621082,0.436796037156032,0.459671921424105
2020-11-14,3bc27ec15facbcf3,470391c4067bf49b,4a57ebb14315b251,e0b0cf71e0d69dd0,Randa Markos,Kanako Murata,0,0.273241537862451,Women's Strawweight,womens_all,0.513541395427187,separate_group_model,0.273241537862451,0.386504457560347,0.386504457560347,0.513541395427187
2020-11-14,3bc27ec15facbcf3,742dc4196d329db0,3351aa64aa83c4d9,4100c7a09497ad41,Cory McKenna,Kay Hansen,1,0.349172756666718,Women's Strawweight,womens_all,0.464821018430604,separate_group_model,0.349172756666718,0.405689668827214,0.405689668827214,0.464821018430604
2020-11-14,3bc27ec15facbcf3,fa6e8fa6c3f05e31,0d8011111be000b2,2f181c0467965b98,Sean Strickland,Brendan Allen,1,0.551362108953319,Catch Weight,unclassified,0.551362108953319,global_fallback_unclassified,0.551362108953319,0.551362108953319,0.551362108953319,0.551362108953319
2020-11-14,3bc27ec15facbcf3,34db1e0e2499e7ae,7559395ad833c074,b4c6c904a9ffc5e8,Miranda Granger,Ashley Yoder,0,0.731447761911293,Women's Strawweight,womens_all,0.502802576520046,separate_group_model,0.731447761911293,0.624008015760751,0.624008015760751,0.502802576520046
2020-11-14,3bc27ec15facbcf3,30eb24f7904c2128,2558ae2e5671e318,eae431e70064e046,Khaos Williams,Abdul Razak Alhassan,1,0.814035128241828,Welterweight,mens_welter_to_middle,0.710862844823549,separate_group_model,0.814035128241828,0.766385329881868,0.814035128241828,0.710862844823549
2020-11-14,3bc27ec15facbcf3,80cb3cf9134b677c,6a2f7c151031653d,e5010b1b94ca5755,Rafael Dos Anjos,Paul Felder,1,0.608649956997372,Lightweight,mens_below_welterweight,0.614773410819627,separate_group_model,0.608649956997372,0.611716092993223,0.610184113727752,0.614773410819627
2020-11-21,bbb15f301e4a490a,91afc389191d41fb,a6c20202c701e5ca,afe8d5b39ff7fca2,Sasha Palatnikov,Louis Cosce,1,0.41032334068269,Welterweight,mens_welter_to_middle,0.475005444883338,separate_group_model,0.41032334068269,0.442420268385439,0.41032334068269,0.475005444883338
2020-11-21,bbb15f301e4a490a,90eb22b9eb6ed2a8,71505842fb6455c3,d6c0cdd7e467c440,Dustin Stoltzfus,Kyle Daukaus,0,0.492988071010327,Middleweight,mens_welter_to_middle,0.483518720927778,separate_group_model,0.492988071010327,0.488252341991336,0.492988071010327,0.483518720927778
2020-11-21,bbb15f301e4a490a,a02764f92a84dd36,c730a0be691dc081,cf65d56b0755ed3b,Jared Gooden,Alan Jouban,0,0.689046584637549,Welterweight,mens_welter_to_middle,0.622210745003585,separate_group_model,0.689046584637549,0.656402680678913,0.689046584637549,0.622210745003585
2020-11-21,bbb15f301e4a490a,e22d5aab3d099c7c,8a1f3b5c526cd6e6,9d19d9e4aa2662e8,Daniel Rodriguez,Nicolas Dalby,0,0.710710867305819,Welterweight,mens_welter_to_middle,0.622487104521455,separate_group_model,0.710710867305819,0.668072164017273,0.710710867305819,0.622487104521455
2020-11-21,bbb15f301e4a490a,a485281be8e9d2e2,6551c64fbcd1a467,d7338bcb141abd2c,Ariane da Silva,Antonina Shevchenko,0,0.566022163594575,Women's Flyweight,womens_all,0.507174629614665,separate_group_model,0.566022163594575,0.536726268357788,0.536726268357788,0.507174629614665
2020-11-21,bbb15f301e4a490a,6c1b38dd918793ff,b9437600497350f3,c878270af633eb11,Joaquin Buckley,Jordan Wright,1,0.443613435649029,Middleweight,mens_welter_to_middle,0.366574678129172,separate_group_model,0.443613435649029,0.404505984056104,0.443613435649029,0.366574678129172
2020-11-21,bbb15f301e4a490a,8d5ea3bf3be7cb91,6e15f63b6c2e2c15,792be9a24df82ed6,Brandon Royval,Brandon Moreno,0,0.251137660671567,Flyweight,mens_below_welterweight,0.220138828162002,separate_group_model,0.251137660671567,0.235284988240253,0.243123631673169,0.220138828162002
2020-11-21,bbb15f301e4a490a,1671723154d8e324,140745cbbcb023ac,eabf206b162b3b83,Mauricio Rua,Paul Craig,0,0.558211087721599,Light Heavyweight,mens_light_heavy_plus,0.635520841824719,separate_group_model,0.558211087721599,0.597471396764345,0.616674748164809,0.635520841824719
2020-11-21,bbb15f301e4a490a,08ef2ed7393efd24,98215d037be5bcb7,e872e9a9a902c045,Cynthia Calvillo,Katlyn Cerminara,0,0.74997998570277,Women's Flyweight,womens_all,0.524217448198406,separate_group_model,0.74997998570277,0.645135786953534,0.645135786953534,0.524217448198406
2020-11-21,bbb15f301e4a490a,2b13651b97f57b6c,4b47e71384a9522f,f2b6fdb20675b11c,Tim Means,Mike Perry,1,0.325073719326991,Welterweight,mens_welter_to_middle,0.445260921406432,separate_group_model,0.325073719326991,0.383387525006308,0.325073719326991,0.445260921406432
2020-11-21,bbb15f301e4a490a,c93eebe24aa0299d,132deb59abae64b1,8e1f36476ef02a6a,Valentina Shevchenko,Jennifer Maia,1,0.84641722288071,Women's Flyweight,womens_all,0.573820014270893,separate_group_model,0.84641722288071,0.731473890162357,0.731473890162357,0.573820014270893
2020-11-21,bbb15f301e4a490a,3c098e2946b4c824,aa72b0f831d0bfe5,ab2b4ff41d6ebe0f,Deiveson Figueiredo,Alex Perez,1,0.597907946608035,Flyweight,mens_below_welterweight,0.632398081689719,separate_group_model,0.597907946608035,0.615297861449135,0.606636688138966,0.632398081689719
2020-11-28,992c82450d96f726,e64d80dcc6853ea0,6e9f40c706f91f32,96428b9e9bd048ea,Nate Maness,Luke Sanders,1,0.402896690281913,Catch Weight,unclassified,0.402896690281913,global_fallback_unclassified,0.402896690281913,0.402896690281914,0.402896690281914,0.402896690281913
2020-11-28,992c82450d96f726,8868957c1735bcf0,3cf18e01cb6cbde3,dee294e9717012c2,Sumudaerji,Malcolm Gordon,1,0.635343327528106,Flyweight,mens_below_welterweight,0.67515652346917,separate_group_model,0.635343327528106,0.655522797045568,0.645497789113101,0.67515652346917
2020-11-28,992c82450d96f726,711f00d287344c77,016a8d958883167c,01784fbc27c68b14,Gina Mazany,Rachael Ostovich,1,0.381554330015654,Women's Flyweight,womens_all,0.472679074913115,separate_group_model,0.381554330015654,0.426492953825229,0.426492953825229,0.472679074913115
2020-11-28,992c82450d96f726,0c27552ea7bc8c8a,bbc9ab95fa766493,ea3dcc417c322064,Anderson Dos Santos,Martin Day,1,0.501563667429323,Bantamweight,mens_below_welterweight,0.521232267762734,separate_group_model,0.501563667429323,0.511402380945177,0.506483651912137,0.521232267762734
2020-11-28,992c82450d96f726,4d56bcd82438e632,87c0b1c696ddfb43,eee0ef3e2b14816b,Jonathan Pearce,Kai Kamaka,1,0.444624491761938,Featherweight,mens_below_welterweight,0.251758169791232,separate_group_model,0.444624491761938,0.341675656891052,0.391949459391945,0.251758169791232
2020-11-28,992c82450d96f726,2a7909acde26a240,d3f5d33d61cd00c9,fc6e681bf6658faf,Norma Dumont,Ashlee Evans-Smith,1,0.680943082254828,Women's Bantamweight,womens_all,0.477569983197406,separate_group_model,0.680943082254828,0.582772303592043,0.582772303592043,0.477569983197406
2020-11-28,992c82450d96f726,181c3312f14de5a8,9abc648e76c4493a,be68b375707dcb85,Bill Algeo,Spike Carlyle,1,0.334569969325394,Featherweight,mens_below_welterweight,0.367197271761327,separate_group_model,0.334569969325394,0.350709159102808,0.342594055209822,0.367197271761327
2020-11-28,992c82450d96f726,32a7da2f34ae3803,ac40f7e3cbecdda4,b5da8f7d05e85a55,Parker Porter,Josh Parisian,1,0.222607166215163,Heavyweight,mens_light_heavy_plus,0.27416524842776,separate_group_model,0.222607166215163,0.247486246867557,0.260604735315082,0.27416524842776
2020-11-28,992c82450d96f726,28b6ee9c3eb8b753,82d4c957649faf9b,8abac218746e04ca,Miguel Baeza,Takashi Sato,1,0.627194327127148,Welterweight,mens_welter_to_middle,0.651657978570532,separate_group_model,0.627194327127148,0.639516694395278,0.627194327127148,0.651657978570532
2020-11-28,992c82450d96f726,09a29fb09fe07559,cc7040fe76f0ef91,d4c9dcd330403612,Devin Clark,Anthony Smith,0,0.588831877467336,Light Heavyweight,mens_light_heavy_plus,0.598806819115251,separate_group_model,0.588831877467336,0.593829024962797,0.596320400689306,0.598806819115251
2020-12-05,398b440e73d55b8b,c4d1c4b82cf34afb,92fa1401b7927da3,fcd448a2fe1a23cc,Jake Collier,Gian Villante,1,0.532623905304854,Heavyweight,mens_light_heavy_plus,0.602471157780672,separate_group_model,0.532623905304854,0.567884905525172,0.585283101052898,0.602471157780672
2020-12-05,398b440e73d55b8b,b1be8b41b1a4fd85,29af297d9f1de0f8,54f64b5e283b0ce7,Damon Jackson,Ilia Topuria,0,0.226638395288574,Featherweight,mens_below_welterweight,0.126841218367338,separate_group_model,0.226638395288574,0.171038340332099,0.197366061225268,0.126841218367338
2020-12-05,398b440e73d55b8b,771d8ce136a12a13,36549928f90f1d36,d2bc285ead803db0,Jose Quinonez,Louis Smolka,0,0.700865801666119,Bantamweight,mens_below_welterweight,0.689201756632996,separate_group_model,0.700865801666119,0.695065081199183,0.697973341362987,0.689201756632996
2020-12-05,398b440e73d55b8b,856fab879c68ded7,ac026518a9b4dc0f,eb29176b03dfa888,Jordan Leavitt,Matt Wiman,1,0.833113102358177,Lightweight,mens_below_welterweight,0.875974718152556,separate_group_model,0.833113102358177,0.855863784896797,0.844828509644068,0.875974718152556
2020-12-05,398b440e73d55b8b,4478ee77a647ae9d,327d5f279895110d,6ebe96a116e79e52,Roman Dolidze,John Allan,1,0.523376572851223,Light Heavyweight,mens_light_heavy_plus,0.5157016143132,separate_group_model,0.523376572851223,0.519540246360717,0.517621190309778,0.5157016143132
2020-12-05,398b440e73d55b8b,46860358da8b8d82,304a21d0595e1a08,436f970c9ea9169c,Justin Jaynes,Gabriel Benitez,0,0.370260115623851,Lightweight,mens_below_welterweight,0.348940336305355,separate_group_model,0.370260115623851,0.359530909977008,0.364878732899153,0.348940336305355
2020-12-05,398b440e73d55b8b,8d4a475e48722fea,50db8711c70196cd,5444c5a201d3ee5a,Ovince Saint Preux,Jamahal Hill,0,0.428144500044076,Light Heavyweight,mens_light_heavy_plus,0.468155230350711,separate_group_model,0.428144500044076,0.448065820664379,0.458093493098279,0.468155230350711
2020-12-05,398b440e73d55b8b,2723f4d275d3f619,0a1942069c9ad6b6,7acbb0972e75281a,Jack Hermansson,Marvin Vettori,0,0.440800640476655,Middleweight,mens_welter_to_middle,0.446588066473623,separate_group_model,0.440800640476655,0.443692443268225,0.440800640476655,0.446588066473623
2020-12-12,d0d43cb9b14f231c,33d52ac2d70b8415,971246648e162f0d,d21113c9ff3788ae,Chase Hooper,Peter Barrett,1,0.649613596936094,Featherweight,mens_below_welterweight,0.696371284154353,separate_group_model,0.649613596936094,0.673423297020455,0.661620752734655,0.696371284154353
2020-12-12,d0d43cb9b14f231c,5ddf45e816a50fac,31ef8b67e13495b3,e94085e821bd81de,Tecia Pennington,Sam Hughes,1,0.507653887943139,Women's Strawweight,womens_all,0.5359253022848,separate_group_model,0.507653887943139,0.521807058095182,0.521807058095182,0.5359253022848
2020-12-12,d0d43cb9b14f231c,87d0b767742d3239,aa171d55d4b5208f,da816417a579a0bd,Billy Quarantillo,Gavin Tucker,0,0.657120159446776,Featherweight,mens_below_welterweight,0.645170991376904,separate_group_model,0.657120159446776,0.651169330878932,0.654150777340954,0.645170991376904
2020-12-12,d0d43cb9b14f231c,cb7616f92a9a4e5b,b6452706b373eea1,c814b4c899793af6,Renato Moicano,Rafael Fiziev,0,0.628425523819426,Lightweight,mens_below_welterweight,0.533075552400171,separate_group_model,0.628425523819426,0.58151164969326,0.605210848526986,0.533075552400171
2020-12-12,d0d43cb9b14f231c,022bdd58cc6e571d,361d49960a196976,d247691a6c0e9034,Daniel Pineda,Cub Swanson,0,0.398794838937936,Featherweight,mens_below_welterweight,0.310618323146484,separate_group_model,0.398794838937936,0.353461161686983,0.375856144699516,0.310618323146484
2020-12-12,d0d43cb9b14f231c,fe3ff5b1d9135add,63def5a5662a6917,787bb1f087ccff8a,Junior Dos Santos,Ciryl Gane,0,0.321400000762004,Heavyweight,mens_light_heavy_plus,0.495167527170848,separate_group_model,0.321400000762004,0.405322078398387,0.449835783426016,0.495167527170848
2020-12-12,d0d43cb9b14f231c,4a172a5191cb8e60,3a46b268013afede,7a703c565ccaa18f,Kevin Holland,Jacare Souza,1,0.632299485273596,Middleweight,mens_welter_to_middle,0.648001801008718,separate_group_model,0.632299485273596,0.640188156481731,0.632299485273596,0.648001801008718
2020-12-12,d0d43cb9b14f231c,27200d53ba9020b8,7447e9f28508106a,7dda2cf308f24a02,Mackenzie Dern,Virna Jandiroba,1,0.405436054157454,Women's Strawweight,womens_all,0.503746938680001,separate_group_model,0.405436054157454,0.454144580085644,0.454144580085644,0.503746938680001
2020-12-12,d0d43cb9b14f231c,b7b867eb3c3cf163,07225ba28ae309b6,22a92d7f62195791,Charles Oliveira,Tony Ferguson,1,0.603428242002933,Lightweight,mens_below_welterweight,0.465234310829823,separate_group_model,0.603428242002933,0.535002976675471,0.569547625512608,0.465234310829823
2020-12-19,e49c2db95e572dc8,8da75fd76a9b8e1d,40d8b74488743800,de45aaae23dfa392,Carlton Minus,Christos Giagos,0,0.371943258295293,Catch Weight,unclassified,0.371943258295293,global_fallback_unclassified,0.371943258295293,0.371943258295293,0.371943258295293,0.371943258295293
2020-12-19,e49c2db95e572dc8,62e6eadbb2805760,09e62c450e754913,7f6ed67d3ed3c036,Jimmy Flick,Cody Durden,1,0.499671979918296,Flyweight,mens_below_welterweight,0.473373753707931,separate_group_model,0.499671979918296,0.486513532830762,0.493091559986192,0.473373753707931
2020-12-19,e49c2db95e572dc8,0fe4906754b2d0f9,6aae253467e8f9ce,830f60497fab345a,Tafon Nchukwi,Jamie Pickett,1,0.564147317994961,Middleweight,mens_welter_to_middle,0.52020379118075,separate_group_model,0.564147317994961,0.542257741613845,0.564147317994961,0.52020379118075
2020-12-19,e49c2db95e572dc8,f2fb049980631302,38c7f72747f4f712,f7467152fd9f18a2,Gillian Robertson,Taila Santos,0,0.545628901518322,Women's Flyweight,womens_all,0.567427084081657,separate_group_model,0.545628901518322,0.556555213714398,0.556555213714398,0.567427084081657
2020-12-19,e49c2db95e572dc8,f004d3d50b78af50,483a953b18d73bb3,61fb8098ccf81c7f,Deron Winn,Antonio Arroyo,1,0.476637713466109,Catch Weight,unclassified,0.476637713466109,global_fallback_unclassified,0.476637713466109,0.476637713466109,0.476637713466109,0.476637713466109
2020-12-19,e49c2db95e572dc8,4cb249714ff56656,4234f0097c83fa62,91dac5e69e28d5b5,Sijara Eubanks,Pannie Kianzad,0,0.505588321541146,Women's Bantamweight,womens_all,0.508301849203185,separate_group_model,0.505588321541146,0.506945136520688,0.506945136520688,0.508301849203185
2020-12-19,e49c2db95e572dc8,1c4602efe5587902,cbb682f5fcc44bfc,cdb96af67d096b1e,Anthony Pettis,Alex Morono,1,0.707864764234215,Welterweight,mens_welter_to_middle,0.668824878774544,separate_group_model,0.707864764234215,0.688680041936017,0.707864764234215,0.668824878774544
2020-12-19,e49c2db95e572dc8,cd150cd28738a7c5,85073dbd1be65ed9,c9cf753cfdf77fc2,Greg Hardy,Marcin Tybura,0,0.588809023087588,Heavyweight,mens_light_heavy_plus,0.555430368502756,separate_group_model,0.588809023087588,0.572201849528207,0.56383436193401,0.555430368502756
2020-12-19,e49c2db95e572dc8,8955ea3c7c332e6c,05339613bf8e9808,fea79f9bc8c68769,Rob Font,Marlon Moraes,1,0.535686212163811,Bantamweight,mens_below_welterweight,0.533111424616931,separate_group_model,0.535686212163811,0.534399047524445,0.53504268818919,0.533111424616931
2020-12-19,e49c2db95e572dc8,3d35eb2d46bf74de,2558ae2e5671e318,595db60957de51d3,Khaos Williams,Michel Pereira,0,0.540976290392696,Welterweight,mens_welter_to_middle,0.561700519523269,separate_group_model,0.540976290392696,0.551360699192978,0.540976290392696,0.561700519523269
2020-12-19,e49c2db95e572dc8,014f1da2083ca174,7c7332319c14094c,d0f3959b4a9747e6,Marlon Vera,Jose Aldo,0,0.647008261143922,Bantamweight,mens_below_welterweight,0.70681849795082,separate_group_model,0.647008261143922,0.677640214309478,0.662494693519718,0.70681849795082
2020-12-19,e49c2db95e572dc8,c7375d5db21cbaae,4a28cb716c19157a,b997be68943010fc,Stephen Thompson,Geoff Neal,1,0.390097925105516,Welterweight,mens_welter_to_middle,0.352967360960693,separate_group_model,0.390097925105516,0.371342708824542,0.390097925105516,0.352967360960693
2021-01-16,307064d3e0f036c2,3d903bc35023f50a,305d73ede05e31ad,637bd06c32219f0b,Austin Lingo,Jacob Kilburn,1,0.753058002085376,Featherweight,mens_below_welterweight,0.727757979861884,separate_group_model,0.753058002085376,0.740608363870066,0.746883782257421,0.727757979861884
2021-01-16,307064d3e0f036c2,97c80f69ac312030,539ed332b3078821,9b7dfb3b7d99926a,Sarah Moras,Vanessa Melo,0,0.502334510872458,Women's Bantamweight,womens_all,0.51064198167206,separate_group_model,0.502334510872458,0.506488694158883,0.506488694158883,0.51064198167206
2021-01-16,307064d3e0f036c2,3fcd53eb27945231,3bb2dc8e87b10a46,abd5fb12437eda21,David Zawada,Ramazan Emeev,0,0.246140427726645,Welterweight,mens_welter_to_middle,0.300265255393219,separate_group_model,0.246140427726645,0.272362422929205,0.246140427726645,0.300265255393219
2021-01-16,307064d3e0f036c2,0165bd3c26f0c076,a2ea77e974c5889f,e13abac8089a801a,Carlos Felipe,Justin Tafa,1,0.491761720006566,Heavyweight,mens_light_heavy_plus,0.437754516305015,separate_group_model,0.491761720006566,0.464654506947669,0.451168836918732,0.437754516305015
2021-01-16,307064d3e0f036c2,97ad63e644757cf4,f9ab66e67240db7b,fdbefee0827e1567,Joselyne Edwards,Wu Yanan,1,0.53172239966052,Women's Bantamweight,womens_all,0.493897051317893,separate_group_model,0.53172239966052,0.512828091442434,0.512828091442434,0.493897051317893
2021-01-16,307064d3e0f036c2,358f816aff469270,64facb6cc564262d,866fd7b1a6c90e7f,Punahele Soriano,Dusko Todorovic,1,0.419277309302586,Middleweight,mens_welter_to_middle,0.448794794563865,separate_group_model,0.419277309302586,0.433977507866395,0.419277309302586,0.448794794563865
2021-01-16,307064d3e0f036c2,775c1f401815bbd8,77d7295d1b22c694,b9437600497350f3,Alessio Di Chirico,Joaquin Buckley,1,0.365319839081854,Middleweight,mens_welter_to_middle,0.414464376426431,separate_group_model,0.365319839081854,0.389611875503031,0.365319839081854,0.414464376426431
2021-01-16,307064d3e0f036c2,aeb7ff8ce6e1beac,6d1bffff14897645,e64b96c07d7ce999,Santiago Ponzinibbio,Li Jingliang,0,0.619065789869447,Welterweight,mens_welter_to_middle,0.604694669573856,separate_group_model,0.619065789869447,0.611904559706146,0.619065789869447,0.604694669573856
2021-01-16,307064d3e0f036c2,6b0da0b1cda7799f,31123249b0bbf52e,f9f07bb5a43535ed,Matt Brown,Carlos Condit,0,0.481929588761787,Welterweight,mens_welter_to_middle,0.514163653139969,separate_group_model,0.481929588761787,0.498044589179737,0.481929588761787,0.514163653139969
2021-01-16,307064d3e0f036c2,a4817b7e46028b4a,150ff4cc642270b9,751de04455cfaac0,Max Holloway,Calvin Kattar,1,0.646347045577401,Featherweight,mens_below_welterweight,0.749825466360611,separate_group_model,0.646347045577401,0.700640784680687,0.674077571740032,0.749825466360611
2021-01-20,56116537d71a578c,ae38fb2a6b6a0cc1,34ff304266360297,9dedfdd91070ddd8,Manon Fiorot,Victoria Leonardo,1,0.507892497412901,Women's Flyweight,womens_all,0.50082403115098,separate_group_model,0.507892497412901,0.504358482062265,0.504358482062265,0.50082403115098
2021-01-20,56116537d71a578c,11558384f80f6506,2b6fc1c02736833d,2f6a993c7f547c13,Umar Nurmagomedov,Sergey Morozov,1,0.612433657576917,Bantamweight,mens_below_welterweight,0.621740285328785,separate_group_model,0.612433657576917,0.617097702172701,0.614768315316265,0.621740285328785
2021-01-20,56116537d71a578c,031e6624f96aceb8,f6ad6a1e4d600e0d,fb3e61720be4690c,Mason Jones,Mike Davis,0,0.502967312637246,Lightweight,mens_below_welterweight,0.478216113632534,separate_group_model,0.502967312637246,0.490585943834414,0.496776134002131,0.478216113632534
2021-01-20,56116537d71a578c,4e451881e0e47b05,c9587d81e1d33925,cdadae5363b66eef,Jerome Rivera,Francisco Figueiredo,0,0.539241716606684,Flyweight,mens_below_welterweight,0.544482073531418,separate_group_model,0.539241716606684,0.541863052800147,0.540552665202268,0.544482073531418
2021-01-20,56116537d71a578c,76b61ff4c9760f79,2ac4628c08ec5125,ce632027bf2a871b,Markus Perez,Dalcha Lungiambula,0,0.410030698417588,Middleweight,mens_welter_to_middle,0.447388322073658,separate_group_model,0.410030698417588,0.42860780532345,0.410030698417588,0.447388322073658
2021-01-20,56116537d71a578c,ddbe6fd66d7f9e35,3cf18e01cb6cbde3,79cb2a690b9ba5e8,Sumudaerji,Zarrukh Adashev,1,0.722930228688862,Flyweight,mens_below_welterweight,0.666863782197041,separate_group_model,0.722930228688862,0.695622589842077,0.709465822005082,0.666863782197041
2021-01-20,56116537d71a578c,4abcf14faa7f92f2,5987b2458f4b5290,8765559b6a29a421,Ricky Simon,Gaetano Pirrello,1,0.777116961441115,Bantamweight,mens_below_welterweight,0.775337464797558,separate_group_model,0.777116961441115,0.776228472066578,0.776673031551655,0.775337464797558
2021-01-20,56116537d71a578c,ac475de5a3d0d7e2,1588b787bda7b540,16690d100f995f8f,Tom Breese,Omari Akhmedov,0,0.567523409732757,Middleweight,mens_welter_to_middle,0.644147938868197,separate_group_model,0.567523409732757,0.606490431253735,0.567523409732757,0.644147938868197
2021-01-20,56116537d71a578c,d27ac1bc677b89cf,396fe87b84ac2e1c,3a314d9fa7c6825d,Lerone Murphy,Douglas Silva de Andrade,1,0.794990562534843,Featherweight,mens_below_welterweight,0.792388317872441,separate_group_model,0.794990562534843,0.793692476606479,0.794342278578477,0.792388317872441
2021-01-20,56116537d71a578c,57e784028ef2c17d,67c1d46f4ed16f9e,6e00cfffd54653c4,Matt Schnell,Tyson Nam,1,0.480189079488587,Flyweight,mens_below_welterweight,0.508512267552455,separate_group_model,0.480189079488587,0.494346137395535,0.487265054418621,0.508512267552455
2021-01-20,56116537d71a578c,a003e8305d4dbdc8,36541f1e6c5d4955,4498b382c65a7faa,Viviane Araujo,Roxanne Modafferi,1,0.675865934132912,Women's Flyweight,womens_all,0.505966595973446,separate_group_model,0.675865934132912,0.593716928805875,0.593716928805875,0.505966595973446
2021-01-20,56116537d71a578c,4f6d3cdf2c77fb57,acb36c908d415c4a,f9d0cae37dabfafc,Vinicius Moreira,Ike Villanueva,0,0.528715368579206,Light Heavyweight,mens_light_heavy_plus,0.506740390639707,separate_group_model,0.528715368579206,0.517736455323459,0.512239903837756,0.506740390639707
2021-01-20,56116537d71a578c,dd34dd337e637767,49ee5024966efc0d,d317a5e2b3f88c5f,Mounir Lazzez,Warlley Alves,0,0.529608586777838,Welterweight,mens_welter_to_middle,0.548808251181534,separate_group_model,0.529608586777838,0.539222967121461,0.529608586777838,0.548808251181534
2021-01-20,56116537d71a578c,61bedad39b15db7a,84b3e7d38f2d2ec5,c58f51dedb310998,Neil Magny,Michael Chiesa,0,0.531708050583505,Welterweight,mens_welter_to_middle,0.423133233758539,separate_group_model,0.531708050583505,0.477150726700607,0.531708050583505,0.423133233758539
2021-01-23,4304992c2acc187b,aaf45b095452be23,55fa6ce3e522c8bb,6d35bf94f7d30241,Zhalgas Zhumagulov,Amir Albazi,0,0.378064292164775,Flyweight,mens_below_welterweight,0.414835653643316,separate_group_model,0.378064292164775,0.396303468889042,0.387144322501634,0.414835653643316
2021-01-23,4304992c2acc187b,f3ccbfd7036f3cf3,6fb1ba67bef41b37,76e2870ffafbe38f,Nik Lentz,Movsar Evloev,0,0.294406395483388,Catch Weight,unclassified,0.294406395483388,global_fallback_unclassified,0.294406395483388,0.294406395483388,0.294406395483388,0.294406395483388
2021-01-23,4304992c2acc187b,c597fd8bb66d54d8,6370c1c1e12723d5,749f572d1d3161fb,Marcin Prachnio,Khalil Rountree Jr.,1,0.229359528901838,Light Heavyweight,mens_light_heavy_plus,0.27212752054691,separate_group_model,0.229359528901838,0.250134865793617,0.260981369112634,0.27212752054691
2021-01-23,4304992c2acc187b,83da743f6dda7dcc,3253b16d38ae087d,7be74a12d7352df2,Julianna Pena,Sara McMann,1,0.668583203556382,Women's Bantamweight,womens_all,0.510663717545186,separate_group_model,0.668583203556382,0.591995952232872,0.591995952232872,0.510663717545186
2021-01-23,4304992c2acc187b,92f569a6d9374b86,0c6d9ea8306c029e,52e76bb4b3e852f3,Brad Tavares,Antonio Carlos Junior,1,0.317954282618909,Middleweight,mens_welter_to_middle,0.365701425917281,separate_group_model,0.317954282618909,0.341426024164196,0.317954282618909,0.365701425917281
2021-01-23,4304992c2acc187b,99dbe9669f31ed91,dccb63727f2f5f74,eae48ff31db420c2,Matt Frevola,Arman Tsarukyan,0,0.2014804494085,Lightweight,mens_below_welterweight,0.184032831405029,separate_group_model,0.2014804494085,0.192606249185112,0.197005643296079,0.184032831405029
2021-01-23,4304992c2acc187b,cd08b68f0bafafbf,beecb672a279223e,cd2c4d30c6e13b47,Amanda Ribas,Marina Rodriguez,0,0.809515384651053,Women's Strawweight,womens_all,0.521206032125129,separate_group_model,0.809515384651053,0.682626749292551,0.682626749292551,0.521206032125129
2021-01-23,4304992c2acc187b,65352221c0bfe52d,ea7e5bc78d9de658,fccf811c1e8b01c7,Makhmud Muradov,Andrew Sanchez,1,0.653449356609815,Middleweight,mens_welter_to_middle,0.581639504042811,separate_group_model,0.653449356609815,0.61818975491813,0.653449356609815,0.581639504042811
2021-01-23,4304992c2acc187b,c4ea3f6fae702459,12f91bfa8f1f723b,f72465a784c1b084,Joanne Wood,Jessica Eye,1,0.479692640095456,Women's Flyweight,womens_all,0.508928002685334,separate_group_model,0.479692640095456,0.494305453594121,0.494305453594121,0.508928002685334
2021-01-23,4304992c2acc187b,a5075f4eaee6036f,193b9d1858bc4df3,4b93a88f3b1de35b,Dan Hooker,Michael Chandler,0,0.836346595232251,Lightweight,mens_below_welterweight,0.857100045637876,separate_group_model,0.836346595232251,0.847011445639526,0.841751958934067,0.857100045637876
2021-01-23,4304992c2acc187b,3d3e7dc7b4bf2bc4,029eaff01e6bb8f0,f4c49976c75c5ab2,Dustin Poirier,Conor McGregor,1,0.573444385160549,Lightweight,mens_below_welterweight,0.700559499600184,separate_group_model,0.573444385160549,0.63944149136792,0.606930904651387,0.700559499600184
2021-02-06,a1153013cb5f628f,3ac61bcb406e1a0c,6d68c1afe954f121,c9587d81e1d33925,Ode Osbourne,Jerome Rivera,1,0.588001018927452,Featherweight,mens_below_welterweight,0.597387813273928,separate_group_model,0.588001018927452,0.592702875081297,0.590354011930726,0.597387813273928
2021-02-06,a1153013cb5f628f,eb4e9ec015533ab4,45e738622ea2c02c,ea3dcc417c322064,Timur Valiev,Martin Day,1,0.582998585718811,Featherweight,mens_below_welterweight,0.73037241130422,separate_group_model,0.582998585718811,0.66056296861291,0.622564976716197,0.73037241130422
2021-02-06,a1153013cb5f628f,86d6e09932c5b551,52c2ae6d2f2d2613,a68575214ecad140,Youssef Zalal,SeungWoo Choi,0,0.785970662911887,Featherweight,mens_below_welterweight,0.781560666183222,separate_group_model,0.785970662911887,0.783773805662338,0.784874269936451,0.781560666183222
2021-02-06,a1153013cb5f628f,d65da3a3bc675449,51018a31ddf31eb2,e99821959a840bb8,Molly McCann,Lara Procopio,0,0.487474336912699,Women's Flyweight,womens_all,0.513055607421565,separate_group_model,0.487474336912699,0.500265145678884,0.500265145678884,0.513055607421565
2021-02-06,a1153013cb5f628f,8c34e1e0d842618d,351c4ec637380ad5,f9ab66e67240db7b,Karol Rosa,Joselyne Edwards,1,0.484896395103669,Women's Bantamweight,womens_all,0.505958795750963,separate_group_model,0.484896395103669,0.495425565925478,0.495425565925478,0.505958795750963
2021-02-06,a1153013cb5f628f,464cc19d42446da9,207773daeb4afa7b,304a21d0595e1a08,Devonte Smith,Justin Jaynes,1,0.745660982585209,Catch Weight,unclassified,0.745660982585209,global_fallback_unclassified,0.745660982585209,0.745660982585209,0.745660982585209,0.745660982585209
2021-02-06,a1153013cb5f628f,af8ea6db042674ef,18b602842a24f7c5,687c15b2eddfaa63,Mike Rodriguez,Danilo Marques,0,0.438624748156285,Light Heavyweight,mens_light_heavy_plus,0.491823323575412,separate_group_model,0.438624748156285,0.465124854968487,0.478458705927558,0.491823323575412
2021-02-06,a1153013cb5f628f,bbade63ca780668f,08af939f41b5a57b,f53d4f21d1b5f2dc,Beneil Dariush,Diego Ferreira,1,0.605354673588804,Lightweight,mens_below_welterweight,0.517632598819171,separate_group_model,0.605354673588804,0.56197794995644,0.583828591306971,0.517632598819171
2021-02-06,a1153013cb5f628f,2c81668d1459991f,5d1b7e3dd9e11074,a0f0004aadf10b71,Manel Kape,Alexandre Pantoja,0,0.362045999343191,Flyweight,mens_below_welterweight,0.372275975860044,separate_group_model,0.362045999343191,0.367146028077919,0.364592212971891,0.372275975860044
2021-02-06,a1153013cb5f628f,f4fbb11055301e75,511e82663651438d,c47df9303d318c67,Michael Johnson,Clay Guida,0,0.560111590087342,Lightweight,mens_below_welterweight,0.531357077676292,separate_group_model,0.560111590087342,0.545772499167373,0.552953055756473,0.531357077676292
2021-02-06,a1153013cb5f628f,9ef858837dfc65eb,65f09bacd3957381,f2688492b9a525a3,Cory Sandhagen,Frankie Edgar,1,0.646513795428209,Bantamweight,mens_below_welterweight,0.670301863680271,separate_group_model,0.646513795428209,0.658507538905248,0.652534860549913,0.670301863680271
2021-02-06,a1153013cb5f628f,8b9bdacca749ec90,279566840aa55bf2,b4ad3a06ee4d660c,Alexander Volkov,Alistair Overeem,1,0.657191324515419,Heavyweight,mens_light_heavy_plus,0.684341123364576,separate_group_model,0.657191324515419,0.670908853694504,0.677661674054211,0.684341123364576
2021-02-13,3f7c14c7eca7195d,357c5b86ec83b826,5eb50529a8418b77,8e382b585a92affe,Gabe Green,Phil Rowe,1,0.42862048526899,Welterweight,mens_welter_to_middle,0.372120825740204,separate_group_model,0.42862048526899,0.400038317497199,0.42862048526899,0.372120825740204
2021-02-13,3f7c14c7eca7195d,f98e954823bd6e02,45f0cc9d18f35137,5f6f049d54728e88,Chris Gutierrez,Andre Ewell,1,0.607007640936875,Catch Weight,unclassified,0.607007640936875,global_fallback_unclassified,0.607007640936875,0.607007640936875,0.607007640936875,0.607007640936875
2021-02-13,3f7c14c7eca7195d,17616514e8fdacb9,19b7738321cfae42,9673a497a9da119a,Mallory Martin,Polyana Viana,0,0.397506025354967,Women's Strawweight,womens_all,0.496624647705477,separate_group_model,0.397506025354967,0.446534045547518,0.446534045547518,0.496624647705477
2021-02-13,3f7c14c7eca7195d,8cf076524cad5a55,b1b0729d27936f2f,e9213f53ddeca978,Belal Muhammad,Dhiego Lima,1,0.736798435337617,Welterweight,mens_welter_to_middle,0.646706524370692,separate_group_model,0.736798435337617,0.693597848432858,0.736798435337617,0.646706524370692
2021-02-13,3f7c14c7eca7195d,96b1430379c0694a,093e1f5bb73850be,260e9e0d4954aea6,Anthony Hernandez,Rodolfo Vieira,1,0.366574822485355,Middleweight,mens_welter_to_middle,0.384025763318948,separate_group_model,0.366574822485355,0.375259784665191,0.366574822485355,0.384025763318948
2021-02-13,3f7c14c7eca7195d,9201312dd860fa5a,c549573c0df4d676,d0e1b42d41dab603,Maki Pitolo,Julian Marquez,0,0.474403752424164,Middleweight,mens_welter_to_middle,0.55103726737514,separate_group_model,0.474403752424164,0.512795704132006,0.474403752424164,0.55103726737514
2021-02-13,3f7c14c7eca7195d,54e2490959f66dc2,5987b2458f4b5290,7be14eaed4c74856,Ricky Simon,Brian Kelleher,1,0.785974011659944,Featherweight,mens_below_welterweight,0.77946072368127,separate_group_model,0.785974011659944,0.782734999723822,0.784358915121243,0.77946072368127
2021-02-13,3f7c14c7eca7195d,26fbf026beb8e9f8,2e585c701f72fe55,8c0580d4fff106c1,Ian Heinisch,Kelvin Gastelum,0,0.573125773745982,Middleweight,mens_welter_to_middle,0.576884493989492,separate_group_model,0.573125773745982,0.575006217949455,0.573125773745982,0.576884493989492
2021-02-13,3f7c14c7eca7195d,25b8c932da5e91f4,6a740daf1b279661,e8b731feff72294b,Maycee Barber,Alexa Grasso,0,0.550961811578955,Women's Flyweight,womens_all,0.515441596999956,separate_group_model,0.550961811578955,0.533243833558045,0.533243833558045,0.515441596999956
2021-02-13,3f7c14c7eca7195d,be94e5b7a35ce5f2,23024fdfc966410a,f1b2aa7853d1ed6e,Gilbert Burns,Kamaru Usman,0,0.254654250330973,Welterweight,mens_welter_to_middle,0.379194560740691,separate_group_model,0.254654250330973,0.31357575794159,0.254654250330973,0.379194560740691
2021-02-20,bfe95ec546692b13,c3b6aa47e7532a7b,2b68d9f125d07b42,e2f6b2769aaedd6c,Jared Vanderaa,Serghei Spivac,0,0.389490189417797,Heavyweight,mens_light_heavy_plus,0.469940676705549,separate_group_model,0.389490189417797,0.429248214161951,0.449509980349392,0.469940676705549
2021-02-20,bfe95ec546692b13,b9cd4910f0ecff45,24656ef4d605c96f,dc3b9cf7641b7ab6,Aiemann Zahabi,Drako Rodriguez,1,0.330379830840884,Bantamweight,mens_below_welterweight,0.280848882325318,separate_group_model,0.330379830840884,0.305050634626958,0.317580243141489,0.280848882325318
2021-02-20,bfe95ec546692b13,1d892fec31dc7ad7,04835018f90b118c,122ac9b816d8b71c,Casey O'Neill,Shana Dobson,1,0.7634356096518,Women's Flyweight,womens_all,0.49675522994689,separate_group_model,0.7634356096518,0.640909667720857,0.640909667720857,0.49675522994689
2021-02-20,bfe95ec546692b13,e175c1a0bff30187,583ee11abddfc581,902ec2cc48c8ae8a,Nate Landwehr,Julian Erosa,0,0.604902439335374,Featherweight,mens_below_welterweight,0.642865209788688,separate_group_model,0.604902439335374,0.624074351228637,0.614532823511724,0.642865209788688
2021-02-20,bfe95ec546692b13,990c2378caec68d4,5fa2974cbd18e05c,fc9a9559a05f2704,John Castaneda,Eddie Wineland,1,0.506269996580053,Bantamweight,mens_below_welterweight,0.657627135276458,separate_group_model,0.506269996580053,0.58392560523601,0.54537368013126,0.657627135276458
2021-02-20,bfe95ec546692b13,931fd51ab69fb443,0de720c0f1d4ab9c,7026eca45f65377b,Danny Chavez,Jared Gordon,0,0.468066165923442,Featherweight,mens_below_welterweight,0.537065405202709,separate_group_model,0.468066165923442,0.502578059759713,0.485304594458219,0.537065405202709
2021-02-20,bfe95ec546692b13,15b1c7ddc4415fdd,3738e68d2261e60f,399afbabc02376b5,Andrei Arlovski,Tom Aspinall,0,0.211311012298165,Heavyweight,mens_light_heavy_plus,0.379277889487377,separate_group_model,0.211311012298165,0.288059419072683,0.332095857383162,0.379277889487377
2021-02-20,bfe95ec546692b13,05ceb8b2f93993a6,547afe1017e72dbe,881bf86d4cba8578,Phil Hawes,Nassourdine Imavov,1,0.391137958656301,Middleweight,mens_welter_to_middle,0.429507034070361,separate_group_model,0.391137958656301,0.410185871594309,0.391137958656301,0.429507034070361
2021-02-20,bfe95ec546692b13,8f7328fe18806fb0,98c23cb6da5b3352,d0aaedcf7ccd0b45,Aleksei Oleinik,Chris Daukaus,0,0.227767803109867,Heavyweight,mens_light_heavy_plus,0.423324299059417,separate_group_model,0.227767803109867,0.317550852266466,0.368863436027547,0.423324299059417
2021-02-20,bfe95ec546692b13,82243207b4dfce87,34e516ab361afb1c,40093d1d2d78394e,Darrick Minner,Charles Rosa,1,0.638657747895005,Featherweight,mens_below_welterweight,0.649575873468633,separate_group_model,0.638657747895005,0.644135549417927,0.64140126040985,0.649575873468633
2021-02-20,bfe95ec546692b13,a4814d682954e8ab,3143bf892608139a,b9706f80d005036c,Yana Santos,Ketlen Vieira,1,0.449031799417195,Women's Bantamweight,womens_all,0.491904436341006,separate_group_model,0.449031799417195,0.470413545382161,0.470413545382161,0.491904436341006
2021-02-20,bfe95ec546692b13,b12bc15f384ecc42,d3df1add9d9a7efb,fa6796c55d6c5440,Derrick Lewis,Curtis Blaydes,1,0.144148980275605,Heavyweight,mens_light_heavy_plus,0.247862136979425,separate_group_model,0.144148980275605,0.190672253602576,0.217916858038887,0.247862136979425
2021-02-27,81b57acd6975ac06,bc86601cf781a89c,950d0ef5c17157c5,e4277e87a789d687,Maxim Grishin,Dustin Jacoby,0,0.542577974894971,Light Heavyweight,mens_light_heavy_plus,0.574602213155768,separate_group_model,0.542577974894971,0.558651082060679,0.566643911006452,0.574602213155768
2021-02-27,81b57acd6975ac06,11a83369d49ad138,e7e01e266a9d4342,ed2a8cc402173781,Ronnie Lawrence,Vince Cachero,1,0.559624652558328,Bantamweight,mens_below_welterweight,0.501648657525437,separate_group_model,0.559624652558328,0.530740370778502,0.545220550129188,0.501648657525437
2021-02-27,81b57acd6975ac06,a7315147a7022a93,4c2d90e335e6df19,70d2329a92864fdb,Alexis Davis,Sabina Mazo,1,0.138593598818692,Women's Bantamweight,womens_all,0.478555996223422,separate_group_model,0.138593598818692,0.277594623552746,0.277594623552746,0.478555996223422
2021-02-27,81b57acd6975ac06,3eac2d47ac252f4b,262a7d06203657e6,d945aae53e3e54e6,Alexander Hernandez,Thiago Moises,0,0.622212403657304,Lightweight,mens_below_welterweight,0.610372234030295,separate_group_model,0.622212403657304,0.616309556876173,0.619265386599734,0.610372234030295
2021-02-27,81b57acd6975ac06,6a0341234ecc4e87,35b3772629e27a49,7aa3d6964eff4877,Kevin Croom,Alex Caceres,0,0.501101366959182,Featherweight,mens_below_welterweight,0.43153858170411,separate_group_model,0.501101366959182,0.466155451048515,0.483608369755003,0.43153858170411
2021-02-27,81b57acd6975ac06,c2ee423d1f0b4f6f,6bd02119599741a4,9c907996820d2d69,Pedro Munhoz,Jimmie Rivera,1,0.476761002084766,Bantamweight,mens_below_welterweight,0.524121304204981,separate_group_model,0.476761002084766,0.500442144875815,0.488595174366255,0.524121304204981
2021-02-27,81b57acd6975ac06,3a4e2dffcdd1c838,1091d4d957141094,d802174b0c0c1f4e,Nikita Krylov,Magomed Ankalaev,0,0.352484961287855,Light Heavyweight,mens_light_heavy_plus,0.461453825184592,separate_group_model,0.352484961287855,0.40581034021888,0.433422235860096,0.461453825184592
2021-02-27,81b57acd6975ac06,4a704dae3091adaf,2cd428e9606856fd,787bb1f087ccff8a,Jairzinho Rozenstruik,Ciryl Gane,0,0.353940588708694,Heavyweight,mens_light_heavy_plus,0.363069296222622,separate_group_model,0.353940588708694,0.358492123464975,0.360777547918947,0.363069296222622
2021-03-06,6e2b1d631832921d,c096342c57a6f2c4,bc711b6dd95c1af6,ec23c1be628d8057,Mario Bautista,Trevin Jones,0,0.685873335182558,Bantamweight,mens_below_welterweight,0.712137475072096,separate_group_model,0.685873335182558,0.699168678460975,0.692560971348778,0.712137475072096
2021-03-06,6e2b1d631832921d,e2abba69c3371618,003d82fa384ca1d0,681399317dbf4701,Aalon Cruz,Uros Medic,0,0.448898960573321,Lightweight,mens_below_welterweight,0.413354402940616,separate_group_model,0.448898960573321,0.431037866558564,0.439948975879336,0.413354402940616
2021-03-06,6e2b1d631832921d,50ef636148fa6fac,3df5493bb279226f,dab8cfbb6b1db10a,Amanda Lemos,Livinha Souza,1,0.438937115536722,Women's Strawweight,womens_all,0.499665157341846,separate_group_model,0.438937115536722,0.469187069995083,0.469187069995083,0.499665157341846
2021-03-06,6e2b1d631832921d,7ad09f889d2cdb6f,45f7cb591c3ab00b,a845f0735bc67405,Sean Brady,Jake Matthews,1,0.404345457009396,Welterweight,mens_welter_to_middle,0.444049804996799,separate_group_model,0.404345457009396,0.424075120002717,0.404345457009396,0.444049804996799
2021-03-06,6e2b1d631832921d,d170f6580e1c244f,8667caa0451d245b,9014c02eff8b3d62,Kennedy Nzechukwu,Carlos Ulberg,1,0.614141053806913,Light Heavyweight,mens_light_heavy_plus,0.614769490624152,separate_group_model,0.614141053806913,0.61445531991727,0.614612417210702,0.614769490624152
2021-03-06,6e2b1d631832921d,2704d31de2c2f43b,215a70f073a7b726,c96d9178c9ed9e62,Jordan Espinosa,Tim Elliott,0,0.607412621604272,Flyweight,mens_below_welterweight,0.702893767202791,separate_group_model,0.607412621604272,0.656736072560569,0.632420732910126,0.702893767202791
2021-03-06,6e2b1d631832921d,873306ad79b62f5e,07a2bdaa0afdd831,853eb0dd5c0e2149,Rogerio Bontorin,Kai Kara-France,0,0.486975787720314,Flyweight,mens_below_welterweight,0.520002573845281,separate_group_model,0.486975787720314,0.503492991013473,0.495233088749492,0.520002573845281
2021-03-06,6e2b1d631832921d,ae5d14a9fc1ad19c,80eacd4da0617c57,b1d19449397541dc,Joseph Benavidez,Askar Askarov,0,0.461328842265314,Flyweight,mens_below_welterweight,0.469691961688135,separate_group_model,0.461328842265314,0.465507978009416,0.463417767783773,0.469691961688135
2021-03-06,6e2b1d631832921d,5980ab31e4718a83,60425d07ef4b91a7,efb96bf3e9ada36f,Kyler Phillips,Song Yadong,1,0.472505913563913,Bantamweight,mens_below_welterweight,0.393361289481947,separate_group_model,0.472505913563913,0.432503012334245,0.452427641832668,0.393361289481947
2021-03-06,6e2b1d631832921d,f4363f1317b47213,10f3ba6cd2f44a97,e7bba7ce4d6c7b07,Dominick Cruz,Casey Kenney,1,0.358208509759542,Bantamweight,mens_below_welterweight,0.256850950191448,separate_group_model,0.358208509759542,0.305175039097276,0.331155988912629,0.256850950191448
2021-03-06,6e2b1d631832921d,04a788abbbd1f256,333b9e5c723ac873,dea070ed4a2a8281,Aleksandar Rakic,Thiago Santos,1,0.674437946922833,Light Heavyweight,mens_light_heavy_plus,0.615590254942154,separate_group_model,0.674437946922833,0.645564688076634,0.630703508512428,0.615590254942154
2021-03-06,6e2b1d631832921d,c06d7bb29bc24d00,275aca31f61ba28c,519e4fe37ce9ff75,Islam Makhachev,Drew Dober,1,0.716372633937886,Lightweight,mens_below_welterweight,0.702120138073728,separate_group_model,0.716372633937886,0.709297931090023,0.712848293559483,0.702120138073728
2021-03-06,6e2b1d631832921d,15c9cb5f9320c555,cb696ebfb6598724,d661ce4da776fc20,Aljamain Sterling,Petr Yan,1,0.505946836883737,Bantamweight,mens_below_welterweight,0.524286506932337,separate_group_model,0.505946836883737,0.515121762669385,0.510535187014707,0.524286506932337
2021-03-06,6e2b1d631832921d,fd92fe0c494d0959,80fa8218c99f9c58,a0e75f4a13eb73f1,Amanda Nunes,Megan Anderson,1,0.885804348050105,Women's Featherweight,womens_all,0.530853965450555,separate_group_model,0.885804348050105,0.747642440528524,0.747642440528524,0.530853965450555
2021-03-06,6e2b1d631832921d,7de9867b7cc2b1b1,1338e2c7480bdf9e,99df7d0a2a08a8a8,Israel Adesanya,Jan Blachowicz,0,0.795920290505118,Light Heavyweight,mens_light_heavy_plus,0.633019778710106,separate_group_model,0.795920290505118,0.721736388763546,0.678991800172784,0.633019778710106
2021-03-13,8c90c1563972e44d,d0ebb0551377a1c1,4aa58269d0664b5b,5f3805dda9661cba,Matthew Semelsberger,Jason Witt,1,0.682442422025348,Welterweight,mens_welter_to_middle,0.628735474197346,separate_group_model,0.682442422025348,0.656087614333046,0.682442422025348,0.628735474197346
2021-03-13,8c90c1563972e44d,8a7b0cd5ad9ca4fe,5dd180c8b3196786,d05cb1e8d1b885d8,Gloria de Paula,Jinh Yu Frey,0,0.698333957541581,Women's Strawweight,womens_all,0.51153596199449,separate_group_model,0.698333957541581,0.608917545151733,0.608917545151733,0.51153596199449
2021-03-13,8c90c1563972e44d,e8adfbbe0053c321,5f179af5fffeb9f6,6fd953151d981979,Cortney Casey,JJ Aldrich,0,0.385400453172809,Women's Flyweight,womens_all,0.504215380532287,separate_group_model,0.385400453172809,0.444007579324846,0.444007579324846,0.504215380532287
2021-03-13,8c90c1563972e44d,a6828a6dfb21d33c,b7b84ccd221be298,e132d47bd9efbbe0,Nasrat Haqparast,Rafa Garcia,1,0.682977619952698,Lightweight,mens_below_welterweight,0.652651123928803,separate_group_model,0.682977619952698,0.667988506374426,0.675528041379187,0.652651123928803
2021-03-13,8c90c1563972e44d,03bdbf2d18f3025d,90e0985df05e51bc,94527830000ab715,Ray Rodriguez,Rani Yahya,0,0.667564276462812,Bantamweight,mens_below_welterweight,0.626462476745228,separate_group_model,0.667564276462812,0.647285789200802,0.657496928573836,0.626462476745228
2021-03-13,8c90c1563972e44d,bb7ce8a6ba7f7cc5,2804ce8dadab5770,f1d64ae34e088832,Marcelo Rojo,Charles Jourdain,0,0.34091319529184,Featherweight,mens_below_welterweight,0.284088084698801,separate_group_model,0.34091319529184,0.311793017884845,0.326185476664891,0.284088084698801
2021-03-13,8c90c1563972e44d,18c67631b76c18e5,b4c6c904a9ffc5e8,f0feeb2192937424,Ashley Yoder,Angela Hill,0,0.370655733985224,Women's Strawweight,womens_all,0.490918653954479,separate_group_model,0.370655733985224,0.429751018953508,0.429751018953508,0.490918653954479
2021-03-13,8c90c1563972e44d,01f262b68a6a2223,1a31ef98efce7a79,5d1b7e3dd9e11074,Matheus Nicolau,Manel Kape,1,0.487778246229516,Flyweight,mens_below_welterweight,0.393268900912109,separate_group_model,0.487778246229516,0.439979705329975,0.463795825127842,0.393268900912109
2021-03-13,8c90c1563972e44d,70aa6b8f863e6861,113df4fde64735c6,f2477cf43c4975cc,Davey Grant,Jonathan Martinez,1,0.282379405935615,Bantamweight,mens_below_welterweight,0.207604447835875,separate_group_model,0.282379405935615,0.243044892703045,0.262237068699127,0.207604447835875
2021-03-13,8c90c1563972e44d,d15a87087b6f1452,82a5152216251682,da816417a579a0bd,Dan Ige,Gavin Tucker,1,0.66560014047558,Featherweight,mens_below_welterweight,0.661066233064323,separate_group_model,0.66560014047558,0.663336945480583,0.664469487608509,0.661066233064323
2021-03-13,8c90c1563972e44d,4944437e73071671,67f272324a030d00,a67f5afa8d6a1b80,Misha Cirkunov,Ryan Spann,0,0.466119586986609,Light Heavyweight,mens_light_heavy_plus,0.608631946037679,separate_group_model,0.466119586986609,0.53815513436565,0.573768055378501,0.608631946037679
2021-03-20,c36e1f4fa755ffb4,55bf7f19a132e0fc,0b362247806341e5,294aa73dbf37d281,JP Buys,Bruno Silva,0,0.556211940634038,Flyweight,mens_below_welterweight,0.566466094703286,separate_group_model,0.556211940634038,0.561345566583439,0.558780324421032,0.566466094703286
2021-03-20,c36e1f4fa755ffb4,b8a0047c927faa75,8c39367b53eadf8a,cc1a8b4b38b92c6d,Jesse Strader,Montel Jackson,0,0.205521295397326,Bantamweight,mens_below_welterweight,0.271114788724851,separate_group_model,0.205521295397326,0.236754636738326,0.220742292960064,0.271114788724851
2021-03-20,c36e1f4fa755ffb4,68cf99b6551dc3b3,327d5f279895110d,b27a1fcb56a3035a,Roman Dolidze,Trevin Giles,0,0.424448973632574,Middleweight,mens_welter_to_middle,0.508853580918219,separate_group_model,0.424448973632574,0.466410906943672,0.424448973632574,0.508853580918219
2021-03-20,c36e1f4fa755ffb4,a043e279434d5c8c,99bd51917728c25d,9c65736747ca92ec,Grant Dawson,Leonardo Santos,1,0.631530238459892,Lightweight,mens_below_welterweight,0.679572028748658,separate_group_model,0.631530238459892,0.655949746170924,0.643833494495709,0.679572028748658
2021-03-20,c36e1f4fa755ffb4,dcfbbebc0aee6ded,9cdd2da1a9104a0b,c7d297714d9ab1a4,Macy Chiasson,Marion Reneau,1,0.840616132312974,Women's Bantamweight,womens_all,0.528517058219639,separate_group_model,0.840616132312974,0.708581738076838,0.708581738076838,0.528517058219639
2021-03-20,c36e1f4fa755ffb4,9e45cc594a5a2506,c62fbc117d57b943,f703250471acaf96,Tai Tuivasa,Harry Hunsucker,1,0.552913371541544,Heavyweight,mens_light_heavy_plus,0.47420060246407,separate_group_model,0.552913371541544,0.51364156863947,0.493911613116829,0.47420060246407
2021-03-20,c36e1f4fa755ffb4,afc86d1076c4c3a9,0232cabbc30a2372,93b62c5f2ba18e51,Adrian Yanez,Gustavo Lopez,1,0.585328996872354,Bantamweight,mens_below_welterweight,0.505785403483323,separate_group_model,0.585328996872354,0.545849744158107,0.565693556914641,0.505785403483323
2021-03-20,c36e1f4fa755ffb4,dd7f3f91ea6067d4,1235b31de15d0c6e,4959f10a62f3fec3,Montserrat Conejo Ruiz,Cheyanne Vlismas,1,0.449923470094207,Women's Strawweight,womens_all,0.497270426477147,separate_group_model,0.449923470094207,0.473537460046981,0.473537460046981,0.497270426477147
2021-03-20,c36e1f4fa755ffb4,edac9fd482177a64,32490e80ddab1e5a,b0d6a1d8ac3d563d,Song Kenan,Max Griffin,0,0.526868893965696,Welterweight,mens_welter_to_middle,0.489591166579714,separate_group_model,0.526868893965696,0.508241485988359,0.526868893965696,0.489591166579714
2021-03-20,c36e1f4fa755ffb4,2efbcd870f1f7bc7,3a46b268013afede,b1a3e0aca758b322,Kevin Holland,Derek Brunson,0,0.608681992102536,Middleweight,mens_welter_to_middle,0.605639972996821,separate_group_model,0.608681992102536,0.607162021958778,0.608681992102536,0.605639972996821
2021-03-27,6597b611f1c32555,41622791b276ad9e,46d0a888d87d91ac,8e9eb3fc86db0f7d,Abu Azaitar,Marc-Andre Barriault,0,0.457508968031576,Middleweight,mens_welter_to_middle,0.502926297308757,separate_group_model,0.457508968031576,0.480176678192714,0.457508968031576,0.502926297308757
2021-03-27,6597b611f1c32555,2220b73ece1730c3,4cd8b03aee1d0138,a0e6753c42698f13,Shane Young,Omar Morales,0,0.504304635055896,Featherweight,mens_below_welterweight,0.600924071301133,separate_group_model,0.504304635055896,0.553115811647999,0.528779017618036,0.600924071301133
2021-03-27,6597b611f1c32555,6002c24f0b7f8cc7,0d65c432720accb9,476fe566d2df676e,Michal Oleksiejczuk,Modestas Bukauskas,1,0.640609774129782,Light Heavyweight,mens_light_heavy_plus,0.544240336861317,separate_group_model,0.640609774129782,0.59332272072444,0.568950848966109,0.544240336861317
2021-03-27,6597b611f1c32555,4b3af85b0df51d09,029e1293e609fd74,c730a0be691dc081,Abubakar Nurmagomedov,Jared Gooden,1,0.444048883597322,Welterweight,mens_welter_to_middle,0.490327598846834,separate_group_model,0.444048883597322,0.467117510901546,0.444048883597322,0.490327598846834
2021-03-27,6597b611f1c32555,48292a027df02443,78a68f1dade6aaf7,a495f599e787614f,Fabio Cherant,Alonzo Menifield,0,0.538860946153286,Light Heavyweight,mens_light_heavy_plus,0.595710683189039,separate_group_model,0.538860946153286,0.567508030896983,0.581676100897683,0.595710683189039
2021-03-27,6597b611f1c32555,390694c179f05c7f,78e501478a36a018,af9f42e6894047fc,Khama Worthy,Jamie Mullarkey,0,0.520081877872993,Lightweight,mens_below_welterweight,0.4954540710618,separate_group_model,0.520081877872993,0.507772689967097,0.513929396086942,0.4954540710618
2021-03-27,6597b611f1c32555,8317208cfb030ed3,38c7f72747f4f712,f29a6350c69f4a33,Gillian Robertson,Miranda Maverick,0,0.465679137688689,Women's Flyweight,womens_all,0.513377473788162,separate_group_model,0.465679137688689,0.489504416405653,0.489504416405653,0.513377473788162
2021-03-27,6597b611f1c32555,0aa335dbc4cb3473,2b074403b7c6cdb4,b50a426a33da0012,Thomas Almeida,Sean O'Malley,0,0.271304176811946,Bantamweight,mens_below_welterweight,0.307625916796943,separate_group_model,0.271304176811946,0.289126776741018,0.280128900954476,0.307625916796943
2021-03-27,6597b611f1c32555,39d188fa9b95d550,6d4b63c767106d3a,effd9de9937996f8,Vicente Luque,Tyron Woodley,1,0.620907135917325,Welterweight,mens_welter_to_middle,0.580318390244078,separate_group_model,0.620907135917325,0.60078582180465,0.620907135917325,0.580318390244078
2021-03-27,6597b611f1c32555,b1eff235241e719b,8d03ce87ca14e778,d28dee5c705991df,Francis Ngannou,Stipe Miocic,1,0.624046884992879,Heavyweight,mens_light_heavy_plus,0.710099936669143,separate_group_model,0.624046884992879,0.668479317915812,0.689673293063578,0.710099936669143
2021-04-10,9114c8ded5ccd71d,3209bcfaf95de90b,257b0c8d6f199895,a6c20202c701e5ca,Impa Kasanganay,Sasha Palatnikov,1,0.571079699363497,Welterweight,mens_welter_to_middle,0.588658229256437,separate_group_model,0.571079699363497,0.579894298666518,0.571079699363497,0.588658229256437
2021-04-10,9114c8ded5ccd71d,cd5d9828b278181a,5da33b8fbfa5ee95,74f9448b97bf8bec,William Knight,Da Woon Jung,0,0.40564166255723,Light Heavyweight,mens_light_heavy_plus,0.62796948921495,separate_group_model,0.40564166255723,0.517680559939859,0.573741683154179,0.62796948921495
2021-04-10,9114c8ded5ccd71d,93a1cd50374397c0,12e0fdc606f7e274,ebef46976554f975,Luis Saldana,Jordan Griffin,1,0.544022375734292,Featherweight,mens_below_welterweight,0.580092543686955,separate_group_model,0.544022375734292,0.562139573434292,0.553098602023448,0.580092543686955
2021-04-10,9114c8ded5ccd71d,1fee9eca658d9808,2af2f2e26c4c0402,b8a85389d115e35a,Hunter Azure,Jack Shore,0,0.324622304389161,Bantamweight,mens_below_welterweight,0.295458817417399,separate_group_model,0.324622304389161,0.309851525743816,0.317190877986249,0.295458817417399
2021-04-10,9114c8ded5ccd71d,444f0a732695dc81,1eff7bc0f815b270,8614b7134913f5d5,Yorgan De Castro,Jarjis Danho,0,0.562278830106388,Heavyweight,mens_light_heavy_plus,0.54518804570323,separate_group_model,0.562278830106388,0.553749321301689,0.549472345447761,0.54518804570323
2021-04-10,9114c8ded5ccd71d,7aebf01b5afc0109,c21a036b4e012f1c,e4a47b07044ddd72,John Makdessi,Ignacio Bahamondes,1,0.366211202618185,Lightweight,mens_below_welterweight,0.39759098853396,separate_group_model,0.366211202618185,0.381777797323635,0.373961886772171,0.39759098853396
2021-04-10,9114c8ded5ccd71d,998296216e7171ed,72db2a14ffa73ece,df1eb4354d18a906,Mateusz Gamrot,Scott Holtzman,1,0.59275200285349,Lightweight,mens_below_welterweight,0.657822643414508,separate_group_model,0.59275200285349,0.625856095544345,0.609429997385197,0.657822643414508
2021-04-10,9114c8ded5ccd71d,e27c28928ed4390f,af65aa688d13eedf,d1941565abf50b16,Joe Solecki,Jim Miller,1,0.748908245998329,Lightweight,mens_below_welterweight,0.813331661718843,separate_group_model,0.748908245998329,0.782841336594924,0.766302582483395,0.813331661718843
2021-04-10,9114c8ded5ccd71d,ac9a8b73e58f3d71,8a1f3b5c526cd6e6,f2b6fdb20675b11c,Daniel Rodriguez,Mike Perry,1,0.463203216214677,Welterweight,mens_welter_to_middle,0.506258328793035,separate_group_model,0.463203216214677,0.484702388146883,0.463203216214677,0.506258328793035
2021-04-10,9114c8ded5ccd71d,0992795fd0fa06d0,7447e9f28508106a,d343df8ba11f4c4e,Mackenzie Dern,Nina Nunes,1,0.665032765569147,Women's Strawweight,womens_all,0.516918544034379,separate_group_model,0.665032765569147,0.593089439932048,0.593089439932048,0.516918544034379
2021-04-10,9114c8ded5ccd71d,646eeca9447c6965,d0e1b42d41dab603,d156513a19acf856,Julian Marquez,Sam Alvey,1,0.498751914089458,Middleweight,mens_welter_to_middle,0.385929994758143,separate_group_model,0.498751914089458,0.441587277816731,0.498751914089458,0.385929994758143
2021-04-10,9114c8ded5ccd71d,71b81d8199a0fa19,040a74bb0a465c54,94426bb170c88115,Arnold Allen,Sodiq Yusuff,1,0.522559948066109,Featherweight,mens_below_welterweight,0.528949393640865,separate_group_model,0.522559948066109,0.525755725128676,0.524158083900999,0.528949393640865
2021-04-10,9114c8ded5ccd71d,ddd63237f1b857a6,3a46b268013afede,7acbb0972e75281a,Kevin Holland,Marvin Vettori,0,0.465705703380839,Middleweight,mens_welter_to_middle,0.526034324341787,separate_group_model,0.465705703380839,0.495854926657571,0.465705703380839,0.526034324341787
2021-04-17,4a35913bd9aa4161,24ff385ca78c80d3,601964f9654f911a,c5a126ace82a6025,Tony Gravely,Anthony Birchak,1,0.724670151838823,Bantamweight,mens_below_welterweight,0.816638952898121,separate_group_model,0.724670151838823,0.773948651117456,0.750118624902642,0.816638952898121
2021-04-17,4a35913bd9aa4161,8d634c9240f161dd,3033c1c080672475,d2cd7a69cc55e7ed,Dakota Bush,Austin Hubbard,0,0.460439337540135,Lightweight,mens_below_welterweight,0.477276554141287,separate_group_model,0.460439337540135,0.468849080406928,0.464641695733358,0.477276554141287
2021-04-17,4a35913bd9aa4161,627c0a50cff30405,6ac9bc2953c47345,e17ac6410c8377f4,Gerald Meerschaert,Bartosz Fabinski,1,0.335292309581926,Middleweight,mens_welter_to_middle,0.349210216318448,separate_group_model,0.335292309581926,0.342217319777825,0.335292309581926,0.349210216318448
2021-04-17,4a35913bd9aa4161,25d4376e00b16510,8e5d953bdb9ae5e7,c742287ed86a09bc,Loopy Godinez,Jessica Penne,0,0.739898999952451,Women's Strawweight,womens_all,0.517604966763861,separate_group_model,0.739898999952451,0.635977227932117,0.635977227932117,0.517604966763861
2021-04-17,4a35913bd9aa4161,fdfe4e7cb2d0b665,c0badf3243907e59,ccf5dc41417e9daf,Alexandr Romanov,Juan Espino,1,0.537953398157944,Heavyweight,mens_light_heavy_plus,0.432961188395466,separate_group_model,0.537953398157944,0.485295056553783,0.459015114474633,0.432961188395466
2021-04-17,4a35913bd9aa4161,a33ecd2c88154890,2844b047183a1adb,f8f1ec513bcfef43,Luis Pena,Alexander Munoz,1,0.651413074574202,Lightweight,mens_below_welterweight,0.522312052229143,separate_group_model,0.651413074574202,0.588382306819347,0.620405362110736,0.522312052229143
2021-04-17,4a35913bd9aa4161,0b2c3c4306620d6d,68d4a891e5cf2029,928ae2e5b5f7a9ec,Tracy Cortez,Justine Kish,1,0.805575965995494,Women's Flyweight,womens_all,0.521626006899092,separate_group_model,0.805575965995494,0.680057706587531,0.680057706587531,0.521626006899092
2021-04-17,4a35913bd9aa4161,a850ba762f3c5334,d4270315cbcf2569,eae431e70064e046,Jacob Malkoun,Abdul Razak Alhassan,1,0.535659687856074,Middleweight,mens_welter_to_middle,0.416554486197182,separate_group_model,0.535659687856074,0.475762453689153,0.535659687856074,0.416554486197182
2021-04-17,4a35913bd9aa4161,f2c82f027201ba21,01b352b6a9074d5c,3738e68d2261e60f,Chase Sherman,Andrei Arlovski,0,0.442140731245003,Heavyweight,mens_light_heavy_plus,0.288127875972937,separate_group_model,0.442140731245003,0.361586200204644,0.323772149924772,0.288127875972937
2021-04-17,4a35913bd9aa4161,f67aa0b16e16a9ea,8c0580d4fff106c1,e1147d3d2dabe1ce,Kelvin Gastelum,Robert Whittaker,0,0.334288323683011,Middleweight,mens_welter_to_middle,0.402219222903976,separate_group_model,0.334288323683011,0.367596956253249,0.334288323683011,0.402219222903976
2021-04-24,27541033b97c076d,a3cde349c8e018fb,c0d5c0c95c59050b,ec0dcceace7d25a3,Ariane Carnelossi,Liang Na,1,0.273951412493493,Women's Strawweight,womens_all,0.486034148594619,separate_group_model,0.273951412493493,0.373958447850252,0.373958447850252,0.486034148594619
2021-04-24,27541033b97c076d,b5a8323de18f7e95,008ea710276c9606,7d420039bbfe7c1a,Jeff Molina,Aoriqileng,1,0.556826713492964,Flyweight,mens_below_welterweight,0.58441236242835,separate_group_model,0.556826713492964,0.570674414484126,0.563762993200399,0.58441236242835
2021-04-24,27541033b97c076d,c3b8d8e7d256c307,a13d755965a4ec9f,ec18eb918121787c,Rongzhu,Kazula Vargas,0,0.775335575298153,Lightweight,mens_below_welterweight,0.840099206735114,separate_group_model,0.775335575298153,0.809817881015736,0.793107209988462,0.840099206735114
2021-04-24,27541033b97c076d,eb5d62bda1581c62,0c258d1d8e16e5f1,3b0a516d2921e0d6,Kevin Natividad,Batgerel Danaa,0,0.413106214591805,Bantamweight,mens_below_welterweight,0.431785765618653,separate_group_model,0.413106214591805,0.422418252276118,0.417754903315361,0.431785765618653
2021-04-24,27541033b97c076d,6a7347d1da8a2b87,2ebfbe72ed703925,b8bbdeff718dbb7d,Tristan Connelly,Pat Sabatini,0,0.495162345645346,Featherweight,mens_below_welterweight,0.45746454917989,separate_group_model,0.495162345645346,0.476279661944408,0.485715906560738,0.45746454917989
2021-04-24,27541033b97c076d,f5dd0a24a7dba53c,2f181c0467965b98,37d5b176d438d2a5,Brendan Allen,Karl Roberson,1,0.542665309721944,Middleweight,mens_welter_to_middle,0.573269852225593,separate_group_model,0.542665309721944,0.558022668341915,0.542665309721944,0.573269852225593
2021-04-24,27541033b97c076d,c5dfce1eaa2dc169,348dff4e03bd18c6,8be158ca1e5ea6a0,Stefan Sekulic,Dwight Grant,0,0.56321188451907,Welterweight,mens_welter_to_middle,0.521450434316568,separate_group_model,0.56321188451907,0.54240565053649,0.56321188451907,0.521450434316568
2021-04-24,27541033b97c076d,512af32553d9bd70,57b10fca4f9c9a7a,c6aee362c7a7d482,Alex Oliveira,Randy Brown,0,0.489430836399893,Welterweight,mens_welter_to_middle,0.475168091359553,separate_group_model,0.489430836399893,0.482295857878657,0.489430836399893,0.475168091359553
2021-04-24,27541033b97c076d,00bbcd4a6d647fdf,70e1f8a821b72c8b,d4c9dcd330403612,Jimmy Crute,Anthony Smith,0,0.697096904405244,Light Heavyweight,mens_light_heavy_plus,0.809988604664086,separate_group_model,0.697096904405244,0.757995992674454,0.785132337930764,0.809988604664086
2021-04-24,27541033b97c076d,1820fed0fbcf6294,3a8176e15b9887c1,65578a75fa7900e3,Chris Weidman,Uriah Hall,0,0.715622112345373,Middleweight,mens_welter_to_middle,0.592232923510826,separate_group_model,0.715622112345373,0.656565510667977,0.715622112345373,0.592232923510826
2021-04-24,27541033b97c076d,34d2632fd26e7078,132deb59abae64b1,6a1901c62ab3870f,Valentina Shevchenko,Jessica Andrade,1,0.56188712878285,Women's Flyweight,womens_all,0.508875548774436,separate_group_model,0.56188712878285,0.535481553250331,0.535481553250331,0.508875548774436
2021-04-24,27541033b97c076d,6d8da45352344964,1ebe20ebbfa15e29,47b63240018d5d86,Zhang Weili,Rose Namajunas,0,0.411608927036646,Women's Strawweight,womens_all,0.498564718167873,separate_group_model,0.411608927036646,0.454741806140983,0.454741806140983,0.498564718167873
2021-04-24,27541033b97c076d,6a5eb525331fa1fc,47b9e0e7703a4868,f1b2aa7853d1ed6e,Jorge Masvidal,Kamaru Usman,0,0.156539757656757,Welterweight,mens_welter_to_middle,0.253240215122105,separate_group_model,0.156539757656757,0.200559058494065,0.156539757656757,0.253240215122105
2021-05-01,d57e6a8971b6d2bd,3d790112d2e6d851,96428b9e9bd048ea,dbac0a413af64bbe,Luke Sanders,Felipe Colares,0,0.484444149738372,Featherweight,mens_below_welterweight,0.435906569772166,separate_group_model,0.484444149738372,0.460080712165957,0.472245905871643,0.435906569772166
2021-05-01,d57e6a8971b6d2bd,78dc032441394331,79325a3c1a5c3bf4,9cd047a828dd7515,Andreas Michailidis,KB Bhullar,1,0.614848419620337,Middleweight,mens_welter_to_middle,0.624072469309676,separate_group_model,0.614848419620337,0.619471224882469,0.614848419620337,0.624072469309676
2021-05-01,d57e6a8971b6d2bd,d6b5a6ad27a730ae,4e30e4250cb08b61,e94085e821bd81de,Loma Lookboonmee,Sam Hughes,1,0.680116809657497,Women's Strawweight,womens_all,0.518009106254204,separate_group_model,0.680116809657497,0.60185208614217,0.60185208614217,0.518009106254204
2021-05-01,d57e6a8971b6d2bd,2ef09c8fe29251ac,528b071cf3da7c56,5c126c6aac3ef364,Luana Carolina,Poliana Botelho,1,0.508209587342215,Women's Flyweight,womens_all,0.484759835767411,separate_group_model,0.508209587342215,0.496482777370618,0.496482777370618,0.484759835767411
2021-05-01,d57e6a8971b6d2bd,d72f9b3ac742a9e3,d31cbcdd7d69536d,eee0ef3e2b14816b,TJ Brown,Kai Kamaka,1,0.515729803660342,Featherweight,mens_below_welterweight,0.415300782800583,separate_group_model,0.515729803660342,0.465162223151239,0.490421511473491,0.415300782800583
2021-05-01,d57e6a8971b6d2bd,c9c79de21823d941,4a57ebb14315b251,a3a542074109b347,Randa Markos,Luana Pinheiro,0,0.301715605652292,Women's Strawweight,womens_all,0.50155255712839,separate_group_model,0.301715605652292,0.397362792515919,0.397362792515919,0.50155255712839
2021-05-01,d57e6a8971b6d2bd,26202a4bd36d3fd2,bf7ad5628363eec9,c03520b5c88ed6b4,Cody Stamann,Merab Dvalishvili,0,0.414623932950571,Bantamweight,mens_below_welterweight,0.47675527138276,separate_group_model,0.414623932950571,0.445476602390534,0.429982286901707,0.47675527138276
2021-05-01,d57e6a8971b6d2bd,ffd8e8575a551875,0d8011111be000b2,4e06913c91da5200,Sean Strickland,Krzysztof Jotko,1,0.69193887721159,Middleweight,mens_welter_to_middle,0.581966271211533,separate_group_model,0.69193887721159,0.638768918683585,0.69193887721159,0.581966271211533
2021-05-01,d57e6a8971b6d2bd,2f82e8079ba354f4,9560ff14eb3129f7,d247691a6c0e9034,Giga Chikadze,Cub Swanson,1,0.682988888784942,Featherweight,mens_below_welterweight,0.601760533942459,separate_group_model,0.682988888784942,0.64340505127756,0.663483732837813,0.601760533942459
2021-05-01,d57e6a8971b6d2bd,394802bb096b403e,009341ed974bad72,2e19380f34871c6a,Jiri Prochazka,Dominick Reyes,1,0.407125071889543,Light Heavyweight,mens_light_heavy_plus,0.45841227147977,separate_group_model,0.407125071889543,0.432588079005307,0.445463367764758,0.45841227147977
2021-05-08,58a36b4ccf5dc30e,37fda56a435a9b24,a53d30163304aa6e,ae071698e1a3ccd4,Carlston Harris,Christian Aguilera,1,0.436672097526095,Welterweight,mens_welter_to_middle,0.497057503935619,separate_group_model,0.436672097526095,0.466742995573312,0.436672097526095,0.497057503935619
2021-05-08,58a36b4ccf5dc30e,8a95f0e3f9111f0c,285ae0b4a68221f4,6aae253467e8f9ce,JunYong Park,Tafon Nchukwi,1,0.317366325484603,Middleweight,mens_welter_to_middle,0.366459363164638,separate_group_model,0.317366325484603,0.341488252118225,0.317366325484603,0.366459363164638
2021-05-08,58a36b4ccf5dc30e,4ffbadfb86284af5,5b86d491d63890c5,5bf31a46becc1204,Ludovit Klein,Michael Trizano,0,0.611021058260157,Featherweight,mens_below_welterweight,0.653206089978764,separate_group_model,0.611021058260157,0.632366847536063,0.621752923718357,0.653206089978764
2021-05-08,58a36b4ccf5dc30e,00fbeda449926c13,547afe1017e72dbe,d6c0cdd7e467c440,Phil Hawes,Kyle Daukaus,1,0.444785404159072,Middleweight,mens_welter_to_middle,0.458996672005136,separate_group_model,0.444785404159072,0.451881229180476,0.444785404159072,0.458996672005136
2021-05-08,58a36b4ccf5dc30e,295a0bf12a7373c0,84ff027394f7e470,f53d4f21d1b5f2dc,Gregor Gillespie,Diego Ferreira,1,0.563704659014116,Lightweight,mens_below_welterweight,0.502741906153596,separate_group_model,0.563704659014116,0.533347769833207,0.548571400963721,0.502741906153596
2021-05-08,58a36b4ccf5dc30e,3f71ac21472f994c,068f8a189a47fea6,ab943cd2c3c17825,Maurice Greene,Marcos Rogerio de Lima,0,0.343859016681499,Heavyweight,mens_light_heavy_plus,0.304860287885924,separate_group_model,0.343859016681499,0.324054312476645,0.314377988888081,0.304860287885924
2021-05-08,58a36b4ccf5dc30e,178c4926223dca0c,84b3e7d38f2d2ec5,b997be68943010fc,Neil Magny,Geoff Neal,1,0.557676951670802,Welterweight,mens_welter_to_middle,0.521042099864798,separate_group_model,0.557676951670802,0.539412752385018,0.557676951670802,0.521042099864798
2021-05-08,58a36b4ccf5dc30e,db2c805201a3116e,1d00756835ca67c9,cdb96af67d096b1e,Donald Cerrone,Alex Morono,0,0.585548287883803,Welterweight,mens_welter_to_middle,0.621247119164326,separate_group_model,0.585548287883803,0.603535552803966,0.585548287883803,0.621247119164326
2021-05-08,58a36b4ccf5dc30e,b948102c6205af63,cd2c4d30c6e13b47,eb04b9d31e938edb,Marina Rodriguez,Michelle Waterson-Gomez,1,0.551220941372023,Women's Flyweight,womens_all,0.507027060054853,separate_group_model,0.551220941372023,0.529181188879218,0.529181188879218,0.507027060054853
2021-05-15,744f50016c39c26c,de332779baa1b103,bd5403efbaa445c0,de45aaae23dfa392,Sean Soriano,Christos Giagos,0,0.091418702563399,Lightweight,mens_below_welterweight,0.0625483969985624,separate_group_model,0.091418702563399,0.0757300313173425,0.0832389214371224,0.0625483969985624
2021-05-15,744f50016c39c26c,1f2f27b36e79da74,7832f2f62f04178f,cf946e03ba2e7666,Tucker Lutz,Kevin Aguilar,1,0.57812328042426,Featherweight,mens_below_welterweight,0.606356785162901,separate_group_model,0.57812328042426,0.59231621575981,0.585237432090426,0.606356785162901
2021-05-15,744f50016c39c26c,bfd672cac0726a9a,016a8d958883167c,b1e5bcaad32a3cac,Gina Mazany,Priscila Cachoeira,0,0.765992977841498,Women's Flyweight,womens_all,0.52001133914335,separate_group_model,0.765992977841498,0.653159198922396,0.653159198922396,0.52001133914335
2021-05-15,744f50016c39c26c,2b894d87ad9aae05,05fa626cb33d15b8,d7338bcb141abd2c,Andrea Lee,Antonina Shevchenko,1,0.599861244222741,Women's Flyweight,womens_all,0.491708527017872,separate_group_model,0.599861244222741,0.546331462993526,0.546331462993526,0.491708527017872
2021-05-15,744f50016c39c26c,5573d46130d6b967,830f60497fab345a,c878270af633eb11,Jamie Pickett,Jordan Wright,0,0.503794220968084,Middleweight,mens_welter_to_middle,0.469150550913961,separate_group_model,0.503794220968084,0.486456118871715,0.503794220968084,0.469150550913961
2021-05-15,744f50016c39c26c,be2e28ba3bdeb400,56fcb2c4d99f9d1b,f9b200db02b488d9,Mike Grundy,Lando Vannata,0,0.546975456932852,Featherweight,mens_below_welterweight,0.565213662506898,separate_group_model,0.546975456932852,0.556113462863935,0.551548810627095,0.565213662506898
2021-05-15,744f50016c39c26c,ca22bafab913aae7,7a703c565ccaa18f,886264a0c9f4ea5e,Jacare Souza,Andre Muniz,0,0.477385454378921,Middleweight,mens_welter_to_middle,0.421760086431814,separate_group_model,0.477385454378921,0.449414636585294,0.477385454378921,0.421760086431814
2021-05-15,744f50016c39c26c,6655a8da2655f2d0,64a50dad704d1d49,98d961097baaf308,Edson Barboza,Shane Burgos,1,0.554055740572421,Featherweight,mens_below_welterweight,0.476920312249143,separate_group_model,0.554055740572421,0.515580819900996,0.534870151111684,0.476920312249143
2021-05-15,744f50016c39c26c,8cb4e3f056a84b0d,36541f1e6c5d4955,e872e9a9a902c045,Viviane Araujo,Katlyn Cerminara,0,0.498647364169129,Women's Flyweight,womens_all,0.503700490605288,separate_group_model,0.498647364169129,0.501173957363303,0.501173957363303,0.503700490605288
2021-05-15,744f50016c39c26c,cfbaeb80b5ff7c00,08af939f41b5a57b,22a92d7f62195791,Beneil Dariush,Tony Ferguson,1,0.674857564174655,Lightweight,mens_below_welterweight,0.566404327836589,separate_group_model,0.674857564174655,0.622157776049072,0.6489615379026,0.566404327836589
2021-05-15,744f50016c39c26c,fef29aa73bd5b907,07225ba28ae309b6,4b93a88f3b1de35b,Charles Oliveira,Michael Chandler,1,0.792504057137767,Lightweight,mens_below_welterweight,0.837510990385965,separate_group_model,0.792504057137767,0.81607150759406,0.804556582524952,0.837510990385965
2021-05-22,277ffed20cf07aea,82d48296fd06c27f,029afd138865d20a,135d124172a0bea3,Rafael Alves,Damir Ismagulov,0,0.314306713912429,Lightweight,mens_below_welterweight,0.336947786356327,separate_group_model,0.314306713912429,0.325525419013187,0.319890018482687,0.336947786356327
2021-05-22,277ffed20cf07aea,d44a814b106b94ff,4a043165cf47cab2,9ada30894bf04e19,Juancamilo Ronderos,David Dvorak,0,0.392028605760306,Flyweight,mens_below_welterweight,0.412960163540157,separate_group_model,0.392028605760306,0.402449954621653,0.397227626344095,0.412960163540157
2021-05-22,277ffed20cf07aea,c7cf2194fe5c751f,0a73acff6325c1e2,6751eacd16bd59bc,Shayilan Nuerdanbieke,Josh Culibao,0,0.552367802080914,Featherweight,mens_below_welterweight,0.594072234628727,separate_group_model,0.552367802080914,0.57335039459538,0.562887230477364,0.594072234628727
2021-05-22,277ffed20cf07aea,b381dc272b32ce03,294aa73dbf37d281,f6e5972c9d16c40e,Bruno Silva,Victor Rodriguez,1,0.569087580284983,Flyweight,mens_below_welterweight,0.531933283834932,separate_group_model,0.569087580284983,0.550580977084839,0.559855076653359,0.531933283834932
2021-05-22,277ffed20cf07aea,e624d85a0d718578,523fa774700d7d3f,6f7c616b98e18c29,Court McGee,Claudio Silva,1,0.28082967715541,Welterweight,mens_welter_to_middle,0.387719552629767,separate_group_model,0.28082967715541,0.332116264814699,0.28082967715541,0.387719552629767
2021-05-22,277ffed20cf07aea,3627f5133ce55902,7a5e8c94a86f9895,bd58d34e39b7b12a,Chris Barnett,Ben Rothwell,0,0.546374451239084,Heavyweight,mens_light_heavy_plus,0.580150187123693,separate_group_model,0.546374451239084,0.563335749498108,0.571763684350407,0.580150187123693
2021-05-22,277ffed20cf07aea,7f8340dfe4220c3e,0a1942069c9ad6b6,4144798612ef96e5,Jack Hermansson,Edmen Shahbazyan,1,0.401549629054383,Middleweight,mens_welter_to_middle,0.395593128522623,separate_group_model,0.401549629054383,0.398567625521509,0.401549629054383,0.395593128522623
2021-05-22,277ffed20cf07aea,ae0afbff5ba07a34,1ae8f3c723aacff4,9abc648e76c4493a,Ricardo Ramos,Bill Algeo,1,0.586125729893993,Featherweight,mens_below_welterweight,0.622771567964353,separate_group_model,0.586125729893993,0.604595530746652,0.595394401394835,0.622771567964353
2021-05-22,277ffed20cf07aea,138f719d370e8ba0,39d91e95949de3d9,d3f5d33d61cd00c9,Felicia Spencer,Norma Dumont,0,0.486928376094659,Women's Featherweight,womens_all,0.511606346537858,separate_group_model,0.486928376094659,0.49926691486482,0.49926691486482,0.511606346537858
2021-05-22,277ffed20cf07aea,559c0c3d752f327a,2b68d9f125d07b42,e13abac8089a801a,Jared Vanderaa,Justin Tafa,1,0.345493271554603,Heavyweight,mens_light_heavy_plus,0.519518636204558,separate_group_model,0.345493271554603,0.430356392958678,0.474736159461908,0.519518636204558
2021-05-22,277ffed20cf07aea,16369fa06392f6a0,c41d426cc7326d1b,d910665038efc639,Yan Xiaonan,Carla Esparza,0,0.507623767859205,Women's Strawweight,womens_all,0.503794499795006,separate_group_model,0.507623767859205,0.505709217553957,0.505709217553957,0.503794499795006
2021-05-22,277ffed20cf07aea,d16f7ab4e28171ea,05339613bf8e9808,d8c7c61b176e3994,Rob Font,Cody Garbrandt,1,0.584667690115446,Bantamweight,mens_below_welterweight,0.61883703254163,separate_group_model,0.584667690115446,0.60187645194222,0.593300697713514,0.61883703254163
2021-06-05,3b2485c8d5c8b580,58c5d506181812fa,ac026518a9b4dc0f,d747eb273a40a920,Jordan Leavitt,Claudio Puelles,0,0.621069792017572,Lightweight,mens_below_welterweight,0.676686320328209,separate_group_model,0.621069792017572,0.649385255180408,0.635344610044431,0.676686320328209
2021-06-05,3b2485c8d5c8b580,73a83b2595416f0a,4682bc59d5f55145,52c2ae6d2f2d2613,Sean Woodson,Youssef Zalal,1,0.357697693453975,Featherweight,mens_below_welterweight,0.378073753224069,separate_group_model,0.357697693453975,0.367826726317007,0.362746980645138,0.378073753224069
2021-06-05,3b2485c8d5c8b580,419d1e29668b57fb,34ff304266360297,d25240135aee03e5,Manon Fiorot,Tabatha Ricci,1,0.663341014197974,Women's Flyweight,womens_all,0.520953139793139,separate_group_model,0.663341014197974,0.594123958962521,0.594123958962521,0.520953139793139
2021-06-05,3b2485c8d5c8b580,827aacd14f80e8f3,87a1dc546b1c5caf,c7d7fda69ec410d3,Makwan Amirkhani,Kamuela Kirk,0,0.454365143449431,Featherweight,mens_below_welterweight,0.423373132703011,separate_group_model,0.454365143449431,0.438809471522233,0.446574230306395,0.423373132703011
2021-06-05,3b2485c8d5c8b580,23b943e9ce495f0b,447f9858ae78f921,a8283a4f415e1eb9,Muslim Salikhov,Francisco Trinaldo,1,0.640865122138102,Welterweight,mens_welter_to_middle,0.562798188408748,separate_group_model,0.640865122138102,0.602483443501067,0.640865122138102,0.562798188408748
2021-06-05,3b2485c8d5c8b580,0716a38768a34789,04c8b08b16a5b99e,e9a3aeb207578eea,Tanner Boser,Ilir Latifi,0,0.694233208720856,Heavyweight,mens_light_heavy_plus,0.666614743099662,separate_group_model,0.694233208720856,0.680582362246698,0.673637072756833,0.666614743099662
2021-06-05,3b2485c8d5c8b580,1a50d5c7e1e5c058,6551c64fbcd1a467,80d8aed0ca9b00f3,Ariane da Silva,Montana De La Rosa,0,0.283013262292032,Women's Flyweight,womens_all,0.478788326845311,separate_group_model,0.283013262292032,0.37584295783461,0.37584295783461,0.478788326845311
2021-06-05,3b2485c8d5c8b580,9252ad2304fd9a26,866fd7b1a6c90e7f,d1c65d2cf2925ddd,Dusko Todorovic,Gregory Rodrigues,0,0.547652596757746,Middleweight,mens_welter_to_middle,0.511297036376709,separate_group_model,0.547652596757746,0.529513962175114,0.547652596757746,0.511297036376709
2021-06-05,3b2485c8d5c8b580,5c0e5d850d8e661f,6d1bffff14897645,82d4c957649faf9b,Santiago Ponzinibbio,Miguel Baeza,1,0.373585635555586,Welterweight,mens_welter_to_middle,0.35992768933985,separate_group_model,0.373585635555586,0.366729901496249,0.373585635555586,0.35992768933985
2021-06-05,3b2485c8d5c8b580,bb6438338bb8aebf,327d5f279895110d,a12a8314adc1c1c9,Roman Dolidze,Laureano Staropoli,1,0.574427506523048,Middleweight,mens_welter_to_middle,0.608299859998306,separate_group_model,0.574427506523048,0.591472262399417,0.574427506523047,0.608299859998306
2021-06-05,3b2485c8d5c8b580,f187c7ec92f43828,03f982ca3735070c,c9cf753cfdf77fc2,Walt Harris,Marcin Tybura,0,0.179632935629715,Heavyweight,mens_light_heavy_plus,0.226067597709236,separate_group_model,0.179632935629715,0.201854557160886,0.213711475364224,0.226067597709236
2021-06-05,3b2485c8d5c8b580,2c0cddd12deb7450,2cd428e9606856fd,441eacbe20e0e80b,Jairzinho Rozenstruik,Augusto Sakai,1,0.644830626309512,Heavyweight,mens_light_heavy_plus,0.717295559036074,separate_group_model,0.644830626309512,0.682165057806691,0.700024120877487,0.717295559036074
2021-06-12,0b64d0fed453ef7f,1b4d5dbf5f663a97,92fa1401b7927da3,a2ea77e974c5889f,Jake Collier,Carlos Felipe,0,0.397722621439332,Heavyweight,mens_light_heavy_plus,0.519732398182793,separate_group_model,0.397722621439332,0.458099416823302,0.488873621711376,0.519732398182793
2021-06-12,0b64d0fed453ef7f,dedb74ee9d84deab,1e4f273069fb9e85,2f1a257d6777096d,Fares Ziam,Luigi Vendramini,1,0.51664984031982,Lightweight,mens_below_welterweight,0.471903711732817,separate_group_model,0.51664984031982,0.494265292395244,0.505460302666559,0.471903711732817
2021-06-12,0b64d0fed453ef7f,84cde29aebf6c00c,971246648e162f0d,b93c06d09d1c4ac0,Chase Hooper,Steven Peterson,0,0.680050384956188,Featherweight,mens_below_welterweight,0.746242771558403,separate_group_model,0.680050384956188,0.71429539364432,0.697447148652873,0.746242771558403
2021-06-12,0b64d0fed453ef7f,d4ad90ac58429b64,809bd1a871491508,dccb63727f2f5f74,Terrance McKinney,Matt Frevola,1,0.591149857081092,Lightweight,mens_below_welterweight,0.575539387585332,separate_group_model,0.591149857081092,0.58336551814819,0.587263141518469,0.575539387585332
2021-06-12,0b64d0fed453ef7f,34d38d77c1d3f00e,4c2d90e335e6df19,91dac5e69e28d5b5,Alexis Davis,Pannie Kianzad,0,0.291396331570395,Women's Bantamweight,womens_all,0.494071826396973,separate_group_model,0.291396331570395,0.387896476071803,0.387896476071803,0.494071826396973
2021-06-12,0b64d0fed453ef7f,d66164d2c770da68,2c9d00968f818270,76e2870ffafbe38f,Hakeem Dawodu,Movsar Evloev,0,0.368776977605326,Featherweight,mens_below_welterweight,0.344005157075889,separate_group_model,0.368776977605326,0.356294949245923,0.362512790981841,0.344005157075889
2021-06-12,0b64d0fed453ef7f,34cb6e9952cd30a4,12f91bfa8f1f723b,729d4bd5a6cd0a97,Joanne Wood,Lauren Murphy,0,0.445006148678958,Women's Flyweight,womens_all,0.496147968107148,separate_group_model,0.445006148678958,0.470499631780633,0.470499631780633,0.496147968107148
2021-06-12,0b64d0fed453ef7f,9127a6430e46292c,a17ad5a5048e8c3f,cad24459b28592ca,Darren Stewart,Eryk Anders,0,0.594601700916052,Light Heavyweight,mens_light_heavy_plus,0.598578380682704,separate_group_model,0.594601700916052,0.596591627512427,0.597585404538927,0.598578380682704
2021-06-12,0b64d0fed453ef7f,7d2051c6bae907cb,37ed1ab2f8b819f4,519e4fe37ce9ff75,Brad Riddell,Drew Dober,1,0.572051132127897,Lightweight,mens_below_welterweight,0.586760513253063,separate_group_model,0.572051132127897,0.579423451945185,0.575741505348558,0.586760513253063
2021-06-12,0b64d0fed453ef7f,4560734220b96851,5444c5a201d3ee5a,eabf206b162b3b83,Jamahal Hill,Paul Craig,0,0.566003639787758,Light Heavyweight,mens_light_heavy_plus,0.510529986276922,separate_group_model,0.566003639787758,0.53838563631413,0.524476849383072,0.510529986276922
2021-06-12,0b64d0fed453ef7f,43dfb2c1e5fecac9,427b5953ac8e3a27,b1b0729d27936f2f,Demian Maia,Belal Muhammad,0,0.341444089839766,Welterweight,mens_welter_to_middle,0.455030288546823,separate_group_model,0.341444089839766,0.396848011333163,0.341444089839766,0.455030288546823
2021-06-12,0b64d0fed453ef7f,b070b8c2c489d838,8355922d564b152c,f1fac969a1d70b08,Nate Diaz,Leon Edwards,0,0.204475249014536,Welterweight,mens_welter_to_middle,0.332889693674565,separate_group_model,0.204475249014536,0.263695325886514,0.204475249014536,0.332889693674565
2021-06-12,0b64d0fed453ef7f,0f51869f98afa6c0,792be9a24df82ed6,aa72b0f831d0bfe5,Brandon Moreno,Deiveson Figueiredo,1,0.369108493449053,Flyweight,mens_below_welterweight,0.304162254947881,separate_group_model,0.369108493449053,0.335859846608294,0.352305310105504,0.304162254947881
2021-06-12,0b64d0fed453ef7f,6cd44e1b2d093ea4,1338e2c7480bdf9e,7acbb0972e75281a,Israel Adesanya,Marvin Vettori,1,0.657193849611452,Middleweight,mens_welter_to_middle,0.657879843185949,separate_group_model,0.657193849611452,0.657536928704144,0.657193849611452,0.657879843185949
2021-06-19,9ddfb3369a3b0394,d684d8b02ab53031,04835018f90b118c,e99821959a840bb8,Casey O'Neill,Lara Procopio,1,0.654692141591117,Women's Flyweight,womens_all,0.517110063834356,separate_group_model,0.654692141591117,0.587610947611129,0.587610947611129,0.517110063834356
2021-06-19,9ddfb3369a3b0394,1e9f081a84e7ec18,814ff3018127e8fc,ae7fe94f117f98cf,Ricky Glenn,Joaquim Silva,1,0.593579169449488,Lightweight,mens_below_welterweight,0.536167953529495,separate_group_model,0.593579169449488,0.565091793287392,0.579401583796142,0.536167953529495
2021-06-19,9ddfb3369a3b0394,e8fd128286788a6d,2c5a0b8317f8f27a,b5da8f7d05e85a55,Roque Martinez,Josh Parisian,0,0.394736450640945,Heavyweight,mens_light_heavy_plus,0.44828045763831,separate_group_model,0.394736450640945,0.421277038761785,0.434730330102412,0.44828045763831
2021-06-19,9ddfb3369a3b0394,87c8e086c29ae543,2558ae2e5671e318,4aa58269d0664b5b,Khaos Williams,Matthew Semelsberger,1,0.571862436010506,Welterweight,mens_welter_to_middle,0.551563928016993,separate_group_model,0.571862436010506,0.561739013995162,0.571862436010506,0.551563928016993
2021-06-19,9ddfb3369a3b0394,53ed3f8f653b37b2,7dda2cf308f24a02,e0b0cf71e0d69dd0,Virna Jandiroba,Kanako Murata,1,0.510925489321644,Women's Strawweight,womens_all,0.506380740823624,separate_group_model,0.510925489321644,0.508653293857708,0.508653293857708,0.506380740823624
2021-06-19,9ddfb3369a3b0394,744627aec853874e,8c57c7b8c3bab0eb,c2a670b22d2e196f,Nicolae Negumereanu,Aleksa Camur,1,0.271894728644157,Light Heavyweight,mens_light_heavy_plus,0.345954685288529,separate_group_model,0.271894728644157,0.307688145023423,0.326532710421176,0.345954685288529
2021-06-19,9ddfb3369a3b0394,2bdf774dc8b17504,31123249b0bbf52e,e9213f53ddeca978,Matt Brown,Dhiego Lima,1,0.434950815588981,Welterweight,mens_welter_to_middle,0.438620898235917,separate_group_model,0.434950815588981,0.436784991606132,0.434950815588981,0.438620898235917
2021-06-19,9ddfb3369a3b0394,bb1ac382e0277b3f,12ebd7d157e91701,4dcfb28c011c11b2,Bruno Silva,Wellington Turman,1,0.454690246188288,Middleweight,mens_welter_to_middle,0.473585639419879,separate_group_model,0.454690246188288,0.464125067909216,0.454690246188288,0.473585639419879
2021-06-19,9ddfb3369a3b0394,d3c0dfa57950aefd,902ec2cc48c8ae8a,a68575214ecad140,Julian Erosa,SeungWoo Choi,0,0.384190878358496,Featherweight,mens_below_welterweight,0.418664064926439,separate_group_model,0.384190878358496,0.401305433951433,0.392715215454389,0.418664064926439
2021-06-19,9ddfb3369a3b0394,a83ebbf013905949,113df4fde64735c6,7c7332319c14094c,Davey Grant,Marlon Vera,0,0.277123349993377,Bantamweight,mens_below_welterweight,0.237187499835124,separate_group_model,0.277123349993377,0.256647160912171,0.26676028454969,0.237187499835124
2021-06-19,9ddfb3369a3b0394,6fd9a013cea5a403,98c23cb6da5b3352,e2f6b2769aaedd6c,Aleksei Oleinik,Serghei Spivac,0,0.159455665805551,Heavyweight,mens_light_heavy_plus,0.352227488760955,separate_group_model,0.159455665805551,0.243097278919277,0.29473069312607,0.352227488760955
2021-06-19,9ddfb3369a3b0394,50cae63d530ede7c,82a5152216251682,c451d67c09c55418,Dan Ige,Chan Sung Jung,0,0.557189819026684,Featherweight,mens_below_welterweight,0.520881782377005,separate_group_model,0.557189819026684,0.539087645331634,0.548154659602311,0.520881782377005
2021-06-26,a1d6b308781aa2f5,23c7c6ceee34585f,38c626ca912c7bac,813550bc53b15fb0,Damir Hadzovic,Yancy Medeiros,1,0.625072741886452,Lightweight,mens_below_welterweight,0.601985160335578,separate_group_model,0.625072741886452,0.613592793469468,0.619349446846845,0.601985160335578
2021-06-26,a1d6b308781aa2f5,5357dab4d331eb18,304a21d0595e1a08,40093d1d2d78394e,Justin Jaynes,Charles Rosa,0,0.547330047771864,Featherweight,mens_below_welterweight,0.540546083446222,separate_group_model,0.547330047771864,0.543940103566319,0.54563560450615,0.540546083446222
2021-06-26,a1d6b308781aa2f5,0eac7075bf3d7ab7,86d9dbe1bfcbade7,a78a87d8c2bbb1cb,Julia Avila,Julija Stoliarenko,1,0.544109774813452,Women's Bantamweight,womens_all,0.519757500528298,separate_group_model,0.544109774813452,0.531952664320147,0.531952664320147,0.519757500528298
2021-06-26,a1d6b308781aa2f5,d988760df61f027c,6370c1c1e12723d5,f9d0cae37dabfafc,Marcin Prachnio,Ike Villanueva,1,0.67907471316047,Light Heavyweight,mens_light_heavy_plus,0.67476667330321,separate_group_model,0.67907471316047,0.67692444677718,0.67584649434011,0.67476667330321
2021-06-26,a1d6b308781aa2f5,81de3929330076d2,d317a5e2b3f88c5f,d66a46de8d705353,Warlley Alves,Jeremiah Wells,0,0.704022435175614,Welterweight,mens_welter_to_middle,0.602503750723544,separate_group_model,0.704022435175614,0.655028621657039,0.704022435175614,0.602503750723544
2021-06-26,a1d6b308781aa2f5,086c2a0cae0835c4,01afe0916a40c7c5,e51fcd9cd84c0b93,Shavkat Rakhmonov,Michel Prazeres,1,0.741266002083245,Welterweight,mens_welter_to_middle,0.67466324292113,separate_group_model,0.741266002083245,0.709087406108503,0.741266002083245,0.67466324292113
2021-06-26,a1d6b308781aa2f5,85099c6378ff87c5,687c15b2eddfaa63,8667caa0451d245b,Danilo Marques,Kennedy Nzechukwu,0,0.553114032515617,Light Heavyweight,mens_light_heavy_plus,0.511977657952902,separate_group_model,0.553114032515617,0.532601248247507,0.522298956464471,0.511977657952902
2021-06-26,a1d6b308781aa2f5,4341ebb5a56e6943,4c88a1db5a46c6a4,b6452706b373eea1,Jai Herbert,Renato Moicano,0,0.397650675143538,Lightweight,mens_below_welterweight,0.397891013713879,separate_group_model,0.397650675143538,0.397770838266065,0.397710755163314,0.397891013713879
2021-06-26,a1d6b308781aa2f5,c9283da5f4d7aaf4,4b47e71384a9522f,9d19d9e4aa2662e8,Tim Means,Nicolas Dalby,1,0.673516675341173,Welterweight,mens_welter_to_middle,0.635132385255114,separate_group_model,0.673516675341173,0.654576299606679,0.673516675341173,0.635132385255114
2021-06-26,a1d6b308781aa2f5,ce0fda34122f3d48,45e738622ea2c02c,b9f28e7045fdfce7,Timur Valiev,Raoni Barcelos,1,0.380390451371349,Bantamweight,mens_below_welterweight,0.337450305960183,separate_group_model,0.380390451371349,0.358637130096592,0.369447494898255,0.337450305960183
2021-06-26,a1d6b308781aa2f5,d40eae4425092219,04c8b08b16a5b99e,50db8711c70196cd,Tanner Boser,Ovince Saint Preux,1,0.610235244622585,Heavyweight,mens_light_heavy_plus,0.627391965823683,separate_group_model,0.610235244622585,0.618850683636928,0.623130887444091,0.627391965823683
2021-06-26,a1d6b308781aa2f5,78afed76d0e9a639,279566840aa55bf2,787bb1f087ccff8a,Alexander Volkov,Ciryl Gane,0,0.399648886275288,Heavyweight,mens_light_heavy_plus,0.520660563408386,separate_group_model,0.399648886275288,0.459558667058322,0.490072537066599,0.520660563408386
2021-07-10,8a0be41c0380188d,ac0a1d87e9ff4085,55fa6ce3e522c8bb,c9587d81e1d33925,Zhalgas Zhumagulov,Jerome Rivera,1,0.589640273582091,Flyweight,mens_below_welterweight,0.690984080858997,separate_group_model,0.589640273582091,0.641895630018797,0.616102998705375,0.690984080858997
2021-07-10,8a0be41c0380188d,1aba46988c9b58f9,0c6d9ea8306c029e,16690d100f995f8f,Brad Tavares,Omari Akhmedov,1,0.350382694526098,Middleweight,mens_welter_to_middle,0.377880558131058,separate_group_model,0.350382694526098,0.364020603140273,0.350382694526098,0.377880558131058
2021-07-10,8a0be41c0380188d,5d5bf07dbfada0e3,8e1f36476ef02a6a,f72465a784c1b084,Jennifer Maia,Jessica Eye,1,0.648328255065526,Women's Flyweight,womens_all,0.509905640507302,separate_group_model,0.648328255065526,0.580703828527758,0.580703828527758,0.509905640507302
2021-07-10,8a0be41c0380188d,858feabaf429a963,0d7b51c9d2649a6e,b27a1fcb56a3035a,Dricus Du Plessis,Trevin Giles,1,0.442344530836726,Middleweight,mens_welter_to_middle,0.508338486039035,separate_group_model,0.442344530836726,0.475233380667024,0.442344530836726,0.508338486039035
2021-07-10,8a0be41c0380188d,07468b6347ac5e3d,54f64b5e283b0ce7,8866c6f509c19089,Ilia Topuria,Ryan Hall,1,0.746935810456633,Featherweight,mens_below_welterweight,0.827637267362848,separate_group_model,0.746935810456633,0.790121003476305,0.769234800383066,0.827637267362848
2021-07-10,8a0be41c0380188d,96bbb6c573dac27a,595db60957de51d3,d8da10db80131bec,Michel Pereira,Niko Price,1,0.696258755845349,Welterweight,mens_welter_to_middle,0.669402965544063,separate_group_model,0.696258755845349,0.682983223498848,0.696258755845349,0.669402965544063
2021-07-10,8a0be41c0380188d,7070abfa26c079b8,b0d6a1d8ac3d563d,f9f07bb5a43535ed,Max Griffin,Carlos Condit,1,0.584997224606694,Welterweight,mens_welter_to_middle,0.589579202572751,separate_group_model,0.584997224606694,0.587290103813189,0.584997224606694,0.589579202572751
2021-07-10,8a0be41c0380188d,dbcc5b5d568efa8b,9c27f3217891f3f0,b50a426a33da0012,Kris Moutinho,Sean O'Malley,0,0.216484175089743,Bantamweight,mens_below_welterweight,0.224685234606471,separate_group_model,0.216484175089743,0.220557374349155,0.218513937760977,0.224685234606471
2021-07-10,8a0be41c0380188d,3740c8033e31c90d,3143bf892608139a,578ef12674df1e6a,Yana Santos,Irene Aldana,0,0.574574584065165,Women's Bantamweight,womens_all,0.498607940308922,separate_group_model,0.574574584065165,0.536804810579958,0.536804810579958,0.498607940308922
2021-07-10,8a0be41c0380188d,53b480b44b0b51f1,85073dbd1be65ed9,c62fbc117d57b943,Greg Hardy,Tai Tuivasa,0,0.618957569507595,Heavyweight,mens_light_heavy_plus,0.652730021048117,separate_group_model,0.618957569507595,0.636011306816336,0.644414702773036,0.652730021048117
2021-07-10,8a0be41c0380188d,8245791a3d3403c6,23024fdfc966410a,4a28cb716c19157a,Gilbert Burns,Stephen Thompson,1,0.560941505680435,Welterweight,mens_welter_to_middle,0.591797052519313,separate_group_model,0.560941505680435,0.576443798717095,0.560941505680435,0.591797052519313
2021-07-10,8a0be41c0380188d,7d0ce28ce8a77eb1,029eaff01e6bb8f0,f4c49976c75c5ab2,Dustin Poirier,Conor McGregor,1,0.634587680591136,Lightweight,mens_below_welterweight,0.737505987476424,separate_group_model,0.634587680591136,0.688367345075137,0.662000817615438,0.737505987476424
2021-07-17,40389d39a92f5bfa,49876b12d440af40,cdadae5363b66eef,dee294e9717012c2,Francisco Figueiredo,Malcolm Gordon,0,0.734135607578079,Flyweight,mens_below_welterweight,0.75783810345121,separate_group_model,0.734135607578079,0.746169361750105,0.740197701053163,0.75783810345121
2021-07-17,40389d39a92f5bfa,93d5452726f5f364,2f6a993c7f547c13,b4537562f88ac582,Sergey Morozov,Khalid Taha,1,0.438491508017525,Bantamweight,mens_below_welterweight,0.466201225596397,separate_group_model,0.438491508017525,0.452309412685157,0.445389907540552,0.466201225596397
2021-07-17,40389d39a92f5bfa,c5e71fbf22f669f7,1235b31de15d0c6e,3df5493bb279226f,Montserrat Conejo Ruiz,Amanda Lemos,0,0.452470506759266,Women's Strawweight,womens_all,0.47632473947965,separate_group_model,0.452470506759266,0.464377249549095,0.464377249549095,0.47632473947965
2021-07-17,40389d39a92f5bfa,8151659b2bc16f0e,8a1f3b5c526cd6e6,9fe7af8b3fbe00a0,Daniel Rodriguez,Preston Parsons,1,0.586203978183477,Welterweight,mens_welter_to_middle,0.572916551665512,separate_group_model,0.586203978183477,0.579574679317051,0.586203978183477,0.572916551665512
2021-07-17,40389d39a92f5bfa,940701effe1d2b6c,436f970c9ea9169c,aa171d55d4b5208f,Gabriel Benitez,Billy Quarantillo,0,0.433000014889478,Featherweight,mens_below_welterweight,0.460292205792806,separate_group_model,0.433000014889478,0.446605880577002,0.439791638024399,0.460292205792806
2021-07-17,40389d39a92f5bfa,813444e109995c97,260e9e0d4954aea6,71505842fb6455c3,Rodolfo Vieira,Dustin Stoltzfus,1,0.593253227110019,Middleweight,mens_welter_to_middle,0.546912248592279,separate_group_model,0.593253227110019,0.570236599442187,0.593253227110019,0.546912248592279
2021-07-17,40389d39a92f5bfa,72105dd82d964e7a,18968f97ad34f15c,72db2a14ffa73ece,Jeremy Stephens,Mateusz Gamrot,0,0.192012269308726,Lightweight,mens_below_welterweight,0.144052844248051,separate_group_model,0.192012269308726,0.16665693007385,0.17898376077629,0.144052844248051
2021-07-17,40389d39a92f5bfa,f0b83b05f3dd9580,b96619b3acd7d9da,c7d297714d9ab1a4,Miesha Tate,Marion Reneau,1,0.710583778174974,Women's Bantamweight,womens_all,0.501369338000377,separate_group_model,0.710583778174974,0.611078802380883,0.611078802380883,0.501369338000377
2021-07-17,40389d39a92f5bfa,7d4c160dab6eae73,275aca31f61ba28c,d945aae53e3e54e6,Islam Makhachev,Thiago Moises,1,0.717986214797749,Lightweight,mens_below_welterweight,0.667441439528231,separate_group_model,0.717986214797749,0.693294113739192,0.705791202191756,0.667441439528231
2021-07-24,e57f0b06ea39e360,40ce202eaa78860c,26e3f3928b1891d9,d7e40dca3ae125be,Hannah Goldy,Diana Belbita,0,0.40180067149885,Women's Strawweight,womens_all,0.494779307645815,separate_group_model,0.40180067149885,0.447834094821626,0.447834094821626,0.494779307645815
2021-07-24,e57f0b06ea39e360,c13474b85d3ced32,4234f0097c83fa62,ac7c765882f2c68c,Sijara Eubanks,Elise Reed,1,0.543132794911401,Women's Flyweight,womens_all,0.514135240147263,separate_group_model,0.543132794911401,0.528658194364524,0.528658194364524,0.514135240147263
2021-07-24,e57f0b06ea39e360,cade0268dec56f3d,1291edf2d566a71a,5f6f049d54728e88,Julio Arce,Andre Ewell,1,0.575283273485752,Bantamweight,mens_below_welterweight,0.600927887231127,separate_group_model,0.575283273485752,0.588165421361497,0.581738284262936,0.600927887231127
2021-07-24,e57f0b06ea39e360,1be65a0d2c1383f6,9e50097a89442158,e26bd53b751d61d9,Mickey Gall,Jordan Williams,1,0.404552670839347,Welterweight,mens_welter_to_middle,0.3898123593137,separate_group_model,0.404552670839347,0.397159183330581,0.404552670839347,0.3898123593137
2021-07-24,e57f0b06ea39e360,dff1dbb8fe1f31cb,2e585c701f72fe55,881bf86d4cba8578,Ian Heinisch,Nassourdine Imavov,0,0.516719494306227,Middleweight,mens_welter_to_middle,0.476110148054341,separate_group_model,0.516719494306227,0.496408898721924,0.516719494306227,0.476110148054341
2021-07-24,e57f0b06ea39e360,4911094a4ee26868,2f181c0467965b98,64facb6cc564262d,Brendan Allen,Punahele Soriano,1,0.508911088526867,Middleweight,mens_welter_to_middle,0.49428399110381,separate_group_model,0.508911088526867,0.501597881688779,0.508911088526867,0.49428399110381
2021-07-24,e57f0b06ea39e360,43c391b251337c9b,0232cabbc30a2372,325ad0dd9126d3df,Adrian Yanez,Randy Costa,1,0.583518858949835,Bantamweight,mens_below_welterweight,0.620151544773255,separate_group_model,0.583518858949835,0.601977982675282,0.592781161987333,0.620151544773255
2021-07-24,e57f0b06ea39e360,7c3ad06a520b8716,6a740daf1b279661,f29a6350c69f4a33,Maycee Barber,Miranda Maverick,1,0.403511846958136,Women's Flyweight,womens_all,0.500217087419011,separate_group_model,0.403511846958136,0.451405726039901,0.451405726039901,0.500217087419011
2021-07-24,e57f0b06ea39e360,1bde9cb65d31cc76,34e516ab361afb1c,92a9aa9c93192871,Darrick Minner,Darren Elkins,0,0.65984326190553,Featherweight,mens_below_welterweight,0.669650746466296,separate_group_model,0.65984326190553,0.664764782735059,0.66230841670232,0.669650746466296
2021-07-24,e57f0b06ea39e360,4bb77b1d8efc53a9,60425d07ef4b91a7,82b4e942781b1046,Kyler Phillips,Raulian Paiva,0,0.652067365797059,Bantamweight,mens_below_welterweight,0.671830223705574,separate_group_model,0.652067365797059,0.662019495191465,0.657060689332404,0.671830223705574
2021-07-24,e57f0b06ea39e360,214b268e4a92f950,65f09bacd3957381,c849740a3ff51931,Cory Sandhagen,TJ Dillashaw,0,0.609619065790941,Bantamweight,mens_below_welterweight,0.644613491460807,separate_group_model,0.609619065790941,0.627282936479243,0.618490170543356,0.644613491460807
2021-07-31,320edfb0332b7073,fb9095887dca34c7,2c010b26a3306969,8e382b585a92affe,Orion Cosce,Phil Rowe,0,0.583893035481637,Welterweight,mens_welter_to_middle,0.510922330119165,separate_group_model,0.583893035481637,0.547663794209923,0.583893035481637,0.510922330119165
2021-07-31,320edfb0332b7073,1978b44503c3d9ff,20999e27ddd94bda,79cb2a690b9ba5e8,Ryan Benoit,Zarrukh Adashev,0,0.51432981003272,Flyweight,mens_below_welterweight,0.442709316939364,separate_group_model,0.51432981003272,0.478408604683571,0.496364516125663,0.442709316939364
2021-07-31,320edfb0332b7073,96c51bc6316a4b47,b4c6c904a9ffc5e8,d05cb1e8d1b885d8,Ashley Yoder,Jinh Yu Frey,0,0.471479139640055,Women's Strawweight,womens_all,0.505426927604933,separate_group_model,0.471479139640055,0.488439703815088,0.488439703815088,0.505426927604933
2021-07-31,320edfb0332b7073,12ceec9431fb0827,e132d47bd9efbbe0,feaf00f3373435d6,Rafa Garcia,Chris Gruetzemacher,0,0.681939025752528,Lightweight,mens_below_welterweight,0.781689278417966,separate_group_model,0.681939025752528,0.734800671760836,0.709077380582459,0.781689278417966
2021-07-31,320edfb0332b7073,9eef9b7967991296,5f3805dda9661cba,a331233f597090a5,Jason Witt,Bryan Barberena,1,0.378545027155392,Welterweight,mens_welter_to_middle,0.425372445802301,separate_group_model,0.378545027155392,0.40173462296505,0.378545027155392,0.425372445802301
2021-07-31,320edfb0332b7073,6671b567c4eb9982,047a91d3d9c79b05,a52bc1e62cf0b7c6,Collin Anglin,Melsik Baghdasaryan,0,0.524973385081749,Featherweight,mens_below_welterweight,0.526338871349,separate_group_model,0.524973385081749,0.525656176178954,0.525314792462531,0.526338871349
2021-07-31,320edfb0332b7073,e3ecb94228c2739f,62f7097c04311193,c730a0be691dc081,Niklas Stolze,Jared Gooden,0,0.60023829424263,Welterweight,mens_welter_to_middle,0.529797480222828,separate_group_model,0.60023829424263,0.565347742660334,0.60023829424263,0.529797480222828
2021-07-31,320edfb0332b7073,b4622ca7cf0e8506,4959f10a62f3fec3,5dd180c8b3196786,Cheyanne Vlismas,Gloria de Paula,1,0.41067482210886,Women's Strawweight,womens_all,0.497199908933381,separate_group_model,0.41067482210886,0.453586892464793,0.453586892464793,0.497199908933381
2021-07-31,320edfb0332b7073,8522bc62e8d942ab,0d8011111be000b2,65578a75fa7900e3,Sean Strickland,Uriah Hall,1,0.722734540860844,Middleweight,mens_welter_to_middle,0.630659246552038,separate_group_model,0.722734540860844,0.678427875367169,0.722734540860844,0.630659246552038
2021-08-07,972197a8c61ac413,af9927b5589e708b,f0fad0e9f3b65752,f6bcbd91b114ff58,Jamey Simmons,Johnny Munoz,0,0.519468357055374,Bantamweight,mens_below_welterweight,0.560933072593629,separate_group_model,0.519468357055374,0.540270403919902,0.529882357667491,0.560933072593629
2021-08-07,972197a8c61ac413,cce232c1b1b2e4a0,9dedfdd91070ddd8,a4a80dd7336ffd59,Victoria Leonardo,Melissa Gatto,0,0.273427255287035,Women's Flyweight,womens_all,0.489635361699612,separate_group_model,0.273427255287035,0.375338000972287,0.375338000972287,0.489635361699612
2021-08-07,972197a8c61ac413,9a678f346946b6a4,46e0d677f91bacc0,bbc9ab95fa766493,Miles Johns,Anderson Dos Santos,1,0.723973035373884,Bantamweight,mens_below_welterweight,0.714012990613558,separate_group_model,0.723973035373884,0.719019898426373,0.721503228026587,0.714012990613558
2021-08-07,972197a8c61ac413,85c5dd604d5b3634,5d1b7e3dd9e11074,6d68c1afe954f121,Manel Kape,Ode Osbourne,1,0.561506339700158,Flyweight,mens_below_welterweight,0.690776148045121,separate_group_model,0.561506339700158,0.628436225961212,0.595414779053012,0.690776148045121
2021-08-07,972197a8c61ac413,f2336b7545f5f442,c742287ed86a09bc,d7c3816669784109,Jessica Penne,Karolina Kowalkiewicz,1,0.443629787422443,Women's Strawweight,womens_all,0.499225883071816,separate_group_model,0.443629787422443,0.471338954942828,0.471338954942828,0.499225883071816
2021-08-07,972197a8c61ac413,dcd0793ff1a43b68,06f36cf4bd97ec77,a495f599e787614f,Ed Herman,Alonzo Menifield,0,0.336989784630101,Light Heavyweight,mens_light_heavy_plus,0.44662585310344,separate_group_model,0.336989784630101,0.39042515513768,0.418260261911196,0.44662585310344
2021-08-07,972197a8c61ac413,3d75081ce43774ca,37098a6e6c27fb66,dc3b9cf7641b7ab6,Vince Morales,Drako Rodriguez,1,0.444178863028851,Bantamweight,mens_below_welterweight,0.409519152356019,separate_group_model,0.444178863028851,0.426759096881144,0.435449060178764,0.409519152356019
2021-08-07,972197a8c61ac413,76ece0ee2ef5d240,887961364be5ceb3,c814b4c899793af6,King Green,Rafael Fiziev,0,0.499706330187316,Lightweight,mens_below_welterweight,0.420340614696634,separate_group_model,0.499706330187316,0.459768416195801,0.47970494849786,0.420340614696634
2021-08-07,972197a8c61ac413,962aab0abdd34173,e7bba7ce4d6c7b07,efb96bf3e9ada36f,Casey Kenney,Song Yadong,0,0.502809596846068,Bantamweight,mens_below_welterweight,0.462986857612848,separate_group_model,0.502809596846068,0.482871031378431,0.492837466088525,0.462986857612848
2021-08-07,972197a8c61ac413,903d2c361d005b70,31ef8b67e13495b3,f0feeb2192937424,Tecia Pennington,Angela Hill,1,0.525605028836122,Women's Strawweight,womens_all,0.503402288638859,separate_group_model,0.525605028836122,0.514510818041605,0.514510818041605,0.503402288638859
2021-08-07,972197a8c61ac413,efe985e626a0d8c0,6d4b63c767106d3a,c58f51dedb310998,Vicente Luque,Michael Chiesa,1,0.462081942741939,Welterweight,mens_welter_to_middle,0.347522416039031,separate_group_model,0.462081942741939,0.403487230931345,0.462081942741939,0.347522416039031
2021-08-07,972197a8c61ac413,980927e7dcc131c0,6bd02119599741a4,d0f3959b4a9747e6,Pedro Munhoz,Jose Aldo,0,0.522733762401782,Bantamweight,mens_below_welterweight,0.584363273110279,separate_group_model,0.522733762401782,0.553755068299604,0.538281471438866,0.584363273110279
2021-08-07,972197a8c61ac413,bf732e22055e8634,787bb1f087ccff8a,d3df1add9d9a7efb,Ciryl Gane,Derrick Lewis,1,0.725444288936293,Heavyweight,mens_light_heavy_plus,0.586672822523975,separate_group_model,0.725444288936293,0.659469033307652,0.623769373555548,0.586672822523975
2021-08-21,2f13e4020cea5b38,47a157222b2c9092,3d074044a33825e7,a6c20202c701e5ca,Ramiz Brahimaj,Sasha Palatnikov,1,0.462240239135511,Welterweight,mens_welter_to_middle,0.464713006674341,separate_group_model,0.462240239135511,0.463476398380436,0.462240239135511,0.464713006674341
2021-08-21,2f13e4020cea5b38,8badcb2134c1cdaf,37c5366d18ed6c05,e4a47b07044ddd72,Roosevelt Roberts,Ignacio Bahamondes,0,0.535435605884095,Lightweight,mens_below_welterweight,0.436769766285366,separate_group_model,0.535435605884095,0.48596595875764,0.510727046100432,0.436769766285366
2021-08-21,2f13e4020cea5b38,5e2ce5aa3a92c2df,5da33b8fbfa5ee95,78a68f1dade6aaf7,William Knight,Fabio Cherant,1,0.485631726125012,Light Heavyweight,mens_light_heavy_plus,0.523197631509412,separate_group_model,0.485631726125012,0.50442091809174,0.513814148904728,0.523197631509412
2021-08-21,2f13e4020cea5b38,92d39a17e34cf581,68d35296f566792b,b60c980f79b87ce8,Josiane Nunes,Bea Malecki,1,0.418632703426919,Women's Bantamweight,womens_all,0.482791238946858,separate_group_model,0.418632703426919,0.450506231546249,0.450506231546249,0.482791238946858
2021-08-21,2f13e4020cea5b38,bfacb44c24bfe0e9,4bf6b225ff6099c4,7be14eaed4c74856,Domingo Pilarte,Brian Kelleher,0,0.468008565735605,Bantamweight,mens_below_welterweight,0.338501513659721,separate_group_model,0.468008565735605,0.401538215426402,0.434478863139395,0.338501513659721
2021-08-21,2f13e4020cea5b38,12d2b282561b5e5f,12e0fdc606f7e274,305d73ede05e31ad,Luis Saldana,Austin Lingo,0,0.371609019716819,Featherweight,mens_below_welterweight,0.347042149976557,separate_group_model,0.371609019716819,0.35923331952754,0.365398943978167,0.347042149976557
2021-08-21,2f13e4020cea5b38,0b47788da6de735e,6e15f63b6c2e2c15,a0f0004aadf10b71,Brandon Royval,Alexandre Pantoja,0,0.402026259825431,Flyweight,mens_below_welterweight,0.325005694859623,separate_group_model,0.402026259825431,0.362635041869076,0.382137025165125,0.325005694859623
2021-08-21,2f13e4020cea5b38,755d84d5f4aa4dbf,c77a953488e5607d,d2cd7a69cc55e7ed,Vinc Pichel,Austin Hubbard,1,0.407442241430066,Lightweight,mens_below_welterweight,0.369843347186841,separate_group_model,0.407442241430066,0.388476895556771,0.397921256095235,0.369843347186841
2021-08-21,2f13e4020cea5b38,e1897ff433134cb8,50a28b9f8314e008,ec23c1be628d8057,Saidyokub Kakhramonov,Trevin Jones,1,0.567860968231237,Bantamweight,mens_below_welterweight,0.584877025680194,separate_group_model,0.567860968231237,0.576391644362552,0.57213166705325,0.584877025680194
2021-08-21,2f13e4020cea5b38,47230f9b5d7ae037,01b352b6a9074d5c,ac40f7e3cbecdda4,Chase Sherman,Parker Porter,0,0.544560289098368,Heavyweight,mens_light_heavy_plus,0.569497285508412,separate_group_model,0.544560289098368,0.557064741253516,0.563290955423401,0.569497285508412
2021-08-21,2f13e4020cea5b38,3a9e0fed344fd07d,c47df9303d318c67,da0995f19b749cfa,Clay Guida,Mark Madsen,0,0.317561070549022,Lightweight,mens_below_welterweight,0.250190971869069,separate_group_model,0.317561070549022,0.282661358822706,0.299820938730158,0.250190971869069
2021-08-21,2f13e4020cea5b38,f536ba47f006474a,13a0275fa13c4d26,8c0580d4fff106c1,Jared Cannonier,Kelvin Gastelum,1,0.468243172644861,Middleweight,mens_welter_to_middle,0.556429780087089,separate_group_model,0.468243172644861,0.512433227414959,0.468243172644861,0.556429780087089
2021-08-28,0db9d2486d564a3c,be4890f4aaadec28,c0386644627a7ee5,d05412b513b19621,Mana Martinez,Guido Cannetti,1,0.846908728136267,Bantamweight,mens_below_welterweight,0.884118594843765,separate_group_model,0.846908728136267,0.866607618059861,0.857040641468097,0.884118594843765
2021-08-28,0db9d2486d564a3c,ef4484943b1c68a9,b8bbdeff718dbb7d,e00a3dee329a51f7,Pat Sabatini,Jamall Emmers,1,0.445160768726097,Featherweight,mens_below_welterweight,0.397901028103819,separate_group_model,0.445160768726097,0.421350790570264,0.433217232211599,0.397901028103819
2021-08-28,0db9d2486d564a3c,2cb9ba68fc855f33,2c483cf443f38ece,6fd953151d981979,Vanessa Demopoulos,JJ Aldrich,0,0.368141824905228,Women's Flyweight,womens_all,0.490276968854768,separate_group_model,0.368141824905228,0.42811480529141,0.42811480529141,0.490276968854768
2021-08-28,0db9d2486d564a3c,0f3a91caeaa55094,a17ad5a5048e8c3f,e4277e87a789d687,Darren Stewart,Dustin Jacoby,0,0.557279959289901,Light Heavyweight,mens_light_heavy_plus,0.572488586853598,separate_group_model,0.557279959289901,0.56489954167021,0.568698096956678,0.572488586853598
2021-08-28,0db9d2486d564a3c,58d5e4afc2dd35d1,4dcfb28c011c11b2,d156513a19acf856,Wellington Turman,Sam Alvey,1,0.553831662375202,Middleweight,mens_welter_to_middle,0.514454233714217,separate_group_model,0.553831662375202,0.534196220882339,0.553831662375202,0.514454233714217
2021-08-28,0db9d2486d564a3c,e24c8aab497b4fe1,77d7295d1b22c694,eae431e70064e046,Alessio Di Chirico,Abdul Razak Alhassan,0,0.647807132649266,Middleweight,mens_welter_to_middle,0.615326960606365,separate_group_model,0.647807132649266,0.631716351878064,0.647807132649266,0.615326960606365
2021-08-28,0db9d2486d564a3c,1de342e9309c5f0f,6ac9bc2953c47345,ea7e5bc78d9de658,Gerald Meerschaert,Makhmud Muradov,1,0.287046277986248,Middleweight,mens_welter_to_middle,0.336363705440607,separate_group_model,0.287046277986248,0.311169566795086,0.287046277986248,0.336363705440607
2021-08-28,0db9d2486d564a3c,ad3aa9520131ff2e,5f61780fe5e9b6d0,ce175eaafe867d1f,Andre Petroski,Micheal Gillmore,1,0.573212077761978,Middleweight,mens_welter_to_middle,0.551900575336136,separate_group_model,0.573212077761978,0.562585203733691,0.573212077761978,0.551900575336136
2021-08-28,0db9d2486d564a3c,089a17e450cc98aa,8a1f3b5c526cd6e6,ee9ebceabfd16fa7,Daniel Rodriguez,Kevin Lee,1,0.30940137461854,Welterweight,mens_welter_to_middle,0.354925569737713,separate_group_model,0.30940137461854,0.331770434660358,0.30940137461854,0.354925569737713
2021-08-28,0db9d2486d564a3c,ed64e42263bf50bf,7af33fc4435017f1,cd3d7e37ff2d679c,Brady Hiestand,Ricky Turcios,0,0.581106148776925,Bantamweight,mens_below_welterweight,0.616550391040533,separate_group_model,0.581106148776925,0.598957651139977,0.590061562493658,0.616550391040533
2021-08-28,0db9d2486d564a3c,5086f9fb4fdc2f60,b12fb759e02378de,f626118b6da0e020,Gilbert Urbina,Bryan Battle,0,0.501153086809435,Middleweight,mens_welter_to_middle,0.505780533028876,separate_group_model,0.501153086809435,0.503466884160012,0.501153086809435,0.505780533028876
2021-08-28,0db9d2486d564a3c,5cd1869013741767,64a50dad704d1d49,9560ff14eb3129f7,Edson Barboza,Giga Chikadze,0,0.471813433670352,Featherweight,mens_below_welterweight,0.482669859943472,separate_group_model,0.471813433670352,0.477238958575186,0.474525444294034,0.482669859943472
2021-09-04,b9532d815060de7f,a7c38d4d66abf923,8e9eb3fc86db0f7d,ce632027bf2a871b,Marc-Andre Barriault,Dalcha Lungiambula,1,0.539511782639761,Middleweight,mens_welter_to_middle,0.509605484365689,separate_group_model,0.539511782639761,0.524580671341798,0.539511782639761,0.509605484365689
2021-09-04,b9532d815060de7f,3f76035e52e8819b,902ec2cc48c8ae8a,f1d64ae34e088832,Julian Erosa,Charles Jourdain,1,0.280163930925517,Catch Weight,unclassified,0.280163930925517,global_fallback_unclassified,0.280163930925517,0.280163930925517,0.280163930925517,0.280163930925517
2021-09-04,b9532d815060de7f,4fc128b1bdf088b1,1a54231796e24a3f,b8a85389d115e35a,Liudvik Sholinian,Jack Shore,0,0.196009825042319,Bantamweight,mens_below_welterweight,0.184420811552407,separate_group_model,0.196009825042319,0.190147767335868,0.193061870755632,0.184420811552407
2021-09-04,b9532d815060de7f,06c0c7dda5a5909d,51018a31ddf31eb2,a20f234df70f2182,Molly McCann,Ji Yeon Kim,1,0.517410914893751,Women's Flyweight,womens_all,0.499635750250816,separate_group_model,0.517410914893751,0.508526027209091,0.508526027209091,0.499635750250816
2021-09-04,b9532d815060de7f,8fc238e84c4624a7,2f1a257d6777096d,7826923b47f8d72a,Luigi Vendramini,Paddy Pimblett,0,0.642090196515677,Lightweight,mens_below_welterweight,0.624275938176099,separate_group_model,0.642090196515677,0.633228577211915,0.637671084717217,0.624275938176099
2021-09-04,b9532d815060de7f,ad81be01a461c936,476fe566d2df676e,749f572d1d3161fb,Modestas Bukauskas,Khalil Rountree Jr.,0,0.665245144542791,Light Heavyweight,mens_light_heavy_plus,0.58434435424405,separate_group_model,0.665245144542791,0.625672319507267,0.605196318407249,0.58434435424405
2021-09-04,b9532d815060de7f,f09912e9d8eaa968,3bb2dc8e87b10a46,cdb96af67d096b1e,David Zawada,Alex Morono,0,0.4270622134419,Welterweight,mens_welter_to_middle,0.463368803179753,separate_group_model,0.4270622134419,0.445142316778329,0.4270622134419,0.463368803179753
2021-09-04,b9532d815060de7f,b977ffcc6428046f,399afbabc02376b5,e2f6b2769aaedd6c,Tom Aspinall,Serghei Spivac,1,0.672479836176662,Heavyweight,mens_light_heavy_plus,0.560625351678715,separate_group_model,0.672479836176662,0.618116521007913,0.589677157250314,0.560625351678715
2021-09-04,b9532d815060de7f,14f2bb86fd888e91,9ce6d5a03af801b7,b1a3e0aca758b322,Darren Till,Derek Brunson,0,0.38826525765813,Middleweight,mens_welter_to_middle,0.41740150425101,separate_group_model,0.38826525765813,0.402747578103352,0.38826525765813,0.41740150425101
2021-09-18,4c27ca8c8481f79a,eb10feae98ea7d36,26e3f3928b1891d9,b3d21b2610dcfaeb,Hannah Goldy,Emily Whitmire,1,0.523472574319214,Women's Flyweight,womens_all,0.49917794669847,separate_group_model,0.523472574319214,0.511331952390262,0.511331952390262,0.49917794669847
2021-09-18,4c27ca8c8481f79a,06b3226c34c17001,257b0c8d6f199895,a53d30163304aa6e,Impa Kasanganay,Carlston Harris,0,0.539452481920465,Welterweight,mens_welter_to_middle,0.51919257431302,separate_group_model,0.539452481920465,0.529334610485404,0.539452481920465,0.51919257431302
2021-09-18,4c27ca8c8481f79a,0ce63c2148e70b4c,49b130de1da2e1bf,669970f7feba8ecd,Sarah Alpar,Erin Blanchfield,0,0.25224420043953,Women's Flyweight,womens_all,0.492805158729357,separate_group_model,0.25224420043953,0.364072840507981,0.364072840507981,0.492805158729357
2021-09-18,4c27ca8c8481f79a,dc870fab1e0f15e1,0b362247806341e5,cc1a8b4b38b92c6d,JP Buys,Montel Jackson,0,0.112583536496228,Bantamweight,mens_below_welterweight,0.227633395081761,separate_group_model,0.112583536496228,0.162034059748085,0.135416239623576,0.227633395081761
2021-09-18,4c27ca8c8481f79a,85e5498808346d6b,6a8928652fc01bee,a13d755965a4ec9f,Brandon Jenkins,Rongzhu,0,0.451308090458279,Lightweight,mens_below_welterweight,0.359381342473048,separate_group_model,0.451308090458279,0.404507483828036,0.427746162217297,0.359381342473048
2021-09-18,4c27ca8c8481f79a,2d42742aade53799,91dac5e69e28d5b5,fc169c387b4b465d,Pannie Kianzad,Raquel Pennington,0,0.529996544049757,Women's Bantamweight,womens_all,0.498835768897209,separate_group_model,0.529996544049757,0.514430179759051,0.514430179759051,0.498835768897209
2021-09-18,4c27ca8c8481f79a,d06495deb1ff1750,18b602842a24f7c5,6aae253467e8f9ce,Mike Rodriguez,Tafon Nchukwi,0,0.232691633191757,Light Heavyweight,mens_light_heavy_plus,0.411446606233618,separate_group_model,0.232691633191757,0.315272949762795,0.361979009636696,0.411446606233618
2021-09-18,4c27ca8c8481f79a,401f5f4714132d50,61fb8098ccf81c7f,b9437600497350f3,Antonio Arroyo,Joaquin Buckley,0,0.502610239203772,Middleweight,mens_welter_to_middle,0.453684705965695,separate_group_model,0.502610239203772,0.478094937676288,0.502610239203772,0.453684705965695
2021-09-18,4c27ca8c8481f79a,576b795e33ddd62d,601964f9654f911a,6e9f40c706f91f32,Tony Gravely,Nate Maness,0,0.609101725180752,Bantamweight,mens_below_welterweight,0.669518526243485,separate_group_model,0.609101725180752,0.639863807926127,0.624608484635973,0.669518526243485
2021-09-18,4c27ca8c8481f79a,13a8ddb1c3f55ed4,de45aaae23dfa392,eae48ff31db420c2,Christos Giagos,Arman Tsarukyan,0,0.221275332611023,Lightweight,mens_below_welterweight,0.184053116196649,separate_group_model,0.221275332611023,0.202024758165876,0.211489805206928,0.184053116196649
2021-09-18,4c27ca8c8481f79a,ceaf7ed5ade30d9f,297a2b35444c245b,6551c64fbcd1a467,Mandy Bohm,Ariane da Silva,0,0.656458044397935,Women's Flyweight,womens_all,0.493413090508572,separate_group_model,0.656458044397935,0.577031753410664,0.577031753410664,0.493413090508572
2021-09-18,4c27ca8c8481f79a,4b5f9b7c31d1205d,cc7040fe76f0ef91,cd13728ae1151f46,Devin Clark,Ion Cutelaba,0,0.363190858981003,Light Heavyweight,mens_light_heavy_plus,0.462670599154777,separate_group_model,0.363190858981003,0.412032671345997,0.437187997018005,0.462670599154777
2021-09-18,4c27ca8c8481f79a,d1621b3da377f34b,a67f5afa8d6a1b80,d4c9dcd330403612,Ryan Spann,Anthony Smith,0,0.599319271117875,Light Heavyweight,mens_light_heavy_plus,0.677392931498133,separate_group_model,0.599319271117875,0.639275958857756,0.658590589515875,0.677392931498133
2021-09-25,0eec866a077889f0,7484298ad57099be,87c0b1c696ddfb43,a0e6753c42698f13,Jonathan Pearce,Omar Morales,1,0.541007305092516,Featherweight,mens_below_welterweight,0.58758516743984,separate_group_model,0.541007305092516,0.564438391051181,0.55275213565071,0.58758516743984
2021-09-25,0eec866a077889f0,73f6b72b4889088f,16a64f93f6678b7b,4aa58269d0664b5b,Martin Sano,Matthew Semelsberger,0,0.403454397826159,Welterweight,mens_welter_to_middle,0.419067136643194,separate_group_model,0.403454397826159,0.411238427064121,0.403454397826159,0.419067136643194
2021-09-25,0eec866a077889f0,d8189169b2c8a2aa,12585614e0ed2626,f14f644d41ade29f,Nick Maximov,Cody Brundage,1,0.586474417320432,Middleweight,mens_welter_to_middle,0.562763365922907,separate_group_model,0.586474417320432,0.574661824284246,0.586474417320432,0.562763365922907
2021-09-25,0eec866a077889f0,7abc4520f63f2c06,4d8fa64202cee4c1,681399317dbf4701,Jalin Turner,Uros Medic,1,0.480348412501534,Lightweight,mens_below_welterweight,0.4595191607892,separate_group_model,0.480348412501534,0.46992068912385,0.475131840008273,0.4595191607892
2021-09-25,0eec866a077889f0,e7bb37681652c2c2,4498b382c65a7faa,f7467152fd9f18a2,Roxanne Modafferi,Taila Santos,0,0.164495414533421,Women's Flyweight,womens_all,0.481401718165691,separate_group_model,0.164495414533421,0.299476847977239,0.299476847977239,0.481401718165691
2021-09-25,0eec866a077889f0,f085f32bbb3220e1,2f5cbecbbe18bac4,d0aaedcf7ccd0b45,Shamil Abdurakhimov,Chris Daukaus,0,0.199520557156908,Heavyweight,mens_light_heavy_plus,0.278287334135201,separate_group_model,0.199520557156908,0.236650204075251,0.256917301140801,0.278287334135201
2021-09-25,0eec866a077889f0,b3c23fb2d71bba51,193b9d1858bc4df3,b7b84ccd221be298,Dan Hooker,Nasrat Haqparast,1,0.427552627496931,Lightweight,mens_below_welterweight,0.392595601231518,separate_group_model,0.427552627496931,0.409960403736174,0.418730681585537,0.392595601231518
2021-09-25,0eec866a077889f0,bc276e0f07e30a54,c03520b5c88ed6b4,fea79f9bc8c68769,Merab Dvalishvili,Marlon Moraes,1,0.689717749870821,Bantamweight,mens_below_welterweight,0.688112147548682,separate_group_model,0.689717749870821,0.688915516828447,0.689316775580382,0.688112147548682
2021-09-25,0eec866a077889f0,f4a2806f77ac1cdc,6a1901c62ab3870f,98215d037be5bcb7,Jessica Andrade,Cynthia Calvillo,1,0.51555108940937,Women's Flyweight,womens_all,0.508272448391197,separate_group_model,0.51555108940937,0.511912400361168,0.511912400361168,0.508272448391197
2021-09-25,0eec866a077889f0,f4df74046a1c4364,2cd428e9606856fd,fa6796c55d6c5440,Jairzinho Rozenstruik,Curtis Blaydes,0,0.221330874162888,Heavyweight,mens_light_heavy_plus,0.257191859719036,separate_group_model,0.221330874162888,0.238799690829172,0.247881431300814,0.257191859719036
2021-09-25,0eec866a077889f0,92e006a93f983fb5,f2925e6db404bf1d,f57a8a52ca401ed9,Robbie Lawler,Nick Diaz,1,0.473541199496085,Middleweight,mens_welter_to_middle,0.327938632597014,separate_group_model,0.473541199496085,0.398497693528442,0.473541199496085,0.327938632597014
2021-09-25,0eec866a077889f0,7233b2a56438d77a,132deb59abae64b1,729d4bd5a6cd0a97,Valentina Shevchenko,Lauren Murphy,1,0.848745368024378,Women's Flyweight,womens_all,0.53008102096651,separate_group_model,0.848745368024378,0.715578097312497,0.715578097312497,0.53008102096651
2021-09-25,0eec866a077889f0,18f1b88d8977c216,def8166ff24bd237,e1248941344b3288,Brian Ortega,Alexander Volkanovski,0,0.34600685039767,Featherweight,mens_below_welterweight,0.343594133571795,separate_group_model,0.34600685039767,0.344799492204119,0.345402922120762,0.343594133571795
2021-10-02,e15d0a2519d6a0b5,e7423a91a253b416,528c24b99fbaab79,80daefbed11ce998,Johnny Eduardo,Alejandro Perez,0,0.23531270774367,Bantamweight,mens_below_welterweight,0.117501959700179,separate_group_model,0.23531270774367,0.168341587748701,0.199728971651699,0.117501959700179
2021-10-02,e15d0a2519d6a0b5,c1e5859053263811,568bbad0eaced57c,5e6294b37bbef029,Shanna Young,Stephanie Egger,0,0.435812802512693,Women's Bantamweight,womens_all,0.500107137846582,separate_group_model,0.435812802512693,0.467826421608035,0.467826421608035,0.500107137846582
2021-10-02,e15d0a2519d6a0b5,5f444eac11e55161,3a314d9fa7c6825d,8765559b6a29a421,Douglas Silva de Andrade,Gaetano Pirrello,1,0.383360349678726,Bantamweight,mens_below_welterweight,0.317820175234735,separate_group_model,0.383360349678726,0.349881873762513,0.366459957373197,0.317820175234735
2021-10-02,e15d0a2519d6a0b5,dfa2f5c821a52c63,207773daeb4afa7b,af9f42e6894047fc,Devonte Smith,Jamie Mullarkey,0,0.570401867390706,Lightweight,mens_below_welterweight,0.599286271471685,separate_group_model,0.570401867390706,0.58491701876087,0.577676213299097,0.599286271471685
2021-10-02,e15d0a2519d6a0b5,16d31775a8dcb31d,351c4ec637380ad5,673ea7dcc786b1b3,Karol Rosa,Bethe Correia,1,0.822921800557274,Women's Bantamweight,womens_all,0.527315938273321,separate_group_model,0.822921800557274,0.694834873271642,0.694834873271642,0.527315938273321
2021-10-02,e15d0a2519d6a0b5,6832e9e62da0f9d3,04835018f90b118c,d7338bcb141abd2c,Casey O'Neill,Antonina Shevchenko,1,0.827116901171089,Women's Flyweight,womens_all,0.521872760510677,separate_group_model,0.827116901171089,0.695601377039743,0.695601377039743,0.521872760510677
2021-10-02,e15d0a2519d6a0b5,3b7eb8e56052a2af,7026eca45f65377b,af65aa688d13eedf,Jared Gordon,Joe Solecki,1,0.302810441965444,Lightweight,mens_below_welterweight,0.32090131880475,separate_group_model,0.302810441965444,0.311784115912195,0.307279052112269,0.32090131880475
2021-10-02,e15d0a2519d6a0b5,a00b4e82f9d4f92c,262a7d06203657e6,d80ee110748171ac,Alexander Hernandez,Mike Breeden,1,0.749914064690914,Lightweight,mens_below_welterweight,0.793217339936825,separate_group_model,0.749914064690914,0.77229074837585,0.761282334577264,0.793217339936825
2021-10-02,e15d0a2519d6a0b5,dba710edbc3c29ff,4e06913c91da5200,67f272324a030d00,Krzysztof Jotko,Misha Cirkunov,1,0.48548649381076,Middleweight,mens_welter_to_middle,0.365937998520722,separate_group_model,0.48548649381076,0.424610094900339,0.48548649381076,0.365937998520722
2021-10-02,e15d0a2519d6a0b5,9c33c8d4a381ba70,57b10fca4f9c9a7a,d8da10db80131bec,Alex Oliveira,Niko Price,0,0.561882760275058,Welterweight,mens_welter_to_middle,0.576888780443314,separate_group_model,0.561882760275058,0.569401705216303,0.561882760275058,0.576888780443314
2021-10-02,e15d0a2519d6a0b5,37c484012ef24a5b,c21f26bbde777573,dea070ed4a2a8281,Johnny Walker,Thiago Santos,0,0.490226979071754,Light Heavyweight,mens_light_heavy_plus,0.529639298252625,separate_group_model,0.490226979071754,0.509948598238188,0.519801637864918,0.529639298252625
2021-10-09,d247691a6c0e9034,ddb927b0dfcfac2a,318572f6f74b760d,97cf1a2c7c5e7889,Charlie Ontiveros,Steve Garcia,0,0.644456579719426,Lightweight,mens_below_welterweight,0.631200463277059,separate_group_model,0.644456579719426,0.637854738494975,0.641162344412136,0.631200463277059
2021-10-09,d247691a6c0e9034,f526892a27b50576,8e5d953bdb9ae5e7,b4880ef2f838d4e1,Loopy Godinez,Silvana Gomez Juarez,1,0.69686315285989,Women's Strawweight,womens_all,0.514804917468577,separate_group_model,0.69686315285989,0.609645144873883,0.609645144873883,0.514804917468577
2021-10-09,d247691a6c0e9034,df16b9c2fc9722e9,29af297d9f1de0f8,40093d1d2d78394e,Damon Jackson,Charles Rosa,1,0.579533769618779,Featherweight,mens_below_welterweight,0.538652387558502,separate_group_model,0.579533769618779,0.559193411619627,0.569392864153932,0.538652387558502
2021-10-09,d247691a6c0e9034,777c65184aa63894,2b68d9f125d07b42,c0badf3243907e59,Jared Vanderaa,Alexandr Romanov,0,0.248712690512478,Heavyweight,mens_light_heavy_plus,0.293598272323096,separate_group_model,0.248712690512478,0.270570362263705,0.281941547501556,0.293598272323096
2021-10-09,d247691a6c0e9034,6101249c2cdd1493,45f0cc9d18f35137,dbac0a413af64bbe,Chris Gutierrez,Felipe Colares,1,0.630625870576272,Bantamweight,mens_below_welterweight,0.622428883088949,separate_group_model,0.630625870576272,0.626536460632198,0.62858346822123,0.622428883088949
2021-10-09,d247691a6c0e9034,38957d8eb185391c,70d2329a92864fdb,a08ddd04eaffd81d,Sabina Mazo,Mariya Agapova,0,0.659245968307353,Women's Flyweight,womens_all,0.50828157939545,separate_group_model,0.659245968307353,0.585776486182217,0.585776486182217,0.50828157939545
2021-10-09,d247691a6c0e9034,20f19439e9b100b0,1a31ef98efce7a79,c96d9178c9ed9e62,Matheus Nicolau,Tim Elliott,1,0.576066708278009,Flyweight,mens_below_welterweight,0.671488999021001,separate_group_model,0.576066708278009,0.624991025115042,0.600780281928638,0.671488999021001
2021-10-09,d247691a6c0e9034,d5ffdb5388ffabc6,c6aee362c7a7d482,c730a0be691dc081,Randy Brown,Jared Gooden,1,0.588075566429496,Welterweight,mens_welter_to_middle,0.54929348289491,separate_group_model,0.588075566429496,0.568789981282559,0.588075566429496,0.54929348289491
2021-10-09,d247691a6c0e9034,149d6b90f33634a4,7447e9f28508106a,cd2c4d30c6e13b47,Mackenzie Dern,Marina Rodriguez,0,0.554894794679476,Women's Strawweight,womens_all,0.508185002547809,separate_group_model,0.554894794679476,0.531609139701958,0.531609139701958,0.508185002547809
2021-10-16,8f4616698508f24d,814d481e79e9a525,c0d5c0c95c59050b,efc67b07eed39794,Ariane Carnelossi,Istela Nunes,1,0.337445673140707,Women's Strawweight,womens_all,0.502782623604877,separate_group_model,0.337445673140707,0.417806682548059,0.417806682548059,0.502782623604877
2021-10-16,8f4616698508f24d,cf020c71f1dbfa0b,3b0a516d2921e0d6,cc351e408bbb7d43,Batgerel Danaa,Brandon Davis,1,0.57216859233065,Bantamweight,mens_below_welterweight,0.634185588440682,separate_group_model,0.57216859233065,0.603593316718864,0.587970598799438,0.634185588440682
2021-10-16,8f4616698508f24d,be8bee783d22bee2,528b071cf3da7c56,8e5d953bdb9ae5e7,Luana Carolina,Loopy Godinez,1,0.276821235498933,Women's Flyweight,womens_all,0.482572402438946,separate_group_model,0.276821235498933,0.374019432465517,0.374019432465517,0.482572402438946
2021-10-16,8f4616698508f24d,e3881a6895be3e9e,a6cba6bb66c1a8c9,abd5fb12437eda21,Danny Roberts,Ramazan Emeev,1,0.244647632095967,Welterweight,mens_welter_to_middle,0.338725709138288,separate_group_model,0.244647632095967,0.289426351363138,0.244647632095967,0.338725709138288
2021-10-16,8f4616698508f24d,fefa96b6d939ffea,12ebd7d157e91701,fccf811c1e8b01c7,Bruno Silva,Andrew Sanchez,1,0.665516542733525,Middleweight,mens_welter_to_middle,0.604359710930559,separate_group_model,0.665516542733525,0.635484841891276,0.665516542733525,0.604359710930559
2021-10-16,8f4616698508f24d,a2e1116a9fe84aa9,583ee11abddfc581,5b86d491d63890c5,Nate Landwehr,Ludovit Klein,1,0.196724181705442,Featherweight,mens_below_welterweight,0.179839412301593,separate_group_model,0.196724181705442,0.188136314639428,0.192393748935707,0.179839412301593
2021-10-16,8f4616698508f24d,b193e2317b21125c,34ff304266360297,cc8c623cca88f54f,Manon Fiorot,Mayra Bueno Silva,1,0.735153799392936,Women's Flyweight,womens_all,0.520174016918302,separate_group_model,0.735153799392936,0.634329335855171,0.634329335855171,0.520174016918302
2021-10-16,8f4616698508f24d,d9ca00b3c62a874d,a2ccf35a88346a91,d1941565abf50b16,Erick Gonzalez,Jim Miller,0,0.66436688662564,Lightweight,mens_below_welterweight,0.734997749745037,separate_group_model,0.66436688662564,0.700875943610516,0.68290280410688,0.734997749745037
2021-10-16,8f4616698508f24d,188b63ec6ee1c1c9,3738e68d2261e60f,a2ea77e974c5889f,Andrei Arlovski,Carlos Felipe,1,0.414341149664471,Heavyweight,mens_light_heavy_plus,0.67202454252221,separate_group_model,0.414341149664471,0.546280681674217,0.61099702864207,0.67202454252221
2021-10-16,8f4616698508f24d,330e67abac6e5ce7,d3f5d33d61cd00c9,d4691518d012b9e7,Norma Dumont,Aspen Ladd,1,0.445423575568456,Women's Featherweight,womens_all,0.484025972650091,separate_group_model,0.445423575568456,0.464671866329015,0.464671866329015,0.484025972650091
2021-10-23,8a9c6c4301f6d088,7151ae256e6c181b,41498c2d1a87b154,f2477cf43c4975cc,Zviad Lazishvili,Jonathan Martinez,0,0.420230486279608,Bantamweight,mens_below_welterweight,0.430406601989603,separate_group_model,0.420230486279608,0.425310633298142,0.422768517891033,0.430406601989603
2021-10-23,8a9c6c4301f6d088,61d9eff5fa4c8578,4a57ebb14315b251,dab8cfbb6b1db10a,Randa Markos,Livinha Souza,1,0.320308051476745,Women's Strawweight,womens_all,0.492555206350687,separate_group_model,0.320308051476745,0.403460003997809,0.403460003997809,0.492555206350687
2021-10-23,8a9c6c4301f6d088,acec5f4c6fee1ae2,008ea710276c9606,31bb0772f21cabd8,Jeff Molina,Daniel Lacerda,1,0.52605900964129,Flyweight,mens_below_welterweight,0.597689935526567,separate_group_model,0.52605900964129,0.562198602628964,0.544186971088088,0.597689935526567
2021-10-23,8a9c6c4301f6d088,6d7eecf4acecda2a,4c88a1db5a46c6a4,78e501478a36a018,Jai Herbert,Khama Worthy,1,0.471024504074869,Lightweight,mens_below_welterweight,0.474676686910339,separate_group_model,0.471024504074869,0.472850232286193,0.47193727434392,0.474676686910339
2021-10-23,8a9c6c4301f6d088,85f920746c58d0a6,830f60497fab345a,a12a8314adc1c1c9,Jamie Pickett,Laureano Staropoli,1,0.330343344306996,Middleweight,mens_welter_to_middle,0.40360365625195,separate_group_model,0.330343344306996,0.366200342258403,0.330343344306996,0.40360365625195
2021-10-23,8a9c6c4301f6d088,1fe58cdab57d233b,37d752ec41ed84bb,d25240135aee03e5,Maria Oliveira,Tabatha Ricci,0,0.719162633841545,Women's Strawweight,womens_all,0.508065760489352,separate_group_model,0.719162633841545,0.619231783600132,0.619231783600132,0.508065760489352
2021-10-23,8a9c6c4301f6d088,d44d735e5079bfb8,f6ad6a1e4d600e0d,ffe9703408fb5964,Mason Jones,David Onama,1,0.611441439859808,Lightweight,mens_below_welterweight,0.682926881856692,separate_group_model,0.611441439859808,0.648012733064789,0.629913400379717,0.682926881856692
2021-10-23,8a9c6c4301f6d088,88256dd5a9aef1cc,285ae0b4a68221f4,d1c65d2cf2925ddd,JunYong Park,Gregory Rodrigues,0,0.359419961863154,Middleweight,mens_welter_to_middle,0.380019977449499,separate_group_model,0.359419961863154,0.369660628134059,0.359419961863154,0.380019977449499
2021-10-23,8a9c6c4301f6d088,e078d18fa9ed100d,8c57c7b8c3bab0eb,f9d0cae37dabfafc,Nicolae Negumereanu,Ike Villanueva,1,0.78020192413057,Light Heavyweight,mens_light_heavy_plus,0.755921632290499,separate_group_model,0.78020192413057,0.768283811928061,0.762157971167579,0.755921632290499
2021-10-23,8a9c6c4301f6d088,587d373f18f6c8c0,8be158ca1e5ea6a0,a8283a4f415e1eb9,Dwight Grant,Francisco Trinaldo,0,0.532356567713311,Welterweight,mens_welter_to_middle,0.492426836492552,separate_group_model,0.532356567713311,0.512411502979161,0.532356567713311,0.492426836492552
2021-10-23,8a9c6c4301f6d088,98842f17dfe4b4ef,7aa3d6964eff4877,a68575214ecad140,Alex Caceres,SeungWoo Choi,1,0.501324871143608,Featherweight,mens_below_welterweight,0.499160833391445,separate_group_model,0.501324871143608,0.500242853404824,0.500783863191936,0.499160833391445
2021-10-23,8a9c6c4301f6d088,69167b996ce7a7e4,6c8072b61c276e67,f9ab66e67240db7b,Jessica-Rose Clark,Joselyne Edwards,1,0.380366475241411,Women's Bantamweight,womens_all,0.505737997831519,separate_group_model,0.380366475241411,0.442130491946904,0.442130491946904,0.505737997831519
2021-10-23,8a9c6c4301f6d088,860be3cc82895177,2e5c2aa8e4ab9d82,7acbb0972e75281a,Paulo Costa,Marvin Vettori,0,0.215914068942193,Light Heavyweight,mens_light_heavy_plus,0.175768254982387,separate_group_model,0.215914068942193,0.195059812618591,0.185220044554563,0.175768254982387
2021-10-30,3974fa35c917af1d,6163c18411aca830,253076a23d03dcd0,f00ac08ab056af5d,Allan Nascimento,Tagir Ulanbekov,0,0.411659816127829,Flyweight,mens_below_welterweight,0.386496186746154,separate_group_model,0.411659816127829,0.399011336805171,0.405319865912416,0.386496186746154
2021-10-30,3974fa35c917af1d,4a5e5232346993c7,5f61780fe5e9b6d0,f1175ea3aafbf351,Andre Petroski,Hu Yaozong,1,0.735194100655428,Middleweight,mens_welter_to_middle,0.656754026120063,separate_group_model,0.735194100655428,0.697411081508558,0.735194100655428,0.656754026120063
2021-10-30,3974fa35c917af1d,156f2425a937b22f,396fe87b84ac2e1c,87a1dc546b1c5caf,Lerone Murphy,Makwan Amirkhani,1,0.735652510413853,Featherweight,mens_below_welterweight,0.802467332123525,separate_group_model,0.735652510413853,0.770765782514603,0.753629957901691,0.802467332123525
2021-10-30,3974fa35c917af1d,92c49cb075f612d7,0d65c432720accb9,0d980975001ae3d8,Michal Oleksiejczuk,Shamil Gamzatov,1,0.626381495825048,Light Heavyweight,mens_light_heavy_plus,0.516569659144562,separate_group_model,0.626381495825048,0.572366657169134,0.544608147682057,0.516569659144562
2021-10-30,3974fa35c917af1d,efc6af0151f72b87,8adcbd525fab8d9b,c2299ec916bc7c56,Elizeu Zaleski dos Santos,Benoit Saint Denis,1,0.516122618422773,Welterweight,mens_welter_to_middle,0.463597183199083,separate_group_model,0.516122618422773,0.489831836071829,0.516122618422773,0.463597183199083
2021-10-30,3974fa35c917af1d,768c86e307295944,6b7c7460855dbbb9,9d83f6da776ff7d6,Albert Duraev,Roman Kopylov,1,0.43320381210163,Middleweight,mens_welter_to_middle,0.462192014609917,separate_group_model,0.43320381210163,0.447653438651263,0.43320381210163,0.462192014609917
2021-10-30,3974fa35c917af1d,41cdfea7df63003f,1ae8f3c723aacff4,aceffa19749c4dc0,Ricardo Ramos,Zubaira Tukhugov,0,0.654976148583204,Featherweight,mens_below_welterweight,0.690172338017235,separate_group_model,0.654976148583204,0.67281732274708,0.663955208948729,0.690172338017235
2021-10-30,3974fa35c917af1d,d84968d7e9fcb4f3,7dda2cf308f24a02,beecb672a279223e,Virna Jandiroba,Amanda Ribas,0,0.386874709640785,Women's Strawweight,womens_all,0.502966351604612,separate_group_model,0.386874709640785,0.444158566233948,0.444158566233948,0.502966351604612
2021-10-30,3974fa35c917af1d,58b19ba734fe93a3,0845c81e37d3bcb3,d802174b0c0c1f4e,Volkan Oezdemir,Magomed Ankalaev,0,0.308940401974435,Light Heavyweight,mens_light_heavy_plus,0.354202942851787,separate_group_model,0.308940401974435,0.331181429850645,0.342599595374765,0.354202942851787
2021-10-30,3974fa35c917af1d,987cdcbc809e210d,767755fd74662dbf,e64b96c07d7ce999,Khamzat Chimaev,Li Jingliang,1,0.678742609200843,Welterweight,mens_welter_to_middle,0.735813107068363,separate_group_model,0.678742609200843,0.70809696342751,0.678742609200843,0.735813107068363
2021-10-30,3974fa35c917af1d,13e3e41e0c6f4e04,279566840aa55bf2,c9cf753cfdf77fc2,Alexander Volkov,Marcin Tybura,1,0.648104525799037,Heavyweight,mens_light_heavy_plus,0.625676400174318,separate_group_model,0.648104525799037,0.636964945126105,0.631338649520978,0.625676400174318
2021-10-30,3974fa35c917af1d,5ad4c0eae7512878,193b9d1858bc4df3,275aca31f61ba28c,Dan Hooker,Islam Makhachev,0,0.2563687573542,Lightweight,mens_below_welterweight,0.235781309431785,separate_group_model,0.2563687573542,0.245929892693444,0.251113271994804,0.235781309431785
2021-10-30,3974fa35c917af1d,18edff5447989b3f,65f09bacd3957381,d661ce4da776fc20,Cory Sandhagen,Petr Yan,0,0.464757687543829,Bantamweight,mens_below_welterweight,0.441119767871974,separate_group_model,0.464757687543829,0.452912182028678,0.458829118422456,0.441119767871974
2021-10-30,3974fa35c917af1d,919fb76d2f3e5827,7ff97850e8c32bda,99df7d0a2a08a8a8,Glover Teixeira,Jan Blachowicz,1,0.380202546927016,Light Heavyweight,mens_light_heavy_plus,0.333030073626419,separate_group_model,0.380202546927016,0.356267736322202,0.344555992141126,0.333030073626419
2021-11-06,48e093ea1f43a053,8081cb92f71401c6,077e3ace32b72be9,6d68c1afe954f121,CJ Vergara,Ode Osbourne,0,0.572309146339369,Flyweight,mens_below_welterweight,0.633098100804906,separate_group_model,0.572309146339369,0.603101464903351,0.587791191522746,0.633098100804906
2021-11-06,48e093ea1f43a053,73d541adc2909dc8,0e5c4e72237461bb,a52bc1e62cf0b7c6,Bruno Souza,Melsik Baghdasaryan,0,0.474526713893333,Featherweight,mens_below_welterweight,0.477615109238824,separate_group_model,0.474526713893333,0.476070682799833,0.475298639318426,0.477615109238824
2021-11-06,48e093ea1f43a053,88cc78d2d5d6bcaa,6ebe96a116e79e52,e4277e87a789d687,John Allan,Dustin Jacoby,0,0.481602179298552,Light Heavyweight,mens_light_heavy_plus,0.559911124039803,separate_group_model,0.481602179298552,0.520884946700628,0.540460063307308,0.559911124039803
2021-11-06,48e093ea1f43a053,e25875165648162b,7a5e8c94a86f9895,fcd448a2fe1a23cc,Chris Barnett,Gian Villante,1,0.50367114866417,Heavyweight,mens_light_heavy_plus,0.624994681676906,separate_group_model,0.50367114866417,0.565310682046971,0.595505723669999,0.624994681676906
2021-11-06,48e093ea1f43a053,733dcfec0cc9b439,442c9011034ae1fd,e26bd53b751d61d9,Ian Machado Garry,Jordan Williams,1,0.682663496613506,Welterweight,mens_welter_to_middle,0.656196339218522,separate_group_model,0.682663496613506,0.669564121630488,0.682663496613506,0.656196339218522
2021-11-06,48e093ea1f43a053,095a351dd6f09f7e,4144798612ef96e5,881bf86d4cba8578,Edmen Shahbazyan,Nassourdine Imavov,0,0.512433145891321,Middleweight,mens_welter_to_middle,0.496487714077693,separate_group_model,0.512433145891321,0.504461564457897,0.512433145891321,0.496487714077693
2021-11-06,48e093ea1f43a053,fa3b28ff3585b4a0,5442f1bc4b47eaf3,547afe1017e72dbe,Chris Curtis,Phil Hawes,1,0.275267896575507,Middleweight,mens_welter_to_middle,0.290118468103532,separate_group_model,0.275267896575507,0.282634077230962,0.275267896575507,0.290118468103532
2021-11-06,48e093ea1f43a053,d69e3677060af4c7,59279a7c978f7da0,887961364be5ceb3,Al Iaquinta,King Green,0,0.465390726335951,Lightweight,mens_below_welterweight,0.521196770179121,separate_group_model,0.465390726335951,0.493272793840271,0.479315652330988,0.521196770179121
2021-11-06,48e093ea1f43a053,385101e8ad828c39,79325a3c1a5c3bf4,e5549c82bfb5582d,Andreas Michailidis,Alex Pereira,0,0.512184541399799,Middleweight,mens_welter_to_middle,0.480716507481799,separate_group_model,0.512184541399799,0.496447005956582,0.512184541399799,0.480716507481799
2021-11-06,48e093ea1f43a053,999a0fad4c82148d,4b93a88f3b1de35b,9e8f6c728eb01124,Michael Chandler,Justin Gaethje,0,0.238931660532128,Lightweight,mens_below_welterweight,0.156294113342317,separate_group_model,0.238931660532128,0.194300489089794,0.21578083576231,0.156294113342317
2021-11-06,48e093ea1f43a053,a260238fdb9c47cf,98d961097baaf308,aa171d55d4b5208f,Shane Burgos,Billy Quarantillo,1,0.43497390352898,Featherweight,mens_below_welterweight,0.458825114121382,separate_group_model,0.43497390352898,0.446868938624831,0.440912942349756,0.458825114121382
2021-11-06,48e093ea1f43a053,c634ed84212723ca,7c7332319c14094c,f2688492b9a525a3,Marlon Vera,Frankie Edgar,1,0.637508191083327,Bantamweight,mens_below_welterweight,0.643978177553747,separate_group_model,0.637508191083327,0.640749583236745,0.639130471634587,0.643978177553747
2021-11-06,48e093ea1f43a053,19722043e7eb4e39,1ebe20ebbfa15e29,47b63240018d5d86,Zhang Weili,Rose Namajunas,0,0.335586582289854,Women's Strawweight,womens_all,0.485635278643293,separate_group_model,0.335586582289854,0.408480700880786,0.408480700880786,0.485635278643293
2021-11-06,48e093ea1f43a053,31b3ae9352d9389b,dc9572dd6ec74859,f1b2aa7853d1ed6e,Colby Covington,Kamaru Usman,0,0.218914412808668,Welterweight,mens_welter_to_middle,0.242117945137443,separate_group_model,0.218914412808668,0.230311466226706,0.218914412808668,0.242117945137443
2021-11-13,b5abaa65f87938eb,81bb4d9b214adf4b,74f9448b97bf8bec,8667caa0451d245b,Da Woon Jung,Kennedy Nzechukwu,1,0.562718648203159,Light Heavyweight,mens_light_heavy_plus,0.506037208260827,separate_group_model,0.562718648203159,0.534489262864519,0.520279679385956,0.506037208260827
2021-11-13,b5abaa65f87938eb,2c21abbc28e3876a,029afd138865d20a,32c355b04fc57f3a,Rafael Alves,Marc Diakiese,1,0.426723011994987,Lightweight,mens_below_welterweight,0.500899232196942,separate_group_model,0.426723011994987,0.463609839074009,0.445090803239327,0.500899232196942
2021-11-13,b5abaa65f87938eb,66eee2320e900a8a,5f179af5fffeb9f6,eebc23626e38f5dc,Cortney Casey,Liana Jojua,1,0.532166192439692,Women's Flyweight,womens_all,0.502879281352266,separate_group_model,0.532166192439692,0.517537797985211,0.517537797985211,0.502879281352266
2021-11-13,b5abaa65f87938eb,a27a355f52883f3e,047a91d3d9c79b05,4682bc59d5f55145,Collin Anglin,Sean Woodson,0,0.357431639050951,Featherweight,mens_below_welterweight,0.484426872892648,separate_group_model,0.357431639050951,0.419598726387969,0.388059831880255,0.484426872892648
2021-11-13,b5abaa65f87938eb,c0518d213b67e754,05fa626cb33d15b8,98215d037be5bcb7,Andrea Lee,Cynthia Calvillo,1,0.51376061061211,Women's Flyweight,womens_all,0.501778752443753,separate_group_model,0.51376061061211,0.507770797411373,0.507770797411373,0.501778752443753
2021-11-13,b5abaa65f87938eb,0273dbd5dedbdbe0,58bbef3770bb2dfc,d945aae53e3e54e6,Joel Alvarez,Thiago Moises,1,0.440813720421374,Lightweight,mens_below_welterweight,0.383485215830631,separate_group_model,0.440813720421374,0.411850498879247,0.426268885321685,0.383485215830631
2021-11-13,b5abaa65f87938eb,73c97d5c314f1270,1291edf2d566a71a,efb96bf3e9ada36f,Julio Arce,Song Yadong,0,0.307329348402409,Bantamweight,mens_below_welterweight,0.227201918579671,separate_group_model,0.307329348402409,0.265337878431945,0.285871467584834,0.227201918579671
2021-11-13,b5abaa65f87938eb,8636b67096df4b27,2558ae2e5671e318,82d4c957649faf9b,Khaos Williams,Miguel Baeza,1,0.490669444376659,Welterweight,mens_welter_to_middle,0.4771278147861,separate_group_model,0.490669444376659,0.483895673372496,0.490669444376659,0.4771278147861
2021-11-13,b5abaa65f87938eb,e6ce8360ef43891c,39d91e95949de3d9,8cb78f3a6c2a08f7,Felicia Spencer,Leah Letson,1,0.413184575134973,Women's Featherweight,womens_all,0.50753877332123,separate_group_model,0.413184575134973,0.460003322696535,0.460003322696535,0.50753877332123
2021-11-13,b5abaa65f87938eb,1013cdbb6c9a4a2e,ab943cd2c3c17825,bd58d34e39b7b12a,Marcos Rogerio de Lima,Ben Rothwell,1,0.564999444867636,Heavyweight,mens_light_heavy_plus,0.665066291452566,separate_group_model,0.564999444867636,0.616262850945128,0.641029423171935,0.665066291452566
2021-11-13,b5abaa65f87938eb,147e984aa34e3028,150ff4cc642270b9,cbf5e6f231b55443,Max Holloway,Yair Rodriguez,1,0.752462158667635,Featherweight,mens_below_welterweight,0.855399993195816,separate_group_model,0.752462158667635,0.809180266086594,0.782150017853649,0.855399993195816
2021-11-20,c95fbc085e17a532,8dd086e2e70144fd,a3a542074109b347,e94085e821bd81de,Luana Pinheiro,Sam Hughes,1,0.660189435258393,Women's Strawweight,womens_all,0.515362991509644,separate_group_model,0.660189435258393,0.58971925524118,0.58971925524118,0.515362991509644
2021-11-20,c95fbc085e17a532,1ff89e2a9cc2f2d2,0a73acff6325c1e2,bd5403efbaa445c0,Shayilan Nuerdanbieke,Sean Soriano,1,0.906463399773708,Featherweight,mens_below_welterweight,0.937644091652559,separate_group_model,0.906463399773708,0.923498224802826,0.915368981170959,0.937644091652559
2021-11-20,c95fbc085e17a532,84c68c4c387d2e32,7d420039bbfe7c1a,7f6ed67d3ed3c036,Aoriqileng,Cody Durden,0,0.37396754509488,Flyweight,mens_below_welterweight,0.488247361069887,separate_group_model,0.37396754509488,0.4301776929209,0.401749764211902,0.488247361069887
2021-11-20,c95fbc085e17a532,450534f9fb9b13cd,4e30e4250cb08b61,8e5d953bdb9ae5e7,Loma Lookboonmee,Loopy Godinez,0,0.439054095307843,Women's Strawweight,womens_all,0.494581891086435,separate_group_model,0.439054095307843,0.466714908659764,0.466714908659764,0.494581891086435
2021-11-20,c95fbc085e17a532,fd60e75303622e5e,a29db9cd4f9ccea5,e132d47bd9efbbe0,Natan Levy,Rafa Garcia,0,0.466734068183181,Lightweight,mens_below_welterweight,0.399719250541417,separate_group_model,0.466734068183181,0.432919907659124,0.449768969001398,0.399719250541417
2021-11-20,c95fbc085e17a532,f592f168f3b8b807,7832f2f62f04178f,b8bbdeff718dbb7d,Tucker Lutz,Pat Sabatini,0,0.493217765475172,Featherweight,mens_below_welterweight,0.595423191937004,separate_group_model,0.493217765475172,0.544792120143396,0.519055702872812,0.595423191937004
2021-11-20,c95fbc085e17a532,9b9ef12603e820ec,0232cabbc30a2372,113df4fde64735c6,Adrian Yanez,Davey Grant,1,0.747017057290324,Bantamweight,mens_below_welterweight,0.77412915709611,separate_group_model,0.747017057290324,0.760836427489624,0.753992112924253,0.77412915709611
2021-11-20,c95fbc085e17a532,1cd8f5a107f64e39,94527830000ab715,a7897d200692ab64,Rani Yahya,Kyung Ho Kang,1,0.422994762417978,Bantamweight,mens_below_welterweight,0.549712696404143,separate_group_model,0.422994762417978,0.486130857840656,0.454379438551646,0.549712696404143
2021-11-20,c95fbc085e17a532,bb15c0a2911043bd,12f91bfa8f1f723b,f7467152fd9f18a2,Joanne Wood,Taila Santos,0,0.25206734730281,Women's Flyweight,womens_all,0.486292472877315,separate_group_model,0.25206734730281,0.360953001233435,0.360953001233435,0.486292472877315
2021-11-20,c95fbc085e17a532,50bf4bb2f8d9aba4,45f7cb591c3ab00b,c58f51dedb310998,Sean Brady,Michael Chiesa,1,0.487251739703335,Welterweight,mens_welter_to_middle,0.470731458780144,separate_group_model,0.487251739703335,0.478985853922051,0.487251739703335,0.470731458780144
2021-11-20,c95fbc085e17a532,18f19b1422e8154b,b96619b3acd7d9da,b9706f80d005036c,Miesha Tate,Ketlen Vieira,0,0.406809621456705,Women's Bantamweight,womens_all,0.499231962227816,separate_group_model,0.406809621456705,0.452612375083136,0.452612375083136,0.499231962227816
2021-12-04,509697e08673d2e5,1ce1a43ef68ffc7d,37098a6e6c27fb66,d2bc285ead803db0,Vince Morales,Louis Smolka,1,0.434050815590683,Bantamweight,mens_below_welterweight,0.413599289566571,separate_group_model,0.434050815590683,0.423792419875967,0.428913982709554,0.413599289566571
2021-12-04,509697e08673d2e5,c74b03337a8441ed,d747eb273a40a920,feaf00f3373435d6,Claudio Puelles,Chris Gruetzemacher,1,0.732112655679466,Lightweight,mens_below_welterweight,0.696316158092634,separate_group_model,0.732112655679466,0.714551257052752,0.723418040184121,0.696316158092634
2021-12-04,509697e08673d2e5,42b28adbed6966b7,5da33b8fbfa5ee95,a495f599e787614f,William Knight,Alonzo Menifield,1,0.367420512459738,Light Heavyweight,mens_light_heavy_plus,0.512837258112445,separate_group_model,0.367420512459738,0.438815843743352,0.475693055291984,0.512837258112445
2021-12-04,509697e08673d2e5,3fc8afbb23b9ac16,19b7738321cfae42,4959f10a62f3fec3,Mallory Martin,Cheyanne Vlismas,0,0.348441140212866,Women's Strawweight,womens_all,0.481240080558542,separate_group_model,0.348441140212866,0.413264410356018,0.413264410356018,0.481240080558542
2021-12-04,509697e08673d2e5,405bded9cc7a7c15,326a001926ffb7ec,a331233f597090a5,Darian Weeks,Bryan Barberena,0,0.579064153727608,Welterweight,mens_welter_to_middle,0.589868720031147,separate_group_model,0.579064153727608,0.584476588301824,0.579064153727608,0.589868720031147
2021-12-04,509697e08673d2e5,376dddfa82debbf4,55fa6ce3e522c8bb,5d1b7e3dd9e11074,Zhalgas Zhumagulov,Manel Kape,0,0.346432102178019,Flyweight,mens_below_welterweight,0.341607756054481,separate_group_model,0.346432102178019,0.344015907281731,0.345223005381513,0.341607756054481
2021-12-04,509697e08673d2e5,723a8a8c82cab1c8,866fd7b1a6c90e7f,c549573c0df4d676,Dusko Todorovic,Maki Pitolo,1,0.607509547795025,Middleweight,mens_welter_to_middle,0.550876314459979,separate_group_model,0.607509547795025,0.579454346422499,0.607509547795025,0.550876314459979
2021-12-04,509697e08673d2e5,657b7da9c89352fe,9e50097a89442158,cdb96af67d096b1e,Mickey Gall,Alex Morono,0,0.364352718502436,Welterweight,mens_welter_to_middle,0.413128141053887,separate_group_model,0.364352718502436,0.388461214357279,0.364352718502436,0.413128141053887
2021-12-04,509697e08673d2e5,9e5bbbacf1d92cb4,2f181c0467965b98,5442f1bc4b47eaf3,Brendan Allen,Chris Curtis,0,0.68335786087129,Middleweight,mens_welter_to_middle,0.654161959457429,separate_group_model,0.68335786087129,0.668922432015903,0.68335786087129,0.654161959457429
2021-12-04,509697e08673d2e5,5d64044b985004e7,9c65736747ca92ec,c47df9303d318c67,Leonardo Santos,Clay Guida,0,0.66517271898,Lightweight,mens_below_welterweight,0.658872253959725,separate_group_model,0.66517271898,0.662029673036984,0.66360300597992,0.658872253959725
2021-12-04,509697e08673d2e5,b3847772199e2639,5444c5a201d3ee5a,70e1f8a821b72c8b,Jamahal Hill,Jimmy Crute,1,0.331039793480038,Light Heavyweight,mens_light_heavy_plus,0.329064970284832,separate_group_model,0.331039793480038,0.330051632523351,0.329558113662651,0.329064970284832
2021-12-04,509697e08673d2e5,a38648a1c190f9be,37ed1ab2f8b819f4,c814b4c899793af6,Brad Riddell,Rafael Fiziev,0,0.550293939047423,Lightweight,mens_below_welterweight,0.526239243288462,separate_group_model,0.550293939047423,0.538288876809343,0.54429784270123,0.526239243288462
2021-12-04,509697e08673d2e5,3109d1151f149aaf,05339613bf8e9808,d0f3959b4a9747e6,Rob Font,Jose Aldo,0,0.557674029955112,Bantamweight,mens_below_welterweight,0.527299087747052,separate_group_model,0.557674029955112,0.542526080621036,0.550111670575744,0.527299087747052
2021-12-11,ef927e4fe2117ab8,505397f405e40206,38c7f72747f4f712,b1e5bcaad32a3cac,Gillian Robertson,Priscila Cachoeira,1,0.757304167987661,Women's Flyweight,womens_all,0.520126421728716,separate_group_model,0.757304167987661,0.647770296987007,0.647770296987007,0.520126421728716
2021-12-11,ef927e4fe2117ab8,8bcdcfb0f93f1409,1a08b01fdabb6ae2,325ad0dd9126d3df,Tony Kelley,Randy Costa,1,0.324829060803065,Bantamweight,mens_below_welterweight,0.331832631204486,separate_group_model,0.324829060803065,0.328321299781109,0.326572775964047,0.331832631204486
2021-12-11,ef927e4fe2117ab8,537a5aa4c248830e,34e516ab361afb1c,8866c6f509c19089,Darrick Minner,Ryan Hall,0,0.465105005524712,Featherweight,mens_below_welterweight,0.496861431847551,separate_group_model,0.465105005524712,0.48096399359488,0.473027696029565,0.496861431847551
2021-12-11,ef927e4fe2117ab8,fc2a30bfb760bdf8,669970f7feba8ecd,f29a6350c69f4a33,Erin Blanchfield,Miranda Maverick,1,0.451781832570139,Women's Flyweight,womens_all,0.491447559661077,separate_group_model,0.451781832570139,0.471569820066327,0.471569820066327,0.491447559661077
2021-12-11,ef927e4fe2117ab8,16243b1470887cb6,886264a0c9f4ea5e,cad24459b28592ca,Andre Muniz,Eryk Anders,1,0.596231758537457,Middleweight,mens_welter_to_middle,0.53455398988138,separate_group_model,0.596231758537457,0.565646968076961,0.596231758537457,0.53455398988138
2021-12-11,ef927e4fe2117ab8,9039762cb9f4abdb,12ebd7d157e91701,c878270af633eb11,Bruno Silva,Jordan Wright,1,0.689901749468505,Middleweight,mens_welter_to_middle,0.566646813065688,separate_group_model,0.689901749468505,0.630397291258934,0.689901749468505,0.566646813065688
2021-12-11,ef927e4fe2117ab8,50f2539c73b98eec,441eacbe20e0e80b,c62fbc117d57b943,Augusto Sakai,Tai Tuivasa,0,0.362349733878141,Heavyweight,mens_light_heavy_plus,0.405392757103807,separate_group_model,0.362349733878141,0.38364335391243,0.394465807489208,0.405392757103807
2021-12-11,ef927e4fe2117ab8,abb8c6c0a057184e,10f3ba6cd2f44a97,6bd02119599741a4,Dominick Cruz,Pedro Munhoz,1,0.531281733962706,Bantamweight,mens_below_welterweight,0.428390139761708,separate_group_model,0.531281733962706,0.47961982320373,0.505465367129743,0.428390139761708
2021-12-11,ef927e4fe2117ab8,6537a32e7af905b0,82a5152216251682,fba03cd6cc28dc41,Dan Ige,Josh Emmett,0,0.574650041711845,Featherweight,mens_below_welterweight,0.561297103939167,separate_group_model,0.574650041711845,0.567985923074136,0.571321215584534,0.561297103939167
2021-12-11,ef927e4fe2117ab8,8c01b7dccc4d0926,82b4e942781b1046,b50a426a33da0012,Raulian Paiva,Sean O'Malley,0,0.312249648676928,Bantamweight,mens_below_welterweight,0.302649784830798,separate_group_model,0.312249648676928,0.307428879326989,0.309834097213755,0.302649784830798
2021-12-11,ef927e4fe2117ab8,795aa42785a46643,853eb0dd5c0e2149,d8c7c61b176e3994,Kai Kara-France,Cody Garbrandt,1,0.402344225752939,Flyweight,mens_below_welterweight,0.403452141415506,separate_group_model,0.402344225752939,0.40289805972235,0.402621111690792,0.403452141415506
2021-12-11,ef927e4fe2117ab8,2d0d13dfc6c37ba8,6d1bffff14897645,b997be68943010fc,Santiago Ponzinibbio,Geoff Neal,0,0.406213178703016,Welterweight,mens_welter_to_middle,0.399519977054251,separate_group_model,0.406213178703016,0.402862055520932,0.406213178703016,0.399519977054251
2021-12-11,ef927e4fe2117ab8,0b633295d9e017a3,3253b16d38ae087d,80fa8218c99f9c58,Julianna Pena,Amanda Nunes,1,0.156353483488009,Women's Bantamweight,womens_all,0.459728800073928,separate_group_model,0.156353483488009,0.284240327367383,0.284240327367383,0.459728800073928
2021-12-11,ef927e4fe2117ab8,b22eab3aa1522f40,029eaff01e6bb8f0,07225ba28ae309b6,Dustin Poirier,Charles Oliveira,0,0.435952857525618,Lightweight,mens_below_welterweight,0.530608824539324,separate_group_model,0.435952857525618,0.483129514936291,0.459450341252075,0.530608824539324
2021-12-18,2a470ad41c22c25a,ea76a3af8c5ecc55,5b8ba8f5512893b1,ac026518a9b4dc0f,Matt Sayles,Jordan Leavitt,0,0.471849244798522,Lightweight,mens_below_welterweight,0.4447409938818,separate_group_model,0.471849244798522,0.45826423447862,0.465050257912669,0.4447409938818
2021-12-18,2a470ad41c22c25a,a760d0f5de2e1aaa,1a9480fc288e55d7,b5da8f7d05e85a55,Don'Tale Mayes,Josh Parisian,1,0.514294552761968,Heavyweight,mens_light_heavy_plus,0.661547421359981,separate_group_model,0.514294552761968,0.589934772616879,0.626433527843849,0.661547421359981
2021-12-18,2a470ad41c22c25a,85d9a516c3c6c205,9cdd2da1a9104a0b,fc169c387b4b465d,Macy Chiasson,Raquel Pennington,0,0.514836770549827,Women's Featherweight,womens_all,0.511881336553205,separate_group_model,0.514836770549827,0.513359170321751,0.513359170321751,0.511881336553205
2021-12-18,2a470ad41c22c25a,b4f88d65b47c2a39,5f6f049d54728e88,f1d64ae34e088832,Andre Ewell,Charles Jourdain,0,0.427686200290598,Featherweight,mens_below_welterweight,0.366434937056747,separate_group_model,0.427686200290598,0.396655617967427,0.412083556634461,0.366434937056747
2021-12-18,2a470ad41c22c25a,dd552b389152636a,4234f0097c83fa62,a4a80dd7336ffd59,Sijara Eubanks,Melissa Gatto,0,0.374708267947179,Women's Flyweight,womens_all,0.501408523915047,separate_group_model,0.374708267947179,0.437031545808663,0.437031545808663,0.501408523915047
2021-12-18,2a470ad41c22c25a,fc0927c657c51622,e13abac8089a801a,f703250471acaf96,Justin Tafa,Harry Hunsucker,1,0.614390438837913,Heavyweight,mens_light_heavy_plus,0.396138662241074,separate_group_model,0.614390438837913,0.505527896102254,0.450231867000871,0.396138662241074
2021-12-18,2a470ad41c22c25a,bdaca0a96d44438a,6ac9bc2953c47345,71505842fb6455c3,Gerald Meerschaert,Dustin Stoltzfus,1,0.690786508068397,Middleweight,mens_welter_to_middle,0.633079821962036,separate_group_model,0.690786508068397,0.662538117067243,0.690786508068397,0.633079821962036
2021-12-18,2a470ad41c22c25a,2a5484a6d5e7a2da,92a9aa9c93192871,d247691a6c0e9034,Darren Elkins,Cub Swanson,0,0.472190314901902,Featherweight,mens_below_welterweight,0.389334951267532,separate_group_model,0.472190314901902,0.430274541774933,0.451145768909555,0.389334951267532
2021-12-18,2a470ad41c22c25a,730f14ccff80f3b0,72db2a14ffa73ece,f53d4f21d1b5f2dc,Mateusz Gamrot,Diego Ferreira,1,0.578132093091108,Lightweight,mens_below_welterweight,0.580675785689979,separate_group_model,0.578132093091108,0.579404466459726,0.578768410541604,0.580675785689979
2021-12-18,2a470ad41c22c25a,a43dcd04788d95c7,2f13e4020cea5b38,5987b2458f4b5290,Raphael Assuncao,Ricky Simon,0,0.12863280680803,Bantamweight,mens_below_welterweight,0.09794824005625,separate_group_model,0.12863280680803,0.112379060957468,0.120269096645033,0.09794824005625
2021-12-18,2a470ad41c22c25a,2e200563dd7c4922,3df5493bb279226f,f0feeb2192937424,Amanda Lemos,Angela Hill,1,0.611497814364555,Women's Strawweight,womens_all,0.530953740549092,separate_group_model,0.611497814364555,0.571700624392048,0.571700624392048,0.530953740549092
2021-12-18,2a470ad41c22c25a,8b3b38167060b1d7,4a28cb716c19157a,b1b0729d27936f2f,Stephen Thompson,Belal Muhammad,0,0.34616945294691,Welterweight,mens_welter_to_middle,0.37762086440923,separate_group_model,0.34616945294691,0.361747091700616,0.34616945294691,0.37762086440923
2021-12-18,2a470ad41c22c25a,4b7ec02b39fc6f70,d0aaedcf7ccd0b45,d3df1add9d9a7efb,Chris Daukaus,Derrick Lewis,0,0.584112020073456,Heavyweight,mens_light_heavy_plus,0.463941012255171,separate_group_model,0.584112020073456,0.524379407753697,0.494138797273487,0.463941012255171
2022-01-15,f5585e675af7afd4,3a8c0158d910546d,40093d1d2d78394e,d31cbcdd7d69536d,Charles Rosa,TJ Brown,0,0.374295991314742,Lightweight,mens_below_welterweight,0.298223690580812,separate_group_model,0.374295991314742,0.335190681295326,0.354500287295779,0.298223690580812
2022-01-15,f5585e675af7afd4,7c2a02b5ea169b54,35b3772629e27a49,7be14eaed4c74856,Kevin Croom,Brian Kelleher,0,0.471498726306075,Featherweight,mens_below_welterweight,0.422433481169924,separate_group_model,0.471498726306075,0.446836658539403,0.459142675335428,0.422433481169924
2022-01-15,f5585e675af7afd4,3738135e4c9d8273,3d074044a33825e7,523fa774700d7d3f,Ramiz Brahimaj,Court McGee,0,0.57497208217633,Welterweight,mens_welter_to_middle,0.545338941455693,separate_group_model,0.57497208217633,0.560209160103743,0.57497208217633,0.545338941455693
2022-01-15,f5585e675af7afd4,e8517ed0b49abc37,830f60497fab345a,8d20d76af3f213ce,Jamie Pickett,Joseph Holmes,1,0.291360501755849,Middleweight,mens_welter_to_middle,0.349626665538077,separate_group_model,0.291360501755849,0.319790853768778,0.291360501755849,0.349626665538077
2022-01-15,f5585e675af7afd4,8693027377658e61,791c8437b341fba5,9abc648e76c4493a,Joanderson Brito,Bill Algeo,0,0.477806636655802,Featherweight,mens_below_welterweight,0.511393590736934,separate_group_model,0.477806636655802,0.494594014581326,0.48619643258536,0.511393590736934
2022-01-15,f5585e675af7afd4,b5b5156c713c5d47,19c591115a58982c,3033c1c080672475,Viacheslav Borshchev,Dakota Bush,1,0.498279214267325,Lightweight,mens_below_welterweight,0.48643785593737,separate_group_model,0.498279214267325,0.492357463232517,0.495318174557319,0.48643785593737
2022-01-15,f5585e675af7afd4,f9a4e625dffc30d4,8e1f36476ef02a6a,e872e9a9a902c045,Jennifer Maia,Katlyn Cerminara,0,0.360908788069379,Women's Flyweight,womens_all,0.494694702506279,separate_group_model,0.360908788069379,0.426456857034431,0.426456857034431,0.494694702506279
2022-01-15,f5585e675af7afd4,8d89f3b8798f444d,07a2bdaa0afdd831,6e15f63b6c2e2c15,Rogerio Bontorin,Brandon Royval,0,0.49386020251013,Flyweight,mens_below_welterweight,0.532568088542101,separate_group_model,0.49386020251013,0.513233987895822,0.503548427149314,0.532568088542101
2022-01-15,f5585e675af7afd4,3bcbb0e039f4f5d8,01b352b6a9074d5c,92fa1401b7927da3,Chase Sherman,Jake Collier,0,0.430719932023563,Heavyweight,mens_light_heavy_plus,0.401750819759303,separate_group_model,0.430719932023563,0.416162985610408,0.408937339238917,0.401750819759303
2022-01-15,f5585e675af7afd4,9dfcf675cf2c1575,751de04455cfaac0,9560ff14eb3129f7,Calvin Kattar,Giga Chikadze,1,0.323917030297761,Featherweight,mens_below_welterweight,0.404723233853163,separate_group_model,0.323917030297761,0.363356431202852,0.343366632113169,0.404723233853163
2022-01-22,335ad945324c3a2e,0a0beb5aa9810de4,4100c7a09497ad41,a9e260472d321361,Kay Hansen,Jasmine Jasudavicius,0,0.705752665945074,Women's Flyweight,womens_all,0.566830338175388,separate_group_model,0.705752665945074,0.639198558359951,0.639198558359951,0.566830338175388
2022-01-22,335ad945324c3a2e,4047c2e259529179,2c483cf443f38ece,b4880ef2f838d4e1,Vanessa Demopoulos,Silvana Gomez Juarez,1,0.500481526477101,Women's Strawweight,womens_all,0.505270092948226,separate_group_model,0.500481526477101,0.502875875659735,0.502875875659735,0.505270092948226
2022-01-22,335ad945324c3a2e,5da7168ac2ff0e1d,cda1099995b46cc2,dccb63727f2f5f74,Genaro Valdez,Matt Frevola,0,0.555574903680529,Lightweight,mens_below_welterweight,0.569450048076092,separate_group_model,0.555574903680529,0.562524704294046,0.559052696562725,0.569450048076092
2022-01-22,335ad945324c3a2e,9687021e5c4d092a,601964f9654f911a,72ea1984c52019b5,Tony Gravely,Saimon Oliveira,1,0.550438769433843,Bantamweight,mens_below_welterweight,0.537381123599701,separate_group_model,0.550438769433843,0.543917492751239,0.547180155550085,0.537381123599701
2022-01-22,335ad945324c3a2e,0669231ebe3dd560,6b453bc35a823c3f,776d4262c4da38bf,Jack Della Maddalena,Pete Rodriguez,1,0.511903580322246,Welterweight,mens_welter_to_middle,0.524724083892027,separate_group_model,0.511903580322246,0.518316846806517,0.511903580322246,0.524724083892027
2022-01-22,335ad945324c3a2e,44a55ba1de2b30e2,b9f28e7045fdfce7,eb8d8c2a95cfccb8,Raoni Barcelos,Victor Henry,0,0.751490164011923,Bantamweight,mens_below_welterweight,0.779017948510352,separate_group_model,0.751490164011923,0.765534198721658,0.75858179697618,0.779017948510352
2022-01-22,335ad945324c3a2e,453283e947919ff7,b27a1fcb56a3035a,c32aeb1a59e6272d,Trevin Giles,Michael Morales,0,0.524595250189613,Welterweight,mens_welter_to_middle,0.563473831938418,separate_group_model,0.524595250189613,0.544101724648407,0.524595250189613,0.563473831938418
2022-01-22,335ad945324c3a2e,80f65ee9b6f8d63b,0fd5f4b838e890cc,bf7ad5628363eec9,Said Nurmagomedov,Cody Stamann,1,0.543138316342546,Bantamweight,mens_below_welterweight,0.525570792045088,separate_group_model,0.543138316342546,0.534365210235328,0.538754764169088,0.525570792045088
2022-01-22,335ad945324c3a2e,5ba543efdce072f5,33efaf2d0941cfcf,595db60957de51d3,Andre Fialho,Michel Pereira,0,0.301181340060723,Welterweight,mens_welter_to_middle,0.325203582598455,separate_group_model,0.301181340060723,0.313067073943561,0.301181340060723,0.325203582598455
2022-01-22,335ad945324c3a2e,cddd3d4febe097f8,792be9a24df82ed6,aa72b0f831d0bfe5,Brandon Moreno,Deiveson Figueiredo,0,0.587290828706279,Flyweight,mens_below_welterweight,0.608253726099168,separate_group_model,0.587290828706279,0.597816972199262,0.592564520510531,0.608253726099168
2022-01-22,335ad945324c3a2e,e786542667fdecf0,787bb1f087ccff8a,8d03ce87ca14e778,Ciryl Gane,Francis Ngannou,0,0.649007786209431,Heavyweight,mens_light_heavy_plus,0.571503810176856,separate_group_model,0.649007786209431,0.610956592584596,0.591377338584619,0.571503810176856
2022-02-05,883922e5cd6d8473,1765fc442ea03873,2526be54e6a0e62a,dee294e9717012c2,Denys Bondar,Malcolm Gordon,0,0.548091974633519,Flyweight,mens_below_welterweight,0.596314051941647,separate_group_model,0.548091974633519,0.572374904629209,0.560269501845237,0.596314051941647
2022-02-05,883922e5cd6d8473,342779192b116314,5f3805dda9661cba,8e382b585a92affe,Jason Witt,Phil Rowe,0,0.429722414565801,Welterweight,mens_welter_to_middle,0.385603805127527,separate_group_model,0.429722414565801,0.407476645508998,0.4297224145658,0.385603805127527
2022-02-05,883922e5cd6d8473,e82f15afac3dac93,41e83a89929d1327,687c15b2eddfaa63,Jailton Almeida,Danilo Marques,1,0.410722061791196,Light Heavyweight,mens_light_heavy_plus,0.447272172271814,separate_group_model,0.410722061791196,0.428900176488469,0.43806494377991,0.447272172271814
2022-02-05,883922e5cd6d8473,673ed36fa5c12d5f,4c2d90e335e6df19,a78a87d8c2bbb1cb,Alexis Davis,Julija Stoliarenko,1,0.573799750664707,Women's Bantamweight,womens_all,0.514365933005003,separate_group_model,0.573799750664707,0.544240344152748,0.544240344152748,0.514365933005003
2022-02-05,883922e5cd6d8473,f9ab966e63968c15,8e9eb3fc86db0f7d,c68c68efaa5ca6ef,Marc-Andre Barriault,Chidi Njokuani,0,0.588557490048421,Middleweight,mens_welter_to_middle,0.52258759820343,separate_group_model,0.588557490048421,0.555818519855158,0.588557490048421,0.52258759820343
2022-02-05,883922e5cd6d8473,84ebbad426d25713,2c9d00968f818270,5bf31a46becc1204,Hakeem Dawodu,Michael Trizano,1,0.564569763022088,Featherweight,mens_below_welterweight,0.550577142037686,separate_group_model,0.564569763022088,0.557584878800328,0.561080346079302,0.550577142037686
2022-02-05,883922e5cd6d8473,c816a969cb001168,46e0d677f91bacc0,5fa2974cbd18e05c,Miles Johns,John Castaneda,0,0.677342989748601,Bantamweight,mens_below_welterweight,0.634854663567804,separate_group_model,0.677342989748601,0.656411751285726,0.66695969295787,0.634854663567804
2022-02-05,883922e5cd6d8473,208c5dc52ccfd47a,902ec2cc48c8ae8a,b93c06d09d1c4ac0,Julian Erosa,Steven Peterson,1,0.494142556218422,Featherweight,mens_below_welterweight,0.493402572863903,separate_group_model,0.494142556218422,0.493772561130641,0.493957557847222,0.493402572863903
2022-02-05,883922e5cd6d8473,0489b42ac0ab6d4b,147e70aa6cc48cfc,f626118b6da0e020,Tresean Gore,Bryan Battle,0,0.399021026207619,Middleweight,mens_welter_to_middle,0.416787246102319,separate_group_model,0.399021026207619,0.407874036122225,0.399021026207619,0.416787246102319
2022-02-05,883922e5cd6d8473,0730c4e6fb247fa1,2f181c0467965b98,d156513a19acf856,Brendan Allen,Sam Alvey,1,0.740356295973739,Light Heavyweight,mens_light_heavy_plus,0.689822943471949,separate_group_model,0.740356295973739,0.715766202946805,0.702958096376231,0.689822943471949
2022-02-05,883922e5cd6d8473,6b4c2cc27855506a,01afe0916a40c7c5,a53d30163304aa6e,Shavkat Rakhmonov,Carlston Harris,1,0.609303638886546,Welterweight,mens_welter_to_middle,0.541695285616884,separate_group_model,0.609303638886546,0.575854312787442,0.609303638886546,0.541695285616884
2022-02-05,883922e5cd6d8473,ace166f26c2ac2e8,12585614e0ed2626,64facb6cc564262d,Nick Maximov,Punahele Soriano,1,0.51029605978278,Middleweight,mens_welter_to_middle,0.555571165879489,separate_group_model,0.51029605978278,0.533001555962071,0.51029605978278,0.555571165879489
2022-02-05,883922e5cd6d8473,4b67a1875390e7ad,0a1942069c9ad6b6,0d8011111be000b2,Jack Hermansson,Sean Strickland,0,0.383545877208548,Middleweight,mens_welter_to_middle,0.341972296398233,separate_group_model,0.383545877208548,0.36250203807159,0.383545877208548,0.341972296398233
2022-02-12,cbb682f5fcc44bfc,6708f3a32861038a,5da33b8fbfa5ee95,950d0ef5c17157c5,William Knight,Maxim Grishin,0,0.583203155859621,Heavyweight,mens_light_heavy_plus,0.585851332463051,separate_group_model,0.583203155859621,0.58452785438146,0.585189747101292,0.585851332463051
2022-02-12,cbb682f5fcc44bfc,507080ccded73591,9edf2c9082cc2cd8,d66a46de8d705353,Blood Diamond,Jeremiah Wells,0,0.439979865959268,Welterweight,mens_welter_to_middle,0.458837940427436,separate_group_model,0.439979865959268,0.449390718933548,0.439979865959268,0.458837940427436
2022-02-12,cbb682f5fcc44bfc,821bef3a3394dd96,2f6a993c7f547c13,3a314d9fa7c6825d,Sergey Morozov,Douglas Silva de Andrade,0,0.630893909008424,Bantamweight,mens_below_welterweight,0.676549741837803,separate_group_model,0.630893909008424,0.654076602686997,0.642568654147582,0.676549741837803
2022-02-12,cbb682f5fcc44bfc,c16bda7548181613,009c4420727149ea,d4270315cbcf2569,AJ Dobson,Jacob Malkoun,0,0.353022974984986,Middleweight,mens_welter_to_middle,0.4326054089824,separate_group_model,0.353022974984986,0.392097658650286,0.353022974984986,0.4326054089824
2022-02-12,cbb682f5fcc44bfc,19e742ccaa09cf08,c0386644627a7ee5,e7e01e266a9d4342,Mana Martinez,Ronnie Lawrence,0,0.293965708443875,Bantamweight,mens_below_welterweight,0.300680358801999,separate_group_model,0.293965708443875,0.297312098215312,0.295636155806523,0.300680358801999
2022-02-12,cbb682f5fcc44bfc,3bebd99d5f94bec7,78a68f1dade6aaf7,9014c02eff8b3d62,Fabio Cherant,Carlos Ulberg,0,0.449772507661296,Light Heavyweight,mens_light_heavy_plus,0.504350320406444,separate_group_model,0.449772507661296,0.476992736452356,0.490664538986514,0.504350320406444
2022-02-12,cbb682f5fcc44bfc,a0ba726da4a50458,2804ce8dadab5770,60425d07ef4b91a7,Marcelo Rojo,Kyler Phillips,0,0.135268136403072,Bantamweight,mens_below_welterweight,0.131915101445616,separate_group_model,0.135268136403072,0.133582720717584,0.13442319730214,0.131915101445616
2022-02-12,cbb682f5fcc44bfc,b1e048825b5bbe1c,04835018f90b118c,4498b382c65a7faa,Casey O'Neill,Roxanne Modafferi,1,0.88862486025955,Women's Flyweight,womens_all,0.63822305952358,separate_group_model,0.88862486025955,0.789550074861364,0.789550074861364,0.63822305952358
2022-02-12,cbb682f5fcc44bfc,81c22cfa22002ea4,2b68d9f125d07b42,3738e68d2261e60f,Jared Vanderaa,Andrei Arlovski,0,0.46367949375678,Heavyweight,mens_light_heavy_plus,0.284662700775467,separate_group_model,0.46367949375678,0.369702386312385,0.325749834927328,0.284662700775467
2022-02-12,cbb682f5fcc44bfc,388adad23aaa9d39,887961364be5ceb3,b7b84ccd221be298,King Green,Nasrat Haqparast,1,0.446571199077031,Lightweight,mens_below_welterweight,0.419196540978215,separate_group_model,0.446571199077031,0.432832612393594,0.439690354334943,0.419196540978215
2022-02-12,cbb682f5fcc44bfc,238832b58a66ae07,262a7d06203657e6,b6452706b373eea1,Alexander Hernandez,Renato Moicano,0,0.571034137889971,Lightweight,mens_below_welterweight,0.633663968588654,separate_group_model,0.571034137889971,0.602769873025689,0.586992352428164,0.633663968588654
2022-02-12,cbb682f5fcc44bfc,18a1617ee7356352,13a0275fa13c4d26,b1a3e0aca758b322,Jared Cannonier,Derek Brunson,1,0.323150503013799,Middleweight,mens_welter_to_middle,0.348689677609522,separate_group_model,0.323150503013799,0.335800055074437,0.323150503013799,0.348689677609522
2022-02-12,cbb682f5fcc44bfc,bb42336d6417914c,c62fbc117d57b943,d3df1add9d9a7efb,Tai Tuivasa,Derrick Lewis,1,0.452226076700275,Heavyweight,mens_light_heavy_plus,0.344742453556778,separate_group_model,0.452226076700275,0.397245482024493,0.370611782861839,0.344742453556778
2022-02-12,cbb682f5fcc44bfc,ca8f73d038c4d6e7,1338e2c7480bdf9e,e1147d3d2dabe1ce,Israel Adesanya,Robert Whittaker,1,0.605150432748735,Middleweight,mens_welter_to_middle,0.648283783810638,separate_group_model,0.605150432748735,0.626969581812859,0.605150432748735,0.648283783810638
2022-02-19,77940e45bc86208e,8cd583f6d10692bc,01fed6f61ebea01f,bc711b6dd95c1af6,Jay Perrin,Mario Bautista,0,0.48514334658682,Bantamweight,mens_below_welterweight,0.481074469058437,separate_group_model,0.48514334658682,0.483108627853536,0.484125921433909,0.481074469058437
2022-02-19,77940e45bc86208e,528c208293bdef13,5ec591b78349ba7e,87c0b1c696ddfb43,Christian Rodriguez,Jonathan Pearce,0,0.386573481036791,Featherweight,mens_below_welterweight,0.413094161224499,separate_group_model,0.386573481036791,0.399760367873218,0.393147454407676,0.413094161224499
2022-02-19,77940e45bc86208e,ea63f56779100678,8c39367b53eadf8a,c7c39e2fb70248b3,Jesse Strader,Chad Anheliger,0,0.541894226161952,Bantamweight,mens_below_welterweight,0.548664618714555,separate_group_model,0.541894226161952,0.545281515225641,0.543588374644792,0.548664618714555
2022-02-19,77940e45bc86208e,33cc40fc1da409d3,5dd180c8b3196786,d7e40dca3ae125be,Gloria de Paula,Diana Belbita,1,0.414899504193014,Women's Strawweight,womens_all,0.434733790357152,separate_group_model,0.414899504193014,0.424786373547573,0.424786373547573,0.434733790357152
2022-02-19,77940e45bc86208e,2d8db91f91f68069,4bd6b4800070b069,ef1182eb28c17d4e,Chas Skelly,Mark Striegl,1,0.519747988671306,Featherweight,mens_below_welterweight,0.478385631506162,separate_group_model,0.519747988671306,0.499065210804114,0.509410626816184,0.478385631506162
2022-02-19,77940e45bc86208e,e36a5d4d53b97d4e,5e6294b37bbef029,6c8072b61c276e67,Stephanie Egger,Jessica-Rose Clark,1,0.501841896685238,Women's Bantamweight,womens_all,0.481749492855454,separate_group_model,0.501841896685238,0.491792380423092,0.491792380423092,0.481749492855454
2022-02-19,77940e45bc86208e,25da52bc590ef664,436f970c9ea9169c,ffe9703408fb5964,Gabriel Benitez,David Onama,0,0.333047747558516,Featherweight,mens_below_welterweight,0.315041738854926,separate_group_model,0.333047747558516,0.323979604713664,0.328497693020118,0.315041738854926
2022-02-19,77940e45bc86208e,04e2d50c24a88dbd,b9437600497350f3,eae431e70064e046,Joaquin Buckley,Abdul Razak Alhassan,1,0.591581270717081,Middleweight,mens_welter_to_middle,0.593366557213775,separate_group_model,0.591581270717081,0.592474219142517,0.591581270717081,0.593366557213775
2022-02-19,77940e45bc86208e,958799d957945a3a,37f560436d745c18,d1941565abf50b16,Nikolas Motta,Jim Miller,0,0.53389052572671,Lightweight,mens_below_welterweight,0.640317704312981,separate_group_model,0.53389052572671,0.588134011831676,0.561195056264402,0.640317704312981
2022-02-19,77940e45bc86208e,93026443e5140415,ac40f7e3cbecdda4,c9a94278df042f46,Parker Porter,Alan Baudot,1,0.414813887234825,Heavyweight,mens_light_heavy_plus,0.472025393172721,separate_group_model,0.414813887234825,0.443231409346818,0.457592987346657,0.472025393172721
2022-02-19,77940e45bc86208e,99fd8396cbe1df03,830f60497fab345a,d6c0cdd7e467c440,Jamie Pickett,Kyle Daukaus,0,0.371888473287078,Catch Weight,unclassified,0.371888473287078,global_fallback_unclassified,0.371888473287078,0.371888473287078,0.371888473287078,0.371888473287078
2022-02-19,77940e45bc86208e,f7865e5a6d009a87,5444c5a201d3ee5a,c21f26bbde777573,Jamahal Hill,Johnny Walker,1,0.53235753064908,Light Heavyweight,mens_light_heavy_plus,0.526584229547786,separate_group_model,0.53235753064908,0.529471865850104,0.528028282147902,0.526584229547786
2022-02-26,f6a7b02c42e9fc5b,181ceedcacc01d48,798e48f9e7f6ba22,dc7927cd622676a7,Carlos Hernandez,Victor Altamirano,1,0.510673105588553,Flyweight,mens_below_welterweight,0.535710748703639,separate_group_model,0.510673105588553,0.523206506309917,0.516942470435263,0.535710748703639
2022-02-26,f6a7b02c42e9fc5b,c5d5fcf290cc029e,3d074044a33825e7,ce175eaafe867d1f,Ramiz Brahimaj,Micheal Gillmore,1,0.547498477701356,Welterweight,mens_welter_to_middle,0.555074844398883,separate_group_model,0.547498477701356,0.551289636450442,0.547498477701356,0.555074844398883
2022-02-26,f6a7b02c42e9fc5b,901e62b7af57f559,80daefbed11ce998,f2477cf43c4975cc,Alejandro Perez,Jonathan Martinez,0,0.444852483201194,Featherweight,mens_below_welterweight,0.472412374877351,separate_group_model,0.444852483201194,0.458600767457658,0.451717413296574,0.472412374877351
2022-02-26,f6a7b02c42e9fc5b,cb1f27818d46af0e,1e4f273069fb9e85,809bd1a871491508,Fares Ziam,Terrance McKinney,0,0.543749256085491,Lightweight,mens_below_welterweight,0.551615265639917,separate_group_model,0.543749256085491,0.547685238425025,0.545717961487213,0.551615265639917
2022-02-26,f6a7b02c42e9fc5b,f087a10a6f2bcc99,3eb4dc9a7d4ac906,68d35296f566792b,Ramona Pascual,Josiane Nunes,0,0.315888758122151,Women's Featherweight,womens_all,0.413959254330402,separate_group_model,0.315888758122151,0.363506715955133,0.363506715955133,0.413959254330402
2022-02-26,f6a7b02c42e9fc5b,61a20ff34b6948ba,a13d755965a4ec9f,e4a47b07044ddd72,Rongzhu,Ignacio Bahamondes,0,0.435802947475406,Lightweight,mens_below_welterweight,0.457832963042607,separate_group_model,0.435802947475406,0.446791836554369,0.441290203373022,0.457832963042607
2022-02-26,f6a7b02c42e9fc5b,84d633d4a9fbf331,369ea36e450ae62a,d1c65d2cf2925ddd,Armen Petrosyan,Gregory Rodrigues,1,0.252545685036395,Middleweight,mens_welter_to_middle,0.255601600025567,separate_group_model,0.252545685036395,0.254070612974083,0.252545685036395,0.255601600025567
2022-02-26,f6a7b02c42e9fc5b,8515f07911765f89,58bbef3770bb2dfc,eae48ff31db420c2,Joel Alvarez,Arman Tsarukyan,0,0.265102269984591,Lightweight,mens_below_welterweight,0.19810441056282,separate_group_model,0.265102269984591,0.229895753135778,0.247077955174314,0.19810441056282
2022-02-26,f6a7b02c42e9fc5b,c4eb14c3de579842,a20f234df70f2182,b1e5bcaad32a3cac,Ji Yeon Kim,Priscila Cachoeira,0,0.645541450989863,Women's Flyweight,womens_all,0.499074655202098,separate_group_model,0.645541450989863,0.573928662120711,0.573928662120711,0.499074655202098
2022-02-26,f6a7b02c42e9fc5b,01468f766dd7385c,4dcfb28c011c11b2,67f272324a030d00,Wellington Turman,Misha Cirkunov,1,0.379267171333839,Middleweight,mens_welter_to_middle,0.371122315125251,separate_group_model,0.379267171333839,0.375185913018613,0.379267171333839,0.371122315125251
2022-02-26,f6a7b02c42e9fc5b,2f4d42e0b9696f71,275aca31f61ba28c,887961364be5ceb3,Islam Makhachev,King Green,1,0.791494530328016,Catch Weight,unclassified,0.791494530328016,global_fallback_unclassified,0.791494530328016,0.791494530328016,0.791494530328016,0.791494530328016
2022-03-05,75e0d3cc2262b732,d5323490163dde0e,0d65c432720accb9,e4277e87a789d687,Michal Oleksiejczuk,Dustin Jacoby,0,0.634474028008361,Light Heavyweight,mens_light_heavy_plus,0.529007648739819,separate_group_model,0.634474028008361,0.582686125286555,0.556010318820956,0.529007648739819
2022-03-05,75e0d3cc2262b732,36d9337a27b71ba9,207773daeb4afa7b,5b86d491d63890c5,Devonte Smith,Ludovit Klein,0,0.487118018531474,Lightweight,mens_below_welterweight,0.448806839883003,separate_group_model,0.487118018531474,0.467915142343997,0.477508269791536,0.448806839883003
2022-03-05,75e0d3cc2262b732,c420c376cc1d149c,c96d9178c9ed9e62,f00ac08ab056af5d,Tim Elliott,Tagir Ulanbekov,1,0.388286820087671,Flyweight,mens_below_welterweight,0.347962273850729,separate_group_model,0.388286820087671,0.367893641988105,0.378036301123855,0.347962273850729
2022-03-05,75e0d3cc2262b732,59d44b6888885500,2b6fc1c02736833d,7be14eaed4c74856,Umar Nurmagomedov,Brian Kelleher,1,0.751354072370157,Featherweight,mens_below_welterweight,0.794050799851258,separate_group_model,0.751354072370157,0.773412700465062,0.762559740639348,0.794050799851258
2022-03-05,75e0d3cc2262b732,c6fc43c351b08bda,a08ddd04eaffd81d,b4192a975027aab6,Mariya Agapova,Maryna Moroz,0,0.644015524371481,Women's Flyweight,womens_all,0.581259276102199,separate_group_model,0.644015524371481,0.613106773272972,0.613106773272972,0.581259276102199
2022-03-05,75e0d3cc2262b732,ee278a5a25744cac,8667caa0451d245b,8c57c7b8c3bab0eb,Kennedy Nzechukwu,Nicolae Negumereanu,0,0.701518924822548,Light Heavyweight,mens_light_heavy_plus,0.689378254092084,separate_group_model,0.701518924822548,0.695482600618766,0.692438845083638,0.689378254092084
2022-03-05,75e0d3cc2262b732,9321b3c90ea5ca6c,c41d426cc7326d1b,cd2c4d30c6e13b47,Yan Xiaonan,Marina Rodriguez,0,0.306697087260719,Women's Strawweight,womens_all,0.440951982951637,separate_group_model,0.306697087260719,0.371344570504597,0.371344570504597,0.440951982951637
2022-03-05,75e0d3cc2262b732,fce6ab43b7d09aa4,4d8fa64202cee4c1,af9f42e6894047fc,Jalin Turner,Jamie Mullarkey,1,0.587015801302264,Lightweight,mens_below_welterweight,0.561515469841311,separate_group_model,0.587015801302264,0.574315051097961,0.580678788259807,0.561515469841311
2022-03-05,75e0d3cc2262b732,cda06ff86cfe4f5f,85073dbd1be65ed9,e2f6b2769aaedd6c,Greg Hardy,Serghei Spivac,0,0.410261689959495,Heavyweight,mens_light_heavy_plus,0.400440629013487,separate_group_model,0.410261689959495,0.405341690027097,0.402888735428717,0.400440629013487
2022-03-05,75e0d3cc2262b732,43b43c5d439b2f98,3a46b268013afede,57b10fca4f9c9a7a,Kevin Holland,Alex Oliveira,1,0.794720556012748,Welterweight,mens_welter_to_middle,0.801737650524962,separate_group_model,0.794720556012748,0.79825189987154,0.794720556012748,0.801737650524962
2022-03-05,75e0d3cc2262b732,abd45edc07a8d9e3,64a50dad704d1d49,d9c6f19f958643e9,Edson Barboza,Bryce Mitchell,0,0.363664697535152,Featherweight,mens_below_welterweight,0.300784501555887,separate_group_model,0.363664697535152,0.331473286102367,0.347394624468976,0.300784501555887
2022-03-05,75e0d3cc2262b732,838bb84a5a976a9c,6a2f7c151031653d,b6452706b373eea1,Rafael Dos Anjos,Renato Moicano,1,0.480432817613439,Catch Weight,unclassified,0.480432817613439,global_fallback_unclassified,0.480432817613439,0.480432817613439,0.480432817613439,0.480432817613439
2022-03-05,75e0d3cc2262b732,d03d0abf331df751,47b9e0e7703a4868,dc9572dd6ec74859,Jorge Masvidal,Colby Covington,0,0.334028240354989,Welterweight,mens_welter_to_middle,0.43084353466734,separate_group_model,0.334028240354989,0.381257060798362,0.334028240354989,0.43084353466734
2022-03-12,1f9344211ca7fd60,f10c2c84652ef573,6aae253467e8f9ce,e90a2f22417af68e,Tafon Nchukwi,Azamat Murzakanov,0,0.7661998516178,Light Heavyweight,mens_light_heavy_plus,0.721929002493072,separate_group_model,0.7661998516178,0.744694527277189,0.733466471011738,0.721929002493072
2022-03-12,1f9344211ca7fd60,b400c29fbeee0206,9c27f3217891f3f0,d05412b513b19621,Kris Moutinho,Guido Cannetti,0,0.525832156768975,Bantamweight,mens_below_welterweight,0.682700550150304,separate_group_model,0.525832156768975,0.607022986145054,0.566876392787045,0.682700550150304
2022-03-12,1f9344211ca7fd60,9cb78122a23e6a7d,ce632027bf2a871b,f14f644d41ade29f,Dalcha Lungiambula,Cody Brundage,0,0.334346275832558,Middleweight,mens_welter_to_middle,0.465801412054092,separate_group_model,0.334346275832558,0.398240844989131,0.334346275832558,0.465801412054092
2022-03-12,1f9344211ca7fd60,b55de7d791b9f62d,70d2329a92864fdb,f29a6350c69f4a33,Sabina Mazo,Miranda Maverick,0,0.400433167031597,Women's Flyweight,womens_all,0.453426439996369,separate_group_model,0.400433167031597,0.426719506618679,0.426719506618679,0.453426439996369
2022-03-12,1f9344211ca7fd60,5cad3ab6553e9ec9,29af297d9f1de0f8,c7d7fda69ec410d3,Damon Jackson,Kamuela Kirk,1,0.32077797691856,Featherweight,mens_below_welterweight,0.272363247475235,separate_group_model,0.32077797691856,0.295997254959514,0.308249578015719,0.272363247475235
2022-03-12,1f9344211ca7fd60,b70313eae7c24b27,bbab3baf66128ae2,ec23c1be628d8057,Javid Basharat,Trevin Jones,1,0.578985891477309,Bantamweight,mens_below_welterweight,0.612278450984378,separate_group_model,0.578985891477309,0.595742325822219,0.587389418619964,0.612278450984378
2022-03-12,1f9344211ca7fd60,26fbee4ed13ff35d,38c7f72747f4f712,6fd953151d981979,Gillian Robertson,JJ Aldrich,0,0.492743556023477,Women's Flyweight,womens_all,0.544052294538703,separate_group_model,0.492743556023477,0.518446553444767,0.518446553444767,0.544052294538703
2022-03-12,1f9344211ca7fd60,3b06c512abfa0494,4aa58269d0664b5b,725b1abc9a39d873,Matthew Semelsberger,AJ Fletcher,1,0.661408107875408,Welterweight,mens_welter_to_middle,0.725316634222324,separate_group_model,0.661408107875408,0.69429628189131,0.661408107875408,0.725316634222324
2022-03-12,1f9344211ca7fd60,226884e46a10865d,12ebd7d157e91701,e5549c82bfb5582d,Bruno Silva,Alex Pereira,0,0.546381054129257,Middleweight,mens_welter_to_middle,0.489577715799546,separate_group_model,0.546381054129257,0.518037661226636,0.546381054129257,0.489577715799546
2022-03-12,1f9344211ca7fd60,463fac0e48505b62,519e4fe37ce9ff75,809bd1a871491508,Drew Dober,Terrance McKinney,1,0.364962877314161,Lightweight,mens_below_welterweight,0.438294598337318,separate_group_model,0.364962877314161,0.401075219811613,0.382857423494648,0.438294598337318
2022-03-12,1f9344211ca7fd60,23eec2d9cb2d78cd,37d5b176d438d2a5,749f572d1d3161fb,Karl Roberson,Khalil Rountree Jr.,0,0.574457820616852,Light Heavyweight,mens_light_heavy_plus,0.481161013129372,separate_group_model,0.574457820616852,0.52805437484899,0.504617849446142,0.481161013129372
2022-03-12,1f9344211ca7fd60,70b8d357e89383bd,7aa3d6964eff4877,94426bb170c88115,Alex Caceres,Sodiq Yusuff,0,0.388996147424032,Featherweight,mens_below_welterweight,0.327893007866821,separate_group_model,0.388996147424032,0.357867467555434,0.373300621617259,0.327893007866821
2022-03-12,1f9344211ca7fd60,9b46a662b8fa1d8d,efb96bf3e9ada36f,fea79f9bc8c68769,Song Yadong,Marlon Moraes,1,0.821069544169936,Bantamweight,mens_below_welterweight,0.861486307095781,separate_group_model,0.821069544169936,0.842327697841497,0.831966727912487,0.861486307095781
2022-03-12,1f9344211ca7fd60,8aa16cc1ba99aac1,d802174b0c0c1f4e,dea070ed4a2a8281,Magomed Ankalaev,Thiago Santos,1,0.702088810256364,Light Heavyweight,mens_light_heavy_plus,0.671851985652885,separate_group_model,0.702088810256364,0.687169373114875,0.679559043600039,0.671851985652885
2022-03-19,1d00756835ca67c9,4c7e55061dc3bf89,75353550928a7921,7f6ed67d3ed3c036,Muhammad Mokaev,Cody Durden,1,0.570214527297236,Flyweight,mens_below_welterweight,0.575231770850886,separate_group_model,0.570214527297236,0.572725019327066,0.571470233153727,0.575231770850886
2022-03-19,1d00756835ca67c9,5e378c52f26935d6,3351aa64aa83c4d9,ac7c765882f2c68c,Cory McKenna,Elise Reed,0,0.546366893895109,Women's Strawweight,womens_all,0.518882945126329,separate_group_model,0.546366893895109,0.532649687552642,0.532649687552642,0.518882945126329
2022-03-19,1d00756835ca67c9,53d0df57a917c6a0,45e738622ea2c02c,b8a85389d115e35a,Timur Valiev,Jack Shore,0,0.189238568179125,Bantamweight,mens_below_welterweight,0.220467576559899,separate_group_model,0.189238568179125,0.204410275593766,0.196713997805144,0.220467576559899
2022-03-19,1d00756835ca67c9,766b4f5e77ab0860,1091d4d957141094,eabf206b162b3b83,Nikita Krylov,Paul Craig,0,0.482734250716932,Light Heavyweight,mens_light_heavy_plus,0.446709750307423,separate_group_model,0.482734250716932,0.464675928528918,0.455678419874471,0.446709750307423
2022-03-19,1d00756835ca67c9,ae989e21c3839b49,2f5cbecbbe18bac4,f14cf73e51b29254,Shamil Abdurakhimov,Sergei Pavlovich,0,0.226615030679777,Heavyweight,mens_light_heavy_plus,0.323018215212898,separate_group_model,0.226615030679777,0.272152305536023,0.296956562420981,0.323018215212898
2022-03-19,1d00756835ca67c9,6e705b2365bc03fa,56fcb2c4d99f9d1b,87a1dc546b1c5caf,Mike Grundy,Makwan Amirkhani,0,0.62300313031746,Featherweight,mens_below_welterweight,0.710712681394707,separate_group_model,0.62300313031746,0.668316633069205,0.645987507000415,0.710712681394707
2022-03-19,1d00756835ca67c9,a200b5dcbdd2506e,4c88a1db5a46c6a4,54f64b5e283b0ce7,Jai Herbert,Ilia Topuria,0,0.191476003886068,Lightweight,mens_below_welterweight,0.117124283799247,separate_group_model,0.191476003886068,0.150562211840769,0.170042921660514,0.117124283799247
2022-03-19,1d00756835ca67c9,5a878a6bebc973d7,51018a31ddf31eb2,528b071cf3da7c56,Molly McCann,Luana Carolina,1,0.416374522696665,Women's Flyweight,womens_all,0.476579679226648,separate_group_model,0.416374522696665,0.446280119128219,0.446280119128219,0.476579679226648
2022-03-19,1d00756835ca67c9,bcd1e1d71a172d53,8abac218746e04ca,fd55393021a8c255,Takashi Sato,Gunnar Nelson,0,0.347424235631115,Welterweight,mens_welter_to_middle,0.4434548585216,separate_group_model,0.347424235631115,0.394420929830351,0.347424235631115,0.4434548585216
2022-03-19,1d00756835ca67c9,001441f70c293931,7826923b47f8d72a,ec18eb918121787c,Paddy Pimblett,Kazula Vargas,1,0.71734150333153,Lightweight,mens_below_welterweight,0.739976220210827,separate_group_model,0.71734150333153,0.728807111611452,0.723110928167096,0.739976220210827
2022-03-19,1d00756835ca67c9,ce3d94186567a684,040a74bb0a465c54,193b9d1858bc4df3,Arnold Allen,Dan Hooker,1,0.636564688460747,Featherweight,mens_below_welterweight,0.737803421554236,separate_group_model,0.636564688460747,0.689446692596896,0.663517540343302,0.737803421554236
2022-03-19,1d00756835ca67c9,06641a8c62e45661,279566840aa55bf2,399afbabc02376b5,Alexander Volkov,Tom Aspinall,0,0.469188096261057,Heavyweight,mens_light_heavy_plus,0.512223784161913,separate_group_model,0.469188096261057,0.490688689036097,0.501456912262839,0.512223784161913
2022-03-26,1fac46d466abd5b8,97e522591ac7eb29,0e5c4e72237461bb,12e0fdc606f7e274,Bruno Souza,Luis Saldana,0,0.519698309990445,Featherweight,mens_below_welterweight,0.600419440259852,separate_group_model,0.519698309990445,0.560458623593087,0.540145596855543,0.600419440259852
2022-03-26,1fac46d466abd5b8,82b2b97b85c7225c,1a31ef98efce7a79,9ada30894bf04e19,Matheus Nicolau,David Dvorak,1,0.436912779590199,Flyweight,mens_below_welterweight,0.442399520321519,separate_group_model,0.436912779590199,0.439654306436923,0.438283071974356,0.442399520321519
2022-03-26,1fac46d466abd5b8,3ecccdab76baa59c,34ff304266360297,8e1f36476ef02a6a,Manon Fiorot,Jennifer Maia,1,0.702512296326733,Women's Flyweight,womens_all,0.58875556895177,separate_group_model,0.702512296326733,0.647725587623347,0.647725587623347,0.58875556895177
2022-03-26,1fac46d466abd5b8,6ed495c177d69a3a,0112352cb32f5026,7ab478c397cd68ef,Denis Tiuliulin,Aliaskhab Khizriev,0,0.487278892956608,Middleweight,mens_welter_to_middle,0.52489274061512,separate_group_model,0.487278892956608,0.506094440489027,0.487278892956608,0.52489274061512
2022-03-26,1fac46d466abd5b8,d0b7a79d3e7f3362,3b0a516d2921e0d6,45f0cc9d18f35137,Batgerel Danaa,Chris Gutierrez,0,0.475682040417897,Bantamweight,mens_below_welterweight,0.430741977874722,separate_group_model,0.475682040417897,0.453116484601256,0.464381032711921,0.430741977874722
2022-03-26,1fac46d466abd5b8,bb31c77bddd1317e,351c4ec637380ad5,7be74a12d7352df2,Karol Rosa,Sara McMann,0,0.820830003077997,Women's Bantamweight,womens_all,0.573674875594431,separate_group_model,0.820830003077997,0.712881618485599,0.712881618485599,0.573674875594431
2022-03-26,1fac46d466abd5b8,f6afaf2a39fa441c,19c591115a58982c,32c355b04fc57f3a,Viacheslav Borshchev,Marc Diakiese,0,0.588811051949037,Lightweight,mens_below_welterweight,0.584561074670077,separate_group_model,0.588811051949037,0.586687677612441,0.587749772992677,0.584561074670077
2022-03-26,1fac46d466abd5b8,3f92025b29e06bfd,84b3e7d38f2d2ec5,b0d6a1d8ac3d563d,Neil Magny,Max Griffin,1,0.679459954876938,Welterweight,mens_welter_to_middle,0.591122015336839,separate_group_model,0.679459954876938,0.63644059523763,0.679459954876938,0.591122015336839
2022-03-26,1fac46d466abd5b8,410e65e4d1782bfc,853eb0dd5c0e2149,b1d19449397541dc,Kai Kara-France,Askar Askarov,1,0.449232954888203,Flyweight,mens_below_welterweight,0.420280695284394,separate_group_model,0.449232954888203,0.434701140471679,0.441954622609259,0.420280695284394
2022-03-26,1fac46d466abd5b8,f3c37e23ca30c87d,31123249b0bbf52e,a331233f597090a5,Matt Brown,Bryan Barberena,0,0.389994486299343,Welterweight,mens_welter_to_middle,0.47633642532616,separate_group_model,0.389994486299343,0.432654192668505,0.389994486299343,0.47633642532616
2022-03-26,1fac46d466abd5b8,1b650c76387c0f4b,12f91bfa8f1f723b,e8b731feff72294b,Joanne Wood,Alexa Grasso,0,0.298763297273292,Women's Flyweight,womens_all,0.479613662403334,separate_group_model,0.298763297273292,0.385233652595949,0.385233652595949,0.479613662403334
2022-03-26,1fac46d466abd5b8,c4e866d9dd606faa,d0aaedcf7ccd0b45,fa6796c55d6c5440,Chris Daukaus,Curtis Blaydes,0,0.221744686926153,Heavyweight,mens_light_heavy_plus,0.231523589092447,separate_group_model,0.221744686926153,0.226596844034697,0.229050905828469,0.231523589092447
2022-04-09,3a97fda0de6f1fa4,313c36ce9bde6cf6,1291edf2d566a71a,b67d6bacc68d4c92,Julio Arce,Daniel Santos,1,0.560084297166759,Bantamweight,mens_below_welterweight,0.535666943159071,separate_group_model,0.560084297166759,0.547904445576324,0.554002477113248,0.535666943159071
2022-04-09,3a97fda0de6f1fa4,9e52a67410f2c879,4100c7a09497ad41,e375cb5caf4717b6,Kay Hansen,Piera Rodriguez,0,0.650915525727614,Women's Strawweight,womens_all,0.565463854718354,separate_group_model,0.650915525727614,0.609025212305337,0.609025212305337,0.565463854718354
2022-04-09,3a97fda0de6f1fa4,278b965694e563b2,2b68d9f125d07b42,98c23cb6da5b3352,Jared Vanderaa,Aleksei Oleinik,0,0.685538021495135,Heavyweight,mens_light_heavy_plus,0.508991494152891,separate_group_model,0.685538021495135,0.600525535946642,0.555226898390676,0.508991494152891
2022-04-09,3a97fda0de6f1fa4,7458a37feabf8788,9e50097a89442158,dd6103dd7127db1d,Mickey Gall,Mike Malott,0,0.525609325692059,Welterweight,mens_welter_to_middle,0.545579919871841,separate_group_model,0.525609325692059,0.535608896855843,0.525609325692059,0.545579919871841
2022-04-09,3a97fda0de6f1fa4,88c6e7f71b79fd65,d4691518d012b9e7,fc169c387b4b465d,Aspen Ladd,Raquel Pennington,0,0.438019858453133,Women's Bantamweight,womens_all,0.536625226067372,separate_group_model,0.438019858453133,0.487197987192963,0.487197987192963,0.536625226067372
2022-04-09,3a97fda0de6f1fa4,7c6ed5b3d830d0cb,093e1f5bb73850be,ca43de99b07b6b40,Anthony Hernandez,Josh Fremd,1,0.555305275010856,Middleweight,mens_welter_to_middle,0.4924903969239,separate_group_model,0.555305275010856,0.523992721884391,0.555305275010856,0.4924903969239
2022-04-09,3a97fda0de6f1fa4,313b85fe82b2ba80,326a001926ffb7ec,442c9011034ae1fd,Darian Weeks,Ian Machado Garry,0,0.445792196109769,Welterweight,mens_welter_to_middle,0.363294337197899,separate_group_model,0.445792196109769,0.403864042784671,0.445792196109769,0.363294337197899
2022-04-09,3a97fda0de6f1fa4,15311d4b33d93004,c77a953488e5607d,da0995f19b749cfa,Vinc Pichel,Mark Madsen,0,0.54197134596761,Lightweight,mens_below_welterweight,0.528197328211753,separate_group_model,0.54197134596761,0.535091027632674,0.538533021804291,0.528197328211753
2022-04-09,3a97fda0de6f1fa4,d8945e21a63e2451,31ef8b67e13495b3,7447e9f28508106a,Tecia Pennington,Mackenzie Dern,0,0.465779460594229,Women's Strawweight,womens_all,0.514686461164454,separate_group_model,0.465779460594229,0.490209534155315,0.490209534155315,0.514686461164454
2022-04-09,3a97fda0de6f1fa4,394b0347b0438622,23024fdfc966410a,767755fd74662dbf,Gilbert Burns,Khamzat Chimaev,0,0.345896497316597,Welterweight,mens_welter_to_middle,0.29265847564252,separate_group_model,0.345896497316597,0.318686074382657,0.345896497316597,0.29265847564252
2022-04-09,3a97fda0de6f1fa4,9a8964b148cb5923,cb696ebfb6598724,d661ce4da776fc20,Aljamain Sterling,Petr Yan,1,0.499089777188898,Bantamweight,mens_below_welterweight,0.557971507077133,separate_group_model,0.499089777188898,0.528630230194526,0.513872118351399,0.557971507077133
2022-04-09,3a97fda0de6f1fa4,dc0ab34f1952cb48,c451d67c09c55418,e1248941344b3288,Chan Sung Jung,Alexander Volkanovski,0,0.22224239439526,Featherweight,mens_below_welterweight,0.155804329517466,separate_group_model,0.22224239439526,0.186758037179317,0.203926717759414,0.155804329517466
2022-04-16,8753e125f4499816,fb7ebdda8658fa05,1897b7b913736a7c,35b3772629e27a49,Alatengheili,Kevin Croom,1,0.529782271286968,Bantamweight,mens_below_welterweight,0.64835049544608,separate_group_model,0.529782271286968,0.59037924598445,0.560305456367101,0.64835049544608
2022-04-16,8753e125f4499816,0daf776bd222daad,e94085e821bd81de,efc67b07eed39794,Sam Hughes,Istela Nunes,1,0.407556263174684,Women's Strawweight,womens_all,0.485726127994511,separate_group_model,0.407556263174684,0.446309313964943,0.446309313964943,0.485726127994511
2022-04-16,8753e125f4499816,eac46cfead228e11,ac026518a9b4dc0f,cfc3e7bb44685289,Jordan Leavitt,Trey Ogden,1,0.688714232163209,Lightweight,mens_below_welterweight,0.692897927048563,separate_group_model,0.688714232163209,0.690809988694743,0.689763084161327,0.692897927048563
2022-04-16,8753e125f4499816,1ceab8fa45996f51,7a5e8c94a86f9895,8eb046f83e82bf26,Chris Barnett,Martin Buday,0,0.367539988508167,Heavyweight,mens_light_heavy_plus,0.361436859558845,separate_group_model,0.367539988508167,0.364482976083234,0.362958542956444,0.361436859558845
2022-04-16,8753e125f4499816,0987b3f785e26d1c,5580771f383e141f,e132d47bd9efbbe0,Jesse Ronson,Rafa Garcia,0,0.324136043854546,Lightweight,mens_below_welterweight,0.231143283069227,separate_group_model,0.324136043854546,0.275209970264295,0.299099828113766,0.231143283069227
2022-04-16,8753e125f4499816,74c58b9d638c5eaa,6a8928652fc01bee,7cbf7c78d3b34218,Brandon Jenkins,Drakkar Klose,0,0.262619208338614,Lightweight,mens_below_welterweight,0.254463201121386,separate_group_model,0.262619208338614,0.25852025537819,0.260564512032428,0.254463201121386
2022-04-16,8753e125f4499816,c20e6697335c3b3d,2eeaefbfc7f9fcff,91dac5e69e28d5b5,Lina Lansberg,Pannie Kianzad,0,0.214688586049416,Women's Bantamweight,womens_all,0.442201425117775,separate_group_model,0.214688586049416,0.317656601893555,0.317656601893555,0.442201425117775
2022-04-16,8753e125f4499816,b09f8cd4cbd7ba56,5da33b8fbfa5ee95,cc7040fe76f0ef91,William Knight,Devin Clark,0,0.400504344609705,Heavyweight,mens_light_heavy_plus,0.453186528714013,separate_group_model,0.400504344609705,0.426637358195074,0.439868938025333,0.453186528714013
2022-04-16,8753e125f4499816,559031e51ced0b53,1497e735d9f2560a,49ee5024966efc0d,Ange Loosa,Mounir Lazzez,0,0.520877034807183,Welterweight,mens_welter_to_middle,0.525145778960875,separate_group_model,0.520877034807183,0.523011827099682,0.520877034807183,0.525145778960875
2022-04-16,8753e125f4499816,4f6e7159e77d4215,b8bbdeff718dbb7d,cd2e5a390821fb48,Pat Sabatini,TJ Laramie,1,0.703494280746255,Featherweight,mens_below_welterweight,0.590258092702986,separate_group_model,0.703494280746255,0.64896955090009,0.67683249382822,0.590258092702986
2022-04-16,8753e125f4499816,2e94ee4b9f5fddea,cc8c623cca88f54f,fdbefee0827e1567,Mayra Bueno Silva,Wu Yanan,1,0.532500723159756,Women's Bantamweight,womens_all,0.513329598795595,separate_group_model,0.532500723159756,0.522923603876023,0.522923603876023,0.513329598795595
2022-04-16,8753e125f4499816,7c5fc3fc7be4a997,33efaf2d0941cfcf,82d4c957649faf9b,Andre Fialho,Miguel Baeza,1,0.363050109499926,Welterweight,mens_welter_to_middle,0.319637392255703,separate_group_model,0.363050109499926,0.341010482724591,0.363050109499926,0.319637392255703
2022-04-16,8753e125f4499816,a0a120c50d93f70a,4126a78111c0855a,684d3aee255a3d09,Caio Borralho,Gadzhi Omargadzhiev,1,0.538978963175904,Middleweight,mens_welter_to_middle,0.526048356033212,separate_group_model,0.538978963175904,0.532519119914036,0.538978963175904,0.526048356033212
2022-04-16,8753e125f4499816,6d4b6224f26572f9,6d4b63c767106d3a,b1b0729d27936f2f,Vicente Luque,Belal Muhammad,0,0.534623815016987,Welterweight,mens_welter_to_middle,0.485394846523036,separate_group_model,0.534623815016987,0.510033657023267,0.534623815016987,0.485394846523036
2022-04-23,236a37d96d476164,7cf7960c6ccb5fa1,0641c21bec209472,a6f3d15cb84334bb,Mike Jackson,Dean Barry,1,0.46200604831867,Welterweight,mens_welter_to_middle,0.483007897569414,separate_group_model,0.46200604831867,0.47249480420827,0.46200604831867,0.483007897569414
2022-04-23,236a37d96d476164,6a4ba72b084193b5,53c943c873cffe90,6370c1c1e12723d5,Philipe Lins,Marcin Prachnio,1,0.466608224713007,Light Heavyweight,mens_light_heavy_plus,0.458006052324471,separate_group_model,0.466608224713007,0.462304333194679,0.460154451899499,0.458006052324471
2022-04-23,236a37d96d476164,e4d946470fd150fe,9fe7af8b3fbe00a0,d9a56ecb6e94f02e,Preston Parsons,Evan Elder,1,0.502673236068514,Welterweight,mens_welter_to_middle,0.462153076237391,separate_group_model,0.502673236068514,0.482384197172839,0.502673236068514,0.462153076237391
2022-04-23,236a37d96d476164,926977ec3ed0ebe1,5f3da9a9610d8969,7d420039bbfe7c1a,Cameron Else,Aoriqileng,0,0.477064735313982,Bantamweight,mens_below_welterweight,0.426458334945263,separate_group_model,0.477064735313982,0.451636509121279,0.464327438598081,0.426458334945263
2022-04-23,236a37d96d476164,e8c57c6259193466,49e96ff8ab781589,f9d0cae37dabfafc,Tyson Pedro,Ike Villanueva,1,0.872266940687043,Light Heavyweight,mens_light_heavy_plus,0.853379242801078,separate_group_model,0.872266940687043,0.863096922715166,0.858307624059486,0.853379242801078
2022-04-23,236a37d96d476164,9b8a82276f06829f,8be158ca1e5ea6a0,90da09db03e41748,Dwight Grant,Sergey Khandozhko,0,0.342974319314809,Welterweight,mens_welter_to_middle,0.391141487862643,separate_group_model,0.342974319314809,0.366725110172301,0.342974319314809,0.391141487862643
2022-04-23,236a37d96d476164,992e84bf59837e21,8e9eb3fc86db0f7d,c878270af633eb11,Marc-Andre Barriault,Jordan Wright,1,0.642183388411488,Catch Weight,unclassified,0.642183388411488,global_fallback_unclassified,0.642183388411488,0.642183388411488,0.642183388411488,0.642183388411488
2022-04-23,236a37d96d476164,173d576e6247a88a,f1d64ae34e088832,f9b200db02b488d9,Charles Jourdain,Lando Vannata,1,0.539516216738707,Featherweight,mens_below_welterweight,0.562413282036489,separate_group_model,0.539516216738707,0.55099176394503,0.545259999783078,0.562413282036489
2022-04-23,236a37d96d476164,a45d4327bc82bc28,6a740daf1b279661,80d8aed0ca9b00f3,Maycee Barber,Montana De La Rosa,1,0.489227024617545,Women's Flyweight,womens_all,0.501653870545862,separate_group_model,0.489227024617545,0.495439743298647,0.495439743298647,0.501653870545862
2022-04-23,236a37d96d476164,6017351e164dbca3,c47df9303d318c67,d747eb273a40a920,Clay Guida,Claudio Puelles,0,0.309767314827758,Lightweight,mens_below_welterweight,0.263005850505906,separate_group_model,0.309767314827758,0.285813320472892,0.297651489727527,0.263005850505906
2022-04-23,236a37d96d476164,3a3ac7b3987f6799,3df5493bb279226f,6a1901c62ab3870f,Amanda Lemos,Jessica Andrade,0,0.373784532612916,Women's Strawweight,womens_all,0.544818452719004,separate_group_model,0.373784532612916,0.458066394140274,0.458066394140274,0.544818452719004
2022-04-30,6bf5a7d3e081ade2,80cf37627a129145,016a8d958883167c,568bbad0eaced57c,Gina Mazany,Shanna Young,0,0.577225285214611,Women's Flyweight,womens_all,0.546536771320203,separate_group_model,0.577225285214611,0.561940270970362,0.561940270970362,0.546536771320203
2022-04-30,6bf5a7d3e081ade2,9217ecc287ac482d,a29db9cd4f9ccea5,d80ee110748171ac,Natan Levy,Mike Breeden,1,0.684787926168364,Lightweight,mens_below_welterweight,0.709632905032705,separate_group_model,0.684787926168364,0.697354699704644,0.69110665533597,0.709632905032705
2022-04-30,6bf5a7d3e081ade2,5b731da9e4be4391,5eb50529a8418b77,f998f5c102250d6e,Gabe Green,Yohan Lainesse,1,0.465751935798027,Welterweight,mens_welter_to_middle,0.438554913160317,separate_group_model,0.465751935798027,0.452117679409568,0.465751935798027,0.438554913160317
2022-04-30,6bf5a7d3e081ade2,7e4b7a70838e5ba4,31bb0772f21cabd8,cdadae5363b66eef,Daniel Lacerda,Francisco Figueiredo,0,0.384730958601376,Flyweight,mens_below_welterweight,0.462827281965585,separate_group_model,0.384730958601376,0.423300123894638,0.403867055272986,0.462827281965585
2022-04-30,6bf5a7d3e081ade2,d2484d74f819d813,01b352b6a9074d5c,c0badf3243907e59,Chase Sherman,Alexandr Romanov,0,0.139084271582412,Heavyweight,mens_light_heavy_plus,0.105246542500351,separate_group_model,0.139084271582412,0.121150552550707,0.112954509994556,0.105246542500351
2022-04-30,6bf5a7d3e081ade2,6b956992204ec040,4e06913c91da5200,6ac9bc2953c47345,Krzysztof Jotko,Gerald Meerschaert,1,0.523522940332736,Middleweight,mens_welter_to_middle,0.515321220633678,separate_group_model,0.523522940332736,0.519423389034307,0.523522940332736,0.515321220633678
2022-04-30,6bf5a7d3e081ade2,760e3f292b834637,2ebfbe72ed703925,92a9aa9c93192871,Tristan Connelly,Darren Elkins,0,0.447101331391065,Featherweight,mens_below_welterweight,0.531395905607487,separate_group_model,0.447101331391065,0.489171640932312,0.468079759393326,0.531395905607487
2022-04-30,6bf5a7d3e081ade2,7c8701bb78cb4de8,7026eca45f65377b,99bd51917728c25d,Jared Gordon,Grant Dawson,0,0.289305836322943,Lightweight,mens_below_welterweight,0.252096247195811,separate_group_model,0.289305836322943,0.270298118740873,0.279703224087042,0.252096247195811
2022-04-30,6bf5a7d3e081ade2,632c2d4ed12f2bdf,791c8437b341fba5,8fd808923cffff82,Joanderson Brito,Andre Fili,1,0.491180585649292,Featherweight,mens_below_welterweight,0.536802750826355,separate_group_model,0.491180585649292,0.514020873949633,0.502602087289905,0.536802750826355
2022-04-30,6bf5a7d3e081ade2,eb277b5ea2a19124,3738e68d2261e60f,92fa1401b7927da3,Andrei Arlovski,Jake Collier,1,0.447706275700466,Heavyweight,mens_light_heavy_plus,0.650453281486816,separate_group_model,0.447706275700466,0.551206046992391,0.601876143973042,0.650453281486816
2022-04-30,6bf5a7d3e081ade2,5ae5eb729c6bb169,05339613bf8e9808,7c7332319c14094c,Rob Font,Marlon Vera,0,0.504680236259653,Bantamweight,mens_below_welterweight,0.476079250652188,separate_group_model,0.504680236259653,0.490371864564314,0.497525543805397,0.476079250652188
2022-05-07,253d3f9e97ca149a,430309e0f8a315d5,78f485f851891d68,9e92e1ca498d7244,Journey Newson,Fernie Garcia,1,0.448087868391716,Bantamweight,mens_below_welterweight,0.478607857146023,separate_group_model,0.448087868391716,0.463313505618679,0.45569033384877,0.478607857146023
2022-05-07,253d3f9e97ca149a,88455c967a7ef6fc,8e5d953bdb9ae5e7,c0d5c0c95c59050b,Loopy Godinez,Ariane Carnelossi,1,0.748101711123225,Women's Strawweight,womens_all,0.574493301304404,separate_group_model,0.748101711123225,0.666936272190638,0.666936272190638,0.574493301304404
2022-05-07,253d3f9e97ca149a,8289033e03b4d9a3,077e3ace32b72be9,102a8fdf8cbf7467,CJ Vergara,Kleydson Rodrigues,1,0.543906218037888,Flyweight,mens_below_welterweight,0.544002059904327,separate_group_model,0.543906218037888,0.543954139378,0.543930178809612,0.544002059904327
2022-05-07,253d3f9e97ca149a,60d9d50b763adc62,68d4a891e5cf2029,a4a80dd7336ffd59,Tracy Cortez,Melissa Gatto,1,0.455408044346141,Women's Flyweight,womens_all,0.420779183049245,separate_group_model,0.455408044346141,0.438018129079007,0.438018129079007,0.420779183049245
2022-05-07,253d3f9e97ca149a,397dd9a8694ef413,33efaf2d0941cfcf,87e2468b986ebb79,Andre Fialho,Cameron VanCamp,1,0.572546148673055,Welterweight,mens_welter_to_middle,0.539229953085805,separate_group_model,0.572546148673055,0.555950941314373,0.572546148673055,0.539229953085805
2022-05-07,253d3f9e97ca149a,ff6c8dab41efcc09,1788eee370f077b7,ab943cd2c3c17825,Blagoy Ivanov,Marcos Rogerio de Lima,1,0.450279603988674,Heavyweight,mens_light_heavy_plus,0.275179987789803,separate_group_model,0.450279603988674,0.358008229104712,0.315126771365282,0.275179987789803
2022-05-07,253d3f9e97ca149a,80ac36a9dbc4b1a1,67c1d46f4ed16f9e,6e15f63b6c2e2c15,Matt Schnell,Brandon Royval,0,0.498217702165072,Flyweight,mens_below_welterweight,0.569660946943953,separate_group_model,0.498217702165072,0.534114258576464,0.516186860010656,0.569660946943953
2022-05-07,253d3f9e97ca149a,fc4939b3c9071e66,9cdd2da1a9104a0b,d3f5d33d61cd00c9,Macy Chiasson,Norma Dumont,1,0.411606463728117,Women's Featherweight,womens_all,0.498730394788263,separate_group_model,0.411606463728117,0.454822706562776,0.454822706562776,0.498730394788263
2022-05-07,253d3f9e97ca149a,6a902b97ac98c283,a6cba6bb66c1a8c9,a8283a4f415e1eb9,Danny Roberts,Francisco Trinaldo,0,0.472484269146965,Welterweight,mens_welter_to_middle,0.442731721194133,separate_group_model,0.472484269146965,0.457570163491378,0.472484269146965,0.442731721194133
2022-05-07,253d3f9e97ca149a,8390441d93736719,2558ae2e5671e318,c6aee362c7a7d482,Khaos Williams,Randy Brown,0,0.619925851368485,Welterweight,mens_welter_to_middle,0.574557418031398,separate_group_model,0.619925851368485,0.597450118302807,0.619925851368485,0.574557418031398
2022-05-07,253d3f9e97ca149a,c020ccbd7cdefb6e,140745cbbcb023ac,50db8711c70196cd,Mauricio Rua,Ovince Saint Preux,0,0.537663007842188,Light Heavyweight,mens_light_heavy_plus,0.537464470719516,separate_group_model,0.537663007842188,0.537563740769906,0.537514106116488,0.537464470719516
2022-05-07,253d3f9e97ca149a,a2ebb5f86eb64f22,22a92d7f62195791,4b93a88f3b1de35b,Tony Ferguson,Michael Chandler,0,0.706382277565695,Lightweight,mens_below_welterweight,0.740939897875843,separate_group_model,0.706382277565695,0.723995631130137,0.715270927093263,0.740939897875843
2022-05-07,253d3f9e97ca149a,9d61012a6020516e,47b63240018d5d86,d910665038efc639,Rose Namajunas,Carla Esparza,0,0.683364573454403,Women's Strawweight,womens_all,0.58618675984757,separate_group_model,0.683364573454403,0.636163397254488,0.636163397254488,0.58618675984757
2022-05-07,253d3f9e97ca149a,7d4e49d8a6678157,07225ba28ae309b6,9e8f6c728eb01124,Charles Oliveira,Justin Gaethje,1,0.66163000722782,Lightweight,mens_below_welterweight,0.650770549876553,separate_group_model,0.66163000722782,0.656220694005495,0.658930523676631,0.650770549876553
2022-05-14,60ba33c3f555a7a3,afed0bac5ce5a2f3,12585614e0ed2626,5f61780fe5e9b6d0,Nick Maximov,Andre Petroski,0,0.476276312440016,Middleweight,mens_welter_to_middle,0.470577686901513,separate_group_model,0.476276312440016,0.473426134257762,0.476276312440016,0.470577686901513
2022-05-14,60ba33c3f555a7a3,22f1133d02700bb2,4461d7e47375a895,760a55d5b6098cbe,Tatsuro Taira,Carlos Candelario,1,0.626911511945874,Flyweight,mens_below_welterweight,0.657246630206292,separate_group_model,0.626911511945874,0.642221454401592,0.634600497106931,0.657246630206292
2022-05-14,60ba33c3f555a7a3,f549164690d723bb,7dda2cf308f24a02,f0feeb2192937424,Virna Jandiroba,Angela Hill,1,0.612093889113758,Women's Strawweight,womens_all,0.540331501717981,separate_group_model,0.612093889113758,0.576616695242819,0.576616695242819,0.540331501717981
2022-05-14,60ba33c3f555a7a3,8a1aa64eb1f17913,511e82663651438d,cd7763bcadb5d4c8,Michael Johnson,Alan Patrick,1,0.477604856008112,Lightweight,mens_below_welterweight,0.385377844913982,separate_group_model,0.477604856008112,0.430892184755499,0.454147620434943,0.385377844913982
2022-05-14,60ba33c3f555a7a3,7e047b195135ef06,05fa626cb33d15b8,36541f1e6c5d4955,Andrea Lee,Viviane Araujo,0,0.611205497165705,Women's Flyweight,womens_all,0.534662323036038,separate_group_model,0.611205497165705,0.573373196379213,0.573373196379213,0.534662323036038
2022-05-14,60ba33c3f555a7a3,b3248692dfb954b2,253076a23d03dcd0,60a42bf82447c919,Allan Nascimento,Jake Hadley,1,0.48906966902263,Flyweight,mens_below_welterweight,0.47745241889105,separate_group_model,0.48906966902263,0.483258782018224,0.486163757962208,0.47745241889105
2022-05-14,60ba33c3f555a7a3,e240d6f77747ec46,2e7878927067fdca,764342d39cdaa54a,Manuel Torres,Frank Camacho,1,0.64901698153992,Lightweight,mens_below_welterweight,0.668896753280327,separate_group_model,0.64901698153992,0.659026785290928,0.654038935825776,0.668896753280327
2022-05-14,60ba33c3f555a7a3,fad150a0288efbd7,beecb672a279223e,e872e9a9a902c045,Amanda Ribas,Katlyn Cerminara,0,0.603278383864238,Women's Flyweight,womens_all,0.52635117847383,separate_group_model,0.603278383864238,0.565207300368211,0.565207300368211,0.52635117847383
2022-05-14,60ba33c3f555a7a3,43543a2c1c7a7135,113df4fde64735c6,d2bc285ead803db0,Davey Grant,Louis Smolka,1,0.54205478880443,Bantamweight,mens_below_welterweight,0.535872587290805,separate_group_model,0.54205478880443,0.538965186381306,0.54051037684564,0.535872587290805
2022-05-14,60ba33c3f555a7a3,2fa88b72973478b6,a67f5afa8d6a1b80,cd13728ae1151f46,Ryan Spann,Ion Cutelaba,1,0.387991377018886,Light Heavyweight,mens_light_heavy_plus,0.4913689831235,separate_group_model,0.387991377018886,0.43901874568542,0.465097746061487,0.4913689831235
2022-05-14,60ba33c3f555a7a3,5c281439d20184f1,333b9e5c723ac873,99df7d0a2a08a8a8,Aleksandar Rakic,Jan Blachowicz,0,0.602928261419246,Light Heavyweight,mens_light_heavy_plus,0.507086502136273,separate_group_model,0.602928261419246,0.555523710667726,0.531379017113176,0.507086502136273
2022-05-21,a6c32678efd4f434,bc7228d30ff5be46,ac7c765882f2c68c,e94085e821bd81de,Elise Reed,Sam Hughes,0,0.569235564399395,Women's Strawweight,womens_all,0.530051007670624,separate_group_model,0.569235564399395,0.549720389439258,0.549720389439258,0.530051007670624
2022-05-21,a6c32678efd4f434,5136dc566f46daf6,971246648e162f0d,dbac0a413af64bbe,Chase Hooper,Felipe Colares,1,0.54130386198264,Featherweight,mens_below_welterweight,0.51580022359663,separate_group_model,0.54130386198264,0.528570687016981,0.534942967735503,0.51580022359663
2022-05-21,a6c32678efd4f434,3542f9f30926f364,37098a6e6c27fb66,f2477cf43c4975cc,Vince Morales,Jonathan Martinez,0,0.333483656226258,Bantamweight,mens_below_welterweight,0.301301997164976,separate_group_model,0.333483656226258,0.317174299165175,0.325276039437651,0.301301997164976
2022-05-21,a6c32678efd4f434,534c07488396e124,681399317dbf4701,a0e6753c42698f13,Uros Medic,Omar Morales,1,0.611806187828503,Lightweight,mens_below_welterweight,0.659203269272699,separate_group_model,0.611806187828503,0.635834129709346,0.623896365662858,0.659203269272699
2022-05-21,a6c32678efd4f434,1b4d0c9e3c59b33b,41e83a89929d1327,ac40f7e3cbecdda4,Jailton Almeida,Parker Porter,1,0.74268296642857,Heavyweight,mens_light_heavy_plus,0.699258345232454,separate_group_model,0.74268296642857,0.721489989563969,0.710500602661846,0.699258345232454
2022-05-21,a6c32678efd4f434,cbdfb3c648d7bada,70fa1c64a2c439ef,8d20d76af3f213ce,Alen Amedovski,Joseph Holmes,0,0.170090067575809,Middleweight,mens_welter_to_middle,0.213620032546144,separate_group_model,0.170090067575809,0.190908904281901,0.170090067575809,0.213620032546144
2022-05-21,a6c32678efd4f434,4a789cdd5aaf4439,285ae0b4a68221f4,cad24459b28592ca,JunYong Park,Eryk Anders,1,0.458395330203482,Middleweight,mens_welter_to_middle,0.437599941598493,separate_group_model,0.458395330203482,0.447974891604893,0.458395330203482,0.437599941598493
2022-05-21,a6c32678efd4f434,5eaff5c832430378,9673a497a9da119a,d25240135aee03e5,Polyana Viana,Tabatha Ricci,0,0.512247453628918,Women's Strawweight,womens_all,0.493085899598952,separate_group_model,0.512247453628918,0.502667656112171,0.502667656112171,0.493085899598952
2022-05-21,a6c32678efd4f434,f682118709b4143e,866fd7b1a6c90e7f,c68c68efaa5ca6ef,Dusko Todorovic,Chidi Njokuani,0,0.451616700089109,Middleweight,mens_welter_to_middle,0.403036153909729,separate_group_model,0.451616700089109,0.42715077808381,0.451616700089109,0.403036153909729
2022-05-21,a6c32678efd4f434,5d4fb748ad246269,595db60957de51d3,6d1bffff14897645,Michel Pereira,Santiago Ponzinibbio,1,0.625896765950396,Welterweight,mens_welter_to_middle,0.653038789065309,separate_group_model,0.625896765950396,0.639579287031873,0.625896765950396,0.653038789065309
2022-05-21,a6c32678efd4f434,7a2c841693b54dd7,634e2fb70bde3fd5,b9706f80d005036c,Holly Holm,Ketlen Vieira,0,0.48849219578332,Women's Bantamweight,womens_all,0.48112050262848,separate_group_model,0.48849219578332,0.484805522746561,0.484805522746561,0.48112050262848
2022-06-04,57591bbf1623574e,59b2bbb251968ca9,669970f7feba8ecd,6fd953151d981979,Erin Blanchfield,JJ Aldrich,1,0.662771319507746,Women's Flyweight,womens_all,0.556056422666736,separate_group_model,0.662771319507746,0.610739210266384,0.610739210266384,0.556056422666736
2022-06-04,57591bbf1623574e,a09447d185a62251,79325a3c1a5c3bf4,8f765fd5775a8873,Andreas Michailidis,Rinat Fakhretdinov,0,0.477530864107855,Welterweight,mens_welter_to_middle,0.505155346235326,separate_group_model,0.477530864107855,0.491336491960593,0.477530864107855,0.505155346235326
2022-06-04,57591bbf1623574e,7e20b0536fbbd560,008ea710276c9606,55fa6ce3e522c8bb,Jeff Molina,Zhalgas Zhumagulov,1,0.764747367404097,Flyweight,mens_below_welterweight,0.790420087517536,separate_group_model,0.764747367404097,0.777848554813313,0.771363979571165,0.790420087517536
2022-06-04,57591bbf1623574e,43d7d4b67be48553,601964f9654f911a,f6bcbd91b114ff58,Tony Gravely,Johnny Munoz,1,0.446981459701307,Bantamweight,mens_below_welterweight,0.465340271013416,separate_group_model,0.446981459701307,0.456145969987282,0.451559607876324,0.465340271013416
2022-06-04,57591bbf1623574e,ed32da52aff68944,62f7097c04311193,c2299ec916bc7c56,Niklas Stolze,Benoit Saint Denis,0,0.415982161691294,Lightweight,mens_below_welterweight,0.335473873488281,separate_group_model,0.415982161691294,0.374863133120814,0.395237399310176,0.335473873488281
2022-06-04,57591bbf1623574e,04e6198326be4857,29af297d9f1de0f8,e4ba58725825412d,Damon Jackson,Dan Argueta,1,0.561031596496526,Featherweight,mens_below_welterweight,0.467283200591901,separate_group_model,0.561031596496526,0.51428303031074,0.537740263603339,0.467283200591901
2022-06-04,57591bbf1623574e,e5e75d831670b401,af65aa688d13eedf,c3ded6f7155f9ea4,Joe Solecki,Alex Da Silva,1,0.582760860832686,Lightweight,mens_below_welterweight,0.569467340271136,separate_group_model,0.582760860832686,0.576127872903992,0.579447952836602,0.569467340271136
2022-06-04,57591bbf1623574e,4f2501e804c84abe,b6850671a008bf9a,d7c3816669784109,Felice Herrig,Karolina Kowalkiewicz,0,0.555239569877998,Women's Strawweight,womens_all,0.525465539101234,separate_group_model,0.555239569877998,0.540388593635404,0.540388593635404,0.525465539101234
2022-06-04,57591bbf1623574e,93969a7368dc2e14,a495f599e787614f,e92901944ce91909,Alonzo Menifield,Askar Mozharov,1,0.572870723483467,Light Heavyweight,mens_light_heavy_plus,0.573809912474649,separate_group_model,0.572870723483467,0.573340384093311,0.573575164863125,0.573809912474649
2022-06-04,57591bbf1623574e,a679800d2e7c3be2,6d68c1afe954f121,79cb2a690b9ba5e8,Ode Osbourne,Zarrukh Adashev,1,0.442549790447767,Flyweight,mens_below_welterweight,0.405281965181709,separate_group_model,0.442549790447767,0.42380754272196,0.433154758574753,0.405281965181709
2022-06-04,57591bbf1623574e,3aa49ed298e4c34f,5c126c6aac3ef364,9d62c2d8ee151f08,Poliana Botelho,Karine Silva,0,0.385930211813211,Women's Flyweight,womens_all,0.521393846956342,separate_group_model,0.385930211813211,0.452788022598621,0.452788022598621,0.521393846956342
2022-06-04,57591bbf1623574e,344d60564cd136ff,5bf31a46becc1204,710f0f8c5d5c9d41,Michael Trizano,Lucas Almeida,0,0.487602477377274,Featherweight,mens_below_welterweight,0.528890601368512,separate_group_model,0.487602477377274,0.508260625174671,0.497930668154718,0.528890601368512
2022-06-04,57591bbf1623574e,aacb47949a572f25,76e2870ffafbe38f,82a5152216251682,Movsar Evloev,Dan Ige,1,0.685750117877467,Featherweight,mens_below_welterweight,0.728955292128915,separate_group_model,0.685750117877467,0.707821437755926,0.696899288787848,0.728955292128915
2022-06-04,57591bbf1623574e,7a635063e5f1699b,279566840aa55bf2,2cd428e9606856fd,Alexander Volkov,Jairzinho Rozenstruik,1,0.625218817152226,Heavyweight,mens_light_heavy_plus,0.651635091157199,separate_group_model,0.625218817152226,0.638531655475599,0.645110579945945,0.651635091157199
2022-06-11,3a24769a4855040a,5f4a107d930e4852,3eb4dc9a7d4ac906,f9ab66e67240db7b,Ramona Pascual,Joselyne Edwards,0,0.388569550805125,Women's Featherweight,womens_all,0.443943688911484,separate_group_model,0.388569550805125,0.415991566441789,0.415991566441789,0.443943688911484
2022-06-11,3a24769a4855040a,f466cd99d02644e9,b4880ef2f838d4e1,ec0dcceace7d25a3,Silvana Gomez Juarez,Liang Na,1,0.391892781752924,Women's Strawweight,womens_all,0.518935262921659,separate_group_model,0.391892781752924,0.454676550177037,0.454676550177037,0.518935262921659
2022-06-11,3a24769a4855040a,029f5c36820fdc09,3b0a516d2921e0d6,a7897d200692ab64,Batgerel Danaa,Kyung Ho Kang,0,0.511713987909785,Bantamweight,mens_below_welterweight,0.526387375035287,separate_group_model,0.511713987909785,0.519054790092629,0.515385218855972,0.526387375035287
2022-06-11,3a24769a4855040a,50eed57ea1390e16,2f181c0467965b98,d4270315cbcf2569,Brendan Allen,Jacob Malkoun,1,0.461167909912069,Middleweight,mens_welter_to_middle,0.562758112005834,separate_group_model,0.461167909912069,0.512087836514266,0.461167909912069,0.562758112005834
2022-06-11,3a24769a4855040a,4a116a55ffaa0d64,8c1ca54b5089d199,97cf1a2c7c5e7889,Maheshate,Steve Garcia,1,0.545064884463925,Lightweight,mens_below_welterweight,0.601273127561554,separate_group_model,0.545064884463925,0.573406014454602,0.559283745736734,0.601273127561554
2022-06-11,3a24769a4855040a,c94b153951be7590,6751eacd16bd59bc,a68575214ecad140,Josh Culibao,SeungWoo Choi,1,0.526647230188198,Featherweight,mens_below_welterweight,0.591887706469518,separate_group_model,0.526647230188198,0.559524449802066,0.543132811923618,0.591887706469518
2022-06-11,3a24769a4855040a,f115a91066a77ee7,6b453bc35a823c3f,abd5fb12437eda21,Jack Della Maddalena,Ramazan Emeev,1,0.48042976891388,Welterweight,mens_welter_to_middle,0.481363559417937,separate_group_model,0.48042976891388,0.480896647484108,0.48042976891388,0.481363559417937
2022-06-11,3a24769a4855040a,d7a7ba46c4f075d7,33efaf2d0941cfcf,a845f0735bc67405,Andre Fialho,Jake Matthews,0,0.438254956008003,Welterweight,mens_welter_to_middle,0.481341502496416,separate_group_model,0.438254956008003,0.45972296949447,0.438254956008003,0.481341502496416
2022-06-11,3a24769a4855040a,4305cb30533dac77,1ebe20ebbfa15e29,3d6749c4267da18f,Zhang Weili,Joanna Jedrzejczyk,1,0.462280443003782,Women's Strawweight,womens_all,0.489825389419936,separate_group_model,0.462280443003782,0.476034691318232,0.476034691318232,0.489825389419936
2022-06-11,3a24769a4855040a,049ad6d87b42eba8,132deb59abae64b1,f7467152fd9f18a2,Valentina Shevchenko,Taila Santos,1,0.654692857561172,Women's Flyweight,womens_all,0.536531243754039,separate_group_model,0.654692857561172,0.597018842500439,0.597018842500439,0.536531243754039
2022-06-11,3a24769a4855040a,fd49f89b9d97566b,009341ed974bad72,7ff97850e8c32bda,Jiri Prochazka,Glover Teixeira,1,0.418412234202402,Light Heavyweight,mens_light_heavy_plus,0.267241897432551,separate_group_model,0.418412234202402,0.338725705331402,0.301783418804822,0.267241897432551
2022-06-18,a0a680fe2f6cc8e6,e8a5e53ffd33c0f9,327d5f279895110d,d6c0cdd7e467c440,Roman Dolidze,Kyle Daukaus,1,0.491929079837826,Middleweight,mens_welter_to_middle,0.507846284324327,separate_group_model,0.491929079837826,0.499887653617288,0.491929079837826,0.507846284324327
2022-06-18,a0a680fe2f6cc8e6,897d9e21c59d0633,483a953b18d73bb3,547afe1017e72dbe,Deron Winn,Phil Hawes,0,0.370459981686346,Middleweight,mens_welter_to_middle,0.300077450170949,separate_group_model,0.370459981686346,0.334347578964451,0.370459981686346,0.300077450170949
2022-06-18,a0a680fe2f6cc8e6,8b5c760f34daafe0,bf7ad5628363eec9,fc9a9559a05f2704,Cody Stamann,Eddie Wineland,1,0.78488657561788,Bantamweight,mens_below_welterweight,0.880010447452367,separate_group_model,0.78488657561788,0.838004028214637,0.812892051189991,0.880010447452367
2022-06-18,a0a680fe2f6cc8e6,5b5d7f7ae712c6d8,37d752ec41ed84bb,5dd180c8b3196786,Maria Oliveira,Gloria de Paula,1,0.583620565201118,Women's Strawweight,womens_all,0.52115019316897,separate_group_model,0.583620565201118,0.55259291261968,0.55259291261968,0.52115019316897
2022-06-18,a0a680fe2f6cc8e6,1378fc2be3819b2b,0de720c0f1d4ab9c,1ae8f3c723aacff4,Danny Chavez,Ricardo Ramos,0,0.235985180052175,Featherweight,mens_below_welterweight,0.242861726713223,separate_group_model,0.235985180052175,0.239406535531112,0.237691621348898,0.242861726713223
2022-06-18,a0a680fe2f6cc8e6,9a92d376fba2379d,523fa774700d7d3f,d66a46de8d705353,Court McGee,Jeremiah Wells,0,0.347219957185565,Welterweight,mens_welter_to_middle,0.374652283458466,separate_group_model,0.347219957185565,0.360822595946014,0.347219957185565,0.374652283458466
2022-06-18,a0a680fe2f6cc8e6,2c7c7648e847f2e5,262d32ebda89efc4,a9e260472d321361,Natalia Silva,Jasmine Jasudavicius,1,0.501115954174627,Women's Flyweight,womens_all,0.485429784577725,separate_group_model,0.501115954174627,0.493271213418596,0.493271213418596,0.485429784577725
2022-06-18,a0a680fe2f6cc8e6,20cefe64f4b28be8,0232cabbc30a2372,1a08b01fdabb6ae2,Adrian Yanez,Tony Kelley,1,0.724088440410329,Bantamweight,mens_below_welterweight,0.749932416754185,separate_group_model,0.724088440410329,0.737214836131282,0.730702137368263,0.749932416754185
2022-06-18,a0a680fe2f6cc8e6,5095f6290670009d,d0e1b42d41dab603,d1c65d2cf2925ddd,Julian Marquez,Gregory Rodrigues,0,0.427928816692897,Middleweight,mens_welter_to_middle,0.404123116639449,separate_group_model,0.427928816692897,0.41597696693938,0.427928816692897,0.404123116639449
2022-06-18,a0a680fe2f6cc8e6,4e6218b6b892b017,135d124172a0bea3,7772b283d288dbe2,Damir Ismagulov,Guram Kutateladze,1,0.573302995465156,Lightweight,mens_below_welterweight,0.608357763927668,separate_group_model,0.573302995465156,0.590945956390847,0.582150756546363,0.608357763927668
2022-06-18,a0a680fe2f6cc8e6,11e83902f5b8ff63,6b7c7460855dbbb9,b9437600497350f3,Albert Duraev,Joaquin Buckley,0,0.445802456124911,Middleweight,mens_welter_to_middle,0.495148182694846,separate_group_model,0.445802456124911,0.470402997897824,0.445802456124911,0.495148182694846
2022-06-18,a0a680fe2f6cc8e6,1bc662949337a8c4,3a46b268013afede,4b47e71384a9522f,Kevin Holland,Tim Means,1,0.673988821423152,Welterweight,mens_welter_to_middle,0.649036056142178,separate_group_model,0.673988821423152,0.661624806060914,0.673988821423152,0.649036056142178
2022-06-18,a0a680fe2f6cc8e6,6e559181bfbc77e1,751de04455cfaac0,fba03cd6cc28dc41,Calvin Kattar,Josh Emmett,0,0.522892113134017,Featherweight,mens_below_welterweight,0.556629980621058,separate_group_model,0.522892113134017,0.539806645224629,0.531358386275687,0.556629980621058
2022-06-25,eb42d4febfafefd1,2c73bf152247f25a,2c483cf443f38ece,d05cb1e8d1b885d8,Vanessa Demopoulos,Jinh Yu Frey,1,0.44552368339526,Women's Strawweight,womens_all,0.49314433248944,separate_group_model,0.44552368339526,0.469264043427909,0.469264043427909,0.49314433248944
2022-06-25,eb42d4febfafefd1,24a9fc95a3112f51,7be14eaed4c74856,bc711b6dd95c1af6,Brian Kelleher,Mario Bautista,0,0.414744495406372,Bantamweight,mens_below_welterweight,0.369091465384852,separate_group_model,0.414744495406372,0.391681130802543,0.403159295235285,0.369091465384852
2022-06-25,eb42d4febfafefd1,8cc43d79b61efc25,0b362247806341e5,7f6ed67d3ed3c036,JP Buys,Cody Durden,0,0.303064811036587,Flyweight,mens_below_welterweight,0.3489379994395,separate_group_model,0.303064811036587,0.32558366120317,0.31421494435644,0.3489379994395
2022-06-25,eb42d4febfafefd1,a457331c27bce6d5,2f6a993c7f547c13,82b4e942781b1046,Sergey Morozov,Raulian Paiva,1,0.358691167847696,Bantamweight,mens_below_welterweight,0.335487073090833,separate_group_model,0.358691167847696,0.346998234375162,0.352822669719227,0.335487073090833
2022-06-25,eb42d4febfafefd1,21f79cd40513d075,0a73acff6325c1e2,d31cbcdd7d69536d,Shayilan Nuerdanbieke,TJ Brown,1,0.487646301071385,Featherweight,mens_below_welterweight,0.47459892072995,separate_group_model,0.487646301071385,0.481119392187941,0.484382180652388,0.47459892072995
2022-06-25,eb42d4febfafefd1,28be3fbe5c377380,6aae253467e8f9ce,9014c02eff8b3d62,Tafon Nchukwi,Carlos Ulberg,0,0.605603993519562,Light Heavyweight,mens_light_heavy_plus,0.568549003058515,separate_group_model,0.605603993519562,0.587199980607589,0.577902264783584,0.568549003058515
2022-06-25,eb42d4febfafefd1,3f38100fd8dae286,260e9e0d4954aea6,5442f1bc4b47eaf3,Rodolfo Vieira,Chris Curtis,0,0.497049463323289,Middleweight,mens_welter_to_middle,0.487567172099111,separate_group_model,0.497049463323289,0.492307625896522,0.497049463323289,0.487567172099111
2022-06-25,eb42d4febfafefd1,28bd070f7ab0a0b9,2b6fc1c02736833d,6e9f40c706f91f32,Umar Nurmagomedov,Nate Maness,1,0.824795131148994,Bantamweight,mens_below_welterweight,0.856029552197747,separate_group_model,0.824795131148994,0.841033493077898,0.83307214124865,0.856029552197747
2022-06-25,eb42d4febfafefd1,029a12d36a4687e1,d945aae53e3e54e6,de45aaae23dfa392,Thiago Moises,Christos Giagos,1,0.555148310155449,Lightweight,mens_below_welterweight,0.593506104544732,separate_group_model,0.555148310155449,0.574439210058284,0.564818293656181,0.593506104544732
2022-06-25,eb42d4febfafefd1,c57c8e22a3e8dde2,b5da8f7d05e85a55,c9a94278df042f46,Josh Parisian,Alan Baudot,1,0.313163424944502,Heavyweight,mens_light_heavy_plus,0.342139592268402,separate_group_model,0.313163424944502,0.327487112060038,0.334773531504494,0.342139592268402
2022-06-25,eb42d4febfafefd1,3c98739eb42f96bf,01afe0916a40c7c5,84b3e7d38f2d2ec5,Shavkat Rakhmonov,Neil Magny,1,0.58788491640423,Welterweight,mens_welter_to_middle,0.621001502310108,separate_group_model,0.58788491640423,0.604563122855089,0.587884916404229,0.621001502310108
2022-06-25,eb42d4febfafefd1,1f5f59924b59408b,72db2a14ffa73ece,eae48ff31db420c2,Mateusz Gamrot,Arman Tsarukyan,1,0.358412224665799,Lightweight,mens_below_welterweight,0.36952193852877,separate_group_model,0.358412224665799,0.36394894688825,0.36117597463166,0.36952193852877
2022-07-02,4a9e305633f3ef47,0e2c7ec02a095813,6c8072b61c276e67,a78a87d8c2bbb1cb,Jessica-Rose Clark,Julija Stoliarenko,0,0.697384941986639,Women's Bantamweight,womens_all,0.583075225650189,separate_group_model,0.697384941986639,0.642249993884571,0.642249993884571,0.583075225650189
2022-07-02,4a9e305633f3ef47,1c85003f6ec59c9d,6a740daf1b279661,f72465a784c1b084,Maycee Barber,Jessica Eye,1,0.810518083330042,Women's Flyweight,womens_all,0.614762115103752,separate_group_model,0.810518083330042,0.723197322571354,0.723197322571354,0.614762115103752
2022-07-02,4a9e305633f3ef47,99ac96bb67e5c5e4,65578a75fa7900e3,886264a0c9f4ea5e,Uriah Hall,Andre Muniz,0,0.338319993067763,Middleweight,mens_welter_to_middle,0.335332108878749,separate_group_model,0.338319993067763,0.336824420588604,0.338319993067763,0.335332108878749
2022-07-02,4a9e305633f3ef47,57775c8af89007c7,0c6d9ea8306c029e,0d7b51c9d2649a6e,Brad Tavares,Dricus Du Plessis,0,0.395526508534861,Middleweight,mens_welter_to_middle,0.358521366367217,separate_group_model,0.395526508534861,0.376844414981829,0.395526508534861,0.358521366367217
2022-07-02,4a9e305633f3ef47,4d8d1701c43c5fea,442c9011034ae1fd,5eb50529a8418b77,Ian Machado Garry,Gabe Green,1,0.616704443270718,Welterweight,mens_welter_to_middle,0.651129061788047,separate_group_model,0.616704443270718,0.634087950596388,0.616704443270718,0.651129061788047
2022-07-02,4a9e305633f3ef47,459bc7c0b47719c3,1d00756835ca67c9,d1941565abf50b16,Donald Cerrone,Jim Miller,0,0.391043631767084,Welterweight,mens_welter_to_middle,0.304821543321362,separate_group_model,0.391043631767084,0.346675495327505,0.391043631767084,0.304821543321362
2022-07-02,4a9e305633f3ef47,98411542ca0e847d,37ed1ab2f8b819f4,4d8fa64202cee4c1,Brad Riddell,Jalin Turner,0,0.426357468701694,Lightweight,mens_below_welterweight,0.538508897649678,separate_group_model,0.426357468701694,0.482209130541718,0.454139030636556,0.538508897649678
2022-07-02,4a9e305633f3ef47,12a33d16e1d4e2d9,a331233f597090a5,f2925e6db404bf1d,Bryan Barberena,Robbie Lawler,1,0.582686425609078,Welterweight,mens_welter_to_middle,0.580977252243051,separate_group_model,0.582686425609078,0.581832084559479,0.582686425609078,0.580977252243051
2022-07-02,4a9e305633f3ef47,0308bcdd00cc72e2,0d8011111be000b2,e5549c82bfb5582d,Sean Strickland,Alex Pereira,0,0.678809696913521,Middleweight,mens_welter_to_middle,0.610138137106787,separate_group_model,0.678809696913521,0.645221488389662,0.678809696913521,0.610138137106787
2022-07-02,4a9e305633f3ef47,4047e98132306cd5,150ff4cc642270b9,e1248941344b3288,Max Holloway,Alexander Volkanovski,0,0.402256198891858,Featherweight,mens_below_welterweight,0.41111701870788,separate_group_model,0.402256198891858,0.406679017356188,0.404465668538632,0.41111701870788
2022-07-02,4a9e305633f3ef47,a7eaf7b101166d3e,1338e2c7480bdf9e,13a0275fa13c4d26,Israel Adesanya,Jared Cannonier,1,0.762905092852772,Middleweight,mens_welter_to_middle,0.706616498608412,separate_group_model,0.762905092852772,0.735719965695479,0.762905092852772,0.706616498608412
2022-07-09,31da66df48c0c1a0,fb3f5a65da9f2ac7,50a28b9f8314e008,e7e01e266a9d4342,Saidyokub Kakhramonov,Ronnie Lawrence,1,0.539913635778729,Bantamweight,mens_below_welterweight,0.566002532759291,separate_group_model,0.539913635778729,0.552994563502177,0.546462119039647,0.566002532759291
2022-07-09,31da66df48c0c1a0,478bc7d1288e043e,37d5b176d438d2a5,8667caa0451d245b,Karl Roberson,Kennedy Nzechukwu,0,0.328278558945873,Light Heavyweight,mens_light_heavy_plus,0.337381338017468,separate_group_model,0.328278558945873,0.332814351765629,0.335093985598318,0.337381338017468
2022-07-09,31da66df48c0c1a0,a652918360fe9a72,1effd880e1f1bb30,ffe9703408fb5964,Garrett Armfield,David Onama,0,0.422529543906247,Featherweight,mens_below_welterweight,0.465090206930703,separate_group_model,0.422529543906247,0.443706598267999,0.433087516039736,0.465090206930703
2022-07-09,31da66df48c0c1a0,81cbb709dedc914d,5f179af5fffeb9f6,d7338bcb141abd2c,Cortney Casey,Antonina Shevchenko,0,0.607175069272285,Women's Flyweight,womens_all,0.506959440595839,separate_group_model,0.607175069272285,0.557654006057293,0.557654006057293,0.506959440595839
2022-07-09,31da66df48c0c1a0,04e1ff7aeda2a018,147e70aa6cc48cfc,f14f644d41ade29f,Tresean Gore,Cody Brundage,0,0.433778948375245,Middleweight,mens_welter_to_middle,0.43645721040342,separate_group_model,0.433778948375245,0.435117606011134,0.433778948375245,0.43645721040342
2022-07-09,31da66df48c0c1a0,a103b30f6898de7e,511e82663651438d,af9f42e6894047fc,Michael Johnson,Jamie Mullarkey,0,0.321245562159576,Lightweight,mens_below_welterweight,0.262858586345837,separate_group_model,0.321245562159576,0.291190610852036,0.306011845426606,0.262858586345837
2022-07-09,31da66df48c0c1a0,c58b3223b5caa18a,24656ef4d605c96f,cd3d7e37ff2d679c,Aiemann Zahabi,Ricky Turcios,1,0.350585694265206,Bantamweight,mens_below_welterweight,0.303390586575465,separate_group_model,0.350585694265206,0.326549098749264,0.338463198529827,0.303390586575465
2022-07-09,31da66df48c0c1a0,cd63b4144a45b611,01b352b6a9074d5c,2b68d9f125d07b42,Chase Sherman,Jared Vanderaa,1,0.387749244650135,Heavyweight,mens_light_heavy_plus,0.374554073197484,separate_group_model,0.387749244650135,0.381129722485486,0.37783628025285,0.374554073197484
2022-07-09,31da66df48c0c1a0,bba6cc8760da34ab,0fd5f4b838e890cc,3a314d9fa7c6825d,Said Nurmagomedov,Douglas Silva de Andrade,1,0.753180381464404,Bantamweight,mens_below_welterweight,0.807665088667318,separate_group_model,0.753180381464404,0.781644938206545,0.767716613206189,0.807665088667318
2022-07-09,31da66df48c0c1a0,6c60e58f8e9e7a4c,369ea36e450ae62a,4126a78111c0855a,Armen Petrosyan,Caio Borralho,0,0.441830245747196,Middleweight,mens_welter_to_middle,0.412995025632038,separate_group_model,0.441830245747196,0.427350928545089,0.441830245747196,0.412995025632038
2022-07-09,31da66df48c0c1a0,be69cbf1f1671c8e,6a2f7c151031653d,c814b4c899793af6,Rafael Dos Anjos,Rafael Fiziev,0,0.502904812925676,Lightweight,mens_below_welterweight,0.46844039591147,separate_group_model,0.502904812925676,0.48565555212193,0.494278479937022,0.46844039591147
2022-07-16,8fd76e1b49c00ae2,b1af3bd0f8266a90,02f8fedc18cbd26c,c742287ed86a09bc,Emily Ducote,Jessica Penne,1,0.635423709380714,Women's Strawweight,womens_all,0.532060040279061,separate_group_model,0.635423709380714,0.584672931775316,0.584672931775316,0.532060040279061
2022-07-16,8fd76e1b49c00ae2,9f3326195672c2b9,71505842fb6455c3,8be158ca1e5ea6a0,Dustin Stoltzfus,Dwight Grant,1,0.52304049857555,Middleweight,mens_welter_to_middle,0.471613401451267,separate_group_model,0.52304049857555,0.497319861523909,0.52304049857555,0.471613401451267
2022-07-16,8fd76e1b49c00ae2,a5d2f0fed3ce2899,74f9448b97bf8bec,e4277e87a789d687,Da Woon Jung,Dustin Jacoby,0,0.630317745967421,Light Heavyweight,mens_light_heavy_plus,0.572735132786009,separate_group_model,0.630317745967421,0.60187882425923,0.58738353438031,0.572735132786009
2022-07-16,8fd76e1b49c00ae2,4dd2bcd2b025204e,4f140403000158b5,9abc648e76c4493a,Herbert Burns,Bill Algeo,0,0.315207026635207,Featherweight,mens_below_welterweight,0.331683925547387,separate_group_model,0.315207026635207,0.323390696365661,0.319284940138565,0.331683925547387
2022-07-16,8fd76e1b49c00ae2,74b8a36293758342,5987b2458f4b5290,b8a85389d115e35a,Ricky Simon,Jack Shore,1,0.476884039747653,Bantamweight,mens_below_welterweight,0.519206383780128,separate_group_model,0.476884039747653,0.498041704048061,0.487457253644224,0.519206383780128
2022-07-16,8fd76e1b49c00ae2,ebefe958473b3843,64facb6cc564262d,ce632027bf2a871b,Punahele Soriano,Dalcha Lungiambula,1,0.731975160188143,Middleweight,mens_welter_to_middle,0.623474144863474,separate_group_model,0.731975160188143,0.680157074995855,0.731975160188143,0.623474144863474
2022-07-16,8fd76e1b49c00ae2,4965d8eab468b839,729d4bd5a6cd0a97,b96619b3acd7d9da,Lauren Murphy,Miesha Tate,1,0.445068024862296,Women's Flyweight,womens_all,0.490960391577357,separate_group_model,0.445068024862296,0.467946421885918,0.467946421885918,0.490960391577357
2022-07-16,8fd76e1b49c00ae2,d439374c1fc95581,98d961097baaf308,f1d64ae34e088832,Shane Burgos,Charles Jourdain,1,0.43911459960092,Featherweight,mens_below_welterweight,0.474959971210279,separate_group_model,0.43911459960092,0.456981599794975,0.448031328635959,0.474959971210279
2022-07-16,8fd76e1b49c00ae2,8e4024cb49c963f2,3cf18e01cb6cbde3,67c1d46f4ed16f9e,Sumudaerji,Matt Schnell,0,0.737955685308194,Flyweight,mens_below_welterweight,0.734258746171734,separate_group_model,0.737955685308194,0.736111368866003,0.737034567092264,0.734258746171734
2022-07-16,8fd76e1b49c00ae2,dd456668731bd52a,447f9858ae78f921,e64b96c07d7ce999,Muslim Salikhov,Li Jingliang,0,0.638808591934253,Welterweight,mens_welter_to_middle,0.650543567302737,separate_group_model,0.638808591934253,0.644697826968607,0.638808591934253,0.650543567302737
2022-07-16,8fd76e1b49c00ae2,e57bfadb506e4f51,3df5493bb279226f,eb04b9d31e938edb,Amanda Lemos,Michelle Waterson-Gomez,1,0.635066031224212,Women's Strawweight,womens_all,0.641224662689493,separate_group_model,0.635066031224212,0.638151019923663,0.638151019923663,0.641224662689493
2022-07-16,8fd76e1b49c00ae2,7503d5c892f238fb,cbf5e6f231b55443,def8166ff24bd237,Yair Rodriguez,Brian Ortega,1,0.39920060030349,Featherweight,mens_below_welterweight,0.382226513564758,separate_group_model,0.39920060030349,0.390680479092609,0.394932560275617,0.382226513564758
2022-07-23,319c15b8aac5bfde,1c84dafe38694c05,6f7c616b98e18c29,9d19d9e4aa2662e8,Claudio Silva,Nicolas Dalby,0,0.514121610744452,Welterweight,mens_welter_to_middle,0.44984513473433,separate_group_model,0.514121610744452,0.481908530883283,0.514121610744452,0.44984513473433
2022-07-23,319c15b8aac5bfde,e600b78e5a652dc0,297a2b35444c245b,9dedfdd91070ddd8,Mandy Bohm,Victoria Leonardo,0,0.59483632354773,Women's Flyweight,womens_all,0.493672302268908,separate_group_model,0.59483632354773,0.544715590592889,0.544715590592889,0.493672302268908
2022-07-23,319c15b8aac5bfde,a1029686c3f1bead,31f8081c7600da93,4c88a1db5a46c6a4,Kyle Nelson,Jai Herbert,0,0.462914626635102,Lightweight,mens_below_welterweight,0.577628898858419,separate_group_model,0.462914626635102,0.520542540564532,0.491701015297311,0.577628898858419
2022-07-23,319c15b8aac5bfde,2dbf9d8d6915711e,75353550928a7921,814e5233e2acf2ee,Muhammad Mokaev,Charles Johnson,1,0.740106499045882,Flyweight,mens_below_welterweight,0.750706535601863,separate_group_model,0.740106499045882,0.745442848968279,0.742783720543788,0.750706535601863
2022-07-23,319c15b8aac5bfde,3d35f25d9792a69a,87a1dc546b1c5caf,87c0b1c696ddfb43,Makwan Amirkhani,Jonathan Pearce,0,0.265100061496092,Featherweight,mens_below_welterweight,0.228460387861381,separate_group_model,0.265100061496092,0.246321908347259,0.255597764945597,0.228460387861381
2022-07-23,319c15b8aac5bfde,f6fd50bf69bb59e6,329e403448756217,40093d1d2d78394e,Nathaniel Wood,Charles Rosa,1,0.819336607771801,Featherweight,mens_below_welterweight,0.913103122288224,separate_group_model,0.819336607771801,0.873469857993656,0.848376781538561,0.913103122288224
2022-07-23,319c15b8aac5bfde,dd6dbe644f599795,32c355b04fc57f3a,38c626ca912c7bac,Marc Diakiese,Damir Hadzovic,1,0.647879060434944,Lightweight,mens_below_welterweight,0.594551033274056,separate_group_model,0.647879060434944,0.621582472561147,0.634831309603233,0.594551033274056
2022-07-23,319c15b8aac5bfde,b0d06858fb725654,5b86d491d63890c5,f6ad6a1e4d600e0d,Ludovit Klein,Mason Jones,1,0.391280523554438,Lightweight,mens_below_welterweight,0.321821208861653,separate_group_model,0.391280523554438,0.355792359244621,0.3733660418407,0.321821208861653
2022-07-23,319c15b8aac5bfde,47b1cd4e3e2595f8,0845c81e37d3bcb3,eabf206b162b3b83,Volkan Oezdemir,Paul Craig,1,0.462284717348039,Light Heavyweight,mens_light_heavy_plus,0.329095570269195,separate_group_model,0.462284717348039,0.393717269582976,0.360776401078827,0.329095570269195
2022-07-23,319c15b8aac5bfde,a57969d4ba7d4a79,26e3f3928b1891d9,51018a31ddf31eb2,Hannah Goldy,Molly McCann,0,0.419090094842182,Women's Flyweight,womens_all,0.454940067787594,separate_group_model,0.419090094842182,0.436932717251407,0.436932717251407,0.454940067787594
2022-07-23,319c15b8aac5bfde,1ff520024da5b3b2,1091d4d957141094,3c6976f8182d9527,Nikita Krylov,Alexander Gustafsson,1,0.50421039570907,Light Heavyweight,mens_light_heavy_plus,0.473752646381701,separate_group_model,0.50421039570907,0.488971285012272,0.481357641987876,0.473752646381701
2022-07-23,319c15b8aac5bfde,8e02bdaac8ed50e5,7826923b47f8d72a,ac026518a9b4dc0f,Paddy Pimblett,Jordan Leavitt,1,0.508950568268273,Lightweight,mens_below_welterweight,0.500511189197345,separate_group_model,0.508950568268273,0.504731215734923,0.506841013814531,0.500511189197345
2022-07-23,319c15b8aac5bfde,925a36a4af600291,0a1942069c9ad6b6,5442f1bc4b47eaf3,Jack Hermansson,Chris Curtis,1,0.553776160303661,Middleweight,mens_welter_to_middle,0.427443104258659,separate_group_model,0.553776160303661,0.490457275394109,0.553776160303661,0.427443104258659
2022-07-23,319c15b8aac5bfde,d0fb381cacbb0446,399afbabc02376b5,fa6796c55d6c5440,Tom Aspinall,Curtis Blaydes,0,0.422547645369274,Heavyweight,mens_light_heavy_plus,0.39372148942346,separate_group_model,0.422547645369274,0.40805549480774,0.400867290709775,0.39372148942346
2022-07-30,b0a6124751a56bc4,66f7bb31d24b3b36,2c010b26a3306969,9edf2c9082cc2cd8,Orion Cosce,Blood Diamond,1,0.534346656682905,Welterweight,mens_welter_to_middle,0.520113776124908,separate_group_model,0.534346656682905,0.527235750098895,0.534346656682905,0.520113776124908
2022-07-30,b0a6124751a56bc4,1ed550f094ca7745,260bd4cef10b033f,8c57c7b8c3bab0eb,Ihor Potieria,Nicolae Negumereanu,0,0.540093532142106,Light Heavyweight,mens_light_heavy_plus,0.488416070985477,separate_group_model,0.540093532142106,0.514293003019071,0.501355444635828,0.488416070985477
2022-07-30,b0a6124751a56bc4,0366e183296fea07,a20f234df70f2182,f9ab66e67240db7b,Ji Yeon Kim,Joselyne Edwards,0,0.358432749239422,Women's Bantamweight,womens_all,0.460693855663303,separate_group_model,0.358432749239422,0.408574534437491,0.408574534437491,0.460693855663303
2022-07-30,b0a6124751a56bc4,e492dc60d8e44866,a01a62132460a98d,c32aeb1a59e6272d,Adam Fugitt,Michael Morales,0,0.233609015576561,Welterweight,mens_welter_to_middle,0.277745365683473,separate_group_model,0.233609015576561,0.255049844572405,0.233609015576561,0.277745365683473
2022-07-30,b0a6124751a56bc4,189b9af881b96de6,7cbf7c78d3b34218,e132d47bd9efbbe0,Drakkar Klose,Rafa Garcia,1,0.427386080138359,Lightweight,mens_below_welterweight,0.395709739721172,separate_group_model,0.427386080138359,0.411456192633684,0.419400137743985,0.395709739721172
2022-07-30,b0a6124751a56bc4,81a18de517a3336a,029afd138865d20a,519e4fe37ce9ff75,Rafael Alves,Drew Dober,0,0.445233668696065,Lightweight,mens_below_welterweight,0.438385960422467,separate_group_model,0.445233668696065,0.441807048358972,0.443519686779633,0.438385960422467
2022-07-30,b0a6124751a56bc4,579b5770129b328a,4aa58269d0664b5b,cdb96af67d096b1e,Matthew Semelsberger,Alex Morono,0,0.519619037214217,Welterweight,mens_welter_to_middle,0.561923832067104,separate_group_model,0.519619037214217,0.540845025008137,0.519619037214217,0.561923832067104
2022-07-30,b0a6124751a56bc4,058c2724dec1add1,d4c9dcd330403612,d802174b0c0c1f4e,Anthony Smith,Magomed Ankalaev,0,0.263217561418762,Light Heavyweight,mens_light_heavy_plus,0.240823207125324,separate_group_model,0.263217561418762,0.251855305594039,0.246297675269862,0.240823207125324
2022-07-30,b0a6124751a56bc4,96b62bd56b252bab,a0f0004aadf10b71,ab2b4ff41d6ebe0f,Alexandre Pantoja,Alex Perez,1,0.475256835228883,Flyweight,mens_below_welterweight,0.432015082311432,separate_group_model,0.475256835228883,0.453548346425038,0.464385721751269,0.432015082311432
2022-07-30,b0a6124751a56bc4,52f87252af59e23b,d3df1add9d9a7efb,f14cf73e51b29254,Derrick Lewis,Sergei Pavlovich,0,0.423635985117344,Heavyweight,mens_light_heavy_plus,0.498874975873913,separate_group_model,0.423635985117344,0.461033554927186,0.479925472871468,0.498874975873913
2022-07-30,b0a6124751a56bc4,5a1ce88ec1f75160,792be9a24df82ed6,853eb0dd5c0e2149,Brandon Moreno,Kai Kara-France,1,0.586510266328509,Flyweight,mens_below_welterweight,0.59913716807473,separate_group_model,0.586510266328509,0.592839047789363,0.589678368372924,0.59913716807473
2022-07-30,b0a6124751a56bc4,72c3e5eacde4f0e5,3253b16d38ae087d,80fa8218c99f9c58,Julianna Pena,Amanda Nunes,0,0.369217125857597,Women's Bantamweight,womens_all,0.413354463794382,separate_group_model,0.369217125857597,0.391063020954749,0.391063020954749,0.413354463794382
2022-08-06,8f6a18831a120817,a274ed04c36d40d4,5e6294b37bbef029,cc8c623cca88f54f,Stephanie Egger,Mayra Bueno Silva,0,0.505140907717964,Women's Bantamweight,womens_all,0.507801771219181,separate_group_model,0.505140907717964,0.506471385294916,0.506471385294916,0.507801771219181
2022-08-06,8f6a18831a120817,b5274277ef6707c9,3351aa64aa83c4d9,7559395ad833c074,Cory McKenna,Miranda Granger,1,0.586004289266707,Women's Strawweight,womens_all,0.548659500582859,separate_group_model,0.586004289266707,0.567427671104337,0.567427671104337,0.548659500582859
2022-08-06,8f6a18831a120817,4adef20ce69217be,8abac218746e04ca,f626118b6da0e020,Takashi Sato,Bryan Battle,0,0.243770854368525,Welterweight,mens_welter_to_middle,0.21773219852091,separate_group_model,0.243770854368525,0.230494069941409,0.243770854368525,0.21773219852091
2022-08-06,8f6a18831a120817,eda397c27787afa4,0d65c432720accb9,d156513a19acf856,Michal Oleksiejczuk,Sam Alvey,1,0.836523226846465,Middleweight,mens_welter_to_middle,0.764268048701908,separate_group_model,0.836523226846465,0.802881694828076,0.836523226846465,0.764268048701908
2022-08-06,8f6a18831a120817,b530bb13aac1e48b,809bd1a871491508,a2ccf35a88346a91,Terrance McKinney,Erick Gonzalez,1,0.731034792385534,Lightweight,mens_below_welterweight,0.687680490973997,separate_group_model,0.731034792385534,0.709836130254017,0.720558505775997,0.687680490973997
2022-08-06,8f6a18831a120817,044d210d7b1eb519,441eacbe20e0e80b,e2f6b2769aaedd6c,Augusto Sakai,Serghei Spivac,0,0.247858388732875,Heavyweight,mens_light_heavy_plus,0.235238848066226,separate_group_model,0.247858388732875,0.241492435716181,0.238351551102862,0.235238848066226
2022-08-06,8f6a18831a120817,2b11aa4b90b1dd41,4333a8e70a672eb7,aa0c573da7119292,Brogan Walker,Juliana Miller,0,0.409848997888217,Women's Flyweight,womens_all,0.461416732354877,separate_group_model,0.409848997888217,0.435458333638255,0.435458333638255,0.461416732354877
2022-08-06,8f6a18831a120817,36f38c2534ef646b,56f7d7ee06be4aab,da7f113b5ea39c43,Zac Pauga,Mohammed Usman,0,0.45787427045283,Heavyweight,mens_light_heavy_plus,0.458640717979493,separate_group_model,0.45787427045283,0.458257469522746,0.458449087605708,0.458640717979493
2022-08-06,8f6a18831a120817,a6b328733d610e2b,6d4b63c767106d3a,b997be68943010fc,Vicente Luque,Geoff Neal,0,0.623715074854968,Welterweight,mens_welter_to_middle,0.577469277242324,separate_group_model,0.623715074854968,0.600816906858615,0.623715074854968,0.577469277242324
2022-08-06,8f6a18831a120817,a8bc6e005077bb0b,5444c5a201d3ee5a,dea070ed4a2a8281,Jamahal Hill,Thiago Santos,1,0.602904179970565,Light Heavyweight,mens_light_heavy_plus,0.576990223339132,separate_group_model,0.602904179970565,0.590009669106732,0.583514508631897,0.576990223339132
2022-08-13,a23e63184c65f5b8,7f9a331bc3100afd,5f3805dda9661cba,876f478f796495f7,Jason Witt,Josh Quinlan,0,0.453180081013456,Catch Weight,unclassified,0.453180081013456,global_fallback_unclassified,0.453180081013456,0.453180081013456,0.453180081013456,0.453180081013456
2022-08-13,a23e63184c65f5b8,0823f97be9c3a62e,6d68c1afe954f121,6e00cfffd54653c4,Ode Osbourne,Tyson Nam,0,0.544141430822504,Flyweight,mens_below_welterweight,0.486213318111314,separate_group_model,0.544141430822504,0.515228523597656,0.529709901312435,0.486213318111314
2022-08-13,a23e63184c65f5b8,f858f91453555291,318572f6f74b760d,436f970c9ea9169c,Charlie Ontiveros,Gabriel Benitez,0,0.49411980848912,Lightweight,mens_below_welterweight,0.439432347544835,separate_group_model,0.49411980848912,0.466675971901588,0.48038309268319,0.439432347544835
2022-08-13,a23e63184c65f5b8,8986373b4a6e90b6,98215d037be5bcb7,d343df8ba11f4c4e,Cynthia Calvillo,Nina Nunes,0,0.610477519395095,Women's Flyweight,womens_all,0.503098891296863,separate_group_model,0.610477519395095,0.557459484550457,0.557459484550457,0.503098891296863
2022-08-13,a23e63184c65f5b8,b96c8fef6c9f92db,0c25d0a5e8cdbf19,8eb046f83e82bf26,Lukasz Brzeski,Martin Buday,0,0.416805798311071,Heavyweight,mens_light_heavy_plus,0.370387521688381,separate_group_model,0.416805798311071,0.393355953251229,0.381805695887286,0.370387521688381
2022-08-13,a23e63184c65f5b8,5f31f3e32669f5b9,8e5d953bdb9ae5e7,f0feeb2192937424,Loopy Godinez,Angela Hill,0,0.796768510615314,Catch Weight,unclassified,0.796768510615314,global_fallback_unclassified,0.796768510615314,0.796768510615314,0.796768510615314,0.796768510615314
2022-08-13,a23e63184c65f5b8,38b6ef176439c39b,12ebd7d157e91701,6ac9bc2953c47345,Bruno Silva,Gerald Meerschaert,0,0.508356504232891,Middleweight,mens_welter_to_middle,0.50130605646643,separate_group_model,0.508356504232891,0.504831520541242,0.508356504232891,0.50130605646643
2022-08-13,a23e63184c65f5b8,abd50fad1e7b030b,6551c64fbcd1a467,b1e5bcaad32a3cac,Ariane da Silva,Priscila Cachoeira,0,0.709442917080478,Women's Bantamweight,womens_all,0.538190024855137,separate_group_model,0.709442917080478,0.627818411450838,0.627818411450838,0.538190024855137
2022-08-13,a23e63184c65f5b8,d19e010f071a4b45,cc7040fe76f0ef91,e90a2f22417af68e,Devin Clark,Azamat Murzakanov,0,0.496287493646416,Light Heavyweight,mens_light_heavy_plus,0.554654557230571,separate_group_model,0.496287493646416,0.525558322657758,0.540140642898923,0.554654557230571
2022-08-13,a23e63184c65f5b8,833d67f423315d18,40cb680ae1cd331f,abcf2cc6efc42031,Yazmin Jauregui,Iasmin Lucindo,1,0.449029521270132,Women's Strawweight,womens_all,0.492377429467944,separate_group_model,0.449029521270132,0.470648131638694,0.470648131638694,0.492377429467944
2022-08-13,a23e63184c65f5b8,efd7efba85092c6f,583ee11abddfc581,ffe9703408fb5964,Nate Landwehr,David Onama,1,0.279073595436094,Featherweight,mens_below_welterweight,0.295972000117058,separate_group_model,0.279073595436094,0.28744872045743,0.28324243571652,0.295972000117058
2022-08-13,a23e63184c65f5b8,11cc331fa40ede63,10f3ba6cd2f44a97,7c7332319c14094c,Dominick Cruz,Marlon Vera,0,0.422805908557633,Bantamweight,mens_below_welterweight,0.37915095273816,separate_group_model,0.422805908557633,0.400781609817859,0.41174957584318,0.37915095273816
2022-08-20,4f853e98886283cf,06d6cde7479711ee,31bb0772f21cabd8,dc7927cd622676a7,Daniel Lacerda,Victor Altamirano,0,0.297219385883107,Flyweight,mens_below_welterweight,0.297830677284954,separate_group_model,0.297219385883107,0.297524941082944,0.297372140847381,0.297830677284954
2022-08-20,4f853e98886283cf,d497d74a0df9e35e,01fed6f61ebea01f,7d420039bbfe7c1a,Jay Perrin,Aoriqileng,0,0.472738428278707,Bantamweight,mens_below_welterweight,0.498746892031394,separate_group_model,0.472738428278707,0.485733001525311,0.479232202014354,0.498746892031394
2022-08-20,4f853e98886283cf,6b9f82291930bfec,6d35bf94f7d30241,cdadae5363b66eef,Amir Albazi,Francisco Figueiredo,1,0.550651130668166,Flyweight,mens_below_welterweight,0.633609942102134,separate_group_model,0.550651130668166,0.592791755425618,0.571851725194948,0.633609942102134
2022-08-20,4f853e98886283cf,4dac5258f22be059,1497e735d9f2560a,725b1abc9a39d873,Ange Loosa,AJ Fletcher,1,0.420899831255426,Welterweight,mens_welter_to_middle,0.433552448383076,separate_group_model,0.420899831255426,0.427214235413514,0.420899831255426,0.433552448383076
2022-08-20,4f853e98886283cf,0cf7a4593fd44e59,7026eca45f65377b,9c65736747ca92ec,Jared Gordon,Leonardo Santos,1,0.625829293006434,Lightweight,mens_below_welterweight,0.711946734165043,separate_group_model,0.625829293006434,0.670315331169607,0.648394284403323,0.711946734165043
2022-08-20,4f853e98886283cf,e0b98f3cf4a7cc3b,c0badf3243907e59,c9cf753cfdf77fc2,Alexandr Romanov,Marcin Tybura,0,0.64625896081544,Heavyweight,mens_light_heavy_plus,0.657533090239255,separate_group_model,0.64625896081544,0.651917298693851,0.654730591011666,0.657533090239255
2022-08-20,4f853e98886283cf,5abcf9f282983acc,49e96ff8ab781589,f703250471acaf96,Tyson Pedro,Harry Hunsucker,1,0.776726323159944,Light Heavyweight,mens_light_heavy_plus,0.757564910424212,separate_group_model,0.776726323159944,0.767282987260932,0.762458161206675,0.757564910424212
2022-08-20,4f853e98886283cf,2cd9e3796be57a79,3cf66c62d9069f43,fdbefee0827e1567,Lucie Pudilova,Wu Yanan,1,0.387319340890243,Women's Bantamweight,womens_all,0.490969346060119,separate_group_model,0.387319340890243,0.438473291804641,0.438473291804641,0.490969346060119
2022-08-20,4f853e98886283cf,2ac3ce1f62b3c4b9,c03520b5c88ed6b4,d0f3959b4a9747e6,Merab Dvalishvili,Jose Aldo,1,0.609073369356757,Bantamweight,mens_below_welterweight,0.591898781270037,separate_group_model,0.609073369356757,0.600516972776883,0.604803196478488,0.591898781270037
2022-08-20,4f853e98886283cf,2de6652160cc7b9f,00e11b5c8b7bfeeb,2e5c2aa8e4ab9d82,Luke Rockhold,Paulo Costa,0,0.465419954731939,Middleweight,mens_welter_to_middle,0.477816481115199,separate_group_model,0.465419954731939,0.471613841609753,0.465419954731939,0.477816481115199
2022-08-20,4f853e98886283cf,f70c817388602681,f1b2aa7853d1ed6e,f1fac969a1d70b08,Kamaru Usman,Leon Edwards,0,0.789578340152216,Welterweight,mens_welter_to_middle,0.733563320148949,separate_group_model,0.789578340152216,0.762707576722766,0.789578340152217,0.733563320148949
2022-09-03,00a905a4a4a2b071,ce62a50e97d497f9,06e4245d16fc5315,5e6294b37bbef029,Ailin Perez,Stephanie Egger,0,0.462062848289096,Women's Featherweight,womens_all,0.462632325829475,separate_group_model,0.462062848289096,0.462347574778788,0.462347574778788,0.462632325829475
2022-09-03,00a905a4a4a2b071,ca7fd237c16cec84,7debc13b36343605,b4537562f88ac582,Cristian Quinonez,Khalid Taha,1,0.641895434313534,Bantamweight,mens_below_welterweight,0.644293392661611,separate_group_model,0.641895434313534,0.643095309720381,0.64249559530329,0.644293392661611
2022-09-03,00a905a4a4a2b071,3e2f00991f511607,b909a9a9688b5284,c2299ec916bc7c56,Gabriel Miranda,Benoit Saint Denis,0,0.32154527129161,Lightweight,mens_below_welterweight,0.304394512277881,separate_group_model,0.32154527129161,0.312905901708094,0.317209838795413,0.304394512277881
2022-09-03,00a905a4a4a2b071,fd47032108b85cf0,1e4f273069fb9e85,b4c57a8c2b773e82,Fares Ziam,Michal Figlak,1,0.603054710480712,Lightweight,mens_below_welterweight,0.531805131264846,separate_group_model,0.603054710480712,0.567780415977221,0.585527186049837,0.531805131264846
2022-09-03,00a905a4a4a2b071,7bced112f3229b1b,b7b84ccd221be298,c21a036b4e012f1c,Nasrat Haqparast,John Makdessi,1,0.609752567890232,Lightweight,mens_below_welterweight,0.592324120497138,separate_group_model,0.609752567890232,0.601070351837545,0.605419776156548,0.592324120497138
2022-09-03,00a905a4a4a2b071,cf9035f2fc2e232f,36b8f265bcd1b7a4,71505842fb6455c3,Abus Magomedov,Dustin Stoltzfus,1,0.56336614705327,Middleweight,mens_welter_to_middle,0.573642949240503,separate_group_model,0.56336614705327,0.568511922312457,0.56336614705327,0.573642949240503
2022-09-03,00a905a4a4a2b071,acc9a109b00a99e1,329e403448756217,f1d64ae34e088832,Nathaniel Wood,Charles Jourdain,1,0.463655240377355,Featherweight,mens_below_welterweight,0.582749645732187,separate_group_model,0.463655240377355,0.523537010562715,0.493573075841078,0.582749645732187
2022-09-03,00a905a4a4a2b071,398db40015b3c81c,082eba4cd80f736f,e1d40e8782d80bc2,Jarno Errens,William Gomis,0,0.469049696032965,Featherweight,mens_below_welterweight,0.462668251269196,separate_group_model,0.469049696032965,0.465857576761557,0.467453303347445,0.462668251269196
2022-09-03,00a905a4a4a2b071,1a191251620a84ca,77d7295d1b22c694,9d83f6da776ff7d6,Alessio Di Chirico,Roman Kopylov,0,0.44947369478366,Middleweight,mens_welter_to_middle,0.483041837619564,separate_group_model,0.44947369478366,0.466219527339201,0.44947369478366,0.483041837619564
2022-09-03,00a905a4a4a2b071,20f316f96c9e4458,881bf86d4cba8578,b9437600497350f3,Nassourdine Imavov,Joaquin Buckley,1,0.57096829671739,Middleweight,mens_welter_to_middle,0.576368900469214,separate_group_model,0.57096829671739,0.573670794995553,0.57096829671739,0.576368900469214
2022-09-03,00a905a4a4a2b071,b8ca1acdf3dc2f58,7acbb0972e75281a,e1147d3d2dabe1ce,Marvin Vettori,Robert Whittaker,0,0.463305807247914,Middleweight,mens_welter_to_middle,0.522058626760433,separate_group_model,0.463305807247914,0.492656863828485,0.463305807247914,0.522058626760433
2022-09-03,00a905a4a4a2b071,810c9da07970c4a6,787bb1f087ccff8a,c62fbc117d57b943,Ciryl Gane,Tai Tuivasa,1,0.718787255370506,Heavyweight,mens_light_heavy_plus,0.704362442189074,separate_group_model,0.718787255370506,0.71162849076429,0.70800874665576,0.704362442189074
2022-09-10,93bf96be327fcd98,86d57e8ef2191316,326a001926ffb7ec,f998f5c102250d6e,Darian Weeks,Yohan Lainesse,0,0.50037820996544,Welterweight,mens_welter_to_middle,0.461181436603545,separate_group_model,0.50037820996544,0.480750204313602,0.50037820996544,0.461181436603545
2022-09-10,93bf96be327fcd98,a5cf273faa3982b7,3f4c3bc822bea45d,ac7c765882f2c68c,Melissa Martinez,Elise Reed,0,0.682322409643934,Women's Strawweight,womens_all,0.507816048518107,separate_group_model,0.682322409643934,0.598174839111541,0.598174839111541,0.507816048518107
2022-09-10,93bf96be327fcd98,6010f681e54ba2cd,1897b7b913736a7c,c7c39e2fb70248b3,Alatengheili,Chad Anheliger,1,0.613821859319768,Bantamweight,mens_below_welterweight,0.662169933202808,separate_group_model,0.613821859319768,0.638346022392063,0.626164977133907,0.662169933202808
2022-09-10,93bf96be327fcd98,db3e26d02d790c97,a7e3f02fe2b2fe30,d3f5d33d61cd00c9,Danyelle Wolf,Norma Dumont,0,0.275186440933589,Women's Featherweight,womens_all,0.417874505621488,separate_group_model,0.275186440933589,0.34299285943292,0.34299285943292,0.417874505621488
2022-09-10,93bf96be327fcd98,bf334cb4e63f3430,7a5e8c94a86f9895,92fa1401b7927da3,Chris Barnett,Jake Collier,1,0.292141535070144,Heavyweight,mens_light_heavy_plus,0.302352975464713,separate_group_model,0.292141535070144,0.297221949166838,0.299781184441277,0.302352975464713
2022-09-10,93bf96be327fcd98,77acb96700e89c92,0112352cb32f5026,830f60497fab345a,Denis Tiuliulin,Jamie Pickett,1,0.506183088874074,Middleweight,mens_welter_to_middle,0.419657312030731,separate_group_model,0.506183088874074,0.462638930336295,0.506183088874074,0.419657312030731
2022-09-10,93bf96be327fcd98,301f230c90c4bd7d,41e83a89929d1327,82529ce93cd9a2cf,Jailton Almeida,Anton Turkalj,1,0.707726757198546,Catch Weight,unclassified,0.707726757198546,global_fallback_unclassified,0.707726757198546,0.707726757198546,0.707726757198546,0.707726757198546
2022-09-10,93bf96be327fcd98,0e6d624086f7952e,2c9d00968f818270,902ec2cc48c8ae8a,Hakeem Dawodu,Julian Erosa,0,0.727974127398337,Featherweight,mens_below_welterweight,0.743785215242963,separate_group_model,0.727974127398337,0.735955550927366,0.731983670702121,0.743785215242963
2022-09-10,93bf96be327fcd98,d869eaea38426f06,c21f26bbde777573,cd13728ae1151f46,Johnny Walker,Ion Cutelaba,1,0.446656443758024,Light Heavyweight,mens_light_heavy_plus,0.525655612388405,separate_group_model,0.446656443758024,0.486069019532124,0.50587151847411,0.525655612388405
2022-09-10,93bf96be327fcd98,989b8d362742f40b,578ef12674df1e6a,9cdd2da1a9104a0b,Irene Aldana,Macy Chiasson,1,0.416661465688123,Catch Weight,unclassified,0.416661465688123,global_fallback_unclassified,0.416661465688123,0.416661465688123,0.416661465688123,0.416661465688123
2022-09-10,93bf96be327fcd98,d3e23d7d207d3ccf,8a1f3b5c526cd6e6,e64b96c07d7ce999,Daniel Rodriguez,Li Jingliang,1,0.588573893904639,Catch Weight,unclassified,0.588573893904639,global_fallback_unclassified,0.588573893904639,0.58857389390464,0.58857389390464,0.588573893904639
2022-09-10,93bf96be327fcd98,0111e6a64b5184c6,3a46b268013afede,767755fd74662dbf,Kevin Holland,Khamzat Chimaev,0,0.495924519682139,Catch Weight,unclassified,0.495924519682139,global_fallback_unclassified,0.495924519682139,0.495924519682139,0.495924519682139,0.495924519682139
2022-09-10,93bf96be327fcd98,7e8fd03e070d0c25,22a92d7f62195791,8355922d564b152c,Tony Ferguson,Nate Diaz,0,0.569570641718311,Welterweight,mens_welter_to_middle,0.571446210337994,separate_group_model,0.569570641718311,0.570508679093001,0.569570641718311,0.571446210337994
2022-09-17,8d477c3fbe001f9d,8a044e5400b4318f,37f560436d745c18,87e2468b986ebb79,Nikolas Motta,Cameron VanCamp,1,0.440147486105472,Lightweight,mens_below_welterweight,0.519526297757331,separate_group_model,0.440147486105472,0.47970882776041,0.459864934835479,0.519526297757331
2022-09-17,8d477c3fbe001f9d,be73f75b52b06f14,601964f9654f911a,bbab3baf66128ae2,Tony Gravely,Javid Basharat,0,0.518349805184487,Bantamweight,mens_below_welterweight,0.483262047126296,separate_group_model,0.518349805184487,0.500806919597656,0.509581312149882,0.483262047126296
2022-09-17,8d477c3fbe001f9d,d9f5d05b07bae09e,38c7f72747f4f712,a08ddd04eaffd81d,Gillian Robertson,Mariya Agapova,1,0.502632019663237,Women's Flyweight,womens_all,0.494785749031482,separate_group_model,0.502632019663237,0.498708804855739,0.498708804855739,0.494785749031482
2022-09-17,8d477c3fbe001f9d,35d06627d91b840d,4148802ae4a50768,cfc3e7bb44685289,Daniel Zellhuber,Trey Ogden,0,0.700744723599058,Lightweight,mens_below_welterweight,0.711442722230719,separate_group_model,0.700744723599058,0.706122142044765,0.703440482720038,0.711442722230719
2022-09-17,8d477c3fbe001f9d,ec0740be19b2ef90,4e30e4250cb08b61,cffb87059e645bd1,Loma Lookboonmee,Denise Gomes,1,0.519034928725419,Women's Strawweight,womens_all,0.526418267180945,separate_group_model,0.519034928725419,0.522727839496665,0.522727839496665,0.526418267180945
2022-09-17,8d477c3fbe001f9d,46b9acec12a35d37,afe8d5b39ff7fca2,b27a1fcb56a3035a,Louis Cosce,Trevin Giles,0,0.407290311377201,Welterweight,mens_welter_to_middle,0.322533220412365,separate_group_model,0.407290311377201,0.363856077493289,0.407290311377201,0.322533220412365
2022-09-17,8d477c3fbe001f9d,f521ecde1e96a1bd,29af297d9f1de0f8,b8bbdeff718dbb7d,Damon Jackson,Pat Sabatini,1,0.393733626502343,Featherweight,mens_below_welterweight,0.357106499791158,separate_group_model,0.393733626502343,0.375241598916166,0.384445869652712,0.357106499791158
2022-09-17,8d477c3fbe001f9d,ce5ebaf8caf8c4a7,093e1f5bb73850be,8e9eb3fc86db0f7d,Anthony Hernandez,Marc-Andre Barriault,1,0.639277589205069,Middleweight,mens_welter_to_middle,0.539890641814227,separate_group_model,0.639277589205069,0.590508100282862,0.639277589205069,0.539890641814227
2022-09-17,8d477c3fbe001f9d,3cbd3565dd631cc4,04c8b08b16a5b99e,d31a5546c0e9b213,Tanner Boser,Rodrigo Nascimento,0,0.684942916579637,Heavyweight,mens_light_heavy_plus,0.685375363054002,separate_group_model,0.684942916579637,0.685159179946661,0.685267281536787,0.685375363054002
2022-09-17,8d477c3fbe001f9d,160c17b8fcb0e2a1,70fa1c64a2c439ef,c1085e1701b13eca,Alen Amedovski,Joe Pyfer,0,0.162776662046453,Middleweight,mens_welter_to_middle,0.191874015463741,separate_group_model,0.162776662046453,0.176855990427087,0.162776662046453,0.191874015463741
2022-09-17,8d477c3fbe001f9d,adb78db5ba8ccc0f,8fd808923cffff82,9abc648e76c4493a,Andre Fili,Bill Algeo,1,0.336186826458243,Featherweight,mens_below_welterweight,0.327431505072828,separate_group_model,0.336186826458243,0.331794626584084,0.333987127101821,0.327431505072828
2022-09-17,8d477c3fbe001f9d,bd06f1c2d7e6c4a0,c68c68efaa5ca6ef,d1c65d2cf2925ddd,Chidi Njokuani,Gregory Rodrigues,0,0.465479874779137,Middleweight,mens_welter_to_middle,0.479643985225201,separate_group_model,0.465479874779137,0.472556407579573,0.465479874779137,0.479643985225201
2022-09-17,8d477c3fbe001f9d,df370b97ea49e6b4,65f09bacd3957381,efb96bf3e9ada36f,Cory Sandhagen,Song Yadong,1,0.430878472417654,Bantamweight,mens_below_welterweight,0.397715755851549,separate_group_model,0.430878472417654,0.414199894570633,0.42251709950899,0.397715755851549
2022-10-01,4f670b7972fa0a2e,6c79db79da9ae874,325ad0dd9126d3df,d05412b513b19621,Randy Costa,Guido Cannetti,0,0.682124617180882,Bantamweight,mens_below_welterweight,0.708162861460701,separate_group_model,0.682124617180882,0.695299967122363,0.688750501289744,0.708162861460701
2022-10-01,4f670b7972fa0a2e,ad59e2de1ab5c8d2,a78a87d8c2bbb1cb,af9efbfd63d39734,Julija Stoliarenko,Chelsea Chandler,0,0.383539169886112,Catch Weight,unclassified,0.383539169886112,global_fallback_unclassified,0.383539169886112,0.383539169886112,0.383539169886112,0.383539169886112
2022-10-01,4f670b7972fa0a2e,8c9ff13791378784,2f181c0467965b98,4e06913c91da5200,Brendan Allen,Krzysztof Jotko,1,0.526919467700388,Middleweight,mens_welter_to_middle,0.574525527244568,separate_group_model,0.526919467700388,0.55083891641225,0.526919467700388,0.574525527244568
2022-10-01,4f670b7972fa0a2e,ecc56a86a1eead9d,5580771f383e141f,ae7fe94f117f98cf,Jesse Ronson,Joaquim Silva,0,0.506508476353147,Lightweight,mens_below_welterweight,0.513519606507848,separate_group_model,0.506508476353147,0.510014533901938,0.508261606710577,0.513519606507848
2022-10-01,4f670b7972fa0a2e,de93fda66d203c26,98c23cb6da5b3352,e9a3aeb207578eea,Aleksei Oleinik,Ilir Latifi,0,0.335437538350913,Heavyweight,mens_light_heavy_plus,0.518152150576028,separate_group_model,0.335437538350913,0.424207094584866,0.470922127611913,0.518152150576028
2022-10-01,4f670b7972fa0a2e,63f6af6d5f7b82ad,5fa2974cbd18e05c,b67d6bacc68d4c92,John Castaneda,Daniel Santos,0,0.649980466971563,Catch Weight,unclassified,0.649980466971563,global_fallback_unclassified,0.649980466971563,0.649980466971563,0.649980466971563,0.649980466971563
2022-10-01,4f670b7972fa0a2e,330506571d2778b1,19c591115a58982c,fb3e61720be4690c,Viacheslav Borshchev,Mike Davis,0,0.431474318236084,Lightweight,mens_below_welterweight,0.332197735586232,separate_group_model,0.431474318236084,0.380588730610102,0.405778595308322,0.332197735586232
2022-10-01,4f670b7972fa0a2e,1aedd959f1523a27,94426bb170c88115,da4628f173337902,Sodiq Yusuff,Don Shainis,1,0.809980499607975,Featherweight,mens_below_welterweight,0.814725139470715,separate_group_model,0.809980499607975,0.812364352252981,0.811175312140358,0.814725139470715
2022-10-01,4f670b7972fa0a2e,a73e33dfce8fcfd8,b9f28e7045fdfce7,ec23c1be628d8057,Raoni Barcelos,Trevin Jones,1,0.641338102310656,Bantamweight,mens_below_welterweight,0.685535881979494,separate_group_model,0.641338102310656,0.663795328015431,0.652651610155882,0.685535881979494
2022-10-01,4f670b7972fa0a2e,7d0d2cecab358ba1,a8283a4f415e1eb9,c6aee362c7a7d482,Francisco Trinaldo,Randy Brown,0,0.31037501406955,Welterweight,mens_welter_to_middle,0.388576622234522,separate_group_model,0.31037501406955,0.348455999632348,0.31037501406955,0.388576622234522
2022-10-01,4f670b7972fa0a2e,d33814971932422a,7447e9f28508106a,c41d426cc7326d1b,Mackenzie Dern,Yan Xiaonan,0,0.617824348493846,Women's Strawweight,womens_all,0.529704326632413,separate_group_model,0.617824348493846,0.574354662882284,0.574354662882284,0.529704326632413
2022-10-15,49c29e57d4e2be6f,84b04e8d6b251c54,0641c21bec209472,776d4262c4da38bf,Mike Jackson,Pete Rodriguez,0,0.46977752784718,Welterweight,mens_welter_to_middle,0.59229747486282,separate_group_model,0.46977752784718,0.531512396178359,0.46977752784718,0.59229747486282
2022-10-15,49c29e57d4e2be6f,fac560495e61d34c,077e3ace32b72be9,4461d7e47375a895,CJ Vergara,Tatsuro Taira,0,0.295036850755245,Flyweight,mens_below_welterweight,0.327225457867303,separate_group_model,0.295036850755245,0.310902574728653,0.302910977986208,0.327225457867303
2022-10-15,49c29e57d4e2be6f,60bd4d2878c85f70,e375cb5caf4717b6,e94085e821bd81de,Piera Rodriguez,Sam Hughes,1,0.555305437048403,Women's Strawweight,womens_all,0.509812414927202,separate_group_model,0.555305437048403,0.532626738926555,0.532626738926555,0.509812414927202
2022-10-15,49c29e57d4e2be6f,b4bbc1b7efa770f5,11583163f45c7b31,791c8437b341fba5,Lucas Alexander,Joanderson Brito,0,0.445746521880208,Featherweight,mens_below_welterweight,0.441293120531464,separate_group_model,0.445746521880208,0.443518686545566,0.444632325997718,0.441293120531464
2022-10-15,49c29e57d4e2be6f,860050f211b44d10,12585614e0ed2626,d4270315cbcf2569,Nick Maximov,Jacob Malkoun,0,0.477004192604183,Middleweight,mens_welter_to_middle,0.564309621585696,separate_group_model,0.477004192604183,0.520815843774229,0.477004192604183,0.564309621585696
2022-10-15,49c29e57d4e2be6f,8252a314c778b8e6,c0386644627a7ee5,cc351e408bbb7d43,Mana Martinez,Brandon Davis,1,0.495686717316568,Bantamweight,mens_below_welterweight,0.60790083226579,separate_group_model,0.495686717316568,0.552461630800302,0.524152207550643,0.60790083226579
2022-10-15,49c29e57d4e2be6f,59695aae245cca73,67f272324a030d00,a495f599e787614f,Misha Cirkunov,Alonzo Menifield,0,0.378215237246008,Light Heavyweight,mens_light_heavy_plus,0.399119721695741,separate_group_model,0.378215237246008,0.388616264677084,0.393855730502155,0.399119721695741
2022-10-15,49c29e57d4e2be6f,96d4fe315722d1c1,2f13e4020cea5b38,eb8d8c2a95cfccb8,Raphael Assuncao,Victor Henry,1,0.351981919379312,Bantamweight,mens_below_welterweight,0.248033638326331,separate_group_model,0.351981919379312,0.297395132100171,0.324090609017228,0.248033638326331
2022-10-15,49c29e57d4e2be6f,759c55755d70f7ba,866fd7b1a6c90e7f,c878270af633eb11,Dusko Todorovic,Jordan Wright,1,0.640205899439409,Middleweight,mens_welter_to_middle,0.566788336799962,separate_group_model,0.640205899439409,0.604083404786987,0.640205899439409,0.566788336799962
2022-10-15,49c29e57d4e2be6f,1af23e7aa71a1d17,d247691a6c0e9034,f2477cf43c4975cc,Cub Swanson,Jonathan Martinez,0,0.389614750190329,Bantamweight,mens_below_welterweight,0.305335337686911,separate_group_model,0.389614750190329,0.346270083396637,0.367675127077061,0.305335337686911
2022-10-15,49c29e57d4e2be6f,904cf687d22bb486,36541f1e6c5d4955,e8b731feff72294b,Viviane Araujo,Alexa Grasso,0,0.451920051493511,Women's Flyweight,womens_all,0.479979496302536,separate_group_model,0.451920051493511,0.465922818719408,0.465922818719408,0.479979496302536
2022-10-22,885e7f70dcac0007,4011cdf1f182804c,2eeaefbfc7f9fcff,351c4ec637380ad5,Lina Lansberg,Karol Rosa,0,0.165687140953965,Women's Bantamweight,womens_all,0.433702419625014,separate_group_model,0.165687140953965,0.280570378564323,0.280570378564323,0.433702419625014
2022-10-22,885e7f70dcac0007,1e8c33b1917fe1b7,75353550928a7921,dee294e9717012c2,Muhammad Mokaev,Malcolm Gordon,1,0.821214282474418,Flyweight,mens_below_welterweight,0.858593499705643,separate_group_model,0.821214282474418,0.84079115641466,0.831228821315816,0.858593499705643
2022-10-22,885e7f70dcac0007,1b204fc28bb023e6,009c4420727149ea,369ea36e450ae62a,AJ Dobson,Armen Petrosyan,0,0.456895309956468,Middleweight,mens_welter_to_middle,0.404097901153006,separate_group_model,0.456895309956468,0.430298468412883,0.456895309956468,0.404097901153006
2022-10-22,885e7f70dcac0007,cea6760d7bfbe19b,029e1293e609fd74,684d3aee255a3d09,Abubakar Nurmagomedov,Gadzhi Omargadzhiev,1,0.583330132002282,Welterweight,mens_welter_to_middle,0.607712398648188,separate_group_model,0.583330132002282,0.595580241075204,0.583330132002282,0.607712398648188
2022-10-22,885e7f70dcac0007,f4d8266a42a41dff,0845c81e37d3bcb3,1091d4d957141094,Volkan Oezdemir,Nikita Krylov,0,0.574120088739781,Light Heavyweight,mens_light_heavy_plus,0.520623561324273,separate_group_model,0.574120088739781,0.547509025212242,0.5340910502463,0.520623561324273
2022-10-22,885e7f70dcac0007,2d36e2c10ee349fe,4126a78111c0855a,ea7e5bc78d9de658,Caio Borralho,Makhmud Muradov,1,0.518131093817514,Middleweight,mens_welter_to_middle,0.562047297964546,separate_group_model,0.518131093817514,0.540167165822389,0.518131093817514,0.562047297964546
2022-10-22,885e7f70dcac0007,d325a1483d78ae75,45f7cb591c3ab00b,b1b0729d27936f2f,Sean Brady,Belal Muhammad,0,0.468303492933198,Welterweight,mens_welter_to_middle,0.512030804670018,separate_group_model,0.468303492933198,0.490148304291141,0.468303492933198,0.512030804670018
2022-10-22,885e7f70dcac0007,25f3e4fa781c1c8a,34ff304266360297,e872e9a9a902c045,Manon Fiorot,Katlyn Cerminara,1,0.529705093132574,Women's Flyweight,womens_all,0.56826190185069,separate_group_model,0.529705093132574,0.549057134978078,0.549057134978078,0.56826190185069
2022-10-22,885e7f70dcac0007,69f39e5d959311b1,08af939f41b5a57b,72db2a14ffa73ece,Beneil Dariush,Mateusz Gamrot,1,0.508229616873008,Lightweight,mens_below_welterweight,0.518150832018689,separate_group_model,0.508229616873008,0.513191523798608,0.510710834163183,0.518150832018689
2022-10-22,885e7f70dcac0007,5c3c4bcc6c746ca0,b50a426a33da0012,d661ce4da776fc20,Sean O'Malley,Petr Yan,1,0.517718191971684,Bantamweight,mens_below_welterweight,0.51868403171246,separate_group_model,0.517718191971684,0.518201128843459,0.51795966460168,0.51868403171246
2022-10-22,885e7f70dcac0007,1f0d4572e0facbea,c849740a3ff51931,cb696ebfb6598724,TJ Dillashaw,Aljamain Sterling,0,0.374976321689442,Bantamweight,mens_below_welterweight,0.342133140470314,separate_group_model,0.374976321689442,0.358388673875346,0.366642995368938,0.342133140470314
2022-10-22,885e7f70dcac0007,523815acf1bb2420,07225ba28ae309b6,275aca31f61ba28c,Charles Oliveira,Islam Makhachev,0,0.492567385186238,Lightweight,mens_below_welterweight,0.53844051880327,separate_group_model,0.492567385186238,0.515536678048206,0.504054170691269,0.53844051880327
2022-10-29,be5aab761c40ef35,fdb9d29cf0edc16a,5ec591b78349ba7e,69888118d968ba52,Christian Rodriguez,Joshua Weems,1,0.650254230508907,Bantamweight,mens_below_welterweight,0.651066084746966,separate_group_model,0.650254230508907,0.65066026684552,0.650457275952163,0.651066084746966
2022-10-29,be5aab761c40ef35,44abbf6b947be6de,7f6ed67d3ed3c036,b15862fcd6ded451,Cody Durden,Carlos Mota,1,0.502855564139311,Flyweight,mens_below_welterweight,0.451129795425979,separate_group_model,0.502855564139311,0.476930825615496,0.489886394823286,0.451129795425979
2022-10-29,be5aab761c40ef35,86dff1593d8b9a1f,971246648e162f0d,97cf1a2c7c5e7889,Chase Hooper,Steve Garcia,0,0.6047857922833,Featherweight,mens_below_welterweight,0.623427567099353,separate_group_model,0.6047857922833,0.614148528443203,0.609477240433651,0.623427567099353
2022-10-29,be5aab761c40ef35,d6d141afdd31c3f1,285ae0b4a68221f4,8d20d76af3f213ce,JunYong Park,Joseph Holmes,1,0.322276761691994,Middleweight,mens_welter_to_middle,0.356572141203765,separate_group_model,0.322276761691994,0.339213559190323,0.322276761691994,0.356572141203765
2022-10-29,be5aab761c40ef35,5dcba156bd13e0c3,3738e68d2261e60f,ab943cd2c3c17825,Andrei Arlovski,Marcos Rogerio de Lima,0,0.424192749947286,Heavyweight,mens_light_heavy_plus,0.52330228873239,separate_group_model,0.424192749947286,0.473486356629036,0.498390328033855,0.52330228873239
2022-10-29,be5aab761c40ef35,f32d918ee06cb83b,327d5f279895110d,547afe1017e72dbe,Roman Dolidze,Phil Hawes,1,0.460684850672776,Middleweight,mens_welter_to_middle,0.466221859300113,separate_group_model,0.460684850672776,0.463452228469137,0.460684850672776,0.466221859300113
2022-10-29,be5aab761c40ef35,98b7dd0ddc52cffb,749f572d1d3161fb,e4277e87a789d687,Khalil Rountree Jr.,Dustin Jacoby,1,0.266581413771745,Light Heavyweight,mens_light_heavy_plus,0.2635240600068,separate_group_model,0.266581413771745,0.265049918376531,0.264286283573969,0.2635240600068
2022-10-29,be5aab761c40ef35,6a7db3750822d7be,147e70aa6cc48cfc,ca43de99b07b6b40,Tresean Gore,Josh Fremd,1,0.46166047024258,Middleweight,mens_welter_to_middle,0.485186451743085,separate_group_model,0.46166047024258,0.473408701737231,0.46166047024258,0.485186451743085
2022-10-29,be5aab761c40ef35,5b6bdaf89e493674,2b68d9f125d07b42,fc08099550072fe4,Jared Vanderaa,Waldo Cortes-Acosta,0,0.29468734369625,Heavyweight,mens_light_heavy_plus,0.261653812273157,separate_group_model,0.29468734369625,0.277868680904344,0.269684389340688,0.261653812273157
2022-10-29,be5aab761c40ef35,bf59d9f8bd9536f3,4b47e71384a9522f,b0d6a1d8ac3d563d,Tim Means,Max Griffin,0,0.438741722443764,Welterweight,mens_welter_to_middle,0.483728418775903,separate_group_model,0.438741722443764,0.461155981610518,0.438741722443764,0.483728418775903
2022-10-29,be5aab761c40ef35,a554a72bb0377213,040a74bb0a465c54,751de04455cfaac0,Arnold Allen,Calvin Kattar,1,0.642370702893262,Featherweight,mens_below_welterweight,0.677606133123654,separate_group_model,0.642370702893262,0.660210047483879,0.651343394979901,0.677606133123654
2022-11-05,756f45905fb20cb5,b87ac039e3b13940,3eb4dc9a7d4ac906,4f3064faf17aa711,Ramona Pascual,Tamires Vidal,0,0.343483144334874,Women's Bantamweight,womens_all,0.471263067896706,separate_group_model,0.343483144334874,0.405779045836662,0.405779045836662,0.471263067896706
2022-11-05,756f45905fb20cb5,cfca30d3ef3c86b9,60a42bf82447c919,760a55d5b6098cbe,Jake Hadley,Carlos Candelario,1,0.704527365256289,Flyweight,mens_below_welterweight,0.734050745135123,separate_group_model,0.704527365256289,0.719526032731155,0.712084873496394,0.734050745135123
2022-11-05,756f45905fb20cb5,31cb98ce37fd87dd,1a54231796e24a3f,f6bcbd91b114ff58,Liudvik Sholinian,Johnny Munoz,0,0.330643086622613,Bantamweight,mens_below_welterweight,0.376247226378382,separate_group_model,0.330643086622613,0.353110881515974,0.341788237857994,0.376247226378382
2022-11-05,756f45905fb20cb5,5475f5b6bad40989,9673a497a9da119a,d05cb1e8d1b885d8,Polyana Viana,Jinh Yu Frey,1,0.590052717094069,Women's Strawweight,womens_all,0.547316560649648,separate_group_model,0.590052717094069,0.56881273881264,0.56881273881264,0.547316560649648
2022-11-05,756f45905fb20cb5,2ab395e21080b10a,773f7feacf96153e,bc711b6dd95c1af6,Benito Lopez,Mario Bautista,0,0.388482852886796,Bantamweight,mens_below_welterweight,0.373400423067521,separate_group_model,0.388482852886796,0.380912919358851,0.38469090731941,0.373400423067521
2022-11-05,756f45905fb20cb5,71afa8354da2491e,568bbad0eaced57c,f29a6350c69f4a33,Shanna Young,Miranda Maverick,0,0.224461622130069,Women's Flyweight,womens_all,0.441320821518146,separate_group_model,0.224461622130069,0.323479281136327,0.323479281136327,0.441320821518146
2022-11-05,756f45905fb20cb5,1535fb6549fa8bab,99bd51917728c25d,da0995f19b749cfa,Grant Dawson,Mark Madsen,1,0.738410469918402,Lightweight,mens_below_welterweight,0.784584467268439,separate_group_model,0.738410469918402,0.762268018778914,0.750529594503069,0.784584467268439
2022-11-05,756f45905fb20cb5,3adecfc4727a8d73,6e9f40c706f91f32,f00ac08ab056af5d,Nate Maness,Tagir Ulanbekov,0,0.399855734841193,Flyweight,mens_below_welterweight,0.39341417576138,separate_group_model,0.399855734841193,0.396630474618197,0.398242000475766,0.39341417576138
2022-11-05,756f45905fb20cb5,2664805fde34fb1b,0a73acff6325c1e2,34e516ab361afb1c,Shayilan Nuerdanbieke,Darrick Minner,1,0.625315552906613,Featherweight,mens_below_welterweight,0.646172290769024,separate_group_model,0.625315552906613,0.635807701819065,0.630577053954368,0.646172290769024
2022-11-05,756f45905fb20cb5,b279559f15ecf29b,84b3e7d38f2d2ec5,8a1f3b5c526cd6e6,Neil Magny,Daniel Rodriguez,1,0.519238178548802,Welterweight,mens_welter_to_middle,0.490576624381474,separate_group_model,0.519238178548802,0.504911436524053,0.519238178548802,0.490576624381474
2022-11-05,756f45905fb20cb5,abfc03893551ae73,3df5493bb279226f,cd2c4d30c6e13b47,Amanda Lemos,Marina Rodriguez,1,0.428841521017467,Women's Strawweight,womens_all,0.571947752090647,separate_group_model,0.428841521017467,0.500402887449875,0.500402887449875,0.571947752090647
2022-11-12,b3b6e80b7d5f8f0d,db026ff6eee4d174,8c57c7b8c3bab0eb,9014c02eff8b3d62,Nicolae Negumereanu,Carlos Ulberg,0,0.478538945202736,Light Heavyweight,mens_light_heavy_plus,0.498521547629716,separate_group_model,0.478538945202736,0.488525662249429,0.493522957659632,0.498521547629716
2022-11-12,b3b6e80b7d5f8f0d,bee95769a221af9a,1291edf2d566a71a,cc1a8b4b38b92c6d,Julio Arce,Montel Jackson,0,0.340680797288373,Bantamweight,mens_below_welterweight,0.389213386111244,separate_group_model,0.340680797288373,0.36460300870492,0.352549489299538,0.389213386111244
2022-11-12,b3b6e80b7d5f8f0d,7f93b2f38497caec,5bf31a46becc1204,a68575214ecad140,Michael Trizano,SeungWoo Choi,1,0.403600927612523,Featherweight,mens_below_welterweight,0.469096998625792,separate_group_model,0.403600927612523,0.436070183488076,0.419748715761556,0.469096998625792
2022-11-12,b3b6e80b7d5f8f0d,ff2e4b411f695017,b4880ef2f838d4e1,d7c3816669784109,Silvana Gomez Juarez,Karolina Kowalkiewicz,0,0.55634787008894,Women's Strawweight,womens_all,0.613972885179151,separate_group_model,0.55634787008894,0.585452642762743,0.585452642762743,0.613972885179151
2022-11-12,b3b6e80b7d5f8f0d,40707ddc9fdea500,dccb63727f2f5f74,ee18ff42063174df,Matt Frevola,Ottman Azaitar,1,0.341295229617049,Lightweight,mens_below_welterweight,0.381957879837573,separate_group_model,0.341295229617049,0.361378303112144,0.351270959393609,0.381957879837573
2022-11-12,b3b6e80b7d5f8f0d,65ce9335b93d9c57,4dcfb28c011c11b2,5f61780fe5e9b6d0,Wellington Turman,Andre Petroski,0,0.28237691807928,Middleweight,mens_welter_to_middle,0.290592071082546,separate_group_model,0.28237691807928,0.286466869137643,0.28237691807928,0.290592071082546
2022-11-12,b3b6e80b7d5f8f0d,93da91272d4a7ce3,51018a31ddf31eb2,669970f7feba8ecd,Molly McCann,Erin Blanchfield,0,0.209483359977067,Women's Flyweight,womens_all,0.465718033313024,separate_group_model,0.209483359977067,0.324604072669281,0.324604072669281,0.465718033313024
2022-11-12,b3b6e80b7d5f8f0d,6f22afbc5f8e0bd3,2e19380f34871c6a,a67f5afa8d6a1b80,Dominick Reyes,Ryan Spann,0,0.470307410201809,Light Heavyweight,mens_light_heavy_plus,0.406313521794339,separate_group_model,0.470307410201809,0.438052840842874,0.422102758862953,0.406313521794339
2022-11-12,b3b6e80b7d5f8f0d,1f922cfe6178e830,37ed1ab2f8b819f4,b6452706b373eea1,Brad Riddell,Renato Moicano,0,0.435201789957266,Lightweight,mens_below_welterweight,0.488758414719267,separate_group_model,0.435201789957266,0.461870095972116,0.448498922994658,0.488758414719267
2022-11-12,b3b6e80b7d5f8f0d,77c78d0a71b10692,193b9d1858bc4df3,d747eb273a40a920,Dan Hooker,Claudio Puelles,1,0.426274020473969,Lightweight,mens_below_welterweight,0.357820256430454,separate_group_model,0.426274020473969,0.391513796292725,0.408779899608072,0.357820256430454
2022-11-12,b3b6e80b7d5f8f0d,09afa6ce4747a1a2,45f0cc9d18f35137,f2688492b9a525a3,Chris Gutierrez,Frankie Edgar,1,0.695045305891121,Bantamweight,mens_below_welterweight,0.687380052815426,separate_group_model,0.695045305891121,0.691225839888352,0.693138884594377,0.687380052815426
2022-11-12,b3b6e80b7d5f8f0d,4bf3010fdeea9d93,029eaff01e6bb8f0,4b93a88f3b1de35b,Dustin Poirier,Michael Chandler,1,0.767524313833644,Lightweight,mens_below_welterweight,0.796349455321398,separate_group_model,0.767524313833644,0.7822809632345,0.774988474881806,0.796349455321398
2022-11-12,b3b6e80b7d5f8f0d,85b5d59f8eea976a,1ebe20ebbfa15e29,d910665038efc639,Zhang Weili,Carla Esparza,1,0.469741468762764,Women's Strawweight,womens_all,0.505481211018529,separate_group_model,0.469741468762764,0.487595485496635,0.487595485496635,0.505481211018529
2022-11-12,b3b6e80b7d5f8f0d,04f32bb0c0d3a8cc,1338e2c7480bdf9e,e5549c82bfb5582d,Israel Adesanya,Alex Pereira,0,0.744759559355867,Middleweight,mens_welter_to_middle,0.626357418007171,separate_group_model,0.744759559355867,0.688633484930151,0.744759559355867,0.626357418007171
2022-11-19,012fc7cd0779c09a,33719a2d9c69ed17,262d32ebda89efc4,59c438c81fbf3ece,Natalia Silva,Tereza Bleda,1,0.585711201216878,Women's Flyweight,womens_all,0.529299606802115,separate_group_model,0.585711201216878,0.557691462756723,0.557691462756723,0.529299606802115
2022-11-19,012fc7cd0779c09a,a3696c847ef6c7f9,7af33fc4435017f1,9e92e1ca498d7244,Brady Hiestand,Fernie Garcia,1,0.552358949007929,Bantamweight,mens_below_welterweight,0.604424524637839,separate_group_model,0.552358949007929,0.578610220845778,0.565530532625528,0.604424524637839
2022-11-19,012fc7cd0779c09a,bd064deb3494b41a,2c483cf443f38ece,37d752ec41ed84bb,Vanessa Demopoulos,Maria Oliveira,1,0.386209381272822,Women's Strawweight,womens_all,0.474567354800489,separate_group_model,0.386209381272822,0.429829621484895,0.429829621484895,0.474567354800489
2022-11-19,012fc7cd0779c09a,0f2983fe7753403f,0c258d1d8e16e5f1,cd3d7e37ff2d679c,Kevin Natividad,Ricky Turcios,0,0.381898706794295,Bantamweight,mens_below_welterweight,0.428338104008397,separate_group_model,0.381898706794295,0.404905644525688,0.393343030290151,0.428338104008397
2022-11-19,012fc7cd0779c09a,594435375d641f63,37098a6e6c27fb66,46e0d677f91bacc0,Vince Morales,Miles Johns,0,0.326815943974588,Bantamweight,mens_below_welterweight,0.293256851444091,separate_group_model,0.326815943974588,0.309785982519317,0.318240225794951,0.293256851444091
2022-11-19,012fc7cd0779c09a,144443d4dbf43990,8e1f36476ef02a6a,b4192a975027aab6,Jennifer Maia,Maryna Moroz,1,0.415864031664814,Women's Flyweight,womens_all,0.497178917478292,separate_group_model,0.415864031664814,0.456229841456341,0.456229841456341,0.497178917478292
2022-11-19,012fc7cd0779c09a,b4cfb34e8224fd77,55fa6ce3e522c8bb,814e5233e2acf2ee,Zhalgas Zhumagulov,Charles Johnson,0,0.273269641619039,Flyweight,mens_below_welterweight,0.304390188521901,separate_group_model,0.273269641619039,0.288580642291299,0.28086156042746,0.304390188521901
2022-11-19,012fc7cd0779c09a,d0c01840c72429c6,6b453bc35a823c3f,a6cba6bb66c1a8c9,Jack Della Maddalena,Danny Roberts,1,0.816048179832994,Welterweight,mens_welter_to_middle,0.779569521711602,separate_group_model,0.816048179832994,0.798425000461729,0.816048179832994,0.779569521711602
2022-11-19,012fc7cd0779c09a,c317f85a8266313e,33efaf2d0941cfcf,447f9858ae78f921,Andre Fialho,Muslim Salikhov,0,0.473636091598735,Welterweight,mens_welter_to_middle,0.505148506724288,separate_group_model,0.473636091598735,0.489381750143596,0.473636091598735,0.505148506724288
2022-11-19,012fc7cd0779c09a,110f539523a4b571,01b352b6a9074d5c,fc08099550072fe4,Chase Sherman,Waldo Cortes-Acosta,0,0.348564872560576,Heavyweight,mens_light_heavy_plus,0.240842474207923,separate_group_model,0.348564872560576,0.2917892682883,0.265536493838618,0.240842474207923
2022-11-19,012fc7cd0779c09a,c33257dd0605c7de,8667caa0451d245b,cd13728ae1151f46,Kennedy Nzechukwu,Ion Cutelaba,1,0.59099211274552,Light Heavyweight,mens_light_heavy_plus,0.640689043266713,separate_group_model,0.59099211274552,0.616143743411714,0.628499281621161,0.640689043266713
2022-12-03,b23388ff8ac6637b,2cec230248d7eb97,40cb680ae1cd331f,efc67b07eed39794,Yazmin Jauregui,Istela Nunes,1,0.65913611703621,Women's Strawweight,womens_all,0.544803191504593,separate_group_model,0.65913611703621,0.603380538885291,0.603380538885291,0.544803191504593
2022-12-03,b23388ff8ac6637b,1114cd1515cf3b8f,2804ce8dadab5770,5d495dec23d7c68e,Marcelo Rojo,Francis Marshall,0,0.262924265718128,Featherweight,mens_below_welterweight,0.269185753435036,separate_group_model,0.262924265718128,0.266043265962153,0.264480821368542,0.269185753435036
2022-12-03,b23388ff8ac6637b,30abc50a2e71c576,a29db9cd4f9ccea5,cda1099995b46cc2,Natan Levy,Genaro Valdez,1,0.852611165894661,Lightweight,mens_below_welterweight,0.863381692339353,separate_group_model,0.852611165894661,0.858081684152395,0.855367914743432,0.863381692339353
2022-12-03,b23388ff8ac6637b,be977e524ef56aa4,87c0b1c696ddfb43,92a9aa9c93192871,Jonathan Pearce,Darren Elkins,1,0.805174921115936,Featherweight,mens_below_welterweight,0.840310437884554,separate_group_model,0.805174921115936,0.823428170359807,0.814474834012917,0.840310437884554
2022-12-03,b23388ff8ac6637b,92c1d9a6d313cb0c,32c355b04fc57f3a,511e82663651438d,Marc Diakiese,Michael Johnson,0,0.687387111472793,Lightweight,mens_below_welterweight,0.737042208390825,separate_group_model,0.687387111472793,0.712855220993612,0.7002758722071,0.737042208390825
2022-12-03,b23388ff8ac6637b,7bd6969c4ed979f9,c47df9303d318c67,df1eb4354d18a906,Clay Guida,Scott Holtzman,1,0.521190201081901,Lightweight,mens_below_welterweight,0.473667894270109,separate_group_model,0.521190201081901,0.497423228218622,0.509311976521176,0.473667894270109
2022-12-03,b23388ff8ac6637b,0c9faf26efe2cdcc,02f8fedc18cbd26c,f0feeb2192937424,Emily Ducote,Angela Hill,0,0.70680769924841,Women's Strawweight,womens_all,0.513325969428799,separate_group_model,0.70680769924841,0.614584205587201,0.614584205587201,0.513325969428799
2022-12-03,b23388ff8ac6637b,7fbf09533c59e43f,8e382b585a92affe,d8da10db80131bec,Phil Rowe,Niko Price,1,0.551181258594228,Welterweight,mens_welter_to_middle,0.633557600127873,separate_group_model,0.551181258594228,0.593023139518815,0.551181258594228,0.633557600127873
2022-12-03,b23388ff8ac6637b,ca0f0a35a1fcb453,cad24459b28592ca,d6c0cdd7e467c440,Eryk Anders,Kyle Daukaus,1,0.470787980155773,Middleweight,mens_welter_to_middle,0.436753857133229,separate_group_model,0.470787980155773,0.453716845080497,0.470787980155773,0.436753857133229
2022-12-03,b23388ff8ac6637b,a71764d5da04e3bc,0a1942069c9ad6b6,327d5f279895110d,Jack Hermansson,Roman Dolidze,0,0.584977797237127,Middleweight,mens_welter_to_middle,0.432003552109802,separate_group_model,0.584977797237127,0.508694188512479,0.584977797237127,0.432003552109802
2022-12-03,b23388ff8ac6637b,972e17c1b98fca06,c62fbc117d57b943,f14cf73e51b29254,Tai Tuivasa,Sergei Pavlovich,0,0.353121601355155,Heavyweight,mens_light_heavy_plus,0.307106035279974,separate_group_model,0.353121601355155,0.329706043755897,0.318299122691003,0.307106035279974
2022-12-03,b23388ff8ac6637b,5a8f7afc5ea69537,1a31ef98efce7a79,67c1d46f4ed16f9e,Matheus Nicolau,Matt Schnell,1,0.666536235722756,Flyweight,mens_below_welterweight,0.691734956028006,separate_group_model,0.666536235722756,0.679266202136036,0.672933050139161,0.691734956028006
2022-12-03,b23388ff8ac6637b,f17813d03fcd8e7a,6a2f7c151031653d,a331233f597090a5,Rafael Dos Anjos,Bryan Barberena,1,0.555642865017188,Welterweight,mens_welter_to_middle,0.528499093104058,separate_group_model,0.555642865017188,0.542102220668815,0.555642865017188,0.528499093104058
2022-12-03,b23388ff8ac6637b,a419e6df765aa755,3a46b268013afede,4a28cb716c19157a,Kevin Holland,Stephen Thompson,0,0.759916641785853,Welterweight,mens_welter_to_middle,0.797058083182783,separate_group_model,0.759916641785853,0.779045929215205,0.759916641785853,0.797058083182783
2022-12-10,f65a0eb902f9476b,5bc31abb5842942a,3c8a5200436e19f3,84512339473dd300,Cameron Saaiman,Steven Koslow,1,0.528125800076356,Bantamweight,mens_below_welterweight,0.547683788811903,separate_group_model,0.528125800076356,0.537919383048376,0.533025773084226,0.547683788811903
2022-12-10,f65a0eb902f9476b,2d9d966e0e8df232,21b813b919776d90,d31cbcdd7d69536d,Erik Silva,TJ Brown,0,0.494845393484839,Featherweight,mens_below_welterweight,0.507624030061969,separate_group_model,0.494845393484839,0.501234913428035,0.498040073439314,0.507624030061969
2022-12-10,f65a0eb902f9476b,a1a5d06b0e7ada62,262a7d06203657e6,aa171d55d4b5208f,Alexander Hernandez,Billy Quarantillo,0,0.692530676588004,Featherweight,mens_below_welterweight,0.644427927293012,separate_group_model,0.692530676588004,0.668920373319526,0.680841495279443,0.644427927293012
2022-12-10,f65a0eb902f9476b,a346180c8b109469,5442f1bc4b47eaf3,b9437600497350f3,Chris Curtis,Joaquin Buckley,1,0.505160898121379,Middleweight,mens_welter_to_middle,0.532655989598505,separate_group_model,0.505160898121379,0.518922769599356,0.505160898121379,0.532655989598505
2022-12-10,f65a0eb902f9476b,4e9d76ed54f1f352,4144798612ef96e5,ce632027bf2a871b,Edmen Shahbazyan,Dalcha Lungiambula,1,0.717468913638187,Middleweight,mens_welter_to_middle,0.540084118857711,separate_group_model,0.717468913638187,0.633279330782374,0.717468913638187,0.540084118857711
2022-12-10,f65a0eb902f9476b,1779cc4ae925df01,2cd428e9606856fd,d0aaedcf7ccd0b45,Jairzinho Rozenstruik,Chris Daukaus,1,0.439094219156674,Heavyweight,mens_light_heavy_plus,0.484058626675401,separate_group_model,0.439094219156674,0.461498116507404,0.47276446811055,0.484058626675401
2022-12-10,f65a0eb902f9476b,fd7421f421e802bd,01fed6f61ebea01f,fe2babf95de24fb1,Jay Perrin,Raul Rosas Jr.,0,0.381897952002616,Bantamweight,mens_below_welterweight,0.37177796934141,separate_group_model,0.381897952002616,0.376824530820994,0.379357944180187,0.37177796934141
2022-12-10,f65a0eb902f9476b,4a17876e99f6baf3,54f64b5e283b0ce7,d9c6f19f958643e9,Ilia Topuria,Bryce Mitchell,1,0.504913212744186,Featherweight,mens_below_welterweight,0.54893808523012,separate_group_model,0.504913212744186,0.526978090008342,0.51595342635385,0.54893808523012
2022-12-10,f65a0eb902f9476b,ecab8b8b36727b8d,0d7b51c9d2649a6e,9ce6d5a03af801b7,Dricus Du Plessis,Darren Till,1,0.600233355517923,Middleweight,mens_welter_to_middle,0.694434095644521,separate_group_model,0.600233355517923,0.648780861552576,0.600233355517923,0.694434095644521
2022-12-10,f65a0eb902f9476b,11f65de5348e4bc4,6d1bffff14897645,cdb96af67d096b1e,Santiago Ponzinibbio,Alex Morono,1,0.464674117236364,Catch Weight,unclassified,0.464674117236364,global_fallback_unclassified,0.464674117236364,0.464674117236364,0.464674117236364,0.464674117236364
2022-12-10,f65a0eb902f9476b,144cd3f62591a5fb,7026eca45f65377b,7826923b47f8d72a,Jared Gordon,Paddy Pimblett,0,0.391216634640546,Lightweight,mens_below_welterweight,0.390816874292591,separate_group_model,0.391216634640546,0.391016736181418,0.391116680843468,0.390816874292591
2022-12-17,56ec58954158966a,ccb7e2851319345d,2f6a993c7f547c13,78f485f851891d68,Sergey Morozov,Journey Newson,1,0.571152309281433,Bantamweight,mens_below_welterweight,0.57396432125369,separate_group_model,0.571152309281433,0.572558901363233,0.571855750487109,0.57396432125369
2022-12-17,56ec58954158966a,f87a7812733f7e8f,5d1b7e3dd9e11074,9ada30894bf04e19,Manel Kape,David Dvorak,1,0.468057869549957,Flyweight,mens_below_welterweight,0.524867799042638,separate_group_model,0.468057869549957,0.496451381021598,0.482240289486367,0.524867799042638
2022-12-17,56ec58954158966a,8f00da6ea8186ce2,8f765fd5775a8873,f626118b6da0e020,Rinat Fakhretdinov,Bryan Battle,1,0.409670316980117,Welterweight,mens_welter_to_middle,0.435034530590291,separate_group_model,0.409670316980117,0.422301200638455,0.409670316980117,0.435034530590291
2022-12-17,56ec58954158966a,efc64d8aae5628c9,8c1ca54b5089d199,e132d47bd9efbbe0,Maheshate,Rafa Garcia,0,0.534090256278703,Lightweight,mens_below_welterweight,0.453114523554703,separate_group_model,0.534090256278703,0.493560156456361,0.513847971712017,0.453114523554703
2022-12-17,56ec58954158966a,ed6203e849a2bf28,0fd5f4b838e890cc,50a28b9f8314e008,Said Nurmagomedov,Saidyokub Kakhramonov,1,0.515928647474899,Bantamweight,mens_below_welterweight,0.532250734034301,separate_group_model,0.515928647474899,0.524096125155444,0.520013723526802,0.532250734034301
2022-12-17,56ec58954158966a,5f4e944ff1bdcd9c,4aa58269d0664b5b,a845f0735bc67405,Matthew Semelsberger,Jake Matthews,1,0.383401229260307,Welterweight,mens_welter_to_middle,0.439939042573155,separate_group_model,0.383401229260307,0.411377695680305,0.383401229260307,0.439939042573155
2022-12-17,56ec58954158966a,c960184a583f1861,3351aa64aa83c4d9,4959f10a62f3fec3,Cory McKenna,Cheyanne Vlismas,1,0.542546853991556,Women's Strawweight,womens_all,0.486138534263386,separate_group_model,0.542546853991556,0.51438851474547,0.51438851474547,0.486138534263386
2022-12-17,56ec58954158966a,e0444752d18fda7f,0d65c432720accb9,f14f644d41ade29f,Michal Oleksiejczuk,Cody Brundage,1,0.58153156929008,Middleweight,mens_welter_to_middle,0.570787448118157,separate_group_model,0.58153156929008,0.576168510171377,0.58153156929008,0.570787448118157
2022-12-17,56ec58954158966a,c335f44e4f3515ea,519e4fe37ce9ff75,887961364be5ceb3,Drew Dober,King Green,1,0.460782227304846,Lightweight,mens_below_welterweight,0.513876092340041,separate_group_model,0.460782227304846,0.487293317127378,0.474019462710298,0.513876092340041
2022-12-17,56ec58954158966a,9c1a2ac64c98d2f6,7aa3d6964eff4877,902ec2cc48c8ae8a,Alex Caceres,Julian Erosa,1,0.604599084181579,Featherweight,mens_below_welterweight,0.524296268152864,separate_group_model,0.604599084181579,0.564873128408618,0.584874017736525,0.524296268152864
2022-12-17,56ec58954158966a,d95eeba3de7ecac5,3fa97913cfd205d3,6d35bf94f7d30241,Alessandro Costa,Amir Albazi,0,0.349665030147177,Flyweight,mens_below_welterweight,0.345439339831247,separate_group_model,0.349665030147177,0.347549183753075,0.348606360781693,0.345439339831247
2022-12-17,56ec58954158966a,ce7744d45a698aa6,135d124172a0bea3,eae48ff31db420c2,Damir Ismagulov,Arman Tsarukyan,0,0.257532870654276,Lightweight,mens_below_welterweight,0.258641167835012,separate_group_model,0.257532870654276,0.258086631278868,0.25780965393201,0.258641167835012
2022-12-17,56ec58954158966a,4ea48bf2407b405d,0d8011111be000b2,13a0275fa13c4d26,Sean Strickland,Jared Cannonier,0,0.537317480855375,Middleweight,mens_welter_to_middle,0.600530477533956,separate_group_model,0.537317480855375,0.569205896784076,0.537317480855375,0.600530477533956
