date,event_id,fight_id,fighter_id,opponent_id,fighter,opponent,target,current_logistic_probability,selected_bayes_probability,selected_bayes_lower_probability,selected_bayes_upper_probability,selected_logistic_bayes_blend_probability
2023-01-14,2e2cdb6e9eb84bb9,b6723b9c6ff4d594,09e62c450e754913,814e5233e2acf2ee,Jimmy Flick,Charles Johnson,0,0.460654683055169,0.524611502533183,0.444691942908277,0.600573025520048,0.476924385290105
2023-01-14,2e2cdb6e9eb84bb9,9f09e77e46f15766,0978385b2bd9ef9b,e4ba58725825412d,Nick Aguirre,Dan Argueta,0,0.571853652571312,0.56877066947595,0.503016262483653,0.631776896700952,0.571068013608452
2023-01-14,2e2cdb6e9eb84bb9,c9144a294c73b06f,253076a23d03dcd0,798e48f9e7f6ba22,Allan Nascimento,Carlos Hernandez,1,0.473240040172007,0.465785065465693,0.382466580738633,0.545444820605195,0.471337759292041
2023-01-14,2e2cdb6e9eb84bb9,76b6058cddda9238,036e96c1c12b8a59,849c5d9979df5357,Nick Fiore,Mateusz Rebecki,0,0.60920174368581,0.610822714445905,0.583325296232713,0.636633951547458,0.609615320838401
2023-01-14,2e2cdb6e9eb84bb9,5305049e4215d263,972c456ff38b2015,eae431e70064e046,Claudio Ribeiro,Abdul Razak Alhassan,0,0.553633492962043,0.561404163649709,0.461626341416426,0.659464297141164,0.555617655393148
2023-01-14,2e2cdb6e9eb84bb9,5a2fa552e70958d4,48812daf291a4e23,bbab3baf66128ae2,Mateus Mendonca,Javid Basharat,0,0.321101767445916,0.319031295349552,0.271235481266741,0.367112829804606,0.320573125399685
2023-01-14,2e2cdb6e9eb84bb9,a4c7d59d340794c0,2b6fc1c02736833d,b9f28e7045fdfce7,Umar Nurmagomedov,Raoni Barcelos,1,0.832878903225826,0.872538336802827,0.81390714959501,0.918236369284956,0.843843960664736
2023-01-14,2e2cdb6e9eb84bb9,622cc4ef46913020,b9706f80d005036c,fc169c387b4b465d,Ketlen Vieira,Raquel Pennington,0,0.391256170417324,0.370216366019654,0.302615151702268,0.435053458149796,0.385849014838819
2023-01-14,2e2cdb6e9eb84bb9,d4420be78065de03,64facb6cc564262d,9d83f6da776ff7d6,Punahele Soriano,Roman Kopylov,0,0.645854337547901,0.650315266868023,0.570785878144085,0.726066408742472,0.646994321649945
2023-01-14,2e2cdb6e9eb84bb9,c88a7dbe7717d2da,29af297d9f1de0f8,82a5152216251682,Damon Jackson,Dan Ige,0,0.527633739193577,0.5328742243837,0.424153260288173,0.640608416645142,0.528970684567113
2023-01-14,2e2cdb6e9eb84bb9,868c83e734dbbceb,0d8011111be000b2,881bf86d4cba8578,Sean Strickland,Nassourdine Imavov,1,0.460332793205995,0.371846989132252,0.280554547737434,0.464323737671415,0.437293437725005
2023-01-21,5717efc6f271cd52,1d35e4c0941d1397,72ea1984c52019b5,850266b3dc4e506e,Saimon Oliveira,Daniel Marcos,0,0.598610114344456,0.681008265789781,0.596429308459922,0.75999547461875,0.620378176329612
2023-01-21,5717efc6f271cd52,fcf385ae75191b57,68d35296f566792b,862b0b3375aa4b6e,Josiane Nunes,Zarah Fairn,1,0.804438205862007,0.77603368863227,0.679980317664044,0.85802691052187,0.797463854541663
2023-01-21,5717efc6f271cd52,f09c3d8a26806761,9d19d9e4aa2662e8,d317a5e2b3f88c5f,Nicolas Dalby,Warlley Alves,1,0.392421676976472,0.322613019674323,0.200077823652757,0.440866961752269,0.374062311454617
2023-01-21,5717efc6f271cd52,911b73db91738da6,809bd1a871491508,eb393afdbe3293d5,Terrance McKinney,Ismael Bonfim,0,0.681636855870174,0.668510348569153,0.600356598263227,0.733466852826178,0.678315851102923
2023-01-21,5717efc6f271cd52,354dc211166a3982,6fc506e1099afe20,bf7ad5628363eec9,Luan Lacerda,Cody Stamann,0,0.356331608041083,0.323383951394395,0.24575616275647,0.400555109474138,0.347784508963391
2023-01-21,5717efc6f271cd52,fffdc57255274be1,2f5cbecbbe18bac4,41e83a89929d1327,Shamil Abdurakhimov,Jailton Almeida,0,0.116055028997466,0.185845152701908,0.105743897210016,0.278670654008578,0.131325237464264
2023-01-21,5717efc6f271cd52,7ed9e8f3258446c7,01641ba5df0c69b0,49ee5024966efc0d,Gabriel Bonfim,Mounir Lazzez,1,0.496431124419487,0.481913175263375,0.424439383978247,0.540035754652978,0.492727510587295
2023-01-21,5717efc6f271cd52,8cdcdfb76d1670dd,20bccc9bb4ceb23e,d945aae53e3e54e6,Melquizael Costa,Thiago Moises,0,0.429906874732286,0.476280442216874,0.402097777206946,0.549108269438664,0.441648490868687
2023-01-21,5717efc6f271cd52,5ad8aa57c8d69680,1e719d4b676dc19a,d1c65d2cf2925ddd,Brunno Ferreira,Gregory Rodrigues,1,0.242422178894283,0.257432268338473,0.203910722787054,0.315651100197294,0.246192532212448
2023-01-21,5717efc6f271cd52,a3ef3d05ddd80a94,140745cbbcb023ac,260bd4cef10b033f,Mauricio Rua,Ihor Potieria,0,0.406899365830709,0.399616847121215,0.313403570666853,0.493051148115302,0.405038300252268
2023-01-21,5717efc6f271cd52,2d1ac675e6c1e6ea,c21f26bbde777573,eabf206b162b3b83,Johnny Walker,Paul Craig,1,0.510374955440562,0.498094703333593,0.382008461100317,0.617826124050538,0.507244098860398
2023-01-21,5717efc6f271cd52,0221982930283140,6a1901c62ab3870f,729d4bd5a6cd0a97,Jessica Andrade,Lauren Murphy,1,0.77245488818756,0.857718573391062,0.760969965194499,0.933457229619886,0.797163079351191
2023-01-21,5717efc6f271cd52,1c51f405e5c46572,23024fdfc966410a,84b3e7d38f2d2ec5,Gilbert Burns,Neil Magny,1,0.43383826817204,0.526601577581682,0.405824343117228,0.647785593320953,0.457312692032344
2023-01-21,5717efc6f271cd52,0462bcc27498f7c4,792be9a24df82ed6,aa72b0f831d0bfe5,Brandon Moreno,Deiveson Figueiredo,1,0.577374601928089,0.584775536480584,0.481824415307075,0.683203411255067,0.579265277189097
2023-01-21,5717efc6f271cd52,dde7d29cc443e263,5444c5a201d3ee5a,7ff97850e8c32bda,Jamahal Hill,Glover Teixeira,1,0.594666606799724,0.639614493872177,0.530363445873214,0.744251017893507,0.606313667141962
2023-02-04,d26394fc0e8e880a,a26ca06cce403ce2,4461d7e47375a895,c051c2e12d692b8a,Tatsuro Taira,Jesus Aguilar,1,0.786853688467081,0.785520576653973,0.732004164094807,0.833494130948276,0.786514320567675
2023-02-04,d26394fc0e8e880a,983fab4080743ed0,0112352cb32f5026,285ae0b4a68221f4,Denis Tiuliulin,JunYong Park,0,0.372628652401895,0.413853609537938,0.343522511273772,0.485338486429176,0.382992179635287
2023-02-04,d26394fc0e8e880a,98094a500529d442,adccbc19b22e19af,b671bdf981ad527d,SeungGuk Choi,HyunSung Park,0,0.500559634750646,0.499229911575421,0.490504009416223,0.507242125038566,0.500220556145412
2023-02-04,d26394fc0e8e880a,a8067e65eb737a09,148bb103cfbf123e,d8c811df0386d5e8,Toshiomi Kazama,Rinya Nakamura,0,0.535355384229117,0.536022830091591,0.527735014882342,0.54447867728244,0.535525594647623
2023-02-04,d26394fc0e8e880a,765482eb58e8db48,3f11fd1751fa83b1,d008d785f6347dc2,Yizha,JeongYeong Lee,0,0.495000890669063,0.496441087916347,0.480152542437421,0.511653229502883,0.495368133170469
2023-02-04,d26394fc0e8e880a,b1b20c686dfe3204,57186c150c645200,a72a2a769fa5a2be,Jeka Saragih,Anshul Jubli,0,0.503372266171837,0.511923747338497,0.488037919650555,0.536584801044754,0.505553275047694
2023-02-04,d26394fc0e8e880a,c63d8062c89c4c33,21b5c82c1b89dab1,a01a62132460a98d,Yusaku Kinoshita,Adam Fugitt,0,0.636601174251566,0.577481234107045,0.51299901010776,0.642870222373753,0.621836721076871
2023-02-04,d26394fc0e8e880a,8741e6a3a5a22a7f,1788eee370f077b7,c9cf753cfdf77fc2,Blagoy Ivanov,Marcin Tybura,0,0.388749881394931,0.486557714426271,0.390231358616666,0.584234169382897,0.41316918926775
2023-02-04,d26394fc0e8e880a,7a1abc0230af730c,74f9448b97bf8bec,cc7040fe76f0ef91,Da Woon Jung,Devin Clark,0,0.767055042829266,0.75711234727382,0.672656331759774,0.836009642399151,0.764546833141252
2023-02-04,d26394fc0e8e880a,caeeb398f73d213a,d3df1add9d9a7efb,e2f6b2769aaedd6c,Derrick Lewis,Serghei Spivac,0,0.289882712629965,0.370434505296751,0.270944156954102,0.478867750107553,0.309442738032711
2023-02-11,01dd4cdc2446f665,0ac5fc42ba039211,48a9a128784d53d1,aceffa19749c4dc0,Elves Brener,Zubaira Tukhugov,1,0.408205768174837,0.412732722869955,0.31615258804357,0.510429721933439,0.409358692884521
2023-02-11,01dd4cdc2446f665,5c962ea13cb9b937,4cd8b03aee1d0138,5095b0920a3602aa,Shane Young,Blake Bilder,0,0.556253479336483,0.617821205852608,0.539363770921371,0.697116867765237,0.572198615416983
2023-02-11,01dd4cdc2446f665,51a12878b151d67b,4e30e4250cb08b61,ac7c765882f2c68c,Loma Lookboonmee,Elise Reed,1,0.681706029810026,0.699527300985705,0.633473933691817,0.759018424387502,0.686304019529633
2023-02-11,01dd4cdc2446f665,28af78600d6580f1,a9da3158dd2c2b5a,da4628f173337902,Jack Jenkins,Don Shainis,1,0.515581415966512,0.459760090380179,0.407740314987374,0.512997427977914,0.501328527907502
2023-02-11,01dd4cdc2446f665,a37a6b6f9551a6e8,3920d0cc288f9b0d,af9f42e6894047fc,Francisco Prado,Jamie Mullarkey,0,0.445375138815401,0.432874252591194,0.364421199876721,0.494492768040688,0.442180200941157
2023-02-11,01dd4cdc2446f665,16dbe70eb7007f17,102a8fdf8cbf7467,51c655162e462ceb,Kleydson Rodrigues,Shannon Ross,1,0.598702002584963,0.674540938826589,0.610233334378618,0.739035803808242,0.618665353652949
2023-02-11,01dd4cdc2446f665,8b7bc2af1e15b668,6751eacd16bd59bc,a52bc1e62cf0b7c6,Josh Culibao,Melsik Baghdasaryan,1,0.478746862384043,0.464326154459546,0.390757799751219,0.544922955688454,0.4750652626612
2023-02-11,01dd4cdc2446f665,ca2672e68fedf4b7,476fe566d2df676e,49e96ff8ab781589,Modestas Bukauskas,Tyson Pedro,1,0.284471874913747,0.34307165527257,0.234450102921865,0.450429356085509,0.298838447977296
2023-02-11,01dd4cdc2446f665,da22d5a717ae9e35,ac40f7e3cbecdda4,e13abac8089a801a,Parker Porter,Justin Tafa,0,0.383281325127398,0.357198992283746,0.288825034545932,0.427121582215981,0.376559384651402
2023-02-11,01dd4cdc2446f665,4f672dd40867d8c6,6b453bc35a823c3f,c6aee362c7a7d482,Jack Della Maddalena,Randy Brown,1,0.600764547568597,0.538870830997543,0.438575317594027,0.633294057919699,0.585204107087402
2023-02-11,01dd4cdc2446f665,2208b9f471a201d9,cbf5e6f231b55443,fba03cd6cc28dc41,Yair Rodriguez,Josh Emmett,1,0.512690077094642,0.506267299026806,0.399180452946773,0.602364969194338,0.511052586237535
2023-02-11,01dd4cdc2446f665,256894b49303537b,275aca31f61ba28c,e1248941344b3288,Islam Makhachev,Alexander Volkanovski,1,0.553820021548188,0.396805975651322,0.22761874125207,0.589048217927806,0.513550676963278
2023-02-18,f21a3d68fb9df387,40781a64c4cea877,4a043165cf47cab2,b62d5280966b2460,Juancamilo Ronderos,Clayton Carpenter,0,0.536438221831874,0.592729700968525,0.537809976963636,0.648037840867872,0.550940213579025
2023-02-18,f21a3d68fb9df387,435ba9b407b844ef,40f3cb27fc7305a1,725b1abc9a39d873,Themba Gorimbo,AJ Fletcher,0,0.513907038200752,0.501940490819458,0.419304653769066,0.579761287095166,0.510856544695273
2023-02-18,f21a3d68fb9df387,3d46d635f9ae5e68,50db8711c70196cd,53c943c873cffe90,Ovince Saint Preux,Philipe Lins,0,0.539210854536585,0.500396839427045,0.41340769703674,0.590830904689145,0.529339666001148
2023-02-18,f21a3d68fb9df387,43ec12079ccc371c,5c10da56d712ac9c,e00a3dee329a51f7,Khusein Askhabov,Jamall Emmers,0,0.433294981198973,0.39027077429784,0.336568073321886,0.443378443244841,0.422200320971836
2023-02-18,f21a3d68fb9df387,c3a4187fc821bfff,2eeaefbfc7f9fcff,cc8c623cca88f54f,Lina Lansberg,Mayra Bueno Silva,0,0.163715162895135,0.196959241249167,0.122502307146226,0.284630798088141,0.171738492052526
2023-02-18,f21a3d68fb9df387,d45d9c7d60f332da,d9a56ecb6e94f02e,ff62013d2fce6d13,Evan Elder,Nazim Sadykhov,0,0.479469695524029,0.505993030969279,0.438090957897557,0.579733352363692,0.486228083219122
2023-02-18,f21a3d68fb9df387,682ff095649c9a5c,262a7d06203657e6,d1941565abf50b16,Alexander Hernandez,Jim Miller,1,0.555973234837788,0.572244865515274,0.43281204422183,0.702269100698195,0.560135345163587
2023-02-18,f21a3d68fb9df387,dc6f69f923744948,5da33b8fbfa5ee95,6370c1c1e12723d5,William Knight,Marcin Prachnio,0,0.431903952000291,0.405464281709261,0.300307063785432,0.514806977559013,0.425118569276004
2023-02-18,f21a3d68fb9df387,3e90b7fd1e9f86bd,b5da8f7d05e85a55,f41b9f5efc7162d6,Josh Parisian,Jamal Pogues,0,0.307138430592213,0.289937173859227,0.225763199377119,0.352436460720873,0.302698255095661
2023-02-18,f21a3d68fb9df387,3f837b469ba33c7c,56f7d7ee06be4aab,c878270af633eb11,Zac Pauga,Jordan Wright,1,0.672248344654664,0.750567398045431,0.672253658881825,0.823808366840642,0.693408922325819
2023-02-18,f21a3d68fb9df387,dcc3da324eb5f26c,669970f7feba8ecd,6a1901c62ab3870f,Erin Blanchfield,Jessica Andrade,1,0.58718738881771,0.50898248616744,0.390693996394226,0.632063386896863,0.567501427276627
2023-02-25,806975e1b4f47b27,02615499125b4b5d,029afd138865d20a,ca28cdf526d6b6e9,Rafael Alves,Nurullo Aliev,0,0.398377673622498,0.430419203034944,0.371687264573295,0.490175815092394,0.406477404568018
2023-02-25,806975e1b4f47b27,12d9b4a3931be5ec,914a897455693650,af65aa688d13eedf,Carl Deaton,Joe Solecki,0,0.302921058072397,0.324682181625406,0.26417637893827,0.383944394403292,0.308391793754359
2023-02-25,806975e1b4f47b27,63670e1b8f164d4a,6d68c1afe954f121,814e5233e2acf2ee,Ode Osbourne,Charles Johnson,1,0.298366676828939,0.302385914586525,0.218193452255088,0.390031183216256,0.299388661827029
2023-02-25,806975e1b4f47b27,a7f66f13f953352f,3e708ce33b6b18e6,ac026518a9b4dc0f,Victor Martinez,Jordan Leavitt,0,0.309385086999843,0.33625447405326,0.277819404838553,0.401461441205966,0.316124528379131
2023-02-25,806975e1b4f47b27,faac24c1b3d6368a,a6eb54ae17a551be,a9e260472d321361,Gabriella Fernandes,Jasmine Jasudavicius,0,0.50105443203049,0.497252972186177,0.447452363256568,0.545722105558923,0.500085056172606
2023-02-25,806975e1b4f47b27,83fa3a382acc7bdc,0bc697c5936a2d0a,a2ccf35a88346a91,Trevor Peek,Erick Gonzalez,1,0.615846703337855,0.576068018748053,0.52082345051543,0.631146255971969,0.605826877574157
2023-02-25,806975e1b4f47b27,00a94d5fc7ce55cf,dd6103dd7127db1d,f998f5c102250d6e,Mike Malott,Yohan Lainesse,1,0.581476436512767,0.609833274501858,0.55892145554391,0.662883322559101,0.588766769761425
2023-02-25,806975e1b4f47b27,5737084215c45792,80d8aed0ca9b00f3,b08012bbe542592a,Montana De La Rosa,Tatiana Suarez,0,0.311430532332304,0.200013416286592,0.0922504050959114,0.337049056590822,0.279972896547403
2023-02-25,806975e1b4f47b27,d6357dab7ccdf2db,1a9480fc288e55d7,441eacbe20e0e80b,Don'Tale Mayes,Augusto Sakai,0,0.588267790354498,0.586789097580916,0.498248126510532,0.664661833508403,0.587890874810931
2023-02-25,806975e1b4f47b27,2ba11e0bf32829d6,2f181c0467965b98,886264a0c9f4ea5e,Brendan Allen,Andre Muniz,1,0.385323155699415,0.362482687521395,0.26488233953884,0.478839392062213,0.379446121508949
2023-03-04,1ccff7f0cfdf85eb,ee2354d638c078fd,323d4ca260dfa0ba,8c169fbe1ac33637,Esteban Ribovics,Loik Radzhabov,0,0.576737964741001,0.579552967304779,0.563064926991843,0.595922943244106,0.577456269701279
2023-03-04,1ccff7f0cfdf85eb,cd20dac4daa4f93a,a09ed60aa67a3f67,da22387a0407a2dc,Farid Basharat,Da'Mon Blackshear,1,0.524251500732777,0.517663938142454,0.442053557185351,0.593507480732747,0.522572386300172
2023-03-04,1ccff7f0cfdf85eb,c3b9b97467f828d1,c742287ed86a09bc,d25240135aee03e5,Jessica Penne,Tabatha Ricci,0,0.276133651687261,0.26848304252341,0.190497280745309,0.356365114728632,0.274169989675145
2023-03-04,1ccff7f0cfdf85eb,0eb16f1307f66a11,3c8a5200436e19f3,c0386644627a7ee5,Cameron Saaiman,Mana Martinez,1,0.703398310836116,0.731070767912282,0.607456332766269,0.843041977629075,0.710609888930717
2023-03-04,1ccff7f0cfdf85eb,ed9f8f702585ed44,32490e80ddab1e5a,442c9011034ae1fd,Song Kenan,Ian Machado Garry,0,0.251687573184001,0.291121487583677,0.20933005754339,0.378193892756061,0.261398670925718
2023-03-04,1ccff7f0cfdf85eb,c29e2c49e1e417c8,8e9eb3fc86db0f7d,d0e1b42d41dab603,Marc-Andre Barriault,Julian Marquez,1,0.513171819184589,0.491320328397539,0.376618337736797,0.602706087501806,0.507601165143555
2023-03-04,1ccff7f0cfdf85eb,009feda296ae589c,36541f1e6c5d4955,beecb672a279223e,Viviane Araujo,Amanda Ribas,0,0.312004779229919,0.265260080915505,0.19174742986752,0.339939932252998,0.299660706812151
2023-03-04,1ccff7f0cfdf85eb,c2fc4c1e0c769655,0d7b51c9d2649a6e,b1a3e0aca758b322,Dricus Du Plessis,Derek Brunson,1,0.646920668317745,0.711353767882395,0.622256946255066,0.793351335363973,0.663989114016307
2023-03-04,1ccff7f0cfdf85eb,ec490d4224d3bc78,d8c7c61b176e3994,ec23c1be628d8057,Cody Garbrandt,Trevin Jones,1,0.62678977978703,0.538491903283475,0.431981383822937,0.646637186396872,0.60482237334212
2023-03-04,1ccff7f0cfdf85eb,2b9daf452ab40b9b,35673bf5204524ee,830f60497fab345a,Bo Nickal,Jamie Pickett,1,0.724853150320455,0.724982430495764,0.672761037668106,0.779390250599276,0.724886120268535
2023-03-04,1ccff7f0cfdf85eb,d6d034e98ce85246,4d8fa64202cee4c1,72db2a14ffa73ece,Jalin Turner,Mateusz Gamrot,0,0.402288834596306,0.344152426306874,0.234985385673501,0.451300261206284,0.387126200312237
2023-03-04,1ccff7f0cfdf85eb,22fc6b3f4e48cfa3,01afe0916a40c7c5,b997be68943010fc,Shavkat Rakhmonov,Geoff Neal,1,0.649220105857608,0.646189150469872,0.552652664558219,0.731598948735491,0.648448345303934
2023-03-04,1ccff7f0cfdf85eb,a69afe4a88c0ca12,132deb59abae64b1,e8b731feff72294b,Valentina Shevchenko,Alexa Grasso,0,0.672995307366948,0.656650778276081,0.560639921133442,0.742221672326188,0.668865241719379
2023-03-04,1ccff7f0cfdf85eb,636fd144716a3084,07f72a2a7591b409,787bb1f087ccff8a,Jon Jones,Ciryl Gane,1,0.494142404473042,0.52462219529307,0.355151211618408,0.708194861594922,0.501919606362062
2023-03-11,35080a7f406f9ab3,ccb5e29cd0347110,a53d30163304aa6e,c730a0be691dc081,Carlston Harris,Jared Gooden,1,0.610040882035594,0.620138939795388,0.53524376962867,0.697481132731043,0.612625238635894
2023-03-11,35080a7f406f9ab3,c3af2b6ab1262fef,294aa73dbf37d281,6e00cfffd54653c4,Bruno Silva,Tyson Nam,1,0.605042982251512,0.662434555323712,0.570658656232029,0.749783769584063,0.620028821591709
2023-03-11,35080a7f406f9ab3,8e5ce3308c0e2046,6551c64fbcd1a467,6fd953151d981979,Ariane da Silva,JJ Aldrich,1,0.305273295761703,0.286199804977892,0.21479599604493,0.362988757907538,0.300342064724033
2023-03-11,35080a7f406f9ab3,c4e4954beb59eca6,601964f9654f911a,eb8d8c2a95cfccb8,Tony Gravely,Victor Henry,0,0.630422996797888,0.617310713502926,0.533329630878163,0.692849796139017,0.627096746350642
2023-03-11,35080a7f406f9ab3,3cf3771274a4f8b1,4e6738062d469256,ca43de99b07b6b40,Sedriques Dumas,Josh Fremd,0,0.6015338204993,0.568600410280425,0.496186547067965,0.641181686977831,0.593210240535235
2023-03-11,35080a7f406f9ab3,804c350ce714770f,113df4fde64735c6,2f13e4020cea5b38,Davey Grant,Raphael Assuncao,1,0.530541236796382,0.575418627463307,0.459504003623187,0.686886646900196,0.542061540068011
2023-03-11,35080a7f406f9ab3,e9c6bac0d1a5ec0f,0c25d0a5e8cdbf19,d35f734c56a89103,Lukasz Brzeski,Karl Williams,0,0.666838050056321,0.722927799459583,0.672745748979631,0.76958102496733,0.681684104868921
2023-03-11,35080a7f406f9ab3,8d5b88e0ff253617,71171fc96445bf65,82529ce93cd9a2cf,Vitor Petrino,Anton Turkalj,1,0.512609626202718,0.468382495009141,0.406100778485345,0.53087732708913,0.50132295142764
2023-03-11,35080a7f406f9ab3,2c58a97f2fe6c985,bc711b6dd95c1af6,d05412b513b19621,Mario Bautista,Guido Cannetti,1,0.806676181981867,0.795231548483126,0.704956565130706,0.874659985948365,0.803804773307376
2023-03-11,35080a7f406f9ab3,b9539d5e379b3edc,0fd5f4b838e890cc,f2477cf43c4975cc,Said Nurmagomedov,Jonathan Martinez,0,0.614581118430707,0.59211033057217,0.494528826550171,0.68497993340719,0.608893193976116
2023-03-11,35080a7f406f9ab3,d6945828f5fa7492,1091d4d957141094,a67f5afa8d6a1b80,Nikita Krylov,Ryan Spann,1,0.546981103445253,0.553288162044548,0.452382931521673,0.657078779416302,0.548590915098696
2023-03-11,35080a7f406f9ab3,3b561a154aa2bbb2,279566840aa55bf2,c0badf3243907e59,Alexander Volkov,Alexandr Romanov,1,0.541012159336185,0.581943361677961,0.479488433453341,0.680255804338465,0.551524984797341
2023-03-11,35080a7f406f9ab3,0ccd2593c88209e4,c03520b5c88ed6b4,d661ce4da776fc20,Merab Dvalishvili,Petr Yan,1,0.516578620484323,0.49170105691475,0.3796834292699,0.606412658975519,0.510237760556858
2023-03-18,e4bb7e483c4ad318,53d6d5ad08ac0694,4798e823ada58fe9,aa0c573da7119292,Veronica Hardy,Juliana Miller,1,0.2763745069319,0.337576216863384,0.224091546275162,0.464802457202672,0.291321488829678
2023-03-18,e4bb7e483c4ad318,8a3e7085e8e5a6e9,12f91bfa8f1f723b,528b071cf3da7c56,Joanne Wood,Luana Carolina,1,0.410068710962648,0.468084360921339,0.381614826079352,0.553991238220673,0.424692082515213
2023-03-18,e4bb7e483c4ad318,6068385c48de6801,60a42bf82447c919,dee294e9717012c2,Jake Hadley,Malcolm Gordon,1,0.698308663074482,0.648330013346448,0.576713008238688,0.716901145346686,0.685945499078581
2023-03-18,e4bb7e483c4ad318,38094db8e3539cba,866fd7b1a6c90e7f,a93f94c923c3a9cb,Dusko Todorovic,Christian Leroy Duncan,0,0.50487943093697,0.483681853649069,0.419915668407397,0.547883564310364,0.499472698763138
2023-03-18,e4bb7e483c4ad318,533984c3ff4b4858,396fe87b84ac2e1c,f2f140ce7532e327,Lerone Murphy,Gabriel Santos,1,0.68723792496963,0.644870874070693,0.563450985724369,0.742913742332206,0.676693419250878
2023-03-18,e4bb7e483c4ad318,f40ac11da3bd7f8e,65adf3856c4d9256,75353550928a7921,Jafel Filho,Muhammad Mokaev,0,0.147922776528659,0.145629378946927,0.102212109938464,0.201059408324383,0.147335141690941
2023-03-18,e4bb7e483c4ad318,9f8cf5ac0807d64e,8b6e5dc2ba1edbe7,c739c2995a275314,Sam Patterson,Yanal Ashmouz,0,0.583665188923889,0.585490660622046,0.544920963986095,0.621851124611811,0.584130903224622
2023-03-18,e4bb7e483c4ad318,cdaf65287d9a0ecb,a0e6753c42698f13,fd406a32a6fb3a29,Omar Morales,Chris Duncan,0,0.37154571537535,0.361009203800321,0.300551652444671,0.423289451690243,0.368846825824656
2023-03-18,e4bb7e483c4ad318,13f5be7a2ea5577e,87a1dc546b1c5caf,b8a85389d115e35a,Makwan Amirkhani,Jack Shore,0,0.163047053667134,0.142053574932912,0.0887583854415784,0.21127031494154,0.157467379954718
2023-03-18,e4bb7e483c4ad318,5e9c027fb24efc2b,327d5f279895110d,7acbb0972e75281a,Roman Dolidze,Marvin Vettori,0,0.441682428220922,0.381241337313433,0.302866114358991,0.461982598790826,0.42602865879034
2023-03-18,e4bb7e483c4ad318,dd9cbf6d6284de26,04835018f90b118c,8e1f36476ef02a6a,Casey O'Neill,Jennifer Maia,0,0.757745496079431,0.711260252184603,0.629038442103126,0.790859665002767,0.746390477675655
2023-03-18,e4bb7e483c4ad318,019b4d006800504b,a331233f597090a5,fd55393021a8c255,Bryan Barberena,Gunnar Nelson,0,0.409286286967802,0.440426019589954,0.311687914995591,0.571249038628608,0.417168371908192
2023-03-18,e4bb7e483c4ad318,90a83875e1d11238,9e8f6c728eb01124,c814b4c899793af6,Justin Gaethje,Rafael Fiziev,1,0.488107644245781,0.547887467909332,0.446607306106412,0.644527507283133,0.503387284429481
2023-03-18,e4bb7e483c4ad318,c483ac06b1e33c3b,f1b2aa7853d1ed6e,f1fac969a1d70b08,Kamaru Usman,Leon Edwards,0,0.630733498360227,0.643800259351486,0.540199993850464,0.745548876126485,0.634084653964803
2023-03-25,aec273fcb765330d,6f6fec9c78244174,65cdf4ec31143d86,dc7927cd622676a7,Vinicius Salvador,Victor Altamirano,0,0.476932505610983,0.461411278660015,0.412050830740488,0.51282393393569,0.472969166986943
2023-03-25,aec273fcb765330d,16bd47ba50891833,077e3ace32b72be9,31bb0772f21cabd8,CJ Vergara,Daniel Lacerda,1,0.728373431214675,0.671323914600136,0.585707967524469,0.742900541620688,0.71442495918798
2023-03-25,aec273fcb765330d,07e39fd5f4f23270,9fe7af8b3fbe00a0,b27a1fcb56a3035a,Preston Parsons,Trevin Giles,0,0.549898775803816,0.596128265799283,0.507106807934673,0.68202525379247,0.561802658718546
2023-03-25,aec273fcb765330d,b9e037a45f8850fb,11583163f45c7b31,b93c06d09d1c4ac0,Lucas Alexander,Steven Peterson,1,0.621759944932913,0.660313157596039,0.554543696375839,0.763607669531682,0.631761122993882
2023-03-25,aec273fcb765330d,c6cc6ae23cbf8a27,361d49960a196976,7832f2f62f04178f,Daniel Pineda,Tucker Lutz,1,0.330237562101842,0.282616583033364,0.197020597603663,0.384654212227021,0.317705868108301
2023-03-25,aec273fcb765330d,2f382615155e32b9,6b7c7460855dbbb9,c68c68efaa5ca6ef,Albert Duraev,Chidi Njokuani,1,0.425259132664205,0.444958211786089,0.379728132655323,0.507697736403958,0.430262450236052
2023-03-25,aec273fcb765330d,9433730f95d52fc8,05fa626cb33d15b8,6a740daf1b279661,Andrea Lee,Maycee Barber,0,0.435271292932613,0.505658064378293,0.381625527328984,0.624705163030225,0.453086206392353
2023-03-25,aec273fcb765330d,bce8ece2ff26b4d4,305d73ede05e31ad,583ee11abddfc581,Austin Lingo,Nate Landwehr,0,0.605780186012825,0.615629842495837,0.540669099003413,0.690933642269892,0.608300369470743
2023-03-25,aec273fcb765330d,1c2d0db1c9eed052,3143bf892608139a,634e2fb70bde3fd5,Yana Santos,Holly Holm,0,0.449588964145876,0.39657525987908,0.29518110975877,0.518530781877539,0.435910851422887
2023-03-25,aec273fcb765330d,33fa6793a7f984ac,65f09bacd3957381,7c7332319c14094c,Cory Sandhagen,Marlon Vera,1,0.550216933444617,0.569530152448928,0.457440054526703,0.676371192770287,0.555158575405719
2023-04-08,3dc3022232b79c7a,355a2f4090c0ca31,bc7d1ad49fcb2d08,e94085e821bd81de,Jaqueline Amorim,Sam Hughes,0,0.523835040662204,0.565374386583728,0.493678772871879,0.631321130784331,0.534482176121618
2023-04-08,3dc3022232b79c7a,0810cdbeb9dd4d02,0a73acff6325c1e2,97cf1a2c7c5e7889,Shayilan Nuerdanbieke,Steve Garcia,0,0.503430025142018,0.425519080757462,0.283723350913863,0.585395545299625,0.483426515180394
2023-04-08,3dc3022232b79c7a,d7022b6058dbb26b,cfc3e7bb44685289,e4a47b07044ddd72,Trey Ogden,Ignacio Bahamondes,0,0.294731390788193,0.286303710265283,0.214514561484639,0.367162532057101,0.29256864851807
2023-04-08,3dc3022232b79c7a,780147f2ed2637d1,8e5d953bdb9ae5e7,98215d037be5bcb7,Loopy Godinez,Cynthia Calvillo,1,0.642439274228362,0.662054729381448,0.576643999817016,0.743902770910888,0.647489875994741
2023-04-08,3dc3022232b79c7a,28e3d939eb043664,6ac9bc2953c47345,c1085e1701b13eca,Gerald Meerschaert,Joe Pyfer,0,0.51957948629396,0.558057355601407,0.452195937971698,0.661006975348491,0.529431797158862
2023-04-08,3dc3022232b79c7a,95349402616097cd,a3a542074109b347,eb04b9d31e938edb,Luana Pinheiro,Michelle Waterson-Gomez,1,0.592876338212607,0.562163178488697,0.46451875864453,0.65432673015941,0.585103236518298
2023-04-08,3dc3022232b79c7a,bbc76ff9e1b1b142,5442f1bc4b47eaf3,8c0580d4fff106c1,Chris Curtis,Kelvin Gastelum,0,0.61804184221865,0.601745906812673,0.500792345877653,0.699273728620798,0.61390994975376
2023-04-08,3dc3022232b79c7a,2cb34fc074f7a9ae,5ec591b78349ba7e,fe2babf95de24fb1,Christian Rodriguez,Raul Rosas Jr.,1,0.426012326918699,0.467569969368506,0.399025684499583,0.540797536782208,0.436534360126449
2023-04-08,3dc3022232b79c7a,3165b03ddc6d3b6e,3a46b268013afede,6d1bffff14897645,Kevin Holland,Santiago Ponzinibbio,1,0.562715130844921,0.48866911827354,0.352779101521722,0.613592959548875,0.543966464980578
2023-04-08,3dc3022232b79c7a,678d27af287476f8,0232cabbc30a2372,05339613bf8e9808,Adrian Yanez,Rob Font,0,0.584919610528569,0.474479983059215,0.378166344389078,0.567296235624483,0.557120506628116
2023-04-08,3dc3022232b79c7a,71ea7d7985dad804,23024fdfc966410a,47b9e0e7703a4868,Gilbert Burns,Jorge Masvidal,1,0.687589161130326,0.65958550679293,0.529973720629806,0.780115681324674,0.680567094987341
2023-04-08,3dc3022232b79c7a,fe143cb868adfded,1338e2c7480bdf9e,e5549c82bfb5582d,Israel Adesanya,Alex Pereira,1,0.590626240060381,0.577608963669524,0.483672190081872,0.680171938520173,0.58731812363117
2023-04-15,15b1b21cd743d652,8b2b2562884821a7,3cf66c62d9069f43,f9ab66e67240db7b,Lucie Pudilova,Joselyne Edwards,0,0.356922612858091,0.282776513648231,0.186696553345223,0.393069449651408,0.337165387735312
2023-04-15,15b1b21cd743d652,119559fd8124fee3,34c2b3656f88f7ef,96924b0019b3aff1,Aaron Phillips,Gaston Bolanos,0,0.335376741721745,0.364519098168105,0.243777295355661,0.489614824642757,0.342700153880415
2023-04-15,15b1b21cd743d652,5de3a1bbcf705b58,7138a15258dabf20,cffb87059e645bd1,Bruna Brasil,Denise Gomes,0,0.459406792742562,0.418038750650535,0.346632912121609,0.495357163328413,0.448781272542242
2023-04-15,15b1b21cd743d652,cef255a992ba7af3,4148802ae4a50768,f9b200db02b488d9,Daniel Zellhuber,Lando Vannata,1,0.658904661916383,0.633771551888287,0.545726254944239,0.721863371929137,0.652573483852981
2023-04-15,15b1b21cd743d652,68c1b833ed8849a3,38c7f72747f4f712,e375cb5caf4717b6,Gillian Robertson,Piera Rodriguez,1,0.496647937123031,0.48786273141502,0.37836342521021,0.607193747534368,0.494407302667822
2023-04-15,15b1b21cd743d652,50e675146cda6e7c,06f36cf4bd97ec77,4ba8d454f762005d,Ed Herman,Zak Cummings,0,0.254568941380437,0.294063473996129,0.195925706834245,0.406675385153526,0.264301000942253
2023-04-15,15b1b21cd743d652,bbde45b2c766bb67,1a31ef98efce7a79,6e15f63b6c2e2c15,Matheus Nicolau,Brandon Royval,0,0.668828127417746,0.584047319186014,0.482069083508378,0.678864705618807,0.647987031597996
2023-04-15,15b1b21cd743d652,b01e6e97d66681c5,9abc648e76c4493a,d31cbcdd7d69536d,Bill Algeo,TJ Brown,1,0.596247042114178,0.603142516576891,0.527358929124609,0.677302056707944,0.598009115924584
2023-04-15,15b1b21cd743d652,bdbddbc00d07dc4b,c47df9303d318c67,e132d47bd9efbbe0,Clay Guida,Rafa Garcia,0,0.244481357629463,0.227052371196362,0.162913783661345,0.302847537003773,0.23995240505437
2023-04-15,15b1b21cd743d652,d856812dc733690a,45f0cc9d18f35137,6bd02119599741a4,Chris Gutierrez,Pedro Munhoz,0,0.682417830341216,0.592968870917232,0.495688033425287,0.697402847506993,0.660561888063227
2023-04-15,15b1b21cd743d652,995e79b951da945b,04c8b08b16a5b99e,cd13728ae1151f46,Tanner Boser,Ion Cutelaba,0,0.63088597571742,0.525527262032302,0.381704310584267,0.670326833949344,0.604773569862751
2023-04-15,15b1b21cd743d652,792f139c2b9fd294,e4277e87a789d687,e90a2f22417af68e,Dustin Jacoby,Azamat Murzakanov,0,0.533842155040228,0.574128348438475,0.501579992918453,0.644717010869928,0.544178558083593
2023-04-15,15b1b21cd743d652,83c81018bb3aeebf,64a50dad704d1d49,aa171d55d4b5208f,Edson Barboza,Billy Quarantillo,1,0.435199524833858,0.490894952204961,0.372573249890122,0.602258124591811,0.449303332028071
2023-04-15,15b1b21cd743d652,6049301b4deea035,040a74bb0a465c54,150ff4cc642270b9,Arnold Allen,Max Holloway,0,0.507298395863729,0.448173822367419,0.315922582299246,0.567543838235226,0.492175054079371
2023-04-22,6fb1ba67bef41b37,277233ca9ea25674,3b0a516d2921e0d6,7af33fc4435017f1,Batgerel Danaa,Brady Hiestand,0,0.373687557168311,0.360300473406583,0.274344168757651,0.45384683392787,0.370254498519414
2023-04-22,6fb1ba67bef41b37,a941c4e25ddddfff,5d495dec23d7c68e,e1d40e8782d80bc2,Francis Marshall,William Gomis,0,0.394527764727194,0.405078282612617,0.355465813748199,0.451888717174457,0.397209240006852
2023-04-22,6fb1ba67bef41b37,8beab5f941dae8e0,c15fa95b9a12fde4,da7f113b5ea39c43,Junior Tafa,Mohammed Usman,0,0.527357484139795,0.510687882970913,0.446392833693908,0.5684101726499,0.523111056495746
2023-04-22,6fb1ba67bef41b37,01aa5949ac6851f3,351c4ec637380ad5,d3f5d33d61cd00c9,Karol Rosa,Norma Dumont,0,0.480079989815103,0.387245205371943,0.292530206640384,0.488567171527569,0.456010512307526
2023-04-22,6fb1ba67bef41b37,034cbbec91f67852,94527830000ab715,cc1a8b4b38b92c6d,Rani Yahya,Montel Jackson,0,0.204262390898389,0.158213556799178,0.0809063762749203,0.250463730632468,0.191645774062586
2023-04-22,6fb1ba67bef41b37,16628e25a043043a,814ff3018127e8fc,de45aaae23dfa392,Ricky Glenn,Christos Giagos,0,0.54960195044098,0.494569650214487,0.372396730875094,0.613745049040513,0.535630143546998
2023-04-22,6fb1ba67bef41b37,06d9fb9c995f1e4f,4aa58269d0664b5b,d66a46de8d705353,Matthew Semelsberger,Jeremiah Wells,0,0.530338544123254,0.510083938427758,0.428774269289114,0.58490170185018,0.525180460091281
2023-04-22,6fb1ba67bef41b37,20c0f50c11509301,4333a8e70a672eb7,abcf2cc6efc42031,Brogan Walker,Iasmin Lucindo,0,0.192975681892317,0.202627999317763,0.150303452234887,0.260268014895151,0.195403314664498
2023-04-22,6fb1ba67bef41b37,d00d5ef4ae0ac01b,0c6d9ea8306c029e,12ebd7d157e91701,Brad Tavares,Bruno Silva,0,0.58781349576692,0.571531676193921,0.472625962736889,0.666658551639642,0.583678373981406
2023-04-22,6fb1ba67bef41b37,856468ba24a37fcc,f14cf73e51b29254,fa6796c55d6c5440,Sergei Pavlovich,Curtis Blaydes,1,0.30078018373077,0.284320137809055,0.192934184808566,0.386978680631645,0.296531468053379
2023-04-29,51b1e2fd9872005b,e434035be5453be0,3c26c420584d912d,5c637af9472ae7cc,Hailey Cowan,Jamey-Lyn Horth,0,0.533173494782327,0.533559121696652,0.526654886478835,0.54004873397144,0.533271833197319
2023-04-29,51b1e2fd9872005b,88a63555728c2025,78f485f851891d68,c0ac37a4a1133da9,Journey Newson,Marcus McGhee,0,0.541421470168182,0.524076031604931,0.446746538450264,0.601488883664993,0.537006237675916
2023-04-29,51b1e2fd9872005b,f9345fa82bf43847,103e2e33a60683e1,5e6294b37bbef029,Irina Alekseeva,Stephanie Egger,1,0.348640420503292,0.322955502506828,0.261912731127232,0.385767263310992,0.341999341058466
2023-04-29,51b1e2fd9872005b,ca63933f8c898fa2,7f6ed67d3ed3c036,814e5233e2acf2ee,Cody Durden,Charles Johnson,1,0.394024658564192,0.397240238533146,0.323245452748813,0.475386003102148,0.394843770146129
2023-04-29,51b1e2fd9872005b,5d11b618f24082dd,8eb046f83e82bf26,92fa1401b7927da3,Martin Buday,Jake Collier,1,0.630161197820448,0.535823199551947,0.448611724553974,0.62450711133814,0.606737611505735
2023-04-29,51b1e2fd9872005b,c02d44564cb006a9,31dbfbe4e7a6727c,876f478f796495f7,Trey Waters,Josh Quinlan,1,0.440076491722638,0.455833914226369,0.387809264913354,0.523987042713003,0.444084455365211
2023-04-29,51b1e2fd9872005b,8dbfbd8f8bd0f00b,ab943cd2c3c17825,fc08099550072fe4,Marcos Rogerio de Lima,Waldo Cortes-Acosta,1,0.507521036372543,0.475918645422638,0.37261093255692,0.57598830233782,0.499458113832139
2023-04-29,51b1e2fd9872005b,e0e2c1fc1a178d89,902ec2cc48c8ae8a,d2f43cfaf8ca3560,Julian Erosa,Fernando Padilla,0,0.414817717562562,0.399835092388466,0.32134940676132,0.493951038155491,0.410980983815025
2023-04-29,51b1e2fd9872005b,37ae5c09d6f03f33,260e9e0d4954aea6,f14f644d41ade29f,Rodolfo Vieira,Cody Brundage,1,0.525863000384407,0.579157130023603,0.501669231690949,0.655585422049639,0.539558550184627
2023-04-29,51b1e2fd9872005b,ecec1b0dd64ca2ae,0d65c432720accb9,4126a78111c0855a,Michal Oleksiejczuk,Caio Borralho,0,0.616047218906201,0.593805384939105,0.493557369546415,0.708543806646561,0.610417493330492
2023-04-29,51b1e2fd9872005b,2b1ac5d8f98639bf,5987b2458f4b5290,efb96bf3e9ada36f,Ricky Simon,Song Yadong,0,0.63980306603176,0.612984002490247,0.507944530665651,0.708183344908282,0.633039175571349
2023-05-06,3c6976f8182d9527,93fb6c7e590487f9,8d20d76af3f213ce,972c456ff38b2015,Joseph Holmes,Claudio Ribeiro,0,0.680094270104291,0.663867685108542,0.606747169637771,0.720432006095595,0.675995760024314
2023-05-06,3c6976f8182d9527,d22de60b7a3d908c,547afe1017e72dbe,b07aed698fba8624,Phil Hawes,Ikram Aliskerov,0,0.620521404938386,0.576239435262943,0.518307079460767,0.629652569898137,0.609387461695268
2023-05-06,3c6976f8182d9527,2372578d3f554c65,ac40f7e3cbecdda4,eaa9402e5a7990ad,Parker Porter,Braxton Smith,1,0.370058485052377,0.357506566603378,0.292740694286435,0.426759310665355,0.366840246173233
2023-05-06,3c6976f8182d9527,5f44d6d9e6bbecff,7dda2cf308f24a02,cd2c4d30c6e13b47,Virna Jandiroba,Marina Rodriguez,1,0.442628821609397,0.410481082912624,0.329212213241576,0.491232198626614,0.434374177896187
2023-05-06,3c6976f8182d9527,4c9bbd9758be1168,2558ae2e5671e318,40a456a25d52ee65,Khaos Williams,Rolando Bedoya,1,0.679648461743005,0.710835001924183,0.657630270131944,0.764668100511679,0.687770051399307
2023-05-06,3c6976f8182d9527,c3ca708aaf4262a7,8667caa0451d245b,cc7040fe76f0ef91,Kennedy Nzechukwu,Devin Clark,1,0.685077670460067,0.665844698009007,0.575588725233179,0.751720397115113,0.680229907095035
2023-05-06,3c6976f8182d9527,3f8b4aeb3baf4724,519e4fe37ce9ff75,dccb63727f2f5f74,Drew Dober,Matt Frevola,0,0.598442364907384,0.60568448740765,0.467851457825741,0.735935387793043,0.600293324182492
2023-05-06,3c6976f8182d9527,0c6e3c1f03cd4061,242d36d241b43c12,f1d64ae34e088832,Kron Gracie,Charles Jourdain,0,0.288154556113071,0.280866331383072,0.184480560133672,0.377708195935059,0.286285396196528
2023-05-06,3c6976f8182d9527,069ab7e7b8b5d262,76e2870ffafbe38f,f166e93d04a8c274,Movsar Evloev,Diego Lopes,1,0.817705272443166,0.809703316920541,0.753026581399028,0.859325273684198,0.815689940266545
2023-05-06,3c6976f8182d9527,11a5a852313d1f5b,6a1901c62ab3870f,c41d426cc7326d1b,Jessica Andrade,Yan Xiaonan,0,0.750205263415236,0.764852652484072,0.687480779669601,0.835910768735152,0.753997431343079
2023-05-06,3c6976f8182d9527,ed707998b13d0101,23024fdfc966410a,b1b0729d27936f2f,Gilbert Burns,Belal Muhammad,0,0.380148298066473,0.417300457005606,0.314282631572028,0.541511043940131,0.389508128401842
2023-05-06,3c6976f8182d9527,e3aad51099a23ba4,056c493bbd76a918,cb696ebfb6598724,Henry Cejudo,Aljamain Sterling,0,0.408726389670455,0.53945632379078,0.402390082768699,0.680434015556779,0.441580648058219
2023-05-13,901cddcbfa079097,acfcf75f0215b7ab,2c5f5749569eef66,6c8072b61c276e67,Tainara Lisboa,Jessica-Rose Clark,1,0.586617231411975,0.654681844252557,0.558359654711015,0.744588616623346,0.60440845067916
2023-05-13,901cddcbfa079097,81fda78adcaedbc7,5eb50529a8418b77,f626118b6da0e020,Gabe Green,Bryan Battle,0,0.379689453900192,0.387097109525513,0.316842754387606,0.466040306819762,0.381573235797036
2023-05-13,901cddcbfa079097,6ca856d1950d8f7f,297a2b35444c245b,a20f234df70f2182,Mandy Bohm,Ji Yeon Kim,1,0.506109810220562,0.495211434747276,0.405504843909698,0.584543846518343,0.503330870999033
2023-05-13,901cddcbfa079097,14e689e60419d469,3a314d9fa7c6825d,bf7ad5628363eec9,Douglas Silva de Andrade,Cody Stamann,1,0.330534594551119,0.369396671381215,0.271606768558245,0.468406763388677,0.34025166710411
2023-05-13,901cddcbfa079097,3387f430abb7e39f,01b352b6a9074d5c,d35f734c56a89103,Chase Sherman,Karl Williams,0,0.257083339385415,0.270615587494321,0.185751125331663,0.362547011326792,0.260491662564103
2023-05-13,901cddcbfa079097,f2ced83baf0457fc,31123249b0bbf52e,523fa774700d7d3f,Matt Brown,Court McGee,1,0.413180256758904,0.414475757426608,0.295399284289009,0.546039705156957,0.413510495255019
2023-05-13,901cddcbfa079097,838a022ca5d99cc1,4b47e71384a9522f,cdb96af67d096b1e,Tim Means,Alex Morono,0,0.41175613500604,0.470079366723626,0.379265646877487,0.568477024564717,0.42646103062658
2023-05-13,901cddcbfa079097,dae2484418631ff5,260bd4cef10b033f,9014c02eff8b3d62,Ihor Potieria,Carlos Ulberg,0,0.422659383258813,0.413301096876214,0.351371881704329,0.479589277671439,0.420267465439282
2023-05-13,901cddcbfa079097,b0f4c7788782e26e,442c9011034ae1fd,8a1f3b5c526cd6e6,Ian Machado Garry,Daniel Rodriguez,1,0.565163113531376,0.520797525416027,0.452023613991102,0.588136950235997,0.553920172647407
2023-05-13,901cddcbfa079097,c501576b8ec35758,c21f26bbde777573,d4c9dcd330403612,Johnny Walker,Anthony Smith,1,0.648542794298105,0.619724176706194,0.516834065602619,0.715714162211781,0.641286709247249
2023-05-13,901cddcbfa079097,755202fce24b8f83,2cd428e9606856fd,41e83a89929d1327,Jairzinho Rozenstruik,Jailton Almeida,0,0.249372014518128,0.263817299591651,0.187744616578518,0.352091853731136,0.253004861418853
2023-05-20,6f812143641ceff8,8502f245aabd64ac,40f3cb27fc7305a1,8abac218746e04ca,Themba Gorimbo,Takashi Sato,1,0.622886388227868,0.584211934823832,0.503665983813433,0.664453325507436,0.613150980483389
2023-05-20,6f812143641ceff8,744cbe6e49d4f41c,262d32ebda89efc4,9dedfdd91070ddd8,Natalia Silva,Victoria Leonardo,1,0.859895206713856,0.866497103245365,0.815705341355735,0.906525443900928,0.861604204199893
2023-05-20,6f812143641ceff8,eca400aeeb2763d1,036e96c1c12b8a59,971246648e162f0d,Nick Fiore,Chase Hooper,0,0.534035272780295,0.620254414242597,0.500796566447184,0.733904873862037,0.556431588470755
2023-05-20,6f812143641ceff8,fb70b62915fdcec6,d31a5546c0e9b213,e9a3aeb207578eea,Rodrigo Nascimento,Ilir Latifi,1,0.493332897057211,0.57334686589604,0.464547285774766,0.6862032300129,0.513868477533409
2023-05-20,6f812143641ceff8,7d583e4002622848,2c010b26a3306969,b12fb759e02378de,Orion Cosce,Gilbert Urbina,0,0.365633713355789,0.321594833710136,0.257752752766261,0.394791892882361,0.354152433733745
2023-05-20,6f812143641ceff8,33007109c9ca1ede,2c483cf443f38ece,d7c3816669784109,Vanessa Demopoulos,Karolina Kowalkiewicz,0,0.510138883292453,0.552539750296496,0.44292662420367,0.653913414079364,0.520989412108307
2023-05-20,6f812143641ceff8,49bd9a2f1fbebd1f,19c591115a58982c,8c1ca54b5089d199,Viacheslav Borshchev,Maheshate,1,0.428186378847361,0.481565976959956,0.406070236469652,0.557796676398818,0.441690023846764
2023-05-20,6f812143641ceff8,12683e06369d1a83,511e82663651438d,f53d4f21d1b5f2dc,Michael Johnson,Diego Ferreira,0,0.457916694587706,0.441923950024062,0.311561435104504,0.580753013483671,0.453828971430619
2023-05-20,6f812143641ceff8,73700c8c5107f719,33efaf2d0941cfcf,b9437600497350f3,Andre Fialho,Joaquin Buckley,0,0.372981171463033,0.446317899521294,0.357918233859476,0.540165273345475,0.391274751154778
2023-05-20,6f812143641ceff8,924f982f0d9d2142,02f8fedc18cbd26c,8e5d953bdb9ae5e7,Emily Ducote,Loopy Godinez,0,0.379161194153754,0.3724855630182,0.290962180006623,0.45558953758504,0.377454447567597
2023-05-20,6f812143641ceff8,3638ee66c7d34fe0,093e1f5bb73850be,4144798612ef96e5,Anthony Hernandez,Edmen Shahbazyan,1,0.657734462144133,0.674824194824265,0.570937764940138,0.767059880854863,0.662133577393484
2023-05-20,6f812143641ceff8,cb9654746447b934,7447e9f28508106a,f0feeb2192937424,Mackenzie Dern,Angela Hill,1,0.610064699877751,0.478652927709744,0.372711331870634,0.587924037045151,0.577291197682213
2023-06-03,7abe471b61725980,99808befeece3a8a,53c943c873cffe90,950d0ef5c17157c5,Philipe Lins,Maxim Grishin,1,0.415943459862625,0.373420481327051,0.29339253590658,0.457312339251725,0.40495297216702
2023-06-03,7abe471b61725980,72bb7605e340a8fe,6fc506e1099afe20,da22387a0407a2dc,Luan Lacerda,Da'Mon Blackshear,0,0.527261816896629,0.580043349775721,0.509865611029445,0.647338148677713,0.540827229454772
2023-06-03,7abe471b61725980,dfc62aa72446e4a8,ac7c765882f2c68c,d05cb1e8d1b885d8,Elise Reed,Jinh Yu Frey,1,0.510843117430326,0.436948325612993,0.36339966632654,0.517103773996104,0.491915913566482
2023-06-03,7abe471b61725980,ad7bd4b3ee923498,8d11d9c13e2ccdf7,af9f42e6894047fc,Muhammad Naimov,Jamie Mullarkey,1,0.322556299246026,0.333486864680737,0.274911843886296,0.389906851076465,0.325325808109638
2023-06-03,7abe471b61725980,c98f62eb74e69bcb,5fa2974cbd18e05c,a54660deb6a8489c,John Castaneda,Muin Gafurov,1,0.545111953117548,0.538526071323815,0.471869103255194,0.604872701417493,0.54343396292767
2023-06-03,7abe471b61725980,5459c3bb88d031f9,1a9480fc288e55d7,3738e68d2261e60f,Don'Tale Mayes,Andrei Arlovski,1,0.582269091280731,0.630783978861417,0.511807210165645,0.755284711794448,0.594833664329651
2023-06-03,7abe471b61725980,84f60cb00b8d4187,b67d6bacc68d4c92,f6bcbd91b114ff58,Daniel Santos,Johnny Munoz,1,0.385781936994636,0.37756484004076,0.282870766147353,0.467789502204668,0.383680182550504
2023-06-03,7abe471b61725980,a122968e96068800,029e1293e609fd74,8adcbd525fab8d9b,Abubakar Nurmagomedov,Elizeu Zaleski dos Santos,0,0.405418647402954,0.375116341909023,0.278129869367838,0.4820110580141,0.397612697743738
2023-06-03,7abe471b61725980,4d0029ad31bdd85a,8bd4200561c77a62,9d62c2d8ee151f08,Ketlen Souza,Karine Silva,0,0.44153287093957,0.418926341700451,0.358627886238345,0.478937742204754,0.435741276092896
2023-06-03,7abe471b61725980,913d8a35095591d5,c96d9178c9ed9e62,dc7927cd622676a7,Tim Elliott,Victor Altamirano,1,0.312798485341657,0.310961685333097,0.208489070939623,0.424736285494528,0.312329540915544
2023-06-03,7abe471b61725980,e2f4cd4a9a579488,a75a48bfe776b2c2,d1941565abf50b16,Jesse Butler,Jim Miller,0,0.507731782867364,0.542575306124332,0.444427572293941,0.642172338513192,0.51663752891187
2023-06-03,7abe471b61725980,7be3e513a31f6570,361d49960a196976,7aa3d6964eff4877,Daniel Pineda,Alex Caceres,0,0.283478193141729,0.24612524804931,0.160223436647814,0.351342221917865,0.273634117566103
2023-06-03,7abe471b61725980,d7ae0993c7a378ee,6d35bf94f7d30241,853eb0dd5c0e2149,Amir Albazi,Kai Kara-France,1,0.610374305647749,0.527589731608187,0.440176391289604,0.616048597772607,0.589667330796024
2023-06-10,b6c6d1731ff00eeb,1676c64a94be0557,37d752ec41ed84bb,d7e40dca3ae125be,Maria Oliveira,Diana Belbita,0,0.55871451818557,0.585861788799654,0.515149264984556,0.659224144626104,0.565677215864785
2023-06-10,b6c6d1731ff00eeb,947ea1122c04ba18,32ab52e5de93092d,9ada30894bf04e19,Steve Erceg,David Dvorak,1,0.424219524870163,0.421133596695078,0.351930427125343,0.492758880246257,0.423432043554496
2023-06-10,b6c6d1731ff00eeb,7ee8b91d7f80f8a7,31f8081c7600da93,5095b0920a3602aa,Kyle Nelson,Blake Bilder,1,0.327566610722473,0.348451638558396,0.258645694486344,0.445344914863878,0.332831778870013
2023-06-10,b6c6d1731ff00eeb,e24b65cd8721349a,24656ef4d605c96f,7d420039bbfe7c1a,Aiemann Zahabi,Aoriqileng,1,0.599574285538162,0.563193973272444,0.469664842063722,0.660934268584737,0.590384410784463
2023-06-10,b6c6d1731ff00eeb,47a5d4bb68352055,a9e260472d321361,f29a6350c69f4a33,Jasmine Jasudavicius,Miranda Maverick,1,0.324291770269273,0.319083295947416,0.258078136789224,0.389019535626509,0.322959407960713
2023-06-10,b6c6d1731ff00eeb,5311298f79414125,8e9eb3fc86db0f7d,cad24459b28592ca,Marc-Andre Barriault,Eryk Anders,1,0.498073971905388,0.506042634187605,0.409578719118958,0.594542867816526,0.500106043917919
2023-06-10,b6c6d1731ff00eeb,46c67efd68a0b15d,583ee11abddfc581,82a5152216251682,Nate Landwehr,Dan Ige,0,0.385008233750703,0.331333850434941,0.253930257398363,0.419227955253897,0.370991257744122
2023-06-10,b6c6d1731ff00eeb,e9d5ffcacf7d8757,a01a62132460a98d,dd6103dd7127db1d,Adam Fugitt,Mike Malott,0,0.375062383384787,0.414955484482072,0.3409970828432,0.483282928498596,0.385098331785909
2023-06-10,b6c6d1731ff00eeb,40e8bf8ce508c436,07225ba28ae309b6,08af939f41b5a57b,Charles Oliveira,Beneil Dariush,1,0.467207440315376,0.585040219894635,0.4665289718404,0.691732414015352,0.497432436093132
2023-06-10,b6c6d1731ff00eeb,69bc7ca8ce831731,578ef12674df1e6a,80fa8218c99f9c58,Irene Aldana,Amanda Nunes,0,0.292515881915337,0.314167843664558,0.194232115248759,0.42935204832111,0.297953718981116
2023-06-17,b9415726dc3ec526,8794031c523bf534,476fe566d2df676e,56f7d7ee06be4aab,Modestas Bukauskas,Zac Pauga,1,0.449718409791588,0.446940509885594,0.339766026975487,0.546571622219288,0.449009742037013
2023-06-17,b9415726dc3ec526,9cfb84817a43b63c,59c438c81fbf3ece,a6eb54ae17a551be,Tereza Bleda,Gabriella Fernandes,1,0.587635804648893,0.592789467233135,0.506848782763321,0.672411361628743,0.588951859399636
2023-06-17,b9415726dc3ec526,8ea12c7360fa0f6b,2526be54e6a0e62a,798e48f9e7f6ba22,Denys Bondar,Carlos Hernandez,0,0.537188487448636,0.574379094656499,0.50841667686961,0.637539706683833,0.546728358264859
2023-06-17,b9415726dc3ec526,7ba54a10f28c9496,7debc13b36343605,a7897d200692ab64,Cristian Quinonez,Kyung Ho Kang,0,0.612129082233927,0.651439278408596,0.542017512888277,0.75508304115097,0.622316267686443
2023-06-17,b9415726dc3ec526,bc1be168c064f028,09e62c450e754913,3fa97913cfd205d3,Jimmy Flick,Alessandro Costa,0,0.48898490502338,0.468160133086656,0.382809318052318,0.550481351220048,0.483668083325278
2023-06-17,b9415726dc3ec526,870672b1b443311e,447f9858ae78f921,9d19d9e4aa2662e8,Muslim Salikhov,Nicolas Dalby,0,0.668062183205712,0.718428285068792,0.650083852679534,0.782620489580425,0.681338745384329
2023-06-17,b9415726dc3ec526,98458778348ea5d7,2e7878927067fdca,37f560436d745c18,Manuel Torres,Nikolas Motta,1,0.643924740315913,0.660893594498302,0.604301072937658,0.713146736074958,0.648288297276114
2023-06-17,b9415726dc3ec526,76fd6919d828d5c2,710f0f8c5d5c9d41,b8bbdeff718dbb7d,Lucas Almeida,Pat Sabatini,0,0.380274947900173,0.403718308138051,0.320104943114983,0.479910129089213,0.386204896079662
2023-06-17,b9415726dc3ec526,5d9b84493f1ed114,369ea36e450ae62a,a93f94c923c3a9cb,Armen Petrosyan,Christian Leroy Duncan,1,0.408207131189929,0.397608700265235,0.314590754683521,0.486875499740396,0.405495995323825
2023-06-17,b9415726dc3ec526,6c2199524d762b11,ae7fe94f117f98cf,eae48ff31db420c2,Joaquim Silva,Arman Tsarukyan,0,0.0953594769277016,0.0844596726943492,0.0431609771138562,0.134295707503396,0.0924660259917071
2023-06-17,b9415726dc3ec526,175d9e1ac0725145,13a0275fa13c4d26,7acbb0972e75281a,Jared Cannonier,Marvin Vettori,1,0.39588533169752,0.454353659768343,0.361994315441679,0.546433265398293,0.410583007537062
2023-06-24,a780d16cf7eed44d,7b909acede0a26eb,4e6738062d469256,f14f644d41ade29f,Sedriques Dumas,Cody Brundage,1,0.443494769164898,0.49253899207985,0.40969103228874,0.570721336269622,0.455934897928081
2023-06-24,a780d16cf7eed44d,fcc1191761e365f9,a9da3158dd2c2b5a,e00a3dee329a51f7,Jack Jenkins,Jamall Emmers,1,0.474449416598141,0.501028502925796,0.440761393459192,0.560618375934682,0.481219312696716
2023-06-24,a780d16cf7eed44d,f18d44292036d5de,0bc697c5936a2d0a,e0c6edcb5b5d0b90,Trevor Peek,Chepe Mariscal,0,0.71986154621086,0.729166214290331,0.668125681189081,0.786016337020498,0.722252703182573
2023-06-24,a780d16cf7eed44d,c2cdeb207cce5ceb,17e97649403ba428,55fa6ce3e522c8bb,Joshua Van,Zhalgas Zhumagulov,1,0.679492396381162,0.63643628949277,0.569367286398958,0.708031895257057,0.668765089333847
2023-06-24,a780d16cf7eed44d,c22de92b9d9030dc,38c7f72747f4f712,d25240135aee03e5,Gillian Robertson,Tabatha Ricci,0,0.540094134390129,0.539161707358099,0.438227955613656,0.640780795117111,0.539856392454417
2023-06-24,a780d16cf7eed44d,8b296724a6844865,849c5d9979df5357,8c169fbe1ac33637,Mateusz Rebecki,Loik Radzhabov,1,0.541312357291802,0.523050205626346,0.442930342870148,0.596620210348009,0.536664088025788
2023-06-24,a780d16cf7eed44d,42922bab8a3e1828,4dcfb28c011c11b2,c6aee362c7a7d482,Wellington Turman,Randy Brown,0,0.412875054785451,0.421927376863872,0.320985818255621,0.519327156231064,0.415178058718271
2023-06-24,a780d16cf7eed44d,ced01368259428f5,84b3e7d38f2d2ec5,8e382b585a92affe,Neil Magny,Phil Rowe,1,0.583988235836974,0.571880775521012,0.467294382592849,0.670982089418544,0.580909846777363
2023-06-24,a780d16cf7eed44d,9124740fe7816d70,12ebd7d157e91701,2f181c0467965b98,Bruno Silva,Brendan Allen,0,0.29212113373611,0.296236000000591,0.200642620586579,0.390340235452942,0.293167230466915
2023-06-24,a780d16cf7eed44d,582806c33ce6dcf6,f2f140ce7532e327,ffe9703408fb5964,Gabriel Santos,David Onama,0,0.496739230230636,0.532312853319946,0.453464420884521,0.606164731724479,0.505821685076795
2023-06-24,a780d16cf7eed44d,07cb64236ae7aaea,6a740daf1b279661,beecb672a279223e,Maycee Barber,Amanda Ribas,1,0.424672898658214,0.375665846585252,0.275159837697163,0.474899455823251,0.41199293172512
2023-06-24,a780d16cf7eed44d,c3ef3cb03edde8bb,54f64b5e283b0ce7,fba03cd6cc28dc41,Ilia Topuria,Josh Emmett,1,0.766082986900869,0.750361938811371,0.657925175599584,0.829713898973018,0.762140382416426
2023-07-01,e9e1acc96536bb4f,bd2e14ee959f9b77,1788eee370f077b7,c0badf3243907e59,Blagoy Ivanov,Alexandr Romanov,0,0.318893207073447,0.344785506749131,0.255556240597452,0.44269117490424,0.325398157097365
2023-07-01,e9e1acc96536bb4f,dffc65202afb881d,38c5817ade8a8014,528b071cf3da7c56,Ivana Petrovic,Luana Carolina,0,0.6215734253753,0.661554953995477,0.591422370348978,0.724775430324697,0.631952379542256
2023-07-01,e9e1acc96536bb4f,454265014520a3f8,48a9a128784d53d1,7772b283d288dbe2,Elves Brener,Guram Kutateladze,1,0.562805537064725,0.537198909440897,0.488453926205521,0.586419833936037,0.556302074233214
2023-07-01,e9e1acc96536bb4f,fe370c518cf7873e,3143bf892608139a,351c4ec637380ad5,Yana Santos,Karol Rosa,0,0.390954388882054,0.449870652234536,0.359599003435912,0.532672116086533,0.405749583541857
2023-07-01,e9e1acc96536bb4f,f5a6acc99bc5c634,791c8437b341fba5,7b3503352cd53abb,Joanderson Brito,Westin Wilson,1,0.685141616738852,0.698435668378818,0.638032896019972,0.754108946084953,0.688561686671848
2023-07-01,e9e1acc96536bb4f,962e74250884e4c1,8f765fd5775a8873,ee9ebceabfd16fa7,Rinat Fakhretdinov,Kevin Lee,1,0.555143609333738,0.483776204953981,0.368524745910366,0.603389661442575,0.537043302675483
2023-07-01,e9e1acc96536bb4f,288f7fb936c1523c,1e719d4b676dc19a,49d2a08964c5eb11,Brunno Ferreira,Nursulton Ruziboev,0,0.612626155752064,0.637296951382073,0.58428673820312,0.691013641999861,0.618978015279167
2023-07-01,e9e1acc96536bb4f,cd137988da724076,c2299ec916bc7c56,eb393afdbe3293d5,Benoit Saint Denis,Ismael Bonfim,1,0.410045708270068,0.385874501329357,0.318554732514681,0.453972849195041,0.403835603344834
2023-07-01,e9e1acc96536bb4f,ea29714dcfb07ce2,6551c64fbcd1a467,a4a80dd7336ffd59,Ariane da Silva,Melissa Gatto,1,0.351500445929148,0.339025957093109,0.250101486453586,0.429915847180437,0.348299324780853
2023-07-01,e9e1acc96536bb4f,0548a24a9bf8d7a0,b0d6a1d8ac3d563d,c32aeb1a59e6272d,Max Griffin,Michael Morales,0,0.343612676315912,0.324469609890647,0.248553157085555,0.410770448607286,0.338679616762091
2023-07-01,e9e1acc96536bb4f,4dc5a41f357a7d85,135d124172a0bea3,99bd51917728c25d,Damir Ismagulov,Grant Dawson,0,0.278540291593482,0.299955678563202,0.204714909385312,0.396173410763261,0.283911411791413
2023-07-01,e9e1acc96536bb4f,f557405652165aa3,0d8011111be000b2,36b8f265bcd1b7a4,Sean Strickland,Abus Magomedov,1,0.682203751326962,0.640133871888617,0.554006044314339,0.727735194316877,0.671722274109839
2023-07-08,6085ceb59087514b,5b71958ee063a6e8,323d4ca260dfa0ba,c7d7fda69ec410d3,Esteban Ribovics,Kamuela Kirk,1,0.570801117125354,0.638366993209477,0.539692727016627,0.733578445454967,0.588393181385339
2023-07-08,6085ceb59087514b,420f7e6530dbc727,51c655162e462ceb,c051c2e12d692b8a,Shannon Ross,Jesus Aguilar,0,0.317592369388638,0.312133969119262,0.26414834539123,0.36579819316395,0.316195630830686
2023-07-08,6085ceb59087514b,dbf8a4b0870a47d1,3c8a5200436e19f3,f3ca6908f78efebe,Cameron Saaiman,Terrence Mitchell,1,0.715256846040662,0.656707323542877,0.565901649123707,0.751246382164326,0.700901108538542
2023-07-08,6085ceb59087514b,69f67a4a690eb15d,6370c1c1e12723d5,71171fc96445bf65,Marcin Prachnio,Vitor Petrino,0,0.328867391937345,0.289064671021675,0.189249603410283,0.400957061054681,0.318450932189035
2023-07-08,6085ceb59087514b,6ef12db5b099ec81,70e1f8a821b72c8b,a495f599e787614f,Jimmy Crute,Alonzo Menifield,0,0.416553239310655,0.441174418370848,0.332492182185016,0.553144000271034,0.422797254675497
2023-07-08,6085ceb59087514b,ef270d8cf29d071b,40cb680ae1cd331f,cffb87059e645bd1,Yazmin Jauregui,Denise Gomes,0,0.560252146057284,0.546146596591915,0.48188187911543,0.607785451138232,0.556663548519245
2023-07-08,6085ceb59087514b,d3a9aceeb7e23580,4461d7e47375a895,5ef94841c4bc3f86,Tatsuro Taira,Edgar Chairez,1,0.77945605990933,0.778470951019632,0.700167794244936,0.853671011463081,0.779205156440691
2023-07-08,6085ceb59087514b,20d8f6b4b7c8bae7,d8da10db80131bec,f2925e6db404bf1d,Niko Price,Robbie Lawler,0,0.603318710743372,0.609396759581775,0.482526253946675,0.733997052209601,0.604871723686719
2023-07-08,6085ceb59087514b,1ffe6e8df6dbefd2,35673bf5204524ee,7a47e068f8017019,Bo Nickal,Val Woodburn,1,0.664906356281645,0.659286693150593,0.601046654527101,0.714762698785332,0.663477701992834
2023-07-08,6085ceb59087514b,b6ea8880cc7af439,193b9d1858bc4df3,4d8fa64202cee4c1,Dan Hooker,Jalin Turner,1,0.418798476450184,0.390379355921073,0.269078979924207,0.515852150458778,0.411492170483185
2023-07-08,6085ceb59087514b,4ec5d9bd1442e6c1,0d7b51c9d2649a6e,e1147d3d2dabe1ce,Dricus Du Plessis,Robert Whittaker,1,0.529498101114761,0.558554874066038,0.471022060071021,0.650249318501394,0.536934537518906
2023-07-08,6085ceb59087514b,0f24f3bc1b39ea45,792be9a24df82ed6,a0f0004aadf10b71,Brandon Moreno,Alexandre Pantoja,0,0.685469679945337,0.677097740012545,0.582042551113317,0.759450391508393,0.683345987098458
2023-07-08,6085ceb59087514b,4b12a4b48755cd6b,cbf5e6f231b55443,e1248941344b3288,Yair Rodriguez,Alexander Volkanovski,0,0.267941799553178,0.242393267484386,0.159759936643867,0.330700000693127,0.261267538939115
2023-07-15,c9885b1b7c7055a0,cae7de0873e03947,06e4245d16fc5315,fc6e681bf6658faf,Ailin Perez,Ashlee Evans-Smith,1,0.676304515949323,0.639341200116623,0.531897469986851,0.748460477675599,0.667063859094669
2023-07-15,c9885b1b7c7055a0,57785c9be5b4526d,914a897455693650,f8f1ec513bcfef43,Carl Deaton,Alexander Munoz,0,0.429807541625434,0.403703753631901,0.321808391181935,0.487298370717271,0.42310780239116
2023-07-15,c9885b1b7c7055a0,dae80502466c8726,6e00cfffd54653c4,7f1bf0c255ec8756,Tyson Nam,Azat Maksum,0,0.368416087428857,0.321433428695053,0.244470711851088,0.39665007338909,0.356152666954428
2023-07-15,c9885b1b7c7055a0,3624f4ae9c1d703e,cda1099995b46cc2,d9a56ecb6e94f02e,Genaro Valdez,Evan Elder,0,0.356986851554604,0.387372004675797,0.295834704964939,0.489314901023898,0.364637410787694
2023-07-15,c9885b1b7c7055a0,b4cc389bb4af3707,20bccc9bb4ceb23e,305d73ede05e31ad,Melquizael Costa,Austin Lingo,1,0.505665865444162,0.586935675350886,0.508202751853301,0.660011714688457,0.526592219300565
2023-07-15,c9885b1b7c7055a0,eb30c9c975e15436,6c9b66b43663f2f7,efc67b07eed39794,Viktoriia Dudakova,Istela Nunes,1,0.695638898588065,0.664582835425348,0.594443144834672,0.728662880396832,0.687872975809965
2023-07-15,c9885b1b7c7055a0,8362b372adb2f302,7832f2f62f04178f,a52bc1e62cf0b7c6,Tucker Lutz,Melsik Baghdasaryan,0,0.363603013702534,0.37595897851076,0.323098586361981,0.42983932361945,0.366737461112523
2023-07-15,c9885b1b7c7055a0,e4620f3fa451a3a4,809bd1a871491508,ff62013d2fce6d13,Terrance McKinney,Nazim Sadykhov,0,0.525677707267043,0.516668850687937,0.439663045305491,0.596863316737532,0.523381807808406
2023-07-15,c9885b1b7c7055a0,81b7a6aa147bd912,af9efbfd63d39734,d3f5d33d61cd00c9,Chelsea Chandler,Norma Dumont,0,0.453941673097931,0.455959720448897,0.363772132032256,0.543483806983443,0.454456132897104
2023-07-15,c9885b1b7c7055a0,6adfe44b110c1510,285ae0b4a68221f4,6b7c7460855dbbb9,JunYong Park,Albert Duraev,1,0.617230817407776,0.61625666059604,0.534654996680435,0.700698962795687,0.616982497102202
2023-07-15,c9885b1b7c7055a0,b52dccbe69864d2a,3920d0cc288f9b0d,ee18ff42063174df,Francisco Prado,Ottman Azaitar,1,0.518816736460097,0.526721184513892,0.442307571146947,0.612450070995016,0.520833418717032
2023-07-15,c9885b1b7c7055a0,3352c65f3f6d9b2a,6b453bc35a823c3f,f4d92416da98804b,Jack Della Maddalena,Bassil Hafez,1,0.865112032694721,0.86536947906916,0.811052058735282,0.910186882552568,0.865177720809732
2023-07-22,1174782eacde9b0c,d918da575ee1bc35,65adf3856c4d9256,e8fe9c15d348e778,Jafel Filho,Daniel Barez,1,0.551337661288178,0.587907226755026,0.531740365337857,0.644376176935388,0.560732140785875
2023-07-22,1174782eacde9b0c,c81d1facf185467d,7138a15258dabf20,9c442aaf149ea982,Bruna Brasil,Shauna Bannon,1,0.38267617260156,0.398308338359686,0.343928048863772,0.45942527537022,0.386640777315774
2023-07-22,1174782eacde9b0c,a8a4c9f98ff73839,c739c2995a275314,fd406a32a6fb3a29,Yanal Ashmouz,Chris Duncan,0,0.574744397492766,0.597706006444997,0.544130078380105,0.646440849201264,0.580634488441709
2023-07-22,1174782eacde9b0c,a0bc695b35f155f1,91dac5e69e28d5b5,b9706f80d005036c,Pannie Kianzad,Ketlen Vieira,0,0.426102061629136,0.427882263808549,0.35008108604841,0.497484597676868,0.426555832122869
2023-07-22,1174782eacde9b0c,8b341eb556c97c23,a331233f597090a5,ea7e5bc78d9de658,Bryan Barberena,Makhmud Muradov,0,0.428583544702716,0.399596538944514,0.284221918774175,0.519675519644653,0.421136773833202
2023-07-22,1174782eacde9b0c,89b96bc5f3e824c5,0d5cc0170c1a7e71,f41b9f5efc7162d6,Mick Parkin,Jamal Pogues,1,0.339111899118938,0.32932349830559,0.286464335899685,0.37290770318884,0.336602349490745
2023-07-22,1174782eacde9b0c,319b96f615a0a154,32c355b04fc57f3a,58bbef3770bb2dfc,Marc Diakiese,Joel Alvarez,0,0.500497822287492,0.495070711081544,0.392451999036019,0.606787509286456,0.499113872520539
2023-07-22,1174782eacde9b0c,d54ebd2a3435a357,2975297f505e9447,a6cba6bb66c1a8c9,Jonny Parsons,Danny Roberts,1,0.609408612369582,0.578885734430651,0.489341999910628,0.6615236985396,0.601696153509937
2023-07-22,1174782eacde9b0c,b4e2037f180c1e0e,113df4fde64735c6,850266b3dc4e506e,Davey Grant,Daniel Marcos,0,0.365724972666288,0.391824148072613,0.30841318560433,0.48395972890038,0.37231250954903
2023-07-22,1174782eacde9b0c,3c4305abc2e302d0,396fe87b84ac2e1c,6751eacd16bd59bc,Lerone Murphy,Josh Culibao,1,0.525727760472657,0.471996924607377,0.369662516677778,0.586733767886958,0.512033568313302
2023-07-22,1174782eacde9b0c,c4caa8a4f32a0eed,1e4f273069fb9e85,4c88a1db5a46c6a4,Fares Ziam,Jai Herbert,1,0.735954068781357,0.701715911830537,0.620318891159994,0.774550347189278,0.727466487189055
2023-07-22,1174782eacde9b0c,8104fe27bdc46914,886264a0c9f4ea5e,eabf206b162b3b83,Andre Muniz,Paul Craig,0,0.719417693811523,0.674556184903129,0.567257157845848,0.774473564624388,0.708339723447891
2023-07-22,1174782eacde9b0c,9541cf21e031354c,329e403448756217,8fd808923cffff82,Nathaniel Wood,Andre Fili,1,0.718908931799099,0.680226948364127,0.562396287926564,0.793783323042459,0.709318118993604
2023-07-22,1174782eacde9b0c,743a04674ab72ee0,51018a31ddf31eb2,a78a87d8c2bbb1cb,Molly McCann,Julija Stoliarenko,0,0.713990488449337,0.709586748746403,0.621494510912085,0.796911142288178,0.712871344671032
2023-07-22,1174782eacde9b0c,90e46589a18064bc,399afbabc02376b5,c9cf753cfdf77fc2,Tom Aspinall,Marcin Tybura,1,0.737803628199234,0.785597570814205,0.709508960640241,0.851825213851767,0.750616935677191
2023-07-29,ccd58ff71e260ed5,74fef059e229d217,b1e5bcaad32a3cac,f29a6350c69f4a33,Priscila Cachoeira,Miranda Maverick,0,0.204716199612491,0.221371601228918,0.141287249140262,0.302928859012039,0.208873059623824
2023-07-29,ccd58ff71e260ed5,3de326b65aa6245d,4aa58269d0664b5b,681399317dbf4701,Matthew Semelsberger,Uros Medic,0,0.575898473028037,0.582602470941263,0.497161427201118,0.664526446311143,0.577610746739243
2023-07-29,ccd58ff71e260ed5,7a8f218c07347c88,65db4065e2bc107d,a845f0735bc67405,Darrius Flowers,Jake Matthews,0,0.317829130537797,0.263572567872503,0.198077593883706,0.332145962337187,0.303430791624788
2023-07-29,ccd58ff71e260ed5,5116f9398bfca446,972c456ff38b2015,9d83f6da776ff7d6,Claudio Ribeiro,Roman Kopylov,0,0.362496382515965,0.327626217884119,0.268372747797943,0.386626879187266,0.353448232869937
2023-07-29,ccd58ff71e260ed5,e5ac7343b6d45188,077e3ace32b72be9,65cdf4ec31143d86,CJ Vergara,Vinicius Salvador,1,0.391370954042734,0.317495983628385,0.259387772178273,0.380024463657228,0.371891866765992
2023-07-29,ccd58ff71e260ed5,4327fe98e1b6f222,01641ba5df0c69b0,b27a1fcb56a3035a,Gabriel Bonfim,Trevin Giles,1,0.552065837066137,0.599984669982149,0.519146098867513,0.680527537695804,0.564414516619923
2023-07-29,ccd58ff71e260ed5,cbf1e76186a0c8b3,3a46b268013afede,c58f51dedb310998,Kevin Holland,Michael Chiesa,1,0.626641422657605,0.552619075001261,0.419720454755736,0.677294513318934,0.608177613318034
2023-07-29,ccd58ff71e260ed5,f1eca70738ca073e,22a92d7f62195791,887961364be5ceb3,Tony Ferguson,King Green,0,0.39645211537082,0.355397569441066,0.230329921054313,0.481283421024172,0.38581758879984
2023-07-29,ccd58ff71e260ed5,eff6ec2b2f1fb27b,ab943cd2c3c17825,d3df1add9d9a7efb,Marcos Rogerio de Lima,Derrick Lewis,0,0.602538841312988,0.467458182688369,0.349157345576548,0.592078188968405,0.568742298038321
2023-07-29,ccd58ff71e260ed5,800a35b3a7e52308,99df7d0a2a08a8a8,e5549c82bfb5582d,Jan Blachowicz,Alex Pereira,0,0.443661364116185,0.454455498530228,0.335741183988065,0.565737438225263,0.446409226633449
2023-07-29,ccd58ff71e260ed5,c27e33ee8ef53866,029eaff01e6bb8f0,9e8f6c728eb01124,Dustin Poirier,Justin Gaethje,0,0.551267309974397,0.497202269508535,0.366310004405581,0.638192570547449,0.537544646390493
2023-08-05,6f81b6de2557739a,6b5c225814a924ed,6d68c1afe954f121,8d3273573b85be09,Ode Osbourne,Asu Almabayev,0,0.502078692115782,0.520657103494485,0.453512559796524,0.587509708770334,0.506818762062683
2023-08-05,6f81b6de2557739a,436a1ce6b0c6b4bb,4682bc59d5f55145,c4d039123e62f6a9,Sean Woodson,Dennis Buzukja,1,0.536389704620883,0.568756656118165,0.471242341987515,0.658390130357409,0.544683535315037
2023-08-05,6f81b6de2557739a,38901948cff43ff9,60a42bf82447c919,7f6ed67d3ed3c036,Jake Hadley,Cody Durden,0,0.496040101291789,0.47760940066103,0.391528834393778,0.568503528651526,0.491337267776043
2023-08-05,6f81b6de2557739a,1b0d5e65fdfc62cf,29af297d9f1de0f8,aa171d55d4b5208f,Damon Jackson,Billy Quarantillo,0,0.552438362118411,0.637437990096921,0.517461158809905,0.740713299259014,0.5746208457817
2023-08-05,6f81b6de2557739a,bda7992779a005fa,a53d30163304aa6e,d66a46de8d705353,Carlston Harris,Jeremiah Wells,1,0.43755175040718,0.46669885304235,0.406551443623059,0.530728549855302,0.444951505782544
2023-08-05,6f81b6de2557739a,e5cb9dfc1189d77d,60425d07ef4b91a7,b9f28e7045fdfce7,Kyler Phillips,Raoni Barcelos,1,0.731052669836764,0.751222237870162,0.679055921537718,0.8178731540847,0.736292833922549
2023-08-05,6f81b6de2557739a,531ce3d8011fa1f6,5b86d491d63890c5,e4a47b07044ddd72,Ludovit Klein,Ignacio Bahamondes,1,0.269271618366051,0.265000109093129,0.179491849703544,0.354246844217939,0.268178265791489
2023-08-05,6f81b6de2557739a,2c0496a5f39ab8a4,04c8b08b16a5b99e,c2a670b22d2e196f,Tanner Boser,Aleksa Camur,1,0.450056120902294,0.387542899993377,0.281503470855335,0.504786671253072,0.433881507550943
2023-08-05,6f81b6de2557739a,79bfba62da6242a6,da816417a579a0bd,f166e93d04a8c274,Gavin Tucker,Diego Lopes,0,0.491791855967911,0.471713223485624,0.379651111962447,0.571527909577243,0.486666718994771
2023-08-05,6f81b6de2557739a,2c54be25b09fce50,8667caa0451d245b,e4277e87a789d687,Kennedy Nzechukwu,Dustin Jacoby,0,0.559746711380386,0.487027675250596,0.397577165376232,0.578237882893783,0.541321883001892
2023-08-05,6f81b6de2557739a,ec2358459ffbe7de,6a1901c62ab3870f,b08012bbe542592a,Jessica Andrade,Tatiana Suarez,0,0.387562952049111,0.360396572818757,0.244205706177497,0.492508733506378,0.380561167926514
2023-08-05,6f81b6de2557739a,554163b1c8c05522,05339613bf8e9808,65f09bacd3957381,Rob Font,Cory Sandhagen,0,0.299527461500766,0.267699829526647,0.193929343094215,0.356089692589284,0.29120752591086
2023-08-12,d2fa318f34d0aadc,e3573545220ca4ea,5078e1dacf9d25f4,aa0c573da7119292,Luana Santos,Juliana Miller,1,0.58963138500116,0.610512721161322,0.547165590949387,0.673499761968579,0.594990128871011
2023-08-12,d2fa318f34d0aadc,91a5480f48bfaa71,84f727cf0166d6f2,da22387a0407a2dc,Jose Johnson,Da'Mon Blackshear,0,0.426978670669043,0.450132384643996,0.384869960801541,0.518151065383193,0.432856668716606
2023-08-12,d2fa318f34d0aadc,ca2aa660bea0cb60,1235b31de15d0c6e,bc7d1ad49fcb2d08,Montserrat Conejo Ruiz,Jaqueline Amorim,0,0.416591311257696,0.383573827220797,0.305959347225278,0.461914901157584,0.408087704815897
2023-08-12,d2fa318f34d0aadc,d5929b7fbc801ce4,8eb046f83e82bf26,b5da8f7d05e85a55,Martin Buday,Josh Parisian,1,0.676595407981685,0.594738130421803,0.51673094666618,0.670802276414871,0.65650352946182
2023-08-12,d2fa318f34d0aadc,9479ba3cdcb1e513,5d495dec23d7c68e,a57cb948c4c70a47,Francis Marshall,Isaac Dulgarian,0,0.603154442169052,0.580860557051924,0.520052142392327,0.641200216794606,0.597506160685796
2023-08-12,d2fa318f34d0aadc,9576d9cba5cf5c4e,809bd1a871491508,d80ee110748171ac,Terrance McKinney,Mike Breeden,1,0.634600741966905,0.556634827759886,0.458442359969976,0.662629599828469,0.615208768713709
2023-08-12,d2fa318f34d0aadc,2c160a1d1fdbf0b0,0b362247806341e5,c0ac37a4a1133da9,JP Buys,Marcus McGhee,0,0.154470534838532,0.145351828982317,0.0717631618542183,0.244696254039869,0.152101776437314
2023-08-12,d2fa318f34d0aadc,9a9479663bedf8b4,830f60497fab345a,ca43de99b07b6b40,Jamie Pickett,Josh Fremd,0,0.273922618226124,0.282809508559154,0.216891252886632,0.351964656307855,0.276172186596866
2023-08-12,d2fa318f34d0aadc,560a971c6ab8b854,009c4420727149ea,6aae253467e8f9ce,AJ Dobson,Tafon Nchukwi,1,0.393804884906208,0.447351803112419,0.363961295625991,0.526114986575633,0.407272055677622
2023-08-12,d2fa318f34d0aadc,c2f730cb33df5221,9673a497a9da119a,abcf2cc6efc42031,Polyana Viana,Iasmin Lucindo,0,0.323159495755063,0.292565521766551,0.195683415628748,0.40209902129855,0.315198895971488
2023-08-12,d2fa318f34d0aadc,c57a4810c932b296,749f572d1d3161fb,d0aaedcf7ccd0b45,Khalil Rountree Jr.,Chris Daukaus,1,0.457281725993395,0.505421888638431,0.380029731616713,0.632641762306215,0.469517566221141
2023-08-12,d2fa318f34d0aadc,1b1fd32485861655,2c9d00968f818270,d247691a6c0e9034,Hakeem Dawodu,Cub Swanson,0,0.644299498005923,0.63030628139982,0.50547896356309,0.754044234189849,0.640753490804249
2023-08-12,d2fa318f34d0aadc,e346f2b7af63e804,6a2f7c151031653d,6d4b63c767106d3a,Rafael Dos Anjos,Vicente Luque,0,0.466147814611961,0.402350881151542,0.270750561204758,0.533707475772018,0.44968781295444
2023-08-19,2719f300b0439039,f329bd89e375d6df,9d62c2d8ee151f08,b4192a975027aab6,Karine Silva,Maryna Moroz,1,0.555054882758899,0.517590786589183,0.421700958082737,0.618156223655524,0.545543801394373
2023-08-19,2719f300b0439039,8c7b5b21b3532027,05fa626cb33d15b8,262d32ebda89efc4,Andrea Lee,Natalia Silva,0,0.318607207575603,0.373226776867525,0.278716623653871,0.458840846296781,0.332139155062724
2023-08-19,2719f300b0439039,9f7c28381b6913c8,5f61780fe5e9b6d0,6ac9bc2953c47345,Andre Petroski,Gerald Meerschaert,1,0.741054216404869,0.718277736877457,0.625640430072205,0.80846480226134,0.735361491833447
2023-08-19,2719f300b0439039,e9754f597ec50f6f,700a674c042b7a96,7b433309b0fd12aa,Cody Gibson,Brad Katona,0,0.43042828957478,0.436458073022597,0.332200582016851,0.54649429247652,0.431963995271578
2023-08-19,2719f300b0439039,62d53ad8f8769666,a7151778b3381036,d2cd7a69cc55e7ed,Kurt Holobaugh,Austin Hubbard,1,0.289859738069007,0.328132361094871,0.195972093084597,0.474810036747844,0.29936718315353
2023-08-19,2719f300b0439039,f995ed679ef8bdf4,0112352cb32f5026,d1c65d2cf2925ddd,Denis Tiuliulin,Gregory Rodrigues,0,0.26515792706364,0.270167125361677,0.218344244485217,0.324430151635543,0.266429614886947
2023-08-19,2719f300b0439039,1a95cc401f68f4c8,0c6d9ea8306c029e,3a8176e15b9887c1,Brad Tavares,Chris Weidman,1,0.362141869407959,0.337114825315833,0.232963652281946,0.47031033814576,0.355682105037039
2023-08-19,2719f300b0439039,621e6f0929a3dbfc,6bd02119599741a4,7c7332319c14094c,Pedro Munhoz,Marlon Vera,0,0.346833500930369,0.336649142878173,0.252081870928388,0.419384923535654,0.344222688510619
2023-08-19,2719f300b0439039,fd4d30036a3f3efb,bc711b6dd95c1af6,da22387a0407a2dc,Mario Bautista,Da'Mon Blackshear,1,0.600528470832065,0.67901918291149,0.582170911763136,0.764539366042077,0.621230763548932
2023-08-19,2719f300b0439039,78d2c01dc963f204,442c9011034ae1fd,84b3e7d38f2d2ec5,Ian Machado Garry,Neil Magny,1,0.607059466396743,0.640708829348437,0.543696763507007,0.730057832296144,0.615751531921393
2023-08-19,2719f300b0439039,845e38dfbfea6e53,1ebe20ebbfa15e29,3df5493bb279226f,Zhang Weili,Amanda Lemos,1,0.600072612962339,0.61701240952089,0.533414698836057,0.700248622740733,0.604416811413036
2023-08-19,2719f300b0439039,ee796ecb4ee8680b,b50a426a33da0012,cb696ebfb6598724,Sean O'Malley,Aljamain Sterling,1,0.451179646847431,0.467021509723364,0.350395392351977,0.582954583927208,0.455211213218575
2023-08-26,89a407032911e27e,b65b37c0e00074d9,082eba4cd80f736f,a68575214ecad140,Jarno Errens,SeungWoo Choi,0,0.688999624867212,0.712064447048877,0.64643426237839,0.779031276833638,0.694977250838155
2023-08-26,89a407032911e27e,23865dfc8361ac62,6fd953151d981979,ec0dcceace7d25a3,JJ Aldrich,Liang Na,1,0.710507300544581,0.708258411450563,0.599122696303296,0.813895466029895,0.709934811499784
2023-08-26,89a407032911e27e,977250a28d3b8a3f,21b5c82c1b89dab1,fa07345cc9db5cc9,Yusaku Kinoshita,Billy Ray Goff,0,0.500912268214687,0.559504968728644,0.494330367461769,0.62074134153833,0.515920241043215
2023-08-26,89a407032911e27e,da6b863cf684e0ae,32490e80ddab1e5a,40a456a25d52ee65,Song Kenan,Rolando Bedoya,1,0.19388521814581,0.156573809260131,0.0990827142563851,0.217233565437475,0.183771552867052
2023-08-26,89a407032911e27e,293c5f4c9aca5c54,0d65c432720accb9,c68c68efaa5ca6ef,Michal Oleksiejczuk,Chidi Njokuani,1,0.617798358153865,0.541676853348689,0.472045090913938,0.625750172220055,0.598776245967717
2023-08-26,89a407032911e27e,48231fbd1af53674,148bb103cfbf123e,1effd880e1f1bb30,Toshiomi Kazama,Garrett Armfield,0,0.394339797067957,0.422942786926792,0.326605147419773,0.522340870991123,0.401573340384072
2023-08-26,89a407032911e27e,bfc9989751bd0d04,0c25d0a5e8cdbf19,fc08099550072fe4,Lukasz Brzeski,Waldo Cortes-Acosta,0,0.485191712032605,0.555170879510671,0.489423817229565,0.618988339520215,0.503090607999969
2023-08-26,89a407032911e27e,f7bc845ce74f5fe7,ac40f7e3cbecdda4,c15fa95b9a12fde4,Parker Porter,Junior Tafa,0,0.305499295746253,0.23774370564519,0.159315334428067,0.330807000157959,0.287219723750076
2023-08-26,89a407032911e27e,5531317352862978,669970f7feba8ecd,f7467152fd9f18a2,Erin Blanchfield,Taila Santos,1,0.805020907961625,0.800254106613117,0.732623026534886,0.861619452426179,0.803813622117611
2023-08-26,89a407032911e27e,de89bea7b0dcd2d3,9e92e1ca498d7244,d8c811df0386d5e8,Fernie Garcia,Rinya Nakamura,0,0.34316929289654,0.355202906927048,0.282389644933219,0.425378737274701,0.346219502907405
2023-08-26,89a407032911e27e,dd617f6ab4916ec4,7aa3d6964eff4877,9560ff14eb3129f7,Alex Caceres,Giga Chikadze,0,0.486076206482343,0.486650381960743,0.371200745943234,0.595644759466632,0.486222617453357
2023-08-26,89a407032911e27e,c53b0f678fe2f16a,a67f5afa8d6a1b80,d4c9dcd330403612,Ryan Spann,Anthony Smith,0,0.592014899526288,0.63180097391707,0.495469565212361,0.752671509507293,0.602298563194935
2023-08-26,89a407032911e27e,96704d7ba3a452d9,150ff4cc642270b9,c451d67c09c55418,Max Holloway,Chan Sung Jung,1,0.785234526419774,0.697694030998944,0.593533174897455,0.789519364931384,0.764788087130616
2023-09-02,ef61d9f5176b3200,2a48d0a98c21e736,862b0b3375aa4b6e,e3964ece586e0635,Zarah Fairn,Jacqueline Cavalcanti,0,0.332878946242859,0.356192341109215,0.262039373948381,0.455441304964429,0.338752041634824
2023-09-02,ef61d9f5176b3200,ac73c6888ee9322c,102a8fdf8cbf7467,a09ed60aa67a3f67,Kleydson Rodrigues,Farid Basharat,0,0.337856685511113,0.331454649787677,0.247792873079224,0.416850546271923,0.336218401807017
2023-09-02,ef61d9f5176b3200,e3a5a7ede88a2555,f2b3f4ef3f780168,f9ab66e67240db7b,Nora Cornolle,Joselyne Edwards,1,0.346489682704903,0.366094390064432,0.307269877918002,0.42731310586482,0.351442684175151
2023-09-02,ef61d9f5176b3200,1be27d95bba03f17,1497e735d9f2560a,f748267c4ab6c127,Ange Loosa,Rhys McKee,1,0.517837570057024,0.434587194948882,0.352424998191834,0.517063207841142,0.496518320842792
2023-09-02,ef61d9f5176b3200,1b9a127f9dadaad9,42ac4020cba261ad,8b1ed83b02303075,Caolan Loughran,Taylor Lapilus,0,0.423132709196038,0.408922878382383,0.32684699611462,0.49866048414863,0.419496122586946
2023-09-02,ef61d9f5176b3200,0d41a3fa5efef91b,5b03b61f9d90125e,fd7ab338e4953644,Morgan Charriere,Manolo Zecchini,1,0.494624465143128,0.496414325822344,0.491077444380631,0.502001415660499,0.495080867275237
2023-09-02,ef61d9f5176b3200,1c29c53ff032c5c1,e1d40e8782d80bc2,eb70e786bbdf1d16,William Gomis,Yanis Ghemmouri,1,0.737761723446278,0.686229691822915,0.628936470909013,0.737842727767082,0.725150269466307
2023-09-02,ef61d9f5176b3200,5098d052525da54f,0845c81e37d3bcb3,ef5dcb10d2bd4b0f,Volkan Oezdemir,Bogdan Guskov,1,0.657028796460065,0.726478315463361,0.648572882724343,0.798880329555829,0.675551261217951
2023-09-02,ef61d9f5176b3200,dfa8fd0b82b37fa1,c2299ec916bc7c56,d945aae53e3e54e6,Benoit Saint Denis,Thiago Moises,1,0.600472542450396,0.610228667671763,0.523270486778644,0.69751875242894,0.602968268385274
2023-09-02,ef61d9f5176b3200,4eaf54ad3c82b6fa,34ff304266360297,47b63240018d5d86,Manon Fiorot,Rose Namajunas,1,0.521733712703606,0.429044006424019,0.331620191060187,0.529017017696797,0.497985160963645
2023-09-02,ef61d9f5176b3200,ea006bae605e2a6b,787bb1f087ccff8a,e2f6b2769aaedd6c,Ciryl Gane,Serghei Spivac,1,0.648584980660442,0.717906961804398,0.628108572453702,0.796839162726318,0.667022930662009
2023-09-09,ece280745f8727b8,65c89e0c92e51bb8,4729c93ba705a3bf,dda15dbfafb792df,Kiefer Crosbie,Kevin Jousset,0,0.422058099467857,0.419387787653168,0.400707177938292,0.44046315608638,0.421376732067484
2023-09-09,ece280745f8727b8,5d481ff494bf40da,4cd8b03aee1d0138,b909a9a9688b5284,Shane Young,Gabriel Miranda,0,0.69901807122696,0.727887848587791,0.615080278080605,0.819784102722427,0.706544337450039
2023-09-09,ece280745f8727b8,56809feb4fe7ea61,9edf2c9082cc2cd8,feedf3053472fe56,Blood Diamond,Charles Radtke,0,0.449405273423629,0.468033686325507,0.405017052190405,0.532772402285922,0.454144145497882
2023-09-09,ece280745f8727b8,bfff5a3777841344,267f4a6568abe245,b7b84ccd221be298,Landon Quinones,Nasrat Haqparast,0,0.402718866045989,0.396472352231435,0.324338914539899,0.469423969836903,0.401122920981029
2023-09-09,ece280745f8727b8,0aae15358d8606b9,af9f42e6894047fc,c21a036b4e012f1c,Jamie Mullarkey,John Makdessi,1,0.667771075819529,0.6497857080055,0.563432337933265,0.739278659622292,0.66322855035982
2023-09-09,ece280745f8727b8,09a7f0979a58e6ea,a9da3158dd2c2b5a,e0c6edcb5b5d0b90,Jack Jenkins,Chepe Mariscal,0,0.454240083300196,0.427455165627956,0.359199599350255,0.500391655705858,0.447378394385391
2023-09-09,ece280745f8727b8,a3d75cc363a6544b,74f9448b97bf8bec,9014c02eff8b3d62,Da Woon Jung,Carlos Ulberg,0,0.459641044654812,0.448527758290374,0.365566530435077,0.534964946441974,0.456802901412095
2023-09-09,ece280745f8727b8,3e1c27f17433f9e4,49e96ff8ab781589,82529ce93cd9a2cf,Tyson Pedro,Anton Turkalj,1,0.441560041966283,0.366042039776946,0.256850885371735,0.471794701989778,0.421893485014126
2023-09-09,ece280745f8727b8,f9d2137f380e66bf,be9bdec19b7e9ffe,e13abac8089a801a,Austen Lane,Justin Tafa,0,0.494379423727246,0.515764417535671,0.430665905648242,0.601661369340729,0.499833740719098
2023-09-09,ece280745f8727b8,222bb2c67a87d312,5cdf5339728f580d,5d1b7e3dd9e11074,Felipe dos Santos,Manel Kape,0,0.42233466576978,0.378774859784172,0.317132982864738,0.439494470763498,0.411082291292095
2023-09-09,ece280745f8727b8,e4ed294e16e16d81,279566840aa55bf2,c62fbc117d57b943,Alexander Volkov,Tai Tuivasa,1,0.741283659103416,0.695297190934119,0.593692646815527,0.793040631111585,0.729995715614549
2023-09-09,ece280745f8727b8,7f16e7725245bb2d,0d8011111be000b2,1338e2c7480bdf9e,Sean Strickland,Israel Adesanya,1,0.357133063268085,0.320422309966894,0.226369718563213,0.426383519705348,0.347589940963781
2023-09-16,8fa2b06572365321,11318a7807cee8ca,971dba22c622af12,b6203e0492a9336c,Josefine Knutsson,Marnic Mann,1,0.505428585593186,0.493057624903913,0.460594171370679,0.527241122331135,0.502274027526304
2023-09-16,8fa2b06572365321,58b2fdad7af9be02,b39f7a6c2be17ee8,dc07493a87dc0a6e,Charlie Campbell,Alex Reyes,1,0.600919097947493,0.539162774711237,0.445938582078769,0.633466349181263,0.585393357873674
2023-09-16,8fa2b06572365321,bcec26b425194e40,68d4a891e5cf2029,a9e260472d321361,Tracy Cortez,Jasmine Jasudavicius,1,0.62763119676105,0.639151918188025,0.562784941262856,0.715847592651649,0.630583373867154
2023-09-16,8fa2b06572365321,7a0813ec0fadc84e,9d83f6da776ff7d6,ca43de99b07b6b40,Roman Kopylov,Josh Fremd,1,0.597274425880277,0.622404773245106,0.537979033704451,0.701472237184709,0.603737137207074
2023-09-16,8fa2b06572365321,79f03eca3fe5cdb3,8e5d953bdb9ae5e7,ac7c765882f2c68c,Loopy Godinez,Elise Reed,1,0.770326947233139,0.778554755462452,0.71724093989189,0.83311912932416,0.772445234383354
2023-09-16,8fa2b06572365321,a5d76e93a5052e3f,31f8081c7600da93,d2f43cfaf8ca3560,Kyle Nelson,Fernando Padilla,1,0.272625281318391,0.277089526806303,0.191868184180594,0.360789808025059,0.273759380912375
2023-09-16,8fa2b06572365321,2e1435c160bfe8b2,4148802ae4a50768,de45aaae23dfa392,Daniel Zellhuber,Christos Giagos,1,0.633822648592393,0.644870963343822,0.563786044671066,0.725505825103764,0.636653902360134
2023-09-16,8fa2b06572365321,c0ca4c201d086ea8,f3ca6908f78efebe,fe2babf95de24fb1,Terrence Mitchell,Raul Rosas Jr.,0,0.335091388429117,0.391174233714393,0.308050505416392,0.485121216221275,0.349027812845571
2023-09-16,8fa2b06572365321,697efaf0d162e877,3a46b268013afede,6b453bc35a823c3f,Kevin Holland,Jack Della Maddalena,0,0.373693835195873,0.375838653688447,0.286403146551554,0.472226802992632,0.374240294968853
2023-09-23,c945adc22c2bfe8f,0732e6b6eb0a607d,4f3064faf17aa711,60193e707634e560,Tamires Vidal,Montserrat Rendon,0,0.654899516890535,0.66021300768734,0.603822180959807,0.712345335573595,0.656258198821669
2023-09-23,c945adc22c2bfe8f,adb411b0f418ce33,26e3f3928b1891d9,43a59ce3bb40449e,Hannah Goldy,Mizuki,0,0.373719592327338,0.376678370340784,0.263165404882755,0.499878186673947,0.374473192055455
2023-09-23,c945adc22c2bfe8f,49ede01b061cfae3,92fa1401b7927da3,da7f113b5ea39c43,Jake Collier,Mohammed Usman,0,0.315343575833698,0.35300588029601,0.260458384005242,0.451521480250204,0.324743495204029
2023-09-23,c945adc22c2bfe8f,1496969c1497dc85,d4270315cbcf2569,f14f644d41ade29f,Jacob Malkoun,Cody Brundage,0,0.772076110323348,0.788770685427641,0.714506925776737,0.85293914774583,0.776419874905112
2023-09-23,c945adc22c2bfe8f,b3c7a5a97978d156,33efaf2d0941cfcf,4b47e71384a9522f,Andre Fialho,Tim Means,0,0.471112520624293,0.487549210452236,0.402017720658656,0.574363405487698,0.475299339938628
2023-09-23,c945adc22c2bfe8f,6e1bf1b163b3aeab,1ae8f3c723aacff4,f1d64ae34e088832,Ricardo Ramos,Charles Jourdain,0,0.518565620921618,0.523061653362166,0.420926927875641,0.614204129898173,0.519712421134044
2023-09-23,c945adc22c2bfe8f,bf647be41de365e4,725b1abc9a39d873,f626118b6da0e020,AJ Fletcher,Bryan Battle,0,0.301566402956016,0.290272291603594,0.207724193308586,0.384546133624081,0.298662735986143
2023-09-23,c945adc22c2bfe8f,d8335b728604b222,cd2c4d30c6e13b47,eb04b9d31e938edb,Marina Rodriguez,Michelle Waterson-Gomez,1,0.650811219684436,0.620372326597476,0.526809828434267,0.707410309906884,0.64315404882723
2023-09-23,c945adc22c2bfe8f,da1b37edb8ccd3e6,82a5152216251682,d9c6f19f958643e9,Dan Ige,Bryce Mitchell,0,0.497901442222387,0.545570952745153,0.428828428639664,0.654637153394987,0.510088098413395
2023-09-23,c945adc22c2bfe8f,23a604f460289271,72db2a14ffa73ece,c814b4c899793af6,Mateusz Gamrot,Rafael Fiziev,1,0.64140603296244,0.641791531843253,0.556685781695491,0.719916414024919,0.641504352326707
2023-10-07,c8a49ff2acb6f3c5,cc4fcfede19bc196,6fd953151d981979,80d8aed0ca9b00f3,JJ Aldrich,Montana De La Rosa,1,0.615804162690257,0.586409155095644,0.476807661389189,0.68745782315689,0.60837922982494
2023-10-07,c8a49ff2acb6f3c5,df146b0592259e5d,7d420039bbfe7c1a,f6bcbd91b114ff58,Aoriqileng,Johnny Munoz,1,0.401717254120954,0.427348253912064,0.324820829110079,0.535085757268771,0.408208155146501
2023-10-07,c8a49ff2acb6f3c5,5ee83e03aaff5fa1,2c483cf443f38ece,e0b0cf71e0d69dd0,Vanessa Demopoulos,Kanako Murata,1,0.375891634966967,0.328187858294544,0.266124721497566,0.393878907085915,0.363452089544924
2023-10-07,c8a49ff2acb6f3c5,eb7b0a6f06dbdb4f,48812daf291a4e23,6e9f40c706f91f32,Mateus Mendonca,Nate Maness,0,0.643531377344388,0.713411032963358,0.628768927164087,0.800286730163442,0.662096694059469
2023-10-07,c8a49ff2acb6f3c5,b6a6ba08898f3b6a,d7c3816669784109,d7e40dca3ae125be,Karolina Kowalkiewicz,Diana Belbita,1,0.50089583929646,0.477178970296054,0.377921117872775,0.580072320115505,0.49484418942331
2023-10-07,c8a49ff2acb6f3c5,b638646fb297228d,262a7d06203657e6,9abc648e76c4493a,Alexander Hernandez,Bill Algeo,0,0.55615740977284,0.59992829897745,0.494293312174475,0.707120455224447,0.567430545136523
2023-10-07,c8a49ff2acb6f3c5,68095e551ff6bbfd,519e4fe37ce9ff75,814ff3018127e8fc,Drew Dober,Ricky Glenn,1,0.619791441779473,0.683966350199035,0.575773376923142,0.777906303010542,0.636667498989174
2023-10-07,c8a49ff2acb6f3c5,eb76a5b76a68e4c4,b9437600497350f3,cdb96af67d096b1e,Joaquin Buckley,Alex Morono,1,0.50611307433847,0.519336749560815,0.416478026502726,0.618656247399428,0.509486652376672
2023-10-07,c8a49ff2acb6f3c5,e966de63c8e6b1d5,c1085e1701b13eca,eae431e70064e046,Joe Pyfer,Abdul Razak Alhassan,1,0.700946031551174,0.708645726298242,0.620720376524262,0.785076240224775,0.702920515686218
2023-10-07,c8a49ff2acb6f3c5,1aa4c2fa5ffaff00,887961364be5ceb3,99bd51917728c25d,King Green,Grant Dawson,1,0.270636929919632,0.298762207069501,0.18392458049224,0.416312198977893,0.277648892117787
2023-10-14,f3a078277b3b8ff4,85a130a4b655c8f5,02f8fedc18cbd26c,b4c6c904a9ffc5e8,Emily Ducote,Ashley Yoder,1,0.750485607000615,0.769994501718304,0.678544507492316,0.848322632163799,0.755563498911684
2023-10-14,f3a078277b3b8ff4,a74a8c1e0a49070d,1897b7b913736a7c,45f0cc9d18f35137,Alatengheili,Chris Gutierrez,0,0.375062154907567,0.364667919180762,0.275793962431167,0.459881369475882,0.372400233369657
2023-10-14,f3a078277b3b8ff4,1ba282da76ca82ad,103e2e33a60683e1,bd532e9a2b93870c,Irina Alekseeva,Melissa Mullins,0,0.63926429576951,0.662997536688123,0.614442348918164,0.706978573384258,0.645386762521715
2023-10-14,f3a078277b3b8ff4,7f7d2abc21f171ca,809bd1a871491508,d7fe8c6b7d2872e5,Terrance McKinney,Brendon Marotte,1,0.587641365180732,0.563882183732681,0.494042827358817,0.632596848642465,0.581616879508392
2023-10-14,f3a078277b3b8ff4,5b7b5b01f4dcbd9c,2c5f5749569eef66,4948e412fa6ab67d,Tainara Lisboa,Ravena Oliveira,1,0.531921939493624,0.504329130228724,0.437369107207214,0.566905531280136,0.524897599471941
2023-10-14,f3a078277b3b8ff4,3a8af8ee23444b72,92a9aa9c93192871,d31cbcdd7d69536d,Darren Elkins,TJ Brown,1,0.559155175974663,0.514580412896059,0.394543267294538,0.620386694517011,0.547850173372594
2023-10-14,f3a078277b3b8ff4,0197a61472fc351d,3c8a5200436e19f3,5ec591b78349ba7e,Cameron Saaiman,Christian Rodriguez,0,0.506358970860462,0.411149994750446,0.298145102245888,0.524134717006681,0.481845876584629
2023-10-14,f3a078277b3b8ff4,6acd1c591170f597,595db60957de51d3,5f61780fe5e9b6d0,Michel Pereira,Andre Petroski,1,0.458337664834414,0.525092653814845,0.398775648512906,0.639406341142178,0.4753134814818
2023-10-14,f3a078277b3b8ff4,0d6d212fcdf47f2e,0232cabbc30a2372,f2477cf43c4975cc,Adrian Yanez,Jonathan Martinez,0,0.395976532896446,0.354542745230248,0.265959380876716,0.446525452549981,0.385241204145244
2023-10-14,f3a078277b3b8ff4,751cf3d52fce1d1f,36541f1e6c5d4955,8e1f36476ef02a6a,Viviane Araujo,Jennifer Maia,1,0.466515873806435,0.476304080248145,0.390908672186889,0.561735401894342,0.469009714054037
2023-10-14,f3a078277b3b8ff4,824859c7580eb35b,64a50dad704d1d49,94426bb170c88115,Edson Barboza,Sodiq Yusuff,1,0.287179133555887,0.252526855079977,0.164078338171912,0.346654111264444,0.278077417792933
2023-10-21,13a0fb8fbdafb54f,539732694ab2c8d6,06734ca9d88dec3a,12ebd7d157e91701,Shara Magomedov,Bruno Silva,1,0.448899808640069,0.461766590147845,0.39383082356867,0.530266654093872,0.452175033775244
2023-10-21,13a0fb8fbdafb54f,18e5af00a8478a0e,6c9b66b43663f2f7,d05cb1e8d1b885d8,Viktoriia Dudakova,Jinh Yu Frey,1,0.810332235874443,0.810736471667729,0.748998207105926,0.86431267135518,0.810435378533312
2023-10-21,13a0fb8fbdafb54f,b84c447bb74febe2,329e403448756217,8d11d9c13e2ccdf7,Nathaniel Wood,Muhammad Naimov,0,0.620759137241635,0.626891681930348,0.522499787499971,0.731307839100678,0.62232668927041
2023-10-21,13a0fb8fbdafb54f,75c5f923f966b53b,a72a2a769fa5a2be,d80ee110748171ac,Anshul Jubli,Mike Breeden,0,0.804727862228159,0.793553626383947,0.709511144702585,0.865439332353895,0.801922642721974
2023-10-21,13a0fb8fbdafb54f,43de9ff6064361e1,46d0a888d87d91ac,4e6738062d469256,Abu Azaitar,Sedriques Dumas,0,0.267243890606179,0.287933695138539,0.204872304328261,0.377582899634679,0.272429183829161
2023-10-21,13a0fb8fbdafb54f,3c6fb6bf9b7afd40,0bc697c5936a2d0a,3753714927f18437,Trevor Peek,Mohammad Yahya,1,0.546082741110334,0.546051970047397,0.480502643160054,0.616246900100678,0.546074894541228
2023-10-21,13a0fb8fbdafb54f,e9256316716499b8,75353550928a7921,c96d9178c9ed9e62,Muhammad Mokaev,Tim Elliott,1,0.870976844932806,0.883144825855182,0.809516003536537,0.942546896147445,0.87417853602177
2023-10-21,13a0fb8fbdafb54f,ed3334d108b257a6,0fd5f4b838e890cc,a54660deb6a8489c,Said Nurmagomedov,Muin Gafurov,1,0.716227249571801,0.698553604834919,0.623488963315167,0.771995900894696,0.711780201531891
2023-10-21,13a0fb8fbdafb54f,7024385b5107bd4b,b07aed698fba8624,d317a5e2b3f88c5f,Ikram Aliskerov,Warlley Alves,1,0.561992480777362,0.568857382121651,0.471660328158024,0.669973670233809,0.563745390662271
2023-10-21,13a0fb8fbdafb54f,f23e9729b2b73c27,767755fd74662dbf,f1b2aa7853d1ed6e,Khamzat Chimaev,Kamaru Usman,1,0.42734736863049,0.461633276223931,0.336955643202335,0.587544168021488,0.436037528380811
2023-10-21,13a0fb8fbdafb54f,0ea435ddf02deb60,275aca31f61ba28c,e1248941344b3288,Islam Makhachev,Alexander Volkanovski,1,0.550495066015722,0.472068823187857,0.325294657945526,0.614459194389225,0.530579466201576
2023-11-04,7c4ec656d8fcb867,3c69bed42893da75,32c355b04fc57f3a,ec13c393d029297d,Marc Diakiese,Kaue Fernandes,1,0.504603895733992,0.497320354691317,0.412094305726796,0.576405081437201,0.502746659916788
2023-11-04,7c4ec656d8fcb867,9e2bb8d5961b44d4,1235b31de15d0c6e,de594b35c45c2e9a,Montserrat Conejo Ruiz,Eduarda Moura,0,0.269964067690125,0.213636943012736,0.161443328328176,0.269045835057822,0.254751284511483
2023-11-04,7c4ec656d8fcb867,7df5998eca143c04,cffb87059e645bd1,f0feeb2192937424,Denise Gomes,Angela Hill,0,0.688784326255464,0.616141743367879,0.512732650364068,0.712201517187067,0.670959172823885
2023-11-04,7c4ec656d8fcb867,6532b71560ae39e0,476fe566d2df676e,71171fc96445bf65,Modestas Bukauskas,Vitor Petrino,0,0.356752889413577,0.36884828324963,0.280633467110231,0.461502017002965,0.359820611011562
2023-11-04,7c4ec656d8fcb867,ff8f92cf8fb1b76c,48a9a128784d53d1,ca36633b80be4a78,Elves Brener,Kaynan Kruschewsky,1,0.704013396904511,0.662385752823097,0.596931095854485,0.729435884673,0.693681146492573
2023-11-04,7c4ec656d8fcb867,7d474fbf31894108,36b8f265bcd1b7a4,4126a78111c0855a,Abus Magomedov,Caio Borralho,0,0.322313120887913,0.360569314597628,0.278634451831964,0.443624043753081,0.331869064921606
2023-11-04,7c4ec656d8fcb867,119bc264e2bb9877,1a9480fc288e55d7,d31a5546c0e9b213,Don'Tale Mayes,Rodrigo Nascimento,0,0.488577204296144,0.508179213900677,0.410979395047633,0.593719265006577,0.493574763759223
2023-11-04,7c4ec656d8fcb867,3a81276a9641c6a1,01641ba5df0c69b0,9d19d9e4aa2662e8,Gabriel Bonfim,Nicolas Dalby,0,0.695233554277574,0.742698572090346,0.663621360352445,0.812388900929491,0.707798049750933
2023-11-04,7c4ec656d8fcb867,ac37849f627a79c4,41e83a89929d1327,d3df1add9d9a7efb,Jailton Almeida,Derrick Lewis,1,0.85542180732909,0.823566147260569,0.73855511667671,0.895010258010667,0.847783296702964
2023-11-11,5a558ba1ff5e9121,1cf69de0eea46877,c4d039123e62f6a9,e00a3dee329a51f7,Dennis Buzukja,Jamall Emmers,0,0.399928437312129,0.376806143637151,0.296666964589842,0.457372879542128,0.393985232419665
2023-11-11,5a558ba1ff5e9121,8a0fc4624578a7e4,17e97649403ba428,34b96d52db1d26e6,Joshua Van,Kevin Borjas,1,0.603400144535487,0.569791469670409,0.511423882608513,0.625309271874591,0.594908937301216
2023-11-11,5a558ba1ff5e9121,57333b7bff20ece0,5fa2974cbd18e05c,a7897d200692ab64,John Castaneda,Kyung Ho Kang,1,0.451995826689783,0.465351732047369,0.350246367035371,0.591733686729689,0.455395786492511
2023-11-11,5a558ba1ff5e9121,4c025d1fff9e9fce,7026eca45f65377b,da0995f19b749cfa,Jared Gordon,Mark Madsen,1,0.632314106498052,0.659458360629498,0.55427747062449,0.756105388103475,0.639324120938984
2023-11-11,5a558ba1ff5e9121,480c4dbd2e792d86,37c5366d18ed6c05,849c5d9979df5357,Roosevelt Roberts,Mateusz Rebecki,0,0.317607134269985,0.365771409193779,0.271498507659788,0.461651203593479,0.329572068613465
2023-11-11,5a558ba1ff5e9121,a0362d60d2e1db0d,8e5d953bdb9ae5e7,d25240135aee03e5,Loopy Godinez,Tabatha Ricci,1,0.554206322917581,0.511252261553259,0.435012451388003,0.587763047125192,0.543304122437503
2023-11-11,5a558ba1ff5e9121,5704e73f91b9e7f7,32ab52e5de93092d,3fa97913cfd205d3,Steve Erceg,Alessandro Costa,1,0.508069601322328,0.498888350046044,0.426770508859676,0.571174492674702,0.505728658674866
2023-11-11,5a558ba1ff5e9121,128ab9aa4802c73f,b8bbdeff718dbb7d,f166e93d04a8c274,Pat Sabatini,Diego Lopes,0,0.610489338252848,0.505141267985649,0.417943590939101,0.603194752240284,0.584196567027071
2023-11-11,5a558ba1ff5e9121,9fe98de1eac21f2e,c2299ec916bc7c56,dccb63727f2f5f74,Benoit Saint Denis,Matt Frevola,1,0.704679771185048,0.681386354371394,0.554655767856111,0.799076307921903,0.698834153478961
2023-11-11,5a558ba1ff5e9121,6fd67582d8adb1c7,6a1901c62ab3870f,7447e9f28508106a,Jessica Andrade,Mackenzie Dern,1,0.593060704935915,0.69428212011423,0.571305130481796,0.800951282425271,0.620046623425391
2023-11-11,5a558ba1ff5e9121,db49619221b282af,399afbabc02376b5,f14cf73e51b29254,Tom Aspinall,Sergei Pavlovich,1,0.514605487127891,0.478635377562016,0.390575774777561,0.570382923702041,0.505432694238832
2023-11-11,5a558ba1ff5e9121,b1f2ec122beda7a5,009341ed974bad72,e5549c82bfb5582d,Jiri Prochazka,Alex Pereira,0,0.440068127494952,0.436620820258584,0.316773987314434,0.562974254570729,0.439188503337283
2023-11-18,3feed7d02711d8b7,9abf0b60a44a82d1,814e5233e2acf2ee,83455a9d17f57dae,Charles Johnson,Rafael Estevam,0,0.607959703416886,0.616261649551913,0.536441192113301,0.695531292045955,0.610082844167815
2023-11-18,3feed7d02711d8b7,6997693d552600dd,06e4245d16fc5315,3cf66c62d9069f43,Ailin Perez,Lucie Pudilova,1,0.670348818651271,0.679453418274176,0.57935828974666,0.782710025130008,0.67268300196715
2023-11-18,3feed7d02711d8b7,f0fe73e650b746f2,11583163f45c7b31,57186c150c645200,Lucas Alexander,Jeka Saragih,0,0.746887790088781,0.739527088716511,0.679914939408538,0.798846633535658,0.745023945599945
2023-11-18,3feed7d02711d8b7,36f10b949b935b8c,0d5cc0170c1a7e71,89839250eb25c9c1,Mick Parkin,Caio Machado,1,0.716826865472136,0.734130948340302,0.693382504078685,0.773862708348367,0.721303627605731
2023-11-18,3feed7d02711d8b7,16109688429c09de,0112352cb32f5026,a93f94c923c3a9cb,Denis Tiuliulin,Christian Leroy Duncan,0,0.259362021260214,0.267568589117011,0.211509983740766,0.329310249135519,0.261439075442526
2023-11-18,3feed7d02711d8b7,c1aef0f60a5b62e3,84f727cf0166d6f2,c7c39e2fb70248b3,Jose Johnson,Chad Anheliger,1,0.59328031014303,0.633469728458568,0.559724776521466,0.700949536457422,0.603671720550195
2023-11-18,3feed7d02711d8b7,62b64802ea49e2fd,791c8437b341fba5,87c0b1c696ddfb43,Joanderson Brito,Jonathan Pearce,1,0.328078829015372,0.309229950970621,0.233941196417641,0.385845578553578,0.323216311855353
2023-11-18,3feed7d02711d8b7,b210b99d9c1c9196,681399317dbf4701,bf2c8e01b07d3eb1,Uros Medic,Myktybek Orolbai,0,0.574397525971993,0.529816460129815,0.460745280628951,0.598971939017615,0.563114519625565
2023-11-18,3feed7d02711d8b7,bd4d2522cb0d1a23,a3a542074109b347,beecb672a279223e,Luana Pinheiro,Amanda Ribas,0,0.356284476205523,0.316130866633691,0.23165582137181,0.397411139275994,0.345823553075629
2023-11-18,3feed7d02711d8b7,2ae243f518948794,0978385b2bd9ef9b,6e743a33d56bdaa4,Nick Aguirre,Payton Talbott,0,0.443267173990884,0.467483236948034,0.404463260934223,0.53031384307278,0.449421325791205
2023-11-18,3feed7d02711d8b7,5be63144ac46f97e,971246648e162f0d,ac026518a9b4dc0f,Chase Hooper,Jordan Leavitt,1,0.348966993441284,0.323396284939008,0.230968651052318,0.432041625425634,0.342356111760149
2023-11-18,3feed7d02711d8b7,73ebbfb998edc1f1,a845f0735bc67405,c32aeb1a59e6272d,Jake Matthews,Michael Morales,0,0.391746643980543,0.444955816451263,0.344699968533075,0.550025682576921,0.405124928179438
2023-11-18,3feed7d02711d8b7,7990b6716a53b2cd,2f181c0467965b98,eabf206b162b3b83,Brendan Allen,Paul Craig,1,0.752156038881399,0.691123968057549,0.568598523514068,0.807277670574644,0.737386631983613
2023-12-02,53e4e21f4c688801,d0ac2cc5c57c4e66,4798e823ada58fe9,5c637af9472ae7cc,Veronica Hardy,Jamey-Lyn Horth,1,0.435568744867966,0.428908597845866,0.308556111303691,0.55786246915512,0.433868102488702
2023-12-02,53e4e21f4c688801,32813f5f46f045e8,4dcfb28c011c11b2,c730a0be691dc081,Wellington Turman,Jared Gooden,0,0.60263224905102,0.610093300034011,0.511514287957599,0.695019663786561,0.604539500928502
2023-12-02,53e4e21f4c688801,0dc2fc8d39e226a3,260bd4cef10b033f,69898645d600abdb,Ihor Potieria,Rodolfo Bellato,0,0.47458464224672,0.483379383903817,0.427561272828667,0.537049794208664,0.476826016310418
2023-12-02,53e4e21f4c688801,d0602cdc04d2c159,7cbf7c78d3b34218,af65aa688d13eedf,Drakkar Klose,Joe Solecki,1,0.454759144926981,0.486987302140474,0.372655646460504,0.590074998264384,0.46295214680901
2023-12-02,53e4e21f4c688801,0320a6a967069571,23dec7c47cb418f8,f14f644d41ade29f,Zachary Reese,Cody Brundage,0,0.55624040952408,0.564687014681134,0.488302368052911,0.638509760515636,0.558397578829418
2023-12-02,53e4e21f4c688801,626c82ed45fdcf59,86d9dbe1bfcbade7,b96619b3acd7d9da,Julia Avila,Miesha Tate,0,0.560290068564004,0.547541366389542,0.432560208048266,0.662335035639665,0.557046022420493
2023-12-02,53e4e21f4c688801,02713b2d25f74d43,64facb6cc564262d,71505842fb6455c3,Punahele Soriano,Dustin Stoltzfus,0,0.686667246949693,0.729432860701974,0.642814385967114,0.809163064101234,0.6979195608756
2023-12-02,53e4e21f4c688801,20bfa549cb2cabe7,ae7fe94f117f98cf,c47df9303d318c67,Joaquim Silva,Clay Guida,1,0.408405254614933,0.390509522279532,0.284195515841463,0.496312008670523,0.403816686124896
2023-12-02,53e4e21f4c688801,39c4ae4624052f9f,45f7cb591c3ab00b,8c0580d4fff106c1,Sean Brady,Kelvin Gastelum,1,0.621478664098813,0.620263973586707,0.522843432321334,0.724212523824964,0.621169062786181
2023-12-02,53e4e21f4c688801,246d06693b5ca1e8,05339613bf8e9808,aa72b0f831d0bfe5,Rob Font,Deiveson Figueiredo,0,0.48859518322867,0.467518987469847,0.336983784081081,0.599311755703618,0.483213922053606
2023-12-02,53e4e21f4c688801,03eecf1926d9c77c,4d8fa64202cee4c1,887961364be5ceb3,Jalin Turner,King Green,1,0.463455099825006,0.529578482490788,0.401759976219966,0.654705592541507,0.480286925809158
2023-12-02,53e4e21f4c688801,9feb9500b0fedfcd,08af939f41b5a57b,eae48ff31db420c2,Beneil Dariush,Arman Tsarukyan,0,0.383163991224275,0.380136412613701,0.288349086984552,0.473652469872965,0.382391088818232
2023-12-09,5ef0088c1b19beeb,acde7c89bd724af8,02bb48869eb7ac8f,d35298b6df168456,Rayanne dos Santos,Talita Alencar,0,0.592794492693378,0.59816373130218,0.577943743861148,0.617436655895161,0.594165806962166
2023-12-09,5ef0088c1b19beeb,84f6de7c99779e5f,4461d7e47375a895,798e48f9e7f6ba22,Tatsuro Taira,Carlos Hernandez,1,0.756857229607199,0.732715978440353,0.662891282838875,0.801003066468449,0.750844360711661
2023-12-09,5ef0088c1b19beeb,5a6e894e4b6cc703,5078e1dacf9d25f4,5e6294b37bbef029,Luana Santos,Stephanie Egger,1,0.722102701557506,0.709527025381413,0.62821803441132,0.787211339724897,0.718927874731039
2023-12-09,5ef0088c1b19beeb,5ac1725f775c6f00,20bccc9bb4ceb23e,97cf1a2c7c5e7889,Melquizael Costa,Steve Garcia,0,0.653317323504615,0.636736742243942,0.50131422713219,0.769526632299501,0.649122627143834
2023-12-09,5ef0088c1b19beeb,35addc4646509286,51c655162e462ceb,b671bdf981ad527d,Shannon Ross,HyunSung Park,0,0.148771960900086,0.15607145999404,0.102449265307791,0.222572695603511,0.150606130485098
2023-12-09,5ef0088c1b19beeb,3adab28c5c6a9254,32490e80ddab1e5a,dda15dbfafb792df,Song Kenan,Kevin Jousset,0,0.342915760812724,0.325307095090428,0.240289879227925,0.40577257408112,0.338381912294289
2023-12-09,5ef0088c1b19beeb,1afc4f372a125c74,285ae0b4a68221f4,886264a0c9f4ea5e,JunYong Park,Andre Muniz,0,0.527883221520163,0.520099953121926,0.41652507566464,0.619168777942698,0.525899628991527
2023-12-09,5ef0088c1b19beeb,fbedeb4e4b019b94,3cf18e01cb6cbde3,c96d9178c9ed9e62,Sumudaerji,Tim Elliott,0,0.57946691633063,0.583055594880682,0.429834494230735,0.731164397227003,0.580382841259469
2023-12-09,5ef0088c1b19beeb,acc57a9c114b694a,af9f42e6894047fc,b7b84ccd221be298,Jamie Mullarkey,Nasrat Haqparast,0,0.51214548953988,0.5047768539654,0.410071738215887,0.590396262590995,0.51026686594837
2023-12-09,5ef0088c1b19beeb,91093a019d32af2e,749f572d1d3161fb,d4c9dcd330403612,Khalil Rountree Jr.,Anthony Smith,1,0.417424887581102,0.414751980754528,0.297570113333838,0.531925219579291,0.416742830331895
2023-12-09,5ef0088c1b19beeb,f9ec8bedc15ece93,45f0cc9d18f35137,efb96bf3e9ada36f,Chris Gutierrez,Song Yadong,0,0.405816374321426,0.394579991897439,0.318816643679322,0.473750480074331,0.402941213983376
2023-12-16,a8e8587a06e73c87,fce6522f42b48f18,6747ccd6d1acd266,8eb046f83e82bf26,Shamil Gaziev,Martin Buday,1,0.384213666009366,0.472779759335247,0.405763166863379,0.543864742963698,0.406317509125867
2023-12-16,a8e8587a06e73c87,abb6e2169ba580d2,710f0f8c5d5c9d41,8fd808923cffff82,Lucas Almeida,Andre Fili,0,0.450469694498597,0.396519458330441,0.29569662130195,0.509624714840337,0.436548211090945
2023-12-16,a8e8587a06e73c87,4ec249e549309b16,7f6ed67d3ed3c036,f00ac08ab056af5d,Cody Durden,Tagir Ulanbekov,0,0.569293538343077,0.532868860866506,0.446105786588295,0.623225242569247,0.560060338976375
2023-12-16,a8e8587a06e73c87,c442899c21d58779,04835018f90b118c,6551c64fbcd1a467,Casey O'Neill,Ariane da Silva,0,0.771064747537265,0.756858242677,0.674476825161029,0.832264241064705,0.767498298073028
2023-12-16,a8e8587a06e73c87,f8a8871d167fc929,7be14eaed4c74856,d8c7c61b176e3994,Brian Kelleher,Cody Garbrandt,0,0.327170374766586,0.344269775690443,0.236721147527747,0.455912764331507,0.331489517123054
2023-12-16,a8e8587a06e73c87,609d994bfe440ec3,351c4ec637380ad5,578ef12674df1e6a,Karol Rosa,Irene Aldana,0,0.501833031638055,0.409055406067424,0.30069077807665,0.527476098419055,0.477928207038169
2023-12-16,a8e8587a06e73c87,521a0e016878d174,a495f599e787614f,e4277e87a789d687,Alonzo Menifield,Dustin Jacoby,1,0.480878464649088,0.441509022612508,0.345066096568059,0.542369310570272,0.470797003058263
2023-12-16,a8e8587a06e73c87,3b21a9f48bac4a44,d9c6f19f958643e9,fba03cd6cc28dc41,Bryce Mitchell,Josh Emmett,0,0.692670176346564,0.631128825954621,0.517392806509054,0.738279057189871,0.677512205253367
2023-12-16,a8e8587a06e73c87,ac8628d945a78b03,22a92d7f62195791,7826923b47f8d72a,Tony Ferguson,Paddy Pimblett,0,0.232258086209019,0.170206688291505,0.098522777791051,0.252839851384778,0.215060600004434
2023-12-16,a8e8587a06e73c87,1efc813ccd7a5aba,01afe0916a40c7c5,4a28cb716c19157a,Shavkat Rakhmonov,Stephen Thompson,1,0.853049718101994,0.88383636032538,0.826964026805056,0.929882732202787,0.861489082344466
2023-12-16,a8e8587a06e73c87,4896b36f1333d25c,6e15f63b6c2e2c15,a0f0004aadf10b71,Brandon Royval,Alexandre Pantoja,0,0.399670045573696,0.463949416724982,0.362356887062704,0.569071365333334,0.415826103913429
2023-12-16,a8e8587a06e73c87,3fa8ee3fdc04fe36,dc9572dd6ec74859,f1fac969a1d70b08,Colby Covington,Leon Edwards,0,0.396231040162565,0.500398048575377,0.392340814799901,0.613987404757483,0.422288989455807
2024-01-13,010986ee359fb863,fd29123ff92789e4,17e97649403ba428,53c10176e3bc7416,Joshua Van,Felipe Bunes,1,0.774121518995173,0.729435297020881,0.673565199413021,0.780000389091695,0.76324241246317
2024-01-13,010986ee359fb863,5344e76e26503716,37f560436d745c18,6c3b2525436cf5d4,Nikolas Motta,Tom Nolan,1,0.28832300622013,0.339606573468979,0.278512392754569,0.399681626034233,0.300960816928686
2024-01-13,010986ee359fb863,0494ebcee93e717b,52ef95b5860fb28c,7b3503352cd53abb,Jean Silva,Westin Wilson,1,0.625819507998935,0.588715899716382,0.530022140394862,0.652369632906395,0.616478896284643
2024-01-13,010986ee359fb863,477c3b9de012e4b3,8b1ed83b02303075,a09ed60aa67a3f67,Taylor Lapilus,Farid Basharat,0,0.370169133190532,0.328469677972164,0.272440340458494,0.389870032485579,0.359320371628178
2024-01-13,010986ee359fb863,03de7404decde12f,96924b0019b3aff1,c0ac37a4a1133da9,Gaston Bolanos,Marcus McGhee,0,0.378403213240459,0.434505283360425,0.367695275944606,0.504959222251297,0.392466142069521
2024-01-13,010986ee359fb863,5f622d812b8f407f,4aa58269d0664b5b,9fe7af8b3fbe00a0,Matthew Semelsberger,Preston Parsons,0,0.438914669427657,0.415870944234938,0.329848524328617,0.503438925056885,0.433009332528116
2024-01-13,010986ee359fb863,6f13fe34cb3ca906,3738e68d2261e60f,fc08099550072fe4,Andrei Arlovski,Waldo Cortes-Acosta,0,0.215305755975536,0.223460809335407,0.155064116314697,0.295758687875008,0.217364580609339
2024-01-13,010986ee359fb863,d0d99889c6abd8e1,1e719d4b676dc19a,547afe1017e72dbe,Brunno Ferreira,Phil Hawes,1,0.515652407720922,0.548044249320364,0.484058795828441,0.609705828836393,0.523935725382194
2024-01-13,010986ee359fb863,a8239866e1222eae,5987b2458f4b5290,bc711b6dd95c1af6,Ricky Simon,Mario Bautista,0,0.525842611563207,0.519695752944954,0.447753998429481,0.594907902784384,0.524275835823078
2024-01-13,010986ee359fb863,640f2ae3995b3b4f,436f970c9ea9169c,d1941565abf50b16,Gabriel Benitez,Jim Miller,0,0.388720741479972,0.407519847130608,0.28348244705463,0.529710460119891,0.393485554578161
2024-01-13,010986ee359fb863,f2b407019b2a5c15,c21f26bbde777573,d802174b0c0c1f4e,Johnny Walker,Magomed Ankalaev,0,0.361222020448375,0.364845960732901,0.274830861394997,0.452758029753527,0.362144642575469
2024-01-20,bd85ca0bb4f26cfc,ab105e5a56b5ee90,09e62c450e754913,dee294e9717012c2,Jimmy Flick,Malcolm Gordon,1,0.412918672118216,0.415141389431419,0.335603472642914,0.497204391042859,0.413485130449139
2024-01-20,bd85ca0bb4f26cfc,7736eb6bd5c1ff4a,a9e260472d321361,b1e5bcaad32a3cac,Jasmine Jasudavicius,Priscila Cachoeira,1,0.743493279215675,0.713814777578475,0.632874027879994,0.78801985584796,0.736120001655209
2024-01-20,bd85ca0bb4f26cfc,a10e2d5416972b9c,8b6e5dc2ba1edbe7,f998f5c102250d6e,Sam Patterson,Yohan Lainesse,1,0.544239022463882,0.569785173984506,0.509342703658333,0.626983447301827,0.550780916534567
2024-01-20,bd85ca0bb4f26cfc,dff2685afd98ed9e,38c7f72747f4f712,9673a497a9da119a,Gillian Robertson,Polyana Viana,1,0.719762075762393,0.718166191441596,0.619808508196967,0.806475814147258,0.719355650713877
2024-01-20,bd85ca0bb4f26cfc,43d90683078fcee5,1a2bf44edb8055b6,c5ccd878231c5407,Serhiy Sidey,Ramon Taveras,0,0.549885832201867,0.542082362028418,0.528523233871754,0.555517430085652,0.547898127339446
2024-01-20,bd85ca0bb4f26cfc,331ddc1141e934d1,4682bc59d5f55145,f1d64ae34e088832,Sean Woodson,Charles Jourdain,1,0.395075238936194,0.378304415061725,0.289960451722064,0.477608472699686,0.390773428519292
2024-01-20,bd85ca0bb4f26cfc,670e4754d8d3d172,1effd880e1f1bb30,7b433309b0fd12aa,Garrett Armfield,Brad Katona,1,0.679132450540038,0.711224735195933,0.62611236483702,0.792543580810491,0.687494854965579
2024-01-20,bd85ca0bb4f26cfc,1a7cd191f0cf160c,040a74bb0a465c54,76e2870ffafbe38f,Arnold Allen,Movsar Evloev,0,0.426461832502823,0.460212215154488,0.374862545775247,0.549043589100835,0.435016070398001
2024-01-20,bd85ca0bb4f26cfc,ba5005d1116fa45f,5442f1bc4b47eaf3,8e9eb3fc86db0f7d,Chris Curtis,Marc-Andre Barriault,1,0.566247419103446,0.565049119474018,0.486632933739617,0.642964140622754,0.565941926412722
2024-01-20,bd85ca0bb4f26cfc,97817609ed46baa0,84b3e7d38f2d2ec5,dd6103dd7127db1d,Neil Magny,Mike Malott,1,0.429245338384013,0.445334735539121,0.349769704284713,0.536917718353538,0.433335334832515
2024-01-20,bd85ca0bb4f26cfc,faf15b752fb8924c,cc8c623cca88f54f,fc169c387b4b465d,Mayra Bueno Silva,Raquel Pennington,0,0.49160477525921,0.546095720616025,0.459173362622797,0.648535744941026,0.505532591925506
2024-01-20,bd85ca0bb4f26cfc,14e53999507c76a7,0d7b51c9d2649a6e,0d8011111be000b2,Dricus Du Plessis,Sean Strickland,1,0.619790235275423,0.631867539604582,0.551645056913141,0.707130675711231,0.622884731643763
2024-02-03,cce79e827569f26e,df9847839c73a678,764d39074a352e33,f41b9f5efc7162d6,Thomas Petersen,Jamal Pogues,0,0.432773851916194,0.453937166053187,0.414807226044293,0.498569129835804,0.438150366719589
2024-02-03,cce79e827569f26e,e396c509fb47b037,267f4a6568abe245,e2be0c1a9b886d92,Landon Quinones,MarQuel Mederos,0,0.556798163757871,0.55733630046297,0.501521533657664,0.619457573731855,0.55693540100837
2024-02-03,cce79e827569f26e,c28d40498150de90,528b071cf3da7c56,a78a87d8c2bbb1cb,Luana Carolina,Julija Stoliarenko,1,0.596235794331327,0.558733398445392,0.463281519719126,0.655256626666019,0.586760851710225
2024-02-03,cce79e827569f26e,e1930496b33fa636,5095b0920a3602aa,d008d785f6347dc2,Blake Bilder,JeongYeong Lee,0,0.386056020102449,0.386296987328943,0.333390956194365,0.443262766810119,0.386117461302621
2024-02-03,cce79e827569f26e,4cff9aeef3ac75c1,40f3cb27fc7305a1,776d4262c4da38bf,Themba Gorimbo,Pete Rodriguez,1,0.48855705548772,0.461619357615809,0.381869467780282,0.541321026341474,0.481675389893436
2024-02-03,cce79e827569f26e,ca7d61e167d7789c,7f1bf0c255ec8756,814e5233e2acf2ee,Azat Maksum,Charles Johnson,0,0.434274016347508,0.402517283653777,0.321720323060484,0.484362056405192,0.426113692758469
2024-02-03,cce79e827569f26e,d4ace70b3661ee6c,51018a31ddf31eb2,d7e40dca3ae125be,Molly McCann,Diana Belbita,1,0.465905927861427,0.453274098584402,0.361147774802505,0.545004530898714,0.462680010584208
2024-02-03,cce79e827569f26e,330d86bfaa4155fe,b12fb759e02378de,feedf3053472fe56,Gilbert Urbina,Charles Radtke,0,0.641167432419628,0.641961071441437,0.569311801099974,0.710301123453854,0.64136988352703
2024-02-03,cce79e827569f26e,7b1882dc76786d77,262d32ebda89efc4,36541f1e6c5d4955,Natalia Silva,Viviane Araujo,1,0.732525243854389,0.688548803425043,0.608939580660562,0.755476971397378,0.721691957185824
2024-02-03,cce79e827569f26e,af6d56860ba4d259,447f9858ae78f921,c6aee362c7a7d482,Muslim Salikhov,Randy Brown,0,0.356882037801525,0.391458271062161,0.31883102972228,0.462899696534102,0.365574402774419
2024-02-03,cce79e827569f26e,733e675fd7c0052a,519e4fe37ce9ff75,b6452706b373eea1,Drew Dober,Renato Moicano,0,0.427441090846867,0.502066202934284,0.394357729118688,0.609889332080517,0.446294104979023
2024-02-03,cce79e827569f26e,767ceb4a0cb43ade,327d5f279895110d,881bf86d4cba8578,Roman Dolidze,Nassourdine Imavov,0,0.422298285690274,0.416326164628504,0.344879349750472,0.492288670738251,0.420773165855516
2024-02-10,eaea0fc7b76525a8,478a637045ad49fb,41cc71cbf210e0fe,9e92e1ca498d7244,Hyder Amil,Fernie Garcia,1,0.544681484132877,0.576648881504124,0.499720373238372,0.656716813531051,0.552879010137519
2024-02-10,eaea0fc7b76525a8,ad26bf55ff201f4f,56f7d7ee06be4aab,ef5dcb10d2bd4b0f,Zac Pauga,Bogdan Guskov,0,0.58936783099266,0.563395233649114,0.484536707432444,0.639883692473983,0.582786008119984
2024-02-10,eaea0fc7b76525a8,08f7a60bd84a6b3c,b0d6a1d8ac3d563d,d66a46de8d705353,Max Griffin,Jeremiah Wells,1,0.468828861660785,0.577850534945856,0.49004292426945,0.661653828027794,0.496762008619735
2024-02-10,eaea0fc7b76525a8,dbfd7616dec2b6d5,6370c1c1e12723d5,cc7040fe76f0ef91,Marcin Prachnio,Devin Clark,1,0.492741282743161,0.41979852614286,0.336196621047906,0.49694627842467,0.473985898149637
2024-02-10,eaea0fc7b76525a8,c3986c1a56a6e94d,4e30e4250cb08b61,7138a15258dabf20,Loma Lookboonmee,Bruna Brasil,1,0.626771076349162,0.580615347873242,0.504138483281905,0.657428188735812,0.61518295723233
2024-02-10,eaea0fc7b76525a8,edf46d6962be7e8d,0e46690e55a8df75,4bdedbdeedff7d1d,Timmy Cuamba,Bolaji Oki,0,0.530993667713178,0.527257719836425,0.515517508908467,0.539500852014323,0.530041316443587
2024-02-10,eaea0fc7b76525a8,246fef4b19c3a7ed,7ee0fd831c0fe7c3,b27a1fcb56a3035a,Carlos Prates,Trevin Giles,1,0.46258099378826,0.477390800071623,0.401737918585755,0.544639924759102,0.466352263172014
2024-02-10,eaea0fc7b76525a8,9d8473ae274ed625,260e9e0d4954aea6,369ea36e450ae62a,Rodolfo Vieira,Armen Petrosyan,1,0.519889088706418,0.547692829209321,0.466202115990698,0.625382727006628,0.526997651885432
2024-02-10,eaea0fc7b76525a8,5304956aada097e8,511e82663651438d,65db4065e2bc107d,Michael Johnson,Darrius Flowers,1,0.418979623544809,0.440440819264927,0.360002679195083,0.52888895589731,0.424426507530827
2024-02-10,eaea0fc7b76525a8,e7938bac3ec8b442,0c6d9ea8306c029e,d1c65d2cf2925ddd,Brad Tavares,Gregory Rodrigues,0,0.394019570394601,0.433444058931306,0.353925120653027,0.514578751599177,0.403963944806879
2024-02-10,eaea0fc7b76525a8,17050a7b673dc49d,260bd4cef10b033f,f96856f9d69fd7e4,Ihor Potieria,Robert Bryczek,1,0.540977326297862,0.518587859631193,0.441744353517027,0.596428846332692,0.535280110225039
2024-02-10,eaea0fc7b76525a8,25259e230be9cdc9,82a5152216251682,8fd808923cffff82,Dan Ige,Andre Fili,1,0.667428484722243,0.654310443185137,0.566117857304458,0.730881633231781,0.664106981778398
2024-02-10,eaea0fc7b76525a8,406f2aacd1d1faf9,0a1942069c9ad6b6,c1085e1701b13eca,Jack Hermansson,Joe Pyfer,1,0.383260646173877,0.424622813995339,0.35701379470452,0.501746247776832,0.393673890359348
2024-02-17,dab0e6cb8c932162,b7d238437d6644ce,05fa626cb33d15b8,f29a6350c69f4a33,Andrea Lee,Miranda Maverick,0,0.317566587234335,0.353350954152572,0.281822874995115,0.430953313007511,0.326509359408651
2024-02-17,dab0e6cb8c932162,9ddaa62cc806958d,6b56e94a59b7b134,7a47e068f8017019,Oban Elliott,Val Woodburn,1,0.584568156387938,0.525477221354326,0.461332710280784,0.591417483639949,0.569660900713019
2024-02-17,dab0e6cb8c932162,ef13ed466e0b42d8,876f478f796495f7,b7c5eb7cdbac6a63,Josh Quinlan,Danny Barlow,0,0.478542679012684,0.478044529989313,0.421381804819468,0.53299770600559,0.478415647218133
2024-02-17,dab0e6cb8c932162,aeb3e4d9710207a4,49edd0d90f60fb7d,8a65fd9ba31fd3f7,Brendson Ribeiro,Zhang Mingyang,0,0.513153353772405,0.51532041154097,0.492220509907933,0.537644739321287,0.513706002415736
2024-02-17,dab0e6cb8c932162,e92fb5c609e20b49,07f959e6596307bb,d8c811df0386d5e8,Carlos Vera,Rinya Nakamura,0,0.22489958753955,0.267024025952542,0.216856675057826,0.318922307296779,0.235176317468422
2024-02-17,dab0e6cb8c932162,1456a3f96ac7e35b,ab943cd2c3c17825,c15fa95b9a12fde4,Marcos Rogerio de Lima,Junior Tafa,1,0.368875207003148,0.360391345224306,0.276973995582374,0.444358362374287,0.366703871804452
2024-02-17,dab0e6cb8c932162,2aeb3ec2d8c05dc8,3df5493bb279226f,7447e9f28508106a,Amanda Lemos,Mackenzie Dern,1,0.497969957890504,0.557213167699494,0.471823812411428,0.639361018974572,0.513138087018364
2024-02-17,dab0e6cb8c932162,f87a3fa07f0009c9,093e1f5bb73850be,9d83f6da776ff7d6,Anthony Hernandez,Roman Kopylov,1,0.618928725845482,0.602153355790131,0.510339273935753,0.701348794062303,0.614676153020215
2024-02-17,dab0e6cb8c932162,9785420602b452f7,056c493bbd76a918,c03520b5c88ed6b4,Henry Cejudo,Merab Dvalishvili,0,0.379395133439056,0.437795147591104,0.324595120639365,0.553423849775029,0.394029336738515
2024-02-17,dab0e6cb8c932162,8fb0092430448368,442c9011034ae1fd,b997be68943010fc,Ian Machado Garry,Geoff Neal,1,0.661508092721042,0.644488399317687,0.569320802267923,0.715927833365307,0.657205517391827
2024-02-17,dab0e6cb8c932162,01432891260084a4,2e5c2aa8e4ab9d82,e1147d3d2dabe1ce,Paulo Costa,Robert Whittaker,0,0.319414952519402,0.308677141973458,0.24724908240523,0.372422084733983,0.31665796731788
2024-02-17,dab0e6cb8c932162,bec3154a11df3299,54f64b5e283b0ce7,e1248941344b3288,Ilia Topuria,Alexander Volkanovski,1,0.473630766449578,0.510172218294843,0.40795516008666,0.613563177831109,0.482937556671443
2024-02-24,902ab9197b83d0db,50dae6b76c9c6490,21b813b919776d90,8d11d9c13e2ccdf7,Erik Silva,Muhammad Naimov,0,0.199968589063701,0.215169117553247,0.159426848914641,0.282678188614905,0.203766650472241
2024-02-24,902ab9197b83d0db,93ddc6b233d1956a,5cdf5339728f580d,dc7927cd622676a7,Felipe dos Santos,Victor Altamirano,1,0.462546286902821,0.475141240229985,0.406404053987248,0.545454873085594,0.465754098037947
2024-02-24,902ab9197b83d0db,5e8c710f9f27aff8,2526be54e6a0e62a,f2900678e98f6d6a,Denys Bondar,Ronaldo Rodriguez,0,0.470030186699687,0.505335898954371,0.450502846441901,0.559377242469555,0.479018704873253
2024-02-24,902ab9197b83d0db,a376f6d5806d0c90,1e4f273069fb9e85,d747eb273a40a920,Fares Ziam,Claudio Puelles,1,0.587917371778419,0.562744716553771,0.489212663602357,0.637968702291781,0.581536462640341
2024-02-24,902ab9197b83d0db,1c03c1bb62f3aed6,31bb0772f21cabd8,5ef94841c4bc3f86,Daniel Lacerda,Edgar Chairez,0,0.223373074808857,0.211416814349475,0.155935738183506,0.266043366045261,0.220279122121667
2024-02-24,902ab9197b83d0db,d1d3b6ab8a56e973,48812daf291a4e23,c051c2e12d692b8a,Mateus Mendonca,Jesus Aguilar,0,0.414749011815069,0.450599687578491,0.377628959487887,0.528001877693588,0.423821061078346
2024-02-24,902ab9197b83d0db,063e7ce759c52f81,7debc13b36343605,b9f28e7045fdfce7,Cristian Quinonez,Raoni Barcelos,0,0.530210200661658,0.520470159770283,0.442196342319058,0.59627463273156,0.527728384925719
2024-02-24,902ab9197b83d0db,673a156925dfb31d,2e7878927067fdca,fd406a32a6fb3a29,Manuel Torres,Chris Duncan,1,0.520085632069853,0.512105718618577,0.462987435247668,0.56317916142925,0.518051570156972
2024-02-24,902ab9197b83d0db,6e4acb2aaa2cee56,40cb680ae1cd331f,e94085e821bd81de,Yazmin Jauregui,Sam Hughes,1,0.537818310380052,0.518301850090094,0.456418745703795,0.582263047596183,0.532850234673099
2024-02-24,902ab9197b83d0db,ecbece0cbd60029e,3920d0cc288f9b0d,4148802ae4a50768,Francisco Prado,Daniel Zellhuber,0,0.437216775197227,0.441925657181584,0.383497799026653,0.501419753250787,0.438416497571787
2024-02-24,902ab9197b83d0db,3b05a4ced6dd74f5,cbf5e6f231b55443,def8166ff24bd237,Yair Rodriguez,Brian Ortega,0,0.665892327823392,0.66424153414599,0.561489746829435,0.76126882308123,0.665471760301402
2024-02-24,902ab9197b83d0db,74f5cbecac011abb,6e15f63b6c2e2c15,792be9a24df82ed6,Brandon Royval,Brandon Moreno,1,0.244985153536956,0.200398289332711,0.14033216027371,0.259816715259637,0.233009040860652
2024-03-02,e4a9dbade7c7e1a7,ba8f219260e212f8,597499ac7a5aac62,8c169fbe1ac33637,Abdul-Kareem Al-Selwady,Loik Radzhabov,0,0.574690038645857,0.562857464372682,0.5010232687795,0.626421075383343,0.571680299168363
2024-03-02,e4a9dbade7c7e1a7,4e566db7d26df001,5b86d491d63890c5,d1053e55f00e53fe,Ludovit Klein,AJ Cunningham,1,0.662516629217494,0.6966556348105,0.633282364158835,0.757540567465262,0.671402910763262
2024-03-02,e4a9dbade7c7e1a7,3ea7d69a1238f26a,972c456ff38b2015,a93f94c923c3a9cb,Claudio Ribeiro,Christian Leroy Duncan,0,0.228222656093441,0.265542389675054,0.219550050262552,0.3114662330803,0.237376808329476
2024-03-02,e4a9dbade7c7e1a7,a7d397cd0f2ac93a,24656ef4d605c96f,bbab3baf66128ae2,Aiemann Zahabi,Javid Basharat,1,0.307842268999113,0.281078258918781,0.215679582971154,0.354176221258225,0.300883557198142
2024-03-02,e4a9dbade7c7e1a7,cde2f88251b73305,18d01f7f8338ae72,b6c37948cb226e8c,Vinicius Oliveira,Benardo Sopaj,1,0.462076511783239,0.465805490199083,0.443371916943182,0.487468868645219,0.463027012817307
2024-03-02,e4a9dbade7c7e1a7,32bd7ed48f5aea7e,830f60497fab345a,cad24459b28592ca,Jamie Pickett,Eryk Anders,0,0.280568101871449,0.28344684832508,0.22510524501751,0.343436851718592,0.281300484519997
2024-03-02,e4a9dbade7c7e1a7,024beecfd3f0ed7a,32ab52e5de93092d,67c1d46f4ed16f9e,Steve Erceg,Matt Schnell,1,0.737675196081392,0.701792505389021,0.626531924086589,0.776038267302989,0.728793901697567
2024-03-02,e4a9dbade7c7e1a7,dcf5014e56649c2f,2b6fc1c02736833d,a4dc0f2b95df4cc1,Umar Nurmagomedov,Bekzat Almakhan,1,0.863606180568858,0.870416602796869,0.824043123728242,0.909041201034943,0.865370943766621
2024-03-02,e4a9dbade7c7e1a7,5a82757b553c40fc,75353550928a7921,ab2b4ff41d6ebe0f,Muhammad Mokaev,Alex Perez,1,0.800816652593961,0.74653726927867,0.653272886505583,0.830905316562738,0.787857028341848
2024-03-02,e4a9dbade7c7e1a7,df3cc5ec78d05a71,49e96ff8ab781589,71171fc96445bf65,Tyson Pedro,Vitor Petrino,0,0.355867483123395,0.323233558521346,0.238818274481381,0.418160722071993,0.347402785277418
2024-03-02,e4a9dbade7c7e1a7,838fd9d2b14e0790,2cd428e9606856fd,6747ccd6d1acd266,Jairzinho Rozenstruik,Shamil Gaziev,1,0.40717958367782,0.435157100267665,0.355416696567206,0.517918683837859,0.414264392298425
2024-03-09,a9df5ae20a97b090,3677ce6c1ee06a83,12f91bfa8f1f723b,b4192a975027aab6,Joanne Wood,Maryna Moroz,1,0.417905738682263,0.452348069386897,0.368508289997736,0.544837310770637,0.426626477483421
2024-03-09,a9df5ae20a97b090,3d3dde60e3d59c1c,077e3ace32b72be9,8d3273573b85be09,CJ Vergara,Asu Almabayev,0,0.309006838183255,0.294349253378322,0.246201106831875,0.342969058106256,0.305230874907013
2024-03-09,a9df5ae20a97b090,cbdf29f36b343f6f,140567899d98978a,b5da8f7d05e85a55,Robelis Despaigne,Josh Parisian,1,0.670760894743636,0.651053824944239,0.590514926879989,0.709641824204914,0.665789006663525
2024-03-09,a9df5ae20a97b090,f0a9dfbb6f6ac852,0d65c432720accb9,595db60957de51d3,Michal Oleksiejczuk,Michel Pereira,0,0.433400770959464,0.407044088264958,0.314801140490938,0.500479242258893,0.426637698029571
2024-03-09,a9df5ae20a97b090,7bc7af11050e861b,53c943c873cffe90,cd13728ae1151f46,Philipe Lins,Ion Cutelaba,1,0.41394587626749,0.40163421024354,0.301382414640268,0.503244929808786,0.410795523784745
2024-03-09,a9df5ae20a97b090,ebb758b49e82d0ed,60425d07ef4b91a7,6bd02119599741a4,Kyler Phillips,Pedro Munhoz,1,0.742843437498784,0.733632887011196,0.665319212248127,0.803080385235487,0.740514650040385
2024-03-09,a9df5ae20a97b090,8baff440b82afd2b,6a2f7c151031653d,72db2a14ffa73ece,Rafael Dos Anjos,Mateusz Gamrot,0,0.277213986905006,0.303342013489791,0.221657081383463,0.383969797667235,0.283743708188693
2024-03-09,a9df5ae20a97b090,33658a3ca932d15d,6a740daf1b279661,e872e9a9a902c045,Maycee Barber,Katlyn Cerminara,1,0.652497670225496,0.604693123696577,0.50295999398813,0.693660721900349,0.640553447041736
2024-03-09,a9df5ae20a97b090,0133019a4f1055ee,41e83a89929d1327,fa6796c55d6c5440,Jailton Almeida,Curtis Blaydes,0,0.561017930281508,0.486612417125408,0.364878487309238,0.610627141965158,0.542171033362278
2024-03-09,a9df5ae20a97b090,9861b6d04e6ed43c,d661ce4da776fc20,efb96bf3e9ada36f,Petr Yan,Song Yadong,1,0.431207296891442,0.547215511330728,0.46954486631753,0.628750583433905,0.460580171495986
2024-03-09,a9df5ae20a97b090,68f7f992603192c6,23024fdfc966410a,6b453bc35a823c3f,Gilbert Burns,Jack Della Maddalena,0,0.291621056708288,0.356370722548749,0.275454954370617,0.445553758190783,0.307475302514266
2024-03-09,a9df5ae20a97b090,270edfb687c0d20c,3a46b268013afede,a67d071163962af8,Kevin Holland,Michael Page,0,0.827589163679712,0.826438238857265,0.776479962910596,0.877447528648367,0.827296253679067
2024-03-09,a9df5ae20a97b090,6e73ebbd089aff5e,029eaff01e6bb8f0,c2299ec916bc7c56,Dustin Poirier,Benoit Saint Denis,1,0.330746602691602,0.343737045959586,0.265407115348539,0.439648492732658,0.334035692754012
2024-03-09,a9df5ae20a97b090,894c44c3d04aaf6f,7c7332319c14094c,b50a426a33da0012,Marlon Vera,Sean O'Malley,0,0.317959180255029,0.356084869874004,0.26264758289361,0.457454316548754,0.327476536853202
2024-03-16,c398235fcaf8d71d,f1cbd73e7be64d28,68b8ebdfce9dbb61,c7c39e2fb70248b3,Charalampos Grigoriou,Chad Anheliger,0,0.638445161171621,0.655311428415396,0.611069425766939,0.701005296498367,0.64278054419273
2024-03-16,c398235fcaf8d71d,537b3cef39d2d573,d945aae53e3e54e6,e99eb0ef25885de5,Thiago Moises,Mitch Ramirez,1,0.595772098364965,0.603740809499852,0.526731265451,0.680645339300159,0.597809098394721
2024-03-16,c398235fcaf8d71d,66873dde4077bd5d,3351aa64aa83c4d9,bc7d1ad49fcb2d08,Cory McKenna,Jaqueline Amorim,0,0.419535566198108,0.435781972487672,0.332508558598565,0.540022355122115,0.423663306511136
2024-03-16,c398235fcaf8d71d,c26f27667c230391,6751eacd16bd59bc,d964a59c48381cb6,Josh Culibao,Danny Silva,0,0.633593514834804,0.639431228809749,0.576224870645968,0.700868898838055,0.635085937268876
2024-03-16,c398235fcaf8d71d,451df53c13185584,65adf3856c4d9256,6d68c1afe954f121,Jafel Filho,Ode Osbourne,1,0.633504751691707,0.631707534146985,0.566258722287308,0.68999195122469,0.633046812731621
2024-03-16,c398235fcaf8d71d,711ec0545552455b,68d35296f566792b,af9efbfd63d39734,Josiane Nunes,Chelsea Chandler,0,0.592919244012128,0.551430681306087,0.461464243138704,0.635573516106015,0.582440583844927
2024-03-16,c398235fcaf8d71d,4f20f3ada1489823,a29db9cd4f9ccea5,fb3e61720be4690c,Natan Levy,Mike Davis,0,0.49680544544819,0.515516143519088,0.427625596022653,0.601786698865765,0.501577895386876
2024-03-16,c398235fcaf8d71d,569e0ba18701c305,6ac9bc2953c47345,a331233f597090a5,Gerald Meerschaert,Bryan Barberena,1,0.570993887221829,0.577554297743858,0.463419265634386,0.686606567348083,0.572669254910557
2024-03-16,c398235fcaf8d71d,2f414494f2b6f426,91dac5e69e28d5b5,9cdd2da1a9104a0b,Pannie Kianzad,Macy Chiasson,0,0.466673595855341,0.516897363161048,0.42090262653876,0.609630897322592,0.479456973276415
2024-03-16,c398235fcaf8d71d,acc7392d48cc09a0,5ec591b78349ba7e,a57cb948c4c70a47,Christian Rodriguez,Isaac Dulgarian,1,0.594852862791243,0.613621598092373,0.530524400099925,0.694645742120564,0.599667669192668
2024-03-16,c398235fcaf8d71d,35f9beb94b4ef9e2,50db8711c70196cd,8667caa0451d245b,Ovince Saint Preux,Kennedy Nzechukwu,1,0.18417387327615,0.195467176272072,0.130596150159119,0.270400022113737,0.187004811780168
2024-03-16,c398235fcaf8d71d,8bc0c220f7dcefa7,c62fbc117d57b943,c9cf753cfdf77fc2,Tai Tuivasa,Marcin Tybura,0,0.402666828699911,0.407385909258674,0.325943542900946,0.493000217820092,0.403868517737739
2024-03-23,79ff6545b0abc685,3223b7e196a07224,0d5cc0170c1a7e71,da7f113b5ea39c43,Mick Parkin,Mohammed Usman,1,0.648815999471678,0.672789871313047,0.627894995909556,0.716217700862093,0.655006969619301
2024-03-23,79ff6545b0abc685,f4ea27d942a390a5,6ad8e4296f7522d9,b1f21ce050035d58,Igor Severino,Andre Lima,0,0.567065595574929,0.558940979864883,0.542355832149674,0.576256212023822,0.564997067630448
2024-03-23,79ff6545b0abc685,f1c3abce15ef053e,07047eb7d17fb0a2,60193e707634e560,Daria Zhelezniakova,Montserrat Rendon,1,0.550059356978639,0.566982382032974,0.51763315963731,0.617513419772168,0.554387337453614
2024-03-23,79ff6545b0abc685,0e6782b758451063,082eba4cd80f736f,69037fc7730e4225,Jarno Errens,Steven Nguyen,1,0.48171452213574,0.506177969283777,0.459575540205091,0.551062189736036,0.487949022889047
2024-03-23,79ff6545b0abc685,48ff3f1bcefbf965,46e0d677f91bacc0,700a674c042b7a96,Miles Johns,Cody Gibson,1,0.76487613083963,0.750973028732294,0.664973576734824,0.837132583527297,0.761382549346898
2024-03-23,79ff6545b0abc685,8c8337ce8437fe2e,1ae8f3c723aacff4,902ec2cc48c8ae8a,Ricardo Ramos,Julian Erosa,0,0.677566022330562,0.606265280292619,0.517077868518112,0.689891187766028,0.660003959824673
2024-03-23,79ff6545b0abc685,de7cb625bdec0f91,a7151778b3381036,cfc3e7bb44685289,Kurt Holobaugh,Trey Ogden,0,0.323393880252861,0.304797345521091,0.207051415935314,0.408868730914624,0.31859537425055
2024-03-23,79ff6545b0abc685,a1294453a28beda3,d2f43cfaf8ca3560,e530df53922f413e,Fernando Padilla,Luis Pajuelo,1,0.662075741567167,0.6373241132739,0.592270676217258,0.680082130006467,0.655841524968419
2024-03-23,79ff6545b0abc685,72f123ddb4cc9d1c,52c2ae6d2f2d2613,aa171d55d4b5208f,Youssef Zalal,Billy Quarantillo,1,0.5150042629168,0.5189958521041,0.429059345906433,0.609625163149222,0.516022317881976
2024-03-23,79ff6545b0abc685,127be512f86618b2,3c8a5200436e19f3,6e743a33d56bdaa4,Cameron Saaiman,Payton Talbott,0,0.566247243167981,0.521447547416702,0.439061758005942,0.600767821053187,0.554896396068637
2024-03-23,79ff6545b0abc685,d564e3a6c77d0c85,009c4420727149ea,4144798612ef96e5,AJ Dobson,Edmen Shahbazyan,0,0.350982248616017,0.345303272517462,0.280600204701866,0.420999440893768,0.349530023176378
2024-03-23,79ff6545b0abc685,cd6452a463ec8a28,d35f734c56a89103,e13abac8089a801a,Karl Williams,Justin Tafa,1,0.52734693870116,0.498372803083086,0.421797517646801,0.579503223361523,0.51996827568487
2024-03-23,79ff6545b0abc685,faf19712bd7ea41e,47b63240018d5d86,beecb672a279223e,Rose Namajunas,Amanda Ribas,1,0.570761024182273,0.612646224566682,0.54173215775127,0.695742070659019,0.581564042942556
2024-03-30,dba230fe33011201,17e8ab0065e9085f,07797f10b9569cfc,42ac4020cba261ad,Angel Pacheco,Caolan Loughran,0,0.390547646823962,0.381551175199701,0.331580172286443,0.426090772049722,0.388246201531229
2024-03-30,dba230fe33011201,ce33085fc5205bab,5f61780fe5e9b6d0,d4270315cbcf2569,Andre Petroski,Jacob Malkoun,0,0.520872977354312,0.481704472333873,0.410460062574826,0.558524123591746,0.510890268535811
2024-03-30,dba230fe33011201,697e38075fd41819,6e8f1bcdda94ff45,82529ce93cd9a2cf,Ibo Aslan,Anton Turkalj,1,0.514063364608004,0.493120095644499,0.432704450590306,0.555250944534763,0.508724611449445
2024-03-30,dba230fe33011201,f59cefe16905d62c,36e78278a77006d4,c4d039123e62f6a9,Connor Matthews,Dennis Buzukja,0,0.535044983392256,0.500690279658905,0.448666237624988,0.553423075875001,0.526303130511999
2024-03-30,dba230fe33011201,976abc27a4e5e26a,1291edf2d566a71a,4f140403000158b5,Julio Arce,Herbert Burns,1,0.724137349651363,0.667756876681271,0.57331481689547,0.764446236248819,0.710330108326981
2024-03-30,dba230fe33011201,99dc6d45cbdfa322,7dda2cf308f24a02,8e5d953bdb9ae5e7,Virna Jandiroba,Loopy Godinez,1,0.316030232785626,0.321307641561732,0.255601010828499,0.38607669453146,0.317371542511782
2024-03-30,dba230fe33011201,636b01ee49925e49,583ee11abddfc581,e00a3dee329a51f7,Nate Landwehr,Jamall Emmers,1,0.427124117994003,0.40091855929591,0.331841514022705,0.479966527351036,0.420396533974329
2024-03-30,dba230fe33011201,eb9f9f61507497a5,c68c68efaa5ca6ef,f748267c4ab6c127,Chidi Njokuani,Rhys McKee,1,0.50029837759285,0.446790774473665,0.344786409990361,0.551372011789204,0.486605605733267
2024-03-30,dba230fe33011201,91aa08e910fb4412,31f8081c7600da93,9abc648e76c4493a,Kyle Nelson,Bill Algeo,1,0.373907435932418,0.41238007783541,0.318392737668384,0.502547048304024,0.383588471845057
2024-03-30,dba230fe33011201,e30250daa73005a8,49d2a08964c5eb11,4e6738062d469256,Nursulton Ruziboev,Sedriques Dumas,1,0.563001899430915,0.588211560513879,0.515385821269144,0.661403802459448,0.569466766349606
2024-03-30,dba230fe33011201,77992b8727382373,12ebd7d157e91701,3a8176e15b9887c1,Bruno Silva,Chris Weidman,0,0.440245843743128,0.428511361177295,0.336674762902915,0.521252967951956,0.437246668624642
2024-03-30,dba230fe33011201,de12349f334c964e,6d4b63c767106d3a,b9437600497350f3,Vicente Luque,Joaquin Buckley,0,0.554591563550704,0.536757018533308,0.442263833079714,0.637143437333357,0.550055249863783
2024-03-30,dba230fe33011201,e6d4fdad2b3422d1,34ff304266360297,669970f7feba8ecd,Manon Fiorot,Erin Blanchfield,1,0.26391658944799,0.295579725595056,0.236425933212677,0.354988785685015,0.271780923482369
2024-04-06,899eaba48fa864a6,1685eecc7ef37fb5,bd532e9a2b93870c,f2b3f4ef3f780168,Melissa Mullins,Nora Cornolle,0,0.545235206272025,0.523840650503749,0.456176913306604,0.593561749025935,0.539792287834338
2024-04-06,899eaba48fa864a6,3cf5e0ebb5f8322c,64d47ef881a437a4,a817e238b2747404,Cesar Almeida,Dylan Budka,1,0.328361198951325,0.33747632444184,0.312070007275533,0.361338371110237,0.330673634828566
2024-04-06,899eaba48fa864a6,1f7566c90343a680,e4ba58725825412d,ffd3224638c01b57,Dan Argueta,Jean Matsumoto,0,0.546628411564754,0.567260930867845,0.473112225529327,0.659200687240616,0.551907823699135
2024-04-06,899eaba48fa864a6,5c3b8819dbe98114,f264ba50b007f39e,f7be1db194e03d7e,Victor Hugo,Pedro Falcao,1,0.537879718893986,0.536536491879068,0.518711317217183,0.554191401953878,0.537537248261268
2024-04-06,899eaba48fa864a6,188e6416157e5a1f,1d239d571e342453,d3f5d33d61cd00c9,Germaine de Randamie,Norma Dumont,0,0.416766169210342,0.446753258405906,0.328066889806536,0.565632874170721,0.424363665243499
2024-04-06,899eaba48fa864a6,ff5a8078ea85bbc7,0c25d0a5e8cdbf19,f5779a2303ed76ec,Lukasz Brzeski,Valter Walker,1,0.407423370471227,0.45198156659201,0.393785807716637,0.506981576926187,0.418671915927324
2024-04-06,899eaba48fa864a6,0b9cd718d7e329e8,523fa774700d7d3f,cdb96af67d096b1e,Court McGee,Alex Morono,0,0.258717804145767,0.320190043219984,0.218574590019469,0.418619317834153,0.273644706398779
2024-04-06,899eaba48fa864a6,47f8812a335b6ce9,0bc697c5936a2d0a,b39f7a6c2be17ee8,Trevor Peek,Charlie Campbell,0,0.454578772180633,0.462574417381893,0.417111964258082,0.508119536078498,0.456615599004514
2024-04-06,899eaba48fa864a6,6ff21ea2c75c48ed,de45aaae23dfa392,e4a47b07044ddd72,Christos Giagos,Ignacio Bahamondes,0,0.210214457081032,0.255056242281522,0.189946848802928,0.322284211449128,0.221073377238068
2024-04-06,899eaba48fa864a6,32375b4435fea5e6,5b03b61f9d90125e,e0c6edcb5b5d0b90,Morgan Charriere,Chepe Mariscal,0,0.504763189652834,0.515733193312269,0.463320442170857,0.568819595549818,0.507561389744995
2024-04-06,899eaba48fa864a6,9c22ddb8d8fc1838,262a7d06203657e6,29af297d9f1de0f8,Alexander Hernandez,Damon Jackson,0,0.587662399729929,0.569433947384637,0.481862074444674,0.65293018761749,0.583034862293331
2024-04-06,899eaba48fa864a6,3ce96bb0c69b39be,2f181c0467965b98,5442f1bc4b47eaf3,Brendan Allen,Chris Curtis,1,0.766082843482581,0.74836847530662,0.672167183987458,0.82111944626942,0.761649278118593
2024-04-13,6750e338922a099d,3ab0d8b344d2ebea,aa72b0f831d0bfe5,d8c7c61b176e3994,Deiveson Figueiredo,Cody Garbrandt,1,0.640412085327489,0.697142798340674,0.587385583826216,0.797572992062624,0.65533639620328
2024-04-13,6750e338922a099d,efdad54c8550e6e0,887961364be5ceb3,d1941565abf50b16,King Green,Jim Miller,1,0.638298068907372,0.696295212375712,0.605204057267562,0.78386026226827,0.653560423761548
2024-04-13,6750e338922a099d,603afedc31d95999,6a1901c62ab3870f,cd2c4d30c6e13b47,Jessica Andrade,Marina Rodriguez,1,0.642642072853204,0.700307142593769,0.610274646967972,0.789142281816903,0.65782961636051
2024-04-13,6750e338922a099d,18824fa5c15c212f,4d8fa64202cee4c1,b6452706b373eea1,Jalin Turner,Renato Moicano,0,0.551073369026449,0.603293824830799,0.507261140970452,0.702620749547557,0.564545175778592
2024-04-13,6750e338922a099d,538ca98010ed00ec,94426bb170c88115,f166e93d04a8c274,Sodiq Yusuff,Diego Lopes,0,0.534694354998837,0.481187337572734,0.382373678129139,0.579698101048332,0.521076937935695
2024-04-13,6750e338922a099d,b1ac165326d8f29e,1af1170ed937cba7,634e2fb70bde3fd5,Kayla Harrison,Holly Holm,1,0.411494355253272,0.376399606312699,0.291624367946933,0.465985007003306,0.402443707922195
2024-04-13,6750e338922a099d,d95f21817a56eb05,751de04455cfaac0,cb696ebfb6598724,Calvin Kattar,Aljamain Sterling,0,0.261825677667397,0.268958316366407,0.156657060661162,0.394344376194827,0.263632852381071
2024-04-13,6750e338922a099d,eda1e8c285a0a788,009341ed974bad72,333b9e5c723ac873,Jiri Prochazka,Aleksandar Rakic,1,0.513905986992596,0.520002610553371,0.411075712107436,0.632028841508801,0.515461087718902
2024-04-13,6750e338922a099d,0c2e3988793b418c,35673bf5204524ee,f14f644d41ade29f,Bo Nickal,Cody Brundage,1,0.685583013993717,0.666115263024833,0.603495202931908,0.729129272967725,0.68067694140506
2024-04-13,6750e338922a099d,01f7c28804746979,07225ba28ae309b6,eae48ff31db420c2,Charles Oliveira,Arman Tsarukyan,0,0.429169727160145,0.476524328746754,0.364254931507433,0.585474188368371,0.441157357284766
2024-04-13,6750e338922a099d,cf5e8f98159c3971,150ff4cc642270b9,9e8f6c728eb01124,Max Holloway,Justin Gaethje,1,0.583913199345148,0.551770742223981,0.435563351635745,0.683250864696259,0.575773223290836
2024-04-13,6750e338922a099d,66eddbe35056c06d,1ebe20ebbfa15e29,c41d426cc7326d1b,Zhang Weili,Yan Xiaonan,1,0.701226016468067,0.653830906226663,0.567851198623431,0.740549799472226,0.689493306182128
2024-04-13,6750e338922a099d,e4931f3ab3bf4141,5444c5a201d3ee5a,e5549c82bfb5582d,Jamahal Hill,Alex Pereira,0,0.48484280110133,0.468566751528144,0.374593831310007,0.565832898970707,0.480687984590009
2024-04-27,a16ce18149021139,0976778a6e6cf8a8,436f970c9ea9169c,8c1ca54b5089d199,Gabriel Benitez,Maheshate,0,0.449736336641383,0.42851280003376,0.328668872406485,0.539148141205682,0.444303773064664
2024-04-27,a16ce18149021139,1631f70535ae5dcc,38c5817ade8a8014,ec0dcceace7d25a3,Ivana Petrovic,Liang Na,1,0.744915116147395,0.75158017056584,0.668309287956582,0.832222442044005,0.746625815023431
2024-04-27,a16ce18149021139,0a85b3ad328205ff,06626b6287e1ae1e,93b2b7caa457cbea,Chris Padilla,James Llontop,1,0.451720630905267,0.462730755611696,0.442901315657647,0.485050533888894,0.454524154163
2024-04-27,a16ce18149021139,4915c8a588513c22,8bd4200561c77a62,b6203e0492a9336c,Ketlen Souza,Marnic Mann,1,0.66586281550938,0.675761198547099,0.617811424985491,0.734716321634094,0.668401246524289
2024-04-27,a16ce18149021139,417049c7a3d65ccc,1a9480fc288e55d7,89839250eb25c9c1,Don'Tale Mayes,Caio Machado,1,0.332201358013618,0.299925978717738,0.237391352485148,0.361986480616487,0.323804218287105
2024-04-27,a16ce18149021139,681cd3cc6299d652,b4c57a8c2b773e82,d2cd7a69cc55e7ed,Michal Figlak,Austin Hubbard,0,0.50245061999939,0.493530022003787,0.409984739309324,0.579388872819034,0.50017579539534
2024-04-27,a16ce18149021139,55231cc4112334b4,94527830000ab715,eb8d8c2a95cfccb8,Rani Yahya,Victor Henry,0,0.373385848962442,0.360608730337536,0.240079759273597,0.485308427981891,0.370110050268849
2024-04-27,a16ce18149021139,6ea77cb62aa2f276,4b47e71384a9522f,681399317dbf4701,Tim Means,Uros Medic,0,0.418941157763165,0.447921691791834,0.374364160384464,0.522497919339622,0.426286409982229
2024-04-27,a16ce18149021139,7ca5604d99220e88,87c0b1c696ddfb43,ffe9703408fb5964,Jonathan Pearce,David Onama,0,0.653559673451139,0.639846835789856,0.573317057433875,0.704862214862047,0.650085992127655
2024-04-27,a16ce18149021139,dae70ccdf9e7475e,25f9a5f3e8a52618,be9bdec19b7e9ffe,Jhonata Diniz,Austen Lane,1,0.571337266194166,0.501512052198596,0.436514779999077,0.570369897991322,0.553689178303371
2024-04-27,a16ce18149021139,45de6d0b9cf5451c,6551c64fbcd1a467,9d62c2d8ee151f08,Ariane da Silva,Karine Silva,0,0.376940747350412,0.391039860090766,0.320396812163744,0.460715817338785,0.380517325129095
2024-04-27,a16ce18149021139,f41e83de703acf85,a67f5afa8d6a1b80,ef5dcb10d2bd4b0f,Ryan Spann,Bogdan Guskov,0,0.662538266506809,0.681673627797415,0.621981133177414,0.744338259057974,0.667471757945551
2024-04-27,a16ce18149021139,a0cae57eae875820,1a31ef98efce7a79,ab2b4ff41d6ebe0f,Matheus Nicolau,Alex Perez,0,0.496516243993349,0.433323391161479,0.338310703236351,0.533681120211986,0.480310374950767
2024-05-04,981ab7a0576f76a0,fe0f1b418e6d3ecb,34b96d52db1d26e6,3fa97913cfd205d3,Kevin Borjas,Alessandro Costa,0,0.478561038794397,0.493792728964303,0.420188554281937,0.567965008952653,0.482442452109842
2024-05-04,981ab7a0576f76a0,89db7aca37b87711,c77a953488e5607d,eb393afdbe3293d5,Vinc Pichel,Ismael Bonfim,0,0.323738008345209,0.333567970055289,0.244398945387474,0.426236058377577,0.326230336326397
2024-05-04,981ab7a0576f76a0,4661e9ca9354021e,27b388f0aab49780,e4faa79383c9f214,Dione Barbosa,Ernesta Kareckaite,1,0.37987271985481,0.391096453757929,0.370995075548061,0.409996469301128,0.382723112543566
2024-05-04,981ab7a0576f76a0,b9de363e6b406853,9c393e836a852f30,af9f42e6894047fc,Mauricio Ruffy,Jamie Mullarkey,1,0.437398210420097,0.444609851599571,0.387047455297791,0.503943623908565,0.439234787060413
2024-05-04,981ab7a0576f76a0,2faf5b8d708f8e94,7cbf7c78d3b34218,ae7fe94f117f98cf,Drakkar Klose,Joaquim Silva,1,0.758149888180821,0.753722404396514,0.674625345571752,0.820762712170104,0.757026050743676
2024-05-04,981ab7a0576f76a0,8a121f9c48f3773c,48a9a128784d53d1,bf2c8e01b07d3eb1,Elves Brener,Myktybek Orolbai,0,0.446247489328652,0.391341039547997,0.306031031994053,0.472164893933415,0.432064781725046
2024-05-04,981ab7a0576f76a0,c84a29f426f1aab7,abcf2cc6efc42031,d7c3816669784109,Iasmin Lucindo,Karolina Kowalkiewicz,1,0.702544185080431,0.720734755816565,0.646546959135073,0.793892255975369,0.70724737344117
2024-05-04,981ab7a0576f76a0,c456b1950208e0b2,791c8437b341fba5,b8a85389d115e35a,Joanderson Brito,Jack Shore,1,0.421346272033824,0.42592613443217,0.342444850762527,0.504945691237215,0.42251288212415
2024-05-04,981ab7a0576f76a0,2db0998b24c11ea0,4126a78111c0855a,eabf206b162b3b83,Caio Borralho,Paul Craig,1,0.715974274113668,0.652404021335286,0.541051652555166,0.758092870929012,0.700434079771798
2024-05-04,981ab7a0576f76a0,3e74caa9fff4a5eb,260bd4cef10b033f,595db60957de51d3,Ihor Potieria,Michel Pereira,0,0.247988007161797,0.2836392805743,0.188761071088672,0.382755125705198,0.256787196229398
2024-05-04,981ab7a0576f76a0,a8718a3419a11e15,71171fc96445bf65,d4c9dcd330403612,Vitor Petrino,Anthony Smith,0,0.676994161956715,0.631452169557094,0.537881554594123,0.73120197531492,0.665655313229242
2024-05-04,981ab7a0576f76a0,b3d88eaea611a4a8,d0f3959b4a9747e6,f2477cf43c4975cc,Jose Aldo,Jonathan Martinez,1,0.360209973254018,0.38281778625382,0.289698638866604,0.483188587098618,0.365920834207359
2024-05-04,981ab7a0576f76a0,3f419fce8ba8aa0e,32ab52e5de93092d,a0f0004aadf10b71,Steve Erceg,Alexandre Pantoja,0,0.459642474650625,0.503037106290408,0.405419494234676,0.587007669037723,0.470676228958564
2024-05-11,5dfe71ade71f3a4b,ccf3b6eda4c2a564,4798e823ada58fe9,6fd953151d981979,Veronica Hardy,JJ Aldrich,1,0.390403313421345,0.412487362238113,0.323468935494828,0.513077930401356,0.395996074765085
2024-05-11,5dfe71ade71f3a4b,4b45f190122a1ce1,60a42bf82447c919,814e5233e2acf2ee,Jake Hadley,Charles Johnson,0,0.492534644680997,0.474744564148926,0.410706824237158,0.539772455636739,0.487994594026903
2024-05-11,5dfe71ade71f3a4b,ec5d705232983b87,31dbfbe4e7a6727c,fa07345cc9db5cc9,Trey Waters,Billy Ray Goff,1,0.516576202250792,0.538076216250038,0.487768007866261,0.591507968816392,0.522067709067734
2024-05-11,5dfe71ade71f3a4b,13d8d5cd83e5b57e,31ef8b67e13495b3,d25240135aee03e5,Tecia Pennington,Tabatha Ricci,0,0.37777904695641,0.382050245405832,0.308323681486894,0.455605101169212,0.378866428818206
2024-05-11,5dfe71ade71f3a4b,8d9bcbb48888a5a3,323d4ca260dfa0ba,809bd1a871491508,Esteban Ribovics,Terrance McKinney,1,0.48531104473565,0.538392467142416,0.453608987202546,0.611979306562859,0.498862936438808
2024-05-11,5dfe71ade71f3a4b,420a5e3b4010ebef,19c591115a58982c,971246648e162f0d,Viacheslav Borshchev,Chase Hooper,0,0.44811234722437,0.479125372417986,0.36952176716409,0.592985179601342,0.455992054429113
2024-05-11,5dfe71ade71f3a4b,e98eb6de29c62c9c,140567899d98978a,fc08099550072fe4,Robelis Despaigne,Waldo Cortes-Acosta,0,0.468180838170232,0.476247383345338,0.418041253243588,0.533612092735857,0.470236391632071
2024-05-11,5dfe71ade71f3a4b,8aa07b6cc40f0cb2,4682bc59d5f55145,7aa3d6964eff4877,Sean Woodson,Alex Caceres,1,0.515905485231694,0.424890736859351,0.3358702426523,0.516637923543252,0.492555281300971
2024-05-11,5dfe71ade71f3a4b,6c67aa7063717a0c,849c5d9979df5357,f53d4f21d1b5f2dc,Mateusz Rebecki,Diego Ferreira,0,0.666039092769526,0.613461917607021,0.527424423362839,0.693727622697506,0.652959410076693
2024-05-11,5dfe71ade71f3a4b,a049c12f43914449,9014c02eff8b3d62,a495f599e787614f,Carlos Ulberg,Alonzo Menifield,1,0.549790855904839,0.562347011321759,0.48500161124415,0.635979591466806,0.552999350449471
2024-05-11,5dfe71ade71f3a4b,b78a222fb448aed4,49d2a08964c5eb11,b9437600497350f3,Nursulton Ruziboev,Joaquin Buckley,0,0.437483545689825,0.429867975783325,0.332449655756084,0.53036700888972,0.435538631315302
2024-05-11,5dfe71ade71f3a4b,6f0f84075fa1a4b0,d31a5546c0e9b213,d3df1add9d9a7efb,Rodrigo Nascimento,Derrick Lewis,0,0.603505091200657,0.526164106453348,0.430802910703646,0.630790155831965,0.584112783630986
2024-05-18,46baf0f57edfa4df,069df63733dcf697,02f8fedc18cbd26c,2c483cf443f38ece,Emily Ducote,Vanessa Demopoulos,0,0.652100724330808,0.663411210671122,0.612174957765161,0.717499626455366,0.655001847321725
2024-05-18,46baf0f57edfa4df,63605e9f3e71d738,102a8fdf8cbf7467,1897b7b913736a7c,Kleydson Rodrigues,Alatengheili,0,0.476476807663241,0.525681714606079,0.445499115918206,0.609005108030501,0.489018616917575
2024-05-18,46baf0f57edfa4df,28c6de749d0d0e9d,c0d5c0c95c59050b,e375cb5caf4717b6,Ariane Carnelossi,Piera Rodriguez,1,0.362022762888396,0.39298758535593,0.310563033097867,0.474807941650969,0.369822026124132
2024-05-18,46baf0f57edfa4df,fc2bdd67c1a056a4,36b8f265bcd1b7a4,d317a5e2b3f88c5f,Abus Magomedov,Warlley Alves,1,0.583680682735392,0.596742349127729,0.496141005597953,0.700296114496845,0.587023357260831
2024-05-18,46baf0f57edfa4df,3aea9c60d25fc93b,4f3064faf17aa711,a4a80dd7336ffd59,Tamires Vidal,Melissa Gatto,0,0.498589344023668,0.539942326489961,0.468281528794324,0.609465033414817,0.509155052872866
2024-05-18,46baf0f57edfa4df,68ee31dd0853cdc9,3e8118c1ab52f211,46e2011d92463b7e,Tuco Tokkos,Oumar Sy,0,0.376337559164297,0.380289678326247,0.3503780902905,0.408778817846231,0.377343808357014
2024-05-18,46baf0f57edfa4df,b5df5a0a0bda9256,3e708ce33b6b18e6,6c3b2525436cf5d4,Victor Martinez,Tom Nolan,0,0.348651524621863,0.369286675191642,0.32132257693418,0.419906891188929,0.353863386094635
2024-05-18,46baf0f57edfa4df,2a43df4cc047a28b,a3a542074109b347,f0feeb2192937424,Luana Pinheiro,Angela Hill,0,0.514333310153591,0.423532510205328,0.333390046849841,0.508062935731971,0.491028857768504
2024-05-18,46baf0f57edfa4df,5dcade01fc840da6,0232cabbc30a2372,65cdf4ec31143d86,Adrian Yanez,Vinicius Salvador,1,0.549772691640618,0.493459480125471,0.405044481408118,0.588233346368129,0.535476263135158
2024-05-18,46baf0f57edfa4df,20220ace492af368,3d074044a33825e7,40f3cb27fc7305a1,Ramiz Brahimaj,Themba Gorimbo,0,0.41777898359232,0.459619629395356,0.357432851962431,0.550867041715993,0.428360925641572
2024-05-18,46baf0f57edfa4df,85ddb65429a9d517,2558ae2e5671e318,a53d30163304aa6e,Khaos Williams,Carlston Harris,1,0.523645648083992,0.504582749803822,0.430499938736276,0.579171007899883,0.518788951961242
2024-05-18,46baf0f57edfa4df,17aa636aa98678d3,396fe87b84ac2e1c,64a50dad704d1d49,Lerone Murphy,Edson Barboza,1,0.67434129658099,0.64311441829922,0.539143723853805,0.734298599041102,0.666511025912414
2024-06-01,6e4acc2c115215b5,f1d3eec12662d8d7,0be6776db31d98ec,b1f21ce050035d58,Mitch Raposo,Andre Lima,0,0.346137343167378,0.344166054991736,0.287491655337654,0.401154100890427,0.345634160512191
2024-06-01,6e4acc2c115215b5,2554b31a07f34e1a,06e4245d16fc5315,f9ab66e67240db7b,Ailin Perez,Joselyne Edwards,1,0.53969564108499,0.540060381040558,0.473104583311487,0.611836253428857,0.53978865360846
2024-06-01,6e4acc2c115215b5,7d9bb6fda0ea1ee0,9e50097a89442158,f4d92416da98804b,Mickey Gall,Bassil Hafez,0,0.402005062501334,0.333531296663251,0.239436426069842,0.426903307100274,0.384053595163621
2024-06-01,6e4acc2c115215b5,b7575b0ec9f81741,8e382b585a92affe,a845f0735bc67405,Phil Rowe,Jake Matthews,0,0.408067942027105,0.353295327785805,0.241720958554127,0.46719065867865,0.393821203259451
2024-06-01,6e4acc2c115215b5,cf306c4714530f31,99bd51917728c25d,af65aa688d13eedf,Grant Dawson,Joe Solecki,1,0.67151504209969,0.637278831081459,0.555218568656512,0.723144718701989,0.662939205113196
2024-06-01,6e4acc2c115215b5,c0af8cf5befb2dcf,41e83a89929d1327,c0badf3243907e59,Jailton Almeida,Alexandr Romanov,1,0.732608156138774,0.688682073560456,0.612913997118821,0.766216829483455,0.721787107286996
2024-06-01,6e4acc2c115215b5,ee24be90a01f552e,64d47ef881a437a4,9d83f6da776ff7d6,Cesar Almeida,Roman Kopylov,0,0.425795192615895,0.426708199355535,0.368496034281695,0.490673669619372,0.426027960985262
2024-06-01,6e4acc2c115215b5,fd2d814a8a23798f,8adcbd525fab8d9b,c6aee362c7a7d482,Elizeu Zaleski dos Santos,Randy Brown,0,0.407998874981968,0.421324138365996,0.345053565773734,0.501156820694394,0.41138480487315
2024-06-01,6e4acc2c115215b5,b5d5b8e06ccb70a3,cdb96af67d096b1e,d8da10db80131bec,Alex Morono,Niko Price,0,0.708471341888411,0.650109854690009,0.556276398378425,0.73885030952358,0.694133785535107
2024-06-01,6e4acc2c115215b5,605c16fa5a803b15,0d65c432720accb9,3a46b268013afede,Michal Oleksiejczuk,Kevin Holland,0,0.406966518976178,0.382246251130731,0.299421669541742,0.465469835503347,0.400612509381111
2024-06-01,6e4acc2c115215b5,9e7538a788e6d789,0d8011111be000b2,2e5c2aa8e4ab9d82,Sean Strickland,Paulo Costa,1,0.702978357873563,0.678500089288531,0.596040832632278,0.751826918649747,0.696838827898245
2024-06-01,6e4acc2c115215b5,1a0031e2072f21b6,029eaff01e6bb8f0,275aca31f61ba28c,Dustin Poirier,Islam Makhachev,0,0.212622865836819,0.215151994268796,0.135062152688792,0.309457271916043,0.213265724218739
2024-06-08,cba3a2dfbc06ce79,b20640f9b2634de1,02bb48869eb7ac8f,19f8a2f6eecd92ac,Rayanne dos Santos,Puja Tomar,0,0.716530654853892,0.744928979340359,0.701525033158077,0.791004086708955,0.723951247130192
2024-06-08,cba3a2dfbc06ce79,753735b48b1c20b9,8b1ed83b02303075,bf7ad5628363eec9,Taylor Lapilus,Cody Stamann,1,0.572673012564706,0.551895448851642,0.443304011909932,0.652630717964921,0.567396056466931
2024-06-08,cba3a2dfbc06ce79,790a8cd528233e50,cffb87059e645bd1,de594b35c45c2e9a,Denise Gomes,Eduarda Moura,1,0.404702569126055,0.419868730169281,0.354306309050883,0.48259489067685,0.40855390052924
2024-06-08,cba3a2dfbc06ce79,e976815e397c40e1,5fa2974cbd18e05c,850266b3dc4e506e,John Castaneda,Daniel Marcos,0,0.485601647440641,0.528736329940146,0.454271305881362,0.595801438394017,0.496606135252394
2024-06-08,cba3a2dfbc06ce79,a91fdb21a7ff52e5,05fa626cb33d15b8,80d8aed0ca9b00f3,Andrea Lee,Montana De La Rosa,0,0.531126407366336,0.552814895714768,0.470902707534443,0.636604793088532,0.536671445038599
2024-06-08,cba3a2dfbc06ce79,4c0adccb34c1d995,7b433309b0fd12aa,a75a48bfe776b2c2,Brad Katona,Jesse Butler,1,0.464680921440437,0.400429184212858,0.305510177349991,0.495376745114188,0.448096659406093
2024-06-08,cba3a2dfbc06ce79,8afe89f5c451b372,7ee0fd831c0fe7c3,feedf3053472fe56,Carlos Prates,Charles Radtke,1,0.449771031623128,0.476366747328295,0.42699423146102,0.526181208394864,0.45653179034326
2024-06-08,cba3a2dfbc06ce79,251983e1bdae20fe,5b86d491d63890c5,d945aae53e3e54e6,Ludovit Klein,Thiago Moises,1,0.577921069363955,0.584046588024308,0.504938863322267,0.665288088841867,0.579485430449668
2024-06-08,cba3a2dfbc06ce79,393f9bc7b51791a6,64facb6cc564262d,82d4c957649faf9b,Punahele Soriano,Miguel Baeza,1,0.43510873865826,0.375140703009476,0.270728210031538,0.503313227479954,0.419559953336726
2024-06-08,cba3a2dfbc06ce79,3b12094dd48c2dc5,23dec7c47cb418f8,d0e1b42d41dab603,Zachary Reese,Julian Marquez,1,0.67626028977063,0.676474087952486,0.557479820650909,0.788277385894709,0.676314815174485
2024-06-08,cba3a2dfbc06ce79,dcc0c53100fa1dd2,1e719d4b676dc19a,71505842fb6455c3,Brunno Ferreira,Dustin Stoltzfus,1,0.65843456785857,0.648263274148066,0.577118243700275,0.717012563221028,0.655854259980432
2024-06-08,cba3a2dfbc06ce79,b34abcfe4c2e8a57,cd3d7e37ff2d679c,fe2babf95de24fb1,Ricky Turcios,Raul Rosas Jr.,0,0.305226598975669,0.30950226521614,0.230015429150366,0.395429703447596,0.306313744970415
2024-06-08,cba3a2dfbc06ce79,2d12ae4683bbf433,2e19380f34871c6a,e4277e87a789d687,Dominick Reyes,Dustin Jacoby,1,0.383673352909359,0.416724600312883,0.315864096722373,0.528749106635532,0.392012890675508
2024-06-08,cba3a2dfbc06ce79,052f53e006b28132,13a0275fa13c4d26,881bf86d4cba8578,Jared Cannonier,Nassourdine Imavov,0,0.409123997641694,0.459803917691333,0.380157135464412,0.545964934575412,0.421908965533723
2024-06-15,9c5828c6fd9dc948,06713afc60301c0c,971dba22c622af12,abb68e3c7ca128f2,Josefine Knutsson,Julia Polastri,1,0.651099283357208,0.632617913512224,0.578278270901824,0.683150614211243,0.646426953477842
2024-06-15,9c5828c6fd9dc948,94f5b35b2b6c72b1,0a73acff6325c1e2,20bccc9bb4ceb23e,Shayilan Nuerdanbieke,Melquizael Costa,0,0.358141946878509,0.305859814509166,0.228897739819433,0.388354185844659,0.344422935149704
2024-06-15,9c5828c6fd9dc948,e47523ac32bfa24c,57186c150c645200,7b3503352cd53abb,Jeka Saragih,Westin Wilson,0,0.632609010811759,0.595588966934599,0.518683926620742,0.669905309974455,0.623297396886473
2024-06-15,9c5828c6fd9dc948,19ef5890b20f903a,a6eb54ae17a551be,f1ab6f37492c630a,Gabriella Fernandes,Carli Judice,1,0.345989055955462,0.399305840175691,0.339224657942343,0.464243326874235,0.359281126950048
2024-06-15,9c5828c6fd9dc948,6f31285305881fe3,09e62c450e754913,6e9f40c706f91f32,Jimmy Flick,Nate Maness,0,0.367193141339992,0.417947789927326,0.325913457464985,0.509859566276766,0.379906848527726
2024-06-15,9c5828c6fd9dc948,ab7bc93bdf4132c4,876f478f796495f7,a01a62132460a98d,Josh Quinlan,Adam Fugitt,0,0.463510623314951,0.418006187815381,0.351803642201345,0.486520210491867,0.451818073835091
2024-06-15,9c5828c6fd9dc948,3b1438e9ec64990e,84f727cf0166d6f2,8d3273573b85be09,Jose Johnson,Asu Almabayev,0,0.429507242640409,0.436174137325994,0.356740533694246,0.518619724092592,0.431204968623382
2024-06-15,9c5828c6fd9dc948,fea3a0643218e16b,1effd880e1f1bb30,7af33fc4435017f1,Garrett Armfield,Brady Hiestand,0,0.528560824361018,0.524462943671671,0.450381452768034,0.59877051940611,0.527516210777616
2024-06-15,9c5828c6fd9dc948,78a7bf038e56881d,0e46690e55a8df75,710f0f8c5d5c9d41,Timmy Cuamba,Lucas Almeida,0,0.770745931482191,0.770133069194514,0.707210242265458,0.818477264590066,0.77058976107893
2024-06-15,9c5828c6fd9dc948,6bdb93f9b4581bf6,3a314d9fa7c6825d,46e0d677f91bacc0,Douglas Silva de Andrade,Miles Johns,0,0.285090076324428,0.361673105529388,0.273458349094549,0.456120569573551,0.303690540272428
2024-06-15,9c5828c6fd9dc948,7f14be4e45bca6bd,4461d7e47375a895,ab2b4ff41d6ebe0f,Tatsuro Taira,Alex Perez,1,0.681349665871676,0.629548553689819,0.535934517545009,0.720239313153028,0.668499810309364
2024-06-22,b12a1d19ee383b7c,c0d6feef69ccb330,117a06469813e4ef,86bace9e4ad85542,ChangHo Lee,Xiao Long,1,0.438099548587842,0.443342036596722,0.43371458243497,0.453019871514328,0.439435115350455
2024-06-22,b12a1d19ee383b7c,0ac2da3dbaf2fce2,49edd0d90f60fb7d,6e344b71421103da,Brendson Ribeiro,Magomed Gadzhiyasulov,0,0.51880695487314,0.551179419454406,0.502150962612385,0.59892618331514,0.527087847028243
2024-06-22,b12a1d19ee383b7c,8db5cf5df713a7e9,a54660deb6a8489c,a7897d200692ab64,Muin Gafurov,Kyung Ho Kang,1,0.449244275755486,0.513966482126741,0.425346427486302,0.612989655841846,0.465672721048523
2024-06-22,b12a1d19ee383b7c,de1acb6803ab3f14,8f765fd5775a8873,9d19d9e4aa2662e8,Rinat Fakhretdinov,Nicolas Dalby,1,0.699694374253719,0.726947397686787,0.650767599147366,0.799394255809011,0.706790361539619
2024-06-22,b12a1d19ee383b7c,8bd5f20f49434c65,8d11d9c13e2ccdf7,9256f591b30c073e,Muhammad Naimov,Felipe Lima,0,0.65602521070389,0.642617822318394,0.584634563142972,0.698742022693879,0.652628865276311
2024-06-22,b12a1d19ee383b7c,774fb0c0c1c2bc6a,7026eca45f65377b,b7b84ccd221be298,Jared Gordon,Nasrat Haqparast,0,0.417026148020658,0.415687348383566,0.330413771694552,0.500988546864421,0.416684637858145
2024-06-22,b12a1d19ee383b7c,9d5f562e0572058c,0845c81e37d3bcb3,c21f26bbde777573,Volkan Oezdemir,Johnny Walker,1,0.463396601195362,0.475687786361703,0.372407894344038,0.582489897710889,0.466527221168164
2024-06-22,b12a1d19ee383b7c,fbbf5391ea25521b,06734ca9d88dec3a,6d48a2df51749d91,Shara Magomedov,Antonio Trocoli,1,0.567341879964826,0.582717250792612,0.507024840723865,0.652919772660984,0.57127616193299
2024-06-22,b12a1d19ee383b7c,8ddd53a7ed3754d5,8a1f3b5c526cd6e6,8c0580d4fff106c1,Daniel Rodriguez,Kelvin Gastelum,0,0.445556397904546,0.410047599702698,0.310684821056224,0.513551423437894,0.436433666881921
2024-06-22,b12a1d19ee383b7c,cd3bb8a2824fbf22,279566840aa55bf2,f14cf73e51b29254,Alexander Volkov,Sergei Pavlovich,1,0.511449081661351,0.497708334230469,0.387874949247633,0.608419641044637,0.507946017426692
2024-06-22,b12a1d19ee383b7c,eba46dbf9cdd83c0,b07aed698fba8624,e1147d3d2dabe1ce,Ikram Aliskerov,Robert Whittaker,0,0.323138276401015,0.354604297034297,0.279136898381468,0.436662583432882,0.331025011339145
2024-06-29,f3743d8ef5dde970,bbe3d8a37a276511,18d01f7f8338ae72,5987b2458f4b5290,Vinicius Oliveira,Ricky Simon,1,0.324655401919924,0.311685595265018,0.239546811585638,0.386030641267427,0.321321427289185
2024-06-29,f3743d8ef5dde970,7856621db043423d,2f43a3e82661fa99,798e48f9e7f6ba22,Rei Tsuruya,Carlos Hernandez,1,0.614218115269645,0.58908007810032,0.541867717517579,0.636179620821156,0.607859816421626
2024-06-29,f3743d8ef5dde970,3bbc222130d9dac7,3738e68d2261e60f,8eb046f83e82bf26,Andrei Arlovski,Martin Buday,0,0.255489081570958,0.336555809746929,0.240865843079915,0.424775570006169,0.274905025742424
2024-06-29,f3743d8ef5dde970,2517029ff9c1a1a2,38c7f72747f4f712,eb04b9d31e938edb,Gillian Robertson,Michelle Waterson-Gomez,1,0.841382896514595,0.80769237620357,0.716323458605,0.882629102591045,0.833275186437745
2024-06-29,f3743d8ef5dde970,5f8a92f10e5451ce,6e743a33d56bdaa4,eb70e786bbdf1d16,Payton Talbott,Yanis Ghemmouri,1,0.775456783134208,0.708779790218896,0.650413640213037,0.763729993310013,0.75953921899816
2024-06-29,f3743d8ef5dde970,2b7883b304b3df1c,52ef95b5860fb28c,f1d64ae34e088832,Jean Silva,Charles Jourdain,1,0.47987420381877,0.4804198084114,0.40843680139463,0.558632160359282,0.480013328153568
2024-06-29,f3743d8ef5dde970,08489fdfb56ee19c,8fd808923cffff82,d247691a6c0e9034,Andre Fili,Cub Swanson,1,0.504136898542808,0.579754940119802,0.479937875389575,0.674978878550028,0.523577192440471
2024-06-29,f3743d8ef5dde970,daa6b47be304ec86,8e9eb3fc86db0f7d,c1085e1701b13eca,Marc-Andre Barriault,Joe Pyfer,0,0.335335075069884,0.398474131279157,0.326090757039274,0.467769597278185,0.3509855643687
2024-06-29,f3743d8ef5dde970,fbf77262d8da342b,442c9011034ae1fd,a67d071163962af8,Ian Machado Garry,Michael Page,1,0.769028253406276,0.70632889893049,0.63175961984264,0.774421290800291,0.753970818460695
2024-06-29,f3743d8ef5dde970,a571c622ab89b3d9,9cdd2da1a9104a0b,cc8c623cca88f54f,Macy Chiasson,Mayra Bueno Silva,1,0.465018832365316,0.412800268440246,0.298137767617286,0.534453925955865,0.451583031995642
2024-06-29,f3743d8ef5dde970,bf878c083a6b30ad,327d5f279895110d,d4c9dcd330403612,Roman Dolidze,Anthony Smith,1,0.43994861592316,0.474850048629163,0.349499443692883,0.604983787548603,0.448806077320288
2024-06-29,f3743d8ef5dde970,fc8ad0c7fc70dde7,82a5152216251682,f166e93d04a8c274,Dan Ige,Diego Lopes,0,0.524181872014678,0.501604660061115,0.399143682583088,0.610821613544126,0.518430410034536
2024-06-29,f3743d8ef5dde970,bca5d01f8775f852,009341ed974bad72,e5549c82bfb5582d,Jiri Prochazka,Alex Pereira,0,0.393811230320371,0.406273209154899,0.320328392190306,0.497915394433543,0.396976623574003
2024-07-13,66e0a70352fef46a,25747d81ae5c6564,65db4065e2bc107d,d9a56ecb6e94f02e,Darrius Flowers,Evan Elder,0,0.465690116469908,0.495692781751007,0.419428606251523,0.568350452641078,0.473325866389453
2024-07-13,66e0a70352fef46a,d8e8d41282fc90dc,5f61780fe5e9b6d0,ca43de99b07b6b40,Andre Petroski,Josh Fremd,1,0.641202545039081,0.577133593420049,0.50797102889104,0.642352959041274,0.625239399875994
2024-07-13,66e0a70352fef46a,e06bfd0100eccbad,5078e1dacf9d25f4,a08ddd04eaffd81d,Luana Santos,Mariya Agapova,1,0.723721962538239,0.711148591725739,0.634690720631327,0.776214050407463,0.720548061363188
2024-07-13,66e0a70352fef46a,5eebde8fb4d67259,cc1a8b4b38b92c6d,da22387a0407a2dc,Montel Jackson,Da'Mon Blackshear,1,0.686519043106232,0.670174699695033,0.552988206739002,0.772515733371095,0.682392959680951
2024-07-13,66e0a70352fef46a,582afc25875911d1,745fa7b605f8e2da,a9e260472d321361,Fatima Kline,Jasmine Jasudavicius,0,0.434222143630164,0.458589531181801,0.385209405751008,0.525128217931122,0.440410449780043
2024-07-13,66e0a70352fef46a,80108a70c4afa6c2,17e97649403ba428,814e5233e2acf2ee,Joshua Van,Charles Johnson,0,0.583705779206268,0.532107752533528,0.459728837305929,0.606823012434446,0.57067574988339
2024-07-13,66e0a70352fef46a,a63bb85cc39389c7,5ec591b78349ba7e,902ec2cc48c8ae8a,Christian Rodriguez,Julian Erosa,0,0.801958244780268,0.816540852582281,0.748550163275132,0.876251464270139,0.805757851249444
2024-07-13,66e0a70352fef46a,dad759ec50508147,01641ba5df0c69b0,1497e735d9f2560a,Gabriel Bonfim,Ange Loosa,1,0.60904246311943,0.615437200586428,0.544939350176198,0.685565045960584,0.610676775044848
2024-07-13,66e0a70352fef46a,54de03e04f571735,519e4fe37ce9ff75,52ef95b5860fb28c,Drew Dober,Jean Silva,0,0.320427667336059,0.39200543889114,0.293820884564401,0.499407474991059,0.338046132380122
2024-07-13,66e0a70352fef46a,dff8e4ef87d69516,447f9858ae78f921,6d1bffff14897645,Muslim Salikhov,Santiago Ponzinibbio,1,0.437016996158071,0.44040777772606,0.38550007386858,0.49860669891484,0.437881097402151
2024-07-13,66e0a70352fef46a,1394ce1832ddefe0,47b63240018d5d86,68d4a891e5cf2029,Rose Namajunas,Tracy Cortez,1,0.620128021279381,0.680212924793493,0.596825150206699,0.759854338425352,0.635892296436497
2024-07-20,c11036da9162cb5f,836e9bc5c1f6acd3,764d39074a352e33,da7f113b5ea39c43,Thomas Petersen,Mohammed Usman,1,0.54181599502482,0.611866287800641,0.55215339256424,0.667448020441403,0.559952684036363
2024-07-20,c11036da9162cb5f,c3ef9edf73626521,3cf66c62d9069f43,528b071cf3da7c56,Lucie Pudilova,Luana Carolina,0,0.407203967080327,0.419818539065997,0.317135262537376,0.516860954538723,0.410409772442843
2024-07-20,c11036da9162cb5f,b3f1253d0a991791,8c169fbe1ac33637,cfc3e7bb44685289,Loik Radzhabov,Trey Ogden,0,0.38999940235206,0.375268340452234,0.29267126858197,0.463003748993136,0.386222689279179
2024-07-20,c11036da9162cb5f,e655774643881e6c,27b388f0aab49780,f29a6350c69f4a33,Dione Barbosa,Miranda Maverick,0,0.337361770068939,0.34575167598882,0.28417576125319,0.412430809520487,0.339491737556748
2024-07-20,c11036da9162cb5f,40c18c6d64463809,700a674c042b7a96,7be14eaed4c74856,Cody Gibson,Brian Kelleher,1,0.585299628073522,0.630891755924783,0.508721670909892,0.739254929669256,0.597099488618134
2024-07-20,c11036da9162cb5f,6e6567a98ea78891,41cc71cbf210e0fe,d008d785f6347dc2,Hyder Amil,JeongYeong Lee,1,0.424293564881991,0.431879722223384,0.361243937919982,0.505126659789685,0.426224792433655
2024-07-20,c11036da9162cb5f,ec8bc554a0646638,9abc648e76c4493a,e93b04e308913c2e,Bill Algeo,Dooho Choi,0,0.591432109627554,0.611504089330141,0.495606764307751,0.733007555524765,0.596582384811717
2024-07-20,c11036da9162cb5f,94541dd979e0b4bd,294aa73dbf37d281,7f6ed67d3ed3c036,Bruno Silva,Cody Durden,1,0.500331144799276,0.511086209998771,0.417384170540376,0.611148464761081,0.50307410465544
2024-07-20,c11036da9162cb5f,9eaa33f874bbb999,a7151778b3381036,ca36633b80be4a78,Kurt Holobaugh,Kaynan Kruschewsky,1,0.395050690640799,0.371980376550809,0.274852699244013,0.470352862584093,0.389118646885087
2024-07-20,c11036da9162cb5f,120ec60ad18cf6c5,97cf1a2c7c5e7889,a68575214ecad140,Steve Garcia,SeungWoo Choi,1,0.702413533561735,0.65142256874075,0.560414398691711,0.739239032792627,0.689818346828936
2024-07-20,c11036da9162cb5f,4a00db8aeff200a2,3df5493bb279226f,7dda2cf308f24a02,Amanda Lemos,Virna Jandiroba,0,0.418667463553206,0.43990060085169,0.354504357116291,0.527552741191429,0.424056587788586
2024-07-27,026b4f7049085842,dff2ef8fdde8c502,87f8699fdcc2c404,9c442aaf149ea982,Alice Ardelean,Shauna Bannon,0,0.52094554984141,0.516636493254889,0.464093314601538,0.571132092418968,0.519847013478686
2024-07-27,026b4f7049085842,a5558e8fec59a687,0c25d0a5e8cdbf19,0d5cc0170c1a7e71,Lukasz Brzeski,Mick Parkin,0,0.257095513790975,0.292236556274284,0.242134444313364,0.343744975558699,0.265789001651693
2024-07-27,026b4f7049085842,3183dfe66fcdd25f,4729c93ba705a3bf,8b6e5dc2ba1edbe7,Kiefer Crosbie,Sam Patterson,0,0.340516923966339,0.384599435220336,0.324924764552127,0.443609195565144,0.351533147557437
2024-07-27,026b4f7049085842,026bb9fd1b3f239d,476fe566d2df676e,6370c1c1e12723d5,Modestas Bukauskas,Marcin Prachnio,1,0.529931244160481,0.540767329110416,0.47725596031375,0.603540691384854,0.532697531040656
2024-07-27,026b4f7049085842,16b0a16ab2e20fdb,6b56e94a59b7b134,9fe7af8b3fbe00a0,Oban Elliott,Preston Parsons,1,0.50548412674557,0.477865886316629,0.38823732285814,0.55938560835976,0.498437969717097
2024-07-27,026b4f7049085842,d6e240c47ba6034d,5d1b7e3dd9e11074,75353550928a7921,Manel Kape,Muhammad Mokaev,0,0.240135317906795,0.279240112289406,0.205108586041883,0.355799963308532,0.249741122784495
2024-07-27,026b4f7049085842,9d8c32c60df0e287,42ac4020cba261ad,60a42bf82447c919,Caolan Loughran,Jake Hadley,0,0.522327665220019,0.543401700649305,0.467087696569964,0.622747765745528,0.527712096745035
2024-07-27,026b4f7049085842,678eda89a096dde8,51018a31ddf31eb2,7138a15258dabf20,Molly McCann,Bruna Brasil,0,0.524707714311299,0.432702335776704,0.337737257924292,0.528612608391771,0.501156631509565
2024-07-27,026b4f7049085842,45e6a9b56ee3a9d1,329e403448756217,361d49960a196976,Nathaniel Wood,Daniel Pineda,1,0.759749931090797,0.753006799599362,0.666727606056055,0.837036387102146,0.758042463288744
2024-07-27,026b4f7049085842,8a2e28da18ba6a25,040a74bb0a465c54,9560ff14eb3129f7,Arnold Allen,Giga Chikadze,1,0.558620461638112,0.558620832690756,0.485506389152755,0.63068693955281,0.558620556256319
2024-07-27,026b4f7049085842,f02fed4e98048471,a93f94c923c3a9cb,d1c65d2cf2925ddd,Christian Leroy Duncan,Gregory Rodrigues,0,0.505983277994664,0.500273824848012,0.442909373903218,0.556518731781571,0.504527459929462
2024-07-27,026b4f7049085842,3e2bde19e752f64b,7826923b47f8d72a,887961364be5ceb3,Paddy Pimblett,King Green,1,0.520415245039316,0.519116496480594,0.421952121815229,0.61638346163195,0.520084090448615
2024-07-27,026b4f7049085842,ec434314c5438fc7,399afbabc02376b5,fa6796c55d6c5440,Tom Aspinall,Curtis Blaydes,1,0.54676598715326,0.530518024223452,0.406390308820073,0.643084990087236,0.542630831314422
2024-07-27,026b4f7049085842,ec5163539a133f17,b1b0729d27936f2f,f1fac969a1d70b08,Belal Muhammad,Leon Edwards,1,0.37235676951753,0.357900722510349,0.278542870463249,0.444808595258554,0.36864755344301
2024-08-03,fe435e440b5de0ff,e6851877e33d343f,0112352cb32f5026,4e6738062d469256,Denis Tiuliulin,Sedriques Dumas,0,0.239575964135006,0.293181651272583,0.235573995945431,0.353125909443689,0.252584647435385
2024-08-03,fe435e440b5de0ff,d038ff5ac21094f3,40a456a25d52ee65,4c88a1db5a46c6a4,Rolando Bedoya,Jai Herbert,0,0.724600260503169,0.737734574477558,0.650075367957046,0.816737184254665,0.727987973057013
2024-08-03,fe435e440b5de0ff,f80143e1f3c3d319,6c9b66b43663f2f7,e94085e821bd81de,Viktoriia Dudakova,Sam Hughes,0,0.593709517641475,0.567425289192727,0.496913920979023,0.631369445481485,0.58705160167286
2024-08-03,fe435e440b5de0ff,77df662671ce11c5,6d38e41efa47a72d,7772b283d288dbe2,Jordan Vucenic,Guram Kutateladze,0,0.509949644841435,0.503576195791722,0.444223259271735,0.5626698548671,0.508324644033255
2024-08-03,fe435e440b5de0ff,637f792270a0c746,1a9480fc288e55d7,6747ccd6d1acd266,Don'Tale Mayes,Shamil Gaziev,0,0.520332839272054,0.506553366346085,0.444575818636787,0.579547701255068,0.516821185581201
2024-08-03,fe435e440b5de0ff,1cd63899011c4bf6,3753714927f18437,ec13c393d029297d,Mohammad Yahya,Kaue Fernandes,0,0.410129002303938,0.408725475152781,0.372676560210206,0.444052140446397,0.409770963710207
2024-08-03,fe435e440b5de0ff,fbbb703581440496,a495f599e787614f,e90a2f22417af68e,Alonzo Menifield,Azamat Murzakanov,0,0.456968907067056,0.415568589719439,0.351694346545258,0.478637308832442,0.446331678743504
2024-08-03,fe435e440b5de0ff,de767dd5216bcad9,48a9a128784d53d1,58bbef3770bb2dfc,Elves Brener,Joel Alvarez,0,0.558559586666917,0.520907555741863,0.433071200108477,0.602994061405009,0.549004763707125
2024-08-03,fe435e440b5de0ff,d0d74672150ddea3,7447e9f28508106a,8e5d953bdb9ae5e7,Mackenzie Dern,Loopy Godinez,1,0.293039139927294,0.35212071549394,0.270866993516575,0.436808381425855,0.307553932497787
2024-08-03,fe435e440b5de0ff,2d39c26876246223,22a92d7f62195791,c58f51dedb310998,Tony Ferguson,Michael Chiesa,0,0.310473017389623,0.244822340435244,0.149633862861145,0.358257527115804,0.292829961322211
2024-08-03,fe435e440b5de0ff,bb85e207eba236bc,7c7332319c14094c,aa72b0f831d0bfe5,Marlon Vera,Deiveson Figueiredo,0,0.458470465701533,0.479760544072689,0.378007089948163,0.579777569688901,0.463888143563656
2024-08-03,fe435e440b5de0ff,b38450d9aa0f52b8,06734ca9d88dec3a,0d65c432720accb9,Shara Magomedov,Michal Oleksiejczuk,1,0.508472881601491,0.528923694380176,0.445100730501249,0.614641556022246,0.513693249440035
2024-08-03,fe435e440b5de0ff,33655fd07cfbe034,2b6fc1c02736833d,65f09bacd3957381,Umar Nurmagomedov,Cory Sandhagen,1,0.59953719679803,0.579014517437368,0.503820910300541,0.660665353035016,0.594333968904313
2024-08-10,2c733e059462c1dc,1b5d5af1bc0a34c7,1b35af4d1529adf6,d35298b6df168456,Stephanie Luciano,Talita Alencar,1,0.633207751383803,0.627831973202048,0.57746561785893,0.682165257161717,0.631840015952401
2024-08-10,2c733e059462c1dc,cd9851b8eadb53a9,082eba4cd80f736f,52c2ae6d2f2d2613,Jarno Errens,Youssef Zalal,0,0.384282036474163,0.465638815299646,0.370705711132704,0.565168701554493,0.404606854370429
2024-08-10,2c733e059462c1dc,6bcaa0de4003cc41,25f9a5f3e8a52618,d35f734c56a89103,Jhonata Diniz,Karl Williams,1,0.37468127699959,0.399179773862395,0.347476349971463,0.451543063832323,0.380873142660871
2024-08-10,2c733e059462c1dc,a7ac1dfcdc083694,351c4ec637380ad5,91dac5e69e28d5b5,Karol Rosa,Pannie Kianzad,1,0.644220490586753,0.598918793816829,0.530070912580453,0.670338633573383,0.632875849878591
2024-08-10,2c733e059462c1dc,1332c1037c955d82,148bb103cfbf123e,68b8ebdfce9dbb61,Toshiomi Kazama,Charalampos Grigoriou,1,0.422325120245207,0.448607637616517,0.358307640451235,0.542135804985124,0.428991569692901
2024-08-10,2c733e059462c1dc,e0b14afd93af5638,3143bf892608139a,af9efbfd63d39734,Yana Santos,Chelsea Chandler,1,0.403197351668242,0.46330730613774,0.372108506482504,0.552941234841442,0.418324921981974
2024-08-10,2c733e059462c1dc,6aa89b7b5350b8e2,32feae6d9a1e5047,45f0cc9d18f35137,Quang Le,Chris Gutierrez,0,0.242265324862074,0.265019464558414,0.20991398630636,0.32032842051373,0.247939165984236
2024-08-10,2c733e059462c1dc,7b4284bd3033a319,0f1efce7d2571d10,b7c5eb7cdbac6a63,Nikolay Veretennikov,Danny Barlow,0,0.264953583037788,0.274293296742053,0.237446911480027,0.312893264447604,0.26731578602174
2024-08-10,2c733e059462c1dc,e72a2130e7387637,29af297d9f1de0f8,e0c6edcb5b5d0b90,Damon Jackson,Chepe Mariscal,0,0.332168871868057,0.358037743718962,0.290322123990756,0.433426233853747,0.338677290203326
2024-08-10,2c733e059462c1dc,84973bbdffaf0d0e,c9cf753cfdf77fc2,e2f6b2769aaedd6c,Marcin Tybura,Serghei Spivac,0,0.441652501751239,0.420432607816726,0.325305888243833,0.514231950304981,0.436217960523989
2024-08-17,32ba186f4b0e3267,075a102456080ab2,2bd98ab77a8daa75,c051c2e12d692b8a,Stewart Nicoll,Jesus Aguilar,0,0.438346094643115,0.472298785817751,0.419831730192863,0.521049517571839,0.446962108492972
2024-08-17,32ba186f4b0e3267,ea824ac4b8ed8a35,32490e80ddab1e5a,814ff3018127e8fc,Song Kenan,Ricky Glenn,1,0.497617058280089,0.522821393354542,0.401849285939058,0.643337213390004,0.504048092871778
2024-08-17,32ba186f4b0e3267,ce75f5ecbc0d3dfd,6c3b2525436cf5d4,dc07493a87dc0a6e,Tom Nolan,Alex Reyes,1,0.753870326664215,0.71071204003229,0.653974057657513,0.768252789994749,0.743288260796221
2024-08-17,32ba186f4b0e3267,bfff6cf22c1c569c,4f140403000158b5,a9da3158dd2c2b5a,Herbert Burns,Jack Jenkins,0,0.264933963568974,0.299979689505564,0.217510042592847,0.383183712741491,0.273617989324452
2024-08-17,32ba186f4b0e3267,b9d5c77ae7a8109b,04835018f90b118c,5078e1dacf9d25f4,Casey O'Neill,Luana Santos,1,0.377566331969224,0.410466897096014,0.33880669444949,0.477718501899425,0.385862489022429
2024-08-17,32ba186f4b0e3267,43ebfc8914a39061,1ae8f3c723aacff4,6751eacd16bd59bc,Ricardo Ramos,Josh Culibao,1,0.416112842584327,0.396558450392262,0.312612165008715,0.481722186974396,0.411098715055635
2024-08-17,32ba186f4b0e3267,ea4ff1d77928b029,c15fa95b9a12fde4,f5779a2303ed76ec,Junior Tafa,Valter Walker,0,0.446225317658527,0.43961092624965,0.360073193194807,0.524073625406816,0.4445367466833
2024-08-17,32ba186f4b0e3267,3c319d4659e6c8fd,7ee0fd831c0fe7c3,e64b96c07d7ce999,Carlos Prates,Li Jingliang,1,0.569815557855098,0.558446929053852,0.477969405129525,0.641411764373913,0.566923058604071
2024-08-17,32ba186f4b0e3267,dd3d8f7066c145b7,2cd428e9606856fd,c62fbc117d57b943,Jairzinho Rozenstruik,Tai Tuivasa,1,0.687901826825745,0.62444686035339,0.518006760285774,0.721845222637189,0.672266415337373
2024-08-17,32ba186f4b0e3267,059f5cf0e9e37627,193b9d1858bc4df3,72db2a14ffa73ece,Dan Hooker,Mateusz Gamrot,1,0.289636563119402,0.270186627026326,0.193504493718132,0.354378515714564,0.284598621182592
2024-08-17,32ba186f4b0e3267,bf8c5effd23f69c4,32ab52e5de93092d,853eb0dd5c0e2149,Steve Erceg,Kai Kara-France,0,0.634222182226028,0.628979109666802,0.558404657626119,0.696875683785212,0.632888163822117
2024-08-17,32ba186f4b0e3267,6c44af21414e4143,0d7b51c9d2649a6e,1338e2c7480bdf9e,Dricus Du Plessis,Israel Adesanya,1,0.602162310588541,0.580485570899517,0.501099875830721,0.667433848084059,0.596669111975425
2024-08-24,be8ad887e4d674b0,d4127baf74b0e791,2997e7fe3c9d3d4a,9dedfdd91070ddd8,Wang Cong,Victoria Leonardo,1,0.670118217535897,0.654770869502932,0.572433905047207,0.730402122632183,0.666237359626033
2024-08-24,be8ad887e4d674b0,903d588b30a471e8,68d35296f566792b,e3964ece586e0635,Josiane Nunes,Jacqueline Cavalcanti,0,0.279652993667483,0.278409074287076,0.216205386706278,0.339637661527747,0.279335472168512
2024-08-24,be8ad887e4d674b0,ba8eda6993922ba0,19c591115a58982c,93b2b7caa457cbea,Viacheslav Borshchev,James Llontop,1,0.406049391005482,0.398745627449871,0.329543532242815,0.470146810263763,0.404182845412691
2024-08-24,be8ad887e4d674b0,d2caa1ddb9de7481,23dec7c47cb418f8,baa9be02c3e3e038,Zachary Reese,Jose Daniel Medina,1,0.587261582445712,0.574190463225952,0.519927233980188,0.6270919946818,0.583939352566977
2024-08-24,be8ad887e4d674b0,560f1e26c2a6690a,5d495dec23d7c68e,c4d039123e62f6a9,Francis Marshall,Dennis Buzukja,1,0.46444388891522,0.425399814923852,0.363779515518512,0.487367767205178,0.454426650957713
2024-08-24,be8ad887e4d674b0,2cbd53e43d3f606b,4144798612ef96e5,6ac9bc2953c47345,Edmen Shahbazyan,Gerald Meerschaert,0,0.552835830631174,0.510171846810585,0.41815971277249,0.603712401128234,0.542005161484189
2024-08-24,be8ad887e4d674b0,ae50a1a655b1a8f6,84b3e7d38f2d2ec5,c32aeb1a59e6272d,Neil Magny,Michael Morales,0,0.271104769526304,0.257526356371541,0.187724664477959,0.331486823773144,0.267599903169296
2024-08-24,be8ad887e4d674b0,bad06a5380d762b8,480779d7f9a424d3,7facc9c45d792985,Mairon Santos,Kaan Ofli,1,0.634023130514977,0.625818805444622,0.597518756143517,0.653081834022077,0.631938191025179
2024-08-24,be8ad887e4d674b0,5c5523a6bf83e44f,0cd0456d6029cec2,d5bab53a1a603aac,Robert Valentin,Ryan Loder,0,0.563261225933847,0.559645437256352,0.55058655684291,0.568904524084899,0.56233982478514
2024-08-24,be8ad887e4d674b0,70afe9e0d2422252,d25240135aee03e5,f0feeb2192937424,Tabatha Ricci,Angela Hill,1,0.702189938684766,0.632416296256774,0.542731119495864,0.709976845749068,0.685116174782665
2024-08-24,be8ad887e4d674b0,15805ae1eea3343e,13a0275fa13c4d26,4126a78111c0855a,Jared Cannonier,Caio Borralho,0,0.342515488000624,0.380036560076289,0.301159616637826,0.46739171768696,0.351919365168004
2024-09-07,ee0b69e307c857e5,0c418b9cdfd525c9,641ca2c2ed91b93c,a2d342ffc83913ed,Zygimantas Ramaska,Nathan Fletcher,0,0.494203847077791,0.489426187558068,0.469828862249376,0.508237640921714,0.492985411527242
2024-09-07,ee0b69e307c857e5,f734b497add754af,5f61780fe5e9b6d0,a817e238b2747404,Andre Petroski,Dylan Budka,1,0.636554654856492,0.54748173226166,0.474671786318677,0.614497749535638,0.614461869628763
2024-09-07,ee0b69e307c857e5,f1613b372748c8bb,2c483cf443f38ece,bc7d1ad49fcb2d08,Vanessa Demopoulos,Jaqueline Amorim,0,0.18434280851873,0.165394368991498,0.105518245618182,0.236169172073038,0.179356771862632
2024-09-07,ee0b69e307c857e5,6e9876d2be2bbd02,3f11fd1751fa83b1,f2f140ce7532e327,Yizha,Gabriel Santos,0,0.609345937567583,0.636404962495505,0.584325338752437,0.686728470496119,0.616317644712345
2024-09-07,ee0b69e307c857e5,69bde5bae0d6ec4f,5cdf5339728f580d,b1f21ce050035d58,Felipe dos Santos,Andre Lima,0,0.419461542140831,0.443442188841426,0.392529536168176,0.492484659548689,0.42554520911681
2024-09-07,ee0b69e307c857e5,abfd5ac6cf186d8a,a57cb948c4c70a47,d7fe8c6b7d2872e5,Isaac Dulgarian,Brendon Marotte,1,0.732274711138643,0.712749561195397,0.644502608938232,0.771913547691976,0.727376523525117
2024-09-07,ee0b69e307c857e5,b80c6eba11c54778,06626b6287e1ae1e,a13d755965a4ec9f,Chris Padilla,Rongzhu,1,0.645135433779366,0.671165303764189,0.606293166810099,0.733501538933418,0.65186263396847
2024-09-07,ee0b69e307c857e5,75fa9c0bb31caaa3,0bc697c5936a2d0a,c739c2995a275314,Trevor Peek,Yanal Ashmouz,0,0.528113835695365,0.524860690241843,0.46881641426346,0.58037409040329,0.527284501303504
2024-09-07,ee0b69e307c857e5,fe59646ebad8b6e4,67c1d46f4ed16f9e,7f6ed67d3ed3c036,Matt Schnell,Cody Durden,0,0.349867393499084,0.445052023193042,0.34843287031351,0.54451733425285,0.373345063788448
2024-09-07,ee0b69e307c857e5,453e6f2665c85fd7,31f8081c7600da93,97cf1a2c7c5e7889,Kyle Nelson,Steve Garcia,0,0.406345387292671,0.429525651478185,0.309530541726645,0.546344684398435,0.412221138031836
2024-09-07,ee0b69e307c857e5,bcfaf1dd78f12f97,262d32ebda89efc4,6a1901c62ab3870f,Natalia Silva,Jessica Andrade,1,0.566691653248662,0.533572784151054,0.441485482639041,0.629481616913177,0.558290843249565
2024-09-07,ee0b69e307c857e5,ee9ade72b44dfa06,23024fdfc966410a,45f7cb591c3ab00b,Gilbert Burns,Sean Brady,0,0.339159845606407,0.397590802463446,0.305138939284029,0.501686558035366,0.353680209823855
2024-09-14,0c01568b1ac77bff,3cdc6fea724be133,7d420039bbfe7c1a,fe2babf95de24fb1,Aoriqileng,Raul Rosas Jr.,0,0.244126625419051,0.285851147295095,0.212775130961746,0.357500805030915,0.254363766744799
2024-09-14,0c01568b1ac77bff,dae8ad2e03aa4a9a,17e97649403ba428,5ef94841c4bc3f86,Joshua Van,Edgar Chairez,1,0.667058669587927,0.549103900947241,0.463995300065248,0.641058758083502,0.638291737519985
2024-09-14,0c01568b1ac77bff,c60a317c7767abb7,40cb680ae1cd331f,8bd4200561c77a62,Yazmin Jauregui,Ketlen Souza,0,0.523729085983159,0.459817987260891,0.390627035151492,0.528037504065194,0.507422394771636
2024-09-14,0c01568b1ac77bff,3733d100f7bd5590,2e7878927067fdca,e4a47b07044ddd72,Manuel Torres,Ignacio Bahamondes,0,0.49274535006345,0.51924928313515,0.43543358172925,0.59878720477332,0.499505885112682
2024-09-14,0c01568b1ac77bff,2397e2a92710705a,578ef12674df1e6a,d3f5d33d61cd00c9,Irene Aldana,Norma Dumont,0,0.36489641536842,0.362486797502255,0.274347645685826,0.44801948947358,0.364281315344287
2024-09-14,0c01568b1ac77bff,78b506e5092a27fd,6d68c1afe954f121,f2900678e98f6d6a,Ode Osbourne,Ronaldo Rodriguez,0,0.267559836278811,0.281716133498002,0.194010314373803,0.37494142604505,0.27112649465089
2024-09-14,0c01568b1ac77bff,27d98a8ee6608e27,323d4ca260dfa0ba,4148802ae4a50768,Esteban Ribovics,Daniel Zellhuber,1,0.42287205475221,0.439240962864393,0.367833007705926,0.508324102923084,0.42703153684971
2024-09-14,0c01568b1ac77bff,2335e75ce63805b6,def8166ff24bd237,f166e93d04a8c274,Brian Ortega,Diego Lopes,0,0.383005786404562,0.345462065317252,0.262972972847464,0.431056124701694,0.373277926452525
2024-09-14,0c01568b1ac77bff,6f83cfae0c800ef8,132deb59abae64b1,e8b731feff72294b,Valentina Shevchenko,Alexa Grasso,1,0.521910363137978,0.484895232917822,0.391869717309497,0.575602293462332,0.512478223616136
2024-09-14,0c01568b1ac77bff,3146e5a47a922976,b50a426a33da0012,c03520b5c88ed6b4,Sean O'Malley,Merab Dvalishvili,0,0.589928018835724,0.534724942718163,0.434842476380231,0.641762627231622,0.576008549779556
2024-09-28,079488710f012779,eedc7fccf7037949,4bdedbdeedff7d1d,fd406a32a6fb3a29,Bolaji Oki,Chris Duncan,0,0.52156123183064,0.499514671292203,0.449773029616576,0.548705872838537,0.51594393253496
2024-09-28,079488710f012779,a187670c5ee1ec5f,e3964ece586e0635,f2b3f4ef3f780168,Jacqueline Cavalcanti,Nora Cornolle,1,0.704084977178947,0.65806659398006,0.574860805462583,0.734738272257213,0.692691376179752
2024-09-28,079488710f012779,47d978a984a163aa,dc7927cd622676a7,e8fe9c15d348e778,Victor Altamirano,Daniel Barez,0,0.669564978866493,0.676155570906696,0.616185069134686,0.733094135182614,0.671252041587757
2024-09-28,079488710f012779,7ba432e218edc17d,06e4245d16fc5315,07047eb7d17fb0a2,Ailin Perez,Daria Zhelezniakova,1,0.449459300937403,0.458474035546678,0.393872357519492,0.534032471814239,0.451755140548907
2024-09-28,079488710f012779,d063d46208c560b1,37098a6e6c27fb66,8b1ed83b02303075,Vince Morales,Taylor Lapilus,0,0.249706627499164,0.32570270690659,0.246850712639352,0.407816760517071,0.267921748966495
2024-09-28,079488710f012779,e01019fbfe0e9528,37c5366d18ed6c05,5b86d491d63890c5,Roosevelt Roberts,Ludovit Klein,0,0.242404353967228,0.276220649458259,0.183999413961002,0.379076078726732,0.250753545962604
2024-09-28,079488710f012779,3599e9de4ae0e171,46e2011d92463b7e,74f9448b97bf8bec,Oumar Sy,Da Woon Jung,1,0.667412321304931,0.652721478691165,0.595574062163682,0.71108971202054,0.66369559010479
2024-09-28,079488710f012779,89b772f864acb637,64ad3e3b0efa30bb,cd13728ae1151f46,Ivan Erslan,Ion Cutelaba,0,0.431303191866563,0.380933577604319,0.295373066239206,0.468924469466917,0.418278551173736
2024-09-28,079488710f012779,d806aacf5b6ba7f6,1e4f273069fb9e85,dccb63727f2f5f74,Fares Ziam,Matt Frevola,1,0.64874750858024,0.573738640063428,0.414735124319177,0.741606744118553,0.630148081471532
2024-09-28,079488710f012779,f114929ed709606e,5b03b61f9d90125e,b909a9a9688b5284,Morgan Charriere,Gabriel Miranda,1,0.789701115723235,0.778143019404711,0.702834520441027,0.844491345379722,0.786796364936623
2024-09-28,079488710f012779,45f00a42a17f8e2a,dda15dbfafb792df,f626118b6da0e020,Kevin Jousset,Bryan Battle,0,0.459676928812883,0.461621707397413,0.381306567712757,0.538680174597663,0.460172731926894
2024-09-28,079488710f012779,19706d8ba0edf9cd,791c8437b341fba5,e1d40e8782d80bc2,Joanderson Brito,William Gomis,0,0.4952951180783,0.54167131100414,0.462058441219341,0.616590619971297,0.507145135606062
2024-09-28,079488710f012779,62ff1e5deb124ff5,2f181c0467965b98,881bf86d4cba8578,Brendan Allen,Nassourdine Imavov,0,0.588412796945588,0.595707309246573,0.503356658180026,0.682365520455346,0.590276723183905
2024-09-28,079488710f012779,7ca4c91bab696b89,b6452706b373eea1,c2299ec916bc7c56,Renato Moicano,Benoit Saint Denis,1,0.410920030251642,0.396986722293707,0.318821534553937,0.483867213984316,0.407352491338246
2024-10-05,eee8efec7b951d84,84b3577229880760,4b47e71384a9522f,523fa774700d7d3f,Tim Means,Court McGee,0,0.55098006113682,0.5547918438938,0.47090360431592,0.633975094528132,0.551952650582194
2024-10-05,eee8efec7b951d84,58e5fc1914c4e641,31ef8b67e13495b3,d910665038efc639,Tecia Pennington,Carla Esparza,1,0.511890626829787,0.51818568397231,0.425625953075949,0.611937403498725,0.513496300417125
2024-10-05,eee8efec7b951d84,58dec0a39cdefa3f,50db8711c70196cd,a67f5afa8d6a1b80,Ovince Saint Preux,Ryan Spann,0,0.416813589634242,0.413227882130203,0.306972338823408,0.51402218839367,0.415898384174078
2024-10-05,eee8efec7b951d84,ed5b6681ab4e83e5,260bd4cef10b033f,64d47ef881a437a4,Ihor Potieria,Cesar Almeida,0,0.545629672988518,0.548249630702994,0.467376343729003,0.63021131982532,0.546298006543196
2024-10-05,eee8efec7b951d84,e8aad69aace1d31f,262a7d06203657e6,d2cd7a69cc55e7ed,Alexander Hernandez,Austin Hubbard,1,0.61536641360258,0.645230251719689,0.558113106846016,0.730996545892839,0.623074981302588
2024-10-05,eee8efec7b951d84,eb73b63bbd7b88a7,abcf2cc6efc42031,cd2c4d30c6e13b47,Iasmin Lucindo,Marina Rodriguez,1,0.750741059659733,0.739466427932617,0.677645546551931,0.797407196996573,0.747897249730067
2024-10-05,eee8efec7b951d84,69bca5091b2a31f6,4a28cb716c19157a,b9437600497350f3,Stephen Thompson,Joaquin Buckley,0,0.230207579262789,0.219370713704561,0.143152794925361,0.303437099629697,0.227408957126444
2024-10-05,eee8efec7b951d84,9ea124a13d071186,1af1170ed937cba7,b9706f80d005036c,Kayla Harrison,Ketlen Vieira,1,0.639596776869064,0.681089010005198,0.609432193617666,0.751418121608496,0.65040770879789
2024-10-05,eee8efec7b951d84,5931cd9cf5da5f75,327d5f279895110d,3a46b268013afede,Roman Dolidze,Kevin Holland,1,0.350079308657935,0.340306445636641,0.256915797486836,0.426802365826002,0.347574857015434
2024-10-05,eee8efec7b951d84,3d7d82fff71e395a,bc711b6dd95c1af6,d0f3959b4a9747e6,Mario Bautista,Jose Aldo,1,0.59940481310846,0.596714833305628,0.498512716719506,0.700959182021638,0.598719431798834
2024-10-05,eee8efec7b951d84,1d68bb733de24b06,3253b16d38ae087d,fc169c387b4b465d,Julianna Pena,Raquel Pennington,1,0.351452302423708,0.453467032868386,0.346976620048416,0.575542704216405,0.376593019695318
2024-10-05,eee8efec7b951d84,8c5e06c71f392f33,749f572d1d3161fb,e5549c82bfb5582d,Khalil Rountree Jr.,Alex Pereira,0,0.207967946136732,0.202818853458362,0.130226698608593,0.277029385123616,0.206645837219091
2024-10-12,5bdcbd8dd681a257,de484433eef22e1d,b62d5280966b2460,e0d3d9b564f95635,Clayton Carpenter,Lucas Rocha,1,0.576476707701395,0.599409968086341,0.519515453073982,0.673850109281107,0.582360238462267
2024-10-12,5bdcbd8dd681a257,b23554da35a84fbc,8e6654e9f0461b8f,e4ba58725825412d,Cody Haddon,Dan Argueta,1,0.489551036571574,0.506157435865389,0.424651606488634,0.589708283363351,0.493784924387663
2024-10-12,5bdcbd8dd681a257,48dd2c9cb39bd2d4,3351aa64aa83c4d9,abb68e3c7ca128f2,Cory McKenna,Julia Polastri,0,0.496144859193657,0.487404244765275,0.41535020567512,0.563571759949089,0.493915571515237
2024-10-12,5bdcbd8dd681a257,85854504ce1aa97a,0f3a990526c5e706,c15fa95b9a12fde4,Sean Sharaf,Junior Tafa,0,0.57066683804883,0.561296752987317,0.494031148783185,0.629325724421732,0.568282002649695
2024-10-12,5bdcbd8dd681a257,57415110bd494c79,40f3cb27fc7305a1,d8da10db80131bec,Themba Gorimbo,Niko Price,1,0.653667538770837,0.64442772852077,0.557000901103798,0.731205080729802,0.651322049515397
2024-10-12,5bdcbd8dd681a257,69a5895fde58432c,87c0b1c696ddfb43,b8bbdeff718dbb7d,Jonathan Pearce,Pat Sabatini,0,0.633776156512861,0.662450558639869,0.599836082171989,0.733400423490574,0.64118834633496
2024-10-12,5bdcbd8dd681a257,f1cc9169813c4a3e,077e3ace32b72be9,7d0a1968b38ca439,CJ Vergara,Ramazan Temirov,0,0.515048537294041,0.514853263956665,0.461582790627845,0.563580527566364,0.514998743144551
2024-10-12,5bdcbd8dd681a257,f690949d90ff1dee,8a1f3b5c526cd6e6,cdb96af67d096b1e,Daniel Rodriguez,Alex Morono,1,0.475135538258086,0.485556478638719,0.410797646953153,0.570914030835481,0.477791177116741
2024-10-12,5bdcbd8dd681a257,98c29ba02cee5ba3,99bd51917728c25d,e132d47bd9efbbe0,Grant Dawson,Rafa Garcia,1,0.609239233601313,0.56052630569203,0.456295051328458,0.65699915907117,0.596982361072971
2024-10-12,5bdcbd8dd681a257,ee5c0b8a757992af,c68c68efaa5ca6ef,c730a0be691dc081,Chidi Njokuani,Jared Gooden,1,0.52927821350495,0.508145241880001,0.404357547449312,0.60998438503588,0.523896265021608
2024-10-12,5bdcbd8dd681a257,6fa2dae90bda4742,0c6d9ea8306c029e,285ae0b4a68221f4,Brad Tavares,JunYong Park,0,0.272208474433315,0.265232918259923,0.190781048293609,0.340841016123557,0.270418843827118
2024-10-12,5bdcbd8dd681a257,998bde5639c61adb,4461d7e47375a895,6e15f63b6c2e2c15,Tatsuro Taira,Brandon Royval,0,0.74054137104674,0.70756376986417,0.622233066185012,0.788452920236345,0.732365516189142
2024-10-19,6a0047ac8c99fece,32b8c6c4b735d712,140567899d98978a,be9bdec19b7e9ffe,Robelis Despaigne,Austen Lane,0,0.666091076490068,0.621452782207732,0.544106900319434,0.697671902902512,0.6549510722972
2024-10-19,6a0047ac8c99fece,4277b02a4dadac40,3f4c3bc822bea45d,87f8699fdcc2c404,Melissa Martinez,Alice Ardelean,1,0.510544327255905,0.5080558574118,0.448476512977951,0.569629678341288,0.509909813677078
2024-10-19,6a0047ac8c99fece,53f7f1b4834387a8,ac7c765882f2c68c,c742287ed86a09bc,Elise Reed,Jessica Penne,1,0.670933274987219,0.621046321000499,0.532733887607363,0.709226863722292,0.65852158492827
2024-10-19,6a0047ac8c99fece,fc73ecbd83b7f159,4f3064faf17aa711,f9ab66e67240db7b,Tamires Vidal,Joselyne Edwards,0,0.495507101118978,0.525987741893766,0.454143938876971,0.596584726112174,0.503285485867154
2024-10-19,6a0047ac8c99fece,308f6cb830019ea9,7b433309b0fd12aa,ffd3224638c01b57,Brad Katona,Jean Matsumoto,0,0.201173908062059,0.148537217297372,0.0890288085283679,0.215794140294304,0.186548399246095
2024-10-19,6a0047ac8c99fece,c61923255389e67c,1a31ef98efce7a79,8d3273573b85be09,Matheus Nicolau,Asu Almabayev,0,0.310707548298078,0.31737578229344,0.250153246457195,0.387993659086166,0.312400637051869
2024-10-19,6a0047ac8c99fece,0599f35e6679de02,361d49960a196976,92a9aa9c93192871,Daniel Pineda,Darren Elkins,0,0.444464104151141,0.495946764504397,0.391466141146427,0.595614478212121,0.457523344639353
2024-10-19,6a0047ac8c99fece,a2f46e94aa6b0c64,5c84f673b7bb7c15,60a42bf82447c919,Cameron Smotherman,Jake Hadley,1,0.356064369250708,0.381598414594033,0.315618127645835,0.448872615753422,0.362504755036562
2024-10-19,6a0047ac8c99fece,503d7342cc08109f,3cf18e01cb6cbde3,814e5233e2acf2ee,Sumudaerji,Charles Johnson,0,0.305594441131524,0.341402788463678,0.243275325943245,0.437660854016221,0.314526474910667
2024-10-19,6a0047ac8c99fece,f01b97e864cb4b8b,05339613bf8e9808,60425d07ef4b91a7,Rob Font,Kyler Phillips,1,0.268430155454951,0.323214766343878,0.244957899783038,0.408968781462099,0.281831866228815
2024-10-19,6a0047ac8c99fece,a2f2c64f9fb3fb1c,093e1f5bb73850be,595db60957de51d3,Anthony Hernandez,Michel Pereira,1,0.468259836969079,0.474325587218426,0.377305066411632,0.572446508688713,0.469805780516761
2024-10-26,221b2a3070c7ce3e,6114076c689e8457,28d421729451c8ca,8f765fd5775a8873,Carlos Leal,Rinat Fakhretdinov,0,0.215499431681669,0.229820539925745,0.172591306761949,0.289953763202735,0.219088819948565
2024-10-26,221b2a3070c7ce3e,bde635a4f345bc3e,12ebd7d157e91701,6a96ad1bc34fb113,Bruno Silva,Ismail Naurdiev,0,0.262003150735652,0.292115055709981,0.191982245815377,0.404688647492042,0.269488635173681
2024-10-26,221b2a3070c7ce3e,5c783cd188425783,a09ed60aa67a3f67,f264ba50b007f39e,Farid Basharat,Victor Hugo,1,0.719321851456288,0.723081805172951,0.669814170929809,0.775966458044489,0.72028358997176
2024-10-26,221b2a3070c7ce3e,df7928de73fc2fe8,7a5e8c94a86f9895,8667caa0451d245b,Chris Barnett,Kennedy Nzechukwu,0,0.180150400793226,0.180994355021756,0.120566723813969,0.245948432959216,0.180365316528694
2024-10-26,221b2a3070c7ce3e,af6eeea1cfe33240,1e719d4b676dc19a,36b8f265bcd1b7a4,Brunno Ferreira,Abus Magomedov,0,0.567405593314356,0.565393327591628,0.500237785003823,0.626698218970239,0.566892675241028
2024-10-26,221b2a3070c7ce3e,919e3c5cc6999cb3,849c5d9979df5357,bf2c8e01b07d3eb1,Mateusz Rebecki,Myktybek Orolbai,1,0.262597749490668,0.205849376366552,0.148741365514364,0.26339779604659,0.247218469386737
2024-10-26,221b2a3070c7ce3e,1d65c141776949d6,6a2f7c151031653d,b997be68943010fc,Rafael Dos Anjos,Geoff Neal,0,0.426309467752112,0.470508652315944,0.384621641140658,0.553213878738919,0.437497386571196
2024-10-26,221b2a3070c7ce3e,781a2ea50f5ae68f,09a4447655fd4b7b,6e8f1bcdda94ff45,Rafael Cerqueira,Ibo Aslan,0,0.30229682615869,0.326786928246969,0.28701866303244,0.370014507291764,0.308442990347743
2024-10-26,221b2a3070c7ce3e,108434acbbd75d26,06734ca9d88dec3a,369ea36e450ae62a,Shara Magomedov,Armen Petrosyan,1,0.625244588930204,0.609269214563022,0.539582301025281,0.67410632371783,0.621195184278804
2024-10-26,221b2a3070c7ce3e,cc11a0762f246fa4,396fe87b84ac2e1c,82a5152216251682,Lerone Murphy,Dan Ige,1,0.62899280829186,0.570693227456415,0.466141787353517,0.656649093478631,0.614407636260498
2024-10-26,221b2a3070c7ce3e,b09f54654b0f95f5,333b9e5c723ac873,d802174b0c0c1f4e,Aleksandar Rakic,Magomed Ankalaev,0,0.245218438113415,0.302806462322216,0.206191271433443,0.393181127091548,0.259177065758339
2024-10-26,221b2a3070c7ce3e,b8bf186f884678ea,767755fd74662dbf,e1147d3d2dabe1ce,Khamzat Chimaev,Robert Whittaker,1,0.623703548437206,0.687011936470129,0.582756812285729,0.785593522889982,0.640359394192978
2024-10-26,221b2a3070c7ce3e,ebf7cea27b83c432,150ff4cc642270b9,54f64b5e283b0ce7,Max Holloway,Ilia Topuria,0,0.442467794785507,0.426258618529711,0.320551337399554,0.52923666192871,0.438321386629647
2024-11-02,3ab0df1ddd5f1dc2,f0723cda67db3954,38c5817ade8a8014,5c637af9472ae7cc,Ivana Petrovic,Jamey-Lyn Horth,0,0.481138658189806,0.432585527637989,0.368697747040932,0.504804662519884,0.468686682876664
2024-11-02,3ab0df1ddd5f1dc2,c9cef59a5de32219,700a674c042b7a96,c7c39e2fb70248b3,Cody Gibson,Chad Anheliger,1,0.594238078373736,0.602243215248596,0.518514111016443,0.681336836628203,0.5962843293247
2024-11-02,3ab0df1ddd5f1dc2,f93b074dfd47b4b4,1a2bf44edb8055b6,1effd880e1f1bb30,Serhiy Sidey,Garrett Armfield,1,0.43442597572942,0.482141196811161,0.407216948355884,0.555924615769952,0.446513806336926
2024-11-02,3ab0df1ddd5f1dc2,de084f0d65421cfa,c0badf3243907e59,d31a5546c0e9b213,Alexandr Romanov,Rodrigo Nascimento,1,0.626202396789802,0.668549706357945,0.591629978883248,0.740041861326205,0.637217103576234
2024-11-02,3ab0df1ddd5f1dc2,5256ba94641a4284,52c2ae6d2f2d2613,b8a85389d115e35a,Youssef Zalal,Jack Shore,1,0.558496184453989,0.49110250785821,0.374389907407778,0.614656287143297,0.541415963180415
2024-11-02,3ab0df1ddd5f1dc2,24581e2b39fe3319,eb8d8c2a95cfccb8,f1d64ae34e088832,Victor Henry,Charles Jourdain,0,0.436001176391422,0.398440475859961,0.304642520346878,0.498110066564283,0.426335051547453
2024-11-02,3ab0df1ddd5f1dc2,b989d4d7e220b3c1,24656ef4d605c96f,6bd02119599741a4,Aiemann Zahabi,Pedro Munhoz,1,0.605335065935919,0.522367988330654,0.445004047409767,0.598775692957761,0.58455504199884
2024-11-02,3ab0df1ddd5f1dc2,d29a82322bb083d9,b27a1fcb56a3035a,dd6103dd7127db1d,Trevin Giles,Mike Malott,0,0.356246101213197,0.379892787852697,0.301546562768152,0.465647085316322,0.36221495507348
2024-11-02,3ab0df1ddd5f1dc2,6ad594777cce2d7d,71505842fb6455c3,8e9eb3fc86db0f7d,Dustin Stoltzfus,Marc-Andre Barriault,1,0.41893330749182,0.36905390126078,0.288442945875963,0.452004534042184,0.406011064984007
2024-11-02,3ab0df1ddd5f1dc2,eaa885cf7ae31e0b,6551c64fbcd1a467,a9e260472d321361,Ariane da Silva,Jasmine Jasudavicius,0,0.448431050378897,0.474570438911967,0.389381402547913,0.561785955235041,0.455075356382858
2024-11-02,3ab0df1ddd5f1dc2,7edf2fe3a8776a44,49edd0d90f60fb7d,89839250eb25c9c1,Brendson Ribeiro,Caio Machado,1,0.349193944737565,0.395331095064209,0.326056482340815,0.462909008404163,0.360731766086717
2024-11-02,3ab0df1ddd5f1dc2,18729b11614406bf,47b63240018d5d86,669970f7feba8ecd,Rose Namajunas,Erin Blanchfield,0,0.359395677486625,0.401328293936245,0.310821735907795,0.490243193649081,0.369914351815274
2024-11-02,3ab0df1ddd5f1dc2,799acf3ae8a5df0a,6d35bf94f7d30241,792be9a24df82ed6,Amir Albazi,Brandon Moreno,0,0.370759282408546,0.31977459614549,0.247209754431053,0.392773071969399,0.357426442137128
2024-11-09,585f9ffdb0cd0466,32f2965b4f4c4ebf,9f5e3c20ce40b344,bd532e9a2b93870c,Klaudia Sygula,Melissa Mullins,0,0.588805783104205,0.572881668914301,0.518864045289276,0.623908943451414,0.584761386937926
2024-11-09,585f9ffdb0cd0466,582846744e379178,147e70aa6cc48cfc,6d48a2df51749d91,Tresean Gore,Antonio Trocoli,1,0.625738313880827,0.610117374227986,0.541970848758856,0.672767970462044,0.621778364988018
2024-11-09,585f9ffdb0cd0466,6fd1edb58d271f7c,bf7ad5628363eec9,da22387a0407a2dc,Cody Stamann,Da'Mon Blackshear,0,0.438814744789036,0.446149970085177,0.357013010353469,0.527147284414907,0.440682815311722
2024-11-09,585f9ffdb0cd0466,6b9ed3867dd42b3b,4aa58269d0664b5b,feedf3053472fe56,Matthew Semelsberger,Charles Radtke,0,0.473674252351826,0.528621519745833,0.457947192997218,0.5997166738038,0.487678101811586
2024-11-09,585f9ffdb0cd0466,c9d2a718f39274c0,03dee485905dbc9f,8adcbd525fab8d9b,Zachary Scroggin,Elizeu Zaleski dos Santos,0,0.440198188660009,0.456542807502438,0.379298458674307,0.53136090087653,0.444355192200014
2024-11-09,585f9ffdb0cd0466,e62033cb1e79aa81,cffb87059e645bd1,d7c3816669784109,Denise Gomes,Karolina Kowalkiewicz,1,0.661255554385585,0.653042794497903,0.563621509446767,0.736206930556636,0.659170273497846
2024-11-09,585f9ffdb0cd0466,ea6427379a83bd01,841695e02c99a521,866fd7b1a6c90e7f,Mansur Abdul-Malik,Dusko Todorovic,1,0.627527698661742,0.649380661152532,0.567027994075686,0.72361655468235,0.633154048485367
2024-11-09,585f9ffdb0cd0466,c31d9cac7534d879,38c7f72747f4f712,a3a542074109b347,Gillian Robertson,Luana Pinheiro,1,0.750621405373382,0.712082026525993,0.616274843130832,0.797658545061755,0.741128904308864
2024-11-09,585f9ffdb0cd0466,e6685759ed2af90d,8173f134396cb971,96924b0019b3aff1,Cortavious Romious,Gaston Bolanos,0,0.549932492894013,0.52474614023229,0.483385311054384,0.566657017673757,0.543529084208642
2024-11-09,585f9ffdb0cd0466,154138c8fc89c315,6ac9bc2953c47345,d549cefc7c54ab78,Gerald Meerschaert,Reinier de Ridder,0,0.652288426279103,0.633091191637847,0.559662862834822,0.705641312069398,0.647437055596057
2024-11-09,585f9ffdb0cd0466,73f451d894a1d4ca,7ee0fd831c0fe7c3,84b3e7d38f2d2ec5,Carlos Prates,Neil Magny,1,0.626510530727975,0.63014265330168,0.545719964316713,0.716312906590128,0.627438094249417
2024-11-16,daff32bc96d1eabf,40e2a7b65794ac05,4798e823ada58fe9,de594b35c45c2e9a,Veronica Hardy,Eduarda Moura,0,0.383729690929169,0.371062541679199,0.278697487714164,0.457902242790584,0.380483784518047
2024-11-16,daff32bc96d1eabf,9676a4e9362e4bfd,6b56e94a59b7b134,f4d92416da98804b,Oban Elliott,Bassil Hafez,1,0.683080336962908,0.614627793452732,0.554531864833512,0.668166636878166,0.666226998954258
2024-11-16,daff32bc96d1eabf,00414fc5519233b4,3d074044a33825e7,9e50097a89442158,Ramiz Brahimaj,Mickey Gall,1,0.525059437088673,0.558058807985009,0.457684950656858,0.662753410833264,0.533506702844296
2024-11-16,daff32bc96d1eabf,6c1faa6284428e5d,25f9a5f3e8a52618,c9cf753cfdf77fc2,Jhonata Diniz,Marcin Tybura,0,0.595977691152478,0.604856506710641,0.539190625326795,0.674776719046026,0.598248011129397
2024-11-16,daff32bc96d1eabf,c565e2baa27cc7e5,15ea371202eb25e1,ffe9703408fb5964,Roberto Romero,David Onama,0,0.365967492078973,0.362865602476822,0.272584519039791,0.45389659481508,0.365175443766274
2024-11-16,daff32bc96d1eabf,35c8223cc967fe0a,29af297d9f1de0f8,d1941565abf50b16,Damon Jackson,Jim Miller,0,0.524391181758074,0.522610527747021,0.392483352661182,0.643205150196967,0.523937173155303
2024-11-16,daff32bc96d1eabf,2a930e2d7e1f87a9,c0ac37a4a1133da9,f2477cf43c4975cc,Marcus McGhee,Jonathan Martinez,1,0.421539246570364,0.402941597307391,0.331761577618786,0.469949665665354,0.416773436659516
2024-11-16,daff32bc96d1eabf,55eebc2ee92bf00a,93b2b7caa457cbea,9c393e836a852f30,James Llontop,Mauricio Ruffy,0,0.410015405448293,0.425893043826477,0.348088777506485,0.502864597298952,0.414047796431582
2024-11-16,daff32bc96d1eabf,8545a2495db16538,36541f1e6c5d4955,9d62c2d8ee151f08,Viviane Araujo,Karine Silva,1,0.330284229579482,0.400142548736321,0.310974686878466,0.48883740468606,0.34753713652701
2024-11-16,daff32bc96d1eabf,cfd3e62c638fbd1f,35673bf5204524ee,eabf206b162b3b83,Bo Nickal,Paul Craig,1,0.821666665828817,0.733527870823535,0.637860975278249,0.819263057883287,0.801601524682542
2024-11-16,daff32bc96d1eabf,4f4189009a190e35,07225ba28ae309b6,4b93a88f3b1de35b,Charles Oliveira,Michael Chandler,1,0.835097317642338,0.872030582121762,0.776098196323976,0.944948318118179,0.845258549912337
2024-11-16,daff32bc96d1eabf,b35e47f2f58ef026,07f72a2a7591b409,d28dee5c705991df,Jon Jones,Stipe Miocic,1,0.771669525783524,0.697137206387807,0.581511693814933,0.817829896729445,0.753956678990075
2024-11-23,e955046551f8c7dd,86a2f07e0bf20297,37f560436d745c18,8c1ca54b5089d199,Nikolas Motta,Maheshate,1,0.437834587310926,0.495647636566356,0.434332799914951,0.549724797803166,0.452479833128226
2024-11-23,e955046551f8c7dd,f5f28a8b472b8012,32feae6d9a1e5047,86bace9e4ad85542,Quang Le,Xiao Long,0,0.364304236853555,0.350813211879899,0.296727152845743,0.411680391581713,0.360842725393178
2024-11-23,e955046551f8c7dd,38f1c83c19e99fa2,88be62d6c1e6dadb,bb2c3c3a466224af,Jose Ochoa,Lone'er Kavanagh,0,0.522188754570698,0.514504956748057,0.498113841193172,0.530425072861577,0.520230243146741
2024-11-23,e955046551f8c7dd,5dab54e34c2cfe01,17cb6d8e8187f304,798e48f9e7f6ba22,Nyamjargal Tumendemberel,Carlos Hernandez,0,0.58653047595476,0.562112656970713,0.512977067332088,0.611527783046058,0.580339281362399
2024-11-23,e955046551f8c7dd,baee9b2491c986e2,c940b42df95bbd28,d683f4870742b273,Feng Xiaocan,Shi Ming,0,0.63603701725339,0.6189630245521,0.593162342564081,0.646531197065588,0.631713661446196
2024-11-23,e955046551f8c7dd,828de4f5585c908c,296a120cb880477b,3be16d817b36098b,Kiru Sahota,DongHun Choi,0,0.497578871361902,0.495569313353156,0.467935646359184,0.523974876066513,0.497066425268491
2024-11-23,e955046551f8c7dd,9c207acb12c17a67,8677e67a75d65b8e,a474aade8eb3a8f0,Baergeng Jieleyisi,SuYoung You,0,0.533433506202722,0.529242789639144,0.511765347986233,0.545785036387161,0.53236530042576
2024-11-23,e955046551f8c7dd,56d2c00dfd391fcf,6967153c7edb4d87,8a65fd9ba31fd3f7,Ozzy Diaz,Zhang Mingyang,0,0.312582288280845,0.320115388724164,0.27487448167916,0.36661631457312,0.314494048122764
2024-11-23,e955046551f8c7dd,02ec66f311dce539,0845c81e37d3bcb3,9014c02eff8b3d62,Volkan Oezdemir,Carlos Ulberg,0,0.43621833964149,0.455659781500284,0.369580747011313,0.551413462079514,0.441159728931706
2024-11-23,e955046551f8c7dd,64d6d51219e0664c,2997e7fe3c9d3d4a,a6eb54ae17a551be,Wang Cong,Gabriella Fernandes,0,0.649516263383702,0.626939448232095,0.560380200288837,0.690880276764029,0.643817834546297
2024-11-23,e955046551f8c7dd,bec57d7cce0e6257,32490e80ddab1e5a,447f9858ae78f921,Song Kenan,Muslim Salikhov,0,0.42288472084645,0.404231350654757,0.331368179677862,0.475360210027966,0.418104945053662
2024-11-23,e955046551f8c7dd,f0c4aff7dd1ec4e9,c41d426cc7326d1b,d25240135aee03e5,Yan Xiaonan,Tabatha Ricci,1,0.340892793736634,0.391936851599489,0.305707419285682,0.481624557225784,0.353615913545117
2024-11-23,e955046551f8c7dd,f53573316a4f349f,aa72b0f831d0bfe5,d661ce4da776fc20,Deiveson Figueiredo,Petr Yan,0,0.510556988614985,0.46958490731095,0.349113083507274,0.589545063292938,0.500100713950395
2024-12-07,ad23903ef3af7406,eb94412f15c62650,0c25d0a5e8cdbf19,8667caa0451d245b,Lukasz Brzeski,Kennedy Nzechukwu,0,0.271336723609641,0.32275623070203,0.248698814790067,0.402767795346383,0.283952727625286
2024-12-07,ad23903ef3af7406,72b12a837290b327,971246648e162f0d,c47df9303d318c67,Chase Hooper,Clay Guida,1,0.862747625489949,0.832352009975645,0.740226582936826,0.910682297197851,0.855467467353362
2024-12-07,ad23903ef3af7406,a5c57b0f49e9f61c,b0d6a1d8ac3d563d,c58f51dedb310998,Max Griffin,Michael Chiesa,0,0.44608622592985,0.491719649811655,0.389322181022802,0.598434205607754,0.457667354246345
2024-12-07,ad23903ef3af7406,d38029cf47e54cf7,17e97649403ba428,7f6ed67d3ed3c036,Joshua Van,Cody Durden,1,0.65195818561508,0.562058224767767,0.483462844141614,0.634338548187752,0.629770586470368
2024-12-07,ad23903ef3af7406,0f16d83859d608c7,3a8176e15b9887c1,cad24459b28592ca,Chris Weidman,Eryk Anders,0,0.611217833865928,0.585148452378129,0.464370280871351,0.713611362319617,0.604623981371424
2024-12-07,ad23903ef3af7406,7c0d0a28a8fba102,c6aee362c7a7d482,f626118b6da0e020,Randy Brown,Bryan Battle,0,0.491643596417343,0.507504201760426,0.423420195039098,0.596064811295877,0.495687712131056
2024-12-07,ad23903ef3af7406,df30514e0674d598,76e2870ffafbe38f,cb696ebfb6598724,Movsar Evloev,Aljamain Sterling,1,0.533071277026456,0.498819917159811,0.38339857274775,0.61993981597212,0.524353937153067
2024-12-07,ad23903ef3af7406,4914f7bd073c6359,40f3cb27fc7305a1,6d4b63c767106d3a,Themba Gorimbo,Vicente Luque,0,0.535308104344819,0.497665621767612,0.399721628858168,0.594682915716941,0.525730395416069
2024-12-07,ad23903ef3af7406,97caf8fca9d9603b,2e19380f34871c6a,d4c9dcd330403612,Dominick Reyes,Anthony Smith,1,0.534120474146584,0.555431221299492,0.437068049117551,0.66476223819289,0.539569689448404
2024-12-07,ad23903ef3af7406,089388c9f00ce9c6,583ee11abddfc581,e93b04e308913c2e,Nate Landwehr,Dooho Choi,0,0.503288828202849,0.568202525376613,0.471445008594518,0.672696813777224,0.519940320803969
2024-12-07,ad23903ef3af7406,0292b9c31c0089ac,242d36d241b43c12,d9c6f19f958643e9,Kron Gracie,Bryce Mitchell,0,0.165133005101311,0.150884599917497,0.0904328860271269,0.222130711671408,0.161400204831141
2024-12-07,ad23903ef3af7406,f706508c52f337a6,279566840aa55bf2,787bb1f087ccff8a,Alexander Volkov,Ciryl Gane,0,0.443258929438716,0.379885139502055,0.29092693187985,0.475410991505797,0.426834325760538
2024-12-07,ad23903ef3af7406,1569186ee820ea87,01afe0916a40c7c5,442c9011034ae1fd,Shavkat Rakhmonov,Ian Machado Garry,1,0.644193819832972,0.647564042142249,0.559363410608862,0.727674553864301,0.6450545986636
2024-12-07,ad23903ef3af7406,e761c5009c09b295,a0f0004aadf10b71,d33da8a3d82bdb62,Alexandre Pantoja,Kai Asakura,1,0.770515404956796,0.716647440060937,0.630885039886635,0.794201328983961,0.757491277289128
2024-12-14,72c9c2eadfc3277e,edf7ce89ad672e85,971dba22c622af12,e375cb5caf4717b6,Josefine Knutsson,Piera Rodriguez,0,0.591067724880282,0.57134039069607,0.510512966935925,0.627382050451375,0.586062402907382
2024-12-14,72c9c2eadfc3277e,b40e4deb48658851,113df4fde64735c6,c5ccd878231c5407,Davey Grant,Ramon Taveras,1,0.401089216156661,0.455037639945033,0.374440580472258,0.535972582465158,0.414673611663272
2024-12-14,72c9c2eadfc3277e,e5f9d59d00fe3c73,5c637af9472ae7cc,f29a6350c69f4a33,Jamey-Lyn Horth,Miranda Maverick,0,0.264434215704948,0.270769416343992,0.210882012810075,0.331490481253131,0.266040637570038
2024-12-14,72c9c2eadfc3277e,cf258c17234d649e,46e0d677f91bacc0,9256f591b30c073e,Miles Johns,Felipe Lima,0,0.458232739680382,0.424717689137637,0.339201096436574,0.515660620549818,0.449638028229503
2024-12-14,72c9c2eadfc3277e,ebeeed2595266bbc,4682bc59d5f55145,d2f43cfaf8ca3560,Sean Woodson,Fernando Padilla,1,0.491526381746602,0.49695194437201,0.414683550272853,0.575242909671417,0.492909758157874
2024-12-14,72c9c2eadfc3277e,b0be38110c2d8b84,58bbef3770bb2dfc,7cbf7c78d3b34218,Joel Alvarez,Drakkar Klose,1,0.56355427259257,0.556616471560197,0.449491513775798,0.657712218894046,0.561787387908703
2024-12-14,72c9c2eadfc3277e,9c24c03131d5b49a,511e82663651438d,ee18ff42063174df,Michael Johnson,Ottman Azaitar,1,0.617044508011067,0.607287591265986,0.516456077944916,0.699717559437806,0.614565099264727
2024-12-14,72c9c2eadfc3277e,2b6a75175bbca4e9,3e8118c1ab52f211,b4b496ec2197ee3e,Tuco Tokkos,Navajo Stirling,0,0.40484606606932,0.443510016272198,0.397092230190398,0.488158861262068,0.414613573287587
2024-12-14,72c9c2eadfc3277e,5238f6470d0557fb,0232cabbc30a2372,850266b3dc4e506e,Adrian Yanez,Daniel Marcos,0,0.380344558421756,0.404754054948243,0.3256922600056,0.479241845875856,0.386517076531293
2024-12-14,72c9c2eadfc3277e,7b1bc4ff776f12c1,71171fc96445bf65,e4277e87a789d687,Vitor Petrino,Dustin Jacoby,0,0.6466841592009,0.549463700542376,0.459722267479638,0.634200378315792,0.622686792423389
2024-12-14,72c9c2eadfc3277e,1a635a5e4551e7d5,294aa73dbf37d281,5d1b7e3dd9e11074,Bruno Silva,Manel Kape,0,0.41247544024375,0.357899904852286,0.291075179299486,0.429960334547184,0.398293081817002
2024-12-14,72c9c2eadfc3277e,7521015554088962,aa171d55d4b5208f,d247691a6c0e9034,Billy Quarantillo,Cub Swanson,0,0.51823211012962,0.471935844664443,0.367464332417765,0.57228731749092,0.506424732278822
2024-12-14,72c9c2eadfc3277e,00c6a2ef07ca51da,b9437600497350f3,dc9572dd6ec74859,Joaquin Buckley,Colby Covington,1,0.561410794002594,0.552038299678499,0.452109216848801,0.646754215917871,0.559024700155369
2025-01-11,81ddc98fceb30086,192619174bd1ad77,af65aa688d13eedf,ca28cdf526d6b6e9,Joe Solecki,Nurullo Aliev,0,0.436216811656052,0.462603746461073,0.342565959406589,0.588886736964829,0.442917275823117
2025-01-11,81ddc98fceb30086,f01851055b8309e0,6c9b66b43663f2f7,745fa7b605f8e2da,Viktoriia Dudakova,Fatima Kline,0,0.412258412055872,0.382000500496188,0.300374700590949,0.472547347901547,0.404469504062376
2025-01-11,81ddc98fceb30086,817cd15077a9419e,0abcf6bc47191219,6e344b71421103da,Bruno Lopes,Magomed Gadzhiyasulov,1,0.363706297615281,0.363255275808486,0.295958875252351,0.432719505232368,0.363591264528044
2025-01-11,81ddc98fceb30086,b33e3a6d15700bb1,e4faa79383c9f214,fc0a4053eb8a3a59,Ernesta Kareckaite,Nicolle Caliari,1,0.641643093151402,0.677926671622452,0.577784255400944,0.766065210142315,0.651071115762982
2025-01-11,81ddc98fceb30086,58eda5a58a89f739,85497ffd934ecf7e,9fe7af8b3fbe00a0,Jacobe Smith,Preston Parsons,1,0.291985648784412,0.271067942933748,0.197340196354885,0.356640625280377,0.286562181174522
2025-01-11,81ddc98fceb30086,54fa6e32330a8cca,cfc3e7bb44685289,d945aae53e3e54e6,Trey Ogden,Thiago Moises,0,0.470146566440701,0.477160789894842,0.351003983910617,0.607864938792995,0.471934180064617
2025-01-11,81ddc98fceb30086,8d68863242695224,260bd4cef10b033f,9384e71bca6c409d,Ihor Potieria,Marco Tulio,0,0.561437526376493,0.56135981600517,0.473197931435564,0.653131058272282,0.561417710564652
2025-01-11,81ddc98fceb30086,8a3281b0d7c168af,53c10176e3bc7416,84f727cf0166d6f2,Felipe Bunes,Jose Johnson,1,0.216587583617469,0.210153236578583,0.128122308613435,0.300885556772652,0.214933396973909
2025-01-11,81ddc98fceb30086,32cc31b76b32ade1,64facb6cc564262d,681399317dbf4701,Punahele Soriano,Uros Medic,1,0.315115925970143,0.272040088313261,0.176370915530888,0.376052634166926,0.30378343685755
2025-01-11,81ddc98fceb30086,03c1865919daeaa4,5ec591b78349ba7e,d3f89fa685bd8420,Christian Rodriguez,Austin Bashi,1,0.674266756950976,0.694577815789947,0.612576144880285,0.768701582634113,0.679512602877603
2025-01-11,81ddc98fceb30086,aa38e39397dbea72,5442f1bc4b47eaf3,9d83f6da776ff7d6,Chris Curtis,Roman Kopylov,0,0.464684934255709,0.476833052926849,0.384408683773127,0.571862092821212,0.467779295476261
2025-01-11,81ddc98fceb30086,a2a5809ed8a01b45,64d47ef881a437a4,eae431e70064e046,Cesar Almeida,Abdul Razak Alhassan,1,0.652575468315739,0.651486286125905,0.510080157582369,0.780211293098987,0.652297878597984
2025-01-11,81ddc98fceb30086,ce4fc800a7456d18,6d1bffff14897645,a53d30163304aa6e,Santiago Ponzinibbio,Carlston Harris,1,0.555584574683165,0.609485329783307,0.496267909645851,0.724025702343618,0.569507598831704
2025-01-11,81ddc98fceb30086,f46308108eb9261a,7447e9f28508106a,beecb672a279223e,Mackenzie Dern,Amanda Ribas,1,0.323331302682667,0.256022798471858,0.168751330660899,0.354227533291248,0.305295760807069
2025-01-18,39f68882def7a507,e294a1e5723011db,b62d5280966b2460,f00ac08ab056af5d,Clayton Carpenter,Tagir Ulanbekov,0,0.500152503456089,0.460755242976971,0.353876273911229,0.562393851556871,0.49008689810084
2025-01-18,39f68882def7a507,95ba27bea09cd84e,b6c37948cb226e8c,cd3d7e37ff2d679c,Benardo Sopaj,Ricky Turcios,1,0.575926215584798,0.604466360068771,0.497215735859414,0.705496247487704,0.583260292946458
2025-01-18,39f68882def7a507,e5e3d396a9b1c5ae,a54660deb6a8489c,d8c811df0386d5e8,Muin Gafurov,Rinya Nakamura,1,0.455091896381661,0.496856898654359,0.389924442386988,0.60357194433504,0.465705465562271
2025-01-18,39f68882def7a507,340fcdcabc49f142,06e4245d16fc5315,351c4ec637380ad5,Ailin Perez,Karol Rosa,1,0.713785977425471,0.780109599144139,0.681851044168708,0.85769779035219,0.731789516783271
2025-01-18,39f68882def7a507,aa3fca085d476636,99bd51917728c25d,f53d4f21d1b5f2dc,Grant Dawson,Diego Ferreira,1,0.770337305540929,0.80070698877095,0.688447749710984,0.889433980869933,0.778378980602715
2025-01-18,39f68882def7a507,a6db8eb1fb3eebf2,07a74004d964c7f4,ef5dcb10d2bd4b0f,Billy Elekana,Bogdan Guskov,0,0.514999505943282,0.525743976816115,0.448892064535331,0.602912988352037,0.51774105296701
2025-01-18,39f68882def7a507,938081fae11dcbbf,23dec7c47cb418f8,3bc3f60b21cddc6a,Zachary Reese,Azamat Bekoev,0,0.665804188435654,0.695365916895755,0.629689983088595,0.756461642710849,0.673479171275502
2025-01-18,39f68882def7a507,d14f98b24691d082,6e743a33d56bdaa4,b9f28e7045fdfce7,Payton Talbott,Raoni Barcelos,0,0.795764279861195,0.824309837348315,0.750044648702378,0.885450677903824,0.803356500264415
2025-01-18,39f68882def7a507,69d63c057aebffaf,3a46b268013afede,d549cefc7c54ab78,Kevin Holland,Reinier de Ridder,0,0.542880146372571,0.563985961142947,0.433470069284531,0.687898758663564,0.548279842881611
2025-01-18,39f68882def7a507,54d48b33e7240452,41e83a89929d1327,e2f6b2769aaedd6c,Jailton Almeida,Serghei Spivac,1,0.742318679834841,0.76794890693331,0.641929455037535,0.869190380745004,0.749026335830926
2025-01-18,39f68882def7a507,959fea398ffa5778,009341ed974bad72,5444c5a201d3ee5a,Jiri Prochazka,Jamahal Hill,1,0.419866554200201,0.410675619864279,0.317025789418376,0.508414038032988,0.417517318078701
2025-01-18,39f68882def7a507,f39941b3743bf18c,2b6fc1c02736833d,c03520b5c88ed6b4,Umar Nurmagomedov,Merab Dvalishvili,0,0.574950139102175,0.582772360594102,0.47023852944547,0.692262858587769,0.576948532453012
2025-01-18,39f68882def7a507,daef1691c7d6b1e4,275aca31f61ba28c,b6452706b373eea1,Islam Makhachev,Renato Moicano,1,0.822043795609109,0.87067345895678,0.7814579913953,0.936570259719914,0.835663091332594
2025-02-01,80dbeb1dd5b53e64,984ce1062186f3ce,3329d692aea4dc28,f41b9f5efc7162d6,Hamdy Abdelwahab,Jamal Pogues,1,0.531901080778364,0.51731078878785,0.420579305395901,0.611665604024507,0.528184748149894
2025-02-01,80dbeb1dd5b53e64,750257171ad29a2c,11583163f45c7b31,fb37795db81f93f3,Lucas Alexander,Bogdan Grad,0,0.606256170362521,0.619754213848913,0.53635383245213,0.696130254255008,0.609714510589698
2025-02-01,80dbeb1dd5b53e64,91bf33ada75d6061,a9e260472d321361,cc8c623cca88f54f,Jasmine Jasudavicius,Mayra Bueno Silva,1,0.635195635883876,0.680679233012405,0.558116705812638,0.78926163408063,0.647065289506872
2025-02-01,80dbeb1dd5b53e64,e97e71a593e4c28d,38c626ca912c7bac,809bd1a871491508,Damir Hadzovic,Terrance McKinney,0,0.334712104467512,0.333756195016088,0.201116322629471,0.474397865032965,0.33446821886225
2025-02-01,80dbeb1dd5b53e64,43bbaf06603b0f0c,6747ccd6d1acd266,764d39074a352e33,Shamil Gaziev,Thomas Petersen,1,0.354035468891263,0.325709419633696,0.249196588764314,0.40499603261115,0.34670467182224
2025-02-01,80dbeb1dd5b53e64,940f586104bf8bc8,7facc9c45d792985,8d11d9c13e2ccdf7,Kaan Ofli,Muhammad Naimov,0,0.295862915557932,0.283349928148549,0.209343653942114,0.368275688033689,0.292641770376837
2025-02-01,80dbeb1dd5b53e64,775788423f5eeb99,1e4f273069fb9e85,fb3e61720be4690c,Fares Ziam,Mike Davis,1,0.701628006899633,0.699497276617547,0.569361451590509,0.808989463100271,0.701085497017542
2025-02-01,80dbeb1dd5b53e64,70b8dca3addcf4de,0fd5f4b838e890cc,18d01f7f8338ae72,Said Nurmagomedov,Vinicius Oliveira,0,0.585030998814161,0.547952945924805,0.44079700652748,0.654046571609458,0.575650023590838
2025-02-01,80dbeb1dd5b53e64,3c00f34f20c8a189,2cd428e9606856fd,f14cf73e51b29254,Jairzinho Rozenstruik,Sergei Pavlovich,0,0.357404695320665,0.310758645585607,0.204122243245578,0.431941636707595,0.345206290921478
2025-02-01,80dbeb1dd5b53e64,426e7a3de68117b0,06734ca9d88dec3a,a67d071163962af8,Shara Magomedov,Michael Page,0,0.549607434177618,0.557115057642254,0.446327261362086,0.673801468621731,0.551524159665199
2025-02-01,80dbeb1dd5b53e64,85e79748b75eb30e,1338e2c7480bdf9e,881bf86d4cba8578,Israel Adesanya,Nassourdine Imavov,0,0.352156406856388,0.325942833948829,0.216458793012424,0.447925003973434,0.345379092988458
2025-02-08,e6015889f50075d2,4218d1d1ce6d322c,17734443a833cdf7,a72a2a769fa5a2be,Quillan Salkilld,Anshul Jubli,1,0.586553197804021,0.614484780288532,0.531607242614172,0.687214638056927,0.59373659120575
2025-02-08,e6015889f50075d2,8bc8bb0021337de7,dda15dbfafb792df,f782f953bfe7b5f2,Kevin Jousset,Jonathan Micallef,0,0.509186565227933,0.524411814113724,0.453023596874853,0.600484199149697,0.513071738844827
2025-02-08,e6015889f50075d2,1f70a4516a70abf2,a13d755965a4ec9f,aebaa8cec15b083d,Rongzhu,Kody Steele,1,0.420653274170359,0.395787159216089,0.289525788141286,0.506460824661965,0.414268695907443
2025-02-08,e6015889f50075d2,c7fadbdfdc14c282,4a6dff1b260bcf61,ed7d329d7c29428d,Aleksandre Topuria,Colby Thicknesse,1,0.437456279681188,0.431035761826842,0.415984572517921,0.445678572267333,0.435816971526116
2025-02-08,e6015889f50075d2,946cae1beed2baec,2997e7fe3c9d3d4a,7138a15258dabf20,Wang Cong,Bruna Brasil,1,0.525071991686931,0.520509414873283,0.416264214561414,0.62591109842465,0.523908904506905
2025-02-08,e6015889f50075d2,64641156360b1b81,19c591115a58982c,6c3b2525436cf5d4,Viacheslav Borshchev,Tom Nolan,0,0.432140099675702,0.417378435720843,0.328407146446833,0.514150415613816,0.428363329034181
2025-02-08,e6015889f50075d2,c35a53be30bfd066,a9da3158dd2c2b5a,f2f140ce7532e327,Jack Jenkins,Gabriel Santos,0,0.471976798625749,0.431704988267904,0.344281492419563,0.516429700485113,0.461651537560932
2025-02-08,e6015889f50075d2,4ce53d8a26693f06,3920d0cc288f9b0d,a845f0735bc67405,Francisco Prado,Jake Matthews,0,0.411950528504008,0.356576075180159,0.242679409730668,0.481330216127232,0.397554180282665
2025-02-08,e6015889f50075d2,8435f90fbd50c7a5,17923f676f100e16,e13abac8089a801a,Tallison Teixeira,Justin Tafa,1,0.626337341810806,0.633328516725295,0.510740836441086,0.743879078638116,0.628125238807067
2025-02-08,e6015889f50075d2,03c2a836d033be8f,1ebe20ebbfa15e29,b08012bbe542592a,Zhang Weili,Tatiana Suarez,1,0.392023913418097,0.337708187998364,0.200005071913063,0.505451601798657,0.377854692320368
2025-02-08,e6015889f50075d2,d13849f49f99bf01,0d7b51c9d2649a6e,0d8011111be000b2,Dricus Du Plessis,Sean Strickland,1,0.76994103924905,0.79498427627331,0.697554819705252,0.88079303541072,0.776524923694275
2025-02-15,ce7871949b0ed2bf,58668a0736602842,86d9dbe1bfcbade7,e3964ece586e0635,Julia Avila,Jacqueline Cavalcanti,0,0.0767602781219839,0.0424575780269815,0.0198993651492664,0.0741046327115687,0.0661426261206173
2025-02-15,ce7871949b0ed2bf,3b2a24db4eeaeede,1a9480fc288e55d7,f5779a2303ed76ec,Don'Tale Mayes,Valter Walker,0,0.365961122325032,0.38471019375376,0.291177152131788,0.498947862768665,0.370706225376812
2025-02-15,ce7871949b0ed2bf,07b357090cc91c2c,37098a6e6c27fb66,7478b7f959ba61f5,Vince Morales,Elijah Smith,0,0.325475517181922,0.344046704638644,0.250921855156777,0.445151402553053,0.33016218819345
2025-02-15,ce7871949b0ed2bf,7b9f169016746f81,01641ba5df0c69b0,2558ae2e5671e318,Gabriel Bonfim,Khaos Williams,1,0.646915986923437,0.674483079470068,0.557657285673867,0.767280352106407,0.654048039004551
2025-02-15,ce7871949b0ed2bf,2ae33fce63a75df9,83455a9d17f57dae,c051c2e12d692b8a,Rafael Estevam,Jesus Aguilar,1,0.447489448727016,0.473963927168716,0.36953817365295,0.582616895207421,0.454218220244497
2025-02-15,ce7871949b0ed2bf,f4817d5cbe9be532,8bd4200561c77a62,f0feeb2192937424,Ketlen Souza,Angela Hill,0,0.671031875325525,0.70950588935732,0.598763175732547,0.805684416910065,0.681090700211803
2025-02-15,ce7871949b0ed2bf,2a493f15e079a7ff,36e78278a77006d4,7d6ceff6747f2de2,Connor Matthews,Jose Delgado,0,0.326040221610449,0.314876382681949,0.252146398971542,0.383823978721348,0.323173995451778
2025-02-15,ce7871949b0ed2bf,875b249ebe45a66b,260e9e0d4954aea6,5f61780fe5e9b6d0,Rodolfo Vieira,Andre Petroski,0,0.516144220016248,0.557076466949573,0.412919373260558,0.69043982953919,0.526624611427074
2025-02-15,ce7871949b0ed2bf,ce1436a9b58902a7,eb393afdbe3293d5,ff62013d2fce6d13,Ismael Bonfim,Nazim Sadykhov,0,0.708481194127217,0.765830885282218,0.682136076262895,0.837079585021841,0.723867594471607
2025-02-15,ce7871949b0ed2bf,f5386c98fea7f5d4,4144798612ef96e5,a817e238b2747404,Edmen Shahbazyan,Dylan Budka,1,0.575318015953735,0.518917779837341,0.412111699204942,0.628621578214884,0.561062268538521
2025-02-15,ce7871949b0ed2bf,68913a422f548ccc,52c2ae6d2f2d2613,751de04455cfaac0,Youssef Zalal,Calvin Kattar,1,0.720479036773973,0.708808076304272,0.553659928653828,0.842075886709544,0.717530256490452
2025-02-15,ce7871949b0ed2bf,365e2d891b98b86d,13a0275fa13c4d26,d1c65d2cf2925ddd,Jared Cannonier,Gregory Rodrigues,1,0.31125583447918,0.306462213859239,0.205808255404676,0.424648922665841,0.310029560403752
2025-02-22,c50ea21fe9ef478d,b6475543ab6d20c9,09a4447655fd4b7b,476fe566d2df676e,Rafael Cerqueira,Modestas Bukauskas,0,0.382434337858721,0.402959860133206,0.303463578868436,0.504733810678044,0.38763180039477
2025-02-22,c50ea21fe9ef478d,e9dfc2f009a77a8d,49d2a08964c5eb11,9508cc6184cb2450,Nursulton Ruziboev,Eric McConico,1,0.681258415198584,0.701194103205189,0.610797623686199,0.777399111077905,0.68640930388533
2025-02-22,c50ea21fe9ef478d,615f7f894bafad82,0f1efce7d2571d10,32c3ee378671a5d9,Nikolay Veretennikov,Austin Vanderford,0,0.658951573033565,0.72049227953095,0.652847362315358,0.780819694083426,0.675273957848647
2025-02-22,c50ea21fe9ef478d,bc6d70ab959dce70,5987b2458f4b5290,bbab3baf66128ae2,Ricky Simon,Javid Basharat,1,0.438353793371699,0.481195587800201,0.373677250496619,0.588455335076269,0.449217015617563
2025-02-22,c50ea21fe9ef478d,e011819e721c4a2a,7eaa5e31c2dd86aa,841695e02c99a521,Nick Klein,Mansur Abdul-Malik,0,0.322180497925978,0.297613424364766,0.248007321346282,0.355734596756822,0.315814627097967
2025-02-22,c50ea21fe9ef478d,3ded9bfdfb75f39b,20bccc9bb4ceb23e,8fd808923cffff82,Melquizael Costa,Andre Fili,1,0.70762364747099,0.721190460969813,0.60052869752233,0.824449605755015,0.711119826359112
2025-02-22,c50ea21fe9ef478d,08763e87e10b9709,6e8f1bcdda94ff45,cd13728ae1151f46,Ibo Aslan,Ion Cutelaba,0,0.681044236489405,0.672237670644629,0.559092636304314,0.760622062002823,0.678810497959386
2025-02-22,c50ea21fe9ef478d,c0d8a231d2f1d1af,6add18754930182b,a495f599e787614f,Julius Walker,Alonzo Menifield,0,0.610720013247767,0.620874179284711,0.527630327111987,0.711112875060539,0.61331884656565
2025-02-22,c50ea21fe9ef478d,8ef7723b6a8b45e1,52ef95b5860fb28c,a52bc1e62cf0b7c6,Jean Silva,Melsik Baghdasaryan,1,0.697955800182666,0.734423221777636,0.653772388462779,0.806613746074745,0.707522163952649
2025-02-22,c50ea21fe9ef478d,19c8092496e94b85,05339613bf8e9808,ffd3224638c01b57,Rob Font,Jean Matsumoto,1,0.374079876189172,0.367471126763493,0.218005951929573,0.532993950944015,0.372390069495998
2025-02-22,c50ea21fe9ef478d,0cdca4c22b8d3ab5,093e1f5bb73850be,2f181c0467965b98,Anthony Hernandez,Brendan Allen,1,0.639660082070176,0.69821730828287,0.562852414999265,0.805775282175627,0.655080515673474
2025-02-22,c50ea21fe9ef478d,b959e2c1d16ff832,056c493bbd76a918,efb96bf3e9ada36f,Henry Cejudo,Song Yadong,0,0.36100513249792,0.345544053436059,0.222892073825781,0.485104264369412,0.357033599052717
2025-03-01,9766ed20b68c7c33,206b8c14546d71f1,7d0a1968b38ca439,814e5233e2acf2ee,Ramazan Temirov,Charles Johnson,1,0.365830482886718,0.316670400602756,0.203897589108123,0.442197702035682,0.352975994163679
2025-03-01,9766ed20b68c7c33,1ada4b9ee5810e0f,05fa626cb33d15b8,6fd953151d981979,Andrea Lee,JJ Aldrich,0,0.408331286933935,0.431283741951614,0.293688001435521,0.585364823810787,0.414150453206863
2025-03-01,9766ed20b68c7c33,1de799f17556b501,710f0f8c5d5c9d41,d964a59c48381cb6,Lucas Almeida,Danny Silva,0,0.212219890365495,0.177411928318313,0.125123169940215,0.242364889152968,0.202893976481953
2025-03-01,9766ed20b68c7c33,dd1df7f5a54fd9fc,1ae8f3c723aacff4,e0c6edcb5b5d0b90,Ricardo Ramos,Chepe Mariscal,0,0.244875401282932,0.194094822098705,0.117482755932916,0.297801054783848,0.231121038663306
2025-03-01,9766ed20b68c7c33,a857acedb53ee959,39d309957c5c210d,be9bdec19b7e9ffe,Mario Pinto,Austen Lane,1,0.70667714334565,0.738191799859556,0.663553198723875,0.798085776899743,0.714921719253658
2025-03-01,9766ed20b68c7c33,d6c3b730dc9f21a5,8b6e5dc2ba1edbe7,b7c5eb7cdbac6a63,Sam Patterson,Danny Barlow,1,0.443610805832247,0.461971679838951,0.385299380446659,0.5464620128315,0.448280230807207
2025-03-01,9766ed20b68c7c33,0dfdc94c1da32e20,41cc71cbf210e0fe,e1d40e8782d80bc2,Hyder Amil,William Gomis,1,0.342763433604305,0.349857110761873,0.255229524134307,0.456327068056155,0.344565807284109
2025-03-01,9766ed20b68c7c33,061990783b9bdb36,323d4ca260dfa0ba,b7b84ccd221be298,Esteban Ribovics,Nasrat Haqparast,0,0.516592882133503,0.54817696205282,0.434151485091923,0.653488252006542,0.52466952895323
2025-03-01,9766ed20b68c7c33,6bdf0756fb57aced,d0e1b42d41dab603,f14f644d41ade29f,Julian Marquez,Cody Brundage,0,0.304188120225078,0.273660398381265,0.136151085294438,0.461935385309927,0.29622266726016
2025-03-01,9766ed20b68c7c33,9d8a37f130db13e5,5d1b7e3dd9e11074,8d3273573b85be09,Manel Kape,Asu Almabayev,1,0.470595834219486,0.432148898129237,0.32253130898287,0.539509891302109,0.460740170707201
2025-03-08,ca936c67687789e9,96c2f85b46e98e91,312f7d7b2b2f7de4,6967153c7edb4d87,Djorden Santos,Ozzy Diaz,0,0.556668859544153,0.549013056100077,0.463872802735834,0.631492682873194,0.554719041965875
2025-03-08,ca936c67687789e9,19fe7177254802d1,480779d7f9a424d3,5d495dec23d7c68e,Mairon Santos,Francis Marshall,1,0.692992082231568,0.750603025993271,0.678277021157144,0.80903231794439,0.708374980171976
2025-03-08,ca936c67687789e9,cab4937435d081d0,28d421729451c8ca,cdb96af67d096b1e,Carlos Leal,Alex Morono,1,0.689968087910649,0.710786949196817,0.59174830295586,0.813300929360435,0.695355139249032
2025-03-08,ca936c67687789e9,e61cb905f6152183,1e719d4b676dc19a,369ea36e450ae62a,Brunno Ferreira,Armen Petrosyan,1,0.599860175380687,0.585266244658524,0.494806385030896,0.67831190819858,0.596154432982988
2025-03-08,ca936c67687789e9,af3e43049bc86fe9,17e97649403ba428,2f43a3e82661fa99,Joshua Van,Rei Tsuruya,1,0.556705780759548,0.520473763856722,0.422997124474021,0.617562054509567,0.547508343783024
2025-03-08,ca936c67687789e9,231968c02cdfe65e,887961364be5ceb3,9c393e836a852f30,King Green,Mauricio Ruffy,0,0.454563764395129,0.479570119406096,0.340125901646547,0.629570768380725,0.460923677838489
2025-03-08,ca936c67687789e9,79f1c9f97d83ec83,3df5493bb279226f,abcf2cc6efc42031,Amanda Lemos,Iasmin Lucindo,1,0.144650312757909,0.114917111515358,0.0751105544582064,0.170614783006975,0.136510267742418
2025-03-08,ca936c67687789e9,a3cd6a65aaa9f104,4d8fa64202cee4c1,e4a47b07044ddd72,Jalin Turner,Ignacio Bahamondes,0,0.386543562916893,0.430754440671215,0.324952650765063,0.5447462431784,0.397671522433936
2025-03-08,ca936c67687789e9,a2f31cf3a28a7730,9e8f6c728eb01124,c814b4c899793af6,Justin Gaethje,Rafael Fiziev,1,0.567506685230719,0.60914168944914,0.480674512401174,0.723693277802676,0.578239539685797
2025-03-08,ca936c67687789e9,9e05fe95a4fc63bc,d802174b0c0c1f4e,e5549c82bfb5582d,Magomed Ankalaev,Alex Pereira,1,0.427864538183853,0.361150764517333,0.238687739785695,0.489285370935824,0.410495121336685
2025-03-15,39f62b833e4cf126,a8f8245096eaf0cd,c3d2b9bcb4cead6b,f1ab6f37492c630a,Yuneisy Duben,Carli Judice,0,0.332548643392838,0.276214406663454,0.209205012749866,0.353401614252415,0.317632621412297
2025-03-15,39f62b833e4cf126,1c62a7444808d97f,68d35296f566792b,b1e5bcaad32a3cac,Josiane Nunes,Priscila Cachoeira,0,0.848783031043619,0.873589069811521,0.77262003702446,0.942457523693118,0.855465034085548
2025-03-15,39f62b833e4cf126,5d8af316413ea2f7,b1f21ce050035d58,e8fe9c15d348e778,Andre Lima,Daniel Barez,1,0.797890162999964,0.837719575036335,0.77402687167523,0.889256073888928,0.808694555931351
2025-03-15,39f62b833e4cf126,5fa6543868367f4b,1b35af4d1529adf6,e94085e821bd81de,Stephanie Luciano,Sam Hughes,0,0.727594683779235,0.794900279285678,0.734690612073263,0.850573311835326,0.745998040530069
2025-03-15,39f62b833e4cf126,cb3eb07b7152366e,07f959e6596307bb,723b64c0e9a8f348,Carlos Vera,Josias Musasa,1,0.244643837703635,0.19685100970006,0.13427383373962,0.265998340527314,0.231749981349351
2025-03-15,39f62b833e4cf126,29d9c5a3f2b78903,a474aade8eb3a8f0,d1053e55f00e53fe,SuYoung You,AJ Cunningham,1,0.764433545995219,0.797489801007208,0.711872221808768,0.864971329975926,0.773204317564764
2025-03-15,39f62b833e4cf126,74bc22b367cca118,a67f5afa8d6a1b80,fc08099550072fe4,Ryan Spann,Waldo Cortes-Acosta,0,0.454958822333197,0.427616803412076,0.310350153569254,0.549452845447196,0.447954032626235
2025-03-15,39f62b833e4cf126,36db86c39ed09997,239d8e5359022f3b,a68575214ecad140,Kevin Vallejos,SeungWoo Choi,1,0.632682345078988,0.541100088870455,0.41154814718182,0.664449580738659,0.609950584326261
2025-03-15,39f62b833e4cf126,e56403718205b494,49edd0d90f60fb7d,709fadb644ee3f51,Brendson Ribeiro,Diyar Nurgozhay,1,0.45527849010859,0.428774386368115,0.356971147765386,0.501133236690737,0.448489711889927
2025-03-15,39f62b833e4cf126,ab1aa23060d4e87b,700a674c042b7a96,da22387a0407a2dc,Cody Gibson,Da'Mon Blackshear,0,0.313796443939177,0.295987964310805,0.215960032692754,0.384784122478654,0.309200069928984
2025-03-15,39f62b833e4cf126,d8f40b82364b6411,262a7d06203657e6,a7151778b3381036,Alexander Hernandez,Kurt Holobaugh,1,0.763184568389137,0.773242665224821,0.660364770620859,0.858130467044612,0.765778314595712
2025-03-15,39f62b833e4cf126,c83133ee114945ed,8adcbd525fab8d9b,c68c68efaa5ca6ef,Elizeu Zaleski dos Santos,Chidi Njokuani,0,0.506149992533548,0.441330448072506,0.311203526358857,0.579358131958844,0.489553564341825
2025-03-15,39f62b833e4cf126,67f7163e536d62e2,327d5f279895110d,7acbb0972e75281a,Roman Dolidze,Marvin Vettori,1,0.437608317659302,0.399054049413184,0.288076315919723,0.517729193012518,0.427685555783863
2025-03-22,cc2ad11b1f9d818b,265dbd9be8caa7de,7772b283d288dbe2,ec13c393d029297d,Guram Kutateladze,Kaue Fernandes,0,0.418182149214388,0.409708242498689,0.330865601380358,0.488100059809463,0.416016505309451
2025-03-22,cc2ad11b1f9d818b,1b02588149d126bf,42ac4020cba261ad,a2d342ffc83913ed,Caolan Loughran,Nathan Fletcher,1,0.330685096406168,0.279156436329531,0.197633509707326,0.374493583643381,0.317085937575459
2025-03-22,cc2ad11b1f9d818b,a693622ad8c0d672,19f8a2f6eecd92ac,9c442aaf149ea982,Puja Tomar,Shauna Bannon,0,0.497690549830747,0.508152358936459,0.434228645957363,0.577209257241404,0.500358476807685
2025-03-22,cc2ad11b1f9d818b,8af2b589d5e9c1ae,22e07d3da1aa3475,a93f94c923c3a9cb,Andrey Pulyaev,Christian Leroy Duncan,0,0.317025253028688,0.293351628382906,0.234328003795031,0.359230721064091,0.310891234388919
2025-03-22,cc2ad11b1f9d818b,dd229687cb62c871,0d5cc0170c1a7e71,c9cf753cfdf77fc2,Mick Parkin,Marcin Tybura,0,0.691668205071616,0.747921059986519,0.652990860541953,0.824687716155086,0.706663498380403
2025-03-22,cc2ad11b1f9d818b,e5a88f5c686173c4,5cdf5339728f580d,bb2c3c3a466224af,Felipe dos Santos,Lone'er Kavanagh,0,0.46411483631348,0.448803383762304,0.357506594107102,0.548268504301295,0.460202828491727
2025-03-22,cc2ad11b1f9d818b,2a1071689c3af9df,06626b6287e1ae1e,4c88a1db5a46c6a4,Chris Padilla,Jai Herbert,1,0.711931961761973,0.744630730590266,0.643945769324221,0.837434548510829,0.72050351039233
2025-03-22,cc2ad11b1f9d818b,9779eb1aae1d4654,329e403448756217,5b03b61f9d90125e,Nathaniel Wood,Morgan Charriere,1,0.439975952450069,0.444765595785411,0.329307793233879,0.555129873570475,0.441196283721594
2025-03-22,cc2ad11b1f9d818b,8e6640c007ad603d,6d38e41efa47a72d,fd406a32a6fb3a29,Jordan Vucenic,Chris Duncan,0,0.464532814061848,0.484254085017956,0.374912684670685,0.594255087555716,0.46955366114091
2025-03-22,cc2ad11b1f9d818b,b5b4b69bccb9ff4a,51018a31ddf31eb2,545092d13c67aa49,Molly McCann,Alexia Thainara,0,0.417443104545359,0.397050076553728,0.272464733272573,0.531878046393787,0.412213032586082
2025-03-22,cc2ad11b1f9d818b,96c6be6b22385967,3a46b268013afede,fd55393021a8c255,Kevin Holland,Gunnar Nelson,1,0.501102576464653,0.524753683233597,0.339434936501531,0.693183381695137,0.507138275360917
2025-03-22,cc2ad11b1f9d818b,6d9ea9f436ed354d,9014c02eff8b3d62,99df7d0a2a08a8a8,Carlos Ulberg,Jan Blachowicz,1,0.674967254815956,0.702700588343582,0.595712162842393,0.806816069058866,0.682167054074055
2025-03-22,cc2ad11b1f9d818b,371ed8497799998e,45f7cb591c3ab00b,f1fac969a1d70b08,Sean Brady,Leon Edwards,1,0.485057495505775,0.503608666394659,0.384726193854334,0.621700709580083,0.489786154094111
2025-03-29,0f7210aa8d61af8d,9f66d450af690df5,d2cd7a69cc55e7ed,e2be0c1a9b886d92,Austin Hubbard,MarQuel Mederos,0,0.399447756982829,0.394904540851323,0.290518627413272,0.516381435392936,0.398287561107128
2025-03-29,0f7210aa8d61af8d,e2e2537a345367d4,b909a9a9688b5284,e00a3dee329a51f7,Gabriel Miranda,Jamall Emmers,0,0.251619223740736,0.207514225509072,0.122553282130321,0.317623509498524,0.239806684084989
2025-03-29,0f7210aa8d61af8d,7e3fc760b26b6ae4,c77a953488e5607d,e132d47bd9efbbe0,Vinc Pichel,Rafa Garcia,0,0.25140354175575,0.247059760371355,0.135811625970686,0.381428009311303,0.250291078283427
2025-03-29,0f7210aa8d61af8d,7efca050bc7be8ac,8e5d953bdb9ae5e7,abb68e3c7ca128f2,Loopy Godinez,Julia Polastri,1,0.565654011782574,0.604550699337444,0.50410820200657,0.69955603224113,0.575670002236252
2025-03-29,0f7210aa8d61af8d,41cdbcc0f3635b8f,20bccc9bb4ceb23e,5ec591b78349ba7e,Melquizael Costa,Christian Rodriguez,1,0.492271041003871,0.545982425152211,0.402309574354825,0.681836137490187,0.505999889959002
2025-03-29,0f7210aa8d61af8d,64fe6e61a24dbf39,2f815ed5f8278ba6,baa9be02c3e3e038,Ateba Gautier,Jose Daniel Medina,1,0.714626993945975,0.727272484685836,0.660615828902218,0.786545396106716,0.717884877167867
2025-03-29,0f7210aa8d61af8d,5ba7dd466e30169f,34b96d52db1d26e6,f2900678e98f6d6a,Kevin Borjas,Ronaldo Rodriguez,1,0.346637776379261,0.334653175637741,0.243607443187982,0.439676744642316,0.343562440315558
2025-03-29,0f7210aa8d61af8d,55376d5c205fa844,72ea1984c52019b5,9a97acbfd5a08bfa,Saimon Oliveira,David Martinez,0,0.307291490323892,0.285230512120334,0.152553286497727,0.449838412831117,0.301576028072753
2025-03-29,0f7210aa8d61af8d,0f20c1d7c44fa5fe,37098a6e6c27fb66,fe2babf95de24fb1,Vince Morales,Raul Rosas Jr.,0,0.165873191181645,0.155448900587268,0.0782027960191554,0.264680378663931,0.16316294381692
2025-03-29,0f7210aa8d61af8d,ab4a91a59c01d6b6,077e3ace32b72be9,5ef94841c4bc3f86,CJ Vergara,Edgar Chairez,0,0.392263157343858,0.342190543999506,0.252194379201646,0.438108256115355,0.379228948071691
2025-03-29,0f7210aa8d61af8d,8fc8d66ad0074ab0,2e7878927067fdca,519e4fe37ce9ff75,Manuel Torres,Drew Dober,1,0.710704171123651,0.692275766412766,0.596124348614741,0.780094125853884,0.706067328208315
2025-03-29,0f7210aa8d61af8d,33e301872e2b5680,32ab52e5de93092d,792be9a24df82ed6,Steve Erceg,Brandon Moreno,0,0.337657464411439,0.373574072973468,0.270373392812634,0.488731876578396,0.346658995166029
2025-04-05,86b30a86664cb6e4,cca4d763b1c6de0a,2c483cf443f38ece,d35298b6df168456,Vanessa Demopoulos,Talita Alencar,0,0.301280842076732,0.235923950876571,0.172943014505335,0.305681612011915,0.283663057453204
2025-04-05,86b30a86664cb6e4,96cc199d78732d11,02f484417a6fa69d,8eb046f83e82bf26,Uran Satybaldiev,Martin Buday,0,0.572437324142172,0.646926922220999,0.563645154320212,0.726328924846618,0.591896250070051
2025-04-05,86b30a86664cb6e4,4b1aec2395ebca14,eb8d8c2a95cfccb8,f7be1db194e03d7e,Victor Henry,Pedro Falcao,1,0.527885110454108,0.480105490559914,0.360309703361892,0.603640385037164,0.515715057247188
2025-04-05,86b30a86664cb6e4,fd088ce1481315a5,4e30e4250cb08b61,efc67b07eed39794,Loma Lookboonmee,Istela Nunes,1,0.770944900764611,0.753045186358762,0.634686020000118,0.851086249594769,0.766468583009495
2025-04-05,86b30a86664cb6e4,58811a4e36c53b89,7cec3c4a5e7b6d68,f748267c4ab6c127,Daniel Frunza,Rhys McKee,0,0.555189788316293,0.563030372908306,0.438707206212397,0.687998364035745,0.557191903785886
2025-04-05,86b30a86664cb6e4,76641669c1607b7a,27b388f0aab49780,d7e40dca3ae125be,Dione Barbosa,Diana Belbita,1,0.762416340626639,0.845168054233018,0.762543977322172,0.90998922566769,0.786076277267775
2025-04-05,86b30a86664cb6e4,d1368ca941c1fefc,0cd0456d6029cec2,fbb60f24af5d5a02,Robert Valentin,Torrez Finney,0,0.335524006624518,0.324971927669332,0.248958738352138,0.417644136780863,0.332817057510196
2025-04-05,86b30a86664cb6e4,de9422207df2de64,29162be25ebef5f0,6d68c1afe954f121,Luis Gurule,Ode Osbourne,0,0.625801180114495,0.637142190610799,0.533102790554497,0.729814782111163,0.628706853978324
2025-04-05,86b30a86664cb6e4,0c80eef2f4570543,0c6d9ea8306c029e,6ac9bc2953c47345,Brad Tavares,Gerald Meerschaert,1,0.390240325360889,0.350872455416368,0.224768907862249,0.481677163624846,0.380041370819069
2025-04-05,86b30a86664cb6e4,fc3825dd1b67e39d,117a06469813e4ef,8173f134396cb971,ChangHo Lee,Cortavious Romious,1,0.622815275672356,0.640649899574479,0.546315759151168,0.727082295315098,0.627396998211822
2025-04-05,86b30a86664cb6e4,a160e94fdb66de17,791c8437b341fba5,b8bbdeff718dbb7d,Joanderson Brito,Pat Sabatini,0,0.623494828021258,0.657518333100133,0.540337865365414,0.7653827771432,0.632302954400225
2025-04-05,86b30a86664cb6e4,86a1be10255eea4e,396fe87b84ac2e1c,fba03cd6cc28dc41,Lerone Murphy,Josh Emmett,1,0.798814200270383,0.840198190076316,0.74485755770459,0.913787077969283,0.810076042170637
2025-04-12,22f4b6cb6b1bd7fd,0e71e69359db4d1e,3c26c420584d912d,f2b3f4ef3f780168,Hailey Cowan,Nora Cornolle,0,0.236889183770524,0.200208616988316,0.122023870611543,0.290038086334515,0.227113620307645
2025-04-12,22f4b6cb6b1bd7fd,b87d6f71d901355b,147e70aa6cc48cfc,9384e71bca6c409d,Tresean Gore,Marco Tulio,0,0.481704551679401,0.481816970530623,0.368510979129881,0.602583080328266,0.481733218243351
2025-04-12,22f4b6cb6b1bd7fd,fd98843926965cbd,0be6776db31d98ec,3cf18e01cb6cbde3,Mitch Raposo,Sumudaerji,0,0.51711188791163,0.553948452943741,0.423653479863364,0.676395911066576,0.526538966403232
2025-04-12,22f4b6cb6b1bd7fd,4bbda6c1f6cf9d4e,0d65c432720accb9,4e6738062d469256,Michal Oleksiejczuk,Sedriques Dumas,1,0.528971247745412,0.522578385099507,0.408920410905522,0.628517549515601,0.527341890412334
2025-04-12,22f4b6cb6b1bd7fd,08e7a39eb7482ebf,902ec2cc48c8ae8a,92a9aa9c93192871,Julian Erosa,Darren Elkins,1,0.573715153735692,0.661887107806488,0.520449445686336,0.783972996937554,0.596901450488988
2025-04-12,22f4b6cb6b1bd7fd,11eb27a1ac74d225,971246648e162f0d,d1941565abf50b16,Chase Hooper,Jim Miller,1,0.791869906560056,0.835280467996753,0.707762235579856,0.925434823997624,0.803685877055293
2025-04-12,22f4b6cb6b1bd7fd,0eccebee160137b1,7dda2cf308f24a02,c41d426cc7326d1b,Virna Jandiroba,Yan Xiaonan,1,0.569894861760844,0.57540257961657,0.423627729308377,0.720912720320573,0.571301027189762
2025-04-12,22f4b6cb6b1bd7fd,fc43d60cbd6b0e6a,4682bc59d5f55145,82a5152216251682,Sean Woodson,Dan Ige,0,0.550673435554766,0.569197903534402,0.422194531034146,0.700873896875127,0.555412636735414
2025-04-12,22f4b6cb6b1bd7fd,b2d731415bd367df,1091d4d957141094,2e19380f34871c6a,Nikita Krylov,Dominick Reyes,0,0.613993103414832,0.700999415021486,0.534549993616497,0.838382359670457,0.637158224887259
2025-04-12,22f4b6cb6b1bd7fd,8c540eb4afe8c43e,52ef95b5860fb28c,d9c6f19f958643e9,Jean Silva,Bryce Mitchell,1,0.548909461107009,0.558414565870998,0.423072458906302,0.690899689539458,0.55133693180789
2025-04-12,22f4b6cb6b1bd7fd,d3be5a4e0ec273e2,98a58c26c5b1ed17,cbf5e6f231b55443,Patricio Freire,Yair Rodriguez,0,0.196649708455701,0.186619941984712,0.109769133051207,0.285896817263195,0.194054049926537
2025-04-12,22f4b6cb6b1bd7fd,d05cb4c4135ce402,4b93a88f3b1de35b,7826923b47f8d72a,Michael Chandler,Paddy Pimblett,0,0.246321996309503,0.203343585092201,0.120340660263286,0.303486325250328,0.234807452833698
2025-04-12,22f4b6cb6b1bd7fd,e733f148060bef2a,e1248941344b3288,f166e93d04a8c274,Alexander Volkanovski,Diego Lopes,1,0.461603031382557,0.404199839795346,0.268549212170692,0.551385618095796,0.446805196469047
2025-04-26,b2e3aca4cd363477,7fd6770fe2d4f258,af9efbfd63d39734,f9ab66e67240db7b,Chelsea Chandler,Joselyne Edwards,0,0.324007529379822,0.335592467778653,0.241653158154244,0.437963078520081,0.326941965199396
2025-04-26,b2e3aca4cd363477,23201d09a78d446d,0e46690e55a8df75,15ea371202eb25e1,Timmy Cuamba,Roberto Romero,1,0.584763167388546,0.601644809487156,0.525453835524868,0.673476144840906,0.589088605510665
2025-04-26,b2e3aca4cd363477,e7b3ca036835b7c2,9673a497a9da119a,bc7d1ad49fcb2d08,Polyana Viana,Jaqueline Amorim,0,0.109273109787628,0.0722718303627121,0.0324707392603451,0.13712263788022,0.0985014617386404
2025-04-26,b2e3aca4cd363477,c2c20a04a78d9143,2e45d08b3f2f02c8,3c8a5200436e19f3,Malcolm Wellmaker,Cameron Saaiman,1,0.360254938016174,0.399365951184,0.298033169059406,0.507565381952292,0.370076269890377
2025-04-26,b2e3aca4cd363477,7d51649373d42571,1897b7b913736a7c,da22387a0407a2dc,Alatengheili,Da'Mon Blackshear,0,0.253618441597881,0.222982689174704,0.142031159845248,0.321770049172531,0.245549459007868
2025-04-26,b2e3aca4cd363477,6f3cb7ce84185dd3,45f0cc9d18f35137,5fa2974cbd18e05c,Chris Gutierrez,John Castaneda,1,0.642837502128776,0.662670626007424,0.545008880869276,0.764557265072005,0.6479448933116
2025-04-26,b2e3aca4cd363477,97770b38df67b276,b2a78df161bd67f9,d9a56ecb6e94f02e,Gauge Young,Evan Elder,0,0.479169456262778,0.460952471533392,0.352616408804,0.564844833496962,0.474516930699733
2025-04-26,b2e3aca4cd363477,d8d22dcc1f6912e7,09e62c450e754913,67c1d46f4ed16f9e,Jimmy Flick,Matt Schnell,0,0.487899975329477,0.45260666515608,0.335947646193148,0.570773164579754,0.478874636235343
2025-04-26,b2e3aca4cd363477,62fbdd4f0bcd3c2a,886264a0c9f4ea5e,b07aed698fba8624,Andre Muniz,Ikram Aliskerov,0,0.563078492219793,0.530121917375749,0.406114815584892,0.662737075766982,0.554715623021868
2025-04-26,b2e3aca4cd363477,fbf83609dc96f32e,9d19d9e4aa2662e8,c6aee362c7a7d482,Nicolas Dalby,Randy Brown,0,0.310954982615864,0.26039909615583,0.166105885204212,0.37401696352265,0.297556949694855
2025-04-26,b2e3aca4cd363477,9bbd45774fb4a6eb,36b8f265bcd1b7a4,595db60957de51d3,Abus Magomedov,Michel Pereira,1,0.42488502742069,0.445536286143164,0.295490149149741,0.601611254782727,0.430129185662577
2025-04-26,b2e3aca4cd363477,4072abf0b0c179f2,9560ff14eb3129f7,ffe9703408fb5964,Giga Chikadze,David Onama,0,0.448510634821794,0.420582319159849,0.297959544422601,0.548581647224632,0.441350760538254
2025-04-26,b2e3aca4cd363477,a526a72ade275f46,8a65fd9ba31fd3f7,d4c9dcd330403612,Zhang Mingyang,Anthony Smith,1,0.735752062588055,0.749604376142605,0.645405336446301,0.832689314860824,0.739330615826448
2025-04-26,b2e3aca4cd363477,633f4b5ec767769d,442c9011034ae1fd,7ee0fd831c0fe7c3,Ian Machado Garry,Carlos Prates,1,0.633439167275879,0.621792680234221,0.517725460499557,0.722038923421162,0.630483482580719
2025-05-03,de20ffb3fc2e7629,469f887278324e63,38c5817ade8a8014,aa0c573da7119292,Ivana Petrovic,Juliana Miller,0,0.720876508809909,0.78389837401179,0.692231083678419,0.859229947595198,0.737969422524345
2025-05-03,de20ffb3fc2e7629,c445401709421fa4,1a9480fc288e55d7,764d39074a352e33,Don'Tale Mayes,Thomas Petersen,0,0.338956081551035,0.383618376547281,0.282948857789013,0.495614861116143,0.350111696857768
2025-05-03,de20ffb3fc2e7629,97b32ff27fd457a8,32feae6d9a1e5047,96924b0019b3aff1,Quang Le,Gaston Bolanos,1,0.485016529304344,0.507229209882454,0.418651391710396,0.59486469354931,0.4906786148433
2025-05-03,de20ffb3fc2e7629,6e26a6293ea6ba62,38c7f72747f4f712,cd2c4d30c6e13b47,Gillian Robertson,Marina Rodriguez,1,0.784912614409771,0.819983052482548,0.702003460519614,0.907939729241198,0.794303289446343
2025-05-03,de20ffb3fc2e7629,77ed474dfc5359ea,3bc3f60b21cddc6a,d5bab53a1a603aac,Azamat Bekoev,Ryan Loder,1,0.494359629877681,0.500277391803998,0.429716321193231,0.567671326837751,0.495868571385267
2025-05-03,de20ffb3fc2e7629,2707dc2245335cc1,3143bf892608139a,b96619b3acd7d9da,Yana Santos,Miesha Tate,1,0.547081045947735,0.603361440932789,0.477767994457042,0.726744291907223,0.561607470782491
2025-05-03,de20ffb3fc2e7629,9039959b41901412,18968f97ad34f15c,f6ad6a1e4d600e0d,Jeremy Stephens,Mason Jones,0,0.307175307279314,0.278199316286402,0.152670985661863,0.435788060959677,0.299627611267134
2025-05-03,de20ffb3fc2e7629,6ccd10adc968e1f0,1a2bf44edb8055b6,5c84f673b7bb7c15,Serhiy Sidey,Cameron Smotherman,1,0.464177416272029,0.44798847646822,0.380664701383614,0.516933355180256,0.460040691314143
2025-05-03,de20ffb3fc2e7629,5ce29056e0cd2df9,850266b3dc4e506e,cc1a8b4b38b92c6d,Daniel Marcos,Montel Jackson,0,0.298047774521728,0.23622010827596,0.12884371217166,0.368089957729325,0.281421400712238
2025-05-03,de20ffb3fc2e7629,191ee545160a4e09,6d1bffff14897645,8a1f3b5c526cd6e6,Santiago Ponzinibbio,Daniel Rodriguez,0,0.617418304331825,0.676433262042912,0.562337845203493,0.778812035431993,0.632882883707574
2025-05-03,de20ffb3fc2e7629,380242601a2c5991,35673bf5204524ee,d549cefc7c54ab78,Bo Nickal,Reinier de Ridder,0,0.622772416918422,0.616806893400818,0.508696040815962,0.717692476263591,0.621254661121266
2025-05-03,de20ffb3fc2e7629,9b3bade95e1dd484,65f09bacd3957381,aa72b0f831d0bfe5,Cory Sandhagen,Deiveson Figueiredo,1,0.669001523234757,0.708403025011071,0.582966104434738,0.813569333107817,0.679305999578747
2025-05-10,118463dd8db16e7f,c20bd12ae7f04eff,7b433309b0fd12aa,a4dc0f2b95df4cc1,Brad Katona,Bekzat Almakhan,0,0.525053199266759,0.473878081294273,0.35552174100623,0.601051839676925,0.512010837404045
2025-05-10,118463dd8db16e7f,0e0a4282cd6c86d7,b67d6bacc68d4c92,d008d785f6347dc2,Daniel Santos,JeongYeong Lee,1,0.460727889662891,0.437618548065126,0.315831210414659,0.567732959934716,0.454814928026675
2025-05-10,118463dd8db16e7f,6ecfa439ef900bcc,12ebd7d157e91701,8e9eb3fc86db0f7d,Bruno Silva,Marc-Andre Barriault,0,0.530679266327925,0.520251242558519,0.416537187925553,0.626257991867155,0.528022306700254
2025-05-10,118463dd8db16e7f,99aa1f28e22bb6dd,64ad3e3b0efa30bb,b4b496ec2197ee3e,Ivan Erslan,Navajo Stirling,0,0.356071574050947,0.359038440460644,0.277041812430348,0.437689348325011,0.356827084783574
2025-05-10,118463dd8db16e7f,c812457a810dde39,476fe566d2df676e,cd13728ae1151f46,Modestas Bukauskas,Ion Cutelaba,1,0.381167381815018,0.314124386867589,0.216627205993517,0.409139016413761,0.363511513314057
2025-05-10,118463dd8db16e7f,4db2d86ebe8c8abd,6a1901c62ab3870f,a9e260472d321361,Jessica Andrade,Jasmine Jasudavicius,0,0.500467691934747,0.540861407799861,0.403759495183031,0.67286709356639,0.510789679660411
2025-05-10,118463dd8db16e7f,2521234a4bf7c615,dd6103dd7127db1d,feedf3053472fe56,Mike Malott,Charles Radtke,1,0.571471735096174,0.597930177546059,0.502584405389595,0.692852346841616,0.57826392664462
2025-05-10,118463dd8db16e7f,c7190cd03e53fb61,873626e5547b5235,c2299ec916bc7c56,Kyle Prepolec,Benoit Saint Denis,0,0.116764174707452,0.0806694243846725,0.035404189166095,0.147607726425888,0.106410000483037
2025-05-10,118463dd8db16e7f,0f53eb509d0ffeb9,262d32ebda89efc4,e8b731feff72294b,Natalia Silva,Alexa Grasso,1,0.641878391981629,0.617259910417667,0.485834656983009,0.733512877629875,0.635665550975267
2025-05-10,118463dd8db16e7f,891b2faf1bff38ee,24656ef4d605c96f,d0f3959b4a9747e6,Aiemann Zahabi,Jose Aldo,1,0.365513738627186,0.295595296338699,0.17844082705532,0.434300903677947,0.346987315577684
2025-05-10,118463dd8db16e7f,9e9d1764a015f313,132deb59abae64b1,34ff304266360297,Valentina Shevchenko,Manon Fiorot,1,0.446264268551474,0.429968482103074,0.297958335959444,0.56407259740284,0.442096432198385
2025-05-10,118463dd8db16e7f,b873c116e39c9920,6b453bc35a823c3f,b1b0729d27936f2f,Jack Della Maddalena,Belal Muhammad,1,0.722091692129764,0.781476359360591,0.656809494558405,0.875464308129371,0.738138415894852
2025-05-17,8ad022dd81224f61,afdd95ae7b7cdb0c,31ef8b67e13495b3,a3a542074109b347,Tecia Pennington,Luana Pinheiro,1,0.598581043445185,0.601546314439999,0.450514871178171,0.716127517201397,0.599337880712477
2025-05-17,8ad022dd81224f61,18a7dc86279066f8,798e48f9e7f6ba22,b671bdf981ad527d,Carlos Hernandez,HyunSung Park,0,0.385931261522376,0.389077125399201,0.296243481496496,0.482580291855217,0.386732561979798
2025-05-17,8ad022dd81224f61,66887532be2de5ee,ac7c765882f2c68c,cffb87059e645bd1,Elise Reed,Denise Gomes,0,0.182910902554778,0.156043980790218,0.102750898419563,0.226183959239939,0.175735954860482
2025-05-17,8ad022dd81224f61,f75fe8b384b0db11,2c5f5749569eef66,5078e1dacf9d25f4,Tainara Lisboa,Luana Santos,0,0.296791264383038,0.275925829315878,0.190721135794206,0.370218214680199,0.291384456471215
2025-05-17,8ad022dd81224f61,d6e2bc6e6c0cc4fe,36e78278a77006d4,70380ccdc81915b8,Connor Matthews,Yadier del Valle,0,0.316169222660104,0.27312448508861,0.20873513533566,0.347510700937826,0.304847750649592
2025-05-17,8ad022dd81224f61,8ba31cf0b3164b72,7026eca45f65377b,d945aae53e3e54e6,Jared Gordon,Thiago Moises,1,0.54515395680704,0.618284616698295,0.47448967209497,0.760444309777505,0.564121467409985
2025-05-17,8ad022dd81224f61,a9a6cca4bbf7a5db,5eb50529a8418b77,72f890c5d421e705,Gabe Green,Matheus Camilo,1,0.330328877193389,0.297549410079975,0.213283865408734,0.38992280564952,0.321795292400971
2025-05-17,8ad022dd81224f61,fe2acfdaaaec3dba,20bccc9bb4ceb23e,902ec2cc48c8ae8a,Melquizael Costa,Julian Erosa,1,0.695235393252749,0.751347337665475,0.630435666996115,0.852857645575619,0.710207325833732
2025-05-17,8ad022dd81224f61,b3044bf646306e7f,49d2a08964c5eb11,71505842fb6455c3,Nursulton Ruziboev,Dustin Stoltzfus,1,0.637947661180823,0.609624071415781,0.486767911975939,0.738320817459978,0.630806920067564
2025-05-17,8ad022dd81224f61,dcb27eef6441268c,480779d7f9a424d3,94426bb170c88115,Mairon Santos,Sodiq Yusuff,1,0.656963494475749,0.657090835660952,0.543332182469299,0.7630570786578,0.65699596854793
2025-05-17,8ad022dd81224f61,a81ad236a2f221f2,23024fdfc966410a,c32aeb1a59e6272d,Gilbert Burns,Michael Morales,0,0.179543502544098,0.159490759801518,0.100655403048034,0.23754534778748,0.174250028790758
2025-05-31,2a898bf9fb7710b3,73240bea13ed5e71,02bb48869eb7ac8f,87f8699fdcc2c404,Rayanne dos Santos,Alice Ardelean,0,0.671689506944286,0.709588495432257,0.651349962343042,0.762406375443759,0.681595009501809
2025-05-31,2a898bf9fb7710b3,ae89ba793121fe0c,01c9e4013afce141,4bdedbdeedff7d1d,Michael Aswell,Bolaji Oki,0,0.43379623162479,0.423470602619688,0.360584607414013,0.492793288778987,0.431157366408571
2025-05-31,2a898bf9fb7710b3,2521fed000747f47,a7151778b3381036,ac026518a9b4dc0f,Kurt Holobaugh,Jordan Leavitt,0,0.202467860114048,0.162770669450079,0.084528857297622,0.272057928479861,0.191703570678661
2025-05-31,2a898bf9fb7710b3,baa2ee0bf7f97079,253076a23d03dcd0,65adf3856c4d9256,Allan Nascimento,Jafel Filho,1,0.540832172148307,0.565560356842,0.413899177987986,0.700405880918672,0.547161931351592
2025-05-31,2a898bf9fb7710b3,ad68450307a21ab1,23dec7c47cb418f8,866fd7b1a6c90e7f,Zachary Reese,Dusko Todorovic,1,0.668792450397734,0.676391156726964,0.564724069791467,0.789341063356299,0.670738691090541
2025-05-31,2a898bf9fb7710b3,106918bfbe24335d,9cdd2da1a9104a0b,b9706f80d005036c,Macy Chiasson,Ketlen Vieira,0,0.60479489856121,0.684885255612545,0.516510226091139,0.820192719860894,0.625965201549332
2025-05-31,2a898bf9fb7710b3,7aaa810540132a4b,0abcf6bc47191219,e4277e87a789d687,Bruno Lopes,Dustin Jacoby,0,0.538758994075606,0.495046604651536,0.386857133725369,0.608875236906213,0.527642153952991
2025-05-31,2a898bf9fb7710b3,305d8c85b35a7d4e,3d074044a33825e7,fa07345cc9db5cc9,Ramiz Brahimaj,Billy Ray Goff,1,0.192489772132574,0.1567883406846,0.0924696834526507,0.247978989965487,0.182835028810009
2025-05-31,2a898bf9fb7710b3,212527d462690304,5b86d491d63890c5,72db2a14ffa73ece,Ludovit Klein,Mateusz Gamrot,0,0.301244914374709,0.286465372540233,0.179495905286163,0.421972081952406,0.297435045837295
2025-06-07,18c49685296c60e6,0e8599eca8ccfa32,001eb2ab0f30e7ea,e2be0c1a9b886d92,Mark Choinski,MarQuel Mederos,0,0.351597060582338,0.357160651396437,0.29193495545587,0.424066534096365,0.353012020560697
2025-06-07,18c49685296c60e6,2e4064e0e6d4d92e,17734443a833cdf7,c739c2995a275314,Quillan Salkilld,Yanal Ashmouz,1,0.597252269267411,0.620641879661359,0.543444889392901,0.697106208012351,0.603263428640158
2025-06-07,18c49685296c60e6,9f4a0de31375ba04,57186c150c645200,a44020ea2e8cd026,Jeka Saragih,JooSang Yoo,0,0.380898444470832,0.374089646907458,0.300714348244151,0.44861080373012,0.379157631812849
2025-06-07,18c49685296c60e6,d078e9046aa86307,2997e7fe3c9d3d4a,6551c64fbcd1a467,Wang Cong,Ariane da Silva,1,0.608008528053872,0.603935417801115,0.498542314400232,0.704947469826064,0.606971290201519
2025-06-07,18c49685296c60e6,f0488a4486a64af0,2558ae2e5671e318,2caf993f53541fa1,Khaos Williams,Andreas Gustafsson,0,0.628132127210326,0.61567871433792,0.510986819188835,0.71119438665312,0.624971902671223
2025-06-07,18c49685296c60e6,ac977a0389682124,e2f6b2769aaedd6c,fc08099550072fe4,Serghei Spivac,Waldo Cortes-Acosta,0,0.546047879512206,0.56262237742101,0.432440668895538,0.696394167017163,0.550285568352922
2025-06-07,18c49685296c60e6,01100a90b584215d,49edd0d90f60fb7d,e90a2f22417af68e,Brendson Ribeiro,Azamat Murzakanov,0,0.312891511244947,0.274418623998891,0.187604043662908,0.370639800152985,0.302803191334429
2025-06-07,18c49685296c60e6,b6a87389bdc36a00,17e97649403ba428,294aa73dbf37d281,Joshua Van,Bruno Silva,1,0.800318201206519,0.834300732970154,0.755737167755854,0.898248210499912,0.809452814538078
2025-06-07,18c49685296c60e6,2129acab2280bd29,3a46b268013afede,6d4b63c767106d3a,Kevin Holland,Vicente Luque,1,0.561730255948566,0.610053487691668,0.460317368299729,0.751407532227255,0.574203244298341
2025-06-07,18c49685296c60e6,df5dac45fc585fb0,2cfba6c837c03ed0,bc711b6dd95c1af6,Patchy Mix,Mario Bautista,0,0.157598602311073,0.109734437272942,0.0664154184634339,0.164411061034367,0.143981874628081
2025-06-07,18c49685296c60e6,e28e829800466aca,8c0580d4fff106c1,c1085e1701b13eca,Kelvin Gastelum,Joe Pyfer,0,0.31819244225268,0.231018389007708,0.136348908694646,0.348376708560863,0.29433690498554
2025-06-07,18c49685296c60e6,81b84b34f0357fa5,1af1170ed937cba7,3253b16d38ae087d,Kayla Harrison,Julianna Pena,1,0.649334655329342,0.664948800208336,0.536508577716937,0.773147320342165,0.65334836011087
2025-06-07,18c49685296c60e6,e61d83e4e1f9c4d7,b50a426a33da0012,c03520b5c88ed6b4,Sean O'Malley,Merab Dvalishvili,0,0.473948018961229,0.457756272347728,0.332911397731289,0.596266706931199,0.469812559046006
2025-06-14,de277a4abcfeea46,ab325ea526824723,2c483cf443f38ece,5c637af9472ae7cc,Vanessa Demopoulos,Jamey-Lyn Horth,0,0.16463545120026,0.0978907488117837,0.0556476779989983,0.15113534487052,0.144759965490366
2025-06-14,de277a4abcfeea46,2ae7404681deb3b3,1497e735d9f2560a,8e382b585a92affe,Ange Loosa,Phil Rowe,0,0.53799488205433,0.517291672522866,0.388412726841011,0.644949556481032,0.532725159769424
2025-06-14,de277a4abcfeea46,59c4fdb3c0673066,5987b2458f4b5290,5c84f673b7bb7c15,Ricky Simon,Cameron Smotherman,1,0.628025339483248,0.683249845209259,0.579469784665453,0.77190090882885,0.642499142827038
2025-06-14,de277a4abcfeea46,b39b8ff0d7de211a,7f6ed67d3ed3c036,88be62d6c1e6dadb,Cody Durden,Jose Ochoa,0,0.326773554641813,0.296697421641179,0.213645060562912,0.38879716438559,0.318954525794416
2025-06-14,de277a4abcfeea46,f6454f2e508626ec,2e45d08b3f2f02c8,9c27f3217891f3f0,Malcolm Wellmaker,Kris Moutinho,1,0.843749245055818,0.882235496976789,0.756601144451801,0.956959068013766,0.854442081948407
2025-06-14,de277a4abcfeea46,e861e9cc0118c670,523fa774700d7d3f,c58f51dedb310998,Court McGee,Michael Chiesa,0,0.195783350717104,0.165166025068208,0.0887496241993209,0.256016983374769,0.187589085573586
2025-06-14,de277a4abcfeea46,ec2034b134ae71cd,46e2011d92463b7e,a495f599e787614f,Oumar Sy,Alonzo Menifield,0,0.84701058781468,0.905109405344659,0.858471276002527,0.943016953442843,0.864134238270803
2025-06-14,de277a4abcfeea46,08c04f18b0f58d71,841695e02c99a521,f14f644d41ade29f,Mansur Abdul-Malik,Cody Brundage,1,0.787599090271873,0.816163762068345,0.74357825184072,0.877735166854713,0.795178508983326
2025-06-14,de277a4abcfeea46,1714950933f88ab9,b9f28e7045fdfce7,d8c7c61b176e3994,Raoni Barcelos,Cody Garbrandt,1,0.624913498012021,0.7115990952326,0.5895056727974,0.82035641035727,0.648076861221515
2025-06-14,de277a4abcfeea46,e5bd7e6e2a50a843,4144798612ef96e5,5f61780fe5e9b6d0,Edmen Shahbazyan,Andre Petroski,1,0.510446878338955,0.477954701271283,0.36658574880868,0.593861049858358,0.5021588651823
2025-06-14,de277a4abcfeea46,79dfbbdd14fbbd11,47b63240018d5d86,f29a6350c69f4a33,Rose Namajunas,Miranda Maverick,1,0.550136857852951,0.585615548451395,0.479472390791934,0.694950336436899,0.559247400036264
2025-06-14,de277a4abcfeea46,d75b3d3c2b209b75,b9437600497350f3,f1b2aa7853d1ed6e,Joaquin Buckley,Kamaru Usman,0,0.601731277787269,0.677891660092573,0.499564340728585,0.812818570710834,0.62179986443012
2025-06-21,400c7b43c86d27d3,a12d3a6c8aaf87ca,3329d692aea4dc28,da7f113b5ea39c43,Hamdy Abdelwahab,Mohammed Usman,0,0.551925756633253,0.520518069339697,0.416518369823009,0.62704485646632,0.54394604662528
2025-06-21,400c7b43c86d27d3,8c140756bf43dcc2,7f1bf0c255ec8756,f00ac08ab056af5d,Azat Maksum,Tagir Ulanbekov,0,0.299750091254737,0.260638882658052,0.158683581097457,0.373047737908538,0.289461777353964
2025-06-21,400c7b43c86d27d3,2bfc0212f2cae65b,103e2e33a60683e1,9f5e3c20ce40b344,Irina Alekseeva,Klaudia Sygula,0,0.451507307917462,0.408994880586878,0.331880909169535,0.488892138442945,0.440573490727024
2025-06-21,400c7b43c86d27d3,fff3218758c513b8,07047eb7d17fb0a2,bd532e9a2b93870c,Daria Zhelezniakova,Melissa Mullins,1,0.656711070653512,0.698685284457922,0.612911748170296,0.77425561149048,0.667683583083416
2025-06-21,400c7b43c86d27d3,5fcf18bcd2a020f1,285ae0b4a68221f4,6a96ad1bc34fb113,JunYong Park,Ismail Naurdiev,1,0.413396062194296,0.405572068787179,0.260867577726632,0.575912093937031,0.411396623783466
2025-06-21,400c7b43c86d27d3,e512b80bbaea36c2,4a07b1988477502c,6b56e94a59b7b134,Seokhyeon Ko,Oban Elliott,1,0.208226689120713,0.171802608913272,0.133111535224371,0.213262509084846,0.198428026590992
2025-06-21,400c7b43c86d27d3,19764211af05674c,8d11d9c13e2ccdf7,fb37795db81f93f3,Muhammad Naimov,Bogdan Grad,1,0.477695199202146,0.45760256586149,0.376556674705558,0.540326467000025,0.472562121284306
2025-06-21,400c7b43c86d27d3,7513a00037094075,37f560436d745c18,ff62013d2fce6d13,Nikolas Motta,Nazim Sadykhov,0,0.396197985164966,0.387767890917768,0.296895641687854,0.484941622755073,0.394042232124006
2025-06-21,400c7b43c86d27d3,36ec204f47e4d613,ae81a3ac7b260411,bf2c8e01b07d3eb1,Tofiq Musayev,Myktybek Orolbai,0,0.117706985353892,0.0641196109440466,0.0386020288270295,0.102937249496488,0.101172841197583
2025-06-21,400c7b43c86d27d3,8e5744c664fec3e9,739fd4fbb5d862f4,fa6796c55d6c5440,Rizvan Kuniev,Curtis Blaydes,0,0.114916767890318,0.0639285857683962,0.0162323406495988,0.151390918625423,0.0992757039313174
2025-06-21,400c7b43c86d27d3,a1afc16e21d1a807,c814b4c899793af6,e4a47b07044ddd72,Rafael Fiziev,Ignacio Bahamondes,1,0.294284594242741,0.306114328388996,0.201850782461922,0.431576371145855,0.297275804418153
2025-06-21,400c7b43c86d27d3,03bc32bdb5a33496,5444c5a201d3ee5a,749f572d1d3161fb,Jamahal Hill,Khalil Rountree Jr.,0,0.68463846454148,0.730109047729538,0.64546019598198,0.805629429993846,0.696623876567134
2025-06-28,66766984842c13dc,043172689e415438,25f9a5f3e8a52618,ab2a4b5e04dc5fe9,Jhonata Diniz,Alvin Hines,1,0.617219008723051,0.635234222591231,0.563887633594251,0.701055982630002,0.621845802678652
2025-06-28,66766984842c13dc,9bff9fe298e63357,85497ffd934ecf7e,d8da10db80131bec,Jacobe Smith,Niko Price,1,0.666975291686121,0.677348771394301,0.576276046312647,0.770873525385707,0.669636438858316
2025-06-28,66766984842c13dc,d7be78c400e7e0f9,19c591115a58982c,809bd1a871491508,Viacheslav Borshchev,Terrance McKinney,0,0.381246506779942,0.383094625998859,0.268906070415172,0.508083226112379,0.381717451896825
2025-06-28,66766984842c13dc,815ff62ca8e217be,36541f1e6c5d4955,68d4a891e5cf2029,Viviane Araujo,Tracy Cortez,0,0.369306185030785,0.354315540944313,0.243569090859705,0.466777613637288,0.365458213631691
2025-06-28,66766984842c13dc,2f523b757f7f33a2,41cc71cbf210e0fe,7d6ceff6747f2de2,Hyder Amil,Jose Delgado,0,0.45858518028073,0.418186195151163,0.316289148340684,0.522070418877358,0.448209789707677
2025-06-28,66766984842c13dc,958522de54ccc536,0a1942069c9ad6b6,d1c65d2cf2925ddd,Jack Hermansson,Gregory Rodrigues,0,0.548855076851278,0.571750953267523,0.451747459210117,0.687833438139172,0.554717165533162
2025-06-28,66766984842c13dc,f6a3c78f15ff26c7,6e743a33d56bdaa4,9256f591b30c073e,Payton Talbott,Felipe Lima,1,0.368728804990787,0.292572669392726,0.194609465275121,0.40532192671483,0.348483444098644
2025-06-28,66766984842c13dc,1ea9ad3b6e1cba79,08af939f41b5a57b,b6452706b373eea1,Beneil Dariush,Renato Moicano,1,0.416264197166026,0.454162486492989,0.283987246488547,0.639024731854134,0.425852909853681
2025-06-28,66766984842c13dc,f722b96ae6862843,17e97649403ba428,6e15f63b6c2e2c15,Joshua Van,Brandon Royval,1,0.687957297594537,0.695862526509788,0.570725994031213,0.809431756786024,0.689983791445725
2025-06-28,66766984842c13dc,8308464729ea7c40,853eb0dd5c0e2149,a0f0004aadf10b71,Kai Kara-France,Alexandre Pantoja,0,0.380508674649825,0.404295225670184,0.268010671654301,0.543587656565989,0.386524906015025
2025-06-28,66766984842c13dc,7a64d63e12618ba7,07225ba28ae309b6,54f64b5e283b0ce7,Charles Oliveira,Ilia Topuria,0,0.249839898075172,0.192740019500459,0.0764603879455941,0.363008002185329,0.234272816170533
2025-07-12,7b03d9df5910917d,120d66cb0da0f3c3,3f4c3bc822bea45d,745fa7b605f8e2da,Melissa Martinez,Fatima Kline,0,0.279297561895098,0.25211026370223,0.17369452073167,0.336319373786861,0.272196706168682
2025-07-12,7b03d9df5910917d,7f33fbdc35afd721,e99eb0ef25885de5,fb3e61720be4690c,Mitch Ramirez,Mike Davis,0,0.200170091806027,0.165970336410155,0.0867777763483635,0.264194669274255,0.190975400637641
2025-07-12,7b03d9df5910917d,5c650ae2193ab1bc,8667caa0451d245b,f5779a2303ed76ec,Kennedy Nzechukwu,Valter Walker,0,0.570314954380777,0.645617854419641,0.522669656885331,0.761725213324256,0.589982606724203
2025-07-12,7b03d9df5910917d,46bc1338a50cbeac,729d4bd5a6cd0a97,de594b35c45c2e9a,Lauren Murphy,Eduarda Moura,0,0.202166934909092,0.169848604911897,0.0996143321479983,0.257405940249763,0.193512121923613
2025-07-12,7b03d9df5910917d,d5e3be7a07c48b08,a845f0735bc67405,c68c68efaa5ca6ef,Jake Matthews,Chidi Njokuani,1,0.562258033249604,0.550268520830468,0.430333717044165,0.682799488918787,0.55920704582094
2025-07-12,7b03d9df5910917d,236f811290163dca,5442f1bc4b47eaf3,b0d6a1d8ac3d563d,Chris Curtis,Max Griffin,1,0.513348666894496,0.460395053554608,0.318041654784355,0.60458513309498,0.499826689628492
2025-07-12,7b03d9df5910917d,b19bf99c7eb796bc,3e8118c1ab52f211,c15fa95b9a12fde4,Tuco Tokkos,Junior Tafa,1,0.390300611584406,0.380218529754106,0.278368715825449,0.499700730696776,0.387720390042164
2025-07-12,7b03d9df5910917d,4b75d3b7738cb278,71171fc96445bf65,be9bdec19b7e9ffe,Vitor Petrino,Austen Lane,1,0.790801527657505,0.801344863666882,0.705253543313154,0.880169484461562,0.793528604832771
2025-07-12,7b03d9df5910917d,4e5d4a36eaaa3a78,583ee11abddfc581,5b03b61f9d90125e,Nate Landwehr,Morgan Charriere,0,0.294871050764815,0.285850309172312,0.204063196602804,0.376436834295964,0.292555068968214
2025-07-12,7b03d9df5910917d,f368475c366c6d85,751de04455cfaac0,97cf1a2c7c5e7889,Calvin Kattar,Steve Garcia,0,0.288470951901349,0.253836282107096,0.101945952735857,0.463442885211967,0.279376327102835
2025-07-12,7b03d9df5910917d,2a03bc4c491b4c9a,01641ba5df0c69b0,4a28cb716c19157a,Gabriel Bonfim,Stephen Thompson,1,0.879810181959038,0.938712094854534,0.893631393961341,0.968787724490596,0.898338474378869
2025-07-12,7b03d9df5910917d,0adfc21045c02555,17923f676f100e16,d3df1add9d9a7efb,Tallison Teixeira,Derrick Lewis,0,0.777489911971322,0.809172566523479,0.706607375021434,0.887676941056263,0.785911034939419
2025-07-19,b8e2f10efb6eca85,a602c68147b752b2,f1ab6f37492c630a,fc0a4053eb8a3a59,Carli Judice,Nicolle Caliari,1,0.587521091231449,0.569887216479452,0.488765014479189,0.647347531411023,0.583043870058615
2025-07-19,b8e2f10efb6eca85,74099d470e8d2765,1e719d4b676dc19a,3eeec2f53cebdf12,Brunno Ferreira,Jackson McVey,1,0.502157275368014,0.491213241834195,0.407008849142522,0.57840184917181,0.499366333014254
2025-07-19,b8e2f10efb6eca85,182ee320edb1b5ed,0c25d0a5e8cdbf19,a67f5afa8d6a1b80,Lukasz Brzeski,Ryan Spann,0,0.527663362886683,0.631263580655976,0.495745376488305,0.752238361481892,0.554685223974001
2025-07-19,b8e2f10efb6eca85,798652dbea086910,6370c1c1e12723d5,70e1f8a821b72c8b,Marcin Prachnio,Jimmy Crute,0,0.273160898676269,0.241657027336574,0.134955902347053,0.373930635819087,0.26488874732344
2025-07-19,b8e2f10efb6eca85,37bc72d5d211b189,a01a62132460a98d,e803242fb2e41112,Adam Fugitt,Islam Dulatov,0,0.374180771348788,0.356518136017423,0.288346017757488,0.427850220200646,0.369642693418292
2025-07-19,b8e2f10efb6eca85,72e477b41f44e358,0cd0456d6029cec2,2f815ed5f8278ba6,Robert Valentin,Ateba Gautier,0,0.254399970386714,0.235328813112125,0.157235970687923,0.329091159053253,0.249441612432592
2025-07-19,b8e2f10efb6eca85,df2ed8b509fbdbdc,0f1efce7d2571d10,3920d0cc288f9b0d,Nikolay Veretennikov,Francisco Prado,1,0.258731513844867,0.260904540724159,0.176497627441973,0.353651853680044,0.259284513690087
2025-07-19,b8e2f10efb6eca85,8e1feda9141602f1,2f181c0467965b98,7acbb0972e75281a,Brendan Allen,Marvin Vettori,1,0.696422394775634,0.715693654150458,0.578228646216125,0.821572861849497,0.701406320821587
2025-07-19,b8e2f10efb6eca85,d2cb92fdf6a497e9,18d01f7f8338ae72,60425d07ef4b91a7,Vinicius Oliveira,Kyler Phillips,1,0.473493861424068,0.470351967213984,0.384567522276744,0.554926622341042,0.47269247092543
2025-07-19,b8e2f10efb6eca85,a95b03e9b5a91e47,4148802ae4a50768,511e82663651438d,Daniel Zellhuber,Michael Johnson,0,0.780763282231422,0.835096911288807,0.745997108672484,0.903220157899457,0.795743048291784
2025-07-19,b8e2f10efb6eca85,acc961fd5cf5c62e,82a5152216251682,98a58c26c5b1ed17,Dan Ige,Patricio Freire,0,0.823741013665382,0.826666000317949,0.746459293807975,0.888893411088778,0.824490549264286
2025-07-19,b8e2f10efb6eca85,5dde61734080ac4a,3a46b268013afede,8a1f3b5c526cd6e6,Kevin Holland,Daniel Rodriguez,0,0.717057623189244,0.758065861711697,0.650913243461727,0.852433629051386,0.727905484808659
2025-07-19,b8e2f10efb6eca85,23c963be9de38205,2e5c2aa8e4ab9d82,9d83f6da776ff7d6,Paulo Costa,Roman Kopylov,1,0.403202478209734,0.390830307292546,0.287124351760469,0.50731533758723,0.400035182607367
2025-07-19,b8e2f10efb6eca85,d7507e2741fd4d05,029eaff01e6bb8f0,150ff4cc642270b9,Dustin Poirier,Max Holloway,0,0.342163794118522,0.299876131400045,0.170632932215621,0.456205430591311,0.331104734462866
2025-07-26,28d8638ea0a71908,0a598768f5c8d540,095854a135e6db55,8eb046f83e82bf26,Marcus Buchecha,Martin Buday,0,0.393645632869351,0.439170689452487,0.349542082427799,0.531113438589847,0.405113124960451
2025-07-26,28d8638ea0a71908,23ddf51ce630028d,3753714927f18437,69037fc7730e4225,Mohammad Yahya,Steven Nguyen,0,0.50399224903422,0.494800718440206,0.403388304643646,0.590640965885228,0.501648423706775
2025-07-26,28d8638ea0a71908,f9dac7702609669f,07a74004d964c7f4,6e8f1bcdda94ff45,Billy Elekana,Ibo Aslan,1,0.309514911908441,0.319043714839943,0.247522927050173,0.397023830572039,0.31192984182618
2025-07-26,28d8638ea0a71908,3e6067763978d862,beecb672a279223e,d25240135aee03e5,Amanda Ribas,Tabatha Ricci,0,0.352804130749655,0.303282919893892,0.214069309236693,0.395607824123973,0.339818074087958
2025-07-26,28d8638ea0a71908,017a825c7820d12e,113df4fde64735c6,da22387a0407a2dc,Davey Grant,Da'Mon Blackshear,1,0.262578921226229,0.254979020608929,0.160823066217867,0.353293497970854,0.260627164811266
2025-07-26,28d8638ea0a71908,7c075e3383198e14,28d421729451c8ca,447f9858ae78f921,Carlos Leal,Muslim Salikhov,0,0.68022209884813,0.731949752556596,0.652639885253703,0.803307444013759,0.693913044296002
2025-07-26,28d8638ea0a71908,e72c691b7c68b03a,0fd5f4b838e890cc,d9c6f19f958643e9,Said Nurmagomedov,Bryce Mitchell,0,0.518081879510496,0.570278813556564,0.392675581059906,0.725450022242732,0.531475703979099
2025-07-26,28d8638ea0a71908,77f960d82cda0b76,1091d4d957141094,ef5dcb10d2bd4b0f,Nikita Krylov,Bogdan Guskov,0,0.693569324600931,0.775533327608667,0.625915128993027,0.881164025589788,0.716001891670972
2025-07-26,28d8638ea0a71908,887c61da1a78a5e1,88be62d6c1e6dadb,8d3273573b85be09,Jose Ochoa,Asu Almabayev,0,0.535192085538825,0.532949645209324,0.454352006128258,0.615894461102789,0.534620396099104
2025-07-26,28d8638ea0a71908,582d66ce97309e29,06734ca9d88dec3a,8e9eb3fc86db0f7d,Shara Magomedov,Marc-Andre Barriault,1,0.755794304895023,0.760349765075507,0.673790819970169,0.833169163255784,0.756961490099631
2025-07-26,28d8638ea0a71908,d4d4ee045b0ca695,c0ac37a4a1133da9,d661ce4da776fc20,Marcus McGhee,Petr Yan,0,0.342076161482908,0.315066484426227,0.210368576740724,0.435686546548142,0.335081945664315
2025-07-26,28d8638ea0a71908,6b8be0ee3e569ad2,d549cefc7c54ab78,e1147d3d2dabe1ce,Reinier de Ridder,Robert Whittaker,1,0.619246626062422,0.668304357454978,0.544211917433043,0.782225416149568,0.632037114240856
2025-08-02,f2c934689243fe4e,d98d6b2c13557a87,8bd4200561c77a62,e375cb5caf4717b6,Ketlen Souza,Piera Rodriguez,0,0.561006306590469,0.589986759846434,0.506557469567929,0.668644945604151,0.568444174329587
2025-08-02,f2c934689243fe4e,b47db03affb279c3,53c10176e3bc7416,83455a9d17f57dae,Felipe Bunes,Rafael Estevam,0,0.217793220093821,0.189320724134233,0.128595180021285,0.263540609721167,0.210250445094997
2025-08-02,f2c934689243fe4e,07c2af68b6dbc4ec,450bcab0968562c4,d3f89fa685bd8420,John Yannis,Austin Bashi,0,0.242142240460236,0.188609040494119,0.141022815742585,0.24273969083898,0.227569465824323
2025-08-02,f2c934689243fe4e,b3c695728e177fd4,22e07d3da1aa3475,7eaa5e31c2dd86aa,Andrey Pulyaev,Nick Klein,1,0.454087616314203,0.425693640098423,0.362623198658267,0.490667060520769,0.44681117732698
2025-08-02,f2c934689243fe4e,45781930d64da456,147e70aa6cc48cfc,260e9e0d4954aea6,Tresean Gore,Rodolfo Vieira,0,0.192526770028295,0.131060492880696,0.0723092871125043,0.201577824608399,0.175021417535778
2025-08-02,f2c934689243fe4e,eeeffa7f514e0c0e,a2d342ffc83913ed,d8c811df0386d5e8,Nathan Fletcher,Rinya Nakamura,0,0.682718396834426,0.739109779978071,0.643271879621265,0.824685249134433,0.697713087020033
2025-08-02,f2c934689243fe4e,111e66eb922449e4,239d8e5359022f3b,d964a59c48381cb6,Kevin Vallejos,Danny Silva,1,0.480441241477601,0.511830182375491,0.431162878649722,0.58803937486888,0.488440586664218
2025-08-02,f2c934689243fe4e,ac57250e3de89d5d,84b3e7d38f2d2ec5,8adcbd525fab8d9b,Neil Magny,Elizeu Zaleski dos Santos,1,0.563203332909127,0.654059972175623,0.524921964496563,0.765476882686606,0.587048351334187
2025-08-02,f2c934689243fe4e,c62ed8a6002b5360,351c4ec637380ad5,f2b3f4ef3f780168,Karol Rosa,Nora Cornolle,1,0.371697093588038,0.334250591124255,0.233695785713447,0.457911536105761,0.361979408360444
2025-08-02,f2c934689243fe4e,878941394f9e3538,323d4ca260dfa0ba,48a9a128784d53d1,Esteban Ribovics,Elves Brener,1,0.592082700147823,0.612487755890914,0.526515750768485,0.698404856484538,0.597319263985838
2025-08-02,f2c934689243fe4e,426a69e343822ab3,849c5d9979df5357,fd406a32a6fb3a29,Mateusz Rebecki,Chris Duncan,0,0.394453517594655,0.354509826336317,0.268468441759698,0.448104314963508,0.384108886662561
2025-08-02,f2c934689243fe4e,282c8c6c1ed82bfb,4461d7e47375a895,b671bdf981ad527d,Tatsuro Taira,HyunSung Park,1,0.683883891036245,0.721494110069461,0.629130996844502,0.802587387588563,0.693733258367482
2025-08-09,6cd3dfc54f01287f,857e8facd8ff7c36,9508cc6184cb2450,f14f644d41ade29f,Eric McConico,Cody Brundage,1,0.484407129884685,0.556606736297713,0.415198410814681,0.700278137903808,0.502876336054493
2025-08-09,6cd3dfc54f01287f,6ef50ed03b116b60,a6eb54ae17a551be,a78a87d8c2bbb1cb,Gabriella Fernandes,Julija Stoliarenko,1,0.640061966850991,0.649054443624751,0.515419739764718,0.776040208239422,0.642364696746361
2025-08-09,6cd3dfc54f01287f,7d923267c44dd93b,681399317dbf4701,b12fb759e02378de,Uros Medic,Gilbert Urbina,1,0.483457006437994,0.45478666773847,0.355349558841726,0.561827464549048,0.476128170085946
2025-08-09,6cd3dfc54f01287f,aef44145740741b3,b1e5bcaad32a3cac,f9ab66e67240db7b,Priscila Cachoeira,Joselyne Edwards,0,0.12995853563683,0.114641356875085,0.0522310134648008,0.202102292354271,0.12589477477574
2025-08-09,6cd3dfc54f01287f,ae7a8f19743e8154,148bb103cfbf123e,7478b7f959ba61f5,Toshiomi Kazama,Elijah Smith,0,0.219382544482558,0.190097240215909,0.10992115679578,0.292969888481968,0.211618625653928
2025-08-09,6cd3dfc54f01287f,3d6571790c21527c,09a4447655fd4b7b,6add18754930182b,Rafael Cerqueira,Julius Walker,0,0.152611435492244,0.10149753851747,0.0664158801726681,0.147643986037266,0.137857049903192
2025-08-09,6cd3dfc54f01287f,75a84211f50c53f5,a93f94c923c3a9cb,cad24459b28592ca,Christian Leroy Duncan,Eryk Anders,1,0.706810378232597,0.70865189771943,0.590609668587497,0.803979494793852,0.70728061131617
2025-08-09,6cd3dfc54f01287f,ed5383b50ffcdded,46e0d677f91bacc0,ffd3224638c01b57,Miles Johns,Jean Matsumoto,0,0.44662015089803,0.403360923961613,0.286520096799751,0.529829370830883,0.435484677434991
2025-08-09,6cd3dfc54f01287f,98d6771af9b0ebe5,5ec591b78349ba7e,8fd808923cffff82,Christian Rodriguez,Andre Fili,0,0.787972791557565,0.761307752750718,0.668207893466044,0.847488195751466,0.781386236340482
2025-08-09,6cd3dfc54f01287f,646c79a7ecd12e5f,abcf2cc6efc42031,f0feeb2192937424,Iasmin Lucindo,Angela Hill,1,0.802025296654494,0.816100566313208,0.733144945503844,0.88235737381295,0.80568988297159
2025-08-09,6cd3dfc54f01287f,37d58369782cb86b,32ab52e5de93092d,6d68c1afe954f121,Steve Erceg,Ode Osbourne,1,0.787914335057968,0.836885075048819,0.755443085694622,0.901331808522306,0.801344890906764
2025-08-09,6cd3dfc54f01287f,68fe62bac7fd8bb0,093e1f5bb73850be,327d5f279895110d,Anthony Hernandez,Roman Dolidze,1,0.85225110002378,0.910307813225054,0.854974271892832,0.951774380310519,0.869489190617181
2025-08-16,421ccfc6ddb17958,68c423c7119004f3,2fe9032955c2e013,30cad5a751adcb48,Joseph Morales,Alibi Idiris,1,0.487863660899927,0.485623623536567,0.329259137402894,0.646779582945311,0.487292402834658
2025-08-16,421ccfc6ddb17958,88020d22cf905792,27b388f0aab49780,9d62c2d8ee151f08,Dione Barbosa,Karine Silva,0,0.436772074665961,0.407556092993756,0.306913950976098,0.519322361491733,0.429271744963917
2025-08-16,421ccfc6ddb17958,bc63f1b2e52f603e,64a50dad704d1d49,7cbf7c78d3b34218,Edson Barboza,Drakkar Klose,0,0.384150092887771,0.336315243383797,0.189544598264402,0.49818140106169,0.371694122542982
2025-08-16,421ccfc6ddb17958,1d8dc0fb5d47357f,262a7d06203657e6,971246648e162f0d,Alexander Hernandez,Chase Hooper,1,0.216812239705902,0.147167863248403,0.0729812610407314,0.238300414086727,0.197045128823846
2025-08-16,421ccfc6ddb17958,a2eafd9e1d5031b1,6a1901c62ab3870f,8e5d953bdb9ae5e7,Jessica Andrade,Loopy Godinez,0,0.513916458047017,0.574123154636572,0.454421740630563,0.6871675224047,0.529378249782612
2025-08-16,421ccfc6ddb17958,5b880d10b0ed7acc,0d65c432720accb9,6ac9bc2953c47345,Michal Oleksiejczuk,Gerald Meerschaert,1,0.564550842245632,0.482579002188796,0.342324263344284,0.630137382435975,0.543803572551819
2025-08-16,421ccfc6ddb17958,5efd13a12be06706,64b12fe31be7560c,d1feea7a4bdcd503,Eric Nolan,Baisangur Susurkaev,0,0.412933799392811,0.403724073905477,0.372512043409665,0.43687313202514,0.410579257061357
2025-08-16,421ccfc6ddb17958,82338ba457fbe87f,c96d9178c9ed9e62,d33da8a3d82bdb62,Tim Elliott,Kai Asakura,1,0.416142546836354,0.412242451696495,0.26197837684701,0.576444263980403,0.415147006557115
2025-08-16,421ccfc6ddb17958,9939d7073462e07e,13a0275fa13c4d26,a67d071163962af8,Jared Cannonier,Michael Page,0,0.426640813626658,0.35168968091483,0.240099277962292,0.476983595582139,0.407052774804104
2025-08-16,421ccfc6ddb17958,42585ce706c086de,7ee0fd831c0fe7c3,b997be68943010fc,Carlos Prates,Geoff Neal,1,0.649382837647813,0.669374466581997,0.578511583161629,0.754252435856928,0.654534165477384
2025-08-16,421ccfc6ddb17958,9fa6a029f7f8241c,396fe87b84ac2e1c,5537efc6e496dd84,Lerone Murphy,Aaron Pico,1,0.821110807583735,0.842568549778622,0.765341860934399,0.907106351611076,0.826790947221121
2025-08-16,421ccfc6ddb17958,12cedec11b37ddc0,0d7b51c9d2649a6e,767755fd74662dbf,Dricus Du Plessis,Khamzat Chimaev,0,0.423827174225284,0.366685806720871,0.239884612710247,0.511640783163981,0.408994528635376
2025-08-23,754968e325d6f60d,7fc5f1dc2df84ac7,02f484417a6fa69d,709fadb644ee3f51,Uran Satybaldiev,Diyar Nurgozhay,1,0.530445749517564,0.546336628612282,0.449079929413307,0.638165071743987,0.534505078720033
2025-08-23,754968e325d6f60d,2f6065fe0804d1d8,86bace9e4ad85542,a474aade8eb3a8f0,Xiao Long,SuYoung You,0,0.387274093263336,0.391892809311607,0.301945956200254,0.482810944745691,0.388449975590796
2025-08-23,754968e325d6f60d,f0b7caa90faf47e5,3f11fd1751fa83b1,7b3503352cd53abb,Yizha,Westin Wilson,1,0.630400238459488,0.660951618790873,0.516800343202713,0.778942686467512,0.638302264439787
2025-08-23,754968e325d6f60d,130e622d4d2aee3e,595db60957de51d3,d6c0cdd7e467c440,Michel Pereira,Kyle Daukaus,0,0.716723003259385,0.725641480196116,0.560672031262365,0.863280916562599,0.719013804412986
2025-08-23,754968e325d6f60d,f55749e32ce5c6f3,a13d755965a4ec9f,d2cd7a69cc55e7ed,Rongzhu,Austin Hubbard,1,0.531161881005993,0.456058090835212,0.319639942868338,0.596037752516665,0.512009295858909
2025-08-23,754968e325d6f60d,1ab1ed99a4bc5494,814e5233e2acf2ee,bb2c3c3a466224af,Charles Johnson,Lone'er Kavanagh,1,0.51568361078743,0.516025623165834,0.413176869044693,0.612540237863493,0.51577082514639
2025-08-23,754968e325d6f60d,0b1460c666e66d39,8c1ca54b5089d199,b2a78df161bd67f9,Maheshate,Gauge Young,0,0.346995735591685,0.312445049464554,0.232455803651453,0.40356526147331,0.338012504085281
2025-08-23,754968e325d6f60d,1452c20d964c0a63,4729c93ba705a3bf,7498b3ac79a3b948,Kiefer Crosbie,Taiyilake Nueraji,0,0.264922659189129,0.228018969825425,0.158416213664223,0.306792890462876,0.255159554325813
2025-08-23,754968e325d6f60d,ce6bd165bef82bd7,34b96d52db1d26e6,3cf18e01cb6cbde3,Kevin Borjas,Sumudaerji,0,0.325640706854058,0.296232595367174,0.204291874523839,0.394317109825619,0.317997754121612
2025-08-23,754968e325d6f60d,5538d15c4eeac3b3,f14cf73e51b29254,fc08099550072fe4,Sergei Pavlovich,Waldo Cortes-Acosta,1,0.59543892714684,0.592341072813761,0.470870312266048,0.718140573557808,0.594649687654882
2025-08-23,754968e325d6f60d,58080e8989927500,cb696ebfb6598724,def8166ff24bd237,Aljamain Sterling,Brian Ortega,1,0.718332367026396,0.787461294340407,0.64176640072992,0.898264726742039,0.737195590343933
2025-08-23,754968e325d6f60d,2eecf0c36192e40c,8a65fd9ba31fd3f7,c21f26bbde777573,Zhang Mingyang,Johnny Walker,0,0.722145876762398,0.76892406403482,0.666253850900492,0.852560973758707,0.734611125678348
2025-09-06,6e380a4d73ab4f0e,a38010639e61885c,9c442aaf149ea982,e94085e821bd81de,Shauna Bannon,Sam Hughes,0,0.409663775509965,0.39181461258155,0.309865507033938,0.479952732710595,0.405087562851427
2025-09-06,6e380a4d73ab4f0e,d56a59a4c79cf515,2caf993f53541fa1,8f765fd5775a8873,Andreas Gustafsson,Rinat Fakhretdinov,0,0.362903119829563,0.352864574071737,0.251666265384615,0.453707136971119,0.360331512503866
2025-09-06,6e380a4d73ab4f0e,b3253e2c2d111030,0c6d9ea8306c029e,f96856f9d69fd7e4,Brad Tavares,Robert Bryczek,0,0.58242159796225,0.578623448414504,0.44555732177076,0.693414030849369,0.581453981640529
2025-09-06,6e380a4d73ab4f0e,420211200a35c1d1,31dbfbe4e7a6727c,8b6e5dc2ba1edbe7,Trey Waters,Sam Patterson,0,0.488943080171721,0.466892240745835,0.362460843010508,0.574598489258808,0.483312615063237
2025-09-06,6e380a4d73ab4f0e,5cd2dd6075fadcce,2dbc60c52de126d8,ec13c393d029297d,Harry Hardwick,Kaue Fernandes,0,0.317005111164854,0.282356396139873,0.229723492488737,0.342592740061858,0.307953591485356
2025-09-06,6e380a4d73ab4f0e,23dbe713c4294c66,7d8435c56043b0ae,c9cf753cfdf77fc2,Ante Delija,Marcin Tybura,1,0.330323581714888,0.323474723266171,0.230040029061069,0.430844936996544,0.328570132730984
2025-09-06,6e380a4d73ab4f0e,4080b4310d82b42d,46e2011d92463b7e,49edd0d90f60fb7d,Oumar Sy,Brendson Ribeiro,1,0.846435535064222,0.886903479329422,0.843913709584313,0.924017027643555,0.85776158095686
2025-09-06,6e380a4d73ab4f0e,b53031bf4bd0a330,92aed9d16794f42b,e1d40e8782d80bc2,Robert Ruchala,William Gomis,0,0.233300133175997,0.222459080591651,0.169802048128673,0.278494641707137,0.230501150563993
2025-09-06,6e380a4d73ab4f0e,a47123ae6e048f11,1d2d98ddd05b38fb,f748267c4ab6c127,Axel Sola,Rhys McKee,1,0.552420528444845,0.538628283843582,0.431329395132958,0.648401369478561,0.548910312576764
2025-09-06,6e380a4d73ab4f0e,69b31593175f77ec,4bdedbdeedff7d1d,f6ad6a1e4d600e0d,Bolaji Oki,Mason Jones,0,0.50486054182721,0.5070348466237,0.385757119785871,0.627424209709035,0.505415008974682
2025-09-06,6e380a4d73ab4f0e,0149e875b31e57f8,476fe566d2df676e,eabf206b162b3b83,Modestas Bukauskas,Paul Craig,1,0.627575071742347,0.564099435213397,0.408179777249944,0.719775061844088,0.611709817116177
2025-09-06,6e380a4d73ab4f0e,d14fea43712707f0,9c393e836a852f30,c2299ec916bc7c56,Mauricio Ruffy,Benoit Saint Denis,0,0.44674292694977,0.465819593443021,0.350662826735067,0.587490674789905,0.451594850897186
2025-09-06,6e380a4d73ab4f0e,5bcd8abf6da01dae,4126a78111c0855a,881bf86d4cba8578,Caio Borralho,Nassourdine Imavov,0,0.407761554700605,0.403685739394816,0.278014037910609,0.544851584116528,0.406720994284576
2025-09-13,5efaaf313b652dd7,3dd2fde7bff79c51,70dd69b6a703257e,c06d6b18862f9a53,Daniil Donchenko,Rodrigo Sezinando,1,0.564218913790253,0.569775153916343,0.54744206453684,0.590932918601426,0.565637341728314
2025-09-13,5efaaf313b652dd7,c4a6174b0698652e,60193e707634e560,81d2c551886bd5a1,Montse Rendon,Alice Pereira,1,0.2462154660479,0.1981052592354,0.140262945070416,0.265250570196515,0.233238263093847
2025-09-13,5efaaf313b652dd7,a1e193425e716b42,3fa97913cfd205d3,5e9ca8dd7d783a75,Alessandro Costa,Alden Coria,0,0.570527589233938,0.582981233223074,0.498354870652399,0.659676016622113,0.573712409609014
2025-09-13,5efaaf313b652dd7,3dc1a6335d890650,29162be25ebef5f0,c051c2e12d692b8a,Luis Gurule,Jesus Aguilar,0,0.251439203306687,0.2278617882124,0.154466041145188,0.314390662301642,0.24527623062253
2025-09-13,5efaaf313b652dd7,9474f64347aade7a,3df5493bb279226f,b08012bbe542592a,Amanda Lemos,Tatiana Suarez,0,0.141250683396233,0.0877318857468868,0.0446916061108787,0.157675548817664,0.125450133861867
2025-09-13,5efaaf313b652dd7,352839a03b428e74,ae7fe94f117f98cf,d747eb273a40a920,Joaquim Silva,Claudio Puelles,1,0.259928468546763,0.184687397339476,0.0988970635081481,0.289931198395698,0.238999130511155
2025-09-13,5efaaf313b652dd7,07a378b257aad5a9,866fd7b1a6c90e7f,baa9be02c3e3e038,Dusko Todorovic,Jose Daniel Medina,1,0.615060991821405,0.657110886206204,0.545440960025337,0.768312776082812,0.625977332145106
2025-09-13,5efaaf313b652dd7,8a884a7930d75ca9,32feae6d9a1e5047,faf317c665546a36,Quang Le,Santiago Luna,0,0.328599530952764,0.316099420366289,0.248500745689485,0.394250859089048,0.325387963499378
2025-09-13,5efaaf313b652dd7,202c47db69768356,262a7d06203657e6,f53d4f21d1b5f2dc,Alexander Hernandez,Diego Ferreira,1,0.575507253932145,0.569854701833075,0.423587377420064,0.700348576416065,0.574067670325644
2025-09-13,5efaaf313b652dd7,114d2f6fcd3f6f00,71505842fb6455c3,8c0580d4fff106c1,Dustin Stoltzfus,Kelvin Gastelum,0,0.458469139987081,0.518931662262617,0.370271015279437,0.666873248910327,0.473841808599951
2025-09-13,5efaaf313b652dd7,7cbfeba85f86d1bf,7026eca45f65377b,e132d47bd9efbbe0,Jared Gordon,Rafa Garcia,0,0.519877541042368,0.594479253051413,0.43302871353135,0.751383587739589,0.539121656058697
2025-09-13,5efaaf313b652dd7,944b929130b23c2a,05339613bf8e9808,9a97acbfd5a08bfa,Rob Font,David Martinez,0,0.476887554705844,0.461642960726523,0.334132067708886,0.587718573741328,0.472994962083652
2025-09-13,5efaaf313b652dd7,de1a3734be60e6a1,52ef95b5860fb28c,f166e93d04a8c274,Jean Silva,Diego Lopes,0,0.57913853456263,0.604531900971607,0.520694792951462,0.685698788282911,0.585659446861602
2025-09-27,ed220e87bef0cc64,e35f7504d83b8b07,4e30e4250cb08b61,545092d13c67aa49,Loma Lookboonmee,Alexia Thainara,0,0.427938192008351,0.396084182471651,0.282901185669548,0.511176018724828,0.419747300911379
2025-09-27,ed220e87bef0cc64,140937779a2466a7,87e4a3a5080ee7ce,d0fd0d9ee560dae7,Elisha Ellison,Brando Pericic,0,0.522574310279138,0.524230307347277,0.487880404821548,0.559724254472779,0.52299663712914
2025-09-27,ed220e87bef0cc64,44cd8c9f622e155f,528b071cf3da7c56,ca80d72da81d7224,Luana Carolina,Michelle Montague,0,0.541574607664913,0.507513935750712,0.395410540583551,0.620149043891375,0.532913315816767
2025-09-27,ed220e87bef0cc64,81127436605d3c88,723b64c0e9a8f348,ed7d329d7c29428d,Josias Musasa,Colby Thicknesse,0,0.418983306034158,0.409633445102485,0.345611260588534,0.481094838074136,0.416593280978583
2025-09-27,ed220e87bef0cc64,e2dc4fb7b5c0ce76,40a456a25d52ee65,af9f42e6894047fc,Rolando Bedoya,Jamie Mullarkey,0,0.549401059539715,0.524515537427332,0.394370123095366,0.657038088621198,0.543073714990373
2025-09-27,ed220e87bef0cc64,93a0a19c2c1cfe66,5f61780fe5e9b6d0,8ebc3a8da015d70c,Andre Petroski,Cam Rowston,0,0.584802812641251,0.572310829338668,0.478685555135455,0.662004133357991,0.581627034694651
2025-09-27,ed220e87bef0cc64,dc31d3260dea7dcf,69898645d600abdb,b4b496ec2197ee3e,Rodolfo Bellato,Navajo Stirling,0,0.38235216370971,0.404691021997006,0.272759702262592,0.528767699336387,0.388005587855174
2025-09-27,ed220e87bef0cc64,8abad36b4c5e4070,6c3b2525436cf5d4,b39f7a6c2be17ee8,Tom Nolan,Charlie Campbell,1,0.408785365608414,0.403008523998452,0.320447981600489,0.493065068472866,0.407309811872224
2025-09-27,ed220e87bef0cc64,1ff24d5f760e0491,84b3e7d38f2d2ec5,a845f0735bc67405,Neil Magny,Jake Matthews,1,0.306619626737363,0.25128336848162,0.155915672310201,0.355423935514124,0.291873601552332
2025-09-27,ed220e87bef0cc64,38248c5d13f273e6,a9da3158dd2c2b5a,c5ccd878231c5407,Jack Jenkins,Ramon Taveras,1,0.507504569304976,0.556036896260228,0.459664933111288,0.665130215684539,0.519930419929977
2025-09-27,ed220e87bef0cc64,f5fb8b182020c59d,64ad3e3b0efa30bb,70e1f8a821b72c8b,Ivan Erslan,Jimmy Crute,0,0.380509423145219,0.365423186617296,0.242346477900978,0.513409349825937,0.376639146662972
2025-09-27,ed220e87bef0cc64,a3ee907c77544cde,2e19380f34871c6a,9014c02eff8b3d62,Dominick Reyes,Carlos Ulberg,0,0.466019654505344,0.419792573866345,0.281041789700356,0.559635152953564,0.454143718828575
2025-10-04,8944a0f9b2f0ce6d,98883348ddb3be33,4333a8e70a672eb7,4798e823ada58fe9,Brogan Walker,Veronica Hardy,0,0.265274176218675,0.234262303621276,0.144301553928623,0.34949259995402,0.257122622117538
2025-10-04,8944a0f9b2f0ce6d,b98bc1ecb94ef4a5,32c3ee378671a5d9,3d074044a33825e7,Austin Vanderford,Ramiz Brahimaj,0,0.725653320518409,0.75501152140451,0.648372708206396,0.845847664279974,0.733343800970556
2025-10-04,8944a0f9b2f0ce6d,e53fd165a3bc1f8e,45f0cc9d18f35137,a09ed60aa67a3f67,Chris Gutierrez,Farid Basharat,0,0.357164736934338,0.335918744447362,0.255947760584054,0.424607618432911,0.351689402353737
2025-10-04,8944a0f9b2f0ce6d,8353b491afa7bc32,3143bf892608139a,9cdd2da1a9104a0b,Yana Santos,Macy Chiasson,1,0.431843358045702,0.498444832069732,0.381261487342676,0.622198808616352,0.448689900226564
2025-10-04,8944a0f9b2f0ce6d,a951090fb402fd20,0f1efce7d2571d10,64facb6cc564262d,Nikolay Veretennikov,Punahele Soriano,0,0.36687160885264,0.333857793566847,0.22138553227323,0.471630629315542,0.358318799005782
2025-10-04,8944a0f9b2f0ce6d,1c7cc3a22ab7d907,4144798612ef96e5,886264a0c9f4ea5e,Edmen Shahbazyan,Andre Muniz,1,0.69308418774638,0.706421188088235,0.594351958303065,0.805178501133548,0.69651714108947
2025-10-04,8944a0f9b2f0ce6d,b09ecdc8ef0f0d20,2cfba6c837c03ed0,6902fcf0610dd303,Patchy Mix,Jakub Wiklacz,0,0.483260416419555,0.495629071457261,0.414091952587057,0.582789207215429,0.486413070854131
2025-10-04,8944a0f9b2f0ce6d,7b34aa1eb09b8301,a44020ea2e8cd026,b67d6bacc68d4c92,JooSang Yoo,Daniel Santos,0,0.426620933470768,0.416567042313272,0.287080335834379,0.55435577428595,0.424051083839216
2025-10-04,8944a0f9b2f0ce6d,9418ebb3db2a4bae,2f815ed5f8278ba6,563a1d42bb0e3cef,Ateba Gautier,Tre'ston Vines,1,0.722174107944498,0.737137178611978,0.671431837913664,0.797168555954002,0.726039095116416
2025-10-04,8944a0f9b2f0ce6d,d006dd2513bd376d,36b8f265bcd1b7a4,c1085e1701b13eca,Abus Magomedov,Joe Pyfer,0,0.403722808870897,0.424067874169824,0.340170507691199,0.507868841703619,0.408882361163276
2025-10-04,8944a0f9b2f0ce6d,84ebd144d5e79c88,52c2ae6d2f2d2613,fba03cd6cc28dc41,Youssef Zalal,Josh Emmett,1,0.848126402673489,0.894029560549569,0.808923467399745,0.949842990952082,0.861188107821709
2025-10-04,8944a0f9b2f0ce6d,2560ea97b2cce4ef,009341ed974bad72,749f572d1d3161fb,Jiri Prochazka,Khalil Rountree Jr.,1,0.729969955964571,0.820257290768137,0.71006886835463,0.902815867025433,0.755468381690784
2025-10-04,8944a0f9b2f0ce6d,a8511df8285f5c91,65f09bacd3957381,c03520b5c88ed6b4,Cory Sandhagen,Merab Dvalishvili,0,0.323556881906082,0.264556921712811,0.153056339715202,0.398376481979756,0.307861985391226
2025-10-04,8944a0f9b2f0ce6d,0de1ef0b9f3a79c0,d802174b0c0c1f4e,e5549c82bfb5582d,Magomed Ankalaev,Alex Pereira,0,0.524169298308528,0.528187425724849,0.380648255981603,0.669719703231311,0.525194236432736
2025-10-11,9336e86cfd4ceaa1,0f9e7d0d04e24b74,6fc506e1099afe20,72ea1984c52019b5,Luan Lacerda,Saimon Oliveira,1,0.622671964861104,0.629575566951139,0.463933004031922,0.772002181562841,0.624437238786265
2025-10-11,9336e86cfd4ceaa1,c547b3e95bcc5f24,abb68e3c7ca128f2,d7c3816669784109,Julia Polastri,Karolina Kowalkiewicz,1,0.664187179357873,0.64862619630812,0.550606321097297,0.739675545416114,0.660251250449041
2025-10-11,9336e86cfd4ceaa1,434abaea90ccd299,2bd98ab77a8daa75,e0d3d9b564f95635,Stewart Nicoll,Lucas Rocha,0,0.492570354702434,0.478224448184269,0.418847542039811,0.53664445612332,0.48891005419751
2025-10-11,9336e86cfd4ceaa1,546f971f9d8e0a33,103e2e33a60683e1,eff9074bc066f0f2,Irina Alekseeva,Bia Mesquita,0,0.472974420224167,0.450833762124976,0.379701449923104,0.528001227781138,0.467314955574379
2025-10-11,9336e86cfd4ceaa1,a815dafc89adf33b,71171fc96445bf65,764d39074a352e33,Vitor Petrino,Thomas Petersen,1,0.511298204535885,0.472401148661681,0.374270516485837,0.572791837692498,0.501373747724355
2025-10-11,9336e86cfd4ceaa1,766b0b26c40525de,65adf3856c4d9256,b62d5280966b2460,Jafel Filho,Clayton Carpenter,1,0.423574644856604,0.433312791201919,0.357364449976358,0.515459882349132,0.426052545479739
2025-10-11,9336e86cfd4ceaa1,cff0abc02974fb4a,01c9e4013afce141,710f0f8c5d5c9d41,Michael Aswell Jr.,Lucas Almeida,1,0.727008177929992,0.724082434670084,0.641430329220835,0.800108865761686,0.726263958038324
2025-10-11,9336e86cfd4ceaa1,2aef1a91d26dde42,1ae8f3c723aacff4,7facc9c45d792985,Ricardo Ramos,Kaan Ofli,0,0.499979448397708,0.493994814278248,0.376694903493411,0.620878241954174,0.498453301594172
2025-10-11,9336e86cfd4ceaa1,03377f7bf8a2d5ff,25f9a5f3e8a52618,39d309957c5c210d,Jhonata Diniz,Mario Pinto,0,0.530072611505114,0.527735862900933,0.431789319682024,0.626077860176898,0.529476863142345
2025-10-11,9336e86cfd4ceaa1,6188b7fb3f8daacc,58bbef3770bb2dfc,6d4b63c767106d3a,Joel Alvarez,Vicente Luque,1,0.745778133292564,0.854485382398445,0.735283563567114,0.936999504016692,0.777851729587233
2025-10-11,9336e86cfd4ceaa1,f295eb2a7b0ba4b7,aa72b0f831d0bfe5,cc1a8b4b38b92c6d,Deiveson Figueiredo,Montel Jackson,1,0.241599697502134,0.23824751917704,0.134569429461157,0.377337497494338,0.240741850281774
2025-10-11,9336e86cfd4ceaa1,79865287be90e4be,07225ba28ae309b6,72db2a14ffa73ece,Charles Oliveira,Mateusz Gamrot,1,0.283199828181518,0.265106040085652,0.133936201536017,0.403450737484956,0.278515527563291
2025-10-18,38e5d9dcb0fddc42,dec301fd5e99ca46,2c5f5749569eef66,51e2f44a8dbf6984,Tainara Lisboa,Melissa Croden,0,0.527559092423951,0.51243367826533,0.43758026895301,0.591724251141218,0.523705817914474
2025-10-18,38e5d9dcb0fddc42,87ac0e5face106b4,3bc3f60b21cddc6a,7674b836ce0698a0,Azamat Bekoev,Yousri Belgaroui,0,0.725587751261763,0.756265399396077,0.680873431896666,0.815635233953472,0.733634336817178
2025-10-18,38e5d9dcb0fddc42,8d9458121f0c4b95,1b35af4d1529adf6,4948e412fa6ab67d,Stephanie Luciano,Ravena Oliveira,1,0.638818125291532,0.681552791151445,0.600702572023848,0.760853673874125,0.649959488847209
2025-10-18,38e5d9dcb0fddc42,096e00355c8c84ac,312f7d7b2b2f7de4,b7c5eb7cdbac6a63,Djorden Santos,Danny Barlow,1,0.420815547862859,0.452043106309366,0.361492934606542,0.539531407646911,0.428728775810753
2025-10-18,38e5d9dcb0fddc42,668a44403a130043,294aa73dbf37d281,b671bdf981ad527d,Bruno Silva,HyunSung Park,1,0.273925062399369,0.289926698197576,0.206072323047472,0.382520492647653,0.277952886173075
2025-10-18,38e5d9dcb0fddc42,970f083af8368f57,700a674c042b7a96,7d420039bbfe7c1a,Cody Gibson,Aoriqileng,0,0.528756262185122,0.537944240035919,0.410289764433271,0.658540206894472,0.53110129221809
2025-10-18,38e5d9dcb0fddc42,ecdbb3a5216b815e,519e4fe37ce9ff75,873626e5547b5235,Drew Dober,Kyle Prepolec,1,0.666947929380465,0.771843313724014,0.64885314356472,0.872048244832873,0.695956939009761
2025-10-18,38e5d9dcb0fddc42,3af1bdc5a510bba9,31f8081c7600da93,dccb63727f2f5f74,Kyle Nelson,Matt Frevola,1,0.54856505828834,0.5984569946671,0.451001873536928,0.73905368547783,0.561422368554657
2025-10-18,38e5d9dcb0fddc42,a18edcb638ba7e39,113df4fde64735c6,f1d64ae34e088832,Davey Grant,Charles Jourdain,0,0.413427436276509,0.38951014231172,0.252718878208974,0.547655178139082,0.407284768414842
2025-10-18,38e5d9dcb0fddc42,c82acd7b17915591,34ff304266360297,a9e260472d321361,Manon Fiorot,Jasmine Jasudavicius,1,0.658500575029,0.718825638764216,0.606586484045497,0.815722012079933,0.674483807755885
2025-10-18,38e5d9dcb0fddc42,857d274e47aa8c4e,24656ef4d605c96f,7c7332319c14094c,Aiemann Zahabi,Marlon Vera,1,0.538429918718144,0.50708672954116,0.390263494693852,0.630178660420103,0.530456371127331
2025-10-18,38e5d9dcb0fddc42,cdd565a16975c711,3a46b268013afede,dd6103dd7127db1d,Kevin Holland,Mike Malott,0,0.56978624301414,0.587433174877751,0.469709556884994,0.705865041539741,0.574304947227373
2025-10-18,38e5d9dcb0fddc42,d61373d9fdf01a12,2f181c0467965b98,d549cefc7c54ab78,Brendan Allen,Reinier de Ridder,1,0.521472706366489,0.49954716640769,0.359400309527579,0.632635451283294,0.515886203437447
2025-10-25,7956f026e2672c47,ef1519c8c1d20977,43a59ce3bb40449e,bc7d1ad49fcb2d08,Mizuki,Jaqueline Amorim,1,0.159513247424357,0.0962701881638836,0.0482883606170775,0.1617402746773,0.1407444141278
2025-10-25,7956f026e2672c47,22dd728012944f0a,0be6776db31d98ec,7f1bf0c255ec8756,Mitch Raposo,Azat Maksum,1,0.582823645713584,0.64833677887672,0.568993124433073,0.720942091011595,0.59991295137616
2025-10-25,7956f026e2672c47,3fdb4c4b39218cf4,3329d692aea4dc28,7a5e8c94a86f9895,Hamdy Abdelwahab,Chris Barnett,1,0.809130434866971,0.805312364821169,0.684941642740185,0.894997235369553,0.808162295744735
2025-10-25,7956f026e2672c47,bd7394f07247d9ca,329e403448756217,7d6ceff6747f2de2,Nathaniel Wood,Jose Delgado,1,0.359273448508801,0.37103771538051,0.247482993083455,0.506760408097259,0.362257941773734
2025-10-25,7956f026e2672c47,f2c2a49fed32bd75,cdb7b38b1b357f26,f5779a2303ed76ec,Louie Sutherland,Valter Walker,0,0.252398173980263,0.212292231577314,0.15328321463053,0.28257568224662,0.24171239276857
2025-10-25,7956f026e2672c47,e9c034cec33b3479,5b86d491d63890c5,849c5d9979df5357,Ludovit Klein,Mateusz Rebecki,1,0.651933136204747,0.747929587287822,0.659360069875602,0.825849161851328,0.678057827881731
2025-10-25,7956f026e2672c47,0230a9dd2739add4,285ae0b4a68221f4,b07aed698fba8624,JunYong Park,Ikram Aliskerov,0,0.532856259622771,0.543012781660521,0.412922291687949,0.679192766426747,0.535449093054831
2025-10-25,7956f026e2672c47,cb902d73389ed34b,17734443a833cdf7,b7b84ccd221be298,Quillan Salkilld,Nasrat Haqparast,1,0.683230473428179,0.757274442426293,0.653304829266642,0.845613585808204,0.70324268779834
2025-10-25,7956f026e2672c47,ef12d2aaaadaf6d0,333b9e5c723ac873,e90a2f22417af68e,Aleksandar Rakic,Azamat Murzakanov,0,0.39580813888729,0.396466611998751,0.262076326384576,0.54325619363369,0.395976013353642
2025-10-25,7956f026e2672c47,b42a3386a7dccb3d,279566840aa55bf2,41e83a89929d1327,Alexander Volkov,Jailton Almeida,1,0.407683955353468,0.429155768024672,0.314489076500313,0.549367278427182,0.413129283143652
2025-10-25,7956f026e2672c47,e69f9b4b9cae12a4,2b6fc1c02736833d,bc711b6dd95c1af6,Umar Nurmagomedov,Mario Bautista,1,0.703529728380079,0.761943791342093,0.666851289018396,0.841423222216779,0.719192508388791
2025-10-25,7956f026e2672c47,7d3da3c4153717de,7447e9f28508106a,7dda2cf308f24a02,Mackenzie Dern,Virna Jandiroba,1,0.288622820466489,0.233114018781669,0.133511698353834,0.371102010500925,0.273744313628434
2025-11-01,0e2c2daf11b5d8f2,7add5901fac6ab82,c0d5c0c95c59050b,d35298b6df168456,Ariane Carnelossi,Talita Alencar,0,0.428427820910433,0.465060119234662,0.327380730365104,0.611747451554305,0.437711024711578
2025-11-01,0e2c2daf11b5d8f2,e6031b5937294176,4a07b1988477502c,8e382b585a92affe,Seokhyeon Ko,Phil Rowe,1,0.659024476761057,0.69391569122881,0.597497450526198,0.784577463101126,0.66810630119733
2025-11-01,0e2c2daf11b5d8f2,32927d50acedb507,1235b31de15d0c6e,87f8699fdcc2c404,Montserrat Conejo Ruiz,Alice Ardelean,0,0.167084344552521,0.109317231443816,0.0545126543033171,0.179522631385004,0.150368342522711
2025-11-01,0e2c2daf11b5d8f2,760150e9951e65fa,b9706f80d005036c,d3f5d33d61cd00c9,Ketlen Vieira,Norma Dumont,0,0.337859760293312,0.278491716195876,0.171191564518805,0.399081628762462,0.322125898511208
2025-11-01,0e2c2daf11b5d8f2,c245be6698c1e378,4e6738062d469256,ad5cb64af10fc946,Sedriques Dumas,Donte Johnson,0,0.427825318418377,0.459654873167518,0.360198829163559,0.560757752841254,0.435895953245912
2025-11-01,0e2c2daf11b5d8f2,58f6248da3cdf3ce,0e46690e55a8df75,117a06469813e4ef,Timmy Cuamba,ChangHo Lee,1,0.530220432420586,0.543845818043608,0.416378340253178,0.65705120366846,0.533699995573968
2025-11-01,0e2c2daf11b5d8f2,f063bcccbbb9edc5,07a74004d964c7f4,7e9b36a9847db116,Billy Elekana,Kevin Christian,1,0.524675982643933,0.530090414159367,0.454398546203097,0.607621531071334,0.526057261474923
2025-11-01,0e2c2daf11b5d8f2,f41c2c82d5117230,253076a23d03dcd0,7f6ed67d3ed3c036,Allan Nascimento,Cody Durden,1,0.70702008410355,0.761949346594564,0.624726213742765,0.877251359063574,0.721713572320677
2025-11-01,0e2c2daf11b5d8f2,71c8ca7442bcb757,7cec3c4a5e7b6d68,feedf3053472fe56,Daniel Frunza,Charles Radtke,0,0.398306932316644,0.427039254229284,0.318603561684937,0.541100216859632,0.405575685122354
2025-11-01,0e2c2daf11b5d8f2,767b78b67c7da17c,70380ccdc81915b8,a57cb948c4c70a47,Yadier del Valle,Isaac Dulgarian,1,0.385173975266696,0.371221882529828,0.280477994480139,0.465382274712209,0.381597199066075
2025-11-01,0e2c2daf11b5d8f2,b0f68344e01884ff,40f3cb27fc7305a1,d66a46de8d705353,Themba Gorimbo,Jeremiah Wells,0,0.678885478324664,0.723567878910394,0.63108488348987,0.809459413686029,0.690640624484694
2025-11-01,0e2c2daf11b5d8f2,9d9390b550d77e06,7d8435c56043b0ae,fc08099550072fe4,Ante Delija,Waldo Cortes Acosta,0,0.430042532700542,0.462365676859025,0.364079404592642,0.554170237736764,0.438239593896698
2025-11-01,0e2c2daf11b5d8f2,747d922b329b7f30,97cf1a2c7c5e7889,ffe9703408fb5964,Steve Garcia,David Onama,1,0.594455639817444,0.607661364943009,0.445934088997258,0.757444153237697,0.597836920335769
2025-11-08,6436029b50a9c255,84b66bf7fba2d59d,23dec7c47cb418f8,3eeec2f53cebdf12,Zach Reese,Jackson McVey,1,0.450440248956003,0.39422565371008,0.315166978412137,0.479114926294238,0.435924660092584
2025-11-08,6436029b50a9c255,238c274c90587e21,46e0d677f91bacc0,850266b3dc4e506e,Miles Johns,Daniel Marcos,0,0.468914966305904,0.532015422693513,0.432521781116496,0.643565316416905,0.484991333716656
2025-11-08,6436029b50a9c255,9126633d921afb57,31ef8b67e13495b3,cffb87059e645bd1,Tecia Pennington,Denise Gomes,0,0.358067867610739,0.371443955572168,0.266203050201829,0.471808828241905,0.361458784060781
2025-11-08,6436029b50a9c255,87dcb3eab20f6ac1,6a311920edd73c85,955da1675ad58a50,Max Gimenis,Josh Hokit,0,0.437571854563911,0.428944195523568,0.410273681557864,0.447752413279603,0.435368001861469
2025-11-08,6436029b50a9c255,80eae31bc0a94a65,cc8c623cca88f54f,e3964ece586e0635,Mayra Bueno Silva,Jacqueline Cavalcanti,0,0.215479285156683,0.201667233427785,0.131718716976357,0.289163253335017,0.211893202981806
2025-11-08,6436029b50a9c255,c6d56aad93f98249,5987b2458f4b5290,b9f28e7045fdfce7,Ricky Simon,Raoni Barcelos,0,0.582597846032729,0.605626480075576,0.473932507512244,0.726063042490961,0.588508743799576
2025-11-08,6436029b50a9c255,e3d657dd88864ba7,41cc71cbf210e0fe,e00a3dee329a51f7,Hyder Amil,Jamall Emmers,0,0.554105484771097,0.497245634564612,0.396653487217446,0.609978022342098,0.53968107289315
2025-11-08,6436029b50a9c255,ac4343150638b635,9384e71bca6c409d,a93f94c923c3a9cb,Marco Tulio,Christian Leroy Duncan,0,0.476896905114327,0.472834848755609,0.367866680786066,0.585041539315648,0.475860771386928
2025-11-08,6436029b50a9c255,20971ed9a842b0cb,06626b6287e1ae1e,eb393afdbe3293d5,Chris Padilla,Ismael Bonfim,1,0.538459651617551,0.514129817412955,0.427745665485854,0.594902104584364,0.532268316568185
2025-11-08,6436029b50a9c255,b23fa678cc65cf5b,447f9858ae78f921,681399317dbf4701,Muslim Salikhov,Uros Medic,0,0.521263138851821,0.52324860288744,0.400997742382735,0.637433773119695,0.521769497303398
2025-11-08,6436029b50a9c255,f7e9bd2d6f81aeae,2fe9032955c2e013,67c1d46f4ed16f9e,Joseph Morales,Matt Schnell,1,0.720391130426966,0.72178701335882,0.568250243710144,0.840253780532389,0.720747486545848
2025-11-08,6436029b50a9c255,4e224ebb6394611d,01641ba5df0c69b0,c6aee362c7a7d482,Gabriel Bonfim,Randy Brown,1,0.675533741352225,0.698933773041822,0.597925645516501,0.790320792630473,0.681590783537324
2025-11-15,8db1b36dde268ef6,1a5378e32e8519ef,19c591115a58982c,72f890c5d421e705,Viacheslav Borshchev,Matheus Camilo,0,0.38155441634071,0.370681164074352,0.266539335938521,0.490034174140099,0.378769958463568
2025-11-15,8db1b36dde268ef6,c037cf1f7b429d5e,9508cc6184cb2450,d1feea7a4bdcd503,Eric McConico,Baisangur Susurkaev,0,0.113249583969744,0.0559849466608367,0.0340379264215246,0.0839276797817202,0.0950413743932372
2025-11-15,8db1b36dde268ef6,6c2c6a6e3f4d04db,745fa7b605f8e2da,f0feeb2192937424,Fatima Kline,Angela Hill,1,0.808536374129792,0.844472433168775,0.757831463691953,0.912363295581939,0.818263235140291
2025-11-15,8db1b36dde268ef6,e3cbd663732f4a98,b8bbdeff718dbb7d,e0c6edcb5b5d0b90,Pat Sabatini,Chepe Mariscal,1,0.464585060877329,0.455085798120438,0.330547124706424,0.575201360268756,0.462160035242429
2025-11-15,8db1b36dde268ef6,9bbdc2a2ab334541,6ac9bc2953c47345,d6c0cdd7e467c440,Gerald Meerschaert,Kyle Daukaus,0,0.422973544444658,0.465750556634646,0.305562448987601,0.63340525499381,0.433798397669188
2025-11-15,8db1b36dde268ef6,e313286b307334a7,2e45d08b3f2f02c8,d776b5814f2400b4,Malcolm Wellmaker,Ethyn Ewing,0,0.634378959752468,0.633681878792476,0.534113545268555,0.740608500281147,0.634201257868682
2025-11-15,8db1b36dde268ef6,909cd8633507a0c8,669970f7feba8ecd,68d4a891e5cf2029,Erin Blanchfield,Tracy Cortez,1,0.797068594846167,0.860995762309596,0.799311466037788,0.913277376679216,0.815210364427671
2025-11-15,8db1b36dde268ef6,ebb012c5f3fd0cbb,9d83f6da776ff7d6,d1c65d2cf2925ddd,Roman Kopylov,Gregory Rodrigues,0,0.374130204467548,0.32587886875632,0.247696822264852,0.403780880832552,0.361539968783007
2025-11-15,8db1b36dde268ef6,292b83afa418635f,260e9e0d4954aea6,35673bf5204524ee,Rodolfo Vieira,Bo Nickal,0,0.445095962821771,0.445195589812141,0.358614542769361,0.52850848922186,0.445121367225549
2025-11-15,8db1b36dde268ef6,9b5f190cd3f5ce16,08af939f41b5a57b,c2299ec916bc7c56,Beneil Dariush,Benoit Saint Denis,0,0.311573480994812,0.304970362326328,0.179036779362007,0.444615375271624,0.30988225554385
2025-11-15,8db1b36dde268ef6,3c60884853766487,7ee0fd831c0fe7c3,f1fac969a1d70b08,Carlos Prates,Leon Edwards,1,0.532318802852843,0.523855194376818,0.386656067967019,0.65671197556066,0.530162159097214
2025-11-15,8db1b36dde268ef6,477af74ea3cbba8b,45f7cb591c3ab00b,c32aeb1a59e6272d,Sean Brady,Michael Morales,0,0.461697467566546,0.439242914797011,0.311972421349419,0.590882052827232,0.455953092267772
2025-11-15,8db1b36dde268ef6,7606f6b6c19f2d73,132deb59abae64b1,1ebe20ebbfa15e29,Valentina Shevchenko,Zhang Weili,1,0.545237609300348,0.561441678700254,0.394767999617178,0.728240212221766,0.549380143989996
2025-11-15,8db1b36dde268ef6,856f6ee049373843,275aca31f61ba28c,6b453bc35a823c3f,Islam Makhachev,Jack Della Maddalena,1,0.606359240371456,0.714280249789678,0.522952393236836,0.87060262294144,0.635413532431428
2025-11-22,92c96df8bdab5fea,9027e156c6f1988a,ac0874309da489b9,b5c19c34f12c917e,Marek Bujlo,Denzel Freeman,0,0.525888762595939,0.531169342087159,0.507627997221951,0.552892434419735,0.527235904584273
2025-11-22,92c96df8bdab5fea,46f81d5ecd974c1c,52b6bf4528130e86,ca28cdf526d6b6e9,Shem Rock,Nurullo Aliev,0,0.305203090161446,0.30902983164176,0.240422383713057,0.382855715112052,0.306176382579114
2025-11-22,92c96df8bdab5fea,335064c3380e2f10,6a96ad1bc34fb113,d5bab53a1a603aac,Ismail Naurdiev,Ryan Loder,1,0.692239224510891,0.706302800098502,0.594124151467231,0.802173990114446,0.695860913834124
2025-11-22,92c96df8bdab5fea,6f0231915cc28507,4a6dff1b260bcf61,a4dc0f2b95df4cc1,Aleksandre Topuria,Bekzat Almakhan,1,0.727727021239298,0.766152393590303,0.688519152586611,0.835158053045564,0.737891127165422
2025-11-22,92c96df8bdab5fea,f5564a9eeebd4ea0,09a4447655fd4b7b,95aff2fd8d09a5f0,Rafael Cerqueira,Abdul Rakhman Yakhyaev,0,0.175981497216405,0.133722580819298,0.0913393421536958,0.18189450449227,0.164297623947593
2025-11-22,92c96df8bdab5fea,443f30a4a856584a,8d3273573b85be09,ab2b4ff41d6ebe0f,Asu Almabayev,Alex Perez,1,0.614133166372444,0.644850937015424,0.529157378507627,0.755276244372053,0.62206414517151
2025-11-22,92c96df8bdab5fea,c49485cedb878cf0,9d19d9e4aa2662e8,de26d906f2874dd4,Nicolas Dalby,Saygid Izagakhmaev,1,0.467624868635164,0.450549385347192,0.339106460182396,0.550915210056917,0.463261809328852
2025-11-22,92c96df8bdab5fea,5e6a74db89f5410c,b1de86d835638319,fb37795db81f93f3,Luke Riley,Bogdan Grad,1,0.334345361162895,0.314249778321837,0.259658347096472,0.37370758703292,0.329159869931018
2025-11-22,92c96df8bdab5fea,00ee51bba08b7a08,98aa60cf58071fd6,f00ac08ab056af5d,Kyoji Horiguchi,Tagir Ulanbekov,1,0.345265490330576,0.310572101470506,0.196314196185282,0.451773458275888,0.336242066516184
2025-11-22,92c96df8bdab5fea,e8307c7686c42d8c,6747ccd6d1acd266,fc08099550072fe4,Shamil Gaziev,Waldo Cortes Acosta,0,0.316449720764166,0.318961536003805,0.238400657215236,0.419472183488379,0.31708922337511
2025-11-22,92c96df8bdab5fea,8ed609d80e135d94,0a1942069c9ad6b6,bf2c8e01b07d3eb1,Jack Hermansson,Myktybek Orolbai,0,0.316398136695092,0.288713827268093,0.186905967363945,0.410632007475957,0.309203272894442
2025-11-22,92c96df8bdab5fea,870d374f8d9af65a,0845c81e37d3bcb3,a495f599e787614f,Volkan Oezdemir,Alonzo Menifield,1,0.711903674610286,0.782304546635738,0.678208545633295,0.867213280423777,0.731087051583572
2025-11-22,92c96df8bdab5fea,b2218930b982d9b6,442c9011034ae1fd,b1b0729d27936f2f,Ian Machado Garry,Belal Muhammad,1,0.671462517190738,0.689377087622828,0.596397061248591,0.776222958971294,0.676081039852647
2025-11-22,92c96df8bdab5fea,5f5b626e67529056,193b9d1858bc4df3,eae48ff31db420c2,Dan Hooker,Arman Tsarukyan,0,0.218377428008357,0.188580096341429,0.100034913714264,0.300184259944091,0.210469702000452
2025-12-06,bd92cf5da5413d2a,40fa4f8b4b93884e,480779d7f9a424d3,8d11d9c13e2ccdf7,Mairon Santos,Muhammad Naimov,1,0.657866891340837,0.679993752147826,0.598642735911841,0.758869306685205,0.663579651028413
2025-12-06,bd92cf5da5413d2a,964ea1777695851b,6d48a2df51749d91,841695e02c99a521,Antonio Trocoli,Mansur Abdul-Malik,0,0.112859924939176,0.0691833730999078,0.0422598979866817,0.107006441226222,0.0998489603523783
2025-12-06,bd92cf5da5413d2a,ea660db65bfa998f,1c23ec2f1b71be40,6e8f1bcdda94ff45,Iwo Baraniewski,Ibo Aslan,1,0.404308902115409,0.393673050051329,0.323876417917593,0.46279631018644,0.401587784264376
2025-12-06,bd92cf5da5413d2a,7af407397532f7cf,4d8fa64202cee4c1,64a50dad704d1d49,Jalin Turner,Edson Barboza,1,0.671746387957282,0.737088982711392,0.601782593288157,0.841027441687826,0.689196985839926
2025-12-06,bd92cf5da5413d2a,3c683da1924b6c44,1e719d4b676dc19a,7acbb0972e75281a,Brunno Ferreira,Marvin Vettori,1,0.446818987757832,0.407788917668192,0.26925667430284,0.555263386634968,0.436783867434178
2025-12-06,bd92cf5da5413d2a,10a57b983e59f727,1e4f273069fb9e85,ff62013d2fce6d13,Fares Ziam,Nazim Sadykhov,1,0.727721224735533,0.755320775016715,0.645185432745844,0.843751357648737,0.734940991212465
2025-12-06,bd92cf5da5413d2a,2417cc7bc1eea75b,6a740daf1b279661,9d62c2d8ee151f08,Maycee Barber,Karine Silva,1,0.640216414248833,0.653314799403708,0.52101358734569,0.770055700143676,0.643577312954813
2025-12-06,bd92cf5da5413d2a,b3d2ac2244e4f791,809bd1a871491508,fd406a32a6fb3a29,Terrance McKinney,Chris Duncan,0,0.451756236092817,0.416164329788969,0.30130345355333,0.537820206357098,0.442618297542661
2025-12-06,bd92cf5da5413d2a,c797b58d85c840a4,2e7878927067fdca,99bd51917728c25d,Manuel Torres,Grant Dawson,1,0.326601985888137,0.334374021759432,0.206024849732882,0.469275988733533,0.32857503413088
2025-12-06,bd92cf5da5413d2a,1dc29f4c6fcdd356,056c493bbd76a918,6e743a33d56bdaa4,Henry Cejudo,Payton Talbott,0,0.371427319383607,0.378030231047305,0.246280827705522,0.534936259301304,0.373106612934477
2025-12-06,bd92cf5da5413d2a,fbbb9e72900b71f5,4461d7e47375a895,792be9a24df82ed6,Tatsuro Taira,Brandon Moreno,1,0.529012800125116,0.513723692877023,0.402787286891911,0.62059943847811,0.525118111755117
2025-12-06,bd92cf5da5413d2a,dfa692db6d39330c,17e97649403ba428,a0f0004aadf10b71,Joshua Van,Alexandre Pantoja,1,0.568455988177877,0.598944484767575,0.449741652183208,0.726696672545066,0.576289708628141
2025-12-06,bd92cf5da5413d2a,4a0db214d9721d6e,c03520b5c88ed6b4,d661ce4da776fc20,Merab Dvalishvili,Petr Yan,0,0.694331596737256,0.760240525496858,0.651609267374597,0.848241253822651,0.712079220065311
2025-12-13,bc0f994de0521926,71170fb7ade3e1f4,59c438c81fbf3ece,5c637af9472ae7cc,Tereza Bleda,Jamey-Lyn Horth,0,0.580656965466074,0.59012511896972,0.472250632681804,0.696058210979373,0.5830772801511
2025-12-13,bc0f994de0521926,ac56a1052c4c8f63,73a78713bd899f4c,ba15006c804a8de0,Allen Frye Jr.,Guilherme Pat,0,0.558293341791156,0.565735548730635,0.55051874121352,0.582129767114588,0.560193725890796
2025-12-13,bc0f994de0521926,ceb5b0f1f6daddf6,5078e1dacf9d25f4,51e2f44a8dbf6984,Luana Santos,Melissa Croden,1,0.687845887781111,0.701318520446527,0.605115767279304,0.78189952743845,0.691312922025558
2025-12-13,bc0f994de0521926,a2523a8565fe4361,0f3a990526c5e706,e56cee1ad697db04,Sean Sharaf,Steven Asplund,0,0.328638974822157,0.306530435812876,0.244003984028416,0.376942645260137,0.322923645156827
2025-12-13,bc0f994de0521926,225e93ebed9b71b8,5d8006587d6a6711,791c8437b341fba5,Isaac Thomson,Joanderson Brito,0,0.451887855047023,0.436482112636188,0.352354957003955,0.526321680169859,0.447949428532511
2025-12-13,bc0f994de0521926,0fca825e14429c1f,84b3e7d38f2d2ec5,f139d6836efd43dd,Neil Magny,Yaroslav Amosov,0,0.664947119792488,0.674292218277132,0.55475658568539,0.776559279814683,0.667342793468523
2025-12-13,bc0f994de0521926,fc4ab243d21b795d,07bc580bdf3eb9c8,887961364be5ceb3,Lance Gibson Jr.,King Green,0,0.426435696673446,0.41389793744951,0.283064440713916,0.563270966050551,0.42322890744104
2025-12-13,bc0f994de0521926,93ca562453f65b8d,20bccc9bb4ceb23e,5b03b61f9d90125e,Melquizael Costa,Morgan Charriere,1,0.662314360213459,0.760358892680315,0.670601322963665,0.841410090727113,0.689179361533538
2025-12-13,bc0f994de0521926,d000cb692343cdcd,084532da3d25f3b8,64d47ef881a437a4,Cezary Oleksiejczuk,Cesar Almeida,1,0.545014962343433,0.550863748928299,0.463049586781085,0.638018466672363,0.546507644880078
2025-12-13,bc0f994de0521926,24bb03f0a3415fbe,239d8e5359022f3b,9560ff14eb3129f7,Kevin Vallejos,Giga Chikadze,1,0.671529396832218,0.708440556887768,0.614496102723626,0.789735193501546,0.681169563506995
2025-12-13,bc0f994de0521926,a5a81a39ccf9b680,5d1b7e3dd9e11074,6e15f63b6c2e2c15,Manel Kape,Brandon Royval,1,0.680884531427391,0.72164891653101,0.594987104875262,0.829921275756137,0.691580277175906
2026-01-24,00e11b5c8b7bfeeb,210fc45074fba464,0859524157a19045,a01a62132460a98d,Ty Miller,Adam Fugitt,1,0.723627941141628,0.727353323745131,0.667302235037824,0.784986666517114,0.724580894776395
2026-01-24,00e11b5c8b7bfeeb,abfb3ed6dcb0e1f0,955da1675ad58a50,b5c19c34f12c917e,Josh Hokit,Denzel Freeman,1,0.573219343500058,0.55922580029123,0.481653882165221,0.630841896353371,0.569661197091343
2026-01-24,00e11b5c8b7bfeeb,b5aafe149bec4306,814e5233e2acf2ee,ab2b4ff41d6ebe0f,Charles Johnson,Alex Perez,0,0.656882535199172,0.679975712643215,0.579117271677902,0.773683082991021,0.662847678008925
2026-01-24,00e11b5c8b7bfeeb,780cab0cd07589e4,1091d4d957141094,476fe566d2df676e,Nikita Krylov,Modestas Bukauskas,1,0.574702040523742,0.648820974020058,0.496486554641024,0.783712342858732,0.59407213094717
2026-01-24,00e11b5c8b7bfeeb,33be2456161c14c3,22e07d3da1aa3475,2f815ed5f8278ba6,Andrey Pulyaev,Ateba Gautier,0,0.267000080848719,0.279212554121638,0.21498354625785,0.353468813721936,0.270081795444306
2026-01-24,00e11b5c8b7bfeeb,6c9f4799990c3c33,2b6fc1c02736833d,aa72b0f831d0bfe5,Umar Nurmagomedov,Deiveson Figueiredo,1,0.861798246981122,0.8928856083437,0.831749194540977,0.940078270358862,0.870379833262483
2026-01-24,00e11b5c8b7bfeeb,836a188a90e479a5,040a74bb0a465c54,52ef95b5860fb28c,Arnold Allen,Jean Silva,0,0.475942273264716,0.508641892207111,0.401966710192659,0.617320669456055,0.48427221585848
2026-01-24,00e11b5c8b7bfeeb,d63c9aa4f4873001,262d32ebda89efc4,47b63240018d5d86,Natalia Silva,Rose Namajunas,1,0.559032516210561,0.555032569620712,0.457998613994797,0.65803281038685,0.558013238709601
2026-01-24,00e11b5c8b7bfeeb,d93ee3860196c4ae,d3df1add9d9a7efb,fc08099550072fe4,Derrick Lewis,Waldo Cortes Acosta,0,0.246283306463988,0.25460140096721,0.170685082576967,0.344876858509086,0.248386923257897
2026-01-24,00e11b5c8b7bfeeb,007e8e0d4a39d82c,b50a426a33da0012,efb96bf3e9ada36f,Sean O'Malley,Song Yadong,1,0.588671868589616,0.621382456798427,0.530714783694812,0.714165929120731,0.597100411726005
2026-01-24,00e11b5c8b7bfeeb,fa4b3f5ce8055921,7826923b47f8d72a,9e8f6c728eb01124,Paddy Pimblett,Justin Gaethje,0,0.609432063672034,0.573901006477979,0.441780892649167,0.70590306208618,0.600465449322094
2026-01-31,30ad2050273d016a,5c73e0013b859664,1dd1a3aacde66f72,a1ad35b98a9136e5,Sulangrangbo,Lawrence Lui,0,0.611987185897449,0.601927480209946,0.548676293801507,0.656213117908961,0.609430647112653
2026-01-31,30ad2050273d016a,780bae82bdfc7112,3618e0632ecdba9c,f201f21cf2c79eb2,Keiichiro Nakamura,Sebastian Szalay,1,0.627468271743862,0.625253907507895,0.599144754521312,0.651395179056025,0.626904113776239
2026-01-31,30ad2050273d016a,ad14c502c9c5a7e9,530af2900b5a1693,a264d4e9a4d6bfe4,Dom Mar Fan,Sangwook Kim,1,0.636179697383255,0.631925752399876,0.603223203442127,0.65962008813346,0.635096934503749
2026-01-31,30ad2050273d016a,4c1e7e1765a5438a,3f11fd1751fa83b1,7facc9c45d792985,Yizha,Kaan Ofli,0,0.514044980771829,0.523790214227789,0.45131494453991,0.5961244692099,0.516531319383141
2026-01-31,30ad2050273d016a,78912b78aa946375,6b56e94a59b7b134,f782f953bfe7b5f2,Oban Elliott,Jonathan Micallef,0,0.56002646347562,0.538554772554822,0.471482705881455,0.608961696281878,0.554569248315494
2026-01-31,30ad2050273d016a,0047f8aadca1936f,d4270315cbcf2569,fbb60f24af5d5a02,Jacob Malkoun,Torrez Finney,1,0.635738550790501,0.661901932623432,0.519715413050035,0.787015319887329,0.64249421119174
2026-01-31,30ad2050273d016a,47362cae6ba0e077,8ebc3a8da015d70c,f14f644d41ade29f,Cam Rowston,Cody Brundage,1,0.724764257192464,0.741774381650859,0.666488313846396,0.818407373568067,0.729167242230629
2026-01-31,30ad2050273d016a,d94f1b32a81e3fa1,07a74004d964c7f4,c15fa95b9a12fde4,Billy Elekana,Junior Tafa,1,0.661167724934906,0.663637689776595,0.566959288314902,0.751391416053006,0.661798405375296
2026-01-31,30ad2050273d016a,32e9bc4d0a19a923,17734443a833cdf7,af9f42e6894047fc,Quillan Salkilld,Jamie Mullarkey,1,0.866844255030295,0.876986900755475,0.828029994292698,0.915322540654125,0.869495954367315
2026-01-31,30ad2050273d016a,67765535bd0b6bdf,17923f676f100e16,c62fbc117d57b943,Tallison Teixeira,Tai Tuivasa,1,0.831442134389806,0.825887248810947,0.740406891627423,0.89619027555233,0.830039203156458
2026-01-31,30ad2050273d016a,57d7a683b85bb87b,9c393e836a852f30,c814b4c899793af6,Mauricio Ruffy,Rafael Fiziev,1,0.537707815000257,0.469634092237566,0.356210481787943,0.577468641474564,0.520381656269108
2026-01-31,30ad2050273d016a,a7ae8f6eb5fc3a79,193b9d1858bc4df3,c2299ec916bc7c56,Dan Hooker,Benoit Saint Denis,0,0.21237730135463,0.221263697963815,0.146374266238594,0.319725726988595,0.214618301975619
2026-01-31,30ad2050273d016a,b06b43670238c2d8,e1248941344b3288,f166e93d04a8c274,Alexander Volkanovski,Diego Lopes,1,0.530931594995562,0.531619130315925,0.416157345443366,0.651243942276938,0.531106927347052
2026-02-07,c337c3c85b1871e0,2bbfbb234c255249,9f5e3c20ce40b344,b1e5bcaad32a3cac,Klaudia Sygula,Priscila Cachoeira,1,0.894462854583218,0.879075429986728,0.811766981294302,0.932453028349802,0.890711464454924
2026-02-07,c337c3c85b1871e0,9d30c887e8bd8824,6902fcf0610dd303,a54660deb6a8489c,Jakub Wiklacz,Muin Gafurov,1,0.370651297407856,0.32580038875029,0.246689324953348,0.411096665012545,0.358963169596192
2026-02-07,c337c3c85b1871e0,84e8ccc3c97c2b4c,2997e7fe3c9d3d4a,de594b35c45c2e9a,Wang Cong,Eduarda Moura,1,0.364568715549955,0.328537708132178,0.255824012770178,0.400797120635174,0.355216021550264
2026-02-07,c337c3c85b1871e0,86df0e75f41784d8,51ec9dc3b4964f19,bbab3baf66128ae2,Gianni Vazquez,Javid Basharat,0,0.316340180860529,0.2863732078665,0.211609600292091,0.362833327671739,0.308538720352881
2026-02-07,c337c3c85b1871e0,cc5c5a8cff4c1ae9,7138a15258dabf20,8bd4200561c77a62,Bruna Brasil,Ketlen Souza,0,0.31841968024342,0.27355961342781,0.211763666282879,0.342344027340596,0.30660917073362
2026-02-07,c337c3c85b1871e0,abefaf1807941ee4,0f1efce7d2571d10,d8da10db80131bec,Nikolay Veretennikov,Niko Price,1,0.53186045695556,0.484942103070764,0.370423832845545,0.601371620582126,0.519916803427249
2026-02-07,c337c3c85b1871e0,f964d2dda87f25f0,70dd69b6a703257e,cdb96af67d096b1e,Daniil Donchenko,Alex Morono,1,0.889863144914439,0.882528638147097,0.816971483890452,0.931591242914262,0.88803187818505
2026-02-07,c337c3c85b1871e0,6cca11f353a2b42d,6add18754930182b,e4277e87a789d687,Julius Walker,Dustin Jacoby,0,0.632315559577404,0.577746920179594,0.476846889200672,0.670744196570423,0.618659501123091
2026-02-07,c337c3c85b1871e0,2a26c0cfa06265b7,a09ed60aa67a3f67,ffd3224638c01b57,Farid Basharat,Jean Matsumoto,1,0.639207295707573,0.635434641046506,0.563773418844991,0.701632171294534,0.638246880449422
2026-02-07,c337c3c85b1871e0,8fea32ab0445859c,0d65c432720accb9,8e9eb3fc86db0f7d,Michal Oleksiejczuk,Marc-Andre Barriault,1,0.755242765327543,0.731028493739037,0.655311084576995,0.797989287528662,0.749210585191904
2026-02-07,c337c3c85b1871e0,a5c5f76cf0a7c784,41e83a89929d1327,739fd4fbb5d862f4,Jailton Almeida,Rizvan Kuniev,0,0.865164234931103,0.848114804837519,0.77611138065159,0.900600516743313,0.860976520956473
2026-02-07,c337c3c85b1871e0,dbbf8334a2600895,6d35bf94f7d30241,98aa60cf58071fd6,Amir Albazi,Kyoji Horiguchi,0,0.367828988667852,0.396483756045982,0.265902125170617,0.531211950831609,0.375056658244786
2026-02-07,c337c3c85b1871e0,fb4b1754d510b0d0,18d01f7f8338ae72,bc711b6dd95c1af6,Vinicius Oliveira,Mario Bautista,0,0.551577098164045,0.581661986926809,0.512845445144778,0.647451995072319,0.559293752808838
2026-02-21,79ab17db3b40831a,6e78d874097a3d22,aa0c573da7119292,f1ab6f37492c630a,Juliana Miller,Carli Judice,0,0.221515985704758,0.222488393372895,0.15668297747986,0.288155866981593,0.221763659932551
2026-02-21,79ab17db3b40831a,5b97f47cdd355cbe,70380ccdc81915b8,ac026518a9b4dc0f,Yadier del Valle,Jordan Leavitt,0,0.534281069911406,0.531624020525597,0.392780517285205,0.665524363808796,0.533603702632132
2026-02-21,79ab17db3b40831a,508e622130b0a84d,8e382b585a92affe,a3dda21be645be93,Phil Rowe,Jean-Paul Lebosnoyani,0,0.467150141992164,0.487109336630329,0.399982371462451,0.567122454057009,0.472232291978047
2026-02-21,79ab17db3b40831a,8f9896e60047007f,3d074044a33825e7,64facb6cc564262d,Ramiz Brahimaj,Punahele Soriano,0,0.405740833040119,0.417148476439932,0.289397949735917,0.545429157516935,0.408640644491688
2026-02-21,79ab17db3b40831a,fd56a469e4589ebc,f2b3f4ef3f780168,f9ab66e67240db7b,Nora Cornolle,Joselyne Edwards,0,0.395374079681776,0.417336383290635,0.323381995228765,0.517256191787396,0.400938234814664
2026-02-21,79ab17db3b40831a,ac39c1f00ae31e58,29162be25ebef5f0,5e9ca8dd7d783a75,Luis Gurule,Alden Coria,0,0.198796182773796,0.194571747953371,0.145457275887561,0.253511291886001,0.197712444565811
2026-02-21,79ab17db3b40831a,202d3277e569ad03,28d421729451c8ca,c68c68efaa5ca6ef,Carlos Leal,Chidi Njokuani,1,0.510566509598018,0.500149414805421,0.425129497198387,0.582362244287851,0.507910668754907
2026-02-21,79ab17db3b40831a,372d1dee0db8dbee,23dec7c47cb418f8,595db60957de51d3,Zach Reese,Michel Pereira,0,0.540102798028956,0.573900504211004,0.453487133665459,0.692318660474856,0.548769007755347
2026-02-21,79ab17db3b40831a,54437b8dba3a6110,85497ffd934ecf7e,e5864a42c80294f6,Jacobe Smith,Josiah Harrell,1,0.679824792135324,0.671170987489439,0.614090182629929,0.718963488128682,0.677629501535942
2026-02-21,79ab17db3b40831a,04b7bcc0e8488604,7d8435c56043b0ae,e2f6b2769aaedd6c,Ante Delija,Serghei Spivac,0,0.363861751751625,0.340196472182543,0.232310957461613,0.459119958667071,0.357758790348457
2026-02-21,79ab17db3b40831a,dc6f6c8228390ebb,20bccc9bb4ceb23e,82a5152216251682,Melquizael Costa,Dan Ige,1,0.78297543838346,0.829460930407243,0.757939176782117,0.892882293897138,0.795640120099114
2026-02-21,79ab17db3b40831a,dd12bf51c5ed7f1e,681399317dbf4701,b997be68943010fc,Uros Medic,Geoff Neal,1,0.532580530452887,0.517355192101492,0.413145151783764,0.613978725559438,0.528702706854979
2026-02-21,79ab17db3b40831a,8d740c844353ae0e,093e1f5bb73850be,0d8011111be000b2,Anthony Hernandez,Sean Strickland,0,0.823904111296251,0.829676267095603,0.745272176781464,0.904620079789035,0.825390462700127
2026-02-28,0cfbbfa0ba6d9855,c6a85b67fdd2ef3d,b4443fae47e7eb9d,fdd22e895a70e4a8,Wes Schultz,Damian Pinas,0,0.388044048327937,0.393774478119822,0.374362885026231,0.415413545664843,0.389502435104351
2026-02-28,0cfbbfa0ba6d9855,581292ffe5b09344,21b813b919776d90,5d495dec23d7c68e,Erik Silva,Francis Marshall,0,0.26975222753861,0.295659124672116,0.184096388002311,0.422660924329915,0.276221007890574
2026-02-28,0cfbbfa0ba6d9855,44d58943ac8e47e1,9f5609dba6584ab2,e4faa79383c9f214,Regina Tarin,Ernesta Kareckaite,1,0.513842168083161,0.536939228139023,0.45532974012853,0.627058354019616,0.519741465930069
2026-02-28,0cfbbfa0ba6d9855,6154ee95d3f4fc32,3a314d9fa7c6825d,4a574b8512fc1b30,Douglas Silva de Andrade,Javier Reyes,0,0.369461405851328,0.369253551471291,0.274155931039309,0.464899601264342,0.369408398506676
2026-02-28,0cfbbfa0ba6d9855,25ab195cefbce1d0,7debc13b36343605,9c27f3217891f3f0,Cristian Quinonez,Kris Moutinho,1,0.806401564474045,0.782765579018019,0.657093049200635,0.897558980295883,0.800566100117785
2026-02-28,0cfbbfa0ba6d9855,c40b934d2666e351,06e4245d16fc5315,9cdd2da1a9104a0b,Ailin Perez,Macy Chiasson,1,0.662050538381315,0.698096057947863,0.584576010657398,0.800857858206917,0.671444373646368
2026-02-28,0cfbbfa0ba6d9855,45ec0c5f19c9adbe,baa9be02c3e3e038,e463ce0a2ca474f4,Jose Daniel Medina,Ryan Gandra,0,0.225396765977258,0.219448007262797,0.173086056014524,0.278700501585845,0.22386904767855
2026-02-28,0cfbbfa0ba6d9855,3b76a00f5d0400eb,07797f10b9569cfc,faf317c665546a36,Angel Pacheco,Santiago Luna,0,0.134521818824908,0.133562332407202,0.0897844656923057,0.194488545025932,0.134276598809058
2026-02-28,0cfbbfa0ba6d9855,15068d7b095ca9bd,34b96d52db1d26e6,6e8349a0a0476d60,Kevin Borjas,Imanol Rodriguez,0,0.448471847956698,0.445176715080093,0.382273936901052,0.509497727184324,0.447631149478507
2026-02-28,0cfbbfa0ba6d9855,7df505d8260ba680,53c10176e3bc7416,5ef94841c4bc3f86,Felipe Bunes,Edgar Chairez,0,0.46643978266221,0.484323826884027,0.411836122823395,0.560344484139545,0.470993849516839
2026-02-28,0cfbbfa0ba6d9855,81f3d28d30d17378,4148802ae4a50768,887961364be5ceb3,Daniel Zellhuber,King Green,0,0.649225341299344,0.644452219603906,0.546424584052897,0.732303296595217,0.648010986293577
2026-02-28,0cfbbfa0ba6d9855,36d12b31957e94db,7c7332319c14094c,9a97acbfd5a08bfa,Marlon Vera,David Martinez,0,0.366330288381246,0.414476022119179,0.328298782344207,0.499641753343777,0.378397638706054
2026-02-28,0cfbbfa0ba6d9855,1330b5c21269fe92,792be9a24df82ed6,bb2c3c3a466224af,Brandon Moreno,Lone'er Kavanagh,0,0.68419435311122,0.692592485725634,0.615430537159962,0.766782142621147,0.686347611682896
2026-03-07,15ec018d144710db,a5abdc461cb1538e,69898645d600abdb,d62e280d0f7b6d6f,Rodolfo Bellato,Luke Fernandez,1,0.632199078509724,0.634109637694068,0.56525735534901,0.706962651157986,0.632686667097616
2026-03-07,15ec018d144710db,cc03e698c4b7da52,709fadb644ee3f51,d6a8edb7410223a0,Diyar Nurgozhay,Rafael Tobias,1,0.306039861716621,0.309183747283711,0.24636546276902,0.380044080783189,0.306839853034042
2026-03-07,15ec018d144710db,a22fd3735819d858,3cf18e01cb6cbde3,c051c2e12d692b8a,Sumudaerji,Jesus Aguilar,1,0.531813718725082,0.550903510977618,0.461135558157289,0.642930184311585,0.536692711100788
2026-03-07,15ec018d144710db,f661ef429055f8c1,17cb6d8e8187f304,7f6ed67d3ed3c036,Nyamjargal Tumendemberel,Cody Durden,1,0.692385412509433,0.678958261536219,0.586824916775388,0.766471171503814,0.688991127819958
2026-03-07,15ec018d144710db,6feb49a6b7e8433c,a112097ad877a48f,cd3d7e37ff2d679c,Alberto Montes,Ricky Turcios,1,0.580216944060906,0.653522759919624,0.530138160120238,0.771380570156886,0.59939439141518
2026-03-07,15ec018d144710db,9c8d5dbd8905a715,ad5cb64af10fc946,f14f644d41ade29f,Donte Johnson,Cody Brundage,1,0.798532248728728,0.790264914783767,0.715541643705684,0.851983788277009,0.796447488122898
2026-03-07,15ec018d144710db,ecd16d14a138d7fb,86bace9e4ad85542,d8c7c61b176e3994,Xiao Long,Cody Garbrandt,0,0.626978950072487,0.655966052453983,0.557592689838188,0.751179682297641,0.634467562395787
2026-03-07,15ec018d144710db,6a4738656c493ee9,1e719d4b676dc19a,d1c65d2cf2925ddd,Brunno Ferreira,Gregory Rodrigues,0,0.418448518444486,0.437218873236919,0.352736666218498,0.521589474805088,0.423214807812178
2026-03-07,15ec018d144710db,f02c0adc4ae629c6,511e82663651438d,519e4fe37ce9ff75,Michael Johnson,Drew Dober,0,0.589500256703272,0.545655753463458,0.438741930761074,0.643842897200033,0.578425792321622
2026-03-07,15ec018d144710db,bed89a91da9d04c1,05339613bf8e9808,fe2babf95de24fb1,Rob Font,Raul Rosas Jr.,0,0.327327116639834,0.359259386956886,0.264626315194409,0.461210820058347,0.33533327755637
2026-03-07,15ec018d144710db,d564db29997e1371,4126a78111c0855a,d549cefc7c54ab78,Caio Borralho,Reinier de Ridder,1,0.63918547204213,0.656075825408188,0.550020208513394,0.751256998969405,0.643527308290695
2026-03-07,15ec018d144710db,f030febede41c661,07225ba28ae309b6,150ff4cc642270b9,Charles Oliveira,Max Holloway,1,0.352358134648823,0.367592907908973,0.228576820821448,0.532852103114549,0.35621599079151
2026-03-14,babc6b5745335f18,244285b7fd0ddece,e375cb5caf4717b6,e94085e821bd81de,Piera Rodriguez,Sam Hughes,1,0.404728897654599,0.426721902133162,0.331296653349139,0.524598282685174,0.410304565404966
2026-03-14,babc6b5745335f18,32d371462c539bee,6fc506e1099afe20,ec3bd30378d63dd1,Luan Lacerda,Hecher Sosa,0,0.412661336631628,0.397449588230733,0.334784179838566,0.463624253157487,0.408765236552283
2026-03-14,babc6b5745335f18,8cab057e6549afd0,60193e707634e560,eff9074bc066f0f2,Montse Rendon,Bia Mesquita,0,0.364094480650485,0.338801216255853,0.274755901963452,0.410218529203425,0.357566339402919
2026-03-14,babc6b5745335f18,cff81d681a01ae18,0c6d9ea8306c029e,cad24459b28592ca,Brad Tavares,Eryk Anders,0,0.319605386984858,0.284170210757068,0.194299095141427,0.384155681252531,0.310346908134435
2026-03-14,babc6b5745335f18,c769dd861357af9f,4bdedbdeedff7d1d,5870c541798124ae,Bolaji Oki,Manoel Sousa,0,0.485256905959466,0.459719623509773,0.407918679634714,0.515300027211557,0.478732262065708
2026-03-14,babc6b5745335f18,f44b4e998b6829f6,7478b7f959ba61f5,a474aade8eb3a8f0,Elijah Smith,SuYoung You,1,0.528256127014593,0.508071133227655,0.411830852126242,0.599966329906565,0.52311510852316
2026-03-14,babc6b5745335f18,2c330a6f7f1e55f0,71171fc96445bf65,e56cee1ad697db04,Vitor Petrino,Steven Asplund,1,0.506984083248955,0.497349186494057,0.370467352900888,0.626274255133193,0.504527398734759
2026-03-14,babc6b5745335f18,f26c0bdf7689aea2,5442f1bc4b47eaf3,bf2c8e01b07d3eb1,Chris Curtis,Myktybek Orolbai,0,0.15214434287548,0.13133605293731,0.0800313597772986,0.189890816854607,0.146594284750973
2026-03-14,babc6b5745335f18,fc9168fd102e2e66,294aa73dbf37d281,814e5233e2acf2ee,Bruno Silva,Charles Johnson,0,0.363756788655749,0.34324232163309,0.258878225756438,0.433673877595583,0.358474815307086
2026-03-14,babc6b5745335f18,db7694f4513120d5,46e2011d92463b7e,cd13728ae1151f46,Oumar Sy,Ion Cutelaba,0,0.756182478604502,0.712361106761862,0.601837694148598,0.807335151887706,0.745450225848251
2026-03-14,babc6b5745335f18,e0acd0cf4930671b,2dbc60c52de126d8,6eedb757f13b9978,Harry Hardwick,Marwan Rahiki,0,0.316096414234713,0.339712629837019,0.277467087553253,0.401554930655884,0.322035066921923
2026-03-14,babc6b5745335f18,8bee5192baec71d8,7d6ceff6747f2de2,8fd808923cffff82,Jose Delgado,Andre Fili,1,0.796472954940399,0.782360322175501,0.709903886388986,0.847218007362568,0.792940139825167
2026-03-14,babc6b5745335f18,3b7b771b9578383d,38c7f72747f4f712,3df5493bb279226f,Gillian Robertson,Amanda Lemos,1,0.838724477615354,0.831185911309088,0.750929906822126,0.900643586327812,0.836828363946293
2026-03-14,babc6b5745335f18,f594fc5c2bc6237e,239d8e5359022f3b,fba03cd6cc28dc41,Kevin Vallejos,Josh Emmett,1,0.83438854243505,0.847360455843646,0.784792621800786,0.898452864314042,0.837778043103081
2026-03-21,69108cb8b32efe04,216bc9b661485017,4948e412fa6ab67d,cfbb3edab781dfd2,Ravena Oliveira,Shanelle Dyer,0,0.354806346274666,0.356847390215965,0.295460443711824,0.41717341085379,0.355326312991691
2026-03-21,69108cb8b32efe04,bbe0f3653de9f6a8,52b6bf4528130e86,597499ac7a5aac62,Shem Rock,Abdul-Kareem Al-Selwady,0,0.602012594184128,0.59102359412697,0.525955486212104,0.661629396465284,0.599219685409748
2026-03-21,69108cb8b32efe04,bfd17ed83ec5b598,cdb7b38b1b357f26,d0fd0d9ee560dae7,Louie Sutherland,Brando Pericic,0,0.303477463621809,0.316601602046753,0.270006683401819,0.370079411144516,0.30679493884067
2026-03-21,69108cb8b32efe04,8817bd21b6d0a989,3cc506f115cbb9d5,6d48a2df51749d91,Mantas Kondratavicius,Antonio Trocoli,1,0.802170392401237,0.80335944388476,0.741784301434118,0.855792163973419,0.802474113447939
2026-03-21,69108cb8b32efe04,90187edeeda7e6d6,39d309957c5c210d,e564146b9cf6dbef,Mario Pinto,Felipe Franco,1,0.736273104556904,0.726820622119861,0.66412449716395,0.783894428259795,0.733882773257597
2026-03-21,69108cb8b32efe04,3b9f50f07d9a1601,329e403448756217,5b43d68174b6e2ab,Nathaniel Wood,Losene Keita,1,0.671179342669153,0.699083081458751,0.60419170594045,0.784707772732351,0.678420768941195
2026-03-21,69108cb8b32efe04,3ee578ddd071ad4c,1d2d98ddd05b38fb,f6ad6a1e4d600e0d,Axel Sola,Mason Jones,0,0.538339449826721,0.539528031066728,0.430677619329035,0.645904031901782,0.538642579275841
2026-03-21,69108cb8b32efe04,4e58bcc0d27042fd,9d51798e61f2e0c7,d964a59c48381cb6,Kurtis Campbell,Danny Silva,0,0.389873474730444,0.406375982243324,0.340007712929124,0.474001672716478,0.394059337120396
2026-03-21,69108cb8b32efe04,562d916f55918901,327d5f279895110d,a93f94c923c3a9cb,Roman Dolidze,Christian Leroy Duncan,0,0.257480821048675,0.247125619854313,0.17797990386988,0.325770778584993,0.254813530745249
2026-03-21,69108cb8b32efe04,43e26b46cbb51985,1c23ec2f1b71be40,be9bdec19b7e9ffe,Iwo Baraniewski,Austen Lane,1,0.772561883732716,0.78261957492338,0.680011126480004,0.872906713643265,0.775157430594237
2026-03-21,69108cb8b32efe04,5ee11b727e89e8ad,8b6e5dc2ba1edbe7,a67d071163962af8,Sam Patterson,Michael Page,0,0.585327604922445,0.555808456655166,0.435500094473258,0.660329047633711,0.57784951667703
2026-03-21,69108cb8b32efe04,fa534aaa5b997a69,01c9e4013afce141,b1de86d835638319,Michael Aswell Jr.,Luke Riley,0,0.416574888763805,0.38635980666083,0.319205881950279,0.456264445259759,0.40880052003615
2026-03-21,69108cb8b32efe04,346e3897c2ead99a,396fe87b84ac2e1c,76e2870ffafbe38f,Lerone Murphy,Movsar Evloev,0,0.418727596883714,0.40425470265368,0.305133375416093,0.504945952245813,0.41502265261817
2026-03-28,5c38639f860a5542,796e1151896195aa,545092d13c67aa49,7138a15258dabf20,Alexia Thainara,Bruna Brasil,1,0.807017526673965,0.826812739710247,0.75530978015311,0.88576569326431,0.81222346963128
2026-03-28,5c38639f860a5542,dbf1ee1a1912c735,0abcf6bc47191219,b4b496ec2197ee3e,Bruno Lopes,Navajo Stirling,0,0.281829445519416,0.29443052508752,0.238969428364203,0.358045381295988,0.285011462064359
2026-03-28,5c38639f860a5542,1c50e43770ba84fc,04835018f90b118c,a6eb54ae17a551be,Casey O'Neill,Gabriella Fernandes,1,0.729157277624678,0.739573328278603,0.639064068311704,0.821425184082725,0.731838091679147
2026-03-28,5c38639f860a5542,08d4e3864c44f8a5,bc7f4b2d4c2724a2,c9cf753cfdf77fc2,Tyrell Fortune,Marcin Tybura,1,0.355393323716404,0.335940013204143,0.257705147086038,0.419329784915355,0.350384064991463
2026-03-28,5c38639f860a5542,689384b01b40ef5c,07bc580bdf3eb9c8,971246648e162f0d,Lance Gibson Jr.,Chase Hooper,1,0.271996510221863,0.308982090105085,0.199994891639993,0.428785164724802,0.281160990528297
2026-03-28,5c38639f860a5542,fa96d6252579b51e,ae81a3ac7b260411,e4a47b07044ddd72,Tofiq Musayev,Ignacio Bahamondes,1,0.157663539047781,0.155965989859502,0.0994613907618316,0.223514827724647,0.157229243677677
2026-03-28,5c38639f860a5542,a76e14495e61cf19,31f8081c7600da93,809bd1a871491508,Kyle Nelson,Terrance McKinney,0,0.442394416245984,0.504787778764912,0.367504892417802,0.640484634388393,0.458211024726532
2026-03-28,5c38639f860a5542,e32dc26b11d1f81d,7674b836ce0698a0,841695e02c99a521,Yousri Belgaroui,Mansur Abdul-Malik,1,0.541045997875569,0.563715883152532,0.471469958228686,0.649968796724674,0.54684678247893
2026-03-28,5c38639f860a5542,f9f5071b993a5f4b,640a0f838f057a81,902ec2cc48c8ae8a,Lerryan Douglas,Julian Erosa,1,0.404235719131822,0.391733672774337,0.299529149626793,0.490172004987477,0.401035175573579
2026-03-28,5c38639f860a5542,6102e7a6dcbc62f0,c58f51dedb310998,d8da10db80131bec,Michael Chiesa,Niko Price,1,0.89838596403972,0.892258601949046,0.804578925651638,0.956332587104399,0.896853495091056
2026-03-28,5c38639f860a5542,9a0ecee6e8ca173f,6a740daf1b279661,e8b731feff72294b,Maycee Barber,Alexa Grasso,0,0.674554746780338,0.60557289972852,0.452721649648657,0.738073903753821,0.65753503414718
2026-03-28,5c38639f860a5542,85e94a6c071fd9fa,1338e2c7480bdf9e,c1085e1701b13eca,Israel Adesanya,Joe Pyfer,0,0.375107288692944,0.36122174429625,0.264817920937695,0.467780256916475,0.371545872075778
2026-04-04,9a70f67ad2187fa3,a5a749aa0061fdb4,6142edbd477d20c9,eee0ef3e2b14816b,Dakota Hope,Kai Kamaka III,0,0.540930899294318,0.556097790788111,0.414853628450907,0.696427016411042,0.544806795800674
2026-04-04,9a70f67ad2187fa3,caf13346cbcfdb03,27b388f0aab49780,a4a80dd7336ffd59,Dione Barbosa,Melissa Gatto,1,0.416700721005726,0.385419147843004,0.288453765196363,0.483911316188315,0.408649117384134
2026-04-04,9a70f67ad2187fa3,e284a194fb4648a9,147e70aa6cc48cfc,3bc3f60b21cddc6a,Tresean Gore,Azamat Bekoev,1,0.305041968930826,0.340460788777225,0.261094050912851,0.426599860123125,0.31387796843088
2026-04-04,9a70f67ad2187fa3,74bb036ef0493bf7,3c26c420584d912d,81d2c551886bd5a1,Hailey Cowan,Alice Pereira,0,0.11431079938104,0.10263172602654,0.0648691653336048,0.147050696242994,0.111227079780588
2026-04-04,9a70f67ad2187fa3,9c9c26679701b84d,65db4065e2bc107d,f9b200db02b488d9,Darrius Flowers,Lando Vannata,1,0.390800186992955,0.352466108331728,0.247957989709289,0.472899084798109,0.380874555793063
2026-04-04,9a70f67ad2187fa3,af2a9d47ca8115e4,2bd98ab77a8daa75,3fa97913cfd205d3,Stewart Nicoll,Alessandro Costa,0,0.382308231612259,0.38496596070997,0.306688602085375,0.47070358398607,0.382985289487509
2026-04-04,9a70f67ad2187fa3,0760bc02280574dd,764d39074a352e33,ba15006c804a8de0,Thomas Petersen,Guilherme Pat,1,0.475212182942028,0.460483994474816,0.379309612382344,0.53835082146303,0.471451378394729
2026-04-04,9a70f67ad2187fa3,7924f10aac3543de,92aed9d16794f42b,d7c4956d61ae76a9,Robert Ruchala,Jose Delano,0,0.672179946146588,0.68582130946036,0.637858950792941,0.730715997151173,0.675687397185813
2026-04-04,9a70f67ad2187fa3,c27bec45d5a29a2c,6b0a6def604de298,fd7ab338e4953644,Tommy McMillen,Manolo Zecchini,1,0.696265863933114,0.675183511332413,0.614863862954286,0.732494380970511,0.690963141835581
2026-04-04,9a70f67ad2187fa3,fef80c98b2fba70c,83455a9d17f57dae,d776b5814f2400b4,Rafael Estevam,Ethyn Ewing,0,0.60171499759393,0.56289173471218,0.478048559818207,0.646285156997714,0.591915638563307
2026-04-04,9a70f67ad2187fa3,ad487d1c6141d90a,49edd0d90f60fb7d,95aff2fd8d09a5f0,Brendson Ribeiro,Abdul Rakhman Yakhyaev,0,0.247153513528736,0.273767124785598,0.21041868236758,0.349078977515874,0.253771845390578
2026-04-04,9a70f67ad2187fa3,721642e7de112e9e,7dda2cf308f24a02,d25240135aee03e5,Virna Jandiroba,Tabatha Ricci,1,0.503038419666862,0.457825190402054,0.367984073610389,0.548027941336833,0.491484309646903
2026-04-04,9a70f67ad2187fa3,d69bd8e53ec858dc,b6452706b373eea1,fd406a32a6fb3a29,Renato Moicano,Chris Duncan,1,0.419038498586885,0.397703065837942,0.276604959701504,0.517869337328953,0.413565746361576
2026-04-11,f3eb664db7fb1df3,5b49c3d36907c6df,3920d0cc288f9b0d,feedf3053472fe56,Francisco Prado,Charles Radtke,0,0.589284291814963,0.586946978045076,0.490742523264154,0.686313872741277,0.588688656501121
2026-04-11,f3eb664db7fb1df3,20868a67bea63129,6d4b63c767106d3a,8c0580d4fff106c1,Vicente Luque,Kelvin Gastelum,1,0.544897166839475,0.561574179828228,0.430263946109065,0.68863028321156,0.54916089345135
2026-04-11,f3eb664db7fb1df3,f506977877074aa6,8e5d953bdb9ae5e7,b08012bbe542592a,Loopy Godinez,Tatiana Suarez,0,0.38218788300995,0.38529706107256,0.280561389156852,0.48912835951271,0.382979816960806
2026-04-11,f3eb664db7fb1df3,62b5ce408c150fa8,323d4ca260dfa0ba,72db2a14ffa73ece,Esteban Ribovics,Mateusz Gamrot,0,0.289930287664547,0.291693238177946,0.198415021899233,0.389151626889555,0.29037923986527
2026-04-11,f3eb664db7fb1df3,b4e16fb13153efdc,3a46b268013afede,c6aee362c7a7d482,Kevin Holland,Randy Brown,1,0.576929417032785,0.592503157621307,0.485867049389544,0.698560446586331,0.580916563193315
2026-04-11,f3eb664db7fb1df3,10ab34056720b6b4,5537efc6e496dd84,98a58c26c5b1ed17,Aaron Pico,Patricio Pitbull,1,0.679209961474511,0.705959814644108,0.644992273960291,0.768189278815723,0.686153315295832
2026-04-11,f3eb664db7fb1df3,60949f33201415ca,583ee11abddfc581,d247691a6c0e9034,Nate Landwehr,Cub Swanson,0,0.348805578074245,0.388279528739433,0.28143341294538,0.495079987058516,0.358700447421293
2026-04-11,f3eb664db7fb1df3,c4d060cff018979a,2e19380f34871c6a,c21f26bbde777573,Dominick Reyes,Johnny Walker,1,0.599915293768601,0.598676034369349,0.496507053148272,0.696160902118952,0.599599404118662
2026-04-11,f3eb664db7fb1df3,903552edaba48f4a,955da1675ad58a50,fa6796c55d6c5440,Josh Hokit,Curtis Blaydes,1,0.355907471517218,0.332700686611824,0.206665508549503,0.470734123391724,0.349919829614746
2026-04-11,f3eb664db7fb1df3,aade9d76ac6c6aef,2e5c2aa8e4ab9d82,e90a2f22417af68e,Paulo Costa,Azamat Murzakanov,1,0.345512355736303,0.371007197464121,0.260873295490864,0.484118755143595,0.351936425200694
2026-04-11,f3eb664db7fb1df3,a031f062b7ffefee,009341ed974bad72,9014c02eff8b3d62,Jiri Prochazka,Carlos Ulberg,0,0.469642194736601,0.497665916801965,0.378181705350456,0.608487974710838,0.476777090479417
2026-04-18,c3ac8d0da7b05772,32087c183dffcae0,450bcab0968562c4,e6679e38e7fab7a8,John Yannis,Jamie Siraj,1,0.498539630433697,0.514543979098466,0.440222558412316,0.59182962429761,0.502621749115148
2026-04-18,c3ac8d0da7b05772,0b6c13ab8ad7f82b,5c637af9472ae7cc,6fd953151d981979,Jamey-Lyn Horth,JJ Aldrich,0,0.597225443113418,0.604695485182925,0.517770568522578,0.692301847222444,0.599134737947587
2026-04-18,c3ac8d0da7b05772,bae4de7ef8c0769e,07047eb7d17fb0a2,51e2f44a8dbf6984,Daria Zhelezniakova,Melissa Croden,0,0.568911579413465,0.586136507101108,0.515930870444026,0.655645126510415,0.573321530478489
2026-04-18,c3ac8d0da7b05772,85c7a0f44aa3e10a,04c8b08b16a5b99e,1a97a3ef4c758fae,Tanner Boser,Gokhan Saricam,0,0.521260901845238,0.498625529724094,0.387157817912581,0.608431042431173,0.515493489703607
2026-04-18,c3ac8d0da7b05772,9fab4b0ad082f670,0cd0456d6029cec2,cd0dfd9846bd03b9,Robert Valentin,Julien Leblanc,1,0.426517065987963,0.432354750718846,0.359461856701692,0.515413348498105,0.42800379546042
2026-04-18,c3ac8d0da7b05772,678440bd8274a18e,c4d039123e62f6a9,c85bad793cd14e28,Dennis Buzukja,Marcio Barbosa,0,0.443914476941045,0.456250718165413,0.392198585843359,0.516655516024704,0.447054264209588
2026-04-18,c3ac8d0da7b05772,a661c0bee7c8d5af,b2a78df161bd67f9,d945aae53e3e54e6,Gauge Young,Thiago Moises,1,0.622542624481961,0.577289320840581,0.483462820297934,0.665953428418243,0.611170815446814
2026-04-18,c3ac8d0da7b05772,5a209522211d7530,9d62c2d8ee151f08,a9e260472d321361,Karine Silva,Jasmine Jasudavicius,0,0.413034195839316,0.408030873685406,0.327949832598565,0.50481865094587,0.411756600950168
2026-04-18,c3ac8d0da7b05772,e644218737c1a778,4c88a1db5a46c6a4,8f4528c10bd34fab,Jai Herbert,Mandel Nallo,1,0.544664523579685,0.584264441619475,0.507769531505057,0.661675918663061,0.55483691354565
2026-04-18,c3ac8d0da7b05772,b5299e5b946015e5,60425d07ef4b91a7,f1d64ae34e088832,Kyler Phillips,Charles Jourdain,0,0.551151141349739,0.540850334586645,0.418407657174837,0.666773031194886,0.548528250120863
2026-04-18,c3ac8d0da7b05772,32054bf2b36b0e47,23024fdfc966410a,dd6103dd7127db1d,Gilbert Burns,Mike Malott,0,0.296266732489917,0.329801686457056,0.235540437839318,0.437879084481889,0.304630293806856
2026-04-25,e60d773a0a42048a,0df4f4ac27cf2d26,abb68e3c7ca128f2,d35298b6df168456,Julia Polastri,Talita Alencar,0,0.526714761109186,0.515439841405014,0.447252510369674,0.586004316802273,0.523841792099903
2026-04-25,e60d773a0a42048a,2e7f8d0ad385876d,078695e385ec2f57,b0d6a1d8ac3d563d,Victor Valenzuela,Max Griffin,1,0.45307849112411,0.421333642345563,0.330876236843608,0.516303679642389,0.444936627504128
2026-04-25,e60d773a0a42048a,c7fb90f1355291e4,33a8708747b7f943,5d495dec23d7c68e,Lucas Brennan,Francis Marshall,0,0.486986013042247,0.47440103960656,0.392486596796647,0.56417809095393,0.483774648517515
2026-04-25,e60d773a0a42048a,d421f3cd158fd055,65adf3856c4d9256,7f6ed67d3ed3c036,Jafel Filho,Cody Durden,0,0.832028990145217,0.852826472278898,0.701877327625816,0.948640544411034,0.837545426900902
2026-04-25,e60d773a0a42048a,dcfd594b68ff5ae1,ca80d72da81d7224,cc8c623cca88f54f,Michelle Montague,Mayra Bueno Silva,1,0.678859080245135,0.677760251201701,0.569310465050216,0.791145033507049,0.678579067008321
2026-04-25,e60d773a0a42048a,ef1cd6371a3f18e0,3eeec2f53cebdf12,4e6738062d469256,Jackson McVey,Sedriques Dumas,1,0.584942109479981,0.556968868388021,0.470009171098223,0.651343158929893,0.577853368201383
2026-04-25,e60d773a0a42048a,67f24cf244134661,260e9e0d4954aea6,9508cc6184cb2450,Rodolfo Vieira,Eric McConico,0,0.743849483029008,0.774266788986548,0.691427457636223,0.845785255049208,0.751854606648099
2026-04-25,e60d773a0a42048a,7e551ddb1494a45f,095854a135e6db55,a67f5afa8d6a1b80,Marcus Buchecha,Ryan Spann,0,0.634855007224676,0.662185518827761,0.53808024989,0.769922600574555,0.641915681949377
2026-04-25,e60d773a0a42048a,348de8e364ecf041,b9f28e7045fdfce7,cc1a8b4b38b92c6d,Raoni Barcelos,Montel Jackson,1,0.329140516534039,0.334158078038358,0.239581551585429,0.435597498493401,0.330416352459062
2026-04-25,e60d773a0a42048a,f5aff2f858311fbc,113df4fde64735c6,e3b30b573e7f0d19,Davey Grant,Adrian Luna Martinetti,1,0.441750206300121,0.470765559499466,0.394570865990355,0.550398808238912,0.449119378977421
2026-04-25,e60d773a0a42048a,84951374e4cdc679,262a7d06203657e6,e132d47bd9efbbe0,Alexander Hernandez,Rafa Garcia,0,0.509682212155688,0.506420512882602,0.397799763565088,0.614491361928251,0.508850548063363
2026-04-25,e60d773a0a42048a,cb745968bd16bf56,d3f5d33d61cd00c9,f9ab66e67240db7b,Norma Dumont,Joselyne Edwards,0,0.529863520392261,0.560508978279089,0.434568565757243,0.676893698006859,0.537708860840519
2026-04-25,e60d773a0a42048a,f524e42c36028de0,52c2ae6d2f2d2613,cb696ebfb6598724,Youssef Zalal,Aljamain Sterling,0,0.661163989179936,0.663412645362115,0.518627543222001,0.794660578706344,0.66173809155964
2026-05-02,872b018076f831b0,610a640a0cd81ce5,530af2900b5a1693,aebaa8cec15b083d,Dom Mar Fan,Kody Steele,0,0.814991406963791,0.824401437977971,0.770976192628442,0.869155601966626,0.817427389430845
2026-05-02,872b018076f831b0,7ac4ae301ed699ab,40f3cb27fc7305a1,f782f953bfe7b5f2,Themba Gorimbo,Jonathan Micallef,0,0.424839252866476,0.407667186388283,0.316671454773832,0.502686406400441,0.420441378293299
2026-05-02,872b018076f831b0,827c64369b374989,3261aa79bf6caa64,b4443fae47e7eb9d,Ben Johnston,Wes Schultz,0,0.488940147664301,0.473547376720281,0.38471782383841,0.561539652152994,0.485011843909975
2026-05-02,872b018076f831b0,00bde62cac38e5e9,37098a6e6c27fb66,ed7d329d7c29428d,Vince Morales,Colby Thicknesse,0,0.241083254959864,0.238898294762143,0.167299140645581,0.330084267644752,0.24052479876299
2026-05-02,872b018076f831b0,edff38661bf2866b,6ac9bc2953c47345,d4270315cbcf2569,Gerald Meerschaert,Jacob Malkoun,0,0.0999318824314572,0.117388113981036,0.0563070396323494,0.195694220645147,0.104150689794959
2026-05-02,872b018076f831b0,1cb0711cd49dd95e,7e9b36a9847db116,c15fa95b9a12fde4,Kevin Christian,Junior Tafa,0,0.580232095102795,0.601668572470384,0.494511427656294,0.699482532626912,0.585730654357967
2026-05-02,872b018076f831b0,46181797eb543a0b,8ebc3a8da015d70c,f96856f9d69fd7e4,Cam Rowston,Robert Bryczek,1,0.737599344908951,0.738040204562081,0.690910454642958,0.782397226588316,0.737711809246009
2026-05-02,872b018076f831b0,2afaa97901d5587c,c62fbc117d57b943,cdb7b38b1b357f26,Tai Tuivasa,Louie Sutherland,0,0.428952792388305,0.430493788258339,0.305756461635299,0.553583953693937,0.429345615814933
2026-05-02,872b018076f831b0,a564219e7a964aa6,6747ccd6d1acd266,d0fd0d9ee560dae7,Shamil Gaziev,Brando Pericic,0,0.290051953429472,0.300800441779299,0.234558610742027,0.372288217763238,0.292771182252645
2026-05-02,872b018076f831b0,cfc884a249141cba,6eedb757f13b9978,b701f095e6ccb149,Marwan Rahiki,Ollie Schmid,1,0.639149706356061,0.62990529453538,0.556748371211287,0.705951766988734,0.636801850344532
2026-05-02,872b018076f831b0,afec383a96893ec5,32ab52e5de93092d,c96d9178c9ed9e62,Steve Erceg,Tim Elliott,1,0.579896499333332,0.567397755380352,0.43017232077058,0.688355580391463,0.576718383309658
2026-05-02,872b018076f831b0,5c7c38dece435cde,08af939f41b5a57b,17734443a833cdf7,Beneil Dariush,Quillan Salkilld,0,0.132023257494311,0.12107782976897,0.0630859681331774,0.195712368670937,0.129154959348814
2026-05-02,872b018076f831b0,eb6d9fef6c374830,6b453bc35a823c3f,7ee0fd831c0fe7c3,Jack Della Maddalena,Carlos Prates,0,0.671398575114402,0.680169632891565,0.591493297803504,0.769216967217604,0.673646881942291
2026-05-09,9eedac48b497de5a,e92d89cb2d69235e,88be62d6c1e6dadb,b62d5280966b2460,Jose Ochoa,Clayton Carpenter,1,0.698932827867173,0.693031447240546,0.606878313582568,0.768987867577844,0.697434117267646
2026-05-09,9eedac48b497de5a,1f5d0b106385b2ac,312f7d7b2b2f7de4,d1feea7a4bdcd503,Djorden Santos,Baisangur Susurkaev,0,0.17939991222587,0.178246847680311,0.133234042176773,0.228365635449889,0.179105328951607
2026-05-09,9eedac48b497de5a,303018d7459323b4,b8bbdeff718dbb7d,e1d40e8782d80bc2,Pat Sabatini,William Gomis,1,0.490537521341048,0.485005410150329,0.389084292208915,0.58218276468792,0.489126562250137
2026-05-09,9eedac48b497de5a,9d35723a53749931,9384e71bca6c409d,9d83f6da776ff7d6,Marco Tulio,Roman Kopylov,0,0.634395078041806,0.623005705763543,0.534103195904645,0.705371059238958,0.631504467434247
2026-05-09,9eedac48b497de5a,e50857173607d631,7026eca45f65377b,d1941565abf50b16,Jared Gordon,Jim Miller,0,0.701361168762841,0.711231171632393,0.589434452907442,0.821130885369224,0.70389637799214
2026-05-09,9eedac48b497de5a,ffcb47e17eebe6a6,849c5d9979df5357,99bd51917728c25d,Mateusz Rebecki,Grant Dawson,0,0.31529844754324,0.349568028800881,0.246106721472919,0.458048970178166,0.323866388378642
2026-05-09,9eedac48b497de5a,f88dc6e0c29cff1d,58bbef3770bb2dfc,f139d6836efd43dd,Joel Alvarez,Yaroslav Amosov,0,0.700798036846315,0.710606627980274,0.596423338752555,0.80866775497595,0.70331728469609
2026-05-09,9eedac48b497de5a,770c5302e32916ea,2f815ed5f8278ba6,6967153c7edb4d87,Ateba Gautier,Ozzy Diaz,1,0.780597203874392,0.748803818713364,0.657049200506488,0.834427605128026,0.77277351403331
2026-05-09,9eedac48b497de5a,1158a27a1a04b971,18968f97ad34f15c,887961364be5ceb3,Jeremy Stephens,King Green,0,0.253186935566332,0.280715307114435,0.152321575863074,0.43431189396663,0.260034278983778
2026-05-09,9eedac48b497de5a,845b8653f9cf839c,45f7cb591c3ab00b,b9437600497350f3,Sean Brady,Joaquin Buckley,1,0.568686190945226,0.536771545051573,0.40013813045692,0.665010241325704,0.560591277431486
2026-05-09,9eedac48b497de5a,22ba4f1b0aafbf82,279566840aa55bf2,fc08099550072fe4,Alexander Volkov,Waldo Cortes Acosta,1,0.528558664407004,0.54629820746369,0.443316813236802,0.647453166138324,0.533090895939164
2026-05-09,9eedac48b497de5a,c85b530861145935,17e97649403ba428,4461d7e47375a895,Joshua Van,Tatsuro Taira,1,0.494048846681686,0.520882837766522,0.409918050951203,0.62454701571226,0.500894387500581
2026-05-09,9eedac48b497de5a,70f1621080b3435c,0d8011111be000b2,767755fd74662dbf,Sean Strickland,Khamzat Chimaev,1,0.196317694566652,0.187213357015946,0.0944119781748529,0.330551479277185,0.193964754610408
2026-05-16,73abb7a5c57fb443,39417b7d07c2fd83,9c442aaf149ea982,fc0a4053eb8a3a59,Shauna Bannon,Nicolle Caliari,0,0.515196477845201,0.518250802392774,0.423684445586862,0.606641262768902,0.515975445689062
2026-05-16,73abb7a5c57fb443,b482d4452e4d0eee,29162be25ebef5f0,e8fe9c15d348e778,Luis Gurule,Daniel Barez,1,0.700332959208061,0.68825652062798,0.612248802430491,0.75889601545343,0.697278924322522
2026-05-16,73abb7a5c57fb443,b98ead4eff6bf872,87f8699fdcc2c404,9673a497a9da119a,Alice Ardelean,Polyana Viana,1,0.761091089783819,0.783491344395027,0.674327459348091,0.878653363789879,0.766950719451348
2026-05-16,73abb7a5c57fb443,48cb604345f11766,5f61780fe5e9b6d0,f14f644d41ade29f,Andre Petroski,Cody Brundage,0,0.643008238410407,0.640254333190385,0.540160131798434,0.7404094013872,0.642306882842739
2026-05-16,73abb7a5c57fb443,5f7111b982bcf6e3,b9706f80d005036c,e3964ece586e0635,Ketlen Vieira,Jacqueline Cavalcanti,1,0.240642159744015,0.249024572101818,0.171336213471009,0.332366431784554,0.242761230788551
2026-05-16,73abb7a5c57fb443,c9e0aa88afb81dab,20d37922ba85e6fc,de83f920fd302871,Artur Minev,Tommy Gantt,0,0.628684887803987,0.622359730673946,0.577336663947899,0.666421220203115,0.627076063982097
2026-05-16,73abb7a5c57fb443,6242cda790f2085d,3e8118c1ab52f211,64ad3e3b0efa30bb,Tuco Tokkos,Ivan Erslan,0,0.556374956024188,0.541039556055002,0.458203065678622,0.620661241005792,0.552473449494611
2026-05-16,73abb7a5c57fb443,ec32745308e2b055,0f1efce7d2571d10,2558ae2e5671e318,Nikolay Veretennikov,Khaos Williams,0,0.344968014879358,0.33421790892295,0.232292721013272,0.447777529616279,0.342211105901243
2026-05-16,73abb7a5c57fb443,a6ec8573a9d38c51,0e46690e55a8df75,b6c37948cb226e8c,Timmy Cuamba,Benardo Sopaj,0,0.651693902991942,0.674632349934037,0.593334343498204,0.748069438750952,0.657615610287639
2026-05-16,73abb7a5c57fb443,57bd683efc797fc1,476fe566d2df676e,f5d82eccdea4e2dd,Modestas Bukauskas,Christian Edwards,1,0.418427784765253,0.409094661767089,0.329488616010958,0.491306388054185,0.416042008971542
2026-05-16,73abb7a5c57fb443,ecb7ff543dd41bf8,2e45d08b3f2f02c8,74939a16c7b56f33,Malcolm Wellmaker,Juan Diaz,0,0.600069454351043,0.568188935583525,0.502877773500102,0.6351455450411,0.592008821138984
2026-05-16,73abb7a5c57fb443,fc1266e2892ed111,b67d6bacc68d4c92,e93b04e308913c2e,Daniel Santos,Dooho Choi,0,0.572965167176799,0.64410833248547,0.521462403156798,0.759487027487926,0.591525636146719
2026-05-16,73abb7a5c57fb443,e4aa608124896794,040a74bb0a465c54,20bccc9bb4ceb23e,Arnold Allen,Melquizael Costa,1,0.341283675246484,0.30960009615363,0.218477040172935,0.409309147180526,0.333054194309246
2026-05-30,1e75e6c9de99fa76,370ff29489150560,4e30e4250cb08b61,bc7d1ad49fcb2d08,Loma Lookboonmee,Jaqueline Amorim,0,0.352875155871696,0.376187684371651,0.26205002363962,0.496461917600699,0.358758710861186
2026-05-30,1e75e6c9de99fa76,34d5ec676fb5bce3,2b266e623e20737a,6f4ec5aa3eced219,Rodrigo Vera,Zhu Kangjie,1,0.488734767024832,0.489735984949053,0.468300596457242,0.51128317387284,0.488990068727176
2026-05-30,1e75e6c9de99fa76,3f719885c9916e06,2cdb479a0ef0ee1d,f0feeb2192937424,Xiong Jingnan,Angela Hill,0,0.4119678389706,0.377606750093753,0.287949435576499,0.477664850391107,0.403109294252156
2026-05-30,1e75e6c9de99fa76,224dce2c0b03e7eb,29162be25ebef5f0,2f43a3e82661fa99,Luis Gurule,Rei Tsuruya,0,0.300234781802298,0.275173927291082,0.198450484560026,0.36548366458968,0.293721242925661
2026-05-30,1e75e6c9de99fa76,3bc0190fb17ba42f,7d420039bbfe7c1a,8e6654e9f0461b8f,Aoriqileng,Cody Haddon,0,0.221437885497123,0.218549393893938,0.145663545069364,0.290157914863457,0.22069873561025
2026-05-30,1e75e6c9de99fa76,bc0b3c16246e0d1d,20a0e4cc5227c117,e0664abaa023fd6f,Jose Souza,Ding Meng,1,0.672845131373139,0.666802024015788,0.63516752930071,0.697809246359993,0.67130948160108
2026-05-30,1e75e6c9de99fa76,f6d09973de0f83e7,33a86e839ad202d8,e6666480a830f764,Luis Felipe Dias,YiSak Lee,1,0.418875279773493,0.420926258703884,0.396298579540645,0.447409570381908,0.419398014862204
2026-05-30,1e75e6c9de99fa76,c1c9dfd0c0952f18,a53d30163304aa6e,a845f0735bc67405,Carlston Harris,Jake Matthews,0,0.231452325859162,0.233573144817889,0.158066848031273,0.320469428962783,0.231991852423076
2026-05-30,1e75e6c9de99fa76,00959e29e4a10e26,5c84f673b7bb7c15,d33da8a3d82bdb62,Cameron Smotherman,Kai Asakura,0,0.614273084103356,0.585450398523901,0.500781954428949,0.667806240174295,0.606990446754018
2026-05-30,1e75e6c9de99fa76,f74e4afdf6ae29d1,17923f676f100e16,f14cf73e51b29254,Tallison Teixeira,Sergei Pavlovich,0,0.403710026231152,0.397365675522009,0.278963866470698,0.525141288873984,0.402089068096605
2026-05-30,1e75e6c9de99fa76,a23d84f15207e459,8a65fd9ba31fd3f7,a495f599e787614f,Zhang Mingyang,Alonzo Menifield,0,0.718442880872598,0.722033089136511,0.655327164430225,0.788601569616435,0.719361056490417
2026-05-30,1e75e6c9de99fa76,423f32dd018ac218,aa72b0f831d0bfe5,efb96bf3e9ada36f,Deiveson Figueiredo,Song Yadong,0,0.306714184616546,0.271671890417344,0.180752328635086,0.371785545913657,0.29754064197741
2026-06-06,ba17afef01ed78b6,b0474597b2c60482,8bd4200561c77a62,c0d5c0c95c59050b,Ketlen Souza,Ariane Carnelossi,1,0.791154643644646,0.797827360713987,0.717819586098032,0.865396928454793,0.792871442164887
2026-06-06,ba17afef01ed78b6,a6b211d8dab5edec,8061a3136026a673,c3d2b9bcb4cead6b,Jeisla Chaves,Yuneisy Duben,1,0.617030824546932,0.609020265557143,0.549860951135409,0.664434322836352,0.614993975315252
2026-06-06,ba17afef01ed78b6,44cfbb8c3c356c65,791c8437b341fba5,ac026518a9b4dc0f,Joanderson Brito,Jordan Leavitt,1,0.416392482351373,0.410379274458048,0.288996172874993,0.539698524806102,0.41485667741107
2026-06-06,ba17afef01ed78b6,98e77712f99956ff,af9efbfd63d39734,b1e5bcaad32a3cac,Chelsea Chandler,Priscila Cachoeira,1,0.638871546758117,0.574538897677848,0.462502211994356,0.691868315955156,0.62283540952874
2026-06-06,ba17afef01ed78b6,20d74ed23d3e9b3a,294aa73dbf37d281,5ef94841c4bc3f86,Bruno Silva,Edgar Chairez,0,0.521857390347522,0.514014772829347,0.403154201113357,0.615639589659639,0.519858396931023
2026-06-06,ba17afef01ed78b6,90940d93d6e0998f,450bcab0968562c4,c0ac37a4a1133da9,John Yannis,Marcus McGhee,0,0.396334501353198,0.398383334095127,0.315610875690937,0.486695582476471,0.396856610147564
2026-06-06,ba17afef01ed78b6,5d2eedd05081ed23,3fa97913cfd205d3,67c1d46f4ed16f9e,Alessandro Costa,Matt Schnell,1,0.752655289728022,0.744136515666815,0.631869064930999,0.844431972300658,0.750501213449021
2026-06-06,ba17afef01ed78b6,bfe4950b3de83e9c,1c23ec2f1b71be40,c15fa95b9a12fde4,Iwo Baraniewski,Junior Tafa,1,0.656258610620943,0.632626427607656,0.51341625202067,0.746453784160225,0.650300068689649
2026-06-06,ba17afef01ed78b6,c47796e11a801e12,d9c6f19f958643e9,faf317c665546a36,Bryce Mitchell,Santiago Luna,1,0.358857823027701,0.362162033740185,0.262294640694695,0.479324773033372,0.359699137798337
2026-06-06,ba17afef01ed78b6,58ffa2dac4f2e7d0,1e4f273069fb9e85,6c3b2525436cf5d4,Fares Ziam,Tom Nolan,0,0.718858026330178,0.69312213833557,0.599104751565979,0.78110043635391,0.712421119460739
2026-06-06,ba17afef01ed78b6,419fff06f338f5c6,2f181c0467965b98,4144798612ef96e5,Brendan Allen,Edmen Shahbazyan,1,0.543251391214767,0.514603242729413,0.403043375238972,0.622463126630087,0.535965699391056
2026-06-06,ba17afef01ed78b6,5c69b019e6deee41,01641ba5df0c69b0,b1b0729d27936f2f,Gabriel Bonfim,Belal Muhammad,1,0.701157494831324,0.70313655847962,0.604797852450655,0.79157278398541,0.701662873729248
2026-06-14,48544433372ecfa6,127ba4a1ccb3d4a6,97cf1a2c7c5e7889,f166e93d04a8c274,Steve Garcia,Diego Lopes,0,0.515244273334507,0.547290562457931,0.398189729197514,0.684075588576876,0.523438540345328
2026-06-14,48544433372ecfa6,00e8d4b961a65d21,35673bf5204524ee,d6c0cdd7e467c440,Bo Nickal,Kyle Daukaus,1,0.685819082925636,0.622408807229545,0.466011578778017,0.766249439297585,0.670185857145714
2026-06-14,48544433372ecfa6,9a9b30b3165b62e4,4b93a88f3b1de35b,9c393e836a852f30,Michael Chandler,Mauricio Ruffy,0,0.142825009676904,0.152585221342073,0.0867569665331464,0.228853383272002,0.145263306190463
2026-06-14,48544433372ecfa6,30cdb851f6c63444,955da1675ad58a50,d3df1add9d9a7efb,Josh Hokit,Derrick Lewis,1,0.79561017491576,0.819801392474797,0.735966750549265,0.889290208798656,0.801999802468189
2026-06-14,48544433372ecfa6,60de0423ae6ed097,24656ef4d605c96f,b50a426a33da0012,Aiemann Zahabi,Sean O'Malley,0,0.237895817264694,0.237007583024583,0.162504045016638,0.318165651516832,0.237669100752989
2026-06-14,48544433372ecfa6,5727d5be8c373346,787bb1f087ccff8a,e5549c82bfb5582d,Ciryl Gane,Alex Pereira,1,0.477643550357759,0.433289631497481,0.279034993496994,0.586034697269433,0.466271484268667
2026-06-14,48544433372ecfa6,7208e40818401e88,54f64b5e283b0ce7,9e8f6c728eb01124,Ilia Topuria,Justin Gaethje,0,0.79827766374721,0.795533334884266,0.689489226500521,0.878361161877892,0.797580486114705
2026-06-20,c8661e204c66f325,9efa4de316b8bf43,70fc8214822b5a85,b9124c308671e303,Shane Collins,Otari Tanzilovi,1,0.540170348790507,0.538073639625072,0.530364774061547,0.545905781016008,0.539635821281888
2026-06-20,c8661e204c66f325,b23a1a5d35eb438a,351c4ec637380ad5,5078e1dacf9d25f4,Karol Rosa,Luana Santos,0,0.197561574197736,0.176959301326111,0.124965000037002,0.237116529759404,0.192141877261177
2026-06-20,c8661e204c66f325,6658fe4531c86674,9eed2bcc9e0b92af,a69a7120cf26669d,Leon Shahbazyan,Levan Chokheli,0,0.516591818052776,0.517187530095432,0.486444090947251,0.547442020768941,0.516743728811985
2026-06-20,c8661e204c66f325,8b809ba1880aded0,01c9e4013afce141,96924b0019b3aff1,Michael Aswell Jr.,Gaston Bolanos,0,0.716571444900892,0.71873547595945,0.619801779406052,0.811977733380461,0.71712422674479
2026-06-20,c8661e204c66f325,3b4803afa824fea3,0be6776db31d98ec,253076a23d03dcd0,Mitch Raposo,Allan Nascimento,1,0.47501632199348,0.492075009086081,0.391016496932567,0.601521237938656,0.479362325788901
2026-06-20,c8661e204c66f325,c0980a613f24accd,bd532e9a2b93870c,eff9074bc066f0f2,Melissa Mullins,Bia Mesquita,0,0.293680754376878,0.297872107402937,0.234815226318685,0.359298352685734,0.294746271345107
2026-06-20,c8661e204c66f325,17d31249c9ab18af,34b96d52db1d26e6,b1f21ce050035d58,Kevin Borjas,Andre Lima,1,0.174703484150375,0.186999466015585,0.128343438066604,0.253962737798898,0.17777712319365
2026-06-20,c8661e204c66f325,571a3eabff5c7ba7,18d01f7f8338ae72,8fd808923cffff82,Vinicius Oliveira,Andre Fili,1,0.790228262504854,0.77635655231034,0.681120650078104,0.849607153064851,0.786752030075734
2026-06-20,c8661e204c66f325,e4849375d1949c74,a52bc1e62cf0b7c6,d436f5d55156a521,Melsik Baghdasaryan,Murtazali Magomedov,0,0.43694777906788,0.429593885696851,0.35969919130929,0.495186127368145,0.435069772794896
2026-06-20,c8661e204c66f325,aaec28fa3c0c576d,41cc71cbf210e0fe,5ec591b78349ba7e,Hyder Amil,Christian Rodriguez,0,0.322239269613408,0.301619066688204,0.226693721943117,0.375140859767856,0.316910738843221
2026-06-20,c8661e204c66f325,afc021700481ac4e,b4b496ec2197ee3e,cd13728ae1151f46,Navajo Stirling,Ion Cutelaba,1,0.65671297540691,0.627962135613049,0.513766870413165,0.735180596135325,0.649480225177792
2026-06-20,c8661e204c66f325,33afdd7ad43a2756,5d1b7e3dd9e11074,98aa60cf58071fd6,Manel Kape,Kyoji Horiguchi,1,0.541580415402163,0.578200830572742,0.467206020209362,0.684573223455459,0.550977588369771
2026-06-27,31e1ea6fe6b682f8,f1cb2e7ef096ec7c,4b85abc5abbe657c,e047d3b541afd4a7,Jefferson Nascimento,Tahir Abdullayev,0,0.51065939685404,0.510259235315352,0.494518397808151,0.527093875737458,0.510557357179643
2026-06-27,31e1ea6fe6b682f8,ae0a91c8f92f4758,a4dc0f2b95df4cc1,ffd3224638c01b57,Bekzat Almakhan,Jean Matsumoto,0,0.217402703147205,0.219417508402317,0.168118174671846,0.277581484544542,0.21791520509449
2026-06-27,31e1ea6fe6b682f8,0e60ab32f3d03929,70dd69b6a703257e,feef5f8f5629e5e7,Daniil Donchenko,Theodor Berggren,1,0.765240141946543,0.763564582363092,0.71762211420232,0.809686210676856,0.764813658402344
2026-06-27,31e1ea6fe6b682f8,1a7119f3996b5635,4a574b8512fc1b30,7facc9c45d792985,Javier Reyes,Kaan Ofli,0,0.683965575063625,0.686619189830432,0.609310312544827,0.757354829245837,0.684643393659238
2026-06-27,31e1ea6fe6b682f8,5e7f4ba1210f433d,22e07d3da1aa3475,49d2a08964c5eb11,Andrey Pulyaev,Nursulton Ruziboev,0,0.494953007197375,0.47425510485028,0.389025806158711,0.576711769167935,0.489670585812254
2026-06-27,31e1ea6fe6b682f8,48b1ee7ab45add4c,6add18754930182b,95aff2fd8d09a5f0,Julius Walker,Abdul Rakhman Yakhyaev,0,0.351832097626797,0.368971175753917,0.289757785132478,0.447329248498039,0.356168465281654
2026-06-27,31e1ea6fe6b682f8,6a35ff33b8597904,64b12fe31be7560c,c88f8a9c1ea7165d,Eric Nolan,Farman Hasanov,0,0.513277999430513,0.533498929184722,0.460702697531059,0.601156409134585,0.518441097802161
2026-06-27,31e1ea6fe6b682f8,35985895d4ef321e,0d65c432720accb9,36b8f265bcd1b7a4,Michal Oleksiejczuk,Abus Magomedov,0,0.514646556875802,0.467303652740955,0.363887936423511,0.569018591482862,0.502565330018413
2026-06-27,31e1ea6fe6b682f8,d83294b031502177,1e719d4b676dc19a,b07aed698fba8624,Brunno Ferreira,Ikram Aliskerov,0,0.386961728823301,0.381506726999771,0.310865554289792,0.456412583481715,0.38556794998737
2026-06-27,31e1ea6fe6b682f8,81cde317c156723b,814e5233e2acf2ee,8d3273573b85be09,Charles Johnson,Asu Almabayev,0,0.366223771443758,0.358670153750028,0.274054350450318,0.44416157268433,0.364291174994959
2026-06-27,31e1ea6fe6b682f8,809814f03ff3140c,72f890c5d421e705,ff62013d2fce6d13,Matheus Camilo,Nazim Sadykhov,1,0.513997814989344,0.501953367028333,0.416325425844751,0.59218596782836,0.510927475959055
2026-06-27,31e1ea6fe6b682f8,012c307c9d446c4d,06734ca9d88dec3a,595db60957de51d3,Shara Magomedov,Michel Pereira,1,0.612370816786524,0.643893229410874,0.550413936058682,0.733633548993467,0.620510876058469
2026-06-27,31e1ea6fe6b682f8,c13dc0cccef263f7,2e7878927067fdca,c814b4c899793af6,Manuel Torres,Rafael Fiziev,0,0.683745862582011,0.633401939019998,0.536992829992368,0.725117620795918,0.671255514527979
2026-07-11,fccb0fee256b7b4d,1b6a3b0d27654d3e,3fa97913cfd205d3,7f6ed67d3ed3c036,Alessandro Costa,Cody Durden,1,0.68169059137116,0.625834820034045,0.535933822318662,0.716978284534084,0.667860797763142
2026-07-11,fccb0fee256b7b4d,1162a74e3604c488,23dec7c47cb418f8,e463ce0a2ca474f4,Zach Reese,Ryan Gandra,0,0.529343322154378,0.56412743768277,0.482090341904389,0.644016807384591,0.538254054295114
2026-07-11,fccb0fee256b7b4d,9e00ee7644774e18,a09ed60aa67a3f67,a54b961a1f8be1d5,Farid Basharat,John Garza,1,0.815282552231676,0.823738924580954,0.77230839015967,0.87083866792444,0.81746829750316
2026-07-11,fccb0fee256b7b4d,b223b10ef19f912c,64d47ef881a437a4,fdd22e895a70e4a8,Cesar Almeida,Damian Pinas,0,0.201261026395821,0.208056944704485,0.146154468109043,0.287040063633134,0.202978062444426
2026-07-11,fccb0fee256b7b4d,e84c3f1f9a33fa90,2997e7fe3c9d3d4a,68d4a891e5cf2029,Wang Cong,Tracy Cortez,1,0.507555494650019,0.522818815425017,0.439137757605418,0.608182801688134,0.511450103407037
2026-07-11,fccb0fee256b7b4d,930317fde9dbc55e,b1de86d835638319,eee0ef3e2b14816b,Luke Riley,Kai Kamaka III,1,0.738616956471587,0.739569726630194,0.657267310197806,0.816435414126842,0.738860126084172
2026-07-11,fccb0fee256b7b4d,e9f389ba3a1e33c4,0232cabbc30a2372,d8c7c61b176e3994,Adrian Yanez,Cody Garbrandt,1,0.575491218342918,0.620210295246364,0.51904309563227,0.713222232871813,0.587044144871277
2026-07-11,fccb0fee256b7b4d,118c25bda9392140,87e4a3a5080ee7ce,f7e856a73c96048e,Elisha Ellison,Gable Steveson,0,0.388390723169163,0.407803204953423,0.353344749274019,0.465000867999038,0.39331000509596
2026-07-11,fccb0fee256b7b4d,7765e5e779dd7dc9,1091d4d957141094,e1147d3d2dabe1ce,Nikita Krylov,Robert Whittaker,0,0.465459169735169,0.507124508519945,0.351258152149827,0.662797418999776,0.47606119309103
2026-07-11,fccb0fee256b7b4d,a26ea74f2e908842,809bd1a871491508,887961364be5ceb3,Terrance McKinney,King Green,0,0.547463210137385,0.544908861370911,0.417053119821136,0.676459879228684,0.546812084731276
2026-07-11,fccb0fee256b7b4d,a3ab1979192b647c,6e15f63b6c2e2c15,bb2c3c3a466224af,Brandon Royval,Lone'er Kavanagh,1,0.331582009538492,0.329068493946032,0.248954757630959,0.421028410498515,0.330940144792943
2026-07-11,fccb0fee256b7b4d,c572daedf2012a49,65f09bacd3957381,bc711b6dd95c1af6,Cory Sandhagen,Mario Bautista,0,0.53137125421368,0.545712338038813,0.42578888510194,0.672005727453135,0.535034100614565
2026-07-11,fccb0fee256b7b4d,130b325610c54a64,7826923b47f8d72a,c2299ec916bc7c56,Paddy Pimblett,Benoit Saint Denis,1,0.282131503967013,0.303249021855966,0.218042777524701,0.396332896924814,0.287431160473646
2026-07-11,fccb0fee256b7b4d,989760fa75321d69,150ff4cc642270b9,f4c49976c75c5ab2,Max Holloway,Conor McGregor,1,0.728464856239279,0.728634079749325,0.561468433957948,0.864258777819208,0.728508014419422
2026-07-18,f354c50b8d63d9b3,307ea95ad7ebe466,27b388f0aab49780,40a7ec5d1ad6ffa8,Dione Barbosa,Anna Melisano,1,0.63329317989767,0.619813944878473,0.558539291256412,0.67266623200854,0.62987479525579
2026-07-18,f354c50b8d63d9b3,e05155c1b5c2dc74,ab2a4b5e04dc5fe9,e03187ec8b5b6abc,Alvin Hines,RJ Harris,0,0.30405018880768,0.317372712725035,0.258481424169787,0.380148349175411,0.307417502841874
2026-07-18,f354c50b8d63d9b3,410e6b9e01660b35,2bd98ab77a8daa75,5e9ca8dd7d783a75,Stewart Nicoll,Alden Coria,0,0.169712684979556,0.168440791328964,0.118467809366271,0.227270554143846,0.169387628831071
2026-07-18,f354c50b8d63d9b3,9e525f939fba3e73,b852ad2b35354fcb,df619b9a86ce0a9a,Ezra Elliott,Damien Anderson,1,0.583160216039267,0.579860899288125,0.56378426091997,0.595537618045302,0.582319587076628
2026-07-18,f354c50b8d63d9b3,46d800ce45fdd3e6,9ac4e43ed56429ed,e564146b9cf6dbef,Levi Rodrigues Jr.,Felipe Franco,0,0.366442661817673,0.343730421510056,0.2732558714511,0.424567430439766,0.360589655774962
2026-07-18,f354c50b8d63d9b3,f2eb569176e46edf,4a07b1988477502c,a3dda21be645be93,Seokhyeon Ko,Jean-Paul Lebosnoyani,0,0.594057127095613,0.603587955465079,0.536002530659872,0.669678232429022,0.596494530515725
2026-07-18,f354c50b8d63d9b3,3bd159c1bed14700,7d6ceff6747f2de2,d3f89fa685bd8420,Jose Delgado,Austin Bashi,1,0.596236176388061,0.576056753481147,0.488106554993435,0.670636898506518,0.591118411720461
2026-07-18,f354c50b8d63d9b3,c64c6ba6eb1e1d06,6b0a6def604de298,a112097ad877a48f,Tommy McMillen,Alberto Montes,1,0.672637101104779,0.674735130405159,0.61822384524176,0.729737267302039,0.67317275752415
2026-07-18,f354c50b8d63d9b3,52ddf20a10890b41,745fa7b605f8e2da,d25240135aee03e5,Fatima Kline,Tabatha Ricci,1,0.661526094404094,0.657841463587177,0.571757909356367,0.742717394048907,0.660588352996148
2026-07-18,f354c50b8d63d9b3,f2abca7379982d4f,971246648e162f0d,e99eb0ef25885de5,Chase Hooper,Mitch Ramirez,1,0.883623571224417,0.893159684000893,0.812204479395367,0.954795312460479,0.88612326217426
2026-07-18,f354c50b8d63d9b3,4eff5a845db17572,13a0275fa13c4d26,a93f94c923c3a9cb,Jared Cannonier,Christian Leroy Duncan,0,0.190116578263452,0.203490614509695,0.136235953485648,0.282328437594829,0.193461784519633
2026-07-18,f354c50b8d63d9b3,701c97405da76603,0d7b51c9d2649a6e,f1b2aa7853d1ed6e,Dricus Du Plessis,Kamaru Usman,1,0.566594955252803,0.641704193394886,0.49826797427721,0.777796604564597,0.586191904543178
2026-07-25,681d07e328798ec0,532340708f0500bd,0e6bc8d1d6c0ad90,700a674c042b7a96,Abdul Hussein,Cody Gibson,1,0.643138577074139,0.616745052522107,0.544740342395169,0.68315794217744,0.6364831096307
2026-07-25,681d07e328798ec0,3859314324918eeb,ca28cdf526d6b6e9,fb3e61720be4690c,Nurullo Aliev,Mike Davis,1,0.594852094318692,0.578481516849572,0.466510356879468,0.702959772376115,0.59069607101577
2026-07-25,681d07e328798ec0,3ac870d6e7d323b7,49edd0d90f60fb7d,bc5a51159ec2fdf2,Brendson Ribeiro,Magomed Tuchalov,0,0.323564639354635,0.347121268820813,0.284786454384017,0.410352098882063,0.329492951872027
2026-07-25,681d07e328798ec0,a122306d0ce5fbfb,1d2d98ddd05b38fb,eb393afdbe3293d5,Axel Sola,Ismael Bonfim,1,0.639364398233225,0.587588784172403,0.494429306790191,0.683747816578943,0.626414084496561
2026-07-25,681d07e328798ec0,f6e6b004f07363e9,6d1bffff14897645,8b6e5dc2ba1edbe7,Santiago Ponzinibbio,Sam Patterson,0,0.263611688349595,0.273624103846661,0.192899746609065,0.364179854949683,0.266142379247782
2026-07-25,681d07e328798ec0,05bc7a042156b6f6,b01a5e0dcd9f231d,e4277e87a789d687,Muhammad Saidov,Dustin Jacoby,1,0.359618441263218,0.331600925065145,0.256586711039531,0.413567300136181,0.352373296925762
2026-07-25,681d07e328798ec0,d7070ab1b2144f8d,764d39074a352e33,f5779a2303ed76ec,Thomas Petersen,Valter Walker,0,0.32452236763849,0.306215346704885,0.232316393745447,0.38403388704793,0.319799923266803
2026-07-25,681d07e328798ec0,61280e5644189c61,de26d906f2874dd4,f7adc1fd115f8fdd,Saygid Izagakhmaev,Abubakar Vagaev,0,0.709466957600672,0.738258331815439,0.687097431548024,0.787906757592855,0.716984390131438
2026-07-25,681d07e328798ec0,5ffb251c6ea48b65,739fd4fbb5d862f4,bc7f4b2d4c2724a2,Rizvan Kuniev,Tyrell Fortune,1,0.563541926749233,0.582310652284274,0.516915945413376,0.640511671956543,0.568347491242159
2026-07-25,681d07e328798ec0,4ace64aa144389c5,04ff3a711504d6b3,99223fbb4a05326b,Magomed Zaynukov,Damian Rzepecki,1,0.361099157724106,0.366356197183914,0.342464680875549,0.391121077831196,0.362436599881
2026-07-25,681d07e328798ec0,c36cd04f8f560f0a,32ab52e5de93092d,7d0a1968b38ca439,Steve Erceg,Ramazan Temirov,0,0.604909551222521,0.615625415632058,0.536225501912729,0.699017395351788,0.607652132947058
2026-07-25,681d07e328798ec0,9009ec7b91f2be14,d802174b0c0c1f4e,ef5dcb10d2bd4b0f,Magomed Ankalaev,Bogdan Guskov,1,0.771772379021464,0.763382854213131,0.686186880192535,0.831581810762167,0.769653122766064
2026-08-01,1a50e734bb54861a,878a7e6fec3e4573,1b35af4d1529adf6,5847c1a960bb23af,Stephanie Luciano,Marina Spasic,1,0.77573115286407,0.785457710190886,0.730665614505646,0.831463282475448,0.778240863447403
2026-08-01,1a50e734bb54861a,94cef172179c9778,182a73d5b4e57871,56bf3ed155bd0fcd,Jovan Leka,Alexander Poppeck,1,0.678315829065747,0.675189712547639,0.642284079930281,0.701345588605412,0.677520172854699
2026-08-01,1a50e734bb54861a,f78f34ef2ee7b02c,3c26c420584d912d,eabece0edc2d62ca,Hailey Cowan,Nina Milosevic,0,0.313267162727729,0.312585984225431,0.237023299238594,0.390255830871923,0.313093385936741
2026-08-01,1a50e734bb54861a,5425c577ed4f50b3,849c5d9979df5357,873626e5547b5235,Mateusz Rebecki,Kyle Prepolec,1,0.859084732609578,0.874719570005451,0.819649232325419,0.921344894949254,0.863220128893375
2026-08-01,1a50e734bb54861a,13aa6688d0538095,c4d039123e62f6a9,fb37795db81f93f3,Dennis Buzukja,Bogdan Grad,0,0.301324076568523,0.308578454908669,0.252035597922879,0.369916236031358,0.303164720055477
2026-08-01,1a50e734bb54861a,4350abb4f1933f88,0e6b611451a9a7d8,5f926979c980b87e,Mark Vologdin,Borislav Nikolic,0,0.568350791695934,0.580383924972554,0.483964676704586,0.67262144311022,0.571427496728348
2026-08-01,1a50e734bb54861a,f1bce0c9a3fa4bcb,037cfd34a27d59e9,6b56e94a59b7b134,Michael Oliveira,Oban Elliott,1,0.406373879936431,0.415563367549605,0.358841364720541,0.476233129851505,0.40871124651526
2026-08-01,1a50e734bb54861a,fbd99ae7e1ff993a,5b86d491d63890c5,ae81a3ac7b260411,Ludovit Klein,Tofiq Musayev,0,0.728912499591126,0.713861635714978,0.635206572252734,0.785080595005898,0.725122090383574
2026-08-01,1a50e734bb54861a,fec91da886d80200,6266abf6e4245c72,dfcadfcbd3a3f097,Noah Gugnon,Milos Janicic,1,0.560048668327781,0.557009125517881,0.544969859842787,0.568407149395962,0.559274005075757
2026-08-01,1a50e734bb54861a,7ecb154439aca0f9,025c1ee70b2cedf4,b12fb759e02378de,Vlasto Cepo,Gilbert Urbina,0,0.502157714366181,0.463241763067151,0.338764354166336,0.58326973336803,0.492217867103402
2026-08-01,1a50e734bb54861a,f425b7a527dd53aa,0cd0456d6029cec2,866fd7b1a6c90e7f,Robert Valentin,Dusko Todorovic,1,0.469971550133523,0.44948264448208,0.335559049186752,0.562148384215636,0.464734486216633
2026-08-01,1a50e734bb54861a,eb8753ed0476b3d1,333b9e5c723ac873,c9cf753cfdf77fc2,Aleksandar Rakic,Marcin Tybura,1,0.581237619329544,0.528158918713168,0.389632347966914,0.666870488837658,0.567830571191395
2026-08-01,1a50e734bb54861a,0c3c835e681972d3,99df7d0a2a08a8a8,b4b496ec2197ee3e,Jan Blachowicz,Navajo Stirling,0,0.181673970292469,0.208312205266565,0.134109699471607,0.293772022650706,0.188204680140545
2026-08-01,1a50e734bb54861a,68ae50dbf98dc15f,681399317dbf4701,8a1f3b5c526cd6e6,Uros Medic,Daniel Rodriguez,1,0.578200230814002,0.597756502815541,0.478634096982699,0.700826328787369,0.583213014395112
2026-08-08,495add4fbede0a44,ded584e13276cbcb,651d209fa8c8cd83,77ba5b2939c4018b,Gigi Canuto,Carol Foro,0,0.615909268144264,0.609477950217363,0.586866457857276,0.632895712158638,0.614273033234802
2026-08-08,495add4fbede0a44,d463229133909215,4948e412fa6ab67d,aa0c573da7119292,Ravena Oliveira,Juliana Miller,0,0.364857933298777,0.35371831871319,0.24513785834614,0.459813089139655,0.362003003700356
2026-08-08,495add4fbede0a44,1168a8e59aacfd72,46e0d677f91bacc0,51ec9dc3b4964f19,Miles Johns,Gianni Vazquez,1,0.648679627173261,0.62760111625727,0.503608593403646,0.738030523368373,0.643355661453025
2026-08-08,495add4fbede0a44,81ae2a465e0dfa4f,5870c541798124ae,abde3388a589103c,Manoel Sousa,Richie Miranda,1,0.574020154203956,0.57388667850104,0.504221158729709,0.642082717407957,0.573986119003739
2026-08-08,495add4fbede0a44,64829a32c78ab656,1f8cd7634e8286ff,cdb7b38b1b357f26,Jose Montanha,Louie Sutherland,1,0.519114629869807,0.52415219592663,0.452490389055909,0.598954317462496,0.520399616235455
2026-08-08,495add4fbede0a44,13380a8d6cdbb381,0abcf6bc47191219,709fadb644ee3f51,Bruno Lopes,Diyar Nurgozhay,0,0.45749244151203,0.478828288847481,0.41103960377751,0.545208851177228,0.462921406266814
2026-08-08,495add4fbede0a44,3050549d19395f6f,ba15006c804a8de0,e56cee1ad697db04,Guilherme Pat,Steven Asplund,0,0.33611100476134,0.363092130775138,0.282247318366215,0.442714261682,0.342898556707873
2026-08-08,495add4fbede0a44,f44ab9e9e4a89735,0859524157a19045,fa07345cc9db5cc9,Ty Miller,Billy Ray Goff,1,0.598310098225895,0.611318262387302,0.547773419841707,0.679921408228551,0.601641141658374
2026-08-08,495add4fbede0a44,13f31f7a784013a3,3df5493bb279226f,545092d13c67aa49,Amanda Lemos,Alexia Thainara,0,0.190122692105488,0.209826388484651,0.142477202031059,0.287341973557639,0.195008779912159
2026-08-08,495add4fbede0a44,06bfde3e3577906f,70380ccdc81915b8,92a9aa9c93192871,Yadier del Valle,Darren Elkins,1,0.801543520398123,0.801873480042736,0.707037915279221,0.878531109471854,0.801627699163567
2026-08-08,495add4fbede0a44,d5245f5b96b8afdf,aa171d55d4b5208f,f53d4f21d1b5f2dc,Billy Quarantillo,Diego Ferreira,0,0.353648968602395,0.311565588910719,0.18701176270172,0.460471921680124,0.342667419469748
2026-08-08,495add4fbede0a44,a10deecfb8558335,17734443a833cdf7,72db2a14ffa73ece,Quillan Salkilld,Mateusz Gamrot,1,0.697626094455596,0.72009258931219,0.644908488323157,0.78867906286571,0.703451650142403
2026-08-15,b96619b3acd7d9da,d5ebdf462c9b59b3,bf2c8e01b07d3eb1,d66a46de8d705353,Myktybek Orolbai,Jeremiah Wells,0,0.891627429886527,0.915212022092274,0.855912000962805,0.957935329618402,0.898138751747737
2026-08-15,b96619b3acd7d9da,e7077d030d5fc15f,3d074044a33825e7,84b3e7d38f2d2ec5,Ramiz Brahimaj,Neil Magny,0,0.461679204022208,0.454321837252688,0.346229448163633,0.557635325400532,0.45980136449811
2026-08-15,b96619b3acd7d9da,360b13f97e7ca703,3df223aeaacecf3f,d6a8edb7410223a0,Lucas Fernando,Rafael Tobias,1,0.515002765874993,0.524462888126054,0.45215946377139,0.594799683387992,0.517416383049452
2026-08-15,b96619b3acd7d9da,e79e4d13546d2360,147e70aa6cc48cfc,6d4b63c767106d3a,Tresean Gore,Vicente Luque,1,0.263808871804884,0.268899375729915,0.164024078110277,0.385571081461922,0.265101056273519
2026-08-15,b96619b3acd7d9da,9c5da658c76da7c0,9508cc6184cb2450,ad5cb64af10fc946,Eric McConico,Donte Johnson,0,0.202370011242347,0.206993038439001,0.155544065836733,0.268532571063751,0.203541514933335
2026-08-15,b96619b3acd7d9da,e7c11d1b22d50ba0,62f3039da2f92a8c,814e5233e2acf2ee,Eduardo Chapolin,Charles Johnson,0,0.401199759700285,0.437422481723843,0.336965275831818,0.540562438714033,0.410350964919028
2026-08-15,b96619b3acd7d9da,6e495deac1f57169,58bbef3770bb2dfc,c68c68efaa5ca6ef,Joel Alvarez,Chidi Njokuani,0,0.70555318616044,0.706617296447619,0.596495533810775,0.799577719438423,0.705824747208426
2026-08-15,b96619b3acd7d9da,8e482cead0c7eb15,323d4ca260dfa0ba,64a50dad704d1d49,Esteban Ribovics,Edson Barboza,1,0.772454846273831,0.754163207027107,0.647702783875797,0.842060473681946,0.76788330200346
2026-08-15,b96619b3acd7d9da,53902dcb3e213b18,71505842fb6455c3,841695e02c99a521,Dustin Stoltzfus,Mansur Abdul-Malik,1,0.311052262722966,0.358570963175185,0.268658499205567,0.453687174814378,0.322844902657615
2026-08-15,b96619b3acd7d9da,d4bd456d70965734,4d8fa64202cee4c1,ec13c393d029297d,Jalin Turner,Kaue Fernandes,1,0.444044858169279,0.454886495392448,0.351518900427645,0.557757401946391,0.4468048301481
2026-08-15,b96619b3acd7d9da,4700d42c9869674a,38c7f72747f4f712,7447e9f28508106a,Gillian Robertson,Mackenzie Dern,0,0.674380858456499,0.679642558682249,0.550374566949959,0.795230752800346,0.675726839230417
2026-08-15,b96619b3acd7d9da,365fd759c03e93cf,275aca31f61ba28c,442c9011034ae1fd,Islam Makhachev,Ian Machado Garry,1,0.717636585890747,0.730841033723766,0.558675704113244,0.861574929014359,0.72104082291322
2026-08-22,a0a69dc9914ef6e1,97fb716bc7b8751a,ac7c765882f2c68c,cfbb3edab781dfd2,Elise Reed,Shanelle Dyer,0,0.163544805044827,0.186916931807816,0.125840177139825,0.263424260170539,0.169271761613542
2026-08-22,a0a69dc9914ef6e1,11e4a448ce1ae5e3,3eeec2f53cebdf12,b4443fae47e7eb9d,Jackson McVey,Wes Schultz,1,0.582705260791096,0.594130806025696,0.491378550407047,0.699593206385972,0.585627733794405
2026-08-22,a0a69dc9914ef6e1,116dc88b63113f61,5be51426ff3c1929,b2a78df161bd67f9,Stan Dorsainvil,Gauge Young,1,0.419652905297949,0.429270571017491,0.359717078923158,0.502988541672801,0.422099916342688
2026-08-22,a0a69dc9914ef6e1,7e86f774f19e5e59,c85bad793cd14e28,d958ed9e5a08c849,Marcio Barbosa,Ryan Kuse,1,0.646097068651607,0.639898758065622,0.585336249459291,0.68968139111548,0.644521063239559
2026-08-22,a0a69dc9914ef6e1,bbd05484f8c8d739,06626b6287e1ae1e,b7b84ccd221be298,Chris Padilla,Nasrat Haqparast,1,0.604148335282832,0.633715817194038,0.527311549795103,0.734534668180613,0.611770347497386
2026-08-22,a0a69dc9914ef6e1,5d2c1c4dd444772f,6747ccd6d1acd266,8667caa0451d245b,Shamil Gaziev,Kennedy Nzechukwu,1,0.362339298553104,0.313447336632813,0.234894787141009,0.399643307536116,0.349548175709071
2026-08-22,a0a69dc9914ef6e1,2bbacf9ed3c64184,640a0f838f057a81,e00a3dee329a51f7,Lerryan Douglas,Jamall Emmers,0,0.606393647161174,0.606113349597725,0.517513273326175,0.692368802320229,0.606322178096059
2026-08-22,a0a69dc9914ef6e1,a6873fd459587d17,23a81656507b56a3,b34976c022b24568,Terrance Chatman,Anthony Wint,0,0.519527530944729,0.519653165620051,0.504362649416026,0.53535021044198,0.519559567946569
2026-08-22,a0a69dc9914ef6e1,a4b3becc0cc394d7,8061a3136026a673,f1ab6f37492c630a,Jeisla Chaves,Carli Judice,0,0.297477943271603,0.280783865927281,0.217590209305111,0.355506293223632,0.293166824296111
2026-08-22,a0a69dc9914ef6e1,bf70d01518c80fba,e2be0c1a9b886d92,f6ad6a1e4d600e0d,MarQuel Mederos,Mason Jones,1,0.50458235252173,0.545788736291459,0.446701340849968,0.65746025232522,0.515118246896476
2026-08-22,a0a69dc9914ef6e1,0eba299c9b6760fa,327d5f279895110d,d549cefc7c54ab78,Roman Dolidze,Reinier de Ridder,0,0.298621361941028,0.302920970123247,0.208977493253999,0.408667403534898,0.29971442873422
2026-08-22,a0a69dc9914ef6e1,a57ccf31c5f6f82b,71171fc96445bf65,e2f6b2769aaedd6c,Vitor Petrino,Serghei Spivac,1,0.655158533693422,0.651988138197113,0.528798490340385,0.755034803498549,0.654351381679573
2026-08-22,a0a69dc9914ef6e1,fb77b08a90b92d5b,093e1f5bb73850be,d1c65d2cf2925ddd,Anthony Hernandez,Gregory Rodrigues,0,0.719313476106922,0.740767591466283,0.651289594394528,0.819025641560106,0.724886035189258
