date,event_id,fight_id,fighter_id,opponent_id,fighter,opponent,target,evaluation_year,training_start,training_through,selected_c,calibration_slope,current_82_probability,robust_82_probability,correlation_pruned_probability,selected_baseline_probability,selected_plus_derived_probability,elastic_full_pool_probability,svd_full_pool_probability
2022-01-15,f5585e675af7afd4,3738135e4c9d8273,3d074044a33825e7,523fa774700d7d3f,Ramiz Brahimaj,Court McGee,0,2022,2012-01-14,2021-12-18,0.003,1.13990173070693,0.57497208217633,0.560831407947193,0.550054728460685,0.567294592262167,0.526224468213084,0.520419592611515,0.605891487523515
2022-01-15,f5585e675af7afd4,3a8c0158d910546d,40093d1d2d78394e,d31cbcdd7d69536d,Charles Rosa,TJ Brown,0,2022,2012-01-14,2021-12-18,0.003,1.13990173070693,0.374295991314742,0.36478995939548,0.356448511242175,0.363946803636404,0.344209577541865,0.360366039538887,0.401106313835618
2022-01-15,f5585e675af7afd4,3bcbb0e039f4f5d8,01b352b6a9074d5c,92fa1401b7927da3,Chase Sherman,Jake Collier,0,2022,2012-01-14,2021-12-18,0.003,1.13990173070693,0.430719932023563,0.433560992884567,0.45969091027486,0.47252916000079,0.435620732455863,0.409154748677902,0.389897471832245
2022-01-15,f5585e675af7afd4,7c2a02b5ea169b54,35b3772629e27a49,7be14eaed4c74856,Kevin Croom,Brian Kelleher,0,2022,2012-01-14,2021-12-18,0.003,1.13990173070693,0.471498726306075,0.495337768048621,0.5430266533635,0.413894128534903,0.396974150423749,0.43532186223,0.383837407938707
2022-01-15,f5585e675af7afd4,8693027377658e61,791c8437b341fba5,9abc648e76c4493a,Joanderson Brito,Bill Algeo,0,2022,2012-01-14,2021-12-18,0.003,1.13990173070693,0.477806636655802,0.461413234439167,0.469336331521863,0.495584996283179,0.474090475941495,0.469519011622781,0.484145528843171
2022-01-15,f5585e675af7afd4,8d89f3b8798f444d,07a2bdaa0afdd831,6e15f63b6c2e2c15,Rogerio Bontorin,Brandon Royval,0,2022,2012-01-14,2021-12-18,0.003,1.13990173070693,0.49386020251013,0.500737013560876,0.495827408172719,0.491048098529181,0.490939789946219,0.478790893602918,0.460461850092356
2022-01-15,f5585e675af7afd4,9dfcf675cf2c1575,751de04455cfaac0,9560ff14eb3129f7,Calvin Kattar,Giga Chikadze,1,2022,2012-01-14,2021-12-18,0.003,1.13990173070693,0.323917030297761,0.338676643390272,0.386630893289725,0.334077892381304,0.308650939029922,0.328134954476652,0.301754048297779
2022-01-15,f5585e675af7afd4,b5b5156c713c5d47,19c591115a58982c,3033c1c080672475,Viacheslav Borshchev,Dakota Bush,1,2022,2012-01-14,2021-12-18,0.003,1.13990173070693,0.498279214267325,0.480937117223099,0.478308174097455,0.494457295510926,0.45094296506666,0.459574917157792,0.457860301965563
2022-01-15,f5585e675af7afd4,e8517ed0b49abc37,830f60497fab345a,8d20d76af3f213ce,Jamie Pickett,Joseph Holmes,1,2022,2012-01-14,2021-12-18,0.003,1.13990173070693,0.291360501755849,0.298465633374378,0.307853689962218,0.281537741705461,0.290250693352647,0.316258629248634,0.311034259686313
2022-01-15,f5585e675af7afd4,f9a4e625dffc30d4,8e1f36476ef02a6a,e872e9a9a902c045,Jennifer Maia,Katlyn Cerminara,0,2022,2012-01-14,2021-12-18,0.003,1.13990173070693,0.360908788069379,0.365712561212413,0.393266729561793,0.35499540301408,0.359275178183466,0.365045191159543,0.398947337053418
2022-01-22,335ad945324c3a2e,0669231ebe3dd560,6b453bc35a823c3f,776d4262c4da38bf,Jack Della Maddalena,Pete Rodriguez,1,2022,2012-01-14,2021-12-18,0.003,1.13990173070693,0.511903580322246,0.512164209061789,0.511266655458232,0.513260332325407,0.510466835962014,0.508098714126571,0.504358386486879
2022-01-22,335ad945324c3a2e,0a0beb5aa9810de4,4100c7a09497ad41,a9e260472d321361,Kay Hansen,Jasmine Jasudavicius,0,2022,2012-01-14,2021-12-18,0.003,1.13990173070693,0.705752665945074,0.70988348450614,0.695573851834224,0.710364758899853,0.690914449274206,0.678043263104844,0.702717851459134
2022-01-22,335ad945324c3a2e,4047c2e259529179,2c483cf443f38ece,b4880ef2f838d4e1,Vanessa Demopoulos,Silvana Gomez Juarez,1,2022,2012-01-14,2021-12-18,0.003,1.13990173070693,0.500481526477101,0.48820314156666,0.502563857138055,0.508150573607421,0.527005384412567,0.522230669969851,0.561285176253475
2022-01-22,335ad945324c3a2e,44a55ba1de2b30e2,b9f28e7045fdfce7,eb8d8c2a95cfccb8,Raoni Barcelos,Victor Henry,0,2022,2012-01-14,2021-12-18,0.003,1.13990173070693,0.751490164011923,0.744552824733322,0.716702450382225,0.761929081255177,0.742955256242768,0.707393033753192,0.707238074570528
2022-01-22,335ad945324c3a2e,453283e947919ff7,b27a1fcb56a3035a,c32aeb1a59e6272d,Trevin Giles,Michael Morales,0,2022,2012-01-14,2021-12-18,0.003,1.13990173070693,0.524595250189613,0.521092823477897,0.516759123400891,0.514731112036248,0.54163578584784,0.527969095243214,0.578085280997366
2022-01-22,335ad945324c3a2e,5ba543efdce072f5,33efaf2d0941cfcf,595db60957de51d3,Andre Fialho,Michel Pereira,0,2022,2012-01-14,2021-12-18,0.003,1.13990173070693,0.301181340060723,0.303814038998606,0.30922311952392,0.289192677931179,0.302994009093737,0.314509242883489,0.336586525443965
2022-01-22,335ad945324c3a2e,5da7168ac2ff0e1d,cda1099995b46cc2,dccb63727f2f5f74,Genaro Valdez,Matt Frevola,0,2022,2012-01-14,2021-12-18,0.003,1.13990173070693,0.555574903680529,0.553135209466553,0.566800262978882,0.544561856241631,0.545638350417223,0.535958412368514,0.538926030180142
2022-01-22,335ad945324c3a2e,80f65ee9b6f8d63b,0fd5f4b838e890cc,bf7ad5628363eec9,Said Nurmagomedov,Cody Stamann,1,2022,2012-01-14,2021-12-18,0.003,1.13990173070693,0.543138316342546,0.545729875837689,0.562484003170009,0.537081106854798,0.579658836425019,0.553257177357996,0.539525199420617
2022-01-22,335ad945324c3a2e,9687021e5c4d092a,601964f9654f911a,72ea1984c52019b5,Tony Gravely,Saimon Oliveira,1,2022,2012-01-14,2021-12-18,0.003,1.13990173070693,0.550438769433843,0.555537423059927,0.537113026585553,0.556917898725159,0.539320644916755,0.551491013203922,0.517404949630541
2022-01-22,335ad945324c3a2e,cddd3d4febe097f8,792be9a24df82ed6,aa72b0f831d0bfe5,Brandon Moreno,Deiveson Figueiredo,0,2022,2012-01-14,2021-12-18,0.003,1.13990173070693,0.587290828706279,0.58143937632878,0.570751565974257,0.604245639276479,0.608913567814079,0.600975885320846,0.628518062925344
2022-01-22,335ad945324c3a2e,e786542667fdecf0,787bb1f087ccff8a,8d03ce87ca14e778,Ciryl Gane,Francis Ngannou,0,2022,2012-01-14,2021-12-18,0.003,1.13990173070693,0.649007786209431,0.635780020340052,0.691502463590832,0.700993694312046,0.69693285073181,0.653373168144916,0.620278894399968
2022-02-05,883922e5cd6d8473,0489b42ac0ab6d4b,147e70aa6cc48cfc,f626118b6da0e020,Tresean Gore,Bryan Battle,0,2022,2012-01-14,2021-12-18,0.003,1.13990173070693,0.399021026207619,0.396262091557562,0.399066499108072,0.392333432146195,0.435411783714619,0.439768132148711,0.475038867662747
2022-02-05,883922e5cd6d8473,0730c4e6fb247fa1,2f181c0467965b98,d156513a19acf856,Brendan Allen,Sam Alvey,1,2022,2012-01-14,2021-12-18,0.003,1.13990173070693,0.740356295973739,0.727370030212098,0.64611887724547,0.754375408520677,0.711283436492993,0.689568369152929,0.714232695228552
2022-02-05,883922e5cd6d8473,1765fc442ea03873,2526be54e6a0e62a,dee294e9717012c2,Denys Bondar,Malcolm Gordon,0,2022,2012-01-14,2021-12-18,0.003,1.13990173070693,0.548091974633519,0.538497066269711,0.531997746155398,0.554325369608595,0.528755722889212,0.529668812264028,0.501304764017637
2022-02-05,883922e5cd6d8473,208c5dc52ccfd47a,902ec2cc48c8ae8a,b93c06d09d1c4ac0,Julian Erosa,Steven Peterson,1,2022,2012-01-14,2021-12-18,0.003,1.13990173070693,0.494142556218422,0.504109340003672,0.520087999394885,0.486161566538659,0.492478472679586,0.501720395723383,0.505152040558499
2022-02-05,883922e5cd6d8473,342779192b116314,5f3805dda9661cba,8e382b585a92affe,Jason Witt,Phil Rowe,0,2022,2012-01-14,2021-12-18,0.003,1.13990173070693,0.429722414565801,0.430021999829272,0.438063099885028,0.438449004766173,0.433739496290521,0.445175720137526,0.420456205370348
2022-02-05,883922e5cd6d8473,4b67a1875390e7ad,0a1942069c9ad6b6,0d8011111be000b2,Jack Hermansson,Sean Strickland,0,2022,2012-01-14,2021-12-18,0.003,1.13990173070693,0.383545877208548,0.403558114260152,0.426720065986226,0.376436729165994,0.36124855190698,0.336188799237943,0.301997325043737
2022-02-05,883922e5cd6d8473,673ed36fa5c12d5f,4c2d90e335e6df19,a78a87d8c2bbb1cb,Alexis Davis,Julija Stoliarenko,1,2022,2012-01-14,2021-12-18,0.003,1.13990173070693,0.573799750664707,0.555046063081988,0.589174400285406,0.577106618762738,0.581792646385148,0.567628953736079,0.564654864401192
2022-02-05,883922e5cd6d8473,6b4c2cc27855506a,01afe0916a40c7c5,a53d30163304aa6e,Shavkat Rakhmonov,Carlston Harris,1,2022,2012-01-14,2021-12-18,0.003,1.13990173070693,0.609303638886546,0.608914576345705,0.604634585013203,0.627052362313657,0.65306761444698,0.644135545885008,0.63904711405535
2022-02-05,883922e5cd6d8473,84ebbad426d25713,2c9d00968f818270,5bf31a46becc1204,Hakeem Dawodu,Michael Trizano,1,2022,2012-01-14,2021-12-18,0.003,1.13990173070693,0.564569763022088,0.566451392702821,0.56939518071293,0.571331958503404,0.529271710307996,0.518652412658033,0.523732252047694
2022-02-05,883922e5cd6d8473,ace166f26c2ac2e8,12585614e0ed2626,64facb6cc564262d,Nick Maximov,Punahele Soriano,1,2022,2012-01-14,2021-12-18,0.003,1.13990173070693,0.51029605978278,0.508388967187407,0.492257752059699,0.523044658802578,0.487061643797507,0.498364017542233,0.463967862700147
2022-02-05,883922e5cd6d8473,c816a969cb001168,46e0d677f91bacc0,5fa2974cbd18e05c,Miles Johns,John Castaneda,0,2022,2012-01-14,2021-12-18,0.003,1.13990173070693,0.677342989748601,0.661658495545902,0.637261738082994,0.677778785675874,0.665157199632097,0.644537946563888,0.694315087568533
2022-02-05,883922e5cd6d8473,e82f15afac3dac93,41e83a89929d1327,687c15b2eddfaa63,Jailton Almeida,Danilo Marques,1,2022,2012-01-14,2021-12-18,0.003,1.13990173070693,0.410722061791196,0.411521462038821,0.420443214685726,0.410114783280729,0.425111394819555,0.440435532321157,0.435870854728346
2022-02-05,883922e5cd6d8473,f9ab966e63968c15,8e9eb3fc86db0f7d,c68c68efaa5ca6ef,Marc-Andre Barriault,Chidi Njokuani,0,2022,2012-01-14,2021-12-18,0.003,1.13990173070693,0.588557490048421,0.591094964899647,0.584909079775848,0.590160877393259,0.588531275856158,0.579167921185176,0.574582089436106
2022-02-12,cbb682f5fcc44bfc,18a1617ee7356352,13a0275fa13c4d26,b1a3e0aca758b322,Jared Cannonier,Derek Brunson,1,2022,2012-01-14,2021-12-18,0.003,1.13990173070693,0.323150503013799,0.339234580103253,0.34680457397013,0.308401986319705,0.288597323356792,0.303154328015087,0.283520107158436
2022-02-12,cbb682f5fcc44bfc,19e742ccaa09cf08,c0386644627a7ee5,e7e01e266a9d4342,Mana Martinez,Ronnie Lawrence,0,2022,2012-01-14,2021-12-18,0.003,1.13990173070693,0.293965708443875,0.292703452236435,0.299100399516693,0.298383417190096,0.312156506914842,0.326948823151779,0.328170947872976
2022-02-12,cbb682f5fcc44bfc,238832b58a66ae07,262a7d06203657e6,b6452706b373eea1,Alexander Hernandez,Renato Moicano,0,2022,2012-01-14,2021-12-18,0.003,1.13990173070693,0.571034137889971,0.561297328833337,0.571750221566651,0.556789095989774,0.491919876342926,0.564678339037333,0.529489706548535
2022-02-12,cbb682f5fcc44bfc,388adad23aaa9d39,887961364be5ceb3,b7b84ccd221be298,King Green,Nasrat Haqparast,1,2022,2012-01-14,2021-12-18,0.003,1.13990173070693,0.446571199077031,0.444736109773668,0.44482104318844,0.430644156344088,0.43651715957023,0.444593981591871,0.421481177286317
2022-02-12,cbb682f5fcc44bfc,3bebd99d5f94bec7,78a68f1dade6aaf7,9014c02eff8b3d62,Fabio Cherant,Carlos Ulberg,0,2022,2012-01-14,2021-12-18,0.003,1.13990173070693,0.449772507661296,0.451603443615384,0.464923167250707,0.449074967987404,0.490667066898378,0.508876428187859,0.50278378308925
2022-02-12,cbb682f5fcc44bfc,507080ccded73591,9edf2c9082cc2cd8,d66a46de8d705353,Blood Diamond,Jeremiah Wells,0,2022,2012-01-14,2021-12-18,0.003,1.13990173070693,0.439979865959268,0.437254055401967,0.421908737255897,0.44568507476775,0.382943450887124,0.397454921385065,0.410148406233872
2022-02-12,cbb682f5fcc44bfc,6708f3a32861038a,5da33b8fbfa5ee95,950d0ef5c17157c5,William Knight,Maxim Grishin,0,2022,2012-01-14,2021-12-18,0.003,1.13990173070693,0.583203155859621,0.574373645165829,0.557513132620977,0.596339470722834,0.562811219930898,0.576521609604358,0.600709782403511
2022-02-12,cbb682f5fcc44bfc,81c22cfa22002ea4,2b68d9f125d07b42,3738e68d2261e60f,Jared Vanderaa,Andrei Arlovski,0,2022,2012-01-14,2021-12-18,0.003,1.13990173070693,0.46367949375678,0.482343683354668,0.48276354737534,0.474686576896456,0.46691035449115,0.472458314242103,0.431790185580975
2022-02-12,cbb682f5fcc44bfc,821bef3a3394dd96,2f6a993c7f547c13,3a314d9fa7c6825d,Sergey Morozov,Douglas Silva de Andrade,0,2022,2012-01-14,2021-12-18,0.003,1.13990173070693,0.630893909008424,0.6391584158036,0.6449926200234,0.620271577829204,0.647769606056415,0.625485208983276,0.608290168201468
2022-02-12,cbb682f5fcc44bfc,a0ba726da4a50458,2804ce8dadab5770,60425d07ef4b91a7,Marcelo Rojo,Kyler Phillips,0,2022,2012-01-14,2021-12-18,0.003,1.13990173070693,0.135268136403072,0.13965181929165,0.158914888868295,0.120385576474159,0.122227937961344,0.148989020931708,0.143269381628415
2022-02-12,cbb682f5fcc44bfc,b1e048825b5bbe1c,04835018f90b118c,4498b382c65a7faa,Casey O'Neill,Roxanne Modafferi,1,2022,2012-01-14,2021-12-18,0.003,1.13990173070693,0.88862486025955,0.879185986870528,0.864351010889199,0.895152175762661,0.91588160371418,0.901915724207951,0.911208550240452
2022-02-12,cbb682f5fcc44bfc,bb42336d6417914c,c62fbc117d57b943,d3df1add9d9a7efb,Tai Tuivasa,Derrick Lewis,1,2022,2012-01-14,2021-12-18,0.003,1.13990173070693,0.452226076700275,0.441901739397958,0.458845229912832,0.470114263329554,0.462874570369312,0.456271720753199,0.470753090279737
2022-02-12,cbb682f5fcc44bfc,c16bda7548181613,009c4420727149ea,d4270315cbcf2569,AJ Dobson,Jacob Malkoun,0,2022,2012-01-14,2021-12-18,0.003,1.13990173070693,0.353022974984986,0.346300995863705,0.353563844649217,0.338011914312481,0.347292204303451,0.359643081054735,0.395213070304181
2022-02-12,cbb682f5fcc44bfc,ca8f73d038c4d6e7,1338e2c7480bdf9e,e1147d3d2dabe1ce,Israel Adesanya,Robert Whittaker,1,2022,2012-01-14,2021-12-18,0.003,1.13990173070693,0.605150432748735,0.608713209657675,0.625663771861521,0.602289314734518,0.588064050543594,0.572373230461737,0.580356000419009
2022-02-19,77940e45bc86208e,04e2d50c24a88dbd,b9437600497350f3,eae431e70064e046,Joaquin Buckley,Abdul Razak Alhassan,1,2022,2012-01-14,2021-12-18,0.003,1.13990173070693,0.591581270717081,0.591415376928334,0.559904382176476,0.609366233353646,0.613621342110382,0.624328651884306,0.638883859507984
2022-02-19,77940e45bc86208e,25da52bc590ef664,436f970c9ea9169c,ffe9703408fb5964,Gabriel Benitez,David Onama,0,2022,2012-01-14,2021-12-18,0.003,1.13990173070693,0.333047747558516,0.326805805241384,0.339482829314903,0.343257891821578,0.377854394404122,0.368886027585151,0.348622302336835
2022-02-19,77940e45bc86208e,2d8db91f91f68069,4bd6b4800070b069,ef1182eb28c17d4e,Chas Skelly,Mark Striegl,1,2022,2012-01-14,2021-12-18,0.003,1.13990173070693,0.519747988671306,0.499771732292981,0.449880472979418,0.553840928867978,0.544314193902269,0.541908726728008,0.571047877716223
2022-02-19,77940e45bc86208e,33cc40fc1da409d3,5dd180c8b3196786,d7e40dca3ae125be,Gloria de Paula,Diana Belbita,1,2022,2012-01-14,2021-12-18,0.003,1.13990173070693,0.414899504193014,0.42278580880167,0.431026164683717,0.4177269154562,0.421557196204373,0.416853733761118,0.445484658463672
2022-02-19,77940e45bc86208e,528c208293bdef13,5ec591b78349ba7e,87c0b1c696ddfb43,Christian Rodriguez,Jonathan Pearce,0,2022,2012-01-14,2021-12-18,0.003,1.13990173070693,0.386573481036791,0.388924406104574,0.395797660500349,0.382539023434546,0.390392871816434,0.379220081372859,0.400681644529926
2022-02-19,77940e45bc86208e,8cd583f6d10692bc,01fed6f61ebea01f,bc711b6dd95c1af6,Jay Perrin,Mario Bautista,0,2022,2012-01-14,2021-12-18,0.003,1.13990173070693,0.48514334658682,0.482159740991474,0.495042134290992,0.47713922208711,0.4916874203322,0.503217218763733,0.503111771578593
2022-02-19,77940e45bc86208e,93026443e5140415,ac40f7e3cbecdda4,c9a94278df042f46,Parker Porter,Alan Baudot,1,2022,2012-01-14,2021-12-18,0.003,1.13990173070693,0.414813887234825,0.39670959532078,0.387696090771475,0.423809221529036,0.486520974707067,0.458001894966307,0.47601633163732
2022-02-19,77940e45bc86208e,958799d957945a3a,37f560436d745c18,d1941565abf50b16,Nikolas Motta,Jim Miller,0,2022,2012-01-14,2021-12-18,0.003,1.13990173070693,0.53389052572671,0.534089060081433,0.53639173701612,0.487819281987635,0.493265988933799,0.504779862442153,0.475160643494762
2022-02-19,77940e45bc86208e,99fd8396cbe1df03,830f60497fab345a,d6c0cdd7e467c440,Jamie Pickett,Kyle Daukaus,0,2022,2012-01-14,2021-12-18,0.003,1.13990173070693,0.371888473287078,0.366641140021487,0.361953163905384,0.373565248452034,0.30666467434031,0.336244909978344,0.320183505430573
2022-02-19,77940e45bc86208e,e36a5d4d53b97d4e,5e6294b37bbef029,6c8072b61c276e67,Stephanie Egger,Jessica-Rose Clark,1,2022,2012-01-14,2021-12-18,0.003,1.13990173070693,0.501841896685238,0.518752256149072,0.538426036201224,0.495808771900912,0.515865844475565,0.523506099390927,0.463151635991841
2022-02-19,77940e45bc86208e,ea63f56779100678,8c39367b53eadf8a,c7c39e2fb70248b3,Jesse Strader,Chad Anheliger,0,2022,2012-01-14,2021-12-18,0.003,1.13990173070693,0.541894226161952,0.560193580694198,0.572297988280376,0.539638109270517,0.542646280613496,0.545243965180921,0.506914002919466
2022-02-19,77940e45bc86208e,f7865e5a6d009a87,5444c5a201d3ee5a,c21f26bbde777573,Jamahal Hill,Johnny Walker,1,2022,2012-01-14,2021-12-18,0.003,1.13990173070693,0.53235753064908,0.525930292129056,0.495063722081856,0.523837496892654,0.534401762238359,0.517369731951009,0.507236000176499
2022-02-26,f6a7b02c42e9fc5b,01468f766dd7385c,4dcfb28c011c11b2,67f272324a030d00,Wellington Turman,Misha Cirkunov,1,2022,2012-01-14,2021-12-18,0.003,1.13990173070693,0.379267171333839,0.369097040115626,0.392218742301766,0.389137860546159,0.367232866593617,0.408236374597644,0.423765658468465
2022-02-26,f6a7b02c42e9fc5b,181ceedcacc01d48,798e48f9e7f6ba22,dc7927cd622676a7,Carlos Hernandez,Victor Altamirano,1,2022,2012-01-14,2021-12-18,0.003,1.13990173070693,0.510673105588553,0.507275297437425,0.504637895144985,0.512106294882411,0.512346125312223,0.511948040800503,0.503954129659246
2022-02-26,f6a7b02c42e9fc5b,2f4d42e0b9696f71,275aca31f61ba28c,887961364be5ceb3,Islam Makhachev,King Green,1,2022,2012-01-14,2021-12-18,0.003,1.13990173070693,0.791494530328016,0.793824564170136,0.779916894337849,0.803188189700262,0.821834408394914,0.807429082329621,0.794144049666541
2022-02-26,f6a7b02c42e9fc5b,61a20ff34b6948ba,a13d755965a4ec9f,e4a47b07044ddd72,Rongzhu,Ignacio Bahamondes,0,2022,2012-01-14,2021-12-18,0.003,1.13990173070693,0.435802947475406,0.428727654556218,0.420536593200007,0.441069751317505,0.456904729396901,0.446915747088333,0.475403683256051
2022-02-26,f6a7b02c42e9fc5b,84d633d4a9fbf331,369ea36e450ae62a,d1c65d2cf2925ddd,Armen Petrosyan,Gregory Rodrigues,1,2022,2012-01-14,2021-12-18,0.003,1.13990173070693,0.252545685036395,0.253943132186427,0.268560440996736,0.237763560491622,0.291582301771628,0.314111340711904,0.328438612709453
2022-02-26,f6a7b02c42e9fc5b,8515f07911765f89,58bbef3770bb2dfc,eae48ff31db420c2,Joel Alvarez,Arman Tsarukyan,0,2022,2012-01-14,2021-12-18,0.003,1.13990173070693,0.265102269984591,0.259488978108478,0.2604707649866,0.266084778342464,0.281453715980131,0.289228532386206,0.331991535404091
2022-02-26,f6a7b02c42e9fc5b,901e62b7af57f559,80daefbed11ce998,f2477cf43c4975cc,Alejandro Perez,Jonathan Martinez,0,2022,2012-01-14,2021-12-18,0.003,1.13990173070693,0.444852483201194,0.450770841314881,0.427049215301724,0.427817126188597,0.433577160341134,0.418777665871655,0.428619319045334
2022-02-26,f6a7b02c42e9fc5b,c4eb14c3de579842,a20f234df70f2182,b1e5bcaad32a3cac,Ji Yeon Kim,Priscila Cachoeira,0,2022,2012-01-14,2021-12-18,0.003,1.13990173070693,0.645541450989863,0.644159480484426,0.651783339010624,0.672862399357338,0.723250863703805,0.667488965955365,0.690129246580324
2022-02-26,f6a7b02c42e9fc5b,c5d5fcf290cc029e,3d074044a33825e7,ce175eaafe867d1f,Ramiz Brahimaj,Micheal Gillmore,1,2022,2012-01-14,2021-12-18,0.003,1.13990173070693,0.547498477701356,0.53425798453019,0.512050281060164,0.571387469651438,0.544519276668462,0.519434088223152,0.575500286962376
2022-02-26,f6a7b02c42e9fc5b,cb1f27818d46af0e,1e4f273069fb9e85,809bd1a871491508,Fares Ziam,Terrance McKinney,0,2022,2012-01-14,2021-12-18,0.003,1.13990173070693,0.543749256085491,0.546269704615993,0.51993084267838,0.546377273751762,0.56928630656821,0.540134552668505,0.551743438260771
2022-02-26,f6a7b02c42e9fc5b,f087a10a6f2bcc99,3eb4dc9a7d4ac906,68d35296f566792b,Ramona Pascual,Josiane Nunes,0,2022,2012-01-14,2021-12-18,0.003,1.13990173070693,0.315888758122151,0.315089201677466,0.317245385526539,0.294011740443038,0.298880722541348,0.316797426057132,0.319302254227077
2022-03-05,75e0d3cc2262b732,36d9337a27b71ba9,207773daeb4afa7b,5b86d491d63890c5,Devonte Smith,Ludovit Klein,0,2022,2012-01-14,2021-12-18,0.003,1.13990173070693,0.487118018531474,0.482382190635697,0.496150522862833,0.495293969866295,0.541266508944413,0.537940716305735,0.528890003753073
2022-03-05,75e0d3cc2262b732,43b43c5d439b2f98,3a46b268013afede,57b10fca4f9c9a7a,Kevin Holland,Alex Oliveira,1,2022,2012-01-14,2021-12-18,0.003,1.13990173070693,0.794720556012748,0.788516155121578,0.766780306405297,0.800483713253622,0.791921830212118,0.757610546614552,0.791308826676836
2022-03-05,75e0d3cc2262b732,59d44b6888885500,2b6fc1c02736833d,7be14eaed4c74856,Umar Nurmagomedov,Brian Kelleher,1,2022,2012-01-14,2021-12-18,0.003,1.13990173070693,0.751354072370157,0.765272048153856,0.792071037874864,0.732572668088702,0.731054807454756,0.706105327396273,0.647575344447941
2022-03-05,75e0d3cc2262b732,838bb84a5a976a9c,6a2f7c151031653d,b6452706b373eea1,Rafael Dos Anjos,Renato Moicano,1,2022,2012-01-14,2021-12-18,0.003,1.13990173070693,0.480432817613439,0.490114197112993,0.524943511221995,0.486774341960611,0.447919838567005,0.522435565151505,0.457624662520596
2022-03-05,75e0d3cc2262b732,9321b3c90ea5ca6c,c41d426cc7326d1b,cd2c4d30c6e13b47,Yan Xiaonan,Marina Rodriguez,0,2022,2012-01-14,2021-12-18,0.003,1.13990173070693,0.306697087260719,0.29661152802514,0.289195932582933,0.312156488678962,0.31517308001629,0.316304082422101,0.356997532989498
2022-03-05,75e0d3cc2262b732,abd45edc07a8d9e3,64a50dad704d1d49,d9c6f19f958643e9,Edson Barboza,Bryce Mitchell,0,2022,2012-01-14,2021-12-18,0.003,1.13990173070693,0.363664697535152,0.384481932637277,0.407248178332617,0.356087886521014,0.349504086604018,0.375563174614782,0.381823103706228
2022-03-05,75e0d3cc2262b732,c420c376cc1d149c,c96d9178c9ed9e62,f00ac08ab056af5d,Tim Elliott,Tagir Ulanbekov,1,2022,2012-01-14,2021-12-18,0.003,1.13990173070693,0.388286820087671,0.40114755849999,0.417479328225023,0.401454692176731,0.379603306575436,0.396975420904366,0.362584542511077
2022-03-05,75e0d3cc2262b732,c6fc43c351b08bda,a08ddd04eaffd81d,b4192a975027aab6,Mariya Agapova,Maryna Moroz,0,2022,2012-01-14,2021-12-18,0.003,1.13990173070693,0.644015524371481,0.643581038786485,0.629942774817928,0.674937451196905,0.688705812468914,0.656611952380786,0.645190534431603
2022-03-05,75e0d3cc2262b732,cda06ff86cfe4f5f,85073dbd1be65ed9,e2f6b2769aaedd6c,Greg Hardy,Serghei Spivac,0,2022,2012-01-14,2021-12-18,0.003,1.13990173070693,0.410261689959495,0.420791539644327,0.426235233933482,0.389907439276592,0.421456366028353,0.422279804879772,0.418825751925332
2022-03-05,75e0d3cc2262b732,d03d0abf331df751,47b9e0e7703a4868,dc9572dd6ec74859,Jorge Masvidal,Colby Covington,0,2022,2012-01-14,2021-12-18,0.003,1.13990173070693,0.334028240354989,0.346688723691783,0.383355846504823,0.339989504229224,0.349610699441281,0.356081886683381,0.350665786407631
2022-03-05,75e0d3cc2262b732,d5323490163dde0e,0d65c432720accb9,e4277e87a789d687,Michal Oleksiejczuk,Dustin Jacoby,0,2022,2012-01-14,2021-12-18,0.003,1.13990173070693,0.634474028008361,0.639689489126037,0.63000306700397,0.666562807743798,0.647485343130231,0.634943377629262,0.604583205330528
2022-03-05,75e0d3cc2262b732,ee278a5a25744cac,8667caa0451d245b,8c57c7b8c3bab0eb,Kennedy Nzechukwu,Nicolae Negumereanu,0,2022,2012-01-14,2021-12-18,0.003,1.13990173070693,0.701518924822548,0.704717318353962,0.699409674939864,0.704764997840779,0.727514610754131,0.735509896713144,0.754172284613544
2022-03-05,75e0d3cc2262b732,fce6ab43b7d09aa4,4d8fa64202cee4c1,af9f42e6894047fc,Jalin Turner,Jamie Mullarkey,1,2022,2012-01-14,2021-12-18,0.003,1.13990173070693,0.587015801302264,0.57684737609238,0.562053990228198,0.582541502193897,0.665840094838732,0.649276929085499,0.712435687444716
2022-03-12,1f9344211ca7fd60,226884e46a10865d,12ebd7d157e91701,e5549c82bfb5582d,Bruno Silva,Alex Pereira,0,2022,2012-01-14,2021-12-18,0.003,1.13990173070693,0.546381054129257,0.543828169806166,0.523967567202729,0.531050510636794,0.547550792867676,0.528381740185566,0.600654724977689
2022-03-12,1f9344211ca7fd60,23eec2d9cb2d78cd,37d5b176d438d2a5,749f572d1d3161fb,Karl Roberson,Khalil Rountree Jr.,0,2022,2012-01-14,2021-12-18,0.003,1.13990173070693,0.574457820616852,0.580391597380065,0.597000889526426,0.57685359556831,0.577989877246188,0.53405041993834,0.571858096460676
2022-03-12,1f9344211ca7fd60,26fbee4ed13ff35d,38c7f72747f4f712,6fd953151d981979,Gillian Robertson,JJ Aldrich,0,2022,2012-01-14,2021-12-18,0.003,1.13990173070693,0.492743556023477,0.47905009167232,0.469542668555607,0.492825342291234,0.489343187667438,0.453990515323124,0.50384517104241
2022-03-12,1f9344211ca7fd60,3b06c512abfa0494,4aa58269d0664b5b,725b1abc9a39d873,Matthew Semelsberger,AJ Fletcher,1,2022,2012-01-14,2021-12-18,0.003,1.13990173070693,0.661408107875408,0.658556721059916,0.650725719836543,0.678520981150362,0.659238803777403,0.621441625025776,0.615942212595522
2022-03-12,1f9344211ca7fd60,463fac0e48505b62,519e4fe37ce9ff75,809bd1a871491508,Drew Dober,Terrance McKinney,1,2022,2012-01-14,2021-12-18,0.003,1.13990173070693,0.364962877314161,0.392372841613896,0.402179699096219,0.365765132351761,0.360968020048676,0.377567196885638,0.349364644869902
2022-03-12,1f9344211ca7fd60,5cad3ab6553e9ec9,29af297d9f1de0f8,c7d7fda69ec410d3,Damon Jackson,Kamuela Kirk,1,2022,2012-01-14,2021-12-18,0.003,1.13990173070693,0.32077797691856,0.331096401127565,0.330523809123852,0.305239216435353,0.342770746214155,0.364358562705287,0.377035455995716
2022-03-12,1f9344211ca7fd60,70b8d357e89383bd,7aa3d6964eff4877,94426bb170c88115,Alex Caceres,Sodiq Yusuff,0,2022,2012-01-14,2021-12-18,0.003,1.13990173070693,0.388996147424032,0.374804329904107,0.372604412283791,0.386287677551447,0.37933821197643,0.401793899368392,0.470558396459118
2022-03-12,1f9344211ca7fd60,8aa16cc1ba99aac1,d802174b0c0c1f4e,dea070ed4a2a8281,Magomed Ankalaev,Thiago Santos,1,2022,2012-01-14,2021-12-18,0.003,1.13990173070693,0.702088810256364,0.684025971303171,0.680648591046324,0.704927415822409,0.692472800897119,0.678862841831505,0.716193278283303
2022-03-12,1f9344211ca7fd60,9b46a662b8fa1d8d,efb96bf3e9ada36f,fea79f9bc8c68769,Song Yadong,Marlon Moraes,1,2022,2012-01-14,2021-12-18,0.003,1.13990173070693,0.821069544169936,0.810865009573929,0.751098789265144,0.822959014127752,0.820307583237382,0.784801660796207,0.812765027110153
2022-03-12,1f9344211ca7fd60,9cb78122a23e6a7d,ce632027bf2a871b,f14f644d41ade29f,Dalcha Lungiambula,Cody Brundage,0,2022,2012-01-14,2021-12-18,0.003,1.13990173070693,0.334346275832558,0.326343311292776,0.33275110534185,0.329412998909279,0.342601121237482,0.323057704536491,0.370588154207808
2022-03-12,1f9344211ca7fd60,b400c29fbeee0206,9c27f3217891f3f0,d05412b513b19621,Kris Moutinho,Guido Cannetti,0,2022,2012-01-14,2021-12-18,0.003,1.13990173070693,0.525832156768975,0.518287899916974,0.564555730167564,0.555253217522692,0.441954949973161,0.487500184079303,0.464320922921644
2022-03-12,1f9344211ca7fd60,b55de7d791b9f62d,70d2329a92864fdb,f29a6350c69f4a33,Sabina Mazo,Miranda Maverick,0,2022,2012-01-14,2021-12-18,0.003,1.13990173070693,0.400433167031597,0.397657330362503,0.395706241094341,0.39724557557118,0.449894971121107,0.44970624419332,0.470685193867119
2022-03-12,1f9344211ca7fd60,b70313eae7c24b27,bbab3baf66128ae2,ec23c1be628d8057,Javid Basharat,Trevin Jones,1,2022,2012-01-14,2021-12-18,0.003,1.13990173070693,0.578985891477309,0.568442757453423,0.553497470261254,0.5902538335346,0.540179580302512,0.519254683315192,0.521406037473487
2022-03-12,1f9344211ca7fd60,f10c2c84652ef573,6aae253467e8f9ce,e90a2f22417af68e,Tafon Nchukwi,Azamat Murzakanov,0,2022,2012-01-14,2021-12-18,0.003,1.13990173070693,0.7661998516178,0.766107377565471,0.747129809246109,0.779726858388689,0.726954627282668,0.702178492827729,0.717836217704954
2022-03-19,1d00756835ca67c9,001441f70c293931,7826923b47f8d72a,ec18eb918121787c,Paddy Pimblett,Kazula Vargas,1,2022,2012-01-14,2021-12-18,0.003,1.13990173070693,0.71734150333153,0.709704291001385,0.707863571831792,0.732866026481276,0.726879266010962,0.716591008798071,0.696846637206443
2022-03-19,1d00756835ca67c9,06641a8c62e45661,279566840aa55bf2,399afbabc02376b5,Alexander Volkov,Tom Aspinall,0,2022,2012-01-14,2021-12-18,0.003,1.13990173070693,0.469188096261057,0.47981951960986,0.47783871216699,0.473894316794813,0.472236338901852,0.46400484457543,0.474812214867731
2022-03-19,1d00756835ca67c9,4c7e55061dc3bf89,75353550928a7921,7f6ed67d3ed3c036,Muhammad Mokaev,Cody Durden,1,2022,2012-01-14,2021-12-18,0.003,1.13990173070693,0.570214527297236,0.567171409581715,0.568081047038629,0.5726861292251,0.537429784226674,0.537878287574273,0.566018074754881
2022-03-19,1d00756835ca67c9,53d0df57a917c6a0,45e738622ea2c02c,b8a85389d115e35a,Timur Valiev,Jack Shore,0,2022,2012-01-14,2021-12-18,0.003,1.13990173070693,0.189238568179125,0.192016097441285,0.207067219200112,0.172546526148001,0.177388628563492,0.207372921235841,0.215941616948703
2022-03-19,1d00756835ca67c9,5a878a6bebc973d7,51018a31ddf31eb2,528b071cf3da7c56,Molly McCann,Luana Carolina,1,2022,2012-01-14,2021-12-18,0.003,1.13990173070693,0.416374522696665,0.417423614067733,0.405131862730489,0.421761331184355,0.421958209100195,0.413350392572123,0.410788367817017
2022-03-19,1d00756835ca67c9,5e378c52f26935d6,3351aa64aa83c4d9,ac7c765882f2c68c,Cory McKenna,Elise Reed,0,2022,2012-01-14,2021-12-18,0.003,1.13990173070693,0.546366893895109,0.529558346208881,0.519991047333645,0.563063268597034,0.548502656421175,0.554160130677808,0.610007979958379
2022-03-19,1d00756835ca67c9,6e705b2365bc03fa,56fcb2c4d99f9d1b,87a1dc546b1c5caf,Mike Grundy,Makwan Amirkhani,0,2022,2012-01-14,2021-12-18,0.003,1.13990173070693,0.62300313031746,0.642005866841633,0.659725896039281,0.615870538877723,0.555418405326488,0.562225249452761,0.527634921442679
2022-03-19,1d00756835ca67c9,766b4f5e77ab0860,1091d4d957141094,eabf206b162b3b83,Nikita Krylov,Paul Craig,0,2022,2012-01-14,2021-12-18,0.003,1.13990173070693,0.482734250716932,0.488358621159212,0.49645733016124,0.49456327375032,0.495908483472583,0.49771735142026,0.490003343040601
2022-03-19,1d00756835ca67c9,a200b5dcbdd2506e,4c88a1db5a46c6a4,54f64b5e283b0ce7,Jai Herbert,Ilia Topuria,0,2022,2012-01-14,2021-12-18,0.003,1.13990173070693,0.191476003886068,0.205778952648101,0.223460955834959,0.164763055780094,0.19607885170125,0.210847504905924,0.191502930563453
2022-03-19,1d00756835ca67c9,ae989e21c3839b49,2f5cbecbbe18bac4,f14cf73e51b29254,Shamil Abdurakhimov,Sergei Pavlovich,0,2022,2012-01-14,2021-12-18,0.003,1.13990173070693,0.226615030679777,0.225929174654783,0.235795333510848,0.219467273693103,0.212358061448456,0.220397273482399,0.185752474784894
2022-03-19,1d00756835ca67c9,bcd1e1d71a172d53,8abac218746e04ca,fd55393021a8c255,Takashi Sato,Gunnar Nelson,0,2022,2012-01-14,2021-12-18,0.003,1.13990173070693,0.347424235631115,0.348288339881696,0.358885512901234,0.315793690015536,0.344813151003609,0.340440446453181,0.356818341537944
2022-03-19,1d00756835ca67c9,ce3d94186567a684,040a74bb0a465c54,193b9d1858bc4df3,Arnold Allen,Dan Hooker,1,2022,2012-01-14,2021-12-18,0.003,1.13990173070693,0.636564688460747,0.625242235587524,0.62855148243022,0.616580773784844,0.619713904804561,0.636084089153579,0.634598623219919
2022-03-26,1fac46d466abd5b8,1b650c76387c0f4b,12f91bfa8f1f723b,e8b731feff72294b,Joanne Wood,Alexa Grasso,0,2022,2012-01-14,2021-12-18,0.003,1.13990173070693,0.298763297273292,0.301330231448172,0.334901670472334,0.296911734241763,0.337936307148095,0.352272073606051,0.337595593601547
2022-03-26,1fac46d466abd5b8,3ecccdab76baa59c,34ff304266360297,8e1f36476ef02a6a,Manon Fiorot,Jennifer Maia,1,2022,2012-01-14,2021-12-18,0.003,1.13990173070693,0.702512296326733,0.691906031704419,0.66137144673635,0.695495746987145,0.750223136251119,0.716012055211913,0.713411063049701
2022-03-26,1fac46d466abd5b8,3f92025b29e06bfd,84b3e7d38f2d2ec5,b0d6a1d8ac3d563d,Neil Magny,Max Griffin,1,2022,2012-01-14,2021-12-18,0.003,1.13990173070693,0.679459954876938,0.67269224706439,0.586579516757717,0.682804868138245,0.694936312807834,0.674750390019019,0.712900778085276
2022-03-26,1fac46d466abd5b8,410e65e4d1782bfc,853eb0dd5c0e2149,b1d19449397541dc,Kai Kara-France,Askar Askarov,1,2022,2012-01-14,2021-12-18,0.003,1.13990173070693,0.449232954888203,0.440043974631404,0.41600421973328,0.460403406675009,0.416128898950673,0.409828537156661,0.420648097972956
2022-03-26,1fac46d466abd5b8,6ed495c177d69a3a,0112352cb32f5026,7ab478c397cd68ef,Denis Tiuliulin,Aliaskhab Khizriev,0,2022,2012-01-14,2021-12-18,0.003,1.13990173070693,0.487278892956608,0.487374756399739,0.486507060794892,0.486206062140639,0.484010469893291,0.488978264019934,0.491538778840552
2022-03-26,1fac46d466abd5b8,82b2b97b85c7225c,1a31ef98efce7a79,9ada30894bf04e19,Matheus Nicolau,David Dvorak,1,2022,2012-01-14,2021-12-18,0.003,1.13990173070693,0.436912779590199,0.417909717846583,0.43358307208732,0.474332256586969,0.480757996599606,0.482846962209689,0.501961354894349
2022-03-26,1fac46d466abd5b8,97e522591ac7eb29,0e5c4e72237461bb,12e0fdc606f7e274,Bruno Souza,Luis Saldana,0,2022,2012-01-14,2021-12-18,0.003,1.13990173070693,0.519698309990445,0.5234884291971,0.528013209723601,0.519731488652227,0.551465765208849,0.56599091355277,0.550328973845403
2022-03-26,1fac46d466abd5b8,bb31c77bddd1317e,351c4ec637380ad5,7be74a12d7352df2,Karol Rosa,Sara McMann,0,2022,2012-01-14,2021-12-18,0.003,1.13990173070693,0.820830003077997,0.809244296031709,0.784066392462309,0.827621129439838,0.844699359948999,0.781542486567217,0.803547652933938
2022-03-26,1fac46d466abd5b8,c4e866d9dd606faa,d0aaedcf7ccd0b45,fa6796c55d6c5440,Chris Daukaus,Curtis Blaydes,0,2022,2012-01-14,2021-12-18,0.003,1.13990173070693,0.221744686926153,0.216759816393411,0.249575348813969,0.199282521996782,0.23983172326519,0.2308041175901,0.256963060511526
2022-03-26,1fac46d466abd5b8,d0b7a79d3e7f3362,3b0a516d2921e0d6,45f0cc9d18f35137,Batgerel Danaa,Chris Gutierrez,0,2022,2012-01-14,2021-12-18,0.003,1.13990173070693,0.475682040417897,0.47790965044028,0.4906859046008,0.456931396718873,0.442106342179346,0.439749519409307,0.427083914423323
2022-03-26,1fac46d466abd5b8,f3c37e23ca30c87d,31123249b0bbf52e,a331233f597090a5,Matt Brown,Bryan Barberena,0,2022,2012-01-14,2021-12-18,0.003,1.13990173070693,0.389994486299343,0.389023426296944,0.366058301740274,0.385671983759211,0.402441754682928,0.408027491601149,0.469826374303576
2022-03-26,1fac46d466abd5b8,f6afaf2a39fa441c,19c591115a58982c,32c355b04fc57f3a,Viacheslav Borshchev,Marc Diakiese,0,2022,2012-01-14,2021-12-18,0.003,1.13990173070693,0.588811051949037,0.580513830398404,0.607193012678536,0.590239088339032,0.542960839546294,0.556669469222134,0.551416848799676
2022-04-09,3a97fda0de6f1fa4,15311d4b33d93004,c77a953488e5607d,da0995f19b749cfa,Vinc Pichel,Mark Madsen,0,2022,2012-01-14,2021-12-18,0.003,1.13990173070693,0.54197134596761,0.546467632839008,0.533136916877973,0.541990694869773,0.514181635311015,0.559186176119147,0.533563777408866
2022-04-09,3a97fda0de6f1fa4,278b965694e563b2,2b68d9f125d07b42,98c23cb6da5b3352,Jared Vanderaa,Aleksei Oleinik,0,2022,2012-01-14,2021-12-18,0.003,1.13990173070693,0.685538021495135,0.686319963666563,0.683963131282324,0.697670041392255,0.699950335825741,0.697742625358749,0.688616894185166
2022-04-09,3a97fda0de6f1fa4,313b85fe82b2ba80,326a001926ffb7ec,442c9011034ae1fd,Darian Weeks,Ian Machado Garry,0,2022,2012-01-14,2021-12-18,0.003,1.13990173070693,0.445792196109769,0.462466910969542,0.448738446303249,0.440195554072383,0.512076226930009,0.497962643684384,0.487624966642246
2022-04-09,3a97fda0de6f1fa4,313c36ce9bde6cf6,1291edf2d566a71a,b67d6bacc68d4c92,Julio Arce,Daniel Santos,1,2022,2012-01-14,2021-12-18,0.003,1.13990173070693,0.560084297166759,0.556230717854611,0.539428354708119,0.5548482860356,0.579287106347241,0.571636985048608,0.627622783119877
2022-04-09,3a97fda0de6f1fa4,394b0347b0438622,23024fdfc966410a,767755fd74662dbf,Gilbert Burns,Khamzat Chimaev,0,2022,2012-01-14,2021-12-18,0.003,1.13990173070693,0.345896497316597,0.357798358458733,0.361534556026303,0.32965309408556,0.251473162402094,0.315168850895269,0.295806277382358
2022-04-09,3a97fda0de6f1fa4,7458a37feabf8788,9e50097a89442158,dd6103dd7127db1d,Mickey Gall,Mike Malott,0,2022,2012-01-14,2021-12-18,0.003,1.13990173070693,0.525609325692059,0.522476184035058,0.527290159464551,0.557760819424794,0.580436098468556,0.561488905833753,0.567393481290306
2022-04-09,3a97fda0de6f1fa4,7c6ed5b3d830d0cb,093e1f5bb73850be,ca43de99b07b6b40,Anthony Hernandez,Josh Fremd,1,2022,2012-01-14,2021-12-18,0.003,1.13990173070693,0.555305275010856,0.566643162937812,0.576261300146532,0.561623477030327,0.532655975058619,0.520098428945645,0.521794435218775
2022-04-09,3a97fda0de6f1fa4,88c6e7f71b79fd65,d4691518d012b9e7,fc169c387b4b465d,Aspen Ladd,Raquel Pennington,0,2022,2012-01-14,2021-12-18,0.003,1.13990173070693,0.438019858453133,0.439815554175441,0.464254591556268,0.410762797952627,0.424278649436581,0.414836742796215,0.457797748440764
2022-04-09,3a97fda0de6f1fa4,9a8964b148cb5923,cb696ebfb6598724,d661ce4da776fc20,Aljamain Sterling,Petr Yan,1,2022,2012-01-14,2021-12-18,0.003,1.13990173070693,0.499089777188898,0.512762284578668,0.526417045333987,0.494622407825833,0.559086018819422,0.532439471305857,0.526130894000176
2022-04-09,3a97fda0de6f1fa4,9e52a67410f2c879,4100c7a09497ad41,e375cb5caf4717b6,Kay Hansen,Piera Rodriguez,0,2022,2012-01-14,2021-12-18,0.003,1.13990173070693,0.650915525727614,0.653017851435027,0.628557219690266,0.666358948313809,0.65779111897761,0.631488415677558,0.67060508485996
2022-04-09,3a97fda0de6f1fa4,d8945e21a63e2451,31ef8b67e13495b3,7447e9f28508106a,Tecia Pennington,Mackenzie Dern,0,2022,2012-01-14,2021-12-18,0.003,1.13990173070693,0.465779460594229,0.475447873830385,0.473670810788181,0.453312319256596,0.511653346378679,0.5436016760866,0.516447490375213
2022-04-09,3a97fda0de6f1fa4,dc0ab34f1952cb48,c451d67c09c55418,e1248941344b3288,Chan Sung Jung,Alexander Volkanovski,0,2022,2012-01-14,2021-12-18,0.003,1.13990173070693,0.22224239439526,0.231090456744943,0.263755544477778,0.239908770397788,0.223129721928005,0.24126978376154,0.232610926074404
2022-04-16,8753e125f4499816,0987b3f785e26d1c,5580771f383e141f,e132d47bd9efbbe0,Jesse Ronson,Rafa Garcia,0,2022,2012-01-14,2021-12-18,0.003,1.13990173070693,0.324136043854546,0.33291287073486,0.261256150645645,0.263332167317227,0.280390745788305,0.297271777155533,0.349538812605516
2022-04-16,8753e125f4499816,0daf776bd222daad,e94085e821bd81de,efc67b07eed39794,Sam Hughes,Istela Nunes,1,2022,2012-01-14,2021-12-18,0.003,1.13990173070693,0.407556263174684,0.40972243219094,0.42339483043338,0.404055421442335,0.460296940066162,0.447909127664966,0.455715946411219
2022-04-16,8753e125f4499816,1ceab8fa45996f51,7a5e8c94a86f9895,8eb046f83e82bf26,Chris Barnett,Martin Buday,0,2022,2012-01-14,2021-12-18,0.003,1.13990173070693,0.367539988508167,0.375936346228177,0.38662029463082,0.360220195095957,0.385017470806875,0.392614831990502,0.412483259870145
2022-04-16,8753e125f4499816,2e94ee4b9f5fddea,cc8c623cca88f54f,fdbefee0827e1567,Mayra Bueno Silva,Wu Yanan,1,2022,2012-01-14,2021-12-18,0.003,1.13990173070693,0.532500723159756,0.521762964736857,0.543401154462363,0.541175367208893,0.51713276661627,0.500864872860206,0.570153235360921
2022-04-16,8753e125f4499816,4f6e7159e77d4215,b8bbdeff718dbb7d,cd2e5a390821fb48,Pat Sabatini,TJ Laramie,1,2022,2012-01-14,2021-12-18,0.003,1.13990173070693,0.703494280746255,0.682654325387458,0.668977082776883,0.721043508304135,0.693129190777362,0.655621419271559,0.700260993562849
2022-04-16,8753e125f4499816,559031e51ced0b53,1497e735d9f2560a,49ee5024966efc0d,Ange Loosa,Mounir Lazzez,0,2022,2012-01-14,2021-12-18,0.003,1.13990173070693,0.520877034807183,0.512060670050733,0.512585716998932,0.528979142557963,0.547338487664038,0.532852437161651,0.545505976194307
2022-04-16,8753e125f4499816,6d4b6224f26572f9,6d4b63c767106d3a,b1b0729d27936f2f,Vicente Luque,Belal Muhammad,0,2022,2012-01-14,2021-12-18,0.003,1.13990173070693,0.534623815016987,0.539011978545543,0.549906740952081,0.523954200536475,0.476300932440098,0.462763351611288,0.449508004798175
2022-04-16,8753e125f4499816,74c58b9d638c5eaa,6a8928652fc01bee,7cbf7c78d3b34218,Brandon Jenkins,Drakkar Klose,0,2022,2012-01-14,2021-12-18,0.003,1.13990173070693,0.262619208338614,0.265691326850624,0.273889018159612,0.25375678743322,0.225133443587032,0.258230843023897,0.236373644899245
2022-04-16,8753e125f4499816,7c5fc3fc7be4a997,33efaf2d0941cfcf,82d4c957649faf9b,Andre Fialho,Miguel Baeza,1,2022,2012-01-14,2021-12-18,0.003,1.13990173070693,0.363050109499926,0.370055851940885,0.375584487013484,0.353586459488831,0.358726329159827,0.380594954800998,0.39378978360603
2022-04-16,8753e125f4499816,a0a120c50d93f70a,4126a78111c0855a,684d3aee255a3d09,Caio Borralho,Gadzhi Omargadzhiev,1,2022,2012-01-14,2021-12-18,0.003,1.13990173070693,0.538978963175904,0.544944549114264,0.545618096075655,0.542278630601676,0.539175725762712,0.523876201931165,0.51600126917704
2022-04-16,8753e125f4499816,b09f8cd4cbd7ba56,5da33b8fbfa5ee95,cc7040fe76f0ef91,William Knight,Devin Clark,0,2022,2012-01-14,2021-12-18,0.003,1.13990173070693,0.400504344609705,0.402753049219684,0.375976707961248,0.391686269141025,0.41903093811364,0.427579794175547,0.413266018754831
2022-04-16,8753e125f4499816,c20e6697335c3b3d,2eeaefbfc7f9fcff,91dac5e69e28d5b5,Lina Lansberg,Pannie Kianzad,0,2022,2012-01-14,2021-12-18,0.003,1.13990173070693,0.214688586049416,0.222273762037693,0.216487142623485,0.205004330684004,0.192037063446618,0.226911339471784,0.22915513244787
2022-04-16,8753e125f4499816,eac46cfead228e11,ac026518a9b4dc0f,cfc3e7bb44685289,Jordan Leavitt,Trey Ogden,1,2022,2012-01-14,2021-12-18,0.003,1.13990173070693,0.688714232163209,0.684743814996994,0.669398744061107,0.707285242936092,0.757341263316758,0.717550594212067,0.743690549769886
2022-04-16,8753e125f4499816,fb7ebdda8658fa05,1897b7b913736a7c,35b3772629e27a49,Alatengheili,Kevin Croom,1,2022,2012-01-14,2021-12-18,0.003,1.13990173070693,0.529782271286968,0.517264583049768,0.515054419797383,0.57516126410554,0.535348060041354,0.533161284944117,0.470258486594322
2022-04-23,236a37d96d476164,173d576e6247a88a,f1d64ae34e088832,f9b200db02b488d9,Charles Jourdain,Lando Vannata,1,2022,2012-01-14,2021-12-18,0.003,1.13990173070693,0.539516216738707,0.527162002449368,0.507466261495703,0.510291010019131,0.533582741758058,0.531331588911884,0.583458082725029
2022-04-23,236a37d96d476164,3a3ac7b3987f6799,3df5493bb279226f,6a1901c62ab3870f,Amanda Lemos,Jessica Andrade,0,2022,2012-01-14,2021-12-18,0.003,1.13990173070693,0.373784532612916,0.363019586129457,0.374910182277234,0.347652540083197,0.334695528965444,0.351548085257992,0.433555097565144
2022-04-23,236a37d96d476164,6017351e164dbca3,c47df9303d318c67,d747eb273a40a920,Clay Guida,Claudio Puelles,0,2022,2012-01-14,2021-12-18,0.003,1.13990173070693,0.309767314827758,0.319982670594829,0.355074566087431,0.294721802521521,0.294639356229348,0.287413421682206,0.282282992468179
2022-04-23,236a37d96d476164,6a4ba72b084193b5,53c943c873cffe90,6370c1c1e12723d5,Philipe Lins,Marcin Prachnio,1,2022,2012-01-14,2021-12-18,0.003,1.13990173070693,0.466608224713007,0.488801199774364,0.503740411277876,0.442220373131203,0.448499678399286,0.454299556592461,0.427841426411867
2022-04-23,236a37d96d476164,7cf7960c6ccb5fa1,0641c21bec209472,a6f3d15cb84334bb,Mike Jackson,Dean Barry,1,2022,2012-01-14,2021-12-18,0.003,1.13990173070693,0.46200604831867,0.473518368434832,0.416322379641802,0.459514116236586,0.465701089075704,0.411783074127419,0.450136919160666
2022-04-23,236a37d96d476164,926977ec3ed0ebe1,5f3da9a9610d8969,7d420039bbfe7c1a,Cameron Else,Aoriqileng,0,2022,2012-01-14,2021-12-18,0.003,1.13990173070693,0.477064735313982,0.487006311143795,0.49838937771278,0.484300639987612,0.487732293360119,0.493834178602993,0.419932689687718
2022-04-23,236a37d96d476164,992e84bf59837e21,8e9eb3fc86db0f7d,c878270af633eb11,Marc-Andre Barriault,Jordan Wright,1,2022,2012-01-14,2021-12-18,0.003,1.13990173070693,0.642183388411488,0.647230885017386,0.632712376048505,0.643926054178232,0.670168156210829,0.641263725473186,0.650824504421679
2022-04-23,236a37d96d476164,9b8a82276f06829f,8be158ca1e5ea6a0,90da09db03e41748,Dwight Grant,Sergey Khandozhko,0,2022,2012-01-14,2021-12-18,0.003,1.13990173070693,0.342974319314809,0.344010748408121,0.343293188082421,0.32468066940821,0.36801604951893,0.352467613482247,0.378877372104887
2022-04-23,236a37d96d476164,a45d4327bc82bc28,6a740daf1b279661,80d8aed0ca9b00f3,Maycee Barber,Montana De La Rosa,1,2022,2012-01-14,2021-12-18,0.003,1.13990173070693,0.489227024617545,0.496255180076743,0.490225196753461,0.490701319543815,0.464228484840994,0.483004341541324,0.489577040283796
2022-04-23,236a37d96d476164,e4d946470fd150fe,9fe7af8b3fbe00a0,d9a56ecb6e94f02e,Preston Parsons,Evan Elder,1,2022,2012-01-14,2021-12-18,0.003,1.13990173070693,0.502673236068514,0.519811996169159,0.53510715128428,0.504909723170002,0.511823971091602,0.526919560770156,0.477573851596583
2022-04-23,236a37d96d476164,e8c57c6259193466,49e96ff8ab781589,f9d0cae37dabfafc,Tyson Pedro,Ike Villanueva,1,2022,2012-01-14,2021-12-18,0.003,1.13990173070693,0.872266940687043,0.873172678789518,0.848078056309223,0.898216448742414,0.870703181443547,0.834951839047823,0.806577116009482
2022-04-30,6bf5a7d3e081ade2,5ae5eb729c6bb169,05339613bf8e9808,7c7332319c14094c,Rob Font,Marlon Vera,0,2022,2012-01-14,2021-12-18,0.003,1.13990173070693,0.504680236259653,0.518245106343246,0.518338923842168,0.509800870814386,0.550226045214581,0.538291815312312,0.508960882699379
2022-04-30,6bf5a7d3e081ade2,5b731da9e4be4391,5eb50529a8418b77,f998f5c102250d6e,Gabe Green,Yohan Lainesse,1,2022,2012-01-14,2021-12-18,0.003,1.13990173070693,0.465751935798027,0.467050443356554,0.470097978530139,0.469866935190449,0.464944878590458,0.492607025564692,0.493943189544603
2022-04-30,6bf5a7d3e081ade2,632c2d4ed12f2bdf,791c8437b341fba5,8fd808923cffff82,Joanderson Brito,Andre Fili,1,2022,2012-01-14,2021-12-18,0.003,1.13990173070693,0.491180585649292,0.488455675646569,0.476326266705452,0.470949975734688,0.447227898270637,0.453325973772454,0.512000207153592
2022-04-30,6bf5a7d3e081ade2,6b956992204ec040,4e06913c91da5200,6ac9bc2953c47345,Krzysztof Jotko,Gerald Meerschaert,1,2022,2012-01-14,2021-12-18,0.003,1.13990173070693,0.523522940332736,0.523582833080193,0.557735375056324,0.542554313988495,0.548715863697003,0.539074682938836,0.528933111707862
2022-04-30,6bf5a7d3e081ade2,760e3f292b834637,2ebfbe72ed703925,92a9aa9c93192871,Tristan Connelly,Darren Elkins,0,2022,2012-01-14,2021-12-18,0.003,1.13990173070693,0.447101331391065,0.450957026103001,0.46660338194249,0.423653453538793,0.459221839972345,0.474686103917167,0.503274317053579
2022-04-30,6bf5a7d3e081ade2,7c8701bb78cb4de8,7026eca45f65377b,99bd51917728c25d,Jared Gordon,Grant Dawson,0,2022,2012-01-14,2021-12-18,0.003,1.13990173070693,0.289305836322943,0.285544222863874,0.281099113714674,0.316006910052468,0.323434643123279,0.322817480222212,0.297285469224976
2022-04-30,6bf5a7d3e081ade2,7e4b7a70838e5ba4,31bb0772f21cabd8,cdadae5363b66eef,Daniel Lacerda,Francisco Figueiredo,0,2022,2012-01-14,2021-12-18,0.003,1.13990173070693,0.384730958601376,0.397990385014167,0.411119260573988,0.384987347769398,0.418508204692173,0.438836947638063,0.40998325868833
2022-04-30,6bf5a7d3e081ade2,80cf37627a129145,016a8d958883167c,568bbad0eaced57c,Gina Mazany,Shanna Young,0,2022,2012-01-14,2021-12-18,0.003,1.13990173070693,0.577225285214611,0.57500574604601,0.578186518127841,0.592215210255605,0.595498635227123,0.567243781115177,0.636965302323291
2022-04-30,6bf5a7d3e081ade2,9217ecc287ac482d,a29db9cd4f9ccea5,d80ee110748171ac,Natan Levy,Mike Breeden,1,2022,2012-01-14,2021-12-18,0.003,1.13990173070693,0.684787926168364,0.687924470861552,0.656264459746953,0.69218161325031,0.69750270175842,0.673189048850698,0.699480159274426
2022-04-30,6bf5a7d3e081ade2,d2484d74f819d813,01b352b6a9074d5c,c0badf3243907e59,Chase Sherman,Alexandr Romanov,0,2022,2012-01-14,2021-12-18,0.003,1.13990173070693,0.139084271582412,0.147590752374072,0.174883202841478,0.148492400355536,0.110295329248731,0.133609494559322,0.130069770670136
2022-04-30,6bf5a7d3e081ade2,eb277b5ea2a19124,3738e68d2261e60f,92fa1401b7927da3,Andrei Arlovski,Jake Collier,1,2022,2012-01-14,2021-12-18,0.003,1.13990173070693,0.447706275700466,0.441224193050942,0.445115481387168,0.459551356681933,0.462198049188552,0.457177719966529,0.459836487567609
2022-05-07,253d3f9e97ca149a,397dd9a8694ef413,33efaf2d0941cfcf,87e2468b986ebb79,Andre Fialho,Cameron VanCamp,1,2022,2012-01-14,2021-12-18,0.003,1.13990173070693,0.572546148673055,0.568690943882686,0.562002263429324,0.584625047360263,0.617703002521989,0.611000198466766,0.625650919065311
2022-05-07,253d3f9e97ca149a,430309e0f8a315d5,78f485f851891d68,9e92e1ca498d7244,Journey Newson,Fernie Garcia,1,2022,2012-01-14,2021-12-18,0.003,1.13990173070693,0.448087868391716,0.468362903367179,0.470657593127582,0.434892196049051,0.461410876884757,0.464292028049991,0.446057561257205
2022-05-07,253d3f9e97ca149a,60d9d50b763adc62,68d4a891e5cf2029,a4a80dd7336ffd59,Tracy Cortez,Melissa Gatto,1,2022,2012-01-14,2021-12-18,0.003,1.13990173070693,0.455408044346141,0.45321411807733,0.444827157011027,0.454954860406836,0.454636786762955,0.453538289393689,0.472331875962782
2022-05-07,253d3f9e97ca149a,6a902b97ac98c283,a6cba6bb66c1a8c9,a8283a4f415e1eb9,Danny Roberts,Francisco Trinaldo,0,2022,2012-01-14,2021-12-18,0.003,1.13990173070693,0.472484269146965,0.471777027977751,0.505276302369046,0.486170495136976,0.446504427740408,0.484042782670606,0.445603473516896
2022-05-07,253d3f9e97ca149a,7d4e49d8a6678157,07225ba28ae309b6,9e8f6c728eb01124,Charles Oliveira,Justin Gaethje,1,2022,2012-01-14,2021-12-18,0.003,1.13990173070693,0.66163000722782,0.653776871749839,0.609170631037918,0.659100934562206,0.650958093376652,0.620542354068085,0.640586603603327
2022-05-07,253d3f9e97ca149a,80ac36a9dbc4b1a1,67c1d46f4ed16f9e,6e15f63b6c2e2c15,Matt Schnell,Brandon Royval,0,2022,2012-01-14,2021-12-18,0.003,1.13990173070693,0.498217702165072,0.499375325776104,0.506474510321935,0.513932367961524,0.490108024064921,0.48021598563083,0.479975153573894
2022-05-07,253d3f9e97ca149a,8289033e03b4d9a3,077e3ace32b72be9,102a8fdf8cbf7467,CJ Vergara,Kleydson Rodrigues,1,2022,2012-01-14,2021-12-18,0.003,1.13990173070693,0.543906218037888,0.553582976617437,0.547643572074038,0.54486324658951,0.510918581208895,0.512542133211754,0.51021509674596
2022-05-07,253d3f9e97ca149a,8390441d93736719,2558ae2e5671e318,c6aee362c7a7d482,Khaos Williams,Randy Brown,0,2022,2012-01-14,2021-12-18,0.003,1.13990173070693,0.619925851368485,0.621055365283986,0.640731060591223,0.635815594629293,0.594793187979247,0.599555173997028,0.55272444982388
2022-05-07,253d3f9e97ca149a,88455c967a7ef6fc,8e5d953bdb9ae5e7,c0d5c0c95c59050b,Loopy Godinez,Ariane Carnelossi,1,2022,2012-01-14,2021-12-18,0.003,1.13990173070693,0.748101711123225,0.75607799268662,0.75563404640415,0.754430220528453,0.770817672350192,0.736109850659795,0.738306013085586
2022-05-07,253d3f9e97ca149a,9d61012a6020516e,47b63240018d5d86,d910665038efc639,Rose Namajunas,Carla Esparza,0,2022,2012-01-14,2021-12-18,0.003,1.13990173070693,0.683364573454403,0.68878259338245,0.686849961785545,0.688658260677855,0.726412314541746,0.710051038606427,0.707404519417718
2022-05-07,253d3f9e97ca149a,a2ebb5f86eb64f22,22a92d7f62195791,4b93a88f3b1de35b,Tony Ferguson,Michael Chandler,0,2022,2012-01-14,2021-12-18,0.003,1.13990173070693,0.706382277565695,0.686354274779991,0.631344799164829,0.725769239102751,0.72264901619962,0.673956934352544,0.723891951740705
2022-05-07,253d3f9e97ca149a,c020ccbd7cdefb6e,140745cbbcb023ac,50db8711c70196cd,Mauricio Rua,Ovince Saint Preux,0,2022,2012-01-14,2021-12-18,0.003,1.13990173070693,0.537663007842188,0.534535617351983,0.537226540363537,0.579051666580813,0.572547281385298,0.54301352997765,0.521972244037762
2022-05-07,253d3f9e97ca149a,fc4939b3c9071e66,9cdd2da1a9104a0b,d3f5d33d61cd00c9,Macy Chiasson,Norma Dumont,1,2022,2012-01-14,2021-12-18,0.003,1.13990173070693,0.411606463728117,0.403538433513654,0.39217165007571,0.397611320554972,0.374217593226252,0.39221153406356,0.408075730124925
2022-05-07,253d3f9e97ca149a,ff6c8dab41efcc09,1788eee370f077b7,ab943cd2c3c17825,Blagoy Ivanov,Marcos Rogerio de Lima,1,2022,2012-01-14,2021-12-18,0.003,1.13990173070693,0.450279603988674,0.4798003182516,0.484788076115645,0.412876845764865,0.39780236001401,0.443029754282314,0.371307253752041
2022-05-14,60ba33c3f555a7a3,22f1133d02700bb2,4461d7e47375a895,760a55d5b6098cbe,Tatsuro Taira,Carlos Candelario,1,2022,2012-01-14,2021-12-18,0.003,1.13990173070693,0.626911511945874,0.627257453475952,0.613347345881688,0.639407057859106,0.629274760681443,0.618699247434578,0.621398791271567
2022-05-14,60ba33c3f555a7a3,2fa88b72973478b6,a67f5afa8d6a1b80,cd13728ae1151f46,Ryan Spann,Ion Cutelaba,1,2022,2012-01-14,2021-12-18,0.003,1.13990173070693,0.387991377018886,0.376865313923739,0.348667212432763,0.366464120067815,0.377826152557617,0.393980585020341,0.426004514617384
2022-05-14,60ba33c3f555a7a3,43543a2c1c7a7135,113df4fde64735c6,d2bc285ead803db0,Davey Grant,Louis Smolka,1,2022,2012-01-14,2021-12-18,0.003,1.13990173070693,0.54205478880443,0.557911316425209,0.591194458991472,0.553883126100486,0.54661212902545,0.483555573661882,0.502400899892405
2022-05-14,60ba33c3f555a7a3,5c281439d20184f1,333b9e5c723ac873,99df7d0a2a08a8a8,Aleksandar Rakic,Jan Blachowicz,0,2022,2012-01-14,2021-12-18,0.003,1.13990173070693,0.602928261419246,0.595000243827861,0.605177180061361,0.592348167782788,0.634861664574345,0.607309308667382,0.62848109381662
2022-05-14,60ba33c3f555a7a3,7e047b195135ef06,05fa626cb33d15b8,36541f1e6c5d4955,Andrea Lee,Viviane Araujo,0,2022,2012-01-14,2021-12-18,0.003,1.13990173070693,0.611205497165705,0.611125384048821,0.589845724107007,0.611844828086611,0.647976864372105,0.642022049411273,0.635366108384573
2022-05-14,60ba33c3f555a7a3,8a1aa64eb1f17913,511e82663651438d,cd7763bcadb5d4c8,Michael Johnson,Alan Patrick,1,2022,2012-01-14,2021-12-18,0.003,1.13990173070693,0.477604856008112,0.472768789185563,0.466978202619767,0.474567881614737,0.462757984620116,0.468307451756976,0.511678914950762
2022-05-14,60ba33c3f555a7a3,afed0bac5ce5a2f3,12585614e0ed2626,5f61780fe5e9b6d0,Nick Maximov,Andre Petroski,0,2022,2012-01-14,2021-12-18,0.003,1.13990173070693,0.476276312440016,0.481657836508003,0.475821326447058,0.493194565846372,0.440879862497773,0.473290484748127,0.395809843329358
2022-05-14,60ba33c3f555a7a3,b3248692dfb954b2,253076a23d03dcd0,60a42bf82447c919,Allan Nascimento,Jake Hadley,1,2022,2012-01-14,2021-12-18,0.003,1.13990173070693,0.48906966902263,0.499936724105718,0.507075784120341,0.482791894000537,0.499541635628874,0.477401977761104,0.509305603170432
2022-05-14,60ba33c3f555a7a3,e240d6f77747ec46,2e7878927067fdca,764342d39cdaa54a,Manuel Torres,Frank Camacho,1,2022,2012-01-14,2021-12-18,0.003,1.13990173070693,0.64901698153992,0.637987441889587,0.689735476480291,0.648611946478414,0.632579327308366,0.638597212378691,0.633573725421263
2022-05-14,60ba33c3f555a7a3,f549164690d723bb,7dda2cf308f24a02,f0feeb2192937424,Virna Jandiroba,Angela Hill,1,2022,2012-01-14,2021-12-18,0.003,1.13990173070693,0.612093889113758,0.604646481624368,0.581048158260731,0.612948168209084,0.571535001742955,0.583919529390005,0.581000808193659
2022-05-14,60ba33c3f555a7a3,fad150a0288efbd7,beecb672a279223e,e872e9a9a902c045,Amanda Ribas,Katlyn Cerminara,0,2022,2012-01-14,2021-12-18,0.003,1.13990173070693,0.603278383864238,0.606023479836965,0.598307875677395,0.617055818621855,0.635774383004864,0.606228300864238,0.627570092004686
2022-05-21,a6c32678efd4f434,1b4d0c9e3c59b33b,41e83a89929d1327,ac40f7e3cbecdda4,Jailton Almeida,Parker Porter,1,2022,2012-01-14,2021-12-18,0.003,1.13990173070693,0.74268296642857,0.745222799148543,0.745613891874587,0.750562199382086,0.791624291673793,0.776922423488106,0.773462446184358
2022-05-21,a6c32678efd4f434,3542f9f30926f364,37098a6e6c27fb66,f2477cf43c4975cc,Vince Morales,Jonathan Martinez,0,2022,2012-01-14,2021-12-18,0.003,1.13990173070693,0.333483656226258,0.343020334497349,0.367415229521841,0.318337412179694,0.330563472859434,0.328862850718586,0.316724412065504
2022-05-21,a6c32678efd4f434,4a789cdd5aaf4439,285ae0b4a68221f4,cad24459b28592ca,JunYong Park,Eryk Anders,1,2022,2012-01-14,2021-12-18,0.003,1.13990173070693,0.458395330203482,0.450812183504793,0.437653736765932,0.450033290768132,0.484962962724737,0.45340809581954,0.469246646723565
2022-05-21,a6c32678efd4f434,5136dc566f46daf6,971246648e162f0d,dbac0a413af64bbe,Chase Hooper,Felipe Colares,1,2022,2012-01-14,2021-12-18,0.003,1.13990173070693,0.54130386198264,0.531907076182575,0.51258339599022,0.568224791617633,0.614526119288773,0.5835821453444,0.620890165484374
2022-05-21,a6c32678efd4f434,534c07488396e124,681399317dbf4701,a0e6753c42698f13,Uros Medic,Omar Morales,1,2022,2012-01-14,2021-12-18,0.003,1.13990173070693,0.611806187828503,0.619811138125663,0.627072349111109,0.625735328286909,0.649844439710859,0.626169413345817,0.580571479621856
2022-05-21,a6c32678efd4f434,5d4fb748ad246269,595db60957de51d3,6d1bffff14897645,Michel Pereira,Santiago Ponzinibbio,1,2022,2012-01-14,2021-12-18,0.003,1.13990173070693,0.625896765950396,0.624576491718043,0.619384884018742,0.648716563276505,0.638754723899989,0.633980047934554,0.597224488166113
2022-05-21,a6c32678efd4f434,5eaff5c832430378,9673a497a9da119a,d25240135aee03e5,Polyana Viana,Tabatha Ricci,0,2022,2012-01-14,2021-12-18,0.003,1.13990173070693,0.512247453628918,0.51096699929259,0.464554880299178,0.519320770933869,0.558346266762008,0.506343967572073,0.545986147808912
2022-05-21,a6c32678efd4f434,7a2c841693b54dd7,634e2fb70bde3fd5,b9706f80d005036c,Holly Holm,Ketlen Vieira,0,2022,2012-01-14,2021-12-18,0.003,1.13990173070693,0.48849219578332,0.500864326772179,0.531441039368571,0.459996728289381,0.465037657620892,0.48137467208552,0.508673552530823
2022-05-21,a6c32678efd4f434,bc7228d30ff5be46,ac7c765882f2c68c,e94085e821bd81de,Elise Reed,Sam Hughes,0,2022,2012-01-14,2021-12-18,0.003,1.13990173070693,0.569235564399395,0.566654267988019,0.569639109016968,0.563054552135181,0.526526861101589,0.535596167102192,0.537068727898296
2022-05-21,a6c32678efd4f434,cbdfb3c648d7bada,70fa1c64a2c439ef,8d20d76af3f213ce,Alen Amedovski,Joseph Holmes,0,2022,2012-01-14,2021-12-18,0.003,1.13990173070693,0.170090067575809,0.178807764071677,0.174908485989799,0.148537317337071,0.174413346594143,0.207548722847382,0.172585773641758
2022-05-21,a6c32678efd4f434,f682118709b4143e,866fd7b1a6c90e7f,c68c68efaa5ca6ef,Dusko Todorovic,Chidi Njokuani,0,2022,2012-01-14,2021-12-18,0.003,1.13990173070693,0.451616700089109,0.446367912755187,0.422877817323302,0.44681823088938,0.432584246080842,0.42466427568498,0.465108679808666
2022-06-04,57591bbf1623574e,04e6198326be4857,29af297d9f1de0f8,e4ba58725825412d,Damon Jackson,Dan Argueta,1,2022,2012-01-14,2021-12-18,0.003,1.13990173070693,0.561031596496526,0.567744932483778,0.557090336204106,0.568841064882948,0.567833746009603,0.570183674626486,0.56841757575037
2022-06-04,57591bbf1623574e,344d60564cd136ff,5bf31a46becc1204,710f0f8c5d5c9d41,Michael Trizano,Lucas Almeida,0,2022,2012-01-14,2021-12-18,0.003,1.13990173070693,0.487602477377274,0.485331965284468,0.47388199402388,0.497452899220234,0.535608053619348,0.531042290861452,0.592390716858031
2022-06-04,57591bbf1623574e,3aa49ed298e4c34f,5c126c6aac3ef364,9d62c2d8ee151f08,Poliana Botelho,Karine Silva,0,2022,2012-01-14,2021-12-18,0.003,1.13990173070693,0.385930211813211,0.38907122689104,0.381300856938765,0.377964001822443,0.419276494807629,0.419391202495735,0.469446881909995
2022-06-04,57591bbf1623574e,43d7d4b67be48553,601964f9654f911a,f6bcbd91b114ff58,Tony Gravely,Johnny Munoz,1,2022,2012-01-14,2021-12-18,0.003,1.13990173070693,0.446981459701307,0.451990808134095,0.443967952099856,0.434099167927449,0.412666728716569,0.42452653181174,0.392809749894339
2022-06-04,57591bbf1623574e,4f2501e804c84abe,b6850671a008bf9a,d7c3816669784109,Felice Herrig,Karolina Kowalkiewicz,0,2022,2012-01-14,2021-12-18,0.003,1.13990173070693,0.555239569877998,0.551542209885231,0.454440112480294,0.541992191187983,0.479158160767404,0.480501525729613,0.503588054845446
2022-06-04,57591bbf1623574e,59b2bbb251968ca9,669970f7feba8ecd,6fd953151d981979,Erin Blanchfield,JJ Aldrich,1,2022,2012-01-14,2021-12-18,0.003,1.13990173070693,0.662771319507746,0.655713616794877,0.647683069056229,0.667352319643059,0.710859725256424,0.67438558787153,0.690269370789533
2022-06-04,57591bbf1623574e,7a635063e5f1699b,279566840aa55bf2,2cd428e9606856fd,Alexander Volkov,Jairzinho Rozenstruik,1,2022,2012-01-14,2021-12-18,0.003,1.13990173070693,0.625218817152226,0.621199571334256,0.598261197611747,0.642682653964772,0.645561541615706,0.623595915580841,0.621118197356025
2022-06-04,57591bbf1623574e,7e20b0536fbbd560,008ea710276c9606,55fa6ce3e522c8bb,Jeff Molina,Zhalgas Zhumagulov,1,2022,2012-01-14,2021-12-18,0.003,1.13990173070693,0.764747367404097,0.748649023802091,0.729888652914513,0.776707627116204,0.806768274951247,0.781376113828604,0.800609451241119
2022-06-04,57591bbf1623574e,93969a7368dc2e14,a495f599e787614f,e92901944ce91909,Alonzo Menifield,Askar Mozharov,1,2022,2012-01-14,2021-12-18,0.003,1.13990173070693,0.572870723483467,0.580868991969383,0.586722719481518,0.569533537887242,0.590350827336394,0.553348615520238,0.579123544682996
2022-06-04,57591bbf1623574e,a09447d185a62251,79325a3c1a5c3bf4,8f765fd5775a8873,Andreas Michailidis,Rinat Fakhretdinov,0,2022,2012-01-14,2021-12-18,0.003,1.13990173070693,0.477530864107855,0.486538130549911,0.488367488293443,0.46112151431673,0.528201534544643,0.511197743785082,0.521728772004448
2022-06-04,57591bbf1623574e,a679800d2e7c3be2,6d68c1afe954f121,79cb2a690b9ba5e8,Ode Osbourne,Zarrukh Adashev,1,2022,2012-01-14,2021-12-18,0.003,1.13990173070693,0.442549790447767,0.444220614215151,0.449900945412213,0.444104567994432,0.471291174552485,0.46809620220942,0.464237880938135
2022-06-04,57591bbf1623574e,aacb47949a572f25,76e2870ffafbe38f,82a5152216251682,Movsar Evloev,Dan Ige,1,2022,2012-01-14,2021-12-18,0.003,1.13990173070693,0.685750117877467,0.678175550044092,0.655890500659614,0.690439225199419,0.709342867533169,0.705171587866525,0.674095853633838
2022-06-04,57591bbf1623574e,e5e75d831670b401,af65aa688d13eedf,c3ded6f7155f9ea4,Joe Solecki,Alex Da Silva,1,2022,2012-01-14,2021-12-18,0.003,1.13990173070693,0.582760860832686,0.562575626568098,0.553894857475168,0.577766355467749,0.605576227824773,0.573192145730734,0.621287230850105
2022-06-04,57591bbf1623574e,ed32da52aff68944,62f7097c04311193,c2299ec916bc7c56,Niklas Stolze,Benoit Saint Denis,0,2022,2012-01-14,2021-12-18,0.003,1.13990173070693,0.415982161691294,0.417452022393236,0.414121968539307,0.380855529846036,0.386076096097321,0.390096333027193,0.430117629984187
2022-06-11,3a24769a4855040a,029f5c36820fdc09,3b0a516d2921e0d6,a7897d200692ab64,Batgerel Danaa,Kyung Ho Kang,0,2022,2012-01-14,2021-12-18,0.003,1.13990173070693,0.511713987909785,0.522998685726633,0.52281692776032,0.480042396727563,0.470594212485718,0.487994950141276,0.448040769667936
2022-06-11,3a24769a4855040a,049ad6d87b42eba8,132deb59abae64b1,f7467152fd9f18a2,Valentina Shevchenko,Taila Santos,1,2022,2012-01-14,2021-12-18,0.003,1.13990173070693,0.654692857561172,0.652873447984115,0.629019515594732,0.664093069558677,0.696781802214065,0.691074636272727,0.68678076275808
2022-06-11,3a24769a4855040a,4305cb30533dac77,1ebe20ebbfa15e29,3d6749c4267da18f,Zhang Weili,Joanna Jedrzejczyk,1,2022,2012-01-14,2021-12-18,0.003,1.13990173070693,0.462280443003782,0.463411691405803,0.473715614227164,0.482478113899242,0.476324840985396,0.460867866475132,0.469636042251945
2022-06-11,3a24769a4855040a,4a116a55ffaa0d64,8c1ca54b5089d199,97cf1a2c7c5e7889,Maheshate,Steve Garcia,1,2022,2012-01-14,2021-12-18,0.003,1.13990173070693,0.545064884463925,0.543467370242871,0.530130190545721,0.549351229484346,0.52687881494176,0.544446701888634,0.498210971803661
2022-06-11,3a24769a4855040a,50eed57ea1390e16,2f181c0467965b98,d4270315cbcf2569,Brendan Allen,Jacob Malkoun,1,2022,2012-01-14,2021-12-18,0.003,1.13990173070693,0.461167909912069,0.453043488312078,0.438345733623406,0.445627796524038,0.403136850919209,0.41680954786111,0.433989321469624
2022-06-11,3a24769a4855040a,5f4a107d930e4852,3eb4dc9a7d4ac906,f9ab66e67240db7b,Ramona Pascual,Joselyne Edwards,0,2022,2012-01-14,2021-12-18,0.003,1.13990173070693,0.388569550805125,0.385502720651374,0.391196653657423,0.399858607904429,0.34625784661493,0.365362466833188,0.326145930042688
2022-06-11,3a24769a4855040a,c94b153951be7590,6751eacd16bd59bc,a68575214ecad140,Josh Culibao,SeungWoo Choi,1,2022,2012-01-14,2021-12-18,0.003,1.13990173070693,0.526647230188198,0.530117586885018,0.546879821480001,0.527333733215608,0.541981291035458,0.529709376143662,0.530873858377806
2022-06-11,3a24769a4855040a,d7a7ba46c4f075d7,33efaf2d0941cfcf,a845f0735bc67405,Andre Fialho,Jake Matthews,0,2022,2012-01-14,2021-12-18,0.003,1.13990173070693,0.438254956008003,0.436209969405335,0.462533775857394,0.430222770011965,0.419511584835367,0.428044321429234,0.431877894386097
2022-06-11,3a24769a4855040a,f115a91066a77ee7,6b453bc35a823c3f,abd5fb12437eda21,Jack Della Maddalena,Ramazan Emeev,1,2022,2012-01-14,2021-12-18,0.003,1.13990173070693,0.48042976891388,0.470737331014915,0.473326609744491,0.488034415520673,0.523598661101713,0.528242539135815,0.557466864918393
2022-06-11,3a24769a4855040a,f466cd99d02644e9,b4880ef2f838d4e1,ec0dcceace7d25a3,Silvana Gomez Juarez,Liang Na,1,2022,2012-01-14,2021-12-18,0.003,1.13990173070693,0.391892781752924,0.400470505788463,0.409171470427668,0.363414249167946,0.422762092791219,0.406614135339635,0.428002504666889
2022-06-11,3a24769a4855040a,fd49f89b9d97566b,009341ed974bad72,7ff97850e8c32bda,Jiri Prochazka,Glover Teixeira,1,2022,2012-01-14,2021-12-18,0.003,1.13990173070693,0.418412234202402,0.428175250404074,0.500500344435373,0.432283370873372,0.463174794386585,0.458021044271822,0.407149253557679
2022-06-18,a0a680fe2f6cc8e6,11e83902f5b8ff63,6b7c7460855dbbb9,b9437600497350f3,Albert Duraev,Joaquin Buckley,0,2022,2012-01-14,2021-12-18,0.003,1.13990173070693,0.445802456124911,0.445991555447451,0.462363765995855,0.445595664534834,0.468601317036402,0.460222691872104,0.449127103798568
2022-06-18,a0a680fe2f6cc8e6,1378fc2be3819b2b,0de720c0f1d4ab9c,1ae8f3c723aacff4,Danny Chavez,Ricardo Ramos,0,2022,2012-01-14,2021-12-18,0.003,1.13990173070693,0.235985180052175,0.24337735332638,0.251372863452907,0.209059131559967,0.246268829358926,0.282735784862563,0.275574134622395
2022-06-18,a0a680fe2f6cc8e6,1bc662949337a8c4,3a46b268013afede,4b47e71384a9522f,Kevin Holland,Tim Means,1,2022,2012-01-14,2021-12-18,0.003,1.13990173070693,0.673988821423152,0.671920776540199,0.63139263449162,0.700290704420976,0.718525259655932,0.693679027071867,0.69516314282699
2022-06-18,a0a680fe2f6cc8e6,20cefe64f4b28be8,0232cabbc30a2372,1a08b01fdabb6ae2,Adrian Yanez,Tony Kelley,1,2022,2012-01-14,2021-12-18,0.003,1.13990173070693,0.724088440410329,0.717924058038161,0.713369590627733,0.740451911091508,0.718922681709102,0.69348221232151,0.66613469954277
2022-06-18,a0a680fe2f6cc8e6,2c7c7648e847f2e5,262d32ebda89efc4,a9e260472d321361,Natalia Silva,Jasmine Jasudavicius,1,2022,2012-01-14,2021-12-18,0.003,1.13990173070693,0.501115954174627,0.50437800597698,0.501474305838316,0.500346489051969,0.528414678931585,0.514495531188021,0.517705016754209
2022-06-18,a0a680fe2f6cc8e6,4e6218b6b892b017,135d124172a0bea3,7772b283d288dbe2,Damir Ismagulov,Guram Kutateladze,1,2022,2012-01-14,2021-12-18,0.003,1.13990173070693,0.573302995465156,0.55589894057006,0.524163328145133,0.567837943877515,0.589965739625728,0.55910045472491,0.614102889509082
2022-06-18,a0a680fe2f6cc8e6,5095f6290670009d,d0e1b42d41dab603,d1c65d2cf2925ddd,Julian Marquez,Gregory Rodrigues,0,2022,2012-01-14,2021-12-18,0.003,1.13990173070693,0.427928816692897,0.433548716422124,0.428147544932924,0.413691001783257,0.420449386063053,0.432223152678678,0.442675998120613
2022-06-18,a0a680fe2f6cc8e6,5b5d7f7ae712c6d8,37d752ec41ed84bb,5dd180c8b3196786,Maria Oliveira,Gloria de Paula,1,2022,2012-01-14,2021-12-18,0.003,1.13990173070693,0.583620565201118,0.59653516851362,0.593259639649968,0.577233556388614,0.577894543116407,0.588400237125441,0.528100367961349
2022-06-18,a0a680fe2f6cc8e6,6e559181bfbc77e1,751de04455cfaac0,fba03cd6cc28dc41,Calvin Kattar,Josh Emmett,0,2022,2012-01-14,2021-12-18,0.003,1.13990173070693,0.522892113134017,0.525558607318629,0.547062898181488,0.535587689952526,0.515961968552314,0.501388572004016,0.468272660636298
2022-06-18,a0a680fe2f6cc8e6,897d9e21c59d0633,483a953b18d73bb3,547afe1017e72dbe,Deron Winn,Phil Hawes,0,2022,2012-01-14,2021-12-18,0.003,1.13990173070693,0.370459981686346,0.38335697687393,0.386573343269367,0.368672787480017,0.343953517824798,0.358830063028372,0.319775473819839
2022-06-18,a0a680fe2f6cc8e6,8b5c760f34daafe0,bf7ad5628363eec9,fc9a9559a05f2704,Cody Stamann,Eddie Wineland,1,2022,2012-01-14,2021-12-18,0.003,1.13990173070693,0.78488657561788,0.775202425959157,0.763431955299396,0.797928051869303,0.78609707567921,0.796654433735829,0.782791860580675
2022-06-18,a0a680fe2f6cc8e6,9a92d376fba2379d,523fa774700d7d3f,d66a46de8d705353,Court McGee,Jeremiah Wells,0,2022,2012-01-14,2021-12-18,0.003,1.13990173070693,0.347219957185565,0.352586064866573,0.348009813994239,0.371516890106575,0.288627991294764,0.322988117124027,0.265421697265498
2022-06-18,a0a680fe2f6cc8e6,e8a5e53ffd33c0f9,327d5f279895110d,d6c0cdd7e467c440,Roman Dolidze,Kyle Daukaus,1,2022,2012-01-14,2021-12-18,0.003,1.13990173070693,0.491929079837826,0.478508349316013,0.4751866982928,0.498671641065323,0.477691762498432,0.470818806474722,0.520955742875303
2022-06-25,eb42d4febfafefd1,029a12d36a4687e1,d945aae53e3e54e6,de45aaae23dfa392,Thiago Moises,Christos Giagos,1,2022,2012-01-14,2021-12-18,0.003,1.13990173070693,0.555148310155449,0.553012262132102,0.544339110087832,0.56978523785485,0.563845178555095,0.555642775504638,0.561045661805709
2022-06-25,eb42d4febfafefd1,1f5f59924b59408b,72db2a14ffa73ece,eae48ff31db420c2,Mateusz Gamrot,Arman Tsarukyan,1,2022,2012-01-14,2021-12-18,0.003,1.13990173070693,0.358412224665799,0.370463593062589,0.386914549631353,0.351445308997818,0.387178463954082,0.375022755231803,0.354966791916368
2022-06-25,eb42d4febfafefd1,21f79cd40513d075,0a73acff6325c1e2,d31cbcdd7d69536d,Shayilan Nuerdanbieke,TJ Brown,1,2022,2012-01-14,2021-12-18,0.003,1.13990173070693,0.487646301071385,0.485833605689473,0.49849662726478,0.477061121579396,0.458619764681163,0.470460588294302,0.473815489016589
2022-06-25,eb42d4febfafefd1,24a9fc95a3112f51,7be14eaed4c74856,bc711b6dd95c1af6,Brian Kelleher,Mario Bautista,0,2022,2012-01-14,2021-12-18,0.003,1.13990173070693,0.414744495406372,0.413370853595548,0.413688596102407,0.428004814814202,0.409243847207005,0.395289494371997,0.409668046269379
2022-06-25,eb42d4febfafefd1,28bd070f7ab0a0b9,2b6fc1c02736833d,6e9f40c706f91f32,Umar Nurmagomedov,Nate Maness,1,2022,2012-01-14,2021-12-18,0.003,1.13990173070693,0.824795131148994,0.828863684100992,0.812410081811466,0.834897204728715,0.833740229586019,0.798258420523874,0.797840610192006
2022-06-25,eb42d4febfafefd1,28be3fbe5c377380,6aae253467e8f9ce,9014c02eff8b3d62,Tafon Nchukwi,Carlos Ulberg,0,2022,2012-01-14,2021-12-18,0.003,1.13990173070693,0.605603993519562,0.605186588627691,0.595459395571233,0.612707559442947,0.589000373970534,0.581599349875029,0.573836323190728
2022-06-25,eb42d4febfafefd1,2c73bf152247f25a,2c483cf443f38ece,d05cb1e8d1b885d8,Vanessa Demopoulos,Jinh Yu Frey,1,2022,2012-01-14,2021-12-18,0.003,1.13990173070693,0.44552368339526,0.439063994580207,0.439880509390901,0.436455552315843,0.423422204228741,0.405259760079452,0.387641123611939
2022-06-25,eb42d4febfafefd1,3c98739eb42f96bf,01afe0916a40c7c5,84b3e7d38f2d2ec5,Shavkat Rakhmonov,Neil Magny,1,2022,2012-01-14,2021-12-18,0.003,1.13990173070693,0.58788491640423,0.591316129993775,0.652037412384287,0.597526089723605,0.644502369273503,0.636856764673744,0.60035332183803
2022-06-25,eb42d4febfafefd1,3f38100fd8dae286,260e9e0d4954aea6,5442f1bc4b47eaf3,Rodolfo Vieira,Chris Curtis,0,2022,2012-01-14,2021-12-18,0.003,1.13990173070693,0.497049463323289,0.493681481819955,0.462679083239041,0.511328683818711,0.490042646546682,0.45804833969374,0.46652130168306
2022-06-25,eb42d4febfafefd1,8cc43d79b61efc25,0b362247806341e5,7f6ed67d3ed3c036,JP Buys,Cody Durden,0,2022,2012-01-14,2021-12-18,0.003,1.13990173070693,0.303064811036587,0.309092291858708,0.332074030503618,0.279476479389783,0.258879992066352,0.290009240743096,0.295198962348718
2022-06-25,eb42d4febfafefd1,a457331c27bce6d5,2f6a993c7f547c13,82b4e942781b1046,Sergey Morozov,Raulian Paiva,1,2022,2012-01-14,2021-12-18,0.003,1.13990173070693,0.358691167847696,0.36098542461809,0.364505614504398,0.344290833795906,0.38535313652298,0.386023505790331,0.399559200908663
2022-06-25,eb42d4febfafefd1,c57c8e22a3e8dde2,b5da8f7d05e85a55,c9a94278df042f46,Josh Parisian,Alan Baudot,1,2022,2012-01-14,2021-12-18,0.003,1.13990173070693,0.313163424944502,0.308293486028212,0.3030102520103,0.319431061946968,0.305896363064114,0.331394033159689,0.333675380671315
2022-07-02,4a9e305633f3ef47,0308bcdd00cc72e2,0d8011111be000b2,e5549c82bfb5582d,Sean Strickland,Alex Pereira,0,2022,2012-01-14,2021-12-18,0.003,1.13990173070693,0.678809696913521,0.664994773821246,0.633843037535331,0.693032181860167,0.726725894908111,0.707985411040101,0.728715644218474
2022-07-02,4a9e305633f3ef47,0e2c7ec02a095813,6c8072b61c276e67,a78a87d8c2bbb1cb,Jessica-Rose Clark,Julija Stoliarenko,0,2022,2012-01-14,2021-12-18,0.003,1.13990173070693,0.697384941986639,0.680038852920174,0.666687244265634,0.699696433728227,0.706251353451734,0.66707184896427,0.699338362150897
2022-07-02,4a9e305633f3ef47,12a33d16e1d4e2d9,a331233f597090a5,f2925e6db404bf1d,Bryan Barberena,Robbie Lawler,1,2022,2012-01-14,2021-12-18,0.003,1.13990173070693,0.582686425609078,0.578084366631606,0.530083930097829,0.577279630571711,0.610365778309053,0.597694934673461,0.625197922855459
2022-07-02,4a9e305633f3ef47,1c85003f6ec59c9d,6a740daf1b279661,f72465a784c1b084,Maycee Barber,Jessica Eye,1,2022,2012-01-14,2021-12-18,0.003,1.13990173070693,0.810518083330042,0.803490247961816,0.74541731914839,0.818033281105072,0.795310859343598,0.783438158039208,0.815552808072106
2022-07-02,4a9e305633f3ef47,4047e98132306cd5,150ff4cc642270b9,e1248941344b3288,Max Holloway,Alexander Volkanovski,0,2022,2012-01-14,2021-12-18,0.003,1.13990173070693,0.402256198891858,0.402826215761196,0.424588971073601,0.405527539176829,0.377710432601789,0.387740593666447,0.379336911572767
2022-07-02,4a9e305633f3ef47,459bc7c0b47719c3,1d00756835ca67c9,d1941565abf50b16,Donald Cerrone,Jim Miller,0,2022,2012-01-14,2021-12-18,0.003,1.13990173070693,0.391043631767084,0.402787894649817,0.4508991737347,0.383736180588963,0.43648802657708,0.452961982150184,0.363785074384585
2022-07-02,4a9e305633f3ef47,4d8d1701c43c5fea,442c9011034ae1fd,5eb50529a8418b77,Ian Machado Garry,Gabe Green,1,2022,2012-01-14,2021-12-18,0.003,1.13990173070693,0.616704443270718,0.613702844553748,0.607283021237913,0.623322839523124,0.638112709516656,0.616640837520335,0.611546929287236
2022-07-02,4a9e305633f3ef47,57775c8af89007c7,0c6d9ea8306c029e,0d7b51c9d2649a6e,Brad Tavares,Dricus Du Plessis,0,2022,2012-01-14,2021-12-18,0.003,1.13990173070693,0.395526508534861,0.401639447687889,0.391671956824285,0.387578861141322,0.390816784460778,0.428757006243198,0.399664210906459
2022-07-02,4a9e305633f3ef47,98411542ca0e847d,37ed1ab2f8b819f4,4d8fa64202cee4c1,Brad Riddell,Jalin Turner,0,2022,2012-01-14,2021-12-18,0.003,1.13990173070693,0.426357468701694,0.444093742345848,0.470616072175105,0.427891568186908,0.403335919222042,0.414261913760535,0.3352666479127
2022-07-02,4a9e305633f3ef47,99ac96bb67e5c5e4,65578a75fa7900e3,886264a0c9f4ea5e,Uriah Hall,Andre Muniz,0,2022,2012-01-14,2021-12-18,0.003,1.13990173070693,0.338319993067763,0.347540715917811,0.371628090389929,0.336165159643318,0.346887759831551,0.376725719213664,0.389769387539765
2022-07-02,4a9e305633f3ef47,a7eaf7b101166d3e,1338e2c7480bdf9e,13a0275fa13c4d26,Israel Adesanya,Jared Cannonier,1,2022,2012-01-14,2021-12-18,0.003,1.13990173070693,0.762905092852772,0.753985979671157,0.715054716823384,0.759336161590576,0.747301764741669,0.738448553748764,0.750333243835194
2022-07-09,31da66df48c0c1a0,04e1ff7aeda2a018,147e70aa6cc48cfc,f14f644d41ade29f,Tresean Gore,Cody Brundage,0,2022,2012-01-14,2021-12-18,0.003,1.13990173070693,0.433778948375245,0.439418416359062,0.445278391174386,0.439411642966435,0.491320734689966,0.501989460268646,0.51829696592594
2022-07-09,31da66df48c0c1a0,478bc7d1288e043e,37d5b176d438d2a5,8667caa0451d245b,Karl Roberson,Kennedy Nzechukwu,0,2022,2012-01-14,2021-12-18,0.003,1.13990173070693,0.328278558945873,0.327822335486777,0.334216303143111,0.316107956837139,0.337499269785187,0.350812583504936,0.36546928303994
2022-07-09,31da66df48c0c1a0,6c60e58f8e9e7a4c,369ea36e450ae62a,4126a78111c0855a,Armen Petrosyan,Caio Borralho,0,2022,2012-01-14,2021-12-18,0.003,1.13990173070693,0.441830245747196,0.446339060160353,0.441537891291524,0.442000024165621,0.405824971376139,0.396232013333758,0.347542084329646
2022-07-09,31da66df48c0c1a0,81cbb709dedc914d,5f179af5fffeb9f6,d7338bcb141abd2c,Cortney Casey,Antonina Shevchenko,0,2022,2012-01-14,2021-12-18,0.003,1.13990173070693,0.607175069272285,0.602183097478629,0.596635042727294,0.631696454366078,0.599351212703861,0.608075676710713,0.594143607684239
2022-07-09,31da66df48c0c1a0,a103b30f6898de7e,511e82663651438d,af9f42e6894047fc,Michael Johnson,Jamie Mullarkey,0,2022,2012-01-14,2021-12-18,0.003,1.13990173070693,0.321245562159576,0.312860885740902,0.303757744633421,0.326338301709294,0.367169059885958,0.38933247300174,0.446159855161854
2022-07-09,31da66df48c0c1a0,a652918360fe9a72,1effd880e1f1bb30,ffe9703408fb5964,Garrett Armfield,David Onama,0,2022,2012-01-14,2021-12-18,0.003,1.13990173070693,0.422529543906247,0.416237157019563,0.42003818470827,0.427408029564235,0.421850347143177,0.436802000754553,0.414904004031281
2022-07-09,31da66df48c0c1a0,bba6cc8760da34ab,0fd5f4b838e890cc,3a314d9fa7c6825d,Said Nurmagomedov,Douglas Silva de Andrade,1,2022,2012-01-14,2021-12-18,0.003,1.13990173070693,0.753180381464404,0.75271094554546,0.758439762247458,0.75878057337152,0.792408265516966,0.754806076310157,0.740424100955248
2022-07-09,31da66df48c0c1a0,be69cbf1f1671c8e,6a2f7c151031653d,c814b4c899793af6,Rafael Dos Anjos,Rafael Fiziev,0,2022,2012-01-14,2021-12-18,0.003,1.13990173070693,0.502904812925676,0.511136351638004,0.471523257436359,0.504526652509019,0.513501052521553,0.510462715922186,0.523177002513726
2022-07-09,31da66df48c0c1a0,c58b3223b5caa18a,24656ef4d605c96f,cd3d7e37ff2d679c,Aiemann Zahabi,Ricky Turcios,1,2022,2012-01-14,2021-12-18,0.003,1.13990173070693,0.350585694265206,0.349733614847799,0.298768275733723,0.3325387544733,0.356660004058115,0.371835276275686,0.429377600604065
2022-07-09,31da66df48c0c1a0,cd63b4144a45b611,01b352b6a9074d5c,2b68d9f125d07b42,Chase Sherman,Jared Vanderaa,1,2022,2012-01-14,2021-12-18,0.003,1.13990173070693,0.387749244650135,0.382665826191952,0.406457060543924,0.401177017852342,0.396686429142847,0.407188420147241,0.385790899444859
2022-07-09,31da66df48c0c1a0,fb3f5a65da9f2ac7,50a28b9f8314e008,e7e01e266a9d4342,Saidyokub Kakhramonov,Ronnie Lawrence,1,2022,2012-01-14,2021-12-18,0.003,1.13990173070693,0.539913635778729,0.549066669835788,0.565673477078857,0.567869745832371,0.531093500572433,0.536768348445039,0.498366422713122
2022-07-16,8fd76e1b49c00ae2,4965d8eab468b839,729d4bd5a6cd0a97,b96619b3acd7d9da,Lauren Murphy,Miesha Tate,1,2022,2012-01-14,2021-12-18,0.003,1.13990173070693,0.445068024862296,0.445662522164135,0.449771710158146,0.444898837529137,0.472710934116947,0.433153106113336,0.418539399861094
2022-07-16,8fd76e1b49c00ae2,4dd2bcd2b025204e,4f140403000158b5,9abc648e76c4493a,Herbert Burns,Bill Algeo,0,2022,2012-01-14,2021-12-18,0.003,1.13990173070693,0.315207026635207,0.318222958048889,0.341275974434339,0.314707521658884,0.298844614800424,0.304243007931672,0.286186475879343
2022-07-16,8fd76e1b49c00ae2,74b8a36293758342,5987b2458f4b5290,b8a85389d115e35a,Ricky Simon,Jack Shore,1,2022,2012-01-14,2021-12-18,0.003,1.13990173070693,0.476884039747653,0.47949072225748,0.463725599649136,0.477678449550033,0.416231907805137,0.445642966751003,0.430950360768657
2022-07-16,8fd76e1b49c00ae2,7503d5c892f238fb,cbf5e6f231b55443,def8166ff24bd237,Yair Rodriguez,Brian Ortega,1,2022,2012-01-14,2021-12-18,0.003,1.13990173070693,0.39920060030349,0.385416753243503,0.412967941460319,0.393577022626146,0.492713147577583,0.462283835931322,0.477738012381095
2022-07-16,8fd76e1b49c00ae2,8e4024cb49c963f2,3cf18e01cb6cbde3,67c1d46f4ed16f9e,Sumudaerji,Matt Schnell,0,2022,2012-01-14,2021-12-18,0.003,1.13990173070693,0.737955685308194,0.734768913154246,0.737555775113676,0.742299893259126,0.760260873429816,0.744735581745699,0.757886301121603
2022-07-16,8fd76e1b49c00ae2,9f3326195672c2b9,71505842fb6455c3,8be158ca1e5ea6a0,Dustin Stoltzfus,Dwight Grant,1,2022,2012-01-14,2021-12-18,0.003,1.13990173070693,0.52304049857555,0.536984698187611,0.529523014081512,0.54966277478122,0.503538172660551,0.52830438432498,0.449958406472152
2022-07-16,8fd76e1b49c00ae2,a5d2f0fed3ce2899,74f9448b97bf8bec,e4277e87a789d687,Da Woon Jung,Dustin Jacoby,0,2022,2012-01-14,2021-12-18,0.003,1.13990173070693,0.630317745967421,0.624610972099707,0.625195596713059,0.641286730297368,0.59966013327483,0.58894990183616,0.587188371602284
2022-07-16,8fd76e1b49c00ae2,b1af3bd0f8266a90,02f8fedc18cbd26c,c742287ed86a09bc,Emily Ducote,Jessica Penne,1,2022,2012-01-14,2021-12-18,0.003,1.13990173070693,0.635423709380714,0.625284858576421,0.656223367543863,0.610890354567688,0.625421834878046,0.617628692948474,0.638594843209716
2022-07-16,8fd76e1b49c00ae2,d439374c1fc95581,98d961097baaf308,f1d64ae34e088832,Shane Burgos,Charles Jourdain,1,2022,2012-01-14,2021-12-18,0.003,1.13990173070693,0.43911459960092,0.442440042444626,0.452584543788743,0.464976272448099,0.464656874649142,0.453914582741099,0.405798068768608
2022-07-16,8fd76e1b49c00ae2,dd456668731bd52a,447f9858ae78f921,e64b96c07d7ce999,Muslim Salikhov,Li Jingliang,0,2022,2012-01-14,2021-12-18,0.003,1.13990173070693,0.638808591934253,0.640841965346837,0.680076240469767,0.644969206411003,0.650569530741816,0.646090820566323,0.619898139562283
2022-07-16,8fd76e1b49c00ae2,e57bfadb506e4f51,3df5493bb279226f,eb04b9d31e938edb,Amanda Lemos,Michelle Waterson-Gomez,1,2022,2012-01-14,2021-12-18,0.003,1.13990173070693,0.635066031224212,0.623082623600111,0.567632287526336,0.643002840833749,0.60668342246332,0.605818613340068,0.664991034886685
2022-07-16,8fd76e1b49c00ae2,ebefe958473b3843,64facb6cc564262d,ce632027bf2a871b,Punahele Soriano,Dalcha Lungiambula,1,2022,2012-01-14,2021-12-18,0.003,1.13990173070693,0.731975160188143,0.732256027230012,0.726540688788209,0.733612605027047,0.734100860214308,0.720588361707366,0.699112177995713
2022-07-23,319c15b8aac5bfde,1c84dafe38694c05,6f7c616b98e18c29,9d19d9e4aa2662e8,Claudio Silva,Nicolas Dalby,0,2022,2012-01-14,2021-12-18,0.003,1.13990173070693,0.514121610744452,0.515350008047636,0.523927019645942,0.532807914151684,0.541065293404069,0.534955327554217,0.473763073000555
2022-07-23,319c15b8aac5bfde,1ff520024da5b3b2,1091d4d957141094,3c6976f8182d9527,Nikita Krylov,Alexander Gustafsson,1,2022,2012-01-14,2021-12-18,0.003,1.13990173070693,0.50421039570907,0.493574415934502,0.556116527396632,0.507906959493752,0.492991046468209,0.490031858328029,0.469005327302752
2022-07-23,319c15b8aac5bfde,2dbf9d8d6915711e,75353550928a7921,814e5233e2acf2ee,Muhammad Mokaev,Charles Johnson,1,2022,2012-01-14,2021-12-18,0.003,1.13990173070693,0.740106499045882,0.739923286763064,0.73147258124542,0.758055946050099,0.746267900772947,0.726282276949873,0.696917860435687
2022-07-23,319c15b8aac5bfde,3d35f25d9792a69a,87a1dc546b1c5caf,87c0b1c696ddfb43,Makwan Amirkhani,Jonathan Pearce,0,2022,2012-01-14,2021-12-18,0.003,1.13990173070693,0.265100061496092,0.270351144460149,0.284683972398998,0.262831575457685,0.330431078139485,0.319967502013387,0.304970457328846
2022-07-23,319c15b8aac5bfde,47b1cd4e3e2595f8,0845c81e37d3bcb3,eabf206b162b3b83,Volkan Oezdemir,Paul Craig,1,2022,2012-01-14,2021-12-18,0.003,1.13990173070693,0.462284717348039,0.489672087119809,0.498842307248614,0.467191506873335,0.478282258619044,0.477845906828347,0.422291560900811
2022-07-23,319c15b8aac5bfde,8e02bdaac8ed50e5,7826923b47f8d72a,ac026518a9b4dc0f,Paddy Pimblett,Jordan Leavitt,1,2022,2012-01-14,2021-12-18,0.003,1.13990173070693,0.508950568268273,0.512911204753615,0.527995414523853,0.497261507359672,0.410187347492788,0.426753284967316,0.397375622319959
2022-07-23,319c15b8aac5bfde,925a36a4af600291,0a1942069c9ad6b6,5442f1bc4b47eaf3,Jack Hermansson,Chris Curtis,1,2022,2012-01-14,2021-12-18,0.003,1.13990173070693,0.553776160303661,0.567400080672998,0.570433684382248,0.561415141870131,0.588131405356421,0.544553316672866,0.521588305445305
2022-07-23,319c15b8aac5bfde,a1029686c3f1bead,31f8081c7600da93,4c88a1db5a46c6a4,Kyle Nelson,Jai Herbert,0,2022,2012-01-14,2021-12-18,0.003,1.13990173070693,0.462914626635102,0.459274407928261,0.436741494855428,0.477265503780282,0.451188487795644,0.482351902014238,0.513543190655147
2022-07-23,319c15b8aac5bfde,a57969d4ba7d4a79,26e3f3928b1891d9,51018a31ddf31eb2,Hannah Goldy,Molly McCann,0,2022,2012-01-14,2021-12-18,0.003,1.13990173070693,0.419090094842182,0.42682037708264,0.452047194564863,0.388487984037617,0.373515895478621,0.387199804382766,0.393998323117472
2022-07-23,319c15b8aac5bfde,b0d06858fb725654,5b86d491d63890c5,f6ad6a1e4d600e0d,Ludovit Klein,Mason Jones,1,2022,2012-01-14,2021-12-18,0.003,1.13990173070693,0.391280523554438,0.382872881149762,0.404009300659053,0.38446935474964,0.369945650439113,0.381586844938536,0.423413717796817
2022-07-23,319c15b8aac5bfde,d0fb381cacbb0446,399afbabc02376b5,fa6796c55d6c5440,Tom Aspinall,Curtis Blaydes,0,2022,2012-01-14,2021-12-18,0.003,1.13990173070693,0.422547645369274,0.413576933271854,0.457496141481837,0.406103811657257,0.449073339350505,0.414850551945141,0.451131056855026
2022-07-23,319c15b8aac5bfde,dd6dbe644f599795,32c355b04fc57f3a,38c626ca912c7bac,Marc Diakiese,Damir Hadzovic,1,2022,2012-01-14,2021-12-18,0.003,1.13990173070693,0.647879060434944,0.641557666835647,0.63533907926229,0.675408993296437,0.685410562982232,0.654661898094476,0.638242662362407
2022-07-23,319c15b8aac5bfde,e600b78e5a652dc0,297a2b35444c245b,9dedfdd91070ddd8,Mandy Bohm,Victoria Leonardo,0,2022,2012-01-14,2021-12-18,0.003,1.13990173070693,0.59483632354773,0.589858045102617,0.589326221348599,0.604686780404643,0.632579381390242,0.57681916810892,0.615243565005518
2022-07-23,319c15b8aac5bfde,f6fd50bf69bb59e6,329e403448756217,40093d1d2d78394e,Nathaniel Wood,Charles Rosa,1,2022,2012-01-14,2021-12-18,0.003,1.13990173070693,0.819336607771801,0.821230815055712,0.825452750407339,0.810935404748701,0.837233849321577,0.82096854899645,0.808374985050962
2022-07-30,b0a6124751a56bc4,0366e183296fea07,a20f234df70f2182,f9ab66e67240db7b,Ji Yeon Kim,Joselyne Edwards,0,2022,2012-01-14,2021-12-18,0.003,1.13990173070693,0.358432749239422,0.356797646515282,0.405330129405913,0.339280505088236,0.302403457318407,0.299917821959438,0.338616715823857
2022-07-30,b0a6124751a56bc4,058c2724dec1add1,d4c9dcd330403612,d802174b0c0c1f4e,Anthony Smith,Magomed Ankalaev,0,2022,2012-01-14,2021-12-18,0.003,1.13990173070693,0.263217561418762,0.27989765329259,0.298836751584566,0.262991973861893,0.238151043349005,0.267547313620104,0.250151073177181
2022-07-30,b0a6124751a56bc4,189b9af881b96de6,7cbf7c78d3b34218,e132d47bd9efbbe0,Drakkar Klose,Rafa Garcia,1,2022,2012-01-14,2021-12-18,0.003,1.13990173070693,0.427386080138359,0.422231346788809,0.394644221525717,0.397280499732018,0.440007361833426,0.476042348795766,0.512883715467839
2022-07-30,b0a6124751a56bc4,1ed550f094ca7745,260bd4cef10b033f,8c57c7b8c3bab0eb,Ihor Potieria,Nicolae Negumereanu,0,2022,2012-01-14,2021-12-18,0.003,1.13990173070693,0.540093532142106,0.541962620439684,0.545242826811634,0.531859102561801,0.533614892997819,0.534662803217404,0.536020414449337
2022-07-30,b0a6124751a56bc4,52f87252af59e23b,d3df1add9d9a7efb,f14cf73e51b29254,Derrick Lewis,Sergei Pavlovich,0,2022,2012-01-14,2021-12-18,0.003,1.13990173070693,0.423635985117344,0.427382941569482,0.389354425594847,0.385566559797598,0.376311940915107,0.36569679204106,0.365336005327533
2022-07-30,b0a6124751a56bc4,579b5770129b328a,4aa58269d0664b5b,cdb96af67d096b1e,Matthew Semelsberger,Alex Morono,0,2022,2012-01-14,2021-12-18,0.003,1.13990173070693,0.519619037214217,0.515798086476018,0.502452453254658,0.521374034753733,0.467495194603678,0.48301921655992,0.524603678146506
2022-07-30,b0a6124751a56bc4,5a1ce88ec1f75160,792be9a24df82ed6,853eb0dd5c0e2149,Brandon Moreno,Kai Kara-France,1,2022,2012-01-14,2021-12-18,0.003,1.13990173070693,0.586510266328509,0.591048552822515,0.591554323412884,0.591358211983022,0.591662043537693,0.601384874666129,0.604212049296579
2022-07-30,b0a6124751a56bc4,66f7bb31d24b3b36,2c010b26a3306969,9edf2c9082cc2cd8,Orion Cosce,Blood Diamond,1,2022,2012-01-14,2021-12-18,0.003,1.13990173070693,0.534346656682905,0.523157638172654,0.513403028071014,0.543189539923135,0.541201078131636,0.532884129757946,0.579433633489771
2022-07-30,b0a6124751a56bc4,72c3e5eacde4f0e5,3253b16d38ae087d,80fa8218c99f9c58,Julianna Pena,Amanda Nunes,0,2022,2012-01-14,2021-12-18,0.003,1.13990173070693,0.369217125857597,0.372222035859013,0.418454785358189,0.375453529036674,0.355264246018113,0.392872136381634,0.370122180581746
2022-07-30,b0a6124751a56bc4,81a18de517a3336a,029afd138865d20a,519e4fe37ce9ff75,Rafael Alves,Drew Dober,0,2022,2012-01-14,2021-12-18,0.003,1.13990173070693,0.445233668696065,0.443625751476482,0.46118340825128,0.433872344584775,0.45650439970714,0.444391878015942,0.446900608368748
2022-07-30,b0a6124751a56bc4,96b62bd56b252bab,a0f0004aadf10b71,ab2b4ff41d6ebe0f,Alexandre Pantoja,Alex Perez,1,2022,2012-01-14,2021-12-18,0.003,1.13990173070693,0.475256835228883,0.463578030127694,0.514104723140665,0.469974710861614,0.43233367780734,0.447150237578414,0.44822897320263
2022-07-30,b0a6124751a56bc4,e492dc60d8e44866,a01a62132460a98d,c32aeb1a59e6272d,Adam Fugitt,Michael Morales,0,2022,2012-01-14,2021-12-18,0.003,1.13990173070693,0.233609015576561,0.231214950195699,0.239136870629461,0.221085168066552,0.22739224294006,0.248746351873733,0.262709117263027
2022-08-06,8f6a18831a120817,044d210d7b1eb519,441eacbe20e0e80b,e2f6b2769aaedd6c,Augusto Sakai,Serghei Spivac,0,2022,2012-01-14,2021-12-18,0.003,1.13990173070693,0.247858388732875,0.262351475484461,0.262143405894914,0.231678217551178,0.225830581323154,0.255825436482165,0.236625957747665
2022-08-06,8f6a18831a120817,2b11aa4b90b1dd41,4333a8e70a672eb7,aa0c573da7119292,Brogan Walker,Juliana Miller,0,2022,2012-01-14,2021-12-18,0.003,1.13990173070693,0.409848997888217,0.414927858806275,0.42424152760325,0.399988825107055,0.408416637747272,0.413449629011194,0.42638204785726
2022-08-06,8f6a18831a120817,36f38c2534ef646b,56f7d7ee06be4aab,da7f113b5ea39c43,Zac Pauga,Mohammed Usman,0,2022,2012-01-14,2021-12-18,0.003,1.13990173070693,0.45787427045283,0.45546275827021,0.456477797638166,0.453712920945153,0.458286204337651,0.466463000590819,0.47018679679296
2022-08-06,8f6a18831a120817,4adef20ce69217be,8abac218746e04ca,f626118b6da0e020,Takashi Sato,Bryan Battle,0,2022,2012-01-14,2021-12-18,0.003,1.13990173070693,0.243770854368525,0.245819799550563,0.275896532701145,0.242456124064702,0.254480335105863,0.274285837545383,0.303025998285857
2022-08-06,8f6a18831a120817,a274ed04c36d40d4,5e6294b37bbef029,cc8c623cca88f54f,Stephanie Egger,Mayra Bueno Silva,0,2022,2012-01-14,2021-12-18,0.003,1.13990173070693,0.505140907717964,0.509241649388865,0.514917322411613,0.508853239602108,0.543275572167029,0.516951797145543,0.510881923001114
2022-08-06,8f6a18831a120817,a6b328733d610e2b,6d4b63c767106d3a,b997be68943010fc,Vicente Luque,Geoff Neal,0,2022,2012-01-14,2021-12-18,0.003,1.13990173070693,0.623715074854968,0.616032668202912,0.579427813941404,0.610394673337031,0.601460582549736,0.574548773075097,0.624870790424643
2022-08-06,8f6a18831a120817,a8bc6e005077bb0b,5444c5a201d3ee5a,dea070ed4a2a8281,Jamahal Hill,Thiago Santos,1,2022,2012-01-14,2021-12-18,0.003,1.13990173070693,0.602904179970565,0.601063294311106,0.588164409364447,0.602856817065074,0.600302524630109,0.606134846327483,0.580736917050809
2022-08-06,8f6a18831a120817,b5274277ef6707c9,3351aa64aa83c4d9,7559395ad833c074,Cory McKenna,Miranda Granger,1,2022,2012-01-14,2021-12-18,0.003,1.13990173070693,0.586004289266707,0.563578223225085,0.572435594639061,0.591713575721637,0.571656707462193,0.578106250060705,0.599679992195737
2022-08-06,8f6a18831a120817,b530bb13aac1e48b,809bd1a871491508,a2ccf35a88346a91,Terrance McKinney,Erick Gonzalez,1,2022,2012-01-14,2021-12-18,0.003,1.13990173070693,0.731034792385534,0.717400820383076,0.704326421591293,0.741038545986111,0.776454697823258,0.726455307858481,0.757001415781473
2022-08-06,8f6a18831a120817,eda397c27787afa4,0d65c432720accb9,d156513a19acf856,Michal Oleksiejczuk,Sam Alvey,1,2022,2012-01-14,2021-12-18,0.003,1.13990173070693,0.836523226846465,0.829926294518611,0.797795273061123,0.854400640690205,0.827635995940688,0.801687049424385,0.809476374803426
2022-08-13,a23e63184c65f5b8,0823f97be9c3a62e,6d68c1afe954f121,6e00cfffd54653c4,Ode Osbourne,Tyson Nam,0,2022,2012-01-14,2021-12-18,0.003,1.13990173070693,0.544141430822504,0.533365403388244,0.520661121552138,0.547745860867284,0.607891313741978,0.606270997357843,0.663816467618161
2022-08-13,a23e63184c65f5b8,11cc331fa40ede63,10f3ba6cd2f44a97,7c7332319c14094c,Dominick Cruz,Marlon Vera,0,2022,2012-01-14,2021-12-18,0.003,1.13990173070693,0.422805908557633,0.441360854616154,0.431455310720049,0.425404911988059,0.471648906411566,0.46860722134077,0.403917559236577
2022-08-13,a23e63184c65f5b8,38b6ef176439c39b,12ebd7d157e91701,6ac9bc2953c47345,Bruno Silva,Gerald Meerschaert,0,2022,2012-01-14,2021-12-18,0.003,1.13990173070693,0.508356504232891,0.51291225569504,0.518548032420933,0.488455889913749,0.50304226711217,0.5005732731236,0.472193018953946
2022-08-13,a23e63184c65f5b8,5f31f3e32669f5b9,8e5d953bdb9ae5e7,f0feeb2192937424,Loopy Godinez,Angela Hill,0,2022,2012-01-14,2021-12-18,0.003,1.13990173070693,0.796768510615314,0.797172482983386,0.772552783828727,0.808685715878623,0.812844896801102,0.801654841794073,0.7727538557762
2022-08-13,a23e63184c65f5b8,7f9a331bc3100afd,5f3805dda9661cba,876f478f796495f7,Jason Witt,Josh Quinlan,0,2022,2012-01-14,2021-12-18,0.003,1.13990173070693,0.453180081013456,0.461053950540813,0.463430963551316,0.428572041649638,0.413892828591584,0.428610293164397,0.424410744985873
2022-08-13,a23e63184c65f5b8,833d67f423315d18,40cb680ae1cd331f,abcf2cc6efc42031,Yazmin Jauregui,Iasmin Lucindo,1,2022,2012-01-14,2021-12-18,0.003,1.13990173070693,0.449029521270132,0.44799234529761,0.455540175707095,0.443853523346981,0.44876112977869,0.456805242419841,0.45797802851685
2022-08-13,a23e63184c65f5b8,8986373b4a6e90b6,98215d037be5bcb7,d343df8ba11f4c4e,Cynthia Calvillo,Nina Nunes,0,2022,2012-01-14,2021-12-18,0.003,1.13990173070693,0.610477519395095,0.609090195308051,0.649303212542778,0.617672120783439,0.595656772490074,0.608954116082974,0.524026004588922
2022-08-13,a23e63184c65f5b8,abd50fad1e7b030b,6551c64fbcd1a467,b1e5bcaad32a3cac,Ariane da Silva,Priscila Cachoeira,0,2022,2012-01-14,2021-12-18,0.003,1.13990173070693,0.709442917080478,0.720404752112851,0.71597159651306,0.715832033722743,0.752601360453831,0.715311351961644,0.719873771138315
2022-08-13,a23e63184c65f5b8,b96c8fef6c9f92db,0c25d0a5e8cdbf19,8eb046f83e82bf26,Lukasz Brzeski,Martin Buday,0,2022,2012-01-14,2021-12-18,0.003,1.13990173070693,0.416805798311071,0.427543052538373,0.429824611961071,0.405639984805107,0.459557029270726,0.459242311181251,0.445196238403074
2022-08-13,a23e63184c65f5b8,d19e010f071a4b45,cc7040fe76f0ef91,e90a2f22417af68e,Devin Clark,Azamat Murzakanov,0,2022,2012-01-14,2021-12-18,0.003,1.13990173070693,0.496287493646416,0.493171296265649,0.481744214827196,0.519838695076887,0.467814884547791,0.488743045969478,0.480886545225393
2022-08-13,a23e63184c65f5b8,efd7efba85092c6f,583ee11abddfc581,ffe9703408fb5964,Nate Landwehr,David Onama,1,2022,2012-01-14,2021-12-18,0.003,1.13990173070693,0.279073595436094,0.289408073744605,0.308495021124296,0.269319463847188,0.279258462816586,0.302300760458473,0.269401780068674
2022-08-13,a23e63184c65f5b8,f858f91453555291,318572f6f74b760d,436f970c9ea9169c,Charlie Ontiveros,Gabriel Benitez,0,2022,2012-01-14,2021-12-18,0.003,1.13990173070693,0.49411980848912,0.513999154317271,0.522948295936515,0.516674526441943,0.503941610025983,0.520721859428707,0.433053871161852
2022-08-20,4f853e98886283cf,06d6cde7479711ee,31bb0772f21cabd8,dc7927cd622676a7,Daniel Lacerda,Victor Altamirano,0,2022,2012-01-14,2021-12-18,0.003,1.13990173070693,0.297219385883107,0.30021676098366,0.307228687156435,0.296546230751127,0.351467357691041,0.359439189184064,0.357996702062114
2022-08-20,4f853e98886283cf,0cf7a4593fd44e59,7026eca45f65377b,9c65736747ca92ec,Jared Gordon,Leonardo Santos,1,2022,2012-01-14,2021-12-18,0.003,1.13990173070693,0.625829293006434,0.620794426033718,0.611057096892961,0.669480103843707,0.685138439495553,0.651635468995932,0.67616641170114
2022-08-20,4f853e98886283cf,2ac3ce1f62b3c4b9,c03520b5c88ed6b4,d0f3959b4a9747e6,Merab Dvalishvili,Jose Aldo,1,2022,2012-01-14,2021-12-18,0.003,1.13990173070693,0.609073369356757,0.598772363299677,0.572746046337493,0.623259613052528,0.642779362927054,0.628835943256056,0.568972629423006
2022-08-20,4f853e98886283cf,2cd9e3796be57a79,3cf66c62d9069f43,fdbefee0827e1567,Lucie Pudilova,Wu Yanan,1,2022,2012-01-14,2021-12-18,0.003,1.13990173070693,0.387319340890243,0.381424468464423,0.379907040939898,0.423251823157647,0.437870579441503,0.395358699976241,0.40236939860975
2022-08-20,4f853e98886283cf,2de6652160cc7b9f,00e11b5c8b7bfeeb,2e5c2aa8e4ab9d82,Luke Rockhold,Paulo Costa,0,2022,2012-01-14,2021-12-18,0.003,1.13990173070693,0.465419954731939,0.474459577393609,0.420049369282968,0.512861596634964,0.588555000210893,0.55401740112458,0.59431314495296
2022-08-20,4f853e98886283cf,4dac5258f22be059,1497e735d9f2560a,725b1abc9a39d873,Ange Loosa,AJ Fletcher,1,2022,2012-01-14,2021-12-18,0.003,1.13990173070693,0.420899831255426,0.429533548191658,0.439569025106248,0.423544602279997,0.411831704376843,0.408068638551888,0.402351605759117
2022-08-20,4f853e98886283cf,5abcf9f282983acc,49e96ff8ab781589,f703250471acaf96,Tyson Pedro,Harry Hunsucker,1,2022,2012-01-14,2021-12-18,0.003,1.13990173070693,0.776726323159944,0.768209256508259,0.714599188561572,0.817940310402458,0.798515526097871,0.755516304046868,0.753390172104528
2022-08-20,4f853e98886283cf,6b9f82291930bfec,6d35bf94f7d30241,cdadae5363b66eef,Amir Albazi,Francisco Figueiredo,1,2022,2012-01-14,2021-12-18,0.003,1.13990173070693,0.550651130668166,0.552960509930176,0.56583997026222,0.552029677233937,0.592625794701474,0.566385790087443,0.569394370094284
2022-08-20,4f853e98886283cf,d497d74a0df9e35e,01fed6f61ebea01f,7d420039bbfe7c1a,Jay Perrin,Aoriqileng,0,2022,2012-01-14,2021-12-18,0.003,1.13990173070693,0.472738428278707,0.485588307909034,0.488563857542495,0.474841197224601,0.44572394806764,0.479336560130084,0.442534353828725
2022-08-20,4f853e98886283cf,e0b98f3cf4a7cc3b,c0badf3243907e59,c9cf753cfdf77fc2,Alexandr Romanov,Marcin Tybura,0,2022,2012-01-14,2021-12-18,0.003,1.13990173070693,0.64625896081544,0.637638640376881,0.601471988951188,0.639467936772887,0.714360536583421,0.674237630084633,0.646732475888799
2022-08-20,4f853e98886283cf,f70c817388602681,f1b2aa7853d1ed6e,f1fac969a1d70b08,Kamaru Usman,Leon Edwards,0,2022,2012-01-14,2021-12-18,0.003,1.13990173070693,0.789578340152216,0.79000590612932,0.756907612536281,0.78915560589319,0.787626608236731,0.7493975456756,0.759310459522107
2022-09-03,00a905a4a4a2b071,1a191251620a84ca,77d7295d1b22c694,9d83f6da776ff7d6,Alessio Di Chirico,Roman Kopylov,0,2022,2012-01-14,2021-12-18,0.003,1.13990173070693,0.44947369478366,0.446517294817399,0.432592268177741,0.455775385981394,0.454843821187397,0.460002952974596,0.44607370819642
2022-09-03,00a905a4a4a2b071,20f316f96c9e4458,881bf86d4cba8578,b9437600497350f3,Nassourdine Imavov,Joaquin Buckley,1,2022,2012-01-14,2021-12-18,0.003,1.13990173070693,0.57096829671739,0.572102512001544,0.58005800573444,0.571592354938127,0.594066509970055,0.575218102002541,0.587253200438389
2022-09-03,00a905a4a4a2b071,398db40015b3c81c,082eba4cd80f736f,e1d40e8782d80bc2,Jarno Errens,William Gomis,0,2022,2012-01-14,2021-12-18,0.003,1.13990173070693,0.469049696032965,0.470498735775555,0.475372623641911,0.465625072014022,0.468700442892246,0.465170049448539,0.460496657764986
2022-09-03,00a905a4a4a2b071,3e2f00991f511607,b909a9a9688b5284,c2299ec916bc7c56,Gabriel Miranda,Benoit Saint Denis,0,2022,2012-01-14,2021-12-18,0.003,1.13990173070693,0.32154527129161,0.320668350617207,0.328052639840172,0.302069865892529,0.306170713287001,0.307246268703964,0.311526697021797
2022-09-03,00a905a4a4a2b071,7bced112f3229b1b,b7b84ccd221be298,c21a036b4e012f1c,Nasrat Haqparast,John Makdessi,1,2022,2012-01-14,2021-12-18,0.003,1.13990173070693,0.609752567890232,0.614385459802223,0.620693515123527,0.62027820539459,0.584017676453957,0.578679048577043,0.602265661169573
2022-09-03,00a905a4a4a2b071,810c9da07970c4a6,787bb1f087ccff8a,c62fbc117d57b943,Ciryl Gane,Tai Tuivasa,1,2022,2012-01-14,2021-12-18,0.003,1.13990173070693,0.718787255370506,0.722200834816476,0.732762998580087,0.728497213796629,0.77413560970494,0.747265828024128,0.770855033060206
2022-09-03,00a905a4a4a2b071,acc9a109b00a99e1,329e403448756217,f1d64ae34e088832,Nathaniel Wood,Charles Jourdain,1,2022,2012-01-14,2021-12-18,0.003,1.13990173070693,0.463655240377355,0.463266132939401,0.451905380027112,0.460239569856977,0.492194393994343,0.495022953313122,0.477620399087808
2022-09-03,00a905a4a4a2b071,b8ca1acdf3dc2f58,7acbb0972e75281a,e1147d3d2dabe1ce,Marvin Vettori,Robert Whittaker,0,2022,2012-01-14,2021-12-18,0.003,1.13990173070693,0.463305807247914,0.461685551548354,0.4788392024296,0.490138029328587,0.495843040522837,0.493682676121547,0.467379341769834
2022-09-03,00a905a4a4a2b071,ca7fd237c16cec84,7debc13b36343605,b4537562f88ac582,Cristian Quinonez,Khalid Taha,1,2022,2012-01-14,2021-12-18,0.003,1.13990173070693,0.641895434313534,0.627239697622032,0.612806935241004,0.661751804173832,0.626687735405756,0.601175822288385,0.60833093093884
2022-09-03,00a905a4a4a2b071,ce62a50e97d497f9,06e4245d16fc5315,5e6294b37bbef029,Ailin Perez,Stephanie Egger,0,2022,2012-01-14,2021-12-18,0.003,1.13990173070693,0.462062848289096,0.466116374995363,0.487612962139977,0.474827031763068,0.429402771733448,0.471454820200533,0.410326795521191
2022-09-03,00a905a4a4a2b071,cf9035f2fc2e232f,36b8f265bcd1b7a4,71505842fb6455c3,Abus Magomedov,Dustin Stoltzfus,1,2022,2012-01-14,2021-12-18,0.003,1.13990173070693,0.56336614705327,0.560895694491936,0.566229441260211,0.56069847524282,0.573402372309051,0.551892934835785,0.542037266047957
2022-09-03,00a905a4a4a2b071,fd47032108b85cf0,1e4f273069fb9e85,b4c57a8c2b773e82,Fares Ziam,Michal Figlak,1,2022,2012-01-14,2021-12-18,0.003,1.13990173070693,0.603054710480712,0.612495830627005,0.60455090778796,0.607999415066622,0.622520099900735,0.597463968526393,0.594776863298094
2022-09-10,93bf96be327fcd98,0111e6a64b5184c6,3a46b268013afede,767755fd74662dbf,Kevin Holland,Khamzat Chimaev,0,2022,2012-01-14,2021-12-18,0.003,1.13990173070693,0.495924519682139,0.504261670832531,0.484993034867144,0.501914321681869,0.491960747934615,0.504773753039374,0.484030512182809
2022-09-10,93bf96be327fcd98,0e6d624086f7952e,2c9d00968f818270,902ec2cc48c8ae8a,Hakeem Dawodu,Julian Erosa,0,2022,2012-01-14,2021-12-18,0.003,1.13990173070693,0.727974127398337,0.728019129033114,0.709393348756396,0.740092024931829,0.786234430670252,0.781130979600217,0.776468877522895
2022-09-10,93bf96be327fcd98,301f230c90c4bd7d,41e83a89929d1327,82529ce93cd9a2cf,Jailton Almeida,Anton Turkalj,1,2022,2012-01-14,2021-12-18,0.003,1.13990173070693,0.707726757198546,0.704793646263459,0.69246360667539,0.70630899230535,0.706399637366912,0.653723399625851,0.66713092433334
2022-09-10,93bf96be327fcd98,6010f681e54ba2cd,1897b7b913736a7c,c7c39e2fb70248b3,Alatengheili,Chad Anheliger,1,2022,2012-01-14,2021-12-18,0.003,1.13990173070693,0.613821859319768,0.614205686827779,0.589589250519962,0.628589914148592,0.558949037711093,0.55784473136803,0.530916637450653
2022-09-10,93bf96be327fcd98,77acb96700e89c92,0112352cb32f5026,830f60497fab345a,Denis Tiuliulin,Jamie Pickett,1,2022,2012-01-14,2021-12-18,0.003,1.13990173070693,0.506183088874074,0.511677521377996,0.50302053145795,0.506109407784368,0.530109370144799,0.532095584271719,0.533397372945924
2022-09-10,93bf96be327fcd98,7e8fd03e070d0c25,22a92d7f62195791,8355922d564b152c,Tony Ferguson,Nate Diaz,0,2022,2012-01-14,2021-12-18,0.003,1.13990173070693,0.569570641718311,0.561581681560327,0.521612799894928,0.530122832283159,0.534320055770889,0.511191488661224,0.595188640003025
2022-09-10,93bf96be327fcd98,86d57e8ef2191316,326a001926ffb7ec,f998f5c102250d6e,Darian Weeks,Yohan Lainesse,0,2022,2012-01-14,2021-12-18,0.003,1.13990173070693,0.50037820996544,0.502068091570337,0.497629985457433,0.497818568034257,0.509727289816891,0.497743037023752,0.526937288108854
2022-09-10,93bf96be327fcd98,989b8d362742f40b,578ef12674df1e6a,9cdd2da1a9104a0b,Irene Aldana,Macy Chiasson,1,2022,2012-01-14,2021-12-18,0.003,1.13990173070693,0.416661465688123,0.42248732282977,0.413149302889815,0.425257196008525,0.42470935688639,0.430053210749135,0.450451470584658
2022-09-10,93bf96be327fcd98,a5cf273faa3982b7,3f4c3bc822bea45d,ac7c765882f2c68c,Melissa Martinez,Elise Reed,0,2022,2012-01-14,2021-12-18,0.003,1.13990173070693,0.682322409643934,0.681322692445736,0.681129321909965,0.682332038303872,0.654136236502399,0.654797909041165,0.641195373803602
2022-09-10,93bf96be327fcd98,bf334cb4e63f3430,7a5e8c94a86f9895,92fa1401b7927da3,Chris Barnett,Jake Collier,1,2022,2012-01-14,2021-12-18,0.003,1.13990173070693,0.292141535070144,0.301152381643135,0.315675064187772,0.296536327001079,0.273058732578473,0.28503906296826,0.295347364853284
2022-09-10,93bf96be327fcd98,d3e23d7d207d3ccf,8a1f3b5c526cd6e6,e64b96c07d7ce999,Daniel Rodriguez,Li Jingliang,1,2022,2012-01-14,2021-12-18,0.003,1.13990173070693,0.588573893904639,0.602514437759699,0.60935252963931,0.564414849563233,0.637386740373952,0.636248061529935,0.626256350689375
2022-09-10,93bf96be327fcd98,d869eaea38426f06,c21f26bbde777573,cd13728ae1151f46,Johnny Walker,Ion Cutelaba,1,2022,2012-01-14,2021-12-18,0.003,1.13990173070693,0.446656443758024,0.447106616914779,0.462592799915047,0.430199048590471,0.493383945022697,0.522816100477836,0.535038620133745
2022-09-10,93bf96be327fcd98,db3e26d02d790c97,a7e3f02fe2b2fe30,d3f5d33d61cd00c9,Danyelle Wolf,Norma Dumont,0,2022,2012-01-14,2021-12-18,0.003,1.13990173070693,0.275186440933589,0.276261612639756,0.288340064276249,0.250567262021249,0.256167127534146,0.286582706311519,0.270861009295061
2022-09-17,8d477c3fbe001f9d,160c17b8fcb0e2a1,70fa1c64a2c439ef,c1085e1701b13eca,Alen Amedovski,Joe Pyfer,0,2022,2012-01-14,2021-12-18,0.003,1.13990173070693,0.162776662046453,0.177932524329438,0.167617750946774,0.142543800452344,0.192234142530204,0.210542799685483,0.193963900321874
2022-09-17,8d477c3fbe001f9d,35d06627d91b840d,4148802ae4a50768,cfc3e7bb44685289,Daniel Zellhuber,Trey Ogden,0,2022,2012-01-14,2021-12-18,0.003,1.13990173070693,0.700744723599058,0.694938897963704,0.677440501358453,0.712622623752523,0.59108914237949,0.582455795564156,0.579210719075788
2022-09-17,8d477c3fbe001f9d,3cbd3565dd631cc4,04c8b08b16a5b99e,d31a5546c0e9b213,Tanner Boser,Rodrigo Nascimento,0,2022,2012-01-14,2021-12-18,0.003,1.13990173070693,0.684942916579637,0.679853294367088,0.664804732655578,0.686712646853291,0.721313471254948,0.704025370286094,0.708990472182073
2022-09-17,8d477c3fbe001f9d,46b9acec12a35d37,afe8d5b39ff7fca2,b27a1fcb56a3035a,Louis Cosce,Trevin Giles,0,2022,2012-01-14,2021-12-18,0.003,1.13990173070693,0.407290311377201,0.419040569840628,0.435164974151004,0.410886413944949,0.356134617980543,0.398754044221775,0.323557766392901
2022-09-17,8d477c3fbe001f9d,8a044e5400b4318f,37f560436d745c18,87e2468b986ebb79,Nikolas Motta,Cameron VanCamp,1,2022,2012-01-14,2021-12-18,0.003,1.13990173070693,0.440147486105472,0.443352379280959,0.4513129342434,0.451367839594089,0.487271348541598,0.47533259188091,0.432912253948464
2022-09-17,8d477c3fbe001f9d,adb78db5ba8ccc0f,8fd808923cffff82,9abc648e76c4493a,Andre Fili,Bill Algeo,1,2022,2012-01-14,2021-12-18,0.003,1.13990173070693,0.336186826458243,0.34647691281649,0.371504698037466,0.354647848613235,0.347339186290859,0.347406860077116,0.307081224494734
2022-09-17,8d477c3fbe001f9d,bd06f1c2d7e6c4a0,c68c68efaa5ca6ef,d1c65d2cf2925ddd,Chidi Njokuani,Gregory Rodrigues,0,2022,2012-01-14,2021-12-18,0.003,1.13990173070693,0.465479874779137,0.475684674068299,0.496735902154571,0.454529379580543,0.43336349688845,0.455351171424009,0.429200586614537
2022-09-17,8d477c3fbe001f9d,be73f75b52b06f14,601964f9654f911a,bbab3baf66128ae2,Tony Gravely,Javid Basharat,0,2022,2012-01-14,2021-12-18,0.003,1.13990173070693,0.518349805184487,0.524243208101848,0.512844226404415,0.501195905250367,0.471599893732796,0.477897158546574,0.448855896315557
2022-09-17,8d477c3fbe001f9d,ce5ebaf8caf8c4a7,093e1f5bb73850be,8e9eb3fc86db0f7d,Anthony Hernandez,Marc-Andre Barriault,1,2022,2012-01-14,2021-12-18,0.003,1.13990173070693,0.639277589205069,0.639037554591019,0.616669212910687,0.666291679771681,0.617019271480974,0.62453306319338,0.633769022787275
2022-09-17,8d477c3fbe001f9d,d9f5d05b07bae09e,38c7f72747f4f712,a08ddd04eaffd81d,Gillian Robertson,Mariya Agapova,1,2022,2012-01-14,2021-12-18,0.003,1.13990173070693,0.502632019663237,0.498365184467721,0.504202127954965,0.506686065801721,0.486708887786108,0.464915409150763,0.47437684784891
2022-09-17,8d477c3fbe001f9d,df370b97ea49e6b4,65f09bacd3957381,efb96bf3e9ada36f,Cory Sandhagen,Song Yadong,1,2022,2012-01-14,2021-12-18,0.003,1.13990173070693,0.430878472417654,0.445143951473771,0.46876991050175,0.42975589249111,0.452967310172244,0.456610921652369,0.454811561178032
2022-09-17,8d477c3fbe001f9d,ec0740be19b2ef90,4e30e4250cb08b61,cffb87059e645bd1,Loma Lookboonmee,Denise Gomes,1,2022,2012-01-14,2021-12-18,0.003,1.13990173070693,0.519034928725419,0.522602239950905,0.516351319762653,0.516380705766475,0.449976051486075,0.446953577806978,0.452128753364915
2022-09-17,8d477c3fbe001f9d,f521ecde1e96a1bd,29af297d9f1de0f8,b8bbdeff718dbb7d,Damon Jackson,Pat Sabatini,1,2022,2012-01-14,2021-12-18,0.003,1.13990173070693,0.393733626502343,0.40945877434715,0.414410369480357,0.38534785263122,0.363655651132913,0.40827450439928,0.393049622838695
2022-10-01,4f670b7972fa0a2e,1aedd959f1523a27,94426bb170c88115,da4628f173337902,Sodiq Yusuff,Don Shainis,1,2022,2012-01-14,2021-12-18,0.003,1.13990173070693,0.809980499607975,0.810624077758682,0.804038193713891,0.822847884359567,0.799069624084324,0.782827884018309,0.77088566085879
2022-10-01,4f670b7972fa0a2e,330506571d2778b1,19c591115a58982c,fb3e61720be4690c,Viacheslav Borshchev,Mike Davis,0,2022,2012-01-14,2021-12-18,0.003,1.13990173070693,0.431474318236084,0.438269284362694,0.432572113939195,0.400084583219127,0.41599175998801,0.428460847795384,0.44290297483885
2022-10-01,4f670b7972fa0a2e,63f6af6d5f7b82ad,5fa2974cbd18e05c,b67d6bacc68d4c92,John Castaneda,Daniel Santos,0,2022,2012-01-14,2021-12-18,0.003,1.13990173070693,0.649980466971563,0.652706533474349,0.651026727338086,0.650171795598257,0.718352620262004,0.688927618007774,0.696580142238397
2022-10-01,4f670b7972fa0a2e,6c79db79da9ae874,325ad0dd9126d3df,d05412b513b19621,Randy Costa,Guido Cannetti,0,2022,2012-01-14,2021-12-18,0.003,1.13990173070693,0.682124617180882,0.679235960881879,0.698384094130993,0.718494501577465,0.711452620138526,0.662165049433192,0.685096522302603
2022-10-01,4f670b7972fa0a2e,7d0d2cecab358ba1,a8283a4f415e1eb9,c6aee362c7a7d482,Francisco Trinaldo,Randy Brown,0,2022,2012-01-14,2021-12-18,0.003,1.13990173070693,0.31037501406955,0.305986826148234,0.276070678600632,0.305609625156086,0.288695710892084,0.281287238239147,0.28204524655842
2022-10-01,4f670b7972fa0a2e,8c9ff13791378784,2f181c0467965b98,4e06913c91da5200,Brendan Allen,Krzysztof Jotko,1,2022,2012-01-14,2021-12-18,0.003,1.13990173070693,0.526919467700388,0.522817420867563,0.484451774554917,0.494269854492711,0.458051001353566,0.452749510654878,0.469552737241549
2022-10-01,4f670b7972fa0a2e,a73e33dfce8fcfd8,b9f28e7045fdfce7,ec23c1be628d8057,Raoni Barcelos,Trevin Jones,1,2022,2012-01-14,2021-12-18,0.003,1.13990173070693,0.641338102310656,0.628770072622802,0.603179349532564,0.650200018592911,0.68287694994556,0.650727916571694,0.635708670175425
2022-10-01,4f670b7972fa0a2e,ad59e2de1ab5c8d2,a78a87d8c2bbb1cb,af9efbfd63d39734,Julija Stoliarenko,Chelsea Chandler,0,2022,2012-01-14,2021-12-18,0.003,1.13990173070693,0.383539169886112,0.385465463330827,0.384063767929129,0.374177357490903,0.429184756375056,0.407431595512953,0.487446312530559
2022-10-01,4f670b7972fa0a2e,d33814971932422a,7447e9f28508106a,c41d426cc7326d1b,Mackenzie Dern,Yan Xiaonan,0,2022,2012-01-14,2021-12-18,0.003,1.13990173070693,0.617824348493846,0.615886495613241,0.627852974964079,0.628335022141995,0.598507722198897,0.57262455167519,0.565938790225568
2022-10-01,4f670b7972fa0a2e,de93fda66d203c26,98c23cb6da5b3352,e9a3aeb207578eea,Aleksei Oleinik,Ilir Latifi,0,2022,2012-01-14,2021-12-18,0.003,1.13990173070693,0.335437538350913,0.339458782611211,0.313063204898697,0.32824101225626,0.318928871954344,0.331370675447603,0.299424817002294
2022-10-01,4f670b7972fa0a2e,ecc56a86a1eead9d,5580771f383e141f,ae7fe94f117f98cf,Jesse Ronson,Joaquim Silva,0,2022,2012-01-14,2021-12-18,0.003,1.13990173070693,0.506508476353147,0.500225237913128,0.50662822786692,0.46037186448636,0.496780742505208,0.492787682536478,0.566914919888279
2022-10-15,49c29e57d4e2be6f,1af23e7aa71a1d17,d247691a6c0e9034,f2477cf43c4975cc,Cub Swanson,Jonathan Martinez,0,2022,2012-01-14,2021-12-18,0.003,1.13990173070693,0.389614750190329,0.410492601427753,0.339110911113779,0.387456526858857,0.380750965497501,0.382647183480666,0.429601587224593
2022-10-15,49c29e57d4e2be6f,59695aae245cca73,67f272324a030d00,a495f599e787614f,Misha Cirkunov,Alonzo Menifield,0,2022,2012-01-14,2021-12-18,0.003,1.13990173070693,0.378215237246008,0.382005628898373,0.367941962203015,0.40343853214946,0.395556834742642,0.422212403902275,0.351948227012042
2022-10-15,49c29e57d4e2be6f,60bd4d2878c85f70,e375cb5caf4717b6,e94085e821bd81de,Piera Rodriguez,Sam Hughes,1,2022,2012-01-14,2021-12-18,0.003,1.13990173070693,0.555305437048403,0.554075370365872,0.543856446774862,0.546859167885513,0.504463053890835,0.523086716190432,0.507465620378524
2022-10-15,49c29e57d4e2be6f,759c55755d70f7ba,866fd7b1a6c90e7f,c878270af633eb11,Dusko Todorovic,Jordan Wright,1,2022,2012-01-14,2021-12-18,0.003,1.13990173070693,0.640205899439409,0.63550212376604,0.608994348690243,0.656883427534736,0.682096760349472,0.661813791650299,0.668010635922782
2022-10-15,49c29e57d4e2be6f,8252a314c778b8e6,c0386644627a7ee5,cc351e408bbb7d43,Mana Martinez,Brandon Davis,1,2022,2012-01-14,2021-12-18,0.003,1.13990173070693,0.495686717316568,0.474224023596592,0.535121419194052,0.499448592983257,0.563333587036737,0.568013392610046,0.56679858957377
2022-10-15,49c29e57d4e2be6f,84b04e8d6b251c54,0641c21bec209472,776d4262c4da38bf,Mike Jackson,Pete Rodriguez,0,2022,2012-01-14,2021-12-18,0.003,1.13990173070693,0.46977752784718,0.45971956698283,0.419527979469287,0.472227106595826,0.516563813554928,0.445297378658689,0.482775518458122
2022-10-15,49c29e57d4e2be6f,860050f211b44d10,12585614e0ed2626,d4270315cbcf2569,Nick Maximov,Jacob Malkoun,0,2022,2012-01-14,2021-12-18,0.003,1.13990173070693,0.477004192604183,0.475417057907408,0.474206290444452,0.477724113088286,0.45251424557427,0.488641411340766,0.471440819136314
2022-10-15,49c29e57d4e2be6f,904cf687d22bb486,36541f1e6c5d4955,e8b731feff72294b,Viviane Araujo,Alexa Grasso,0,2022,2012-01-14,2021-12-18,0.003,1.13990173070693,0.451920051493511,0.463423655416843,0.485267918451863,0.434864813526112,0.433109138911582,0.446111141973868,0.398121743525229
2022-10-15,49c29e57d4e2be6f,96d4fe315722d1c1,2f13e4020cea5b38,eb8d8c2a95cfccb8,Raphael Assuncao,Victor Henry,1,2022,2012-01-14,2021-12-18,0.003,1.13990173070693,0.351981919379312,0.364246916232179,0.337366106989734,0.358660301750311,0.412236518535823,0.395750933001435,0.393804401932529
2022-10-15,49c29e57d4e2be6f,b4bbc1b7efa770f5,11583163f45c7b31,791c8437b341fba5,Lucas Alexander,Joanderson Brito,0,2022,2012-01-14,2021-12-18,0.003,1.13990173070693,0.445746521880208,0.441380999960796,0.435252950081704,0.44287068810169,0.444544853520616,0.456248840840431,0.441378333369953
2022-10-15,49c29e57d4e2be6f,fac560495e61d34c,077e3ace32b72be9,4461d7e47375a895,CJ Vergara,Tatsuro Taira,0,2022,2012-01-14,2021-12-18,0.003,1.13990173070693,0.295036850755245,0.29726121816913,0.309748864042953,0.288379394783783,0.256278245011327,0.276798710062812,0.279251433891976
2022-10-22,885e7f70dcac0007,1b204fc28bb023e6,009c4420727149ea,369ea36e450ae62a,AJ Dobson,Armen Petrosyan,0,2022,2012-01-14,2021-12-18,0.003,1.13990173070693,0.456895309956468,0.477262557310442,0.497792531700402,0.447438229084339,0.441949154563488,0.453983288658288,0.393305900646745
2022-10-22,885e7f70dcac0007,1e8c33b1917fe1b7,75353550928a7921,dee294e9717012c2,Muhammad Mokaev,Malcolm Gordon,1,2022,2012-01-14,2021-12-18,0.003,1.13990173070693,0.821214282474418,0.817119245837987,0.789309277071519,0.842453701978132,0.855353363425069,0.82223067475389,0.797259693563856
2022-10-22,885e7f70dcac0007,1f0d4572e0facbea,c849740a3ff51931,cb696ebfb6598724,TJ Dillashaw,Aljamain Sterling,0,2022,2012-01-14,2021-12-18,0.003,1.13990173070693,0.374976321689442,0.366871551780212,0.40578913717205,0.36872679502236,0.35861199583992,0.38726695994485,0.397179296854784
2022-10-22,885e7f70dcac0007,25f3e4fa781c1c8a,34ff304266360297,e872e9a9a902c045,Manon Fiorot,Katlyn Cerminara,1,2022,2012-01-14,2021-12-18,0.003,1.13990173070693,0.529705093132574,0.524381376830071,0.5315811473512,0.512955372757159,0.588142530706947,0.563856007032385,0.592201217546819
2022-10-22,885e7f70dcac0007,2d36e2c10ee349fe,4126a78111c0855a,ea7e5bc78d9de658,Caio Borralho,Makhmud Muradov,1,2022,2012-01-14,2021-12-18,0.003,1.13990173070693,0.518131093817514,0.504434791892316,0.518583129905993,0.532390890050284,0.59888100255933,0.58172254330482,0.590448665384572
2022-10-22,885e7f70dcac0007,4011cdf1f182804c,2eeaefbfc7f9fcff,351c4ec637380ad5,Lina Lansberg,Karol Rosa,0,2022,2012-01-14,2021-12-18,0.003,1.13990173070693,0.165687140953965,0.177208766342896,0.204696643254032,0.154031043830123,0.118810309714631,0.152057736193106,0.12275365691926
2022-10-22,885e7f70dcac0007,523815acf1bb2420,07225ba28ae309b6,275aca31f61ba28c,Charles Oliveira,Islam Makhachev,0,2022,2012-01-14,2021-12-18,0.003,1.13990173070693,0.492567385186238,0.516901253520075,0.489754968434368,0.489659451932848,0.402812347452322,0.443887701740602,0.401418485748919
2022-10-22,885e7f70dcac0007,5c3c4bcc6c746ca0,b50a426a33da0012,d661ce4da776fc20,Sean O'Malley,Petr Yan,1,2022,2012-01-14,2021-12-18,0.003,1.13990173070693,0.517718191971684,0.515688089895467,0.463294097799058,0.513755784754088,0.58347543183639,0.554282237830006,0.584846409268485
2022-10-22,885e7f70dcac0007,69f39e5d959311b1,08af939f41b5a57b,72db2a14ffa73ece,Beneil Dariush,Mateusz Gamrot,1,2022,2012-01-14,2021-12-18,0.003,1.13990173070693,0.508229616873008,0.498346284822054,0.459039075411975,0.501495743695612,0.475605744182413,0.462015994377367,0.553947423029719
2022-10-22,885e7f70dcac0007,cea6760d7bfbe19b,029e1293e609fd74,684d3aee255a3d09,Abubakar Nurmagomedov,Gadzhi Omargadzhiev,1,2022,2012-01-14,2021-12-18,0.003,1.13990173070693,0.583330132002282,0.585844153582126,0.581098112965755,0.59945321807016,0.602295423290108,0.572984848750108,0.559449244657564
2022-10-22,885e7f70dcac0007,d325a1483d78ae75,45f7cb591c3ab00b,b1b0729d27936f2f,Sean Brady,Belal Muhammad,0,2022,2012-01-14,2021-12-18,0.003,1.13990173070693,0.468303492933198,0.467382402155841,0.485278641632217,0.483671054805072,0.47511050492141,0.461568264856484,0.474243167080971
2022-10-22,885e7f70dcac0007,f4d8266a42a41dff,0845c81e37d3bcb3,1091d4d957141094,Volkan Oezdemir,Nikita Krylov,0,2022,2012-01-14,2021-12-18,0.003,1.13990173070693,0.574120088739781,0.58687094748126,0.603981361390794,0.572121755878228,0.569391123457875,0.566277673146535,0.558157776535204
2022-10-29,be5aab761c40ef35,44abbf6b947be6de,7f6ed67d3ed3c036,b15862fcd6ded451,Cody Durden,Carlos Mota,1,2022,2012-01-14,2021-12-18,0.003,1.13990173070693,0.502855564139311,0.502199077349928,0.490590475673041,0.505367570953539,0.533207021909848,0.522561265681013,0.489407337166255
2022-10-29,be5aab761c40ef35,5b6bdaf89e493674,2b68d9f125d07b42,fc08099550072fe4,Jared Vanderaa,Waldo Cortes-Acosta,0,2022,2012-01-14,2021-12-18,0.003,1.13990173070693,0.29468734369625,0.306901382504214,0.31279650716877,0.301243533274403,0.341922199570964,0.345715311839752,0.353445573406047
2022-10-29,be5aab761c40ef35,5dcba156bd13e0c3,3738e68d2261e60f,ab943cd2c3c17825,Andrei Arlovski,Marcos Rogerio de Lima,0,2022,2012-01-14,2021-12-18,0.003,1.13990173070693,0.424192749947286,0.428754635090655,0.398079378832013,0.407100936218271,0.396687019878786,0.414206651848016,0.381102446332208
2022-10-29,be5aab761c40ef35,6a7db3750822d7be,147e70aa6cc48cfc,ca43de99b07b6b40,Tresean Gore,Josh Fremd,1,2022,2012-01-14,2021-12-18,0.003,1.13990173070693,0.46166047024258,0.459201339670567,0.462477110332525,0.48062074489574,0.52932464102987,0.52701731110805,0.574133521152184
2022-10-29,be5aab761c40ef35,86dff1593d8b9a1f,971246648e162f0d,97cf1a2c7c5e7889,Chase Hooper,Steve Garcia,0,2022,2012-01-14,2021-12-18,0.003,1.13990173070693,0.6047857922833,0.60414839202271,0.576242519610341,0.632577662444508,0.611677948023767,0.597221418446684,0.554999681857906
2022-10-29,be5aab761c40ef35,98b7dd0ddc52cffb,749f572d1d3161fb,e4277e87a789d687,Khalil Rountree Jr.,Dustin Jacoby,1,2022,2012-01-14,2021-12-18,0.003,1.13990173070693,0.266581413771745,0.271547297847515,0.305993426058421,0.279116466352286,0.304424348107297,0.309405067663317,0.282400156265172
2022-10-29,be5aab761c40ef35,a554a72bb0377213,040a74bb0a465c54,751de04455cfaac0,Arnold Allen,Calvin Kattar,1,2022,2012-01-14,2021-12-18,0.003,1.13990173070693,0.642370702893262,0.625237675813839,0.57243228969478,0.631144720181899,0.64275671659779,0.639387765365434,0.693729268097156
2022-10-29,be5aab761c40ef35,bf59d9f8bd9536f3,4b47e71384a9522f,b0d6a1d8ac3d563d,Tim Means,Max Griffin,0,2022,2012-01-14,2021-12-18,0.003,1.13990173070693,0.438741722443764,0.428709854823821,0.407142469633161,0.421956267639547,0.4462849303272,0.439034119775407,0.444275935699178
2022-10-29,be5aab761c40ef35,d6d141afdd31c3f1,285ae0b4a68221f4,8d20d76af3f213ce,JunYong Park,Joseph Holmes,1,2022,2012-01-14,2021-12-18,0.003,1.13990173070693,0.322276761691994,0.313091988187352,0.300407744829014,0.325759018771046,0.339194725412472,0.355848073757173,0.366804910958501
2022-10-29,be5aab761c40ef35,f32d918ee06cb83b,327d5f279895110d,547afe1017e72dbe,Roman Dolidze,Phil Hawes,1,2022,2012-01-14,2021-12-18,0.003,1.13990173070693,0.460684850672776,0.457390968058213,0.462698803319727,0.464702472001878,0.484022749295593,0.500918209750677,0.489300916710209
2022-10-29,be5aab761c40ef35,fdb9d29cf0edc16a,5ec591b78349ba7e,69888118d968ba52,Christian Rodriguez,Joshua Weems,1,2022,2012-01-14,2021-12-18,0.003,1.13990173070693,0.650254230508907,0.663365866181092,0.657222187974143,0.651202953219481,0.657924512042154,0.639532588935571,0.656525709640354
2022-11-05,756f45905fb20cb5,1535fb6549fa8bab,99bd51917728c25d,da0995f19b749cfa,Grant Dawson,Mark Madsen,1,2022,2012-01-14,2021-12-18,0.003,1.13990173070693,0.738410469918402,0.739035209773517,0.704245930246052,0.744668458634888,0.73717962774395,0.737965174792198,0.755884374482991
2022-11-05,756f45905fb20cb5,2664805fde34fb1b,0a73acff6325c1e2,34e516ab361afb1c,Shayilan Nuerdanbieke,Darrick Minner,1,2022,2012-01-14,2021-12-18,0.003,1.13990173070693,0.625315552906613,0.613013335413988,0.593828223145158,0.635182762256372,0.574338121155054,0.56153004465284,0.58080869264104
2022-11-05,756f45905fb20cb5,2ab395e21080b10a,773f7feacf96153e,bc711b6dd95c1af6,Benito Lopez,Mario Bautista,0,2022,2012-01-14,2021-12-18,0.003,1.13990173070693,0.388482852886796,0.399668590806062,0.402584937562282,0.406270335520409,0.38812040641639,0.415033577885941,0.388389888775198
2022-11-05,756f45905fb20cb5,31cb98ce37fd87dd,1a54231796e24a3f,f6bcbd91b114ff58,Liudvik Sholinian,Johnny Munoz,0,2022,2012-01-14,2021-12-18,0.003,1.13990173070693,0.330643086622613,0.341465860045924,0.357446178021696,0.310120919347117,0.310851400320181,0.351728690328441,0.317524729535916
2022-11-05,756f45905fb20cb5,3adecfc4727a8d73,6e9f40c706f91f32,f00ac08ab056af5d,Nate Maness,Tagir Ulanbekov,0,2022,2012-01-14,2021-12-18,0.003,1.13990173070693,0.399855734841193,0.38958668597115,0.406956883673691,0.397991820673691,0.343129655160497,0.378730942319478,0.369980534413671
2022-11-05,756f45905fb20cb5,5475f5b6bad40989,9673a497a9da119a,d05cb1e8d1b885d8,Polyana Viana,Jinh Yu Frey,1,2022,2012-01-14,2021-12-18,0.003,1.13990173070693,0.590052717094069,0.580659336916807,0.557844372075107,0.641859454699726,0.656269271263789,0.623380837656384,0.641136119318188
2022-11-05,756f45905fb20cb5,71afa8354da2491e,568bbad0eaced57c,f29a6350c69f4a33,Shanna Young,Miranda Maverick,0,2022,2012-01-14,2021-12-18,0.003,1.13990173070693,0.224461622130069,0.228540632880768,0.249481745206317,0.210010628081447,0.229693342151323,0.272057993950715,0.219291543423806
2022-11-05,756f45905fb20cb5,abfc03893551ae73,3df5493bb279226f,cd2c4d30c6e13b47,Amanda Lemos,Marina Rodriguez,1,2022,2012-01-14,2021-12-18,0.003,1.13990173070693,0.428841521017467,0.427252811977714,0.416092241400696,0.433549278180768,0.399693090215961,0.393707162952875,0.430695936776182
2022-11-05,756f45905fb20cb5,b279559f15ecf29b,84b3e7d38f2d2ec5,8a1f3b5c526cd6e6,Neil Magny,Daniel Rodriguez,1,2022,2012-01-14,2021-12-18,0.003,1.13990173070693,0.519238178548802,0.525264519693736,0.510572865554774,0.528265634199853,0.498301908122959,0.508773382689052,0.558181539125897
2022-11-05,756f45905fb20cb5,b87ac039e3b13940,3eb4dc9a7d4ac906,4f3064faf17aa711,Ramona Pascual,Tamires Vidal,0,2022,2012-01-14,2021-12-18,0.003,1.13990173070693,0.343483144334874,0.352772514801277,0.37468313072043,0.327539658866369,0.411430516004324,0.42125634584138,0.42532131234962
2022-11-05,756f45905fb20cb5,cfca30d3ef3c86b9,60a42bf82447c919,760a55d5b6098cbe,Jake Hadley,Carlos Candelario,1,2022,2012-01-14,2021-12-18,0.003,1.13990173070693,0.704527365256289,0.701136776983517,0.688608116042094,0.721472602263474,0.726315158196941,0.679645469239067,0.716526336311536
2022-11-12,b3b6e80b7d5f8f0d,04f32bb0c0d3a8cc,1338e2c7480bdf9e,e5549c82bfb5582d,Israel Adesanya,Alex Pereira,0,2022,2012-01-14,2021-12-18,0.003,1.13990173070693,0.744759559355867,0.741458288360455,0.705195384969679,0.74037073296038,0.735446210052148,0.718389529179777,0.746121179182367
2022-11-12,b3b6e80b7d5f8f0d,09afa6ce4747a1a2,45f0cc9d18f35137,f2688492b9a525a3,Chris Gutierrez,Frankie Edgar,1,2022,2012-01-14,2021-12-18,0.003,1.13990173070693,0.695045305891121,0.67875516180153,0.652062196282419,0.714915459591477,0.715257355038283,0.711774972866088,0.746108662558217
2022-11-12,b3b6e80b7d5f8f0d,1f922cfe6178e830,37ed1ab2f8b819f4,b6452706b373eea1,Brad Riddell,Renato Moicano,0,2022,2012-01-14,2021-12-18,0.003,1.13990173070693,0.435201789957266,0.439689019896993,0.417154394920149,0.407171362471116,0.40670632125627,0.464585415668103,0.416665321798793
2022-11-12,b3b6e80b7d5f8f0d,40707ddc9fdea500,dccb63727f2f5f74,ee18ff42063174df,Matt Frevola,Ottman Azaitar,1,2022,2012-01-14,2021-12-18,0.003,1.13990173070693,0.341295229617049,0.348502001861166,0.287347559205589,0.34699145404948,0.32368061628012,0.377791754488448,0.347210518015018
2022-11-12,b3b6e80b7d5f8f0d,4bf3010fdeea9d93,029eaff01e6bb8f0,4b93a88f3b1de35b,Dustin Poirier,Michael Chandler,1,2022,2012-01-14,2021-12-18,0.003,1.13990173070693,0.767524313833644,0.758187167906024,0.706140602050639,0.778637656250478,0.771554585995115,0.751936899347404,0.784335951839473
2022-11-12,b3b6e80b7d5f8f0d,65ce9335b93d9c57,4dcfb28c011c11b2,5f61780fe5e9b6d0,Wellington Turman,Andre Petroski,0,2022,2012-01-14,2021-12-18,0.003,1.13990173070693,0.28237691807928,0.294235946905982,0.302739673155177,0.283827196649494,0.243637386205899,0.281514735079253,0.237002150409493
2022-11-12,b3b6e80b7d5f8f0d,6f22afbc5f8e0bd3,2e19380f34871c6a,a67f5afa8d6a1b80,Dominick Reyes,Ryan Spann,0,2022,2012-01-14,2021-12-18,0.003,1.13990173070693,0.470307410201809,0.480883410095683,0.519389179279175,0.472697925607908,0.513748176273845,0.541179776332864,0.47062359861639
2022-11-12,b3b6e80b7d5f8f0d,77c78d0a71b10692,193b9d1858bc4df3,d747eb273a40a920,Dan Hooker,Claudio Puelles,1,2022,2012-01-14,2021-12-18,0.003,1.13990173070693,0.426274020473969,0.436176043847155,0.477488550991597,0.400575744329603,0.400603907860463,0.413103938705916,0.38876902959982
2022-11-12,b3b6e80b7d5f8f0d,7f93b2f38497caec,5bf31a46becc1204,a68575214ecad140,Michael Trizano,SeungWoo Choi,1,2022,2012-01-14,2021-12-18,0.003,1.13990173070693,0.403600927612523,0.404512255980833,0.428339265445238,0.4160644278715,0.446458103808387,0.443435524928755,0.427988000404439
2022-11-12,b3b6e80b7d5f8f0d,85b5d59f8eea976a,1ebe20ebbfa15e29,d910665038efc639,Zhang Weili,Carla Esparza,1,2022,2012-01-14,2021-12-18,0.003,1.13990173070693,0.469741468762764,0.472029230369844,0.495450852438284,0.455949014491664,0.542398683340854,0.519832913629048,0.533738502574732
2022-11-12,b3b6e80b7d5f8f0d,93da91272d4a7ce3,51018a31ddf31eb2,669970f7feba8ecd,Molly McCann,Erin Blanchfield,0,2022,2012-01-14,2021-12-18,0.003,1.13990173070693,0.209483359977067,0.212589081747807,0.212030345940128,0.207796905317115,0.178733368430224,0.211495519756854,0.178221207463182
2022-11-12,b3b6e80b7d5f8f0d,bee95769a221af9a,1291edf2d566a71a,cc1a8b4b38b92c6d,Julio Arce,Montel Jackson,0,2022,2012-01-14,2021-12-18,0.003,1.13990173070693,0.340680797288373,0.332831359495289,0.343596416439471,0.344663352195971,0.334720672390213,0.356243428045328,0.377792005155681
2022-11-12,b3b6e80b7d5f8f0d,db026ff6eee4d174,8c57c7b8c3bab0eb,9014c02eff8b3d62,Nicolae Negumereanu,Carlos Ulberg,0,2022,2012-01-14,2021-12-18,0.003,1.13990173070693,0.478538945202736,0.470012302187186,0.473135028012726,0.487483866547423,0.369320730351217,0.382599938696826,0.390628098801287
2022-11-12,b3b6e80b7d5f8f0d,ff2e4b411f695017,b4880ef2f838d4e1,d7c3816669784109,Silvana Gomez Juarez,Karolina Kowalkiewicz,0,2022,2012-01-14,2021-12-18,0.003,1.13990173070693,0.55634787008894,0.564828771058968,0.603124691771563,0.522945805954776,0.515650748908274,0.521610109391501,0.477747009339317
2022-11-19,012fc7cd0779c09a,0f2983fe7753403f,0c258d1d8e16e5f1,cd3d7e37ff2d679c,Kevin Natividad,Ricky Turcios,0,2022,2012-01-14,2021-12-18,0.003,1.13990173070693,0.381898706794295,0.397161473077233,0.419606063607044,0.365147115745319,0.348784813409386,0.379427484043889,0.371282224660175
2022-11-19,012fc7cd0779c09a,110f539523a4b571,01b352b6a9074d5c,fc08099550072fe4,Chase Sherman,Waldo Cortes-Acosta,0,2022,2012-01-14,2021-12-18,0.003,1.13990173070693,0.348564872560576,0.366724305907003,0.421074814728918,0.352194425460128,0.337543055573017,0.355884787281168,0.307677810065844
2022-11-19,012fc7cd0779c09a,144443d4dbf43990,8e1f36476ef02a6a,b4192a975027aab6,Jennifer Maia,Maryna Moroz,1,2022,2012-01-14,2021-12-18,0.003,1.13990173070693,0.415864031664814,0.434712280594518,0.490625565931688,0.448147922121165,0.4449231210252,0.424032913754833,0.374525255520142
2022-11-19,012fc7cd0779c09a,33719a2d9c69ed17,262d32ebda89efc4,59c438c81fbf3ece,Natalia Silva,Tereza Bleda,1,2022,2012-01-14,2021-12-18,0.003,1.13990173070693,0.585711201216878,0.583362423461764,0.586162453502919,0.592427016316519,0.59958988222477,0.565787436807365,0.570289375678998
2022-11-19,012fc7cd0779c09a,594435375d641f63,37098a6e6c27fb66,46e0d677f91bacc0,Vince Morales,Miles Johns,0,2022,2012-01-14,2021-12-18,0.003,1.13990173070693,0.326815943974588,0.332678125250329,0.349225454042861,0.33346322228082,0.351761135337861,0.350716002707433,0.320777047741378
2022-11-19,012fc7cd0779c09a,a3696c847ef6c7f9,7af33fc4435017f1,9e92e1ca498d7244,Brady Hiestand,Fernie Garcia,1,2022,2012-01-14,2021-12-18,0.003,1.13990173070693,0.552358949007929,0.559465636752547,0.545265499072967,0.55219650098699,0.507651134031149,0.543027595015401,0.503135496539914
2022-11-19,012fc7cd0779c09a,b4cfb34e8224fd77,55fa6ce3e522c8bb,814e5233e2acf2ee,Zhalgas Zhumagulov,Charles Johnson,0,2022,2012-01-14,2021-12-18,0.003,1.13990173070693,0.273269641619039,0.271376869550816,0.290679894000939,0.282595512371153,0.311178108514755,0.306655203565227,0.311369602992139
2022-11-19,012fc7cd0779c09a,bd064deb3494b41a,2c483cf443f38ece,37d752ec41ed84bb,Vanessa Demopoulos,Maria Oliveira,1,2022,2012-01-14,2021-12-18,0.003,1.13990173070693,0.386209381272822,0.378009218150419,0.404515652830207,0.368544728255807,0.355961935849092,0.372213297880844,0.412574707500777
2022-11-19,012fc7cd0779c09a,c317f85a8266313e,33efaf2d0941cfcf,447f9858ae78f921,Andre Fialho,Muslim Salikhov,0,2022,2012-01-14,2021-12-18,0.003,1.13990173070693,0.473636091598735,0.475011931944934,0.489900165247849,0.487238647950637,0.464483811334562,0.462660281610371,0.46891003398364
2022-11-19,012fc7cd0779c09a,c33257dd0605c7de,8667caa0451d245b,cd13728ae1151f46,Kennedy Nzechukwu,Ion Cutelaba,1,2022,2012-01-14,2021-12-18,0.003,1.13990173070693,0.59099211274552,0.576925320988384,0.56520322405309,0.588795584264897,0.59495496260469,0.553569621196831,0.61963569446767
2022-11-19,012fc7cd0779c09a,d0c01840c72429c6,6b453bc35a823c3f,a6cba6bb66c1a8c9,Jack Della Maddalena,Danny Roberts,1,2022,2012-01-14,2021-12-18,0.003,1.13990173070693,0.816048179832994,0.813823663409233,0.812499603326739,0.816291120882204,0.838020838373447,0.819201320460307,0.807480401717073
2022-12-03,b23388ff8ac6637b,0c9faf26efe2cdcc,02f8fedc18cbd26c,f0feeb2192937424,Emily Ducote,Angela Hill,0,2022,2012-01-14,2021-12-18,0.003,1.13990173070693,0.70680769924841,0.695896150428534,0.678009243173856,0.698387609403056,0.72197327934554,0.729014720448004,0.7458889288901
2022-12-03,b23388ff8ac6637b,1114cd1515cf3b8f,2804ce8dadab5770,5d495dec23d7c68e,Marcelo Rojo,Francis Marshall,0,2022,2012-01-14,2021-12-18,0.003,1.13990173070693,0.262924265718128,0.275874617675898,0.291012459805781,0.245074074245207,0.289177902059888,0.312268656748767,0.307764947690356
2022-12-03,b23388ff8ac6637b,2cec230248d7eb97,40cb680ae1cd331f,efc67b07eed39794,Yazmin Jauregui,Istela Nunes,1,2022,2012-01-14,2021-12-18,0.003,1.13990173070693,0.65913611703621,0.638709969023275,0.635245274308258,0.680683415305333,0.672171426700292,0.660621086987692,0.655371382457824
2022-12-03,b23388ff8ac6637b,30abc50a2e71c576,a29db9cd4f9ccea5,cda1099995b46cc2,Natan Levy,Genaro Valdez,1,2022,2012-01-14,2021-12-18,0.003,1.13990173070693,0.852611165894661,0.85497109410055,0.828358970593592,0.868230357164508,0.871189881485874,0.85590166352472,0.849472527942995
2022-12-03,b23388ff8ac6637b,5a8f7afc5ea69537,1a31ef98efce7a79,67c1d46f4ed16f9e,Matheus Nicolau,Matt Schnell,1,2022,2012-01-14,2021-12-18,0.003,1.13990173070693,0.666536235722756,0.652927134297817,0.665504739737745,0.694501689051061,0.704154545936066,0.68440453597528,0.67746213241534
2022-12-03,b23388ff8ac6637b,7bd6969c4ed979f9,c47df9303d318c67,df1eb4354d18a906,Clay Guida,Scott Holtzman,1,2022,2012-01-14,2021-12-18,0.003,1.13990173070693,0.521190201081901,0.519741774929809,0.546091201712287,0.542616561784493,0.53959223906394,0.51918805116211,0.541738036338125
2022-12-03,b23388ff8ac6637b,7fbf09533c59e43f,8e382b585a92affe,d8da10db80131bec,Phil Rowe,Niko Price,1,2022,2012-01-14,2021-12-18,0.003,1.13990173070693,0.551181258594228,0.559723411470791,0.549308280112365,0.538667761504813,0.516238170855428,0.493957436973839,0.514396608701895
2022-12-03,b23388ff8ac6637b,92c1d9a6d313cb0c,32c355b04fc57f3a,511e82663651438d,Marc Diakiese,Michael Johnson,0,2022,2012-01-14,2021-12-18,0.003,1.13990173070693,0.687387111472793,0.677055342658086,0.65873283692817,0.67801171141042,0.690373721814451,0.647980755559968,0.664489989448057
2022-12-03,b23388ff8ac6637b,972e17c1b98fca06,c62fbc117d57b943,f14cf73e51b29254,Tai Tuivasa,Sergei Pavlovich,0,2022,2012-01-14,2021-12-18,0.003,1.13990173070693,0.353121601355155,0.346956138520475,0.308503719413205,0.328447841857525,0.279328877734509,0.319407911237666,0.37134678255447
2022-12-03,b23388ff8ac6637b,a419e6df765aa755,3a46b268013afede,4a28cb716c19157a,Kevin Holland,Stephen Thompson,0,2022,2012-01-14,2021-12-18,0.003,1.13990173070693,0.759916641785853,0.752409498405637,0.696994640282022,0.771249586409257,0.760591818444109,0.73716209320808,0.749434996406846
2022-12-03,b23388ff8ac6637b,a71764d5da04e3bc,0a1942069c9ad6b6,327d5f279895110d,Jack Hermansson,Roman Dolidze,0,2022,2012-01-14,2021-12-18,0.003,1.13990173070693,0.584977797237127,0.605374367151096,0.62304961719069,0.591882540246336,0.58540865452322,0.568118127696234,0.545946573198618
2022-12-03,b23388ff8ac6637b,be977e524ef56aa4,87c0b1c696ddfb43,92a9aa9c93192871,Jonathan Pearce,Darren Elkins,1,2022,2012-01-14,2021-12-18,0.003,1.13990173070693,0.805174921115936,0.804622152570306,0.788496250289702,0.811075115230416,0.802928753469283,0.793944244578138,0.807434455882219
2022-12-03,b23388ff8ac6637b,ca0f0a35a1fcb453,cad24459b28592ca,d6c0cdd7e467c440,Eryk Anders,Kyle Daukaus,1,2022,2012-01-14,2021-12-18,0.003,1.13990173070693,0.470787980155773,0.469313812064017,0.492530273431388,0.474013583747855,0.458575434398586,0.460721396862412,0.472834480188581
2022-12-03,b23388ff8ac6637b,f17813d03fcd8e7a,6a2f7c151031653d,a331233f597090a5,Rafael Dos Anjos,Bryan Barberena,1,2022,2012-01-14,2021-12-18,0.003,1.13990173070693,0.555642865017188,0.557666593068159,0.523226468747126,0.549246586192378,0.542731355200102,0.529259413497262,0.591460423604866
2022-12-10,f65a0eb902f9476b,11f65de5348e4bc4,6d1bffff14897645,cdb96af67d096b1e,Santiago Ponzinibbio,Alex Morono,1,2022,2012-01-14,2021-12-18,0.003,1.13990173070693,0.464674117236364,0.467967188021464,0.494496424217286,0.43854251846737,0.408161219608943,0.412572482414303,0.437742052201711
2022-12-10,f65a0eb902f9476b,144cd3f62591a5fb,7026eca45f65377b,7826923b47f8d72a,Jared Gordon,Paddy Pimblett,0,2022,2012-01-14,2021-12-18,0.003,1.13990173070693,0.391216634640546,0.385511049235287,0.357131660350293,0.415727312468168,0.440735209163501,0.441248726334366,0.461421280144869
2022-12-10,f65a0eb902f9476b,1779cc4ae925df01,2cd428e9606856fd,d0aaedcf7ccd0b45,Jairzinho Rozenstruik,Chris Daukaus,1,2022,2012-01-14,2021-12-18,0.003,1.13990173070693,0.439094219156674,0.445115262515735,0.450914390230386,0.438882314119329,0.46190916377372,0.474598452049277,0.468543245038064
2022-12-10,f65a0eb902f9476b,2d9d966e0e8df232,21b813b919776d90,d31cbcdd7d69536d,Erik Silva,TJ Brown,0,2022,2012-01-14,2021-12-18,0.003,1.13990173070693,0.494845393484839,0.490949400573141,0.509410121401642,0.477544347552833,0.47877394195482,0.489776076002665,0.491400948906897
2022-12-10,f65a0eb902f9476b,4a17876e99f6baf3,54f64b5e283b0ce7,d9c6f19f958643e9,Ilia Topuria,Bryce Mitchell,1,2022,2012-01-14,2021-12-18,0.003,1.13990173070693,0.504913212744186,0.512961474420587,0.534169413677377,0.508006691536694,0.498589657493032,0.504192975427411,0.513396492423813
2022-12-10,f65a0eb902f9476b,4e9d76ed54f1f352,4144798612ef96e5,ce632027bf2a871b,Edmen Shahbazyan,Dalcha Lungiambula,1,2022,2012-01-14,2021-12-18,0.003,1.13990173070693,0.717468913638187,0.719548909844291,0.714543054379214,0.729934633897127,0.723632616519002,0.737652255497952,0.681116790803177
2022-12-10,f65a0eb902f9476b,5bc31abb5842942a,3c8a5200436e19f3,84512339473dd300,Cameron Saaiman,Steven Koslow,1,2022,2012-01-14,2021-12-18,0.003,1.13990173070693,0.528125800076356,0.52452272008431,0.515906190467427,0.531447205478582,0.529351669865307,0.530382666328534,0.527066826369255
2022-12-10,f65a0eb902f9476b,a1a5d06b0e7ada62,262a7d06203657e6,aa171d55d4b5208f,Alexander Hernandez,Billy Quarantillo,0,2022,2012-01-14,2021-12-18,0.003,1.13990173070693,0.692530676588004,0.69708524217906,0.703695783109246,0.690056931616585,0.623153689690454,0.648536858909712,0.638640260777633
2022-12-10,f65a0eb902f9476b,a346180c8b109469,5442f1bc4b47eaf3,b9437600497350f3,Chris Curtis,Joaquin Buckley,1,2022,2012-01-14,2021-12-18,0.003,1.13990173070693,0.505160898121379,0.50717316062383,0.525304225772062,0.502520699160303,0.49211416662369,0.491579653914504,0.469823298294051
2022-12-10,f65a0eb902f9476b,ecab8b8b36727b8d,0d7b51c9d2649a6e,9ce6d5a03af801b7,Dricus Du Plessis,Darren Till,1,2022,2012-01-14,2021-12-18,0.003,1.13990173070693,0.600233355517923,0.584575928194453,0.547867840118214,0.581915365564208,0.58509728860559,0.548231551802903,0.592083480483906
2022-12-10,f65a0eb902f9476b,fd7421f421e802bd,01fed6f61ebea01f,fe2babf95de24fb1,Jay Perrin,Raul Rosas Jr.,0,2022,2012-01-14,2021-12-18,0.003,1.13990173070693,0.381897952002616,0.399452747442714,0.412971664325503,0.365513918500358,0.374020222907318,0.380169610151786,0.378381131490512
2022-12-17,56ec58954158966a,4ea48bf2407b405d,0d8011111be000b2,13a0275fa13c4d26,Sean Strickland,Jared Cannonier,0,2022,2012-01-14,2021-12-18,0.003,1.13990173070693,0.537317480855375,0.512397998099756,0.449608355510201,0.553824972631552,0.604119749586756,0.602154179328106,0.612711740087266
2022-12-17,56ec58954158966a,5f4e944ff1bdcd9c,4aa58269d0664b5b,a845f0735bc67405,Matthew Semelsberger,Jake Matthews,1,2022,2012-01-14,2021-12-18,0.003,1.13990173070693,0.383401229260307,0.385060180724993,0.406942852376714,0.371600478414279,0.332761021648125,0.350477868960247,0.355591910137572
2022-12-17,56ec58954158966a,8f00da6ea8186ce2,8f765fd5775a8873,f626118b6da0e020,Rinat Fakhretdinov,Bryan Battle,1,2022,2012-01-14,2021-12-18,0.003,1.13990173070693,0.409670316980117,0.402475866136698,0.426266771427338,0.409773131701592,0.439679219014249,0.460909275257125,0.48794531465277
2022-12-17,56ec58954158966a,9c1a2ac64c98d2f6,7aa3d6964eff4877,902ec2cc48c8ae8a,Alex Caceres,Julian Erosa,1,2022,2012-01-14,2021-12-18,0.003,1.13990173070693,0.604599084181579,0.601563575956652,0.596392344683587,0.59325088286452,0.640671518214035,0.626965527282302,0.686454381039544
2022-12-17,56ec58954158966a,c335f44e4f3515ea,519e4fe37ce9ff75,887961364be5ceb3,Drew Dober,King Green,1,2022,2012-01-14,2021-12-18,0.003,1.13990173070693,0.460782227304846,0.466928275984917,0.461274703586736,0.475821244627631,0.419589686709521,0.428721727542015,0.428471383871509
2022-12-17,56ec58954158966a,c960184a583f1861,3351aa64aa83c4d9,4959f10a62f3fec3,Cory McKenna,Cheyanne Vlismas,1,2022,2012-01-14,2021-12-18,0.003,1.13990173070693,0.542546853991556,0.529122186180392,0.520662477288788,0.558594468126101,0.5654675949988,0.531305138744759,0.545111085380433
2022-12-17,56ec58954158966a,ccb7e2851319345d,2f6a993c7f547c13,78f485f851891d68,Sergey Morozov,Journey Newson,1,2022,2012-01-14,2021-12-18,0.003,1.13990173070693,0.571152309281433,0.568880452267654,0.584916463792464,0.571022699295778,0.591254769376761,0.585053466411933,0.585264197555839
2022-12-17,56ec58954158966a,ce7744d45a698aa6,135d124172a0bea3,eae48ff31db420c2,Damir Ismagulov,Arman Tsarukyan,0,2022,2012-01-14,2021-12-18,0.003,1.13990173070693,0.257532870654276,0.247382420718207,0.248230235508283,0.254714596862849,0.27140802963949,0.279719939198725,0.283238239472156
2022-12-17,56ec58954158966a,d95eeba3de7ecac5,3fa97913cfd205d3,6d35bf94f7d30241,Alessandro Costa,Amir Albazi,0,2022,2012-01-14,2021-12-18,0.003,1.13990173070693,0.349665030147177,0.359218731909405,0.378501719762015,0.347261631956858,0.326628459660789,0.357510304767549,0.335655737077214
2022-12-17,56ec58954158966a,e0444752d18fda7f,0d65c432720accb9,f14f644d41ade29f,Michal Oleksiejczuk,Cody Brundage,1,2022,2012-01-14,2021-12-18,0.003,1.13990173070693,0.58153156929008,0.574696872689463,0.577311295110818,0.601588973675128,0.599622759952776,0.587875425253691,0.63285765456955
2022-12-17,56ec58954158966a,ed6203e849a2bf28,0fd5f4b838e890cc,50a28b9f8314e008,Said Nurmagomedov,Saidyokub Kakhramonov,1,2022,2012-01-14,2021-12-18,0.003,1.13990173070693,0.515928647474899,0.52373233295675,0.528198359783172,0.505625162636226,0.52927741974008,0.512017343830766,0.497245948521234
2022-12-17,56ec58954158966a,efc64d8aae5628c9,8c1ca54b5089d199,e132d47bd9efbbe0,Maheshate,Rafa Garcia,0,2022,2012-01-14,2021-12-18,0.003,1.13990173070693,0.534090256278703,0.520299055600055,0.532297727022055,0.536523369418202,0.501391604615264,0.510471093627616,0.512706710755776
2022-12-17,56ec58954158966a,f87a7812733f7e8f,5d1b7e3dd9e11074,9ada30894bf04e19,Manel Kape,David Dvorak,1,2022,2012-01-14,2021-12-18,0.003,1.13990173070693,0.468057869549957,0.475173408368787,0.487371933082764,0.455315932245372,0.496725229596802,0.505329665862373,0.502479959467865
2023-01-14,2e2cdb6e9eb84bb9,5305049e4215d263,972c456ff38b2015,eae431e70064e046,Claudio Ribeiro,Abdul Razak Alhassan,0,2023,2013-01-19,2022-12-17,0.003,1.09894380227722,0.553633492962043,0.550483562157909,0.565018198183445,0.562531156708491,0.554073139856391,0.552588339889113,0.512690485628821
2023-01-14,2e2cdb6e9eb84bb9,5a2fa552e70958d4,48812daf291a4e23,bbab3baf66128ae2,Mateus Mendonca,Javid Basharat,0,2023,2013-01-19,2022-12-17,0.003,1.09894380227722,0.321101767445916,0.325125455046777,0.301357708020997,0.323040488762232,0.321015352011163,0.347517753558293,0.349093814220921
2023-01-14,2e2cdb6e9eb84bb9,622cc4ef46913020,b9706f80d005036c,fc169c387b4b465d,Ketlen Vieira,Raquel Pennington,0,2023,2013-01-19,2022-12-17,0.003,1.09894380227722,0.391256170417324,0.389877556523415,0.414983898965167,0.390098641412633,0.408522873482693,0.410230639502292,0.407485250583384
2023-01-14,2e2cdb6e9eb84bb9,76b6058cddda9238,036e96c1c12b8a59,849c5d9979df5357,Nick Fiore,Mateusz Rebecki,0,2023,2013-01-19,2022-12-17,0.003,1.09894380227722,0.60920174368581,0.611258509200416,0.602662349871669,0.615424461042787,0.613623383811124,0.598132534826937,0.607246972226217
2023-01-14,2e2cdb6e9eb84bb9,868c83e734dbbceb,0d8011111be000b2,881bf86d4cba8578,Sean Strickland,Nassourdine Imavov,1,2023,2013-01-19,2022-12-17,0.003,1.09894380227722,0.460332793205995,0.451741475300781,0.437634169210838,0.43759801231702,0.455825285782332,0.452044924788934,0.466783064371569
2023-01-14,2e2cdb6e9eb84bb9,9f09e77e46f15766,0978385b2bd9ef9b,e4ba58725825412d,Nick Aguirre,Dan Argueta,0,2023,2013-01-19,2022-12-17,0.003,1.09894380227722,0.571853652571312,0.569060424478144,0.566072912192938,0.567332101776908,0.573066502863085,0.581071699443267,0.520574950884204
2023-01-14,2e2cdb6e9eb84bb9,a4c7d59d340794c0,2b6fc1c02736833d,b9f28e7045fdfce7,Umar Nurmagomedov,Raoni Barcelos,1,2023,2013-01-19,2022-12-17,0.003,1.09894380227722,0.832878903225826,0.836819707987679,0.843749638492089,0.841106319587218,0.846310024792227,0.869474449109821,0.847401767213903
2023-01-14,2e2cdb6e9eb84bb9,b6723b9c6ff4d594,09e62c450e754913,814e5233e2acf2ee,Jimmy Flick,Charles Johnson,0,2023,2013-01-19,2022-12-17,0.003,1.09894380227722,0.460654683055169,0.462576445322123,0.493803110538199,0.449147214317065,0.374997717813602,0.38666078074471,0.332725917113939
2023-01-14,2e2cdb6e9eb84bb9,c88a7dbe7717d2da,29af297d9f1de0f8,82a5152216251682,Damon Jackson,Dan Ige,0,2023,2013-01-19,2022-12-17,0.003,1.09894380227722,0.527633739193577,0.517742920961697,0.532724875736497,0.498733080625835,0.528620810227559,0.509104984339346,0.570823399312886
2023-01-14,2e2cdb6e9eb84bb9,c9144a294c73b06f,253076a23d03dcd0,798e48f9e7f6ba22,Allan Nascimento,Carlos Hernandez,1,2023,2013-01-19,2022-12-17,0.003,1.09894380227722,0.473240040172007,0.46788247595834,0.474959521898414,0.458823741258969,0.417185458749226,0.454013404024076,0.478509715808825
2023-01-14,2e2cdb6e9eb84bb9,d4420be78065de03,64facb6cc564262d,9d83f6da776ff7d6,Punahele Soriano,Roman Kopylov,0,2023,2013-01-19,2022-12-17,0.003,1.09894380227722,0.645854337547901,0.639617222260004,0.632276208590408,0.6385281530668,0.646677412808605,0.634303424675034,0.642627327453316
2023-01-21,5717efc6f271cd52,0221982930283140,6a1901c62ab3870f,729d4bd5a6cd0a97,Jessica Andrade,Lauren Murphy,1,2023,2013-01-19,2022-12-17,0.003,1.09894380227722,0.77245488818756,0.780934199190299,0.721052261897308,0.807322762535116,0.806682981141663,0.798551278823235,0.772196494423583
2023-01-21,5717efc6f271cd52,0462bcc27498f7c4,792be9a24df82ed6,aa72b0f831d0bfe5,Brandon Moreno,Deiveson Figueiredo,1,2023,2013-01-19,2022-12-17,0.003,1.09894380227722,0.577374601928089,0.574941806830815,0.567073771713549,0.599144234557085,0.609359219903871,0.588544094236825,0.605259845291384
2023-01-21,5717efc6f271cd52,1c51f405e5c46572,23024fdfc966410a,84b3e7d38f2d2ec5,Gilbert Burns,Neil Magny,1,2023,2013-01-19,2022-12-17,0.003,1.09894380227722,0.43383826817204,0.440127116766818,0.44190810372428,0.438981985297639,0.438835291260103,0.440669246735198,0.462705038278868
2023-01-21,5717efc6f271cd52,1d35e4c0941d1397,72ea1984c52019b5,850266b3dc4e506e,Saimon Oliveira,Daniel Marcos,0,2023,2013-01-19,2022-12-17,0.003,1.09894380227722,0.598610114344456,0.62151575594843,0.576599307743663,0.618838318333648,0.606155614262591,0.568205375421698,0.567901818877316
2023-01-21,5717efc6f271cd52,2d1ac675e6c1e6ea,c21f26bbde777573,eabf206b162b3b83,Johnny Walker,Paul Craig,1,2023,2013-01-19,2022-12-17,0.003,1.09894380227722,0.510374955440562,0.512604305789826,0.517291164243037,0.505142699403802,0.536032597579752,0.559779822102159,0.516010131675152
2023-01-21,5717efc6f271cd52,354dc211166a3982,6fc506e1099afe20,bf7ad5628363eec9,Luan Lacerda,Cody Stamann,0,2023,2013-01-19,2022-12-17,0.003,1.09894380227722,0.356331608041083,0.346811044509773,0.37296434905132,0.334785862529057,0.325157197074387,0.335314475217727,0.370069408504888
2023-01-21,5717efc6f271cd52,5ad8aa57c8d69680,1e719d4b676dc19a,d1c65d2cf2925ddd,Brunno Ferreira,Gregory Rodrigues,1,2023,2013-01-19,2022-12-17,0.003,1.09894380227722,0.242422178894283,0.248654053598889,0.231093370555763,0.260482843401684,0.248567837808035,0.266625499602631,0.269279074324199
2023-01-21,5717efc6f271cd52,7ed9e8f3258446c7,01641ba5df0c69b0,49ee5024966efc0d,Gabriel Bonfim,Mounir Lazzez,1,2023,2013-01-19,2022-12-17,0.003,1.09894380227722,0.496431124419487,0.488304275619591,0.473963105771831,0.512282362322883,0.491690221071067,0.507612848506619,0.503500092254004
2023-01-21,5717efc6f271cd52,8cdcdfb76d1670dd,20bccc9bb4ceb23e,d945aae53e3e54e6,Melquizael Costa,Thiago Moises,0,2023,2013-01-19,2022-12-17,0.003,1.09894380227722,0.429906874732286,0.42982036087914,0.41148945218948,0.43909375973427,0.40663432237802,0.37893019878091,0.370985551637093
2023-01-21,5717efc6f271cd52,911b73db91738da6,809bd1a871491508,eb393afdbe3293d5,Terrance McKinney,Ismael Bonfim,0,2023,2013-01-19,2022-12-17,0.003,1.09894380227722,0.681636855870174,0.67935255473055,0.687130672335766,0.670713628990139,0.677130073253899,0.639012708963819,0.633418546349818
2023-01-21,5717efc6f271cd52,a3ef3d05ddd80a94,140745cbbcb023ac,260bd4cef10b033f,Mauricio Rua,Ihor Potieria,0,2023,2013-01-19,2022-12-17,0.003,1.09894380227722,0.406899365830709,0.406841192569955,0.403063279583676,0.403946647830378,0.415542094817426,0.436370352676317,0.458113968849641
2023-01-21,5717efc6f271cd52,dde7d29cc443e263,5444c5a201d3ee5a,7ff97850e8c32bda,Jamahal Hill,Glover Teixeira,1,2023,2013-01-19,2022-12-17,0.003,1.09894380227722,0.594666606799724,0.602124955249251,0.617991989220012,0.609884215633464,0.631510748364609,0.672097717609466,0.62846816774318
2023-01-21,5717efc6f271cd52,f09c3d8a26806761,9d19d9e4aa2662e8,d317a5e2b3f88c5f,Nicolas Dalby,Warlley Alves,1,2023,2013-01-19,2022-12-17,0.003,1.09894380227722,0.392421676976472,0.379204864180693,0.413464953751866,0.406601558741811,0.416932191012946,0.401732265792989,0.392786772562205
2023-01-21,5717efc6f271cd52,fcf385ae75191b57,68d35296f566792b,862b0b3375aa4b6e,Josiane Nunes,Zarah Fairn,1,2023,2013-01-19,2022-12-17,0.003,1.09894380227722,0.804438205862007,0.793534569128593,0.820467526833523,0.787488889348521,0.819616332527557,0.825293218499387,0.827073550488908
2023-01-21,5717efc6f271cd52,fffdc57255274be1,2f5cbecbbe18bac4,41e83a89929d1327,Shamil Abdurakhimov,Jailton Almeida,0,2023,2013-01-19,2022-12-17,0.003,1.09894380227722,0.116055028997466,0.132676315030109,0.102208033044227,0.132267750755453,0.112353975508828,0.117375788101541,0.0964654944328159
2023-02-04,d26394fc0e8e880a,765482eb58e8db48,3f11fd1751fa83b1,d008d785f6347dc2,Yizha,JeongYeong Lee,0,2023,2013-01-19,2022-12-17,0.003,1.09894380227722,0.495000890669063,0.49415809551044,0.491242255643862,0.492147414867981,0.493301370304052,0.49876268765872,0.504683202306409
2023-02-04,d26394fc0e8e880a,7a1abc0230af730c,74f9448b97bf8bec,cc7040fe76f0ef91,Da Woon Jung,Devin Clark,0,2023,2013-01-19,2022-12-17,0.003,1.09894380227722,0.767055042829266,0.759172859780553,0.760125519016629,0.743541345935064,0.742642188072207,0.721303175216472,0.759430082800279
2023-02-04,d26394fc0e8e880a,8741e6a3a5a22a7f,1788eee370f077b7,c9cf753cfdf77fc2,Blagoy Ivanov,Marcin Tybura,0,2023,2013-01-19,2022-12-17,0.003,1.09894380227722,0.388749881394931,0.401802458990117,0.382183892989076,0.387427311551825,0.409044824069375,0.418775099604763,0.380598061012785
2023-02-04,d26394fc0e8e880a,98094a500529d442,adccbc19b22e19af,b671bdf981ad527d,SeungGuk Choi,HyunSung Park,0,2023,2013-01-19,2022-12-17,0.003,1.09894380227722,0.500559634750646,0.499333261987197,0.49728341101738,0.499788423921051,0.500578135654998,0.503919821370688,0.506986589149817
2023-02-04,d26394fc0e8e880a,983fab4080743ed0,0112352cb32f5026,285ae0b4a68221f4,Denis Tiuliulin,JunYong Park,0,2023,2013-01-19,2022-12-17,0.003,1.09894380227722,0.372628652401895,0.38600053921903,0.391371354490589,0.380333953063325,0.35468120204435,0.353265442287093,0.320080900894126
2023-02-04,d26394fc0e8e880a,a26ca06cce403ce2,4461d7e47375a895,c051c2e12d692b8a,Tatsuro Taira,Jesus Aguilar,1,2023,2013-01-19,2022-12-17,0.003,1.09894380227722,0.786853688467081,0.786086941410341,0.791404568895416,0.782805701564576,0.786002182214496,0.745955925421344,0.742894877443735
2023-02-04,d26394fc0e8e880a,a8067e65eb737a09,148bb103cfbf123e,d8c811df0386d5e8,Toshiomi Kazama,Rinya Nakamura,0,2023,2013-01-19,2022-12-17,0.003,1.09894380227722,0.535355384229117,0.535780962235417,0.531507700519147,0.536564692847999,0.536318286749839,0.522688200482103,0.520768132858732
2023-02-04,d26394fc0e8e880a,b1b20c686dfe3204,57186c150c645200,a72a2a769fa5a2be,Jeka Saragih,Anshul Jubli,0,2023,2013-01-19,2022-12-17,0.003,1.09894380227722,0.503372266171837,0.505768699795818,0.503470724196839,0.49954778398389,0.499545987618252,0.499313967943694,0.492082707675329
2023-02-04,d26394fc0e8e880a,c63d8062c89c4c33,21b5c82c1b89dab1,a01a62132460a98d,Yusaku Kinoshita,Adam Fugitt,0,2023,2013-01-19,2022-12-17,0.003,1.09894380227722,0.636601174251566,0.617990061946924,0.634512120787498,0.622031471859816,0.656523344104369,0.640197614994388,0.660684457770211
2023-02-04,d26394fc0e8e880a,caeeb398f73d213a,d3df1add9d9a7efb,e2f6b2769aaedd6c,Derrick Lewis,Serghei Spivac,0,2023,2013-01-19,2022-12-17,0.003,1.09894380227722,0.289882712629965,0.308114601537291,0.272186793119844,0.278477423652631,0.281937539955028,0.28484687402069,0.245858226178493
2023-02-11,01dd4cdc2446f665,0ac5fc42ba039211,48a9a128784d53d1,aceffa19749c4dc0,Elves Brener,Zubaira Tukhugov,1,2023,2013-01-19,2022-12-17,0.003,1.09894380227722,0.408205768174837,0.406884595348747,0.420248703604698,0.411147602396861,0.385953202616108,0.387768333157398,0.390154281547639
2023-02-11,01dd4cdc2446f665,16dbe70eb7007f17,102a8fdf8cbf7467,51c655162e462ceb,Kleydson Rodrigues,Shannon Ross,1,2023,2013-01-19,2022-12-17,0.003,1.09894380227722,0.598702002584963,0.609909846487832,0.572314733411002,0.610843296680071,0.611756926345827,0.615234999068294,0.599359686475222
2023-02-11,01dd4cdc2446f665,2208b9f471a201d9,cbf5e6f231b55443,fba03cd6cc28dc41,Yair Rodriguez,Josh Emmett,1,2023,2013-01-19,2022-12-17,0.003,1.09894380227722,0.512690077094642,0.510945666499379,0.521760272625029,0.534470118729102,0.529787127987104,0.552021911071598,0.533741371758442
2023-02-11,01dd4cdc2446f665,256894b49303537b,275aca31f61ba28c,e1248941344b3288,Islam Makhachev,Alexander Volkanovski,1,2023,2013-01-19,2022-12-17,0.003,1.09894380227722,0.553820021548188,0.519745478949046,0.598045999314733,0.513252068521681,0.546088655611396,0.578934282743176,0.681092975555512
2023-02-11,01dd4cdc2446f665,28af78600d6580f1,a9da3158dd2c2b5a,da4628f173337902,Jack Jenkins,Don Shainis,1,2023,2013-01-19,2022-12-17,0.003,1.09894380227722,0.515581415966512,0.500730775909184,0.510646922635943,0.480237454171477,0.466252262694535,0.486485015519166,0.53026700760228
2023-02-11,01dd4cdc2446f665,4f672dd40867d8c6,6b453bc35a823c3f,c6aee362c7a7d482,Jack Della Maddalena,Randy Brown,1,2023,2013-01-19,2022-12-17,0.003,1.09894380227722,0.600764547568597,0.586041959906726,0.609691192281242,0.597128074122287,0.560758344144444,0.610814356895717,0.641240397801783
2023-02-11,01dd4cdc2446f665,51a12878b151d67b,4e30e4250cb08b61,ac7c765882f2c68c,Loma Lookboonmee,Elise Reed,1,2023,2013-01-19,2022-12-17,0.003,1.09894380227722,0.681706029810026,0.680200092488146,0.661357197974933,0.682585405641221,0.667480334272806,0.651475053165229,0.633752355489026
2023-02-11,01dd4cdc2446f665,5c962ea13cb9b937,4cd8b03aee1d0138,5095b0920a3602aa,Shane Young,Blake Bilder,0,2023,2013-01-19,2022-12-17,0.003,1.09894380227722,0.556253479336483,0.574380850376154,0.499732630903826,0.566806282826904,0.551174003640713,0.550441263994463,0.520486693325048
2023-02-11,01dd4cdc2446f665,8b7bc2af1e15b668,6751eacd16bd59bc,a52bc1e62cf0b7c6,Josh Culibao,Melsik Baghdasaryan,1,2023,2013-01-19,2022-12-17,0.003,1.09894380227722,0.478746862384043,0.483051294123704,0.470081503485913,0.471976752471502,0.477454989207013,0.465091886543429,0.488514699779681
2023-02-11,01dd4cdc2446f665,a37a6b6f9551a6e8,3920d0cc288f9b0d,af9f42e6894047fc,Francisco Prado,Jamie Mullarkey,0,2023,2013-01-19,2022-12-17,0.003,1.09894380227722,0.445375138815401,0.435021947046995,0.421681514014283,0.446094432394933,0.461035122814344,0.442040492170703,0.503945902665223
2023-02-11,01dd4cdc2446f665,ca2672e68fedf4b7,476fe566d2df676e,49e96ff8ab781589,Modestas Bukauskas,Tyson Pedro,1,2023,2013-01-19,2022-12-17,0.003,1.09894380227722,0.284471874913747,0.296185944524839,0.297802268613715,0.295301075019876,0.327710149361502,0.334163716936857,0.343999847473801
2023-02-11,01dd4cdc2446f665,da22d5a717ae9e35,ac40f7e3cbecdda4,e13abac8089a801a,Parker Porter,Justin Tafa,0,2023,2013-01-19,2022-12-17,0.003,1.09894380227722,0.383281325127398,0.381648718479295,0.387877635196664,0.350802103687379,0.351735364364847,0.368873444358374,0.385949007017641
2023-02-18,f21a3d68fb9df387,3d46d635f9ae5e68,50db8711c70196cd,53c943c873cffe90,Ovince Saint Preux,Philipe Lins,0,2023,2013-01-19,2022-12-17,0.003,1.09894380227722,0.539210854536585,0.539397073003581,0.542600984080048,0.528326876523263,0.510613864439494,0.547866201518746,0.567612041458356
2023-02-18,f21a3d68fb9df387,3e90b7fd1e9f86bd,b5da8f7d05e85a55,f41b9f5efc7162d6,Josh Parisian,Jamal Pogues,0,2023,2013-01-19,2022-12-17,0.003,1.09894380227722,0.307138430592213,0.312045943263865,0.31893143750094,0.293897818744466,0.281577530867488,0.321925838905656,0.35189945169027
2023-02-18,f21a3d68fb9df387,3f837b469ba33c7c,56f7d7ee06be4aab,c878270af633eb11,Zac Pauga,Jordan Wright,1,2023,2013-01-19,2022-12-17,0.003,1.09894380227722,0.672248344654664,0.680574677374254,0.651249146123641,0.705459334443207,0.700116240304951,0.699971786307801,0.688699029830902
2023-02-18,f21a3d68fb9df387,40781a64c4cea877,4a043165cf47cab2,b62d5280966b2460,Juancamilo Ronderos,Clayton Carpenter,0,2023,2013-01-19,2022-12-17,0.003,1.09894380227722,0.536438221831874,0.552442462438875,0.531759335940219,0.558242122063473,0.567827997556317,0.555106722813385,0.554104484351438
2023-02-18,f21a3d68fb9df387,435ba9b407b844ef,40f3cb27fc7305a1,725b1abc9a39d873,Themba Gorimbo,AJ Fletcher,0,2023,2013-01-19,2022-12-17,0.003,1.09894380227722,0.513907038200752,0.509552523754038,0.544069822701605,0.50525458073824,0.500507621490274,0.460889924181026,0.429101300578765
2023-02-18,f21a3d68fb9df387,43ec12079ccc371c,5c10da56d712ac9c,e00a3dee329a51f7,Khusein Askhabov,Jamall Emmers,0,2023,2013-01-19,2022-12-17,0.003,1.09894380227722,0.433294981198973,0.417736652139462,0.432340982866768,0.426378290878576,0.433127693788428,0.459258433877777,0.491480587363398
2023-02-18,f21a3d68fb9df387,682ff095649c9a5c,262a7d06203657e6,d1941565abf50b16,Alexander Hernandez,Jim Miller,1,2023,2013-01-19,2022-12-17,0.003,1.09894380227722,0.555973234837788,0.556329922629732,0.577008511633537,0.561005915319589,0.56004747267605,0.546596605893032,0.533058064735729
2023-02-18,f21a3d68fb9df387,c3a4187fc821bfff,2eeaefbfc7f9fcff,cc8c623cca88f54f,Lina Lansberg,Mayra Bueno Silva,0,2023,2013-01-19,2022-12-17,0.003,1.09894380227722,0.163715162895135,0.170810684294534,0.157933851426674,0.187104062224219,0.18492116904424,0.166254474509312,0.177175058315895
2023-02-18,f21a3d68fb9df387,d45d9c7d60f332da,d9a56ecb6e94f02e,ff62013d2fce6d13,Evan Elder,Nazim Sadykhov,0,2023,2013-01-19,2022-12-17,0.003,1.09894380227722,0.479469695524029,0.491928089158574,0.467925139011357,0.479249212010913,0.450779513284686,0.479295033703214,0.48821319488987
2023-02-18,f21a3d68fb9df387,dc6f69f923744948,5da33b8fbfa5ee95,6370c1c1e12723d5,William Knight,Marcin Prachnio,0,2023,2013-01-19,2022-12-17,0.003,1.09894380227722,0.431903952000291,0.432649693350432,0.458858467129548,0.379772006765126,0.409559487431463,0.423955123995136,0.454052821388437
2023-02-18,f21a3d68fb9df387,dcc3da324eb5f26c,669970f7feba8ecd,6a1901c62ab3870f,Erin Blanchfield,Jessica Andrade,1,2023,2013-01-19,2022-12-17,0.003,1.09894380227722,0.58718738881771,0.571445794013124,0.635565072870571,0.546753861868509,0.54681992671119,0.631391278210101,0.663936818644196
2023-02-25,806975e1b4f47b27,00a94d5fc7ce55cf,dd6103dd7127db1d,f998f5c102250d6e,Mike Malott,Yohan Lainesse,1,2023,2013-01-19,2022-12-17,0.003,1.09894380227722,0.581476436512767,0.577214615132695,0.595256201163252,0.578514801983799,0.546958327575819,0.541280119592336,0.571186327697603
2023-02-25,806975e1b4f47b27,02615499125b4b5d,029afd138865d20a,ca28cdf526d6b6e9,Rafael Alves,Nurullo Aliev,0,2023,2013-01-19,2022-12-17,0.003,1.09894380227722,0.398377673622498,0.408510991253082,0.422474029984555,0.402945219420626,0.416051817734261,0.467578663080345,0.478587587051947
2023-02-25,806975e1b4f47b27,12d9b4a3931be5ec,914a897455693650,af65aa688d13eedf,Carl Deaton,Joe Solecki,0,2023,2013-01-19,2022-12-17,0.003,1.09894380227722,0.302921058072397,0.309635192507545,0.285939406927162,0.301761273661271,0.286644512579213,0.307684453531762,0.295074679714767
2023-02-25,806975e1b4f47b27,2ba11e0bf32829d6,2f181c0467965b98,886264a0c9f4ea5e,Brendan Allen,Andre Muniz,1,2023,2013-01-19,2022-12-17,0.003,1.09894380227722,0.385323155699415,0.377742585500604,0.344622859758734,0.353914846758253,0.340659754430701,0.371818028655618,0.361880112287114
2023-02-25,806975e1b4f47b27,5737084215c45792,80d8aed0ca9b00f3,b08012bbe542592a,Montana De La Rosa,Tatiana Suarez,0,2023,2013-01-19,2022-12-17,0.003,1.09894380227722,0.311430532332304,0.292940505877983,0.393544936796521,0.2651545982728,0.253519208610711,0.251410291311341,0.350779425506831
2023-02-25,806975e1b4f47b27,63670e1b8f164d4a,6d68c1afe954f121,814e5233e2acf2ee,Ode Osbourne,Charles Johnson,1,2023,2013-01-19,2022-12-17,0.003,1.09894380227722,0.298366676828939,0.300821274501578,0.301861018009733,0.268184416395232,0.249108857548949,0.281232110101663,0.27464419928935
2023-02-25,806975e1b4f47b27,83fa3a382acc7bdc,0bc697c5936a2d0a,a2ccf35a88346a91,Trevor Peek,Erick Gonzalez,1,2023,2013-01-19,2022-12-17,0.003,1.09894380227722,0.615846703337855,0.595827529065404,0.629592553309699,0.594067843245711,0.615198375643733,0.596445756210435,0.627771826571961
2023-02-25,806975e1b4f47b27,a7f66f13f953352f,3e708ce33b6b18e6,ac026518a9b4dc0f,Victor Martinez,Jordan Leavitt,0,2023,2013-01-19,2022-12-17,0.003,1.09894380227722,0.309385086999843,0.308323630010232,0.306189724784016,0.302709455532773,0.286679791294693,0.272876154928473,0.272000881046721
2023-02-25,806975e1b4f47b27,d6357dab7ccdf2db,1a9480fc288e55d7,441eacbe20e0e80b,Don'Tale Mayes,Augusto Sakai,0,2023,2013-01-19,2022-12-17,0.003,1.09894380227722,0.588267790354498,0.577062574145435,0.607730536817247,0.577174793821287,0.57246610393175,0.553505618755094,0.592534508875575
2023-02-25,806975e1b4f47b27,faac24c1b3d6368a,a6eb54ae17a551be,a9e260472d321361,Gabriella Fernandes,Jasmine Jasudavicius,0,2023,2013-01-19,2022-12-17,0.003,1.09894380227722,0.50105443203049,0.495826352312322,0.491493762314806,0.499423710722109,0.506201718101165,0.496503892930379,0.495382057222997
2023-03-04,1ccff7f0cfdf85eb,009feda296ae589c,36541f1e6c5d4955,beecb672a279223e,Viviane Araujo,Amanda Ribas,0,2023,2013-01-19,2022-12-17,0.003,1.09894380227722,0.312004779229919,0.312682378132718,0.340810473869202,0.298493500379232,0.310760230126172,0.291516614927622,0.289522145266645
2023-03-04,1ccff7f0cfdf85eb,0eb16f1307f66a11,3c8a5200436e19f3,c0386644627a7ee5,Cameron Saaiman,Mana Martinez,1,2023,2013-01-19,2022-12-17,0.003,1.09894380227722,0.703398310836116,0.698872646992429,0.698357802623186,0.708519689656376,0.690163937302097,0.677861751388993,0.689887168308769
2023-03-04,1ccff7f0cfdf85eb,22fc6b3f4e48cfa3,01afe0916a40c7c5,b997be68943010fc,Shavkat Rakhmonov,Geoff Neal,1,2023,2013-01-19,2022-12-17,0.003,1.09894380227722,0.649220105857608,0.646846184165886,0.676399944303921,0.65704941825792,0.686324434518517,0.66283270605498,0.675680704174006
2023-03-04,1ccff7f0cfdf85eb,2b9daf452ab40b9b,35673bf5204524ee,830f60497fab345a,Bo Nickal,Jamie Pickett,1,2023,2013-01-19,2022-12-17,0.003,1.09894380227722,0.724853150320455,0.715213704830615,0.714423787856941,0.737440097816432,0.741988099023375,0.710138231682335,0.706337277698534
2023-03-04,1ccff7f0cfdf85eb,636fd144716a3084,07f72a2a7591b409,787bb1f087ccff8a,Jon Jones,Ciryl Gane,1,2023,2013-01-19,2022-12-17,0.003,1.09894380227722,0.494142404473042,0.51713660468106,0.379551077723061,0.55644078503596,0.547324396307249,0.471980032630382,0.420426850842464
2023-03-04,1ccff7f0cfdf85eb,a69afe4a88c0ca12,132deb59abae64b1,e8b731feff72294b,Valentina Shevchenko,Alexa Grasso,0,2023,2013-01-19,2022-12-17,0.003,1.09894380227722,0.672995307366948,0.668718068158263,0.676021449664585,0.652850701731139,0.709273992645216,0.709206762399596,0.755269240378017
2023-03-04,1ccff7f0cfdf85eb,c29e2c49e1e417c8,8e9eb3fc86db0f7d,d0e1b42d41dab603,Marc-Andre Barriault,Julian Marquez,1,2023,2013-01-19,2022-12-17,0.003,1.09894380227722,0.513171819184589,0.517086880160711,0.527082729999021,0.515355304563767,0.523054307331239,0.529260836421776,0.540653194857125
2023-03-04,1ccff7f0cfdf85eb,c2fc4c1e0c769655,0d7b51c9d2649a6e,b1a3e0aca758b322,Dricus Du Plessis,Derek Brunson,1,2023,2013-01-19,2022-12-17,0.003,1.09894380227722,0.646920668317745,0.645987127707921,0.65832563845448,0.643497503500964,0.618885871754939,0.63660519154733,0.579280222126496
2023-03-04,1ccff7f0cfdf85eb,c3b9b97467f828d1,c742287ed86a09bc,d25240135aee03e5,Jessica Penne,Tabatha Ricci,0,2023,2013-01-19,2022-12-17,0.003,1.09894380227722,0.276133651687261,0.289144857956874,0.270627360858428,0.308420931096059,0.310064115828658,0.2778459135929,0.283077686253421
2023-03-04,1ccff7f0cfdf85eb,cd20dac4daa4f93a,a09ed60aa67a3f67,da22387a0407a2dc,Farid Basharat,Da'Mon Blackshear,1,2023,2013-01-19,2022-12-17,0.003,1.09894380227722,0.524251500732777,0.520491153272265,0.519732417108625,0.534261926104805,0.55754173794404,0.516750859966925,0.504823446264144
2023-03-04,1ccff7f0cfdf85eb,d6d034e98ce85246,4d8fa64202cee4c1,72db2a14ffa73ece,Jalin Turner,Mateusz Gamrot,0,2023,2013-01-19,2022-12-17,0.003,1.09894380227722,0.402288834596306,0.388956190333783,0.395929495144193,0.382660011049057,0.385866100459054,0.394256513277504,0.440465394750017
2023-03-04,1ccff7f0cfdf85eb,ec490d4224d3bc78,d8c7c61b176e3994,ec23c1be628d8057,Cody Garbrandt,Trevin Jones,1,2023,2013-01-19,2022-12-17,0.003,1.09894380227722,0.62678977978703,0.612469791007231,0.626790800263675,0.609346343518139,0.611321660232545,0.63759844059861,0.605375988851885
2023-03-04,1ccff7f0cfdf85eb,ed9f8f702585ed44,32490e80ddab1e5a,442c9011034ae1fd,Song Kenan,Ian Machado Garry,0,2023,2013-01-19,2022-12-17,0.003,1.09894380227722,0.251687573184001,0.261682351136468,0.203569660529873,0.257937950774712,0.22356155666986,0.224951803644958,0.220269731523781
2023-03-04,1ccff7f0cfdf85eb,ee2354d638c078fd,323d4ca260dfa0ba,8c169fbe1ac33637,Esteban Ribovics,Loik Radzhabov,0,2023,2013-01-19,2022-12-17,0.003,1.09894380227722,0.576737964741001,0.576410328077168,0.568433728812591,0.578794186840634,0.57909696211366,0.575667092774234,0.572857418837314
2023-03-11,35080a7f406f9ab3,0ccd2593c88209e4,c03520b5c88ed6b4,d661ce4da776fc20,Merab Dvalishvili,Petr Yan,1,2023,2013-01-19,2022-12-17,0.003,1.09894380227722,0.516578620484323,0.52178142507922,0.495322883320947,0.53193968205545,0.545682959833609,0.570230291312803,0.496426485445343
2023-03-11,35080a7f406f9ab3,2c58a97f2fe6c985,bc711b6dd95c1af6,d05412b513b19621,Mario Bautista,Guido Cannetti,1,2023,2013-01-19,2022-12-17,0.003,1.09894380227722,0.806676181981867,0.796738558486979,0.809972559916528,0.79607002203757,0.79285931487031,0.760395686957465,0.793361124993479
2023-03-11,35080a7f406f9ab3,3b561a154aa2bbb2,279566840aa55bf2,c0badf3243907e59,Alexander Volkov,Alexandr Romanov,1,2023,2013-01-19,2022-12-17,0.003,1.09894380227722,0.541012159336185,0.553902829857341,0.551135037931088,0.582108018336317,0.56325914768387,0.524951209283696,0.506204045387267
2023-03-11,35080a7f406f9ab3,3cf3771274a4f8b1,4e6738062d469256,ca43de99b07b6b40,Sedriques Dumas,Josh Fremd,0,2023,2013-01-19,2022-12-17,0.003,1.09894380227722,0.6015338204993,0.586548259588619,0.633482291945778,0.584796927650031,0.604026412819943,0.605854555399757,0.593961268901828
2023-03-11,35080a7f406f9ab3,804c350ce714770f,113df4fde64735c6,2f13e4020cea5b38,Davey Grant,Raphael Assuncao,1,2023,2013-01-19,2022-12-17,0.003,1.09894380227722,0.530541236796382,0.53056778843501,0.56717397545161,0.531462239915883,0.506094024891929,0.513239215553729,0.491296148832661
2023-03-11,35080a7f406f9ab3,8d5b88e0ff253617,71171fc96445bf65,82529ce93cd9a2cf,Vitor Petrino,Anton Turkalj,1,2023,2013-01-19,2022-12-17,0.003,1.09894380227722,0.512609626202718,0.50098756198498,0.514071622479906,0.491632088904433,0.516289575213048,0.505646489871648,0.516684362721086
2023-03-11,35080a7f406f9ab3,8e5ce3308c0e2046,6551c64fbcd1a467,6fd953151d981979,Ariane da Silva,JJ Aldrich,1,2023,2013-01-19,2022-12-17,0.003,1.09894380227722,0.305273295761703,0.306089346112798,0.315764317112483,0.309799816423192,0.288950388424562,0.316937941028706,0.319178893879688
2023-03-11,35080a7f406f9ab3,b9539d5e379b3edc,0fd5f4b838e890cc,f2477cf43c4975cc,Said Nurmagomedov,Jonathan Martinez,0,2023,2013-01-19,2022-12-17,0.003,1.09894380227722,0.614581118430707,0.618717292812824,0.639908718449667,0.63808580315242,0.661130586529188,0.633930520646916,0.647839104063989
2023-03-11,35080a7f406f9ab3,c3af2b6ab1262fef,294aa73dbf37d281,6e00cfffd54653c4,Bruno Silva,Tyson Nam,1,2023,2013-01-19,2022-12-17,0.003,1.09894380227722,0.605042982251512,0.608958519626415,0.59542874058483,0.60799995354592,0.620045976276111,0.632377736980665,0.59999487422603
2023-03-11,35080a7f406f9ab3,c4e4954beb59eca6,601964f9654f911a,eb8d8c2a95cfccb8,Tony Gravely,Victor Henry,0,2023,2013-01-19,2022-12-17,0.003,1.09894380227722,0.630422996797888,0.633612389966742,0.614873601899033,0.602808847225717,0.611953637992532,0.59323695978085,0.550610236245937
2023-03-11,35080a7f406f9ab3,ccb5e29cd0347110,a53d30163304aa6e,c730a0be691dc081,Carlston Harris,Jared Gooden,1,2023,2013-01-19,2022-12-17,0.003,1.09894380227722,0.610040882035594,0.608375407263416,0.612598406034142,0.609379519274785,0.605098327491392,0.591215746846002,0.622306633505044
2023-03-11,35080a7f406f9ab3,d6945828f5fa7492,1091d4d957141094,a67f5afa8d6a1b80,Nikita Krylov,Ryan Spann,1,2023,2013-01-19,2022-12-17,0.003,1.09894380227722,0.546981103445253,0.543287327718226,0.571655908438893,0.588380946899501,0.562041963602951,0.570213530955514,0.56506911895649
2023-03-11,35080a7f406f9ab3,e9c6bac0d1a5ec0f,0c25d0a5e8cdbf19,d35f734c56a89103,Lukasz Brzeski,Karl Williams,0,2023,2013-01-19,2022-12-17,0.003,1.09894380227722,0.666838050056321,0.672941114250145,0.649489731697643,0.689751181330182,0.664165254570077,0.623105773870807,0.630615034625784
2023-03-18,e4bb7e483c4ad318,019b4d006800504b,a331233f597090a5,fd55393021a8c255,Bryan Barberena,Gunnar Nelson,0,2023,2013-01-19,2022-12-17,0.003,1.09894380227722,0.409286286967802,0.416410056270596,0.411479458574012,0.432734555707242,0.421696405557053,0.445012391130845,0.35432749460776
2023-03-18,e4bb7e483c4ad318,13f5be7a2ea5577e,87a1dc546b1c5caf,b8a85389d115e35a,Makwan Amirkhani,Jack Shore,0,2023,2013-01-19,2022-12-17,0.003,1.09894380227722,0.163047053667134,0.162995676460385,0.183704671229716,0.17112158874375,0.166192683210382,0.197180844084767,0.184252349554381
2023-03-18,e4bb7e483c4ad318,38094db8e3539cba,866fd7b1a6c90e7f,a93f94c923c3a9cb,Dusko Todorovic,Christian Leroy Duncan,0,2023,2013-01-19,2022-12-17,0.003,1.09894380227722,0.50487943093697,0.502632994179929,0.502013108713058,0.501088867502997,0.512097074088,0.485239846018511,0.50921119188518
2023-03-18,e4bb7e483c4ad318,533984c3ff4b4858,396fe87b84ac2e1c,f2f140ce7532e327,Lerone Murphy,Gabriel Santos,1,2023,2013-01-19,2022-12-17,0.003,1.09894380227722,0.68723792496963,0.683725251466949,0.699173377466408,0.664980839891326,0.672733527518926,0.658833811283415,0.672370721325237
2023-03-18,e4bb7e483c4ad318,53d6d5ad08ac0694,4798e823ada58fe9,aa0c573da7119292,Veronica Hardy,Juliana Miller,1,2023,2013-01-19,2022-12-17,0.003,1.09894380227722,0.2763745069319,0.29277797483263,0.209404847442553,0.292736467963492,0.297106026340108,0.311916492380289,0.275559635986192
2023-03-18,e4bb7e483c4ad318,5e9c027fb24efc2b,327d5f279895110d,7acbb0972e75281a,Roman Dolidze,Marvin Vettori,0,2023,2013-01-19,2022-12-17,0.003,1.09894380227722,0.441682428220922,0.432411621803501,0.46286092350505,0.428900524852766,0.423325737688202,0.420765388137218,0.420118801220572
2023-03-18,e4bb7e483c4ad318,6068385c48de6801,60a42bf82447c919,dee294e9717012c2,Jake Hadley,Malcolm Gordon,1,2023,2013-01-19,2022-12-17,0.003,1.09894380227722,0.698308663074482,0.686702751680984,0.692278267663667,0.692734571236643,0.694289049928572,0.687608086961631,0.690286719922987
2023-03-18,e4bb7e483c4ad318,8a3e7085e8e5a6e9,12f91bfa8f1f723b,528b071cf3da7c56,Joanne Wood,Luana Carolina,1,2023,2013-01-19,2022-12-17,0.003,1.09894380227722,0.410068710962648,0.421268285163094,0.412866534709844,0.419511414469169,0.417687696977697,0.465256384667584,0.437948289763844
2023-03-18,e4bb7e483c4ad318,90a83875e1d11238,9e8f6c728eb01124,c814b4c899793af6,Justin Gaethje,Rafael Fiziev,1,2023,2013-01-19,2022-12-17,0.003,1.09894380227722,0.488107644245781,0.50393121253436,0.45112832832963,0.512488039596261,0.531537045045411,0.518916965007852,0.490138768776827
2023-03-18,e4bb7e483c4ad318,9f8cf5ac0807d64e,8b6e5dc2ba1edbe7,c739c2995a275314,Sam Patterson,Yanal Ashmouz,0,2023,2013-01-19,2022-12-17,0.003,1.09894380227722,0.583665188923889,0.587860329630933,0.586202172856205,0.591498435560603,0.588033712981049,0.566433781544046,0.548171229234947
2023-03-18,e4bb7e483c4ad318,c483ac06b1e33c3b,f1b2aa7853d1ed6e,f1fac969a1d70b08,Kamaru Usman,Leon Edwards,0,2023,2013-01-19,2022-12-17,0.003,1.09894380227722,0.630733498360227,0.631041836596268,0.610678246534079,0.634308137874151,0.623817478236889,0.576588438960976,0.612476049078627
2023-03-18,e4bb7e483c4ad318,cdaf65287d9a0ecb,a0e6753c42698f13,fd406a32a6fb3a29,Omar Morales,Chris Duncan,0,2023,2013-01-19,2022-12-17,0.003,1.09894380227722,0.37154571537535,0.375194569148157,0.384472998663826,0.351670834976957,0.369712251630528,0.386264190730156,0.398680455917585
2023-03-18,e4bb7e483c4ad318,dd9cbf6d6284de26,04835018f90b118c,8e1f36476ef02a6a,Casey O'Neill,Jennifer Maia,0,2023,2013-01-19,2022-12-17,0.003,1.09894380227722,0.757745496079431,0.744536136292026,0.73556970873606,0.750959794571605,0.735750688375801,0.768853169167039,0.792570138501098
2023-03-18,e4bb7e483c4ad318,f40ac11da3bd7f8e,65adf3856c4d9256,75353550928a7921,Jafel Filho,Muhammad Mokaev,0,2023,2013-01-19,2022-12-17,0.003,1.09894380227722,0.147922776528659,0.149931535785122,0.151532809082178,0.158001938958946,0.148208319640687,0.157981508457977,0.18656883490927
2023-03-25,aec273fcb765330d,07e39fd5f4f23270,9fe7af8b3fbe00a0,b27a1fcb56a3035a,Preston Parsons,Trevin Giles,0,2023,2013-01-19,2022-12-17,0.003,1.09894380227722,0.549898775803816,0.553440392810633,0.558147389801428,0.561225388191881,0.534263236032281,0.531141305792005,0.506068490159148
2023-03-25,aec273fcb765330d,16bd47ba50891833,077e3ace32b72be9,31bb0772f21cabd8,CJ Vergara,Daniel Lacerda,1,2023,2013-01-19,2022-12-17,0.003,1.09894380227722,0.728373431214675,0.717653940630986,0.745401052690795,0.726667708361379,0.732112939313462,0.735997795161358,0.748732135450586
2023-03-25,aec273fcb765330d,1c2d0db1c9eed052,3143bf892608139a,634e2fb70bde3fd5,Yana Santos,Holly Holm,0,2023,2013-01-19,2022-12-17,0.003,1.09894380227722,0.449588964145876,0.43621099965937,0.425601475902627,0.46350139520975,0.424995497590322,0.443977977531974,0.414206491091045
2023-03-25,aec273fcb765330d,2f382615155e32b9,6b7c7460855dbbb9,c68c68efaa5ca6ef,Albert Duraev,Chidi Njokuani,1,2023,2013-01-19,2022-12-17,0.003,1.09894380227722,0.425259132664205,0.424452383121318,0.410960158264751,0.435981048845848,0.486239076080944,0.50807978383595,0.514713544766922
2023-03-25,aec273fcb765330d,33fa6793a7f984ac,65f09bacd3957381,7c7332319c14094c,Cory Sandhagen,Marlon Vera,1,2023,2013-01-19,2022-12-17,0.003,1.09894380227722,0.550216933444617,0.561234154926481,0.550673245707213,0.584745226654191,0.59545203846242,0.636146289916487,0.616473545611348
2023-03-25,aec273fcb765330d,6f6fec9c78244174,65cdf4ec31143d86,dc7927cd622676a7,Vinicius Salvador,Victor Altamirano,0,2023,2013-01-19,2022-12-17,0.003,1.09894380227722,0.476932505610983,0.473041150102883,0.47747940250628,0.474466770305517,0.480215864154879,0.514302174194094,0.51813779919477
2023-03-25,aec273fcb765330d,9433730f95d52fc8,05fa626cb33d15b8,6a740daf1b279661,Andrea Lee,Maycee Barber,0,2023,2013-01-19,2022-12-17,0.003,1.09894380227722,0.435271292932613,0.451781064605611,0.433710255173889,0.44345036668577,0.429055431973232,0.434068070522758,0.406084176219783
2023-03-25,aec273fcb765330d,b9e037a45f8850fb,11583163f45c7b31,b93c06d09d1c4ac0,Lucas Alexander,Steven Peterson,1,2023,2013-01-19,2022-12-17,0.003,1.09894380227722,0.621759944932913,0.631213479453443,0.629771352166626,0.647660918819653,0.661771981722382,0.57257775662563,0.548834633301209
2023-03-25,aec273fcb765330d,bce8ece2ff26b4d4,305d73ede05e31ad,583ee11abddfc581,Austin Lingo,Nate Landwehr,0,2023,2013-01-19,2022-12-17,0.003,1.09894380227722,0.605780186012825,0.606333050697857,0.595133787471179,0.593023875586342,0.605717061463006,0.622395558819494,0.629188543882772
2023-03-25,aec273fcb765330d,c6cc6ae23cbf8a27,361d49960a196976,7832f2f62f04178f,Daniel Pineda,Tucker Lutz,1,2023,2013-01-19,2022-12-17,0.003,1.09894380227722,0.330237562101842,0.32676517004914,0.310831874307724,0.337007970014328,0.339474794786347,0.338559898647236,0.351712195530746
2023-04-08,3dc3022232b79c7a,0810cdbeb9dd4d02,0a73acff6325c1e2,97cf1a2c7c5e7889,Shayilan Nuerdanbieke,Steve Garcia,0,2023,2013-01-19,2022-12-17,0.003,1.09894380227722,0.503430025142018,0.486895271663348,0.504161825133565,0.49454374626653,0.516601786796387,0.483610784543363,0.496323661007157
2023-04-08,3dc3022232b79c7a,28e3d939eb043664,6ac9bc2953c47345,c1085e1701b13eca,Gerald Meerschaert,Joe Pyfer,0,2023,2013-01-19,2022-12-17,0.003,1.09894380227722,0.51957948629396,0.526848276311504,0.510146130876857,0.524185506079882,0.511232341692702,0.531620186732792,0.537744947273356
2023-04-08,3dc3022232b79c7a,2cb34fc074f7a9ae,5ec591b78349ba7e,fe2babf95de24fb1,Christian Rodriguez,Raul Rosas Jr.,1,2023,2013-01-19,2022-12-17,0.003,1.09894380227722,0.426012326918699,0.441165113166113,0.438610602264612,0.420401560963258,0.452199203248345,0.456609716139735,0.437026524184572
2023-04-08,3dc3022232b79c7a,3165b03ddc6d3b6e,3a46b268013afede,6d1bffff14897645,Kevin Holland,Santiago Ponzinibbio,1,2023,2013-01-19,2022-12-17,0.003,1.09894380227722,0.562715130844921,0.564270574227424,0.58773543015237,0.583853071448027,0.582697760451983,0.583408346448133,0.594814464541466
2023-04-08,3dc3022232b79c7a,355a2f4090c0ca31,bc7d1ad49fcb2d08,e94085e821bd81de,Jaqueline Amorim,Sam Hughes,0,2023,2013-01-19,2022-12-17,0.003,1.09894380227722,0.523835040662204,0.52171990310257,0.508985671326899,0.513844767747032,0.493938736315699,0.480792823646039,0.488981488145478
2023-04-08,3dc3022232b79c7a,678d27af287476f8,0232cabbc30a2372,05339613bf8e9808,Adrian Yanez,Rob Font,0,2023,2013-01-19,2022-12-17,0.003,1.09894380227722,0.584919610528569,0.563914699997699,0.618357644206758,0.557668698273102,0.552231859282321,0.530102382136516,0.529968555315436
2023-04-08,3dc3022232b79c7a,71ea7d7985dad804,23024fdfc966410a,47b9e0e7703a4868,Gilbert Burns,Jorge Masvidal,1,2023,2013-01-19,2022-12-17,0.003,1.09894380227722,0.687589161130326,0.669154833636792,0.651075382545366,0.657926605005508,0.661241538165092,0.628316836201574,0.684749892210278
2023-04-08,3dc3022232b79c7a,780147f2ed2637d1,8e5d953bdb9ae5e7,98215d037be5bcb7,Loopy Godinez,Cynthia Calvillo,1,2023,2013-01-19,2022-12-17,0.003,1.09894380227722,0.642439274228362,0.644593408930783,0.625936154339889,0.634254308743683,0.649827196830962,0.638063964218448,0.638250057949219
2023-04-08,3dc3022232b79c7a,95349402616097cd,a3a542074109b347,eb04b9d31e938edb,Luana Pinheiro,Michelle Waterson-Gomez,1,2023,2013-01-19,2022-12-17,0.003,1.09894380227722,0.592876338212607,0.579872136908916,0.577897986763284,0.542578402996186,0.565083711081384,0.586732598891669,0.600743449458215
2023-04-08,3dc3022232b79c7a,bbc76ff9e1b1b142,5442f1bc4b47eaf3,8c0580d4fff106c1,Chris Curtis,Kelvin Gastelum,0,2023,2013-01-19,2022-12-17,0.003,1.09894380227722,0.61804184221865,0.604803512522171,0.633722430394735,0.600593125572861,0.590773504603348,0.548389521841758,0.603784100573459
2023-04-08,3dc3022232b79c7a,d7022b6058dbb26b,cfc3e7bb44685289,e4a47b07044ddd72,Trey Ogden,Ignacio Bahamondes,0,2023,2013-01-19,2022-12-17,0.003,1.09894380227722,0.294731390788193,0.295659440154074,0.301174479160678,0.292783550018794,0.339750953753038,0.327103366312031,0.336983007166907
2023-04-08,3dc3022232b79c7a,fe143cb868adfded,1338e2c7480bdf9e,e5549c82bfb5582d,Israel Adesanya,Alex Pereira,1,2023,2013-01-19,2022-12-17,0.003,1.09894380227722,0.590626240060381,0.590095124499462,0.523892035652799,0.588206317001817,0.594381413278368,0.573105213984163,0.578945743632042
2023-04-15,15b1b21cd743d652,119559fd8124fee3,34c2b3656f88f7ef,96924b0019b3aff1,Aaron Phillips,Gaston Bolanos,0,2023,2013-01-19,2022-12-17,0.003,1.09894380227722,0.335376741721745,0.350723633135914,0.294377766588815,0.346552678644676,0.326815579833798,0.352716307787922,0.345967338463074
2023-04-15,15b1b21cd743d652,50e675146cda6e7c,06f36cf4bd97ec77,4ba8d454f762005d,Ed Herman,Zak Cummings,0,2023,2013-01-19,2022-12-17,0.003,1.09894380227722,0.254568941380437,0.261455952587372,0.246367523180847,0.263446016128706,0.261291001520917,0.264662093100538,0.226416177982572
2023-04-15,15b1b21cd743d652,5de3a1bbcf705b58,7138a15258dabf20,cffb87059e645bd1,Bruna Brasil,Denise Gomes,0,2023,2013-01-19,2022-12-17,0.003,1.09894380227722,0.459406792742562,0.447459659637627,0.484120951781817,0.44464524229373,0.444772819520833,0.451069470779758,0.446896560601262
2023-04-15,15b1b21cd743d652,6049301b4deea035,040a74bb0a465c54,150ff4cc642270b9,Arnold Allen,Max Holloway,0,2023,2013-01-19,2022-12-17,0.003,1.09894380227722,0.507298395863729,0.496708071758314,0.490945511584056,0.486106276569226,0.479093743061432,0.530655105360741,0.555277683145224
2023-04-15,15b1b21cd743d652,68c1b833ed8849a3,38c7f72747f4f712,e375cb5caf4717b6,Gillian Robertson,Piera Rodriguez,1,2023,2013-01-19,2022-12-17,0.003,1.09894380227722,0.496647937123031,0.494241666281089,0.493338396120693,0.492407711666423,0.493458229900519,0.483030877395907,0.542513303033028
2023-04-15,15b1b21cd743d652,792f139c2b9fd294,e4277e87a789d687,e90a2f22417af68e,Dustin Jacoby,Azamat Murzakanov,0,2023,2013-01-19,2022-12-17,0.003,1.09894380227722,0.533842155040228,0.533978943871035,0.505312396325063,0.528916283669079,0.493850967814079,0.449419930785377,0.485544283067623
2023-04-15,15b1b21cd743d652,83c81018bb3aeebf,64a50dad704d1d49,aa171d55d4b5208f,Edson Barboza,Billy Quarantillo,1,2023,2013-01-19,2022-12-17,0.003,1.09894380227722,0.435199524833858,0.45714557281236,0.440959471230042,0.433646926568285,0.408545730709721,0.403941002725815,0.400390337538037
2023-04-15,15b1b21cd743d652,8b2b2562884821a7,3cf66c62d9069f43,f9ab66e67240db7b,Lucie Pudilova,Joselyne Edwards,0,2023,2013-01-19,2022-12-17,0.003,1.09894380227722,0.356922612858091,0.343025118204294,0.338264399782526,0.352867082829522,0.370654758732719,0.329522003643467,0.436401857595743
2023-04-15,15b1b21cd743d652,995e79b951da945b,04c8b08b16a5b99e,cd13728ae1151f46,Tanner Boser,Ion Cutelaba,0,2023,2013-01-19,2022-12-17,0.003,1.09894380227722,0.63088597571742,0.606470570716829,0.629114162595301,0.648066285220616,0.648486196144772,0.621423227777083,0.711799509777158
2023-04-15,15b1b21cd743d652,b01e6e97d66681c5,9abc648e76c4493a,d31cbcdd7d69536d,Bill Algeo,TJ Brown,1,2023,2013-01-19,2022-12-17,0.003,1.09894380227722,0.596247042114178,0.594850695765016,0.605841783456546,0.599500284771101,0.586792158477112,0.575837635695544,0.555227622949408
2023-04-15,15b1b21cd743d652,bbde45b2c766bb67,1a31ef98efce7a79,6e15f63b6c2e2c15,Matheus Nicolau,Brandon Royval,0,2023,2013-01-19,2022-12-17,0.003,1.09894380227722,0.668828127417746,0.650877113364158,0.664587173663414,0.668182783714368,0.656286039008508,0.645107308855285,0.644348486352666
2023-04-15,15b1b21cd743d652,bdbddbc00d07dc4b,c47df9303d318c67,e132d47bd9efbbe0,Clay Guida,Rafa Garcia,0,2023,2013-01-19,2022-12-17,0.003,1.09894380227722,0.244481357629463,0.244760030748583,0.243103330136523,0.241340042570266,0.22303972854252,0.253824599005213,0.265392936389453
2023-04-15,15b1b21cd743d652,cef255a992ba7af3,4148802ae4a50768,f9b200db02b488d9,Daniel Zellhuber,Lando Vannata,1,2023,2013-01-19,2022-12-17,0.003,1.09894380227722,0.658904661916383,0.6526761323007,0.660252735999409,0.666207236911223,0.68122755518563,0.610166568263481,0.664097246155655
2023-04-15,15b1b21cd743d652,d856812dc733690a,45f0cc9d18f35137,6bd02119599741a4,Chris Gutierrez,Pedro Munhoz,0,2023,2013-01-19,2022-12-17,0.003,1.09894380227722,0.682417830341216,0.668918535007198,0.685830060659757,0.659302816430653,0.666384891288486,0.723761310442472,0.760422563479627
2023-04-22,6fb1ba67bef41b37,01aa5949ac6851f3,351c4ec637380ad5,d3f5d33d61cd00c9,Karol Rosa,Norma Dumont,0,2023,2013-01-19,2022-12-17,0.003,1.09894380227722,0.480079989815103,0.472742787416837,0.452680510479696,0.469272294963471,0.463633950579558,0.442122997414163,0.506452593743321
2023-04-22,6fb1ba67bef41b37,034cbbec91f67852,94527830000ab715,cc1a8b4b38b92c6d,Rani Yahya,Montel Jackson,0,2023,2013-01-19,2022-12-17,0.003,1.09894380227722,0.204262390898389,0.194914491250217,0.197499614472378,0.205527703019279,0.173709709679432,0.214945917273652,0.208124134348046
2023-04-22,6fb1ba67bef41b37,06d9fb9c995f1e4f,4aa58269d0664b5b,d66a46de8d705353,Matthew Semelsberger,Jeremiah Wells,0,2023,2013-01-19,2022-12-17,0.003,1.09894380227722,0.530338544123254,0.523201960663665,0.508853444798523,0.525830637047999,0.451280393132121,0.476125767749224,0.451162538493023
2023-04-22,6fb1ba67bef41b37,16628e25a043043a,814ff3018127e8fc,de45aaae23dfa392,Ricky Glenn,Christos Giagos,0,2023,2013-01-19,2022-12-17,0.003,1.09894380227722,0.54960195044098,0.544595930052363,0.504922270177133,0.555223785476928,0.52341108855649,0.544940060086441,0.573865906621603
2023-04-22,6fb1ba67bef41b37,20c0f50c11509301,4333a8e70a672eb7,abcf2cc6efc42031,Brogan Walker,Iasmin Lucindo,0,2023,2013-01-19,2022-12-17,0.003,1.09894380227722,0.192975681892317,0.198418115992179,0.2056854655789,0.185236792305622,0.164695440071854,0.203181600574137,0.211803866608255
2023-04-22,6fb1ba67bef41b37,277233ca9ea25674,3b0a516d2921e0d6,7af33fc4435017f1,Batgerel Danaa,Brady Hiestand,0,2023,2013-01-19,2022-12-17,0.003,1.09894380227722,0.373687557168311,0.376151581985911,0.388997208651395,0.367819534013247,0.373313962198908,0.384089109037466,0.396973214426022
2023-04-22,6fb1ba67bef41b37,856468ba24a37fcc,f14cf73e51b29254,fa6796c55d6c5440,Sergei Pavlovich,Curtis Blaydes,1,2023,2013-01-19,2022-12-17,0.003,1.09894380227722,0.30078018373077,0.30265899916107,0.335650785867656,0.283479828469317,0.326405786943817,0.333668968057877,0.350194929903426
2023-04-22,6fb1ba67bef41b37,8beab5f941dae8e0,c15fa95b9a12fde4,da7f113b5ea39c43,Junior Tafa,Mohammed Usman,0,2023,2013-01-19,2022-12-17,0.003,1.09894380227722,0.527357484139795,0.518792190422617,0.486577029402259,0.534936345159409,0.514428489383033,0.510557979961054,0.525070900229237
2023-04-22,6fb1ba67bef41b37,a941c4e25ddddfff,5d495dec23d7c68e,e1d40e8782d80bc2,Francis Marshall,William Gomis,0,2023,2013-01-19,2022-12-17,0.003,1.09894380227722,0.394527764727194,0.394120971194251,0.390835539012905,0.389087887079143,0.382417622354731,0.384996378159826,0.391712737247227
2023-04-22,6fb1ba67bef41b37,d00d5ef4ae0ac01b,0c6d9ea8306c029e,12ebd7d157e91701,Brad Tavares,Bruno Silva,0,2023,2013-01-19,2022-12-17,0.003,1.09894380227722,0.58781349576692,0.580962095853379,0.59130727492942,0.590953461906005,0.596721304989092,0.591837788490545,0.582061039879946
2023-04-29,51b1e2fd9872005b,2b1ac5d8f98639bf,5987b2458f4b5290,efb96bf3e9ada36f,Ricky Simon,Song Yadong,0,2023,2013-01-19,2022-12-17,0.003,1.09894380227722,0.63980306603176,0.642323613476075,0.622719905584393,0.62699403396703,0.617353376931277,0.591796287087456,0.605424555994713
2023-04-29,51b1e2fd9872005b,37ae5c09d6f03f33,260e9e0d4954aea6,f14f644d41ade29f,Rodolfo Vieira,Cody Brundage,1,2023,2013-01-19,2022-12-17,0.003,1.09894380227722,0.525863000384407,0.532331488761824,0.524138688527825,0.540048953618161,0.549872006745671,0.554800934156902,0.582198366241092
2023-04-29,51b1e2fd9872005b,5d11b618f24082dd,8eb046f83e82bf26,92fa1401b7927da3,Martin Buday,Jake Collier,1,2023,2013-01-19,2022-12-17,0.003,1.09894380227722,0.630161197820448,0.615426571158305,0.658888674072408,0.623587066406505,0.649876166046753,0.622488844470644,0.640332054205753
2023-04-29,51b1e2fd9872005b,88a63555728c2025,78f485f851891d68,c0ac37a4a1133da9,Journey Newson,Marcus McGhee,0,2023,2013-01-19,2022-12-17,0.003,1.09894380227722,0.541421470168182,0.54653848126772,0.52857855268404,0.548877680384916,0.550923253519229,0.539551976092306,0.562374204122132
2023-04-29,51b1e2fd9872005b,8dbfbd8f8bd0f00b,ab943cd2c3c17825,fc08099550072fe4,Marcos Rogerio de Lima,Waldo Cortes-Acosta,1,2023,2013-01-19,2022-12-17,0.003,1.09894380227722,0.507521036372543,0.500958678001295,0.519132466917026,0.53309318229414,0.482892854481973,0.487456768899709,0.53249823027395
2023-04-29,51b1e2fd9872005b,c02d44564cb006a9,31dbfbe4e7a6727c,876f478f796495f7,Trey Waters,Josh Quinlan,1,2023,2013-01-19,2022-12-17,0.003,1.09894380227722,0.440076491722638,0.441753634426354,0.426844080965293,0.443791274573708,0.455242012376003,0.458997875581103,0.458022314114548
2023-04-29,51b1e2fd9872005b,ca63933f8c898fa2,7f6ed67d3ed3c036,814e5233e2acf2ee,Cody Durden,Charles Johnson,1,2023,2013-01-19,2022-12-17,0.003,1.09894380227722,0.394024658564192,0.389228605603343,0.398969000868854,0.375328360244504,0.365031645159654,0.407296209177116,0.434179369312967
2023-04-29,51b1e2fd9872005b,e0e2c1fc1a178d89,902ec2cc48c8ae8a,d2f43cfaf8ca3560,Julian Erosa,Fernando Padilla,0,2023,2013-01-19,2022-12-17,0.003,1.09894380227722,0.414817717562562,0.418948259488086,0.433840534315958,0.39638038387803,0.391722010520647,0.431997357395537,0.398920830892509
2023-04-29,51b1e2fd9872005b,e434035be5453be0,3c26c420584d912d,5c637af9472ae7cc,Hailey Cowan,Jamey-Lyn Horth,0,2023,2013-01-19,2022-12-17,0.003,1.09894380227722,0.533173494782327,0.533093543236858,0.531637794075178,0.535424408338705,0.535167435552974,0.546010446515283,0.550788519912686
2023-04-29,51b1e2fd9872005b,ecec1b0dd64ca2ae,0d65c432720accb9,4126a78111c0855a,Michal Oleksiejczuk,Caio Borralho,0,2023,2013-01-19,2022-12-17,0.003,1.09894380227722,0.616047218906201,0.620240847115606,0.568069072272257,0.634776690526837,0.58608117810398,0.557463683214521,0.547237013129565
2023-04-29,51b1e2fd9872005b,f9345fa82bf43847,103e2e33a60683e1,5e6294b37bbef029,Irina Alekseeva,Stephanie Egger,1,2023,2013-01-19,2022-12-17,0.003,1.09894380227722,0.348640420503292,0.342614359446688,0.340852777714456,0.361955212591931,0.329702449223031,0.342214807371863,0.334154005126063
2023-05-06,3c6976f8182d9527,069ab7e7b8b5d262,76e2870ffafbe38f,f166e93d04a8c274,Movsar Evloev,Diego Lopes,1,2023,2013-01-19,2022-12-17,0.003,1.09894380227722,0.817705272443166,0.815288391280333,0.811991500820407,0.804529335953601,0.810610668721448,0.785085028428379,0.761261478320141
2023-05-06,3c6976f8182d9527,0c6e3c1f03cd4061,242d36d241b43c12,f1d64ae34e088832,Kron Gracie,Charles Jourdain,0,2023,2013-01-19,2022-12-17,0.003,1.09894380227722,0.288154556113071,0.296847745176223,0.252287154945639,0.296988853502484,0.298612133684014,0.26494859880342,0.275454207292291
2023-05-06,3c6976f8182d9527,11a5a852313d1f5b,6a1901c62ab3870f,c41d426cc7326d1b,Jessica Andrade,Yan Xiaonan,0,2023,2013-01-19,2022-12-17,0.003,1.09894380227722,0.750205263415236,0.752006241178978,0.723572936066633,0.769342903763448,0.778486277513074,0.703510780650241,0.695461670581499
2023-05-06,3c6976f8182d9527,2372578d3f554c65,ac40f7e3cbecdda4,eaa9402e5a7990ad,Parker Porter,Braxton Smith,1,2023,2013-01-19,2022-12-17,0.003,1.09894380227722,0.370058485052377,0.371619068504809,0.367140211936073,0.361117572835879,0.367202790353788,0.383836809601157,0.387213154158234
2023-05-06,3c6976f8182d9527,3f8b4aeb3baf4724,519e4fe37ce9ff75,dccb63727f2f5f74,Drew Dober,Matt Frevola,0,2023,2013-01-19,2022-12-17,0.003,1.09894380227722,0.598442364907384,0.599241018372539,0.607264732756468,0.583259925176173,0.577705944724769,0.56954279602828,0.584971073894914
2023-05-06,3c6976f8182d9527,4c9bbd9758be1168,2558ae2e5671e318,40a456a25d52ee65,Khaos Williams,Rolando Bedoya,1,2023,2013-01-19,2022-12-17,0.003,1.09894380227722,0.679648461743005,0.682380189225687,0.699881109353341,0.682014318910054,0.670552426220905,0.648404440414586,0.641728539834331
2023-05-06,3c6976f8182d9527,5f44d6d9e6bbecff,7dda2cf308f24a02,cd2c4d30c6e13b47,Virna Jandiroba,Marina Rodriguez,1,2023,2013-01-19,2022-12-17,0.003,1.09894380227722,0.442628821609397,0.442960719321238,0.451280131402262,0.442909061121108,0.438851816409852,0.420208030104782,0.441829864725208
2023-05-06,3c6976f8182d9527,93fb6c7e590487f9,8d20d76af3f213ce,972c456ff38b2015,Joseph Holmes,Claudio Ribeiro,0,2023,2013-01-19,2022-12-17,0.003,1.09894380227722,0.680094270104291,0.681987742892928,0.676954089510516,0.66534016862305,0.690230331002437,0.679710728615365,0.672720137209504
2023-05-06,3c6976f8182d9527,c3ca708aaf4262a7,8667caa0451d245b,cc7040fe76f0ef91,Kennedy Nzechukwu,Devin Clark,1,2023,2013-01-19,2022-12-17,0.003,1.09894380227722,0.685077670460067,0.682063401118685,0.688426377122402,0.639081819732115,0.653274754195731,0.660287469733441,0.757423598908262
2023-05-06,3c6976f8182d9527,d22de60b7a3d908c,547afe1017e72dbe,b07aed698fba8624,Phil Hawes,Ikram Aliskerov,0,2023,2013-01-19,2022-12-17,0.003,1.09894380227722,0.620521404938386,0.617555891372585,0.627029434377452,0.608481455516858,0.597214294751253,0.545708496850024,0.551832973479886
2023-05-06,3c6976f8182d9527,e3aad51099a23ba4,056c493bbd76a918,cb696ebfb6598724,Henry Cejudo,Aljamain Sterling,0,2023,2013-01-19,2022-12-17,0.003,1.09894380227722,0.408726389670455,0.425490036516146,0.393546461444456,0.433625493168113,0.422926284248877,0.424174301407174,0.385666194962037
2023-05-06,3c6976f8182d9527,ed707998b13d0101,23024fdfc966410a,b1b0729d27936f2f,Gilbert Burns,Belal Muhammad,0,2023,2013-01-19,2022-12-17,0.003,1.09894380227722,0.380148298066473,0.383465786452154,0.371689206518188,0.384562015303693,0.379203395344883,0.392617053899127,0.391891455011979
2023-05-13,901cddcbfa079097,14e689e60419d469,3a314d9fa7c6825d,bf7ad5628363eec9,Douglas Silva de Andrade,Cody Stamann,1,2023,2013-01-19,2022-12-17,0.003,1.09894380227722,0.330534594551119,0.33242603078137,0.351160467332549,0.312186206934696,0.296431605527125,0.281279350989866,0.308365038777332
2023-05-13,901cddcbfa079097,3387f430abb7e39f,01b352b6a9074d5c,d35f734c56a89103,Chase Sherman,Karl Williams,0,2023,2013-01-19,2022-12-17,0.003,1.09894380227722,0.257083339385415,0.267144119516822,0.288502006284169,0.265311284986326,0.259581673933061,0.286602755531451,0.270703665407822
2023-05-13,901cddcbfa079097,6ca856d1950d8f7f,297a2b35444c245b,a20f234df70f2182,Mandy Bohm,Ji Yeon Kim,1,2023,2013-01-19,2022-12-17,0.003,1.09894380227722,0.506109810220562,0.506896172945106,0.468427555668746,0.50313549849919,0.514217822181462,0.465715148141296,0.502164479701888
2023-05-13,901cddcbfa079097,755202fce24b8f83,2cd428e9606856fd,41e83a89929d1327,Jairzinho Rozenstruik,Jailton Almeida,0,2023,2013-01-19,2022-12-17,0.003,1.09894380227722,0.249372014518128,0.258239082636168,0.257863783612095,0.263447750368364,0.26632314538732,0.271179184369994,0.24007113180893
2023-05-13,901cddcbfa079097,81fda78adcaedbc7,5eb50529a8418b77,f626118b6da0e020,Gabe Green,Bryan Battle,0,2023,2013-01-19,2022-12-17,0.003,1.09894380227722,0.379689453900192,0.374893350178861,0.392658829933358,0.384350514700434,0.393021898827897,0.389781673993242,0.406286623026309
2023-05-13,901cddcbfa079097,838a022ca5d99cc1,4b47e71384a9522f,cdb96af67d096b1e,Tim Means,Alex Morono,0,2023,2013-01-19,2022-12-17,0.003,1.09894380227722,0.41175613500604,0.423234399849824,0.411511718959574,0.428368473059686,0.391639027991775,0.400969365446514,0.39608059147212
2023-05-13,901cddcbfa079097,acfcf75f0215b7ab,2c5f5749569eef66,6c8072b61c276e67,Tainara Lisboa,Jessica-Rose Clark,1,2023,2013-01-19,2022-12-17,0.003,1.09894380227722,0.586617231411975,0.591751423812127,0.617597911623699,0.606116096519944,0.608550671401596,0.592220261870842,0.522485559568225
2023-05-13,901cddcbfa079097,b0f4c7788782e26e,442c9011034ae1fd,8a1f3b5c526cd6e6,Ian Machado Garry,Daniel Rodriguez,1,2023,2013-01-19,2022-12-17,0.003,1.09894380227722,0.565163113531376,0.550918821860977,0.572323982891415,0.558552451681726,0.567442946583241,0.571076897816384,0.586700057495431
2023-05-13,901cddcbfa079097,c501576b8ec35758,c21f26bbde777573,d4c9dcd330403612,Johnny Walker,Anthony Smith,1,2023,2013-01-19,2022-12-17,0.003,1.09894380227722,0.648542794298105,0.648843095262793,0.654209846574447,0.646979819187296,0.645977099447123,0.646604921047208,0.578177436830216
2023-05-13,901cddcbfa079097,dae2484418631ff5,260bd4cef10b033f,9014c02eff8b3d62,Ihor Potieria,Carlos Ulberg,0,2023,2013-01-19,2022-12-17,0.003,1.09894380227722,0.422659383258813,0.428111905104214,0.415332274659379,0.447729269522917,0.472072410446671,0.427447344918582,0.419520231543235
2023-05-13,901cddcbfa079097,f2ced83baf0457fc,31123249b0bbf52e,523fa774700d7d3f,Matt Brown,Court McGee,1,2023,2013-01-19,2022-12-17,0.003,1.09894380227722,0.413180256758904,0.410804825982234,0.41073854622608,0.418332864251872,0.418226101014461,0.42742409698654,0.443434794267731
2023-05-20,6f812143641ceff8,12683e06369d1a83,511e82663651438d,f53d4f21d1b5f2dc,Michael Johnson,Diego Ferreira,0,2023,2013-01-19,2022-12-17,0.003,1.09894380227722,0.457916694587706,0.451963441954328,0.507056346211762,0.449820075377277,0.435143548635602,0.450734258416663,0.470148361561809
2023-05-20,6f812143641ceff8,33007109c9ca1ede,2c483cf443f38ece,d7c3816669784109,Vanessa Demopoulos,Karolina Kowalkiewicz,0,2023,2013-01-19,2022-12-17,0.003,1.09894380227722,0.510138883292453,0.499476174705552,0.51284136735339,0.511791899818848,0.473325286020545,0.468667409282503,0.470928030686938
2023-05-20,6f812143641ceff8,3638ee66c7d34fe0,093e1f5bb73850be,4144798612ef96e5,Anthony Hernandez,Edmen Shahbazyan,1,2023,2013-01-19,2022-12-17,0.003,1.09894380227722,0.657734462144133,0.658639174618046,0.674666852226656,0.637157431277389,0.636148637145748,0.618267149649821,0.656951490745374
2023-05-20,6f812143641ceff8,49bd9a2f1fbebd1f,19c591115a58982c,8c1ca54b5089d199,Viacheslav Borshchev,Maheshate,1,2023,2013-01-19,2022-12-17,0.003,1.09894380227722,0.428186378847361,0.441539235198206,0.41382739541108,0.433219988532022,0.431108573342238,0.436425765916313,0.461641154765796
2023-05-20,6f812143641ceff8,73700c8c5107f719,33efaf2d0941cfcf,b9437600497350f3,Andre Fialho,Joaquin Buckley,0,2023,2013-01-19,2022-12-17,0.003,1.09894380227722,0.372981171463033,0.382068390507267,0.386914567031967,0.395251323284997,0.408914640139666,0.380989320707204,0.322869327409342
2023-05-20,6f812143641ceff8,744cbe6e49d4f41c,262d32ebda89efc4,9dedfdd91070ddd8,Natalia Silva,Victoria Leonardo,1,2023,2013-01-19,2022-12-17,0.003,1.09894380227722,0.859895206713856,0.853842928378485,0.862544523518806,0.850065208892499,0.851812396896596,0.861900701463013,0.872672027786499
2023-05-20,6f812143641ceff8,7d583e4002622848,2c010b26a3306969,b12fb759e02378de,Orion Cosce,Gilbert Urbina,0,2023,2013-01-19,2022-12-17,0.003,1.09894380227722,0.365633713355789,0.354000950851507,0.388608583397085,0.349529226573731,0.334096791441571,0.354055022518636,0.376435358416376
2023-05-20,6f812143641ceff8,8502f245aabd64ac,40f3cb27fc7305a1,8abac218746e04ca,Themba Gorimbo,Takashi Sato,1,2023,2013-01-19,2022-12-17,0.003,1.09894380227722,0.622886388227868,0.611297059928875,0.617200838787076,0.626394505413314,0.606800424592233,0.535808451331117,0.552236694211455
2023-05-20,6f812143641ceff8,924f982f0d9d2142,02f8fedc18cbd26c,8e5d953bdb9ae5e7,Emily Ducote,Loopy Godinez,0,2023,2013-01-19,2022-12-17,0.003,1.09894380227722,0.379161194153754,0.385097794689638,0.395643355012125,0.378599777949888,0.359829199463638,0.361408687342825,0.347532300475978
2023-05-20,6f812143641ceff8,cb9654746447b934,7447e9f28508106a,f0feeb2192937424,Mackenzie Dern,Angela Hill,1,2023,2013-01-19,2022-12-17,0.003,1.09894380227722,0.610064699877751,0.586151971127565,0.613067540682298,0.583823239696733,0.605930783013212,0.54249491081374,0.635543048059783
2023-05-20,6f812143641ceff8,eca400aeeb2763d1,036e96c1c12b8a59,971246648e162f0d,Nick Fiore,Chase Hooper,0,2023,2013-01-19,2022-12-17,0.003,1.09894380227722,0.534035272780295,0.546098079573479,0.517914224645514,0.567517847967234,0.563184200076294,0.500141730153849,0.479924003080201
2023-05-20,6f812143641ceff8,fb70b62915fdcec6,d31a5546c0e9b213,e9a3aeb207578eea,Rodrigo Nascimento,Ilir Latifi,1,2023,2013-01-19,2022-12-17,0.003,1.09894380227722,0.493332897057211,0.505921779305054,0.482528210140116,0.511055356411506,0.509200094380862,0.518684575120406,0.471979900548216
2023-06-03,7abe471b61725980,4d0029ad31bdd85a,8bd4200561c77a62,9d62c2d8ee151f08,Ketlen Souza,Karine Silva,0,2023,2013-01-19,2022-12-17,0.003,1.09894380227722,0.44153287093957,0.437627773312514,0.413003692220895,0.439502237192279,0.44635279010217,0.446409698063764,0.465515602736257
2023-06-03,7abe471b61725980,5459c3bb88d031f9,1a9480fc288e55d7,3738e68d2261e60f,Don'Tale Mayes,Andrei Arlovski,1,2023,2013-01-19,2022-12-17,0.003,1.09894380227722,0.582269091280731,0.585347240633065,0.587418893636566,0.613993172189302,0.614623139573832,0.570241373242865,0.584265853322553
2023-06-03,7abe471b61725980,72bb7605e340a8fe,6fc506e1099afe20,da22387a0407a2dc,Luan Lacerda,Da'Mon Blackshear,0,2023,2013-01-19,2022-12-17,0.003,1.09894380227722,0.527261816896629,0.532453504226713,0.534303046663534,0.549154704357828,0.546993330627867,0.562292362065752,0.540013370610483
2023-06-03,7abe471b61725980,7be3e513a31f6570,361d49960a196976,7aa3d6964eff4877,Daniel Pineda,Alex Caceres,0,2023,2013-01-19,2022-12-17,0.003,1.09894380227722,0.283478193141729,0.285872413611806,0.279648130893482,0.301992677087706,0.303324106420434,0.300107539282883,0.26544630744079
2023-06-03,7abe471b61725980,84f60cb00b8d4187,b67d6bacc68d4c92,f6bcbd91b114ff58,Daniel Santos,Johnny Munoz,1,2023,2013-01-19,2022-12-17,0.003,1.09894380227722,0.385781936994636,0.387231735723277,0.379602765734988,0.370903950363565,0.365464694809838,0.377615717958285,0.357788757694262
2023-06-03,7abe471b61725980,913d8a35095591d5,c96d9178c9ed9e62,dc7927cd622676a7,Tim Elliott,Victor Altamirano,1,2023,2013-01-19,2022-12-17,0.003,1.09894380227722,0.312798485341657,0.321417447336784,0.315836313993974,0.336232360387966,0.331049508285112,0.372651355479121,0.328052645329788
2023-06-03,7abe471b61725980,99808befeece3a8a,53c943c873cffe90,950d0ef5c17157c5,Philipe Lins,Maxim Grishin,1,2023,2013-01-19,2022-12-17,0.003,1.09894380227722,0.415943459862625,0.408960024631044,0.431084409438361,0.390425461146349,0.407161705267477,0.401485887184543,0.442820225553864
2023-06-03,7abe471b61725980,a122968e96068800,029e1293e609fd74,8adcbd525fab8d9b,Abubakar Nurmagomedov,Elizeu Zaleski dos Santos,0,2023,2013-01-19,2022-12-17,0.003,1.09894380227722,0.405418647402954,0.407100313158581,0.451863142454797,0.414870330309721,0.42991402989539,0.451708263439823,0.472521544276479
2023-06-03,7abe471b61725980,ad7bd4b3ee923498,8d11d9c13e2ccdf7,af9f42e6894047fc,Muhammad Naimov,Jamie Mullarkey,1,2023,2013-01-19,2022-12-17,0.003,1.09894380227722,0.322556299246026,0.320324396459826,0.317228150546645,0.321557271874378,0.334656834238514,0.330926915619996,0.374186556391952
2023-06-03,7abe471b61725980,c98f62eb74e69bcb,5fa2974cbd18e05c,a54660deb6a8489c,John Castaneda,Muin Gafurov,1,2023,2013-01-19,2022-12-17,0.003,1.09894380227722,0.545111953117548,0.551502592925999,0.55786072992489,0.532932401155023,0.553369643176451,0.548121092434788,0.537851752392892
2023-06-03,7abe471b61725980,d7ae0993c7a378ee,6d35bf94f7d30241,853eb0dd5c0e2149,Amir Albazi,Kai Kara-France,1,2023,2013-01-19,2022-12-17,0.003,1.09894380227722,0.610374305647749,0.593733074361607,0.648315941874897,0.593669906801466,0.632261945210045,0.623615217615436,0.660449399355002
2023-06-03,7abe471b61725980,dfc62aa72446e4a8,ac7c765882f2c68c,d05cb1e8d1b885d8,Elise Reed,Jinh Yu Frey,1,2023,2013-01-19,2022-12-17,0.003,1.09894380227722,0.510843117430326,0.50088326851598,0.509147666861322,0.504929294263478,0.493171890116897,0.526970885889917,0.505513008648129
2023-06-03,7abe471b61725980,e2f4cd4a9a579488,a75a48bfe776b2c2,d1941565abf50b16,Jesse Butler,Jim Miller,0,2023,2013-01-19,2022-12-17,0.003,1.09894380227722,0.507731782867364,0.507450170506317,0.503099238456793,0.497898355042387,0.509200203008485,0.482608984909279,0.472488325371461
2023-06-10,b6c6d1731ff00eeb,1676c64a94be0557,37d752ec41ed84bb,d7e40dca3ae125be,Maria Oliveira,Diana Belbita,0,2023,2013-01-19,2022-12-17,0.003,1.09894380227722,0.55871451818557,0.564961894508054,0.578467872983089,0.579804590590893,0.581874665356597,0.585437989930548,0.554379937164235
2023-06-10,b6c6d1731ff00eeb,40e8bf8ce508c436,07225ba28ae309b6,08af939f41b5a57b,Charles Oliveira,Beneil Dariush,1,2023,2013-01-19,2022-12-17,0.003,1.09894380227722,0.467207440315376,0.475961373470468,0.429011281540179,0.469637109639662,0.46113530514677,0.434623382820382,0.395021123340422
2023-06-10,b6c6d1731ff00eeb,46c67efd68a0b15d,583ee11abddfc581,82a5152216251682,Nate Landwehr,Dan Ige,0,2023,2013-01-19,2022-12-17,0.003,1.09894380227722,0.385008233750703,0.371711316382524,0.382876731827666,0.355053284341699,0.360217146482144,0.356110416045482,0.417108404995323
2023-06-10,b6c6d1731ff00eeb,47a5d4bb68352055,a9e260472d321361,f29a6350c69f4a33,Jasmine Jasudavicius,Miranda Maverick,1,2023,2013-01-19,2022-12-17,0.003,1.09894380227722,0.324291770269273,0.32584962734468,0.343618295862674,0.341870048078101,0.35547272407654,0.326975307363337,0.348908792538987
2023-06-10,b6c6d1731ff00eeb,5311298f79414125,8e9eb3fc86db0f7d,cad24459b28592ca,Marc-Andre Barriault,Eryk Anders,1,2023,2013-01-19,2022-12-17,0.003,1.09894380227722,0.498073971905388,0.49845418283655,0.482811969703174,0.49269712520938,0.481305734445189,0.503133337871056,0.473560262030502
2023-06-10,b6c6d1731ff00eeb,69bc7ca8ce831731,578ef12674df1e6a,80fa8218c99f9c58,Irene Aldana,Amanda Nunes,0,2023,2013-01-19,2022-12-17,0.003,1.09894380227722,0.292515881915337,0.295200104044517,0.312883289853609,0.322728708810643,0.329089228147966,0.291819381107456,0.290954495055523
2023-06-10,b6c6d1731ff00eeb,7ee8b91d7f80f8a7,31f8081c7600da93,5095b0920a3602aa,Kyle Nelson,Blake Bilder,1,2023,2013-01-19,2022-12-17,0.003,1.09894380227722,0.327566610722473,0.338837302134235,0.318285111514416,0.337593399680379,0.339122061605571,0.305907398078589,0.335680207708863
2023-06-10,b6c6d1731ff00eeb,947ea1122c04ba18,32ab52e5de93092d,9ada30894bf04e19,Steve Erceg,David Dvorak,1,2023,2013-01-19,2022-12-17,0.003,1.09894380227722,0.424219524870163,0.421966022490259,0.414279845691636,0.424899991605007,0.423383023694067,0.43707268752253,0.43853157192393
2023-06-10,b6c6d1731ff00eeb,e24b65cd8721349a,24656ef4d605c96f,7d420039bbfe7c1a,Aiemann Zahabi,Aoriqileng,1,2023,2013-01-19,2022-12-17,0.003,1.09894380227722,0.599574285538162,0.598264540690604,0.597524871200124,0.610922396117291,0.632282006093058,0.609672295785115,0.624038127246025
2023-06-10,b6c6d1731ff00eeb,e9d5ffcacf7d8757,a01a62132460a98d,dd6103dd7127db1d,Adam Fugitt,Mike Malott,0,2023,2013-01-19,2022-12-17,0.003,1.09894380227722,0.375062383384787,0.390943013986508,0.357880787148207,0.377834904083148,0.366813326580966,0.380054827888073,0.354026826103146
2023-06-17,b9415726dc3ec526,175d9e1ac0725145,13a0275fa13c4d26,7acbb0972e75281a,Jared Cannonier,Marvin Vettori,1,2023,2013-01-19,2022-12-17,0.003,1.09894380227722,0.39588533169752,0.408971601121716,0.412603137239819,0.404085468774939,0.376266064736558,0.359122660417634,0.341822719215979
2023-06-17,b9415726dc3ec526,5d9b84493f1ed114,369ea36e450ae62a,a93f94c923c3a9cb,Armen Petrosyan,Christian Leroy Duncan,1,2023,2013-01-19,2022-12-17,0.003,1.09894380227722,0.408207131189929,0.40887358651893,0.388384836466783,0.387410539556202,0.351763865140977,0.372242713417919,0.389634894069624
2023-06-17,b9415726dc3ec526,6c2199524d762b11,ae7fe94f117f98cf,eae48ff31db420c2,Joaquim Silva,Arman Tsarukyan,0,2023,2013-01-19,2022-12-17,0.003,1.09894380227722,0.0953594769277016,0.0987314516321905,0.0789125153186107,0.0885706318250911,0.0885254124413866,0.102161995788972,0.1028293266571
2023-06-17,b9415726dc3ec526,76fd6919d828d5c2,710f0f8c5d5c9d41,b8bbdeff718dbb7d,Lucas Almeida,Pat Sabatini,0,2023,2013-01-19,2022-12-17,0.003,1.09894380227722,0.380274947900173,0.384203083948427,0.379722307332403,0.388357775740164,0.369694965787734,0.398672189348929,0.399244499827634
2023-06-17,b9415726dc3ec526,7ba54a10f28c9496,7debc13b36343605,a7897d200692ab64,Cristian Quinonez,Kyung Ho Kang,0,2023,2013-01-19,2022-12-17,0.003,1.09894380227722,0.612129082233927,0.616736564674897,0.621792913401602,0.613927375747678,0.585000232043966,0.554748400637555,0.552998994230017
2023-06-17,b9415726dc3ec526,870672b1b443311e,447f9858ae78f921,9d19d9e4aa2662e8,Muslim Salikhov,Nicolas Dalby,0,2023,2013-01-19,2022-12-17,0.003,1.09894380227722,0.668062183205712,0.667491427424763,0.663857666780954,0.672494886222166,0.682161170130121,0.67446700913285,0.657289873509574
2023-06-17,b9415726dc3ec526,8794031c523bf534,476fe566d2df676e,56f7d7ee06be4aab,Modestas Bukauskas,Zac Pauga,1,2023,2013-01-19,2022-12-17,0.003,1.09894380227722,0.449718409791588,0.454037149573819,0.453655050668978,0.448719695055966,0.476960162142325,0.47601692371699,0.463056678552406
2023-06-17,b9415726dc3ec526,8ea12c7360fa0f6b,2526be54e6a0e62a,798e48f9e7f6ba22,Denys Bondar,Carlos Hernandez,0,2023,2013-01-19,2022-12-17,0.003,1.09894380227722,0.537188487448636,0.544355339040033,0.526592336469961,0.547897831168794,0.514494392835566,0.499815412468386,0.489820065658195
2023-06-17,b9415726dc3ec526,98458778348ea5d7,2e7878927067fdca,37f560436d745c18,Manuel Torres,Nikolas Motta,1,2023,2013-01-19,2022-12-17,0.003,1.09894380227722,0.643924740315913,0.643684429333685,0.645963166135545,0.653215260298475,0.632175688415709,0.611744996943693,0.626034818294365
2023-06-17,b9415726dc3ec526,9cfb84817a43b63c,59c438c81fbf3ece,a6eb54ae17a551be,Tereza Bleda,Gabriella Fernandes,1,2023,2013-01-19,2022-12-17,0.003,1.09894380227722,0.587635804648893,0.589810678206014,0.579522548283456,0.59558066692693,0.616701675147391,0.580727422705124,0.581242223334108
2023-06-17,b9415726dc3ec526,bc1be168c064f028,09e62c450e754913,3fa97913cfd205d3,Jimmy Flick,Alessandro Costa,0,2023,2013-01-19,2022-12-17,0.003,1.09894380227722,0.48898490502338,0.489247880612859,0.505716737151054,0.488164771617828,0.483116136409671,0.504270191538509,0.469053920457849
2023-06-24,a780d16cf7eed44d,07cb64236ae7aaea,6a740daf1b279661,beecb672a279223e,Maycee Barber,Amanda Ribas,1,2023,2013-01-19,2022-12-17,0.003,1.09894380227722,0.424672898658214,0.41797497179359,0.426125256239389,0.391436082631521,0.41793262591144,0.422471534445474,0.431747902826488
2023-06-24,a780d16cf7eed44d,42922bab8a3e1828,4dcfb28c011c11b2,c6aee362c7a7d482,Wellington Turman,Randy Brown,0,2023,2013-01-19,2022-12-17,0.003,1.09894380227722,0.412875054785451,0.413767453798066,0.415018577215843,0.441227567995603,0.385184487186296,0.367186445678143,0.398720954824789
2023-06-24,a780d16cf7eed44d,582806c33ce6dcf6,f2f140ce7532e327,ffe9703408fb5964,Gabriel Santos,David Onama,0,2023,2013-01-19,2022-12-17,0.003,1.09894380227722,0.496739230230636,0.500089019375313,0.481565109520517,0.529233688774571,0.514264013836005,0.513046940523147,0.511682294103048
2023-06-24,a780d16cf7eed44d,7b909acede0a26eb,4e6738062d469256,f14f644d41ade29f,Sedriques Dumas,Cody Brundage,1,2023,2013-01-19,2022-12-17,0.003,1.09894380227722,0.443494769164898,0.451515507282167,0.423230541068795,0.455558274841777,0.450948163001593,0.440886624128254,0.443818057341315
2023-06-24,a780d16cf7eed44d,8b296724a6844865,849c5d9979df5357,8c169fbe1ac33637,Mateusz Rebecki,Loik Radzhabov,1,2023,2013-01-19,2022-12-17,0.003,1.09894380227722,0.541312357291802,0.531404462185852,0.552846188679088,0.548908319474472,0.551049391391914,0.546132862206016,0.592825641585616
2023-06-24,a780d16cf7eed44d,9124740fe7816d70,12ebd7d157e91701,2f181c0467965b98,Bruno Silva,Brendan Allen,0,2023,2013-01-19,2022-12-17,0.003,1.09894380227722,0.29212113373611,0.304402168071216,0.304482939814978,0.313846169312374,0.327271080036253,0.328382771678639,0.310214912322228
2023-06-24,a780d16cf7eed44d,c22de92b9d9030dc,38c7f72747f4f712,d25240135aee03e5,Gillian Robertson,Tabatha Ricci,0,2023,2013-01-19,2022-12-17,0.003,1.09894380227722,0.540094134390129,0.541630756544344,0.531198984646482,0.547175650327157,0.51998100655531,0.504565212795863,0.520466959257934
2023-06-24,a780d16cf7eed44d,c2cdeb207cce5ceb,17e97649403ba428,55fa6ce3e522c8bb,Joshua Van,Zhalgas Zhumagulov,1,2023,2013-01-19,2022-12-17,0.003,1.09894380227722,0.679492396381162,0.661439842224234,0.665845109466925,0.668931055399406,0.670037614949903,0.640103464775781,0.647535572127868
2023-06-24,a780d16cf7eed44d,c3ef3cb03edde8bb,54f64b5e283b0ce7,fba03cd6cc28dc41,Ilia Topuria,Josh Emmett,1,2023,2013-01-19,2022-12-17,0.003,1.09894380227722,0.766082986900869,0.759604874160573,0.784953605088834,0.752316356398506,0.752298482945203,0.752622735141355,0.786288790013512
2023-06-24,a780d16cf7eed44d,ced01368259428f5,84b3e7d38f2d2ec5,8e382b585a92affe,Neil Magny,Phil Rowe,1,2023,2013-01-19,2022-12-17,0.003,1.09894380227722,0.583988235836974,0.58272901427565,0.539395039188564,0.600063775891921,0.60055398545889,0.594459247251175,0.594946755746242
2023-06-24,a780d16cf7eed44d,f18d44292036d5de,0bc697c5936a2d0a,e0c6edcb5b5d0b90,Trevor Peek,Chepe Mariscal,0,2023,2013-01-19,2022-12-17,0.003,1.09894380227722,0.71986154621086,0.721657712406264,0.704724117296711,0.723759467947541,0.720965861838514,0.664474714954738,0.674416195809618
2023-06-24,a780d16cf7eed44d,fcc1191761e365f9,a9da3158dd2c2b5a,e00a3dee329a51f7,Jack Jenkins,Jamall Emmers,1,2023,2013-01-19,2022-12-17,0.003,1.09894380227722,0.474449416598141,0.468983425952842,0.475764443655783,0.469600238675824,0.488268574328715,0.506771710210039,0.51562812946465
2023-07-01,e9e1acc96536bb4f,0548a24a9bf8d7a0,b0d6a1d8ac3d563d,c32aeb1a59e6272d,Max Griffin,Michael Morales,0,2023,2013-01-19,2022-12-17,0.003,1.09894380227722,0.343612676315912,0.346157146154078,0.357492107354845,0.363532501119286,0.340360083563141,0.352128693405863,0.346540401734834
2023-07-01,e9e1acc96536bb4f,288f7fb936c1523c,1e719d4b676dc19a,49d2a08964c5eb11,Brunno Ferreira,Nursulton Ruziboev,0,2023,2013-01-19,2022-12-17,0.003,1.09894380227722,0.612626155752064,0.616355159964964,0.638431082380593,0.610209194425005,0.592759010751714,0.604099685005799,0.607104663878144
2023-07-01,e9e1acc96536bb4f,454265014520a3f8,48a9a128784d53d1,7772b283d288dbe2,Elves Brener,Guram Kutateladze,1,2023,2013-01-19,2022-12-17,0.003,1.09894380227722,0.562805537064725,0.551363660516731,0.57758808190809,0.560802195483103,0.547014807194388,0.556301818615339,0.586115262792097
2023-07-01,e9e1acc96536bb4f,4dc5a41f357a7d85,135d124172a0bea3,99bd51917728c25d,Damir Ismagulov,Grant Dawson,0,2023,2013-01-19,2022-12-17,0.003,1.09894380227722,0.278540291593482,0.281013176317515,0.288667830731274,0.279140804065088,0.278794510018672,0.288372927464713,0.263609120629921
2023-07-01,e9e1acc96536bb4f,962e74250884e4c1,8f765fd5775a8873,ee9ebceabfd16fa7,Rinat Fakhretdinov,Kevin Lee,1,2023,2013-01-19,2022-12-17,0.003,1.09894380227722,0.555143609333738,0.529053498190327,0.600662570354867,0.506611133801201,0.524788524095732,0.557497248826526,0.577956900347359
2023-07-01,e9e1acc96536bb4f,bd2e14ee959f9b77,1788eee370f077b7,c0badf3243907e59,Blagoy Ivanov,Alexandr Romanov,0,2023,2013-01-19,2022-12-17,0.003,1.09894380227722,0.318893207073447,0.330275626709052,0.333929535335759,0.344991165478416,0.332828298927077,0.324261532694693,0.32955958073578
2023-07-01,e9e1acc96536bb4f,cd137988da724076,c2299ec916bc7c56,eb393afdbe3293d5,Benoit Saint Denis,Ismael Bonfim,1,2023,2013-01-19,2022-12-17,0.003,1.09894380227722,0.410045708270068,0.408172095030556,0.409394612898242,0.404594845594983,0.429057793268115,0.430190708576322,0.409155143290029
2023-07-01,e9e1acc96536bb4f,dffc65202afb881d,38c5817ade8a8014,528b071cf3da7c56,Ivana Petrovic,Luana Carolina,0,2023,2013-01-19,2022-12-17,0.003,1.09894380227722,0.6215734253753,0.626728344339196,0.614326858946932,0.61570020578614,0.603603727087141,0.610800259750585,0.581924890080331
2023-07-01,e9e1acc96536bb4f,ea29714dcfb07ce2,6551c64fbcd1a467,a4a80dd7336ffd59,Ariane da Silva,Melissa Gatto,1,2023,2013-01-19,2022-12-17,0.003,1.09894380227722,0.351500445929148,0.348829908609376,0.352104917861428,0.355901682667264,0.338040433984485,0.346376920649983,0.342569413368569
2023-07-01,e9e1acc96536bb4f,f557405652165aa3,0d8011111be000b2,36b8f265bcd1b7a4,Sean Strickland,Abus Magomedov,1,2023,2013-01-19,2022-12-17,0.003,1.09894380227722,0.682203751326962,0.671268844096971,0.660585980094572,0.678174017923312,0.707719095595527,0.682897145710841,0.698445716857407
2023-07-01,e9e1acc96536bb4f,f5a6acc99bc5c634,791c8437b341fba5,7b3503352cd53abb,Joanderson Brito,Westin Wilson,1,2023,2013-01-19,2022-12-17,0.003,1.09894380227722,0.685141616738852,0.686066744322387,0.692127259062644,0.670603890912907,0.666427141510464,0.663312990316294,0.648398052748552
2023-07-01,e9e1acc96536bb4f,fe370c518cf7873e,3143bf892608139a,351c4ec637380ad5,Yana Santos,Karol Rosa,0,2023,2013-01-19,2022-12-17,0.003,1.09894380227722,0.390954388882054,0.395222136866786,0.407729824125452,0.435837993050067,0.395084339516363,0.397264885370379,0.379378803979586
2023-07-08,6085ceb59087514b,0f24f3bc1b39ea45,792be9a24df82ed6,a0f0004aadf10b71,Brandon Moreno,Alexandre Pantoja,0,2023,2013-01-19,2022-12-17,0.003,1.09894380227722,0.685469679945337,0.686329936863248,0.703874003348259,0.692763132942967,0.718310298659883,0.702348728661134,0.711217356601953
2023-07-08,6085ceb59087514b,1ffe6e8df6dbefd2,35673bf5204524ee,7a47e068f8017019,Bo Nickal,Val Woodburn,1,2023,2013-01-19,2022-12-17,0.003,1.09894380227722,0.664906356281645,0.661417995300413,0.677049013068831,0.677782274825702,0.675852128977272,0.650072100349722,0.647867995816622
2023-07-08,6085ceb59087514b,20d8f6b4b7c8bae7,d8da10db80131bec,f2925e6db404bf1d,Niko Price,Robbie Lawler,0,2023,2013-01-19,2022-12-17,0.003,1.09894380227722,0.603318710743372,0.594837188045917,0.567851627506036,0.628653619621883,0.623227417939622,0.622963172617676,0.647853302320713
2023-07-08,6085ceb59087514b,420f7e6530dbc727,51c655162e462ceb,c051c2e12d692b8a,Shannon Ross,Jesus Aguilar,0,2023,2013-01-19,2022-12-17,0.003,1.09894380227722,0.317592369388638,0.318689031971362,0.315691989089585,0.314250138364189,0.312530868579153,0.323327689701339,0.304546898727356
2023-07-08,6085ceb59087514b,4b12a4b48755cd6b,cbf5e6f231b55443,e1248941344b3288,Yair Rodriguez,Alexander Volkanovski,0,2023,2013-01-19,2022-12-17,0.003,1.09894380227722,0.267941799553178,0.268681727866625,0.288751828692382,0.283789808546524,0.267578049219413,0.264715922311496,0.216013736854917
2023-07-08,6085ceb59087514b,4ec5d9bd1442e6c1,0d7b51c9d2649a6e,e1147d3d2dabe1ce,Dricus Du Plessis,Robert Whittaker,1,2023,2013-01-19,2022-12-17,0.003,1.09894380227722,0.529498101114761,0.526529774473336,0.564873500620307,0.537030289440789,0.513939541054192,0.534083981742732,0.517168502302688
2023-07-08,6085ceb59087514b,5b71958ee063a6e8,323d4ca260dfa0ba,c7d7fda69ec410d3,Esteban Ribovics,Kamuela Kirk,1,2023,2013-01-19,2022-12-17,0.003,1.09894380227722,0.570801117125354,0.580970023390436,0.51631443181367,0.595253434832692,0.601685483858564,0.56617040003161,0.529883393812066
2023-07-08,6085ceb59087514b,69f67a4a690eb15d,6370c1c1e12723d5,71171fc96445bf65,Marcin Prachnio,Vitor Petrino,0,2023,2013-01-19,2022-12-17,0.003,1.09894380227722,0.328867391937345,0.32397065513574,0.34251171380314,0.351911274012181,0.323786061990079,0.327476202029794,0.386695157605564
2023-07-08,6085ceb59087514b,6ef12db5b099ec81,70e1f8a821b72c8b,a495f599e787614f,Jimmy Crute,Alonzo Menifield,0,2023,2013-01-19,2022-12-17,0.003,1.09894380227722,0.416553239310655,0.420753626513041,0.387221682435536,0.444811249525085,0.405887891065461,0.457437577596478,0.394573697044173
2023-07-08,6085ceb59087514b,b6ea8880cc7af439,193b9d1858bc4df3,4d8fa64202cee4c1,Dan Hooker,Jalin Turner,1,2023,2013-01-19,2022-12-17,0.003,1.09894380227722,0.418798476450184,0.422568497403505,0.416831670494794,0.413966818192388,0.381334550645779,0.355156216193308,0.36868448868704
2023-07-08,6085ceb59087514b,d3a9aceeb7e23580,4461d7e47375a895,5ef94841c4bc3f86,Tatsuro Taira,Edgar Chairez,1,2023,2013-01-19,2022-12-17,0.003,1.09894380227722,0.77945605990933,0.776920105859197,0.776539814305955,0.763614907298424,0.773213124643368,0.734144080408702,0.752541665630345
2023-07-08,6085ceb59087514b,dbf8a4b0870a47d1,3c8a5200436e19f3,f3ca6908f78efebe,Cameron Saaiman,Terrence Mitchell,1,2023,2013-01-19,2022-12-17,0.003,1.09894380227722,0.715256846040662,0.702024151083049,0.704850826937332,0.69198838476427,0.68050781955352,0.670717982224103,0.663834931052344
2023-07-08,6085ceb59087514b,ef270d8cf29d071b,40cb680ae1cd331f,cffb87059e645bd1,Yazmin Jauregui,Denise Gomes,0,2023,2013-01-19,2022-12-17,0.003,1.09894380227722,0.560252146057284,0.55342141571334,0.569084684051707,0.539219129756841,0.532596697627865,0.535909094117063,0.547315986649424
2023-07-15,c9885b1b7c7055a0,3352c65f3f6d9b2a,6b453bc35a823c3f,f4d92416da98804b,Jack Della Maddalena,Bassil Hafez,1,2023,2013-01-19,2022-12-17,0.003,1.09894380227722,0.865112032694721,0.860729473846771,0.867656164379625,0.85598040518706,0.858856382571436,0.832309292072127,0.835394059042888
2023-07-15,c9885b1b7c7055a0,3624f4ae9c1d703e,cda1099995b46cc2,d9a56ecb6e94f02e,Genaro Valdez,Evan Elder,0,2023,2013-01-19,2022-12-17,0.003,1.09894380227722,0.356986851554604,0.359522067198598,0.35824244797355,0.353968231804488,0.386602073999464,0.348857720553112,0.343920433224046
2023-07-15,c9885b1b7c7055a0,57785c9be5b4526d,914a897455693650,f8f1ec513bcfef43,Carl Deaton,Alexander Munoz,0,2023,2013-01-19,2022-12-17,0.003,1.09894380227722,0.429807541625434,0.419517063084954,0.445942474965906,0.433351609540248,0.469083813615679,0.433598050567689,0.510969355737309
2023-07-15,c9885b1b7c7055a0,6adfe44b110c1510,285ae0b4a68221f4,6b7c7460855dbbb9,JunYong Park,Albert Duraev,1,2023,2013-01-19,2022-12-17,0.003,1.09894380227722,0.617230817407776,0.608978879040151,0.596376734523876,0.604929534258959,0.612023214107059,0.580298022504788,0.61496367695968
2023-07-15,c9885b1b7c7055a0,81b7a6aa147bd912,af9efbfd63d39734,d3f5d33d61cd00c9,Chelsea Chandler,Norma Dumont,0,2023,2013-01-19,2022-12-17,0.003,1.09894380227722,0.453941673097931,0.460127741480668,0.463319261001092,0.467763832006855,0.470431710594703,0.46290911341368,0.481880238847787
2023-07-15,c9885b1b7c7055a0,8362b372adb2f302,7832f2f62f04178f,a52bc1e62cf0b7c6,Tucker Lutz,Melsik Baghdasaryan,0,2023,2013-01-19,2022-12-17,0.003,1.09894380227722,0.363603013702534,0.37304565770983,0.348859951222163,0.367074128090818,0.374724068959699,0.382292121598349,0.403672329031548
2023-07-15,c9885b1b7c7055a0,b4cc389bb4af3707,20bccc9bb4ceb23e,305d73ede05e31ad,Melquizael Costa,Austin Lingo,1,2023,2013-01-19,2022-12-17,0.003,1.09894380227722,0.505665865444162,0.518129806145871,0.493603034038532,0.539756893496924,0.500761351460508,0.505873532315536,0.482131278860252
2023-07-15,c9885b1b7c7055a0,b52dccbe69864d2a,3920d0cc288f9b0d,ee18ff42063174df,Francisco Prado,Ottman Azaitar,1,2023,2013-01-19,2022-12-17,0.003,1.09894380227722,0.518816736460097,0.523192992518047,0.487415441215218,0.53376579824804,0.541570245990641,0.559448172869754,0.564524650425237
2023-07-15,c9885b1b7c7055a0,cae7de0873e03947,06e4245d16fc5315,fc6e681bf6658faf,Ailin Perez,Ashlee Evans-Smith,1,2023,2013-01-19,2022-12-17,0.003,1.09894380227722,0.676304515949323,0.663037649161962,0.701723503642681,0.651839373106024,0.650102918842941,0.649940856434377,0.700182554322455
2023-07-15,c9885b1b7c7055a0,dae80502466c8726,6e00cfffd54653c4,7f1bf0c255ec8756,Tyson Nam,Azat Maksum,0,2023,2013-01-19,2022-12-17,0.003,1.09894380227722,0.368416087428857,0.372055698931294,0.368179939611503,0.358809376617073,0.352325073360843,0.376676756052552,0.371194186389318
2023-07-15,c9885b1b7c7055a0,e4620f3fa451a3a4,809bd1a871491508,ff62013d2fce6d13,Terrance McKinney,Nazim Sadykhov,0,2023,2013-01-19,2022-12-17,0.003,1.09894380227722,0.525677707267043,0.532205390263267,0.51017784203864,0.524258707437347,0.519011010604837,0.496141060647492,0.48795106700953
2023-07-15,c9885b1b7c7055a0,eb30c9c975e15436,6c9b66b43663f2f7,efc67b07eed39794,Viktoriia Dudakova,Istela Nunes,1,2023,2013-01-19,2022-12-17,0.003,1.09894380227722,0.695638898588065,0.680639513235235,0.712986033067735,0.685909855875747,0.703378283035245,0.674397516304488,0.666486262531958
2023-07-22,1174782eacde9b0c,319b96f615a0a154,32c355b04fc57f3a,58bbef3770bb2dfc,Marc Diakiese,Joel Alvarez,0,2023,2013-01-19,2022-12-17,0.003,1.09894380227722,0.500497822287492,0.499903867310457,0.496562036399182,0.478718370418766,0.472338697214069,0.456537326626922,0.454616921500404
2023-07-22,1174782eacde9b0c,3c4305abc2e302d0,396fe87b84ac2e1c,6751eacd16bd59bc,Lerone Murphy,Josh Culibao,1,2023,2013-01-19,2022-12-17,0.003,1.09894380227722,0.525727760472657,0.519199856975855,0.503100452838625,0.512031012969341,0.521153493006662,0.525446195844687,0.557068542807443
2023-07-22,1174782eacde9b0c,743a04674ab72ee0,51018a31ddf31eb2,a78a87d8c2bbb1cb,Molly McCann,Julija Stoliarenko,0,2023,2013-01-19,2022-12-17,0.003,1.09894380227722,0.713990488449337,0.707364778902188,0.689449483953078,0.719006229836048,0.72407587589187,0.748979369507845,0.702480254247697
2023-07-22,1174782eacde9b0c,8104fe27bdc46914,886264a0c9f4ea5e,eabf206b162b3b83,Andre Muniz,Paul Craig,0,2023,2013-01-19,2022-12-17,0.003,1.09894380227722,0.719417693811523,0.712113400277901,0.734314926507517,0.728451153719003,0.742978765250861,0.750939166271512,0.77017856693501
2023-07-22,1174782eacde9b0c,89b96bc5f3e824c5,0d5cc0170c1a7e71,f41b9f5efc7162d6,Mick Parkin,Jamal Pogues,1,2023,2013-01-19,2022-12-17,0.003,1.09894380227722,0.339111899118938,0.339132628095672,0.336186407698727,0.343775185592424,0.33102201782413,0.340596708603187,0.351793279498532
2023-07-22,1174782eacde9b0c,8b341eb556c97c23,a331233f597090a5,ea7e5bc78d9de658,Bryan Barberena,Makhmud Muradov,0,2023,2013-01-19,2022-12-17,0.003,1.09894380227722,0.428583544702716,0.425360439797979,0.431059687561562,0.436842126481968,0.458444184798071,0.42508384754796,0.413702956777483
2023-07-22,1174782eacde9b0c,90e46589a18064bc,399afbabc02376b5,c9cf753cfdf77fc2,Tom Aspinall,Marcin Tybura,1,2023,2013-01-19,2022-12-17,0.003,1.09894380227722,0.737803628199234,0.73974334767907,0.737126840141141,0.733624676370432,0.751676113943019,0.756806360698034,0.734955920179345
2023-07-22,1174782eacde9b0c,9541cf21e031354c,329e403448756217,8fd808923cffff82,Nathaniel Wood,Andre Fili,1,2023,2013-01-19,2022-12-17,0.003,1.09894380227722,0.718908931799099,0.704454394212122,0.733040399273639,0.672812089621654,0.662780958431609,0.691257704746621,0.716208142061923
2023-07-22,1174782eacde9b0c,a0bc695b35f155f1,91dac5e69e28d5b5,b9706f80d005036c,Pannie Kianzad,Ketlen Vieira,0,2023,2013-01-19,2022-12-17,0.003,1.09894380227722,0.426102061629136,0.423069120929762,0.414258877079958,0.407549053046564,0.37847861786033,0.440195183693796,0.44370770267925
2023-07-22,1174782eacde9b0c,a8a4c9f98ff73839,c739c2995a275314,fd406a32a6fb3a29,Yanal Ashmouz,Chris Duncan,0,2023,2013-01-19,2022-12-17,0.003,1.09894380227722,0.574744397492766,0.569969418324568,0.580892788188463,0.582547908350311,0.634582442044897,0.596440674631068,0.606869895900316
2023-07-22,1174782eacde9b0c,b4e2037f180c1e0e,113df4fde64735c6,850266b3dc4e506e,Davey Grant,Daniel Marcos,0,2023,2013-01-19,2022-12-17,0.003,1.09894380227722,0.365724972666288,0.369904349481211,0.355180368390162,0.379032844836052,0.360735698365856,0.37464240080379,0.356595280736434
2023-07-22,1174782eacde9b0c,c4caa8a4f32a0eed,1e4f273069fb9e85,4c88a1db5a46c6a4,Fares Ziam,Jai Herbert,1,2023,2013-01-19,2022-12-17,0.003,1.09894380227722,0.735954068781357,0.731681954789231,0.718227943738826,0.712257941750122,0.718900302296575,0.722053545828932,0.701644666878135
2023-07-22,1174782eacde9b0c,c81d1facf185467d,7138a15258dabf20,9c442aaf149ea982,Bruna Brasil,Shauna Bannon,1,2023,2013-01-19,2022-12-17,0.003,1.09894380227722,0.38267617260156,0.390332010094444,0.363516593539547,0.405187195566538,0.431610937571506,0.449217123391523,0.436970565075129
2023-07-22,1174782eacde9b0c,d54ebd2a3435a357,2975297f505e9447,a6cba6bb66c1a8c9,Jonny Parsons,Danny Roberts,1,2023,2013-01-19,2022-12-17,0.003,1.09894380227722,0.609408612369582,0.599402158428618,0.618191014253719,0.588178720834959,0.602731845113469,0.567557473401474,0.576882416748102
2023-07-22,1174782eacde9b0c,d918da575ee1bc35,65adf3856c4d9256,e8fe9c15d348e778,Jafel Filho,Daniel Barez,1,2023,2013-01-19,2022-12-17,0.003,1.09894380227722,0.551337661288178,0.562867864161746,0.54624616345736,0.582995906345876,0.606928135272155,0.609645910372097,0.609718038887759
2023-07-29,ccd58ff71e260ed5,3de326b65aa6245d,4aa58269d0664b5b,681399317dbf4701,Matthew Semelsberger,Uros Medic,0,2023,2013-01-19,2022-12-17,0.003,1.09894380227722,0.575898473028037,0.573822303680337,0.584441410764677,0.556487290420238,0.5337659153054,0.499390375896821,0.51022052065363
2023-07-29,ccd58ff71e260ed5,4327fe98e1b6f222,01641ba5df0c69b0,b27a1fcb56a3035a,Gabriel Bonfim,Trevin Giles,1,2023,2013-01-19,2022-12-17,0.003,1.09894380227722,0.552065837066137,0.550725387764126,0.571792443047384,0.57308195332651,0.574906438686076,0.569431253632674,0.52601604070266
2023-07-29,ccd58ff71e260ed5,5116f9398bfca446,972c456ff38b2015,9d83f6da776ff7d6,Claudio Ribeiro,Roman Kopylov,0,2023,2013-01-19,2022-12-17,0.003,1.09894380227722,0.362496382515965,0.355924811229434,0.35131287677945,0.367306450285574,0.392867859213301,0.380372993912081,0.386334160521565
2023-07-29,ccd58ff71e260ed5,74fef059e229d217,b1e5bcaad32a3cac,f29a6350c69f4a33,Priscila Cachoeira,Miranda Maverick,0,2023,2013-01-19,2022-12-17,0.003,1.09894380227722,0.204716199612491,0.209101011900581,0.214156002183263,0.198649121142493,0.201424135297512,0.188470239752495,0.15760745892856
2023-07-29,ccd58ff71e260ed5,7a8f218c07347c88,65db4065e2bc107d,a845f0735bc67405,Darrius Flowers,Jake Matthews,0,2023,2013-01-19,2022-12-17,0.003,1.09894380227722,0.317829130537797,0.313848344896751,0.325225949581877,0.308792642685641,0.300662368290301,0.329277431188344,0.327160010157364
2023-07-29,ccd58ff71e260ed5,800a35b3a7e52308,99df7d0a2a08a8a8,e5549c82bfb5582d,Jan Blachowicz,Alex Pereira,0,2023,2013-01-19,2022-12-17,0.003,1.09894380227722,0.443661364116185,0.444122203312594,0.427992407250348,0.435760606259571,0.442360419226206,0.43124116104628,0.458050069442818
2023-07-29,ccd58ff71e260ed5,c27e33ee8ef53866,029eaff01e6bb8f0,9e8f6c728eb01124,Dustin Poirier,Justin Gaethje,0,2023,2013-01-19,2022-12-17,0.003,1.09894380227722,0.551267309974397,0.537290269726759,0.510899924453917,0.540083736482915,0.540229915723649,0.594380186164003,0.639032976365331
2023-07-29,ccd58ff71e260ed5,cbf1e76186a0c8b3,3a46b268013afede,c58f51dedb310998,Kevin Holland,Michael Chiesa,1,2023,2013-01-19,2022-12-17,0.003,1.09894380227722,0.626641422657605,0.619737009161588,0.626204953720194,0.625309988537955,0.61739229613725,0.588953517640286,0.561283026235359
2023-07-29,ccd58ff71e260ed5,e5ac7343b6d45188,077e3ace32b72be9,65cdf4ec31143d86,CJ Vergara,Vinicius Salvador,1,2023,2013-01-19,2022-12-17,0.003,1.09894380227722,0.391370954042734,0.376555444599878,0.412989328080432,0.356231819408084,0.320790825882784,0.362520159502233,0.369853026130949
2023-07-29,ccd58ff71e260ed5,eff6ec2b2f1fb27b,ab943cd2c3c17825,d3df1add9d9a7efb,Marcos Rogerio de Lima,Derrick Lewis,0,2023,2013-01-19,2022-12-17,0.003,1.09894380227722,0.602538841312988,0.572363605232047,0.627267119123902,0.617451408284119,0.583509062365105,0.595623631217713,0.682818192547015
2023-07-29,ccd58ff71e260ed5,f1eca70738ca073e,22a92d7f62195791,887961364be5ceb3,Tony Ferguson,King Green,0,2023,2013-01-19,2022-12-17,0.003,1.09894380227722,0.39645211537082,0.397702239968153,0.389068015103278,0.395581256430448,0.381742038046133,0.371292570840556,0.397730558930448
2023-08-05,6f81b6de2557739a,1b0d5e65fdfc62cf,29af297d9f1de0f8,aa171d55d4b5208f,Damon Jackson,Billy Quarantillo,0,2023,2013-01-19,2022-12-17,0.003,1.09894380227722,0.552438362118411,0.560713880047546,0.550963170870185,0.529704143497673,0.54191734945491,0.518145895157293,0.546568579913758
2023-08-05,6f81b6de2557739a,2c0496a5f39ab8a4,04c8b08b16a5b99e,c2a670b22d2e196f,Tanner Boser,Aleksa Camur,1,2023,2013-01-19,2022-12-17,0.003,1.09894380227722,0.450056120902294,0.439162455383224,0.482852764500216,0.46200592687256,0.481744792001687,0.469461771415762,0.513540398168831
2023-08-05,6f81b6de2557739a,2c54be25b09fce50,8667caa0451d245b,e4277e87a789d687,Kennedy Nzechukwu,Dustin Jacoby,0,2023,2013-01-19,2022-12-17,0.003,1.09894380227722,0.559746711380386,0.557179432287358,0.583646538466112,0.548588278772927,0.562017440794561,0.559254497011657,0.609319770301895
2023-08-05,6f81b6de2557739a,38901948cff43ff9,60a42bf82447c919,7f6ed67d3ed3c036,Jake Hadley,Cody Durden,0,2023,2013-01-19,2022-12-17,0.003,1.09894380227722,0.496040101291789,0.492408196513057,0.505126969951924,0.494714295100508,0.48839849425066,0.500547053038719,0.491927933437122
2023-08-05,6f81b6de2557739a,436a1ce6b0c6b4bb,4682bc59d5f55145,c4d039123e62f6a9,Sean Woodson,Dennis Buzukja,1,2023,2013-01-19,2022-12-17,0.003,1.09894380227722,0.536389704620883,0.542663556450205,0.537366585497826,0.528417715320899,0.556176070587819,0.512212913324561,0.530543338914652
2023-08-05,6f81b6de2557739a,531ce3d8011fa1f6,5b86d491d63890c5,e4a47b07044ddd72,Ludovit Klein,Ignacio Bahamondes,1,2023,2013-01-19,2022-12-17,0.003,1.09894380227722,0.269271618366051,0.268274376579807,0.286419903404554,0.245681388034061,0.265157915792229,0.257924826250119,0.276455547368689
2023-08-05,6f81b6de2557739a,554163b1c8c05522,05339613bf8e9808,65f09bacd3957381,Rob Font,Cory Sandhagen,0,2023,2013-01-19,2022-12-17,0.003,1.09894380227722,0.299527461500766,0.299036392841869,0.292419623499305,0.267284783861217,0.264091231601048,0.291128003861216,0.331665925802847
2023-08-05,6f81b6de2557739a,6b5c225814a924ed,6d68c1afe954f121,8d3273573b85be09,Ode Osbourne,Asu Almabayev,0,2023,2013-01-19,2022-12-17,0.003,1.09894380227722,0.502078692115782,0.512777612303242,0.506102137452009,0.502905235366025,0.527848594361091,0.567013205581903,0.56416995150773
2023-08-05,6f81b6de2557739a,79bfba62da6242a6,da816417a579a0bd,f166e93d04a8c274,Gavin Tucker,Diego Lopes,0,2023,2013-01-19,2022-12-17,0.003,1.09894380227722,0.491791855967911,0.486097292058872,0.48255775412925,0.427887090117435,0.454173711826154,0.503734953518486,0.492761821559916
2023-08-05,6f81b6de2557739a,bda7992779a005fa,a53d30163304aa6e,d66a46de8d705353,Carlston Harris,Jeremiah Wells,1,2023,2013-01-19,2022-12-17,0.003,1.09894380227722,0.43755175040718,0.446726913662245,0.424317975590328,0.459016920624951,0.442342141411984,0.433173025153254,0.419726530927358
2023-08-05,6f81b6de2557739a,e5cb9dfc1189d77d,60425d07ef4b91a7,b9f28e7045fdfce7,Kyler Phillips,Raoni Barcelos,1,2023,2013-01-19,2022-12-17,0.003,1.09894380227722,0.731052669836764,0.732575372255151,0.736731106727617,0.72962299095629,0.72310862867514,0.73848570815326,0.714877334756595
2023-08-05,6f81b6de2557739a,ec2358459ffbe7de,6a1901c62ab3870f,b08012bbe542592a,Jessica Andrade,Tatiana Suarez,0,2023,2013-01-19,2022-12-17,0.003,1.09894380227722,0.387562952049111,0.385554608437386,0.411548019695491,0.368770630542352,0.366710832232624,0.28546766212281,0.330430321771997
2023-08-12,d2fa318f34d0aadc,1b1fd32485861655,2c9d00968f818270,d247691a6c0e9034,Hakeem Dawodu,Cub Swanson,0,2023,2013-01-19,2022-12-17,0.003,1.09894380227722,0.644299498005923,0.632714787487722,0.67245680495478,0.678769880461769,0.667166080230024,0.668237114201483,0.632207336754252
2023-08-12,d2fa318f34d0aadc,2c160a1d1fdbf0b0,0b362247806341e5,c0ac37a4a1133da9,JP Buys,Marcus McGhee,0,2023,2013-01-19,2022-12-17,0.003,1.09894380227722,0.154470534838532,0.161020244389003,0.132736643421392,0.150101224733146,0.140611579947602,0.203191991844641,0.209273725570307
2023-08-12,d2fa318f34d0aadc,560a971c6ab8b854,009c4420727149ea,6aae253467e8f9ce,AJ Dobson,Tafon Nchukwi,1,2023,2013-01-19,2022-12-17,0.003,1.09894380227722,0.393804884906208,0.404551020442329,0.390710884818065,0.416834889935737,0.453245340611427,0.37470714144241,0.355224253268365
2023-08-12,d2fa318f34d0aadc,91a5480f48bfaa71,84f727cf0166d6f2,da22387a0407a2dc,Jose Johnson,Da'Mon Blackshear,0,2023,2013-01-19,2022-12-17,0.003,1.09894380227722,0.426978670669043,0.425371450242206,0.42646977650028,0.437631878460783,0.445373169488707,0.443667079724638,0.413406896783248
2023-08-12,d2fa318f34d0aadc,9479ba3cdcb1e513,5d495dec23d7c68e,a57cb948c4c70a47,Francis Marshall,Isaac Dulgarian,0,2023,2013-01-19,2022-12-17,0.003,1.09894380227722,0.603154442169052,0.599408859794137,0.606730667205043,0.60850340651529,0.63353441626176,0.615590494540071,0.610341442904937
2023-08-12,d2fa318f34d0aadc,9576d9cba5cf5c4e,809bd1a871491508,d80ee110748171ac,Terrance McKinney,Mike Breeden,1,2023,2013-01-19,2022-12-17,0.003,1.09894380227722,0.634600741966905,0.611186952619497,0.665914425290787,0.625238787136349,0.650359030879138,0.649229298666867,0.704940268881475
2023-08-12,d2fa318f34d0aadc,9a9479663bedf8b4,830f60497fab345a,ca43de99b07b6b40,Jamie Pickett,Josh Fremd,0,2023,2013-01-19,2022-12-17,0.003,1.09894380227722,0.273922618226124,0.279919154050864,0.29151919604834,0.262902594876616,0.25732126719469,0.270063733813781,0.268709154098515
2023-08-12,d2fa318f34d0aadc,c2f730cb33df5221,9673a497a9da119a,abcf2cc6efc42031,Polyana Viana,Iasmin Lucindo,0,2023,2013-01-19,2022-12-17,0.003,1.09894380227722,0.323159495755063,0.3203622189703,0.363966305408918,0.33630969665608,0.344363911561778,0.36240414425495,0.396312726543086
2023-08-12,d2fa318f34d0aadc,c57a4810c932b296,749f572d1d3161fb,d0aaedcf7ccd0b45,Khalil Rountree Jr.,Chris Daukaus,1,2023,2013-01-19,2022-12-17,0.003,1.09894380227722,0.457281725993395,0.460695278617607,0.464808205446521,0.472237772616053,0.478301276473353,0.485469617272192,0.443007606747615
2023-08-12,d2fa318f34d0aadc,ca2aa660bea0cb60,1235b31de15d0c6e,bc7d1ad49fcb2d08,Montserrat Conejo Ruiz,Jaqueline Amorim,0,2023,2013-01-19,2022-12-17,0.003,1.09894380227722,0.416591311257696,0.407484483820646,0.443042171349274,0.395737244532965,0.412346686751728,0.436212317380805,0.44297280704766
2023-08-12,d2fa318f34d0aadc,d5929b7fbc801ce4,8eb046f83e82bf26,b5da8f7d05e85a55,Martin Buday,Josh Parisian,1,2023,2013-01-19,2022-12-17,0.003,1.09894380227722,0.676595407981685,0.653813265067668,0.698447948667477,0.655929770061899,0.678819643286003,0.672656168467747,0.690614219312335
2023-08-12,d2fa318f34d0aadc,e346f2b7af63e804,6a2f7c151031653d,6d4b63c767106d3a,Rafael Dos Anjos,Vicente Luque,0,2023,2013-01-19,2022-12-17,0.003,1.09894380227722,0.466147814611961,0.469149018104448,0.484073789647914,0.455361319061299,0.459338877503391,0.482855310415994,0.500407031864971
2023-08-12,d2fa318f34d0aadc,e3573545220ca4ea,5078e1dacf9d25f4,aa0c573da7119292,Luana Santos,Juliana Miller,1,2023,2013-01-19,2022-12-17,0.003,1.09894380227722,0.58963138500116,0.592155942123239,0.570289377044049,0.587371414399155,0.577602476895031,0.571984542810657,0.525406974808257
2023-08-19,2719f300b0439039,1a95cc401f68f4c8,0c6d9ea8306c029e,3a8176e15b9887c1,Brad Tavares,Chris Weidman,1,2023,2013-01-19,2022-12-17,0.003,1.09894380227722,0.362141869407959,0.346465259614914,0.43274051843214,0.317619584399984,0.327557647079853,0.351708250430331,0.379978437403149
2023-08-19,2719f300b0439039,621e6f0929a3dbfc,6bd02119599741a4,7c7332319c14094c,Pedro Munhoz,Marlon Vera,0,2023,2013-01-19,2022-12-17,0.003,1.09894380227722,0.346833500930369,0.354913940417914,0.340010922528518,0.360018875581357,0.355207392128297,0.393842138213029,0.336341851073476
2023-08-19,2719f300b0439039,62d53ad8f8769666,a7151778b3381036,d2cd7a69cc55e7ed,Kurt Holobaugh,Austin Hubbard,1,2023,2013-01-19,2022-12-17,0.003,1.09894380227722,0.289859738069007,0.294320057714293,0.213974688916596,0.314297671685863,0.291154348085996,0.280689348134375,0.286635623870592
2023-08-19,2719f300b0439039,78d2c01dc963f204,442c9011034ae1fd,84b3e7d38f2d2ec5,Ian Machado Garry,Neil Magny,1,2023,2013-01-19,2022-12-17,0.003,1.09894380227722,0.607059466396743,0.598359345012917,0.63242358294705,0.588694418189426,0.617062775943276,0.633188730457529,0.62231201654266
2023-08-19,2719f300b0439039,845e38dfbfea6e53,1ebe20ebbfa15e29,3df5493bb279226f,Zhang Weili,Amanda Lemos,1,2023,2013-01-19,2022-12-17,0.003,1.09894380227722,0.600072612962339,0.603437328891627,0.594958747688907,0.614191517660561,0.614305397906871,0.620831913866862,0.601217469695657
2023-08-19,2719f300b0439039,8c7b5b21b3532027,05fa626cb33d15b8,262d32ebda89efc4,Andrea Lee,Natalia Silva,0,2023,2013-01-19,2022-12-17,0.003,1.09894380227722,0.318607207575603,0.334301861033709,0.312653756719699,0.335468810933404,0.323621749486249,0.290766177558615,0.293387878139231
2023-08-19,2719f300b0439039,9f7c28381b6913c8,5f61780fe5e9b6d0,6ac9bc2953c47345,Andre Petroski,Gerald Meerschaert,1,2023,2013-01-19,2022-12-17,0.003,1.09894380227722,0.741054216404869,0.734141661641509,0.755072378815971,0.718983130749224,0.731311238076047,0.722046820900472,0.755038461488458
2023-08-19,2719f300b0439039,e9754f597ec50f6f,700a674c042b7a96,7b433309b0fd12aa,Cody Gibson,Brad Katona,0,2023,2013-01-19,2022-12-17,0.003,1.09894380227722,0.43042828957478,0.428276568783601,0.422731978132357,0.42170139865793,0.439384591940235,0.42073447593051,0.425083153099874
2023-08-19,2719f300b0439039,ee796ecb4ee8680b,b50a426a33da0012,cb696ebfb6598724,Sean O'Malley,Aljamain Sterling,1,2023,2013-01-19,2022-12-17,0.003,1.09894380227722,0.451179646847431,0.453042175688799,0.473334321918949,0.446762330188217,0.459440356174382,0.465191511734556,0.481891730021244
2023-08-19,2719f300b0439039,f329bd89e375d6df,9d62c2d8ee151f08,b4192a975027aab6,Karine Silva,Maryna Moroz,1,2023,2013-01-19,2022-12-17,0.003,1.09894380227722,0.555054882758899,0.549172124690972,0.578128295200534,0.550709355486087,0.535340357637713,0.548384244065575,0.542401472335649
2023-08-19,2719f300b0439039,f995ed679ef8bdf4,0112352cb32f5026,d1c65d2cf2925ddd,Denis Tiuliulin,Gregory Rodrigues,0,2023,2013-01-19,2022-12-17,0.003,1.09894380227722,0.26515792706364,0.277573953688708,0.26800478900323,0.286209530315739,0.261851794258616,0.253423000041013,0.263372401616868
2023-08-19,2719f300b0439039,fd4d30036a3f3efb,bc711b6dd95c1af6,da22387a0407a2dc,Mario Bautista,Da'Mon Blackshear,1,2023,2013-01-19,2022-12-17,0.003,1.09894380227722,0.600528470832065,0.604790168584376,0.582237713567165,0.574590808257849,0.589761368947716,0.587251954466001,0.607692444817159
2023-08-26,89a407032911e27e,23865dfc8361ac62,6fd953151d981979,ec0dcceace7d25a3,JJ Aldrich,Liang Na,1,2023,2013-01-19,2022-12-17,0.003,1.09894380227722,0.710507300544581,0.704368875814642,0.726696350255475,0.713935101791555,0.750986748449882,0.743785381134307,0.762266080692404
2023-08-26,89a407032911e27e,293c5f4c9aca5c54,0d65c432720accb9,c68c68efaa5ca6ef,Michal Oleksiejczuk,Chidi Njokuani,1,2023,2013-01-19,2022-12-17,0.003,1.09894380227722,0.617798358153865,0.607135647448823,0.596904284924549,0.613153277593388,0.619404628812028,0.643536453780467,0.637770615654838
2023-08-26,89a407032911e27e,48231fbd1af53674,148bb103cfbf123e,1effd880e1f1bb30,Toshiomi Kazama,Garrett Armfield,0,2023,2013-01-19,2022-12-17,0.003,1.09894380227722,0.394339797067957,0.393023095281123,0.381479497458835,0.397546719281621,0.386427827983438,0.395687317387336,0.382510550782809
2023-08-26,89a407032911e27e,5531317352862978,669970f7feba8ecd,f7467152fd9f18a2,Erin Blanchfield,Taila Santos,1,2023,2013-01-19,2022-12-17,0.003,1.09894380227722,0.805020907961625,0.799043015699483,0.802191584381627,0.806612151164118,0.814700550139938,0.775229541948854,0.799092597833443
2023-08-26,89a407032911e27e,96704d7ba3a452d9,150ff4cc642270b9,c451d67c09c55418,Max Holloway,Chan Sung Jung,1,2023,2013-01-19,2022-12-17,0.003,1.09894380227722,0.785234526419774,0.76718782820919,0.767324651154401,0.752529286106086,0.749531364869785,0.791034136251834,0.840280603397348
2023-08-26,89a407032911e27e,977250a28d3b8a3f,21b5c82c1b89dab1,fa07345cc9db5cc9,Yusaku Kinoshita,Billy Ray Goff,0,2023,2013-01-19,2022-12-17,0.003,1.09894380227722,0.500912268214687,0.516908067351929,0.469085744204184,0.53286968284903,0.541907395425286,0.541584302922932,0.514678646570297
2023-08-26,89a407032911e27e,b65b37c0e00074d9,082eba4cd80f736f,a68575214ecad140,Jarno Errens,SeungWoo Choi,0,2023,2013-01-19,2022-12-17,0.003,1.09894380227722,0.688999624867212,0.686273556508334,0.685717734040444,0.707428984147169,0.714976027945949,0.675554799742915,0.696368090478901
2023-08-26,89a407032911e27e,bfc9989751bd0d04,0c25d0a5e8cdbf19,fc08099550072fe4,Lukasz Brzeski,Waldo Cortes-Acosta,0,2023,2013-01-19,2022-12-17,0.003,1.09894380227722,0.485191712032605,0.500653500352677,0.456892731396482,0.518265068128426,0.453714707672837,0.463221708587061,0.451111860042865
2023-08-26,89a407032911e27e,c53b0f678fe2f16a,a67f5afa8d6a1b80,d4c9dcd330403612,Ryan Spann,Anthony Smith,0,2023,2013-01-19,2022-12-17,0.003,1.09894380227722,0.592014899526288,0.605854293033649,0.568337828766912,0.546532846699046,0.524520783599524,0.531136938753018,0.481893374576918
2023-08-26,89a407032911e27e,da6b863cf684e0ae,32490e80ddab1e5a,40a456a25d52ee65,Song Kenan,Rolando Bedoya,1,2023,2013-01-19,2022-12-17,0.003,1.09894380227722,0.19388521814581,0.190114990646343,0.197810039302708,0.169436965497114,0.159260033596387,0.169137887695979,0.150413816927726
2023-08-26,89a407032911e27e,dd617f6ab4916ec4,7aa3d6964eff4877,9560ff14eb3129f7,Alex Caceres,Giga Chikadze,0,2023,2013-01-19,2022-12-17,0.003,1.09894380227722,0.486076206482343,0.482459184069674,0.450366610606965,0.503242128616309,0.522043546952138,0.50351241066432,0.546576899182427
2023-08-26,89a407032911e27e,de89bea7b0dcd2d3,9e92e1ca498d7244,d8c811df0386d5e8,Fernie Garcia,Rinya Nakamura,0,2023,2013-01-19,2022-12-17,0.003,1.09894380227722,0.34316929289654,0.353688612784256,0.315691796079862,0.360396049558994,0.394961723841302,0.374836088488793,0.409703474078166
2023-08-26,89a407032911e27e,f7bc845ce74f5fe7,ac40f7e3cbecdda4,c15fa95b9a12fde4,Parker Porter,Junior Tafa,0,2023,2013-01-19,2022-12-17,0.003,1.09894380227722,0.305499295746253,0.297171225499156,0.323654976757758,0.27421235238586,0.288835581712533,0.308054858978165,0.313276718631848
2023-09-02,ef61d9f5176b3200,0d41a3fa5efef91b,5b03b61f9d90125e,fd7ab338e4953644,Morgan Charriere,Manolo Zecchini,1,2023,2013-01-19,2022-12-17,0.003,1.09894380227722,0.494624465143128,0.495608468564682,0.497003858848502,0.494318685118689,0.493900946947773,0.492527054462968,0.491580231147021
2023-09-02,ef61d9f5176b3200,1b9a127f9dadaad9,42ac4020cba261ad,8b1ed83b02303075,Caolan Loughran,Taylor Lapilus,0,2023,2013-01-19,2022-12-17,0.003,1.09894380227722,0.423132709196038,0.41346032897488,0.476090314335081,0.428874849782016,0.400435823284164,0.427049011012855,0.385837256345204
2023-09-02,ef61d9f5176b3200,1be27d95bba03f17,1497e735d9f2560a,f748267c4ab6c127,Ange Loosa,Rhys McKee,1,2023,2013-01-19,2022-12-17,0.003,1.09894380227722,0.517837570057024,0.494372111019296,0.553981298962602,0.505312727177027,0.51222438240409,0.585628032349114,0.604777468946585
2023-09-02,ef61d9f5176b3200,1c29c53ff032c5c1,e1d40e8782d80bc2,eb70e786bbdf1d16,William Gomis,Yanis Ghemmouri,1,2023,2013-01-19,2022-12-17,0.003,1.09894380227722,0.737761723446278,0.732589907722576,0.753022513149811,0.729035952271232,0.708490368368627,0.72303984807446,0.751673982845555
2023-09-02,ef61d9f5176b3200,2a48d0a98c21e736,862b0b3375aa4b6e,e3964ece586e0635,Zarah Fairn,Jacqueline Cavalcanti,0,2023,2013-01-19,2022-12-17,0.003,1.09894380227722,0.332878946242859,0.342610920661446,0.330815164831109,0.335366934536074,0.337316851916612,0.343214036192754,0.372469650424389
2023-09-02,ef61d9f5176b3200,4eaf54ad3c82b6fa,34ff304266360297,47b63240018d5d86,Manon Fiorot,Rose Namajunas,1,2023,2013-01-19,2022-12-17,0.003,1.09894380227722,0.521733712703606,0.50206937763664,0.57167122214262,0.455583911113177,0.439551839817192,0.505184000318629,0.533244428651293
2023-09-02,ef61d9f5176b3200,5098d052525da54f,0845c81e37d3bcb3,ef5dcb10d2bd4b0f,Volkan Oezdemir,Bogdan Guskov,1,2023,2013-01-19,2022-12-17,0.003,1.09894380227722,0.657028796460065,0.673122759933202,0.677344432017732,0.697477109888515,0.691295059805581,0.674414271460762,0.651934172272889
2023-09-02,ef61d9f5176b3200,ac73c6888ee9322c,102a8fdf8cbf7467,a09ed60aa67a3f67,Kleydson Rodrigues,Farid Basharat,0,2023,2013-01-19,2022-12-17,0.003,1.09894380227722,0.337856685511113,0.337529273336694,0.330408962074834,0.332783945586678,0.319345895269773,0.341089804276581,0.348449622192886
2023-09-02,ef61d9f5176b3200,dfa8fd0b82b37fa1,c2299ec916bc7c56,d945aae53e3e54e6,Benoit Saint Denis,Thiago Moises,1,2023,2013-01-19,2022-12-17,0.003,1.09894380227722,0.600472542450396,0.597696414908217,0.604242360799563,0.610583998710735,0.571638363815966,0.583654109996384,0.561571320205978
2023-09-02,ef61d9f5176b3200,e3a5a7ede88a2555,f2b3f4ef3f780168,f9ab66e67240db7b,Nora Cornolle,Joselyne Edwards,1,2023,2013-01-19,2022-12-17,0.003,1.09894380227722,0.346489682704903,0.34469934963211,0.353007343504716,0.356617071551365,0.359840100997592,0.359641779308136,0.353426967716809
2023-09-02,ef61d9f5176b3200,ea006bae605e2a6b,787bb1f087ccff8a,e2f6b2769aaedd6c,Ciryl Gane,Serghei Spivac,1,2023,2013-01-19,2022-12-17,0.003,1.09894380227722,0.648584980660442,0.661944913825854,0.649296675886872,0.671818694342991,0.681171965047293,0.684939630735613,0.639414685279881
2023-09-09,ece280745f8727b8,09a7f0979a58e6ea,a9da3158dd2c2b5a,e0c6edcb5b5d0b90,Jack Jenkins,Chepe Mariscal,0,2023,2013-01-19,2022-12-17,0.003,1.09894380227722,0.454240083300196,0.448251036903508,0.470740398211044,0.426104219440245,0.430362040471635,0.478480999225394,0.494967774040066
2023-09-09,ece280745f8727b8,0aae15358d8606b9,af9f42e6894047fc,c21a036b4e012f1c,Jamie Mullarkey,John Makdessi,1,2023,2013-01-19,2022-12-17,0.003,1.09894380227722,0.667771075819529,0.665339971913988,0.661288784902418,0.656934048970863,0.650103883584425,0.616239059368937,0.605248900424366
2023-09-09,ece280745f8727b8,222bb2c67a87d312,5cdf5339728f580d,5d1b7e3dd9e11074,Felipe dos Santos,Manel Kape,0,2023,2013-01-19,2022-12-17,0.003,1.09894380227722,0.42233466576978,0.415973915127929,0.401429631939521,0.428831307231875,0.40106985390625,0.390449820032229,0.411331587251791
2023-09-09,ece280745f8727b8,3e1c27f17433f9e4,49e96ff8ab781589,82529ce93cd9a2cf,Tyson Pedro,Anton Turkalj,1,2023,2013-01-19,2022-12-17,0.003,1.09894380227722,0.441560041966283,0.419407647876265,0.47003157077123,0.42307676782437,0.411880326689045,0.429434714682489,0.468559816391647
2023-09-09,ece280745f8727b8,56809feb4fe7ea61,9edf2c9082cc2cd8,feedf3053472fe56,Blood Diamond,Charles Radtke,0,2023,2013-01-19,2022-12-17,0.003,1.09894380227722,0.449405273423629,0.469128305914605,0.435381036869084,0.464199852515006,0.442169830542912,0.418185865920003,0.45275409768223
2023-09-09,ece280745f8727b8,5d481ff494bf40da,4cd8b03aee1d0138,b909a9a9688b5284,Shane Young,Gabriel Miranda,0,2023,2013-01-19,2022-12-17,0.003,1.09894380227722,0.69901807122696,0.705715623437777,0.680169837345503,0.718756628780543,0.721861460752919,0.701330345581725,0.659802066027659
2023-09-09,ece280745f8727b8,65c89e0c92e51bb8,4729c93ba705a3bf,dda15dbfafb792df,Kiefer Crosbie,Kevin Jousset,0,2023,2013-01-19,2022-12-17,0.003,1.09894380227722,0.422058099467857,0.420329206552748,0.42312284500535,0.416600040424063,0.418201535270595,0.43034148425485,0.45198625938897
2023-09-09,ece280745f8727b8,7f16e7725245bb2d,0d8011111be000b2,1338e2c7480bdf9e,Sean Strickland,Israel Adesanya,1,2023,2013-01-19,2022-12-17,0.003,1.09894380227722,0.357133063268085,0.350323932584272,0.354033721212444,0.358634012139361,0.388344999599956,0.390222369623277,0.400547352284522
2023-09-09,ece280745f8727b8,a3d75cc363a6544b,74f9448b97bf8bec,9014c02eff8b3d62,Da Woon Jung,Carlos Ulberg,0,2023,2013-01-19,2022-12-17,0.003,1.09894380227722,0.459641044654812,0.465095867239255,0.45410077337373,0.470386214485665,0.489931090977304,0.424176213994193,0.434174155582184
2023-09-09,ece280745f8727b8,bfff5a3777841344,267f4a6568abe245,b7b84ccd221be298,Landon Quinones,Nasrat Haqparast,0,2023,2013-01-19,2022-12-17,0.003,1.09894380227722,0.402718866045989,0.400576805327009,0.402121438306643,0.399421236567141,0.401090910996916,0.385887465596574,0.405462532640535
2023-09-09,ece280745f8727b8,e4ed294e16e16d81,279566840aa55bf2,c62fbc117d57b943,Alexander Volkov,Tai Tuivasa,1,2023,2013-01-19,2022-12-17,0.003,1.09894380227722,0.741283659103416,0.733812005498758,0.747297016786163,0.746474634993271,0.754749270533736,0.762881843194749,0.796115181284864
2023-09-09,ece280745f8727b8,f9d2137f380e66bf,be9bdec19b7e9ffe,e13abac8089a801a,Austen Lane,Justin Tafa,0,2023,2013-01-19,2022-12-17,0.003,1.09894380227722,0.494379423727246,0.505218534313358,0.492930785288332,0.511937150756621,0.498355851115047,0.457487954690677,0.476558702762667
2023-09-16,8fa2b06572365321,11318a7807cee8ca,971dba22c622af12,b6203e0492a9336c,Josefine Knutsson,Marnic Mann,1,2023,2013-01-19,2022-12-17,0.003,1.09894380227722,0.505428585593186,0.499912575933653,0.498879005970537,0.509077681537308,0.510690680010785,0.497228265003666,0.476913105164731
2023-09-16,8fa2b06572365321,2e1435c160bfe8b2,4148802ae4a50768,de45aaae23dfa392,Daniel Zellhuber,Christos Giagos,1,2023,2013-01-19,2022-12-17,0.003,1.09894380227722,0.633822648592393,0.631502980340571,0.630875907226465,0.64578003163702,0.673281439287786,0.633617090067714,0.64838708427585
2023-09-16,8fa2b06572365321,58b2fdad7af9be02,b39f7a6c2be17ee8,dc07493a87dc0a6e,Charlie Campbell,Alex Reyes,1,2023,2013-01-19,2022-12-17,0.003,1.09894380227722,0.600919097947493,0.590625345998015,0.59117939784675,0.588404482247896,0.611999297427855,0.619689911391397,0.62316494082564
2023-09-16,8fa2b06572365321,697efaf0d162e877,3a46b268013afede,6b453bc35a823c3f,Kevin Holland,Jack Della Maddalena,0,2023,2013-01-19,2022-12-17,0.003,1.09894380227722,0.373693835195873,0.381596101690004,0.370134594175055,0.415406868649012,0.43535606467329,0.376901130798937,0.368931650651935
2023-09-16,8fa2b06572365321,79f03eca3fe5cdb3,8e5d953bdb9ae5e7,ac7c765882f2c68c,Loopy Godinez,Elise Reed,1,2023,2013-01-19,2022-12-17,0.003,1.09894380227722,0.770326947233139,0.767558875643915,0.762774457595562,0.764201500236149,0.77795409757169,0.751886595853246,0.772571445449937
2023-09-16,8fa2b06572365321,7a0813ec0fadc84e,9d83f6da776ff7d6,ca43de99b07b6b40,Roman Kopylov,Josh Fremd,1,2023,2013-01-19,2022-12-17,0.003,1.09894380227722,0.597274425880277,0.598677615033244,0.621099603463209,0.593031362171908,0.575342514341159,0.594078852457485,0.590607388264066
2023-09-16,8fa2b06572365321,a5d76e93a5052e3f,31f8081c7600da93,d2f43cfaf8ca3560,Kyle Nelson,Fernando Padilla,1,2023,2013-01-19,2022-12-17,0.003,1.09894380227722,0.272625281318391,0.275324845405326,0.260767820795123,0.276586472667367,0.27508831912085,0.306773116701289,0.339146327491727
2023-09-16,8fa2b06572365321,bcec26b425194e40,68d4a891e5cf2029,a9e260472d321361,Tracy Cortez,Jasmine Jasudavicius,1,2023,2013-01-19,2022-12-17,0.003,1.09894380227722,0.62763119676105,0.629047251435421,0.597090837519241,0.621722042427994,0.613281546424043,0.63447383788417,0.614868303618332
2023-09-16,8fa2b06572365321,c0ca4c201d086ea8,f3ca6908f78efebe,fe2babf95de24fb1,Terrence Mitchell,Raul Rosas Jr.,0,2023,2013-01-19,2022-12-17,0.003,1.09894380227722,0.335091388429117,0.349022362932761,0.349519723484127,0.364964790761629,0.371652845882931,0.349054417800038,0.290348349455337
2023-09-23,c945adc22c2bfe8f,0732e6b6eb0a607d,4f3064faf17aa711,60193e707634e560,Tamires Vidal,Montserrat Rendon,0,2023,2013-01-19,2022-12-17,0.003,1.09894380227722,0.654899516890535,0.655284181387793,0.660299554895703,0.652144413553642,0.668512952666936,0.656577853139504,0.647395609122827
2023-09-23,c945adc22c2bfe8f,1496969c1497dc85,d4270315cbcf2569,f14f644d41ade29f,Jacob Malkoun,Cody Brundage,0,2023,2013-01-19,2022-12-17,0.003,1.09894380227722,0.772076110323348,0.773102084663633,0.763574958637582,0.76625301562162,0.776602721127518,0.763711495425667,0.798267727081135
2023-09-23,c945adc22c2bfe8f,23a604f460289271,72db2a14ffa73ece,c814b4c899793af6,Mateusz Gamrot,Rafael Fiziev,1,2023,2013-01-19,2022-12-17,0.003,1.09894380227722,0.64140603296244,0.647546193207681,0.633160253254651,0.634972174996313,0.671411890317568,0.660058841509902,0.614900615622001
2023-09-23,c945adc22c2bfe8f,49ede01b061cfae3,92fa1401b7927da3,da7f113b5ea39c43,Jake Collier,Mohammed Usman,0,2023,2013-01-19,2022-12-17,0.003,1.09894380227722,0.315343575833698,0.324281990921737,0.296251538340348,0.323656774428321,0.314278546675703,0.376684399485635,0.355001315042119
2023-09-23,c945adc22c2bfe8f,6e1bf1b163b3aeab,1ae8f3c723aacff4,f1d64ae34e088832,Ricardo Ramos,Charles Jourdain,0,2023,2013-01-19,2022-12-17,0.003,1.09894380227722,0.518565620921618,0.525524498843493,0.513188326233002,0.511977459627906,0.50520778935783,0.476634466087231,0.432992170554567
2023-09-23,c945adc22c2bfe8f,adb411b0f418ce33,26e3f3928b1891d9,43a59ce3bb40449e,Hannah Goldy,Mizuki,0,2023,2013-01-19,2022-12-17,0.003,1.09894380227722,0.373719592327338,0.371295427092069,0.425732147931598,0.351106862037948,0.354328110197274,0.405109981365849,0.407863576010599
2023-09-23,c945adc22c2bfe8f,b3c7a5a97978d156,33efaf2d0941cfcf,4b47e71384a9522f,Andre Fialho,Tim Means,0,2023,2013-01-19,2022-12-17,0.003,1.09894380227722,0.471112520624293,0.480719938258119,0.473442405980974,0.485340798913172,0.514679736519758,0.457034048999334,0.441083019317402
2023-09-23,c945adc22c2bfe8f,bf647be41de365e4,725b1abc9a39d873,f626118b6da0e020,AJ Fletcher,Bryan Battle,0,2023,2013-01-19,2022-12-17,0.003,1.09894380227722,0.301566402956016,0.298778379534547,0.299756494819994,0.314116052585168,0.335636646334024,0.347990479660975,0.379720724412869
2023-09-23,c945adc22c2bfe8f,d8335b728604b222,cd2c4d30c6e13b47,eb04b9d31e938edb,Marina Rodriguez,Michelle Waterson-Gomez,1,2023,2013-01-19,2022-12-17,0.003,1.09894380227722,0.650811219684436,0.642406428772216,0.639933375186618,0.619264153321314,0.600778049041933,0.634069628518078,0.645169748460768
2023-09-23,c945adc22c2bfe8f,da1b37edb8ccd3e6,82a5152216251682,d9c6f19f958643e9,Dan Ige,Bryce Mitchell,0,2023,2013-01-19,2022-12-17,0.003,1.09894380227722,0.497901442222387,0.516718374654623,0.505956042492719,0.519536848801936,0.515060543306042,0.488213214380206,0.453742221951856
2023-10-07,c8a49ff2acb6f3c5,1aa4c2fa5ffaff00,887961364be5ceb3,99bd51917728c25d,King Green,Grant Dawson,1,2023,2013-01-19,2022-12-17,0.003,1.09894380227722,0.270636929919632,0.27908759302002,0.288107210169403,0.264598762713501,0.271745136587147,0.289830932801265,0.267925824765342
2023-10-07,c8a49ff2acb6f3c5,5ee83e03aaff5fa1,2c483cf443f38ece,e0b0cf71e0d69dd0,Vanessa Demopoulos,Kanako Murata,1,2023,2013-01-19,2022-12-17,0.003,1.09894380227722,0.375891634966967,0.365506295068303,0.391071829818966,0.361613710358284,0.345217889313183,0.379034256418808,0.383733416522618
2023-10-07,c8a49ff2acb6f3c5,68095e551ff6bbfd,519e4fe37ce9ff75,814ff3018127e8fc,Drew Dober,Ricky Glenn,1,2023,2013-01-19,2022-12-17,0.003,1.09894380227722,0.619791441779473,0.619743089597827,0.652265510056146,0.615309304487788,0.6258262119822,0.608591100242856,0.582813131993084
2023-10-07,c8a49ff2acb6f3c5,b638646fb297228d,262a7d06203657e6,9abc648e76c4493a,Alexander Hernandez,Bill Algeo,0,2023,2013-01-19,2022-12-17,0.003,1.09894380227722,0.55615740977284,0.566305346358437,0.550631907363892,0.586456021195771,0.581468608738516,0.551530127457398,0.508760769451974
2023-10-07,c8a49ff2acb6f3c5,b6a6ba08898f3b6a,d7c3816669784109,d7e40dca3ae125be,Karolina Kowalkiewicz,Diana Belbita,1,2023,2013-01-19,2022-12-17,0.003,1.09894380227722,0.50089583929646,0.502285318240679,0.539073523358949,0.497244755229014,0.524180720416701,0.500790667406661,0.522245253762816
2023-10-07,c8a49ff2acb6f3c5,cc4fcfede19bc196,6fd953151d981979,80d8aed0ca9b00f3,JJ Aldrich,Montana De La Rosa,1,2023,2013-01-19,2022-12-17,0.003,1.09894380227722,0.615804162690257,0.612000660910168,0.608264358484417,0.587082625972527,0.605786464028297,0.599463971425138,0.642056358542219
2023-10-07,c8a49ff2acb6f3c5,df146b0592259e5d,7d420039bbfe7c1a,f6bcbd91b114ff58,Aoriqileng,Johnny Munoz,1,2023,2013-01-19,2022-12-17,0.003,1.09894380227722,0.401717254120954,0.397873538605713,0.397563618423996,0.377898108612691,0.37126535147592,0.395639801744909,0.396187586228947
2023-10-07,c8a49ff2acb6f3c5,e966de63c8e6b1d5,c1085e1701b13eca,eae431e70064e046,Joe Pyfer,Abdul Razak Alhassan,1,2023,2013-01-19,2022-12-17,0.003,1.09894380227722,0.700946031551174,0.692267448636023,0.726601970445057,0.704711611301341,0.716871710223773,0.713544785062719,0.700225549062331
2023-10-07,c8a49ff2acb6f3c5,eb76a5b76a68e4c4,b9437600497350f3,cdb96af67d096b1e,Joaquin Buckley,Alex Morono,1,2023,2013-01-19,2022-12-17,0.003,1.09894380227722,0.50611307433847,0.516562158245622,0.516045816454173,0.516373905662421,0.483401822148543,0.506788099593955,0.52398728057891
2023-10-07,c8a49ff2acb6f3c5,eb7b0a6f06dbdb4f,48812daf291a4e23,6e9f40c706f91f32,Mateus Mendonca,Nate Maness,0,2023,2013-01-19,2022-12-17,0.003,1.09894380227722,0.643531377344388,0.652855320417584,0.620763710510001,0.678876769819988,0.66258820600003,0.62837824575059,0.60957407493757
2023-10-14,f3a078277b3b8ff4,0197a61472fc351d,3c8a5200436e19f3,5ec591b78349ba7e,Cameron Saaiman,Christian Rodriguez,0,2023,2013-01-19,2022-12-17,0.003,1.09894380227722,0.506358970860462,0.486841566777846,0.491330308462365,0.472623226339577,0.430177410194605,0.465826706390632,0.48385838892761
2023-10-14,f3a078277b3b8ff4,0d6d212fcdf47f2e,0232cabbc30a2372,f2477cf43c4975cc,Adrian Yanez,Jonathan Martinez,0,2023,2013-01-19,2022-12-17,0.003,1.09894380227722,0.395976532896446,0.394288870654833,0.417726360997704,0.384783545992445,0.375370950787245,0.384534598278347,0.406388673323744
2023-10-14,f3a078277b3b8ff4,1ba282da76ca82ad,103e2e33a60683e1,bd532e9a2b93870c,Irina Alekseeva,Melissa Mullins,0,2023,2013-01-19,2022-12-17,0.003,1.09894380227722,0.63926429576951,0.639744484561064,0.660837331464047,0.651085115624927,0.659153648850198,0.631826664012715,0.629187305645984
2023-10-14,f3a078277b3b8ff4,3a8af8ee23444b72,92a9aa9c93192871,d31cbcdd7d69536d,Darren Elkins,TJ Brown,1,2023,2013-01-19,2022-12-17,0.003,1.09894380227722,0.559155175974663,0.547644964290673,0.598402062823794,0.575640403265267,0.55471567389421,0.524082582131246,0.537811788069001
2023-10-14,f3a078277b3b8ff4,5b7b5b01f4dcbd9c,2c5f5749569eef66,4948e412fa6ab67d,Tainara Lisboa,Ravena Oliveira,1,2023,2013-01-19,2022-12-17,0.003,1.09894380227722,0.531921939493624,0.526843841680831,0.562686901090363,0.524909514176295,0.512230878493548,0.480130771332078,0.535792951024155
2023-10-14,f3a078277b3b8ff4,6acd1c591170f597,595db60957de51d3,5f61780fe5e9b6d0,Michel Pereira,Andre Petroski,1,2023,2013-01-19,2022-12-17,0.003,1.09894380227722,0.458337664834414,0.472617403471716,0.439716962882769,0.481224677509128,0.470591686824785,0.484154654775254,0.436162690584949
2023-10-14,f3a078277b3b8ff4,751cf3d52fce1d1f,36541f1e6c5d4955,8e1f36476ef02a6a,Viviane Araujo,Jennifer Maia,1,2023,2013-01-19,2022-12-17,0.003,1.09894380227722,0.466515873806435,0.467375882258904,0.459257202892953,0.463458000565717,0.459248743051214,0.424804073290153,0.452616916764214
2023-10-14,f3a078277b3b8ff4,7f7d2abc21f171ca,809bd1a871491508,d7fe8c6b7d2872e5,Terrance McKinney,Brendon Marotte,1,2023,2013-01-19,2022-12-17,0.003,1.09894380227722,0.587641365180732,0.588001186471725,0.586381379626206,0.585697913860842,0.598477022313483,0.563130630979097,0.572948808608164
2023-10-14,f3a078277b3b8ff4,824859c7580eb35b,64a50dad704d1d49,94426bb170c88115,Edson Barboza,Sodiq Yusuff,1,2023,2013-01-19,2022-12-17,0.003,1.09894380227722,0.287179133555887,0.299828132226853,0.307923330805313,0.284472662773428,0.266541531789081,0.284091659714064,0.300091060360256
2023-10-14,f3a078277b3b8ff4,85a130a4b655c8f5,02f8fedc18cbd26c,b4c6c904a9ffc5e8,Emily Ducote,Ashley Yoder,1,2023,2013-01-19,2022-12-17,0.003,1.09894380227722,0.750485607000615,0.748475768317932,0.729362939151729,0.750686368318938,0.732078196537441,0.700968094581823,0.679669110350378
2023-10-14,f3a078277b3b8ff4,a74a8c1e0a49070d,1897b7b913736a7c,45f0cc9d18f35137,Alatengheili,Chris Gutierrez,0,2023,2013-01-19,2022-12-17,0.003,1.09894380227722,0.375062154907567,0.378047227897619,0.382575171851562,0.38059839449844,0.373305898897135,0.347761862393692,0.34169443184987
2023-10-21,13a0fb8fbdafb54f,0ea435ddf02deb60,275aca31f61ba28c,e1248941344b3288,Islam Makhachev,Alexander Volkanovski,1,2023,2013-01-19,2022-12-17,0.003,1.09894380227722,0.550495066015722,0.528311208253182,0.592209562764931,0.512708324260204,0.540293086096138,0.576819937918637,0.625151547489789
2023-10-21,13a0fb8fbdafb54f,18e5af00a8478a0e,6c9b66b43663f2f7,d05cb1e8d1b885d8,Viktoriia Dudakova,Jinh Yu Frey,1,2023,2013-01-19,2022-12-17,0.003,1.09894380227722,0.810332235874443,0.801172929700958,0.799302345416583,0.813849664205091,0.796400852658816,0.771044412848085,0.768032333980538
2023-10-21,13a0fb8fbdafb54f,3c6fb6bf9b7afd40,0bc697c5936a2d0a,3753714927f18437,Trevor Peek,Mohammad Yahya,1,2023,2013-01-19,2022-12-17,0.003,1.09894380227722,0.546082741110334,0.551908027023172,0.525473229528602,0.54818020542656,0.535203193359923,0.518812331135977,0.526046050223779
2023-10-21,13a0fb8fbdafb54f,43de9ff6064361e1,46d0a888d87d91ac,4e6738062d469256,Abu Azaitar,Sedriques Dumas,0,2023,2013-01-19,2022-12-17,0.003,1.09894380227722,0.267243890606179,0.272787608591501,0.27266934690479,0.25551746958363,0.23297900801954,0.265206285487592,0.250780497850727
2023-10-21,13a0fb8fbdafb54f,539732694ab2c8d6,06734ca9d88dec3a,12ebd7d157e91701,Shara Magomedov,Bruno Silva,1,2023,2013-01-19,2022-12-17,0.003,1.09894380227722,0.448899808640069,0.441374983666108,0.430740049801739,0.456131156681736,0.455645017616062,0.435925273532101,0.414447862979021
2023-10-21,13a0fb8fbdafb54f,7024385b5107bd4b,b07aed698fba8624,d317a5e2b3f88c5f,Ikram Aliskerov,Warlley Alves,1,2023,2013-01-19,2022-12-17,0.003,1.09894380227722,0.561992480777362,0.56023286670974,0.558806036128671,0.568728566512933,0.59236369444537,0.596581923041011,0.58094492706745
2023-10-21,13a0fb8fbdafb54f,75c5f923f966b53b,a72a2a769fa5a2be,d80ee110748171ac,Anshul Jubli,Mike Breeden,0,2023,2013-01-19,2022-12-17,0.003,1.09894380227722,0.804727862228159,0.787050950866593,0.840647644589242,0.792275257680898,0.832210630066011,0.83138286246932,0.861470890835076
2023-10-21,13a0fb8fbdafb54f,b84c447bb74febe2,329e403448756217,8d11d9c13e2ccdf7,Nathaniel Wood,Muhammad Naimov,0,2023,2013-01-19,2022-12-17,0.003,1.09894380227722,0.620759137241635,0.612174196958408,0.611525116690738,0.588928098334571,0.57201283043313,0.607994298047831,0.623829096896049
2023-10-21,13a0fb8fbdafb54f,e9256316716499b8,75353550928a7921,c96d9178c9ed9e62,Muhammad Mokaev,Tim Elliott,1,2023,2013-01-19,2022-12-17,0.003,1.09894380227722,0.870976844932806,0.86658717623606,0.866519177059938,0.841207230254634,0.862127768908884,0.844930830279197,0.872476814577354
2023-10-21,13a0fb8fbdafb54f,ed3334d108b257a6,0fd5f4b838e890cc,a54660deb6a8489c,Said Nurmagomedov,Muin Gafurov,1,2023,2013-01-19,2022-12-17,0.003,1.09894380227722,0.716227249571801,0.711849101885876,0.743495853608315,0.695562675284574,0.728627754131541,0.705593103641419,0.695722484046827
2023-10-21,13a0fb8fbdafb54f,f23e9729b2b73c27,767755fd74662dbf,f1b2aa7853d1ed6e,Khamzat Chimaev,Kamaru Usman,1,2023,2013-01-19,2022-12-17,0.003,1.09894380227722,0.42734736863049,0.420026634209922,0.488741408966486,0.42359207840063,0.419611915501215,0.463661922996643,0.412662913705497
2023-11-04,7c4ec656d8fcb867,119bc264e2bb9877,1a9480fc288e55d7,d31a5546c0e9b213,Don'Tale Mayes,Rodrigo Nascimento,0,2023,2013-01-19,2022-12-17,0.003,1.09894380227722,0.488577204296144,0.488393811869355,0.498786270860788,0.482411416872126,0.467176065145659,0.443264677648114,0.443787070250577
2023-11-04,7c4ec656d8fcb867,3a81276a9641c6a1,01641ba5df0c69b0,9d19d9e4aa2662e8,Gabriel Bonfim,Nicolas Dalby,0,2023,2013-01-19,2022-12-17,0.003,1.09894380227722,0.695233554277574,0.693982230886483,0.710042052798248,0.715861360988646,0.737365307806614,0.712353123200966,0.694539597121337
2023-11-04,7c4ec656d8fcb867,3c69bed42893da75,32c355b04fc57f3a,ec13c393d029297d,Marc Diakiese,Kaue Fernandes,1,2023,2013-01-19,2022-12-17,0.003,1.09894380227722,0.504603895733992,0.503915542191262,0.516553282435794,0.493039373953235,0.502838353054272,0.520706401061152,0.511471096653466
2023-11-04,7c4ec656d8fcb867,6532b71560ae39e0,476fe566d2df676e,71171fc96445bf65,Modestas Bukauskas,Vitor Petrino,0,2023,2013-01-19,2022-12-17,0.003,1.09894380227722,0.356752889413577,0.36023392087843,0.365612165768204,0.379395560605091,0.372575179069645,0.356847548435021,0.39883906358743
2023-11-04,7c4ec656d8fcb867,7d474fbf31894108,36b8f265bcd1b7a4,4126a78111c0855a,Abus Magomedov,Caio Borralho,0,2023,2013-01-19,2022-12-17,0.003,1.09894380227722,0.322313120887913,0.339010296494919,0.304608891622664,0.357921146719051,0.288221066000376,0.290651428359154,0.279151301681126
2023-11-04,7c4ec656d8fcb867,7df5998eca143c04,cffb87059e645bd1,f0feeb2192937424,Denise Gomes,Angela Hill,0,2023,2013-01-19,2022-12-17,0.003,1.09894380227722,0.688784326255464,0.67400638143974,0.680454199269877,0.669175062478153,0.675155341766581,0.696826275333591,0.705337227298877
2023-11-04,7c4ec656d8fcb867,9e2bb8d5961b44d4,1235b31de15d0c6e,de594b35c45c2e9a,Montserrat Conejo Ruiz,Eduarda Moura,0,2023,2013-01-19,2022-12-17,0.003,1.09894380227722,0.269964067690125,0.264884094788449,0.2820413258804,0.262545642166142,0.237738630912176,0.324602892523804,0.317063622457905
2023-11-04,7c4ec656d8fcb867,ac37849f627a79c4,41e83a89929d1327,d3df1add9d9a7efb,Jailton Almeida,Derrick Lewis,1,2023,2013-01-19,2022-12-17,0.003,1.09894380227722,0.85542180732909,0.842865990418993,0.86999937204624,0.851519360310444,0.857805599570194,0.85476024917739,0.885795786742823
2023-11-04,7c4ec656d8fcb867,ff8f92cf8fb1b76c,48a9a128784d53d1,ca36633b80be4a78,Elves Brener,Kaynan Kruschewsky,1,2023,2013-01-19,2022-12-17,0.003,1.09894380227722,0.704013396904511,0.701160788073355,0.709578459211716,0.703676093756801,0.683443591994049,0.700092714942718,0.690742933219059
2023-11-11,5a558ba1ff5e9121,128ab9aa4802c73f,b8bbdeff718dbb7d,f166e93d04a8c274,Pat Sabatini,Diego Lopes,0,2023,2013-01-19,2022-12-17,0.003,1.09894380227722,0.610489338252848,0.589234161770116,0.602556668971743,0.572930773235529,0.610863696871818,0.615957817338874,0.683305981605305
2023-11-11,5a558ba1ff5e9121,1cf69de0eea46877,c4d039123e62f6a9,e00a3dee329a51f7,Dennis Buzukja,Jamall Emmers,0,2023,2013-01-19,2022-12-17,0.003,1.09894380227722,0.399928437312129,0.39498362469762,0.39694661050807,0.396434975658307,0.412885068697722,0.435721103020314,0.470163895934242
2023-11-11,5a558ba1ff5e9121,480c4dbd2e792d86,37c5366d18ed6c05,849c5d9979df5357,Roosevelt Roberts,Mateusz Rebecki,0,2023,2013-01-19,2022-12-17,0.003,1.09894380227722,0.317607134269985,0.335110269413618,0.295491390483926,0.346317156986985,0.40393721665546,0.370484490328735,0.349107529691784
2023-11-11,5a558ba1ff5e9121,4c025d1fff9e9fce,7026eca45f65377b,da0995f19b749cfa,Jared Gordon,Mark Madsen,1,2023,2013-01-19,2022-12-17,0.003,1.09894380227722,0.632314106498052,0.633313924954782,0.61112856691386,0.670737182213165,0.650594926259113,0.646453679879714,0.652283129212359
2023-11-11,5a558ba1ff5e9121,5704e73f91b9e7f7,32ab52e5de93092d,3fa97913cfd205d3,Steve Erceg,Alessandro Costa,1,2023,2013-01-19,2022-12-17,0.003,1.09894380227722,0.508069601322328,0.503449769003212,0.520315804715038,0.50637159831328,0.523475704309366,0.505911476840207,0.465288816457785
2023-11-11,5a558ba1ff5e9121,57333b7bff20ece0,5fa2974cbd18e05c,a7897d200692ab64,John Castaneda,Kyung Ho Kang,1,2023,2013-01-19,2022-12-17,0.003,1.09894380227722,0.451995826689783,0.462982605564327,0.469232445086099,0.454130971643467,0.45144913605495,0.435596905382449,0.405440111484327
2023-11-11,5a558ba1ff5e9121,6fd67582d8adb1c7,6a1901c62ab3870f,7447e9f28508106a,Jessica Andrade,Mackenzie Dern,1,2023,2013-01-19,2022-12-17,0.003,1.09894380227722,0.593060704935915,0.612647762779673,0.560188546479485,0.625894010122233,0.612557585017907,0.641486539893782,0.58528716432213
2023-11-11,5a558ba1ff5e9121,8a0fc4624578a7e4,17e97649403ba428,34b96d52db1d26e6,Joshua Van,Kevin Borjas,1,2023,2013-01-19,2022-12-17,0.003,1.09894380227722,0.603400144535487,0.598289228314883,0.595377706839862,0.601949405678038,0.624004301081816,0.617050077340007,0.62467603619307
2023-11-11,5a558ba1ff5e9121,9fe98de1eac21f2e,c2299ec916bc7c56,dccb63727f2f5f74,Benoit Saint Denis,Matt Frevola,1,2023,2013-01-19,2022-12-17,0.003,1.09894380227722,0.704679771185048,0.695892759840428,0.720693177528373,0.688430092591108,0.687224056317966,0.673210326918899,0.683490178472556
2023-11-11,5a558ba1ff5e9121,a0362d60d2e1db0d,8e5d953bdb9ae5e7,d25240135aee03e5,Loopy Godinez,Tabatha Ricci,1,2023,2013-01-19,2022-12-17,0.003,1.09894380227722,0.554206322917581,0.551274433511469,0.545617502954191,0.561256102648064,0.567907336502783,0.545396664603631,0.570449893123822
2023-11-11,5a558ba1ff5e9121,b1f2ec122beda7a5,009341ed974bad72,e5549c82bfb5582d,Jiri Prochazka,Alex Pereira,0,2023,2013-01-19,2022-12-17,0.003,1.09894380227722,0.440068127494952,0.443193180089867,0.440614277851765,0.405947096315806,0.398259306064805,0.39301102786004,0.411944225850974
2023-11-11,5a558ba1ff5e9121,db49619221b282af,399afbabc02376b5,f14cf73e51b29254,Tom Aspinall,Sergei Pavlovich,1,2023,2013-01-19,2022-12-17,0.003,1.09894380227722,0.514605487127891,0.504001584356214,0.507294390546459,0.524736515683109,0.504760362568289,0.498544164852722,0.47913874109298
2023-11-18,3feed7d02711d8b7,16109688429c09de,0112352cb32f5026,a93f94c923c3a9cb,Denis Tiuliulin,Christian Leroy Duncan,0,2023,2013-01-19,2022-12-17,0.003,1.09894380227722,0.259362021260214,0.266649921607563,0.252887928162764,0.265444307244786,0.234864857432442,0.260565211885172,0.248611427903711
2023-11-18,3feed7d02711d8b7,2ae243f518948794,0978385b2bd9ef9b,6e743a33d56bdaa4,Nick Aguirre,Payton Talbott,0,2023,2013-01-19,2022-12-17,0.003,1.09894380227722,0.443267173990884,0.454937021396354,0.447761955551548,0.438318578441287,0.441026150366428,0.459848675925739,0.488491992321572
2023-11-18,3feed7d02711d8b7,36f10b949b935b8c,0d5cc0170c1a7e71,89839250eb25c9c1,Mick Parkin,Caio Machado,1,2023,2013-01-19,2022-12-17,0.003,1.09894380227722,0.716826865472136,0.716829546685618,0.725236837439382,0.722423240515383,0.704397979254331,0.660936555266201,0.674340246062071
2023-11-18,3feed7d02711d8b7,5be63144ac46f97e,971246648e162f0d,ac026518a9b4dc0f,Chase Hooper,Jordan Leavitt,1,2023,2013-01-19,2022-12-17,0.003,1.09894380227722,0.348966993441284,0.345597729832178,0.337525371965767,0.329516854335765,0.312107723615955,0.286155533634625,0.320659847499877
2023-11-18,3feed7d02711d8b7,62b64802ea49e2fd,791c8437b341fba5,87c0b1c696ddfb43,Joanderson Brito,Jonathan Pearce,1,2023,2013-01-19,2022-12-17,0.003,1.09894380227722,0.328078829015372,0.328358905715182,0.340428994133354,0.321470183816591,0.328203720510656,0.351362018107007,0.350732383774989
2023-11-18,3feed7d02711d8b7,6997693d552600dd,06e4245d16fc5315,3cf66c62d9069f43,Ailin Perez,Lucie Pudilova,1,2023,2013-01-19,2022-12-17,0.003,1.09894380227722,0.670348818651271,0.67400522541473,0.662068168292484,0.656093259748995,0.634466268656855,0.650397405188221,0.616600340416676
2023-11-18,3feed7d02711d8b7,73ebbfb998edc1f1,a845f0735bc67405,c32aeb1a59e6272d,Jake Matthews,Michael Morales,0,2023,2013-01-19,2022-12-17,0.003,1.09894380227722,0.391746643980543,0.39404883808755,0.361193932366166,0.412381629450771,0.417773484697687,0.410736509400044,0.425874199396651
2023-11-18,3feed7d02711d8b7,7990b6716a53b2cd,2f181c0467965b98,eabf206b162b3b83,Brendan Allen,Paul Craig,1,2023,2013-01-19,2022-12-17,0.003,1.09894380227722,0.752156038881399,0.735816940900486,0.734939843669203,0.740759262164927,0.742191957980855,0.748308026696133,0.779108725389263
2023-11-18,3feed7d02711d8b7,9abf0b60a44a82d1,814e5233e2acf2ee,83455a9d17f57dae,Charles Johnson,Rafael Estevam,0,2023,2013-01-19,2022-12-17,0.003,1.09894380227722,0.607959703416886,0.623185680786994,0.605585900142204,0.611759052502381,0.642613563481255,0.605668739832252,0.636885418308509
2023-11-18,3feed7d02711d8b7,b210b99d9c1c9196,681399317dbf4701,bf2c8e01b07d3eb1,Uros Medic,Myktybek Orolbai,0,2023,2013-01-19,2022-12-17,0.003,1.09894380227722,0.574397525971993,0.563624911856818,0.591795095783809,0.563823008931361,0.570451167572538,0.564469723041358,0.575161552214233
2023-11-18,3feed7d02711d8b7,bd4d2522cb0d1a23,a3a542074109b347,beecb672a279223e,Luana Pinheiro,Amanda Ribas,0,2023,2013-01-19,2022-12-17,0.003,1.09894380227722,0.356284476205523,0.353935908962106,0.357286176691845,0.321165178288805,0.370563398646486,0.376804757002071,0.366950140867916
2023-11-18,3feed7d02711d8b7,c1aef0f60a5b62e3,84f727cf0166d6f2,c7c39e2fb70248b3,Jose Johnson,Chad Anheliger,1,2023,2013-01-19,2022-12-17,0.003,1.09894380227722,0.59328031014303,0.599171187709838,0.575110162917996,0.626221727673399,0.613697791982727,0.578165561200586,0.545752346922448
2023-11-18,3feed7d02711d8b7,f0fe73e650b746f2,11583163f45c7b31,57186c150c645200,Lucas Alexander,Jeka Saragih,0,2023,2013-01-19,2022-12-17,0.003,1.09894380227722,0.746887790088781,0.745678883765185,0.742994385776834,0.754420788801436,0.805272594837378,0.768648855500175,0.746157025036652
2023-12-02,53e4e21f4c688801,02713b2d25f74d43,64facb6cc564262d,71505842fb6455c3,Punahele Soriano,Dustin Stoltzfus,0,2023,2013-01-19,2022-12-17,0.003,1.09894380227722,0.686667246949693,0.684708192545418,0.679697217739878,0.689400082624467,0.714215577547443,0.707158337711989,0.662268516905511
2023-12-02,53e4e21f4c688801,0320a6a967069571,23dec7c47cb418f8,f14f644d41ade29f,Zachary Reese,Cody Brundage,0,2023,2013-01-19,2022-12-17,0.003,1.09894380227722,0.55624040952408,0.554340803594125,0.541851986548108,0.567690920768793,0.587931591060814,0.539986025208249,0.544008079989056
2023-12-02,53e4e21f4c688801,03eecf1926d9c77c,4d8fa64202cee4c1,887961364be5ceb3,Jalin Turner,King Green,1,2023,2013-01-19,2022-12-17,0.003,1.09894380227722,0.463455099825006,0.465283827104658,0.464668318321001,0.478444214486586,0.487421110939015,0.456839842781276,0.465227025227175
2023-12-02,53e4e21f4c688801,0dc2fc8d39e226a3,260bd4cef10b033f,69898645d600abdb,Ihor Potieria,Rodolfo Bellato,0,2023,2013-01-19,2022-12-17,0.003,1.09894380227722,0.47458464224672,0.484923483954036,0.475265179423105,0.483156359095679,0.482482330017753,0.497895542347265,0.473620029625884
2023-12-02,53e4e21f4c688801,20bfa549cb2cabe7,ae7fe94f117f98cf,c47df9303d318c67,Joaquim Silva,Clay Guida,1,2023,2013-01-19,2022-12-17,0.003,1.09894380227722,0.408405254614933,0.404795755107242,0.378201654078299,0.394798677733513,0.404587510730306,0.443581515336674,0.442183314705921
2023-12-02,53e4e21f4c688801,246d06693b5ca1e8,05339613bf8e9808,aa72b0f831d0bfe5,Rob Font,Deiveson Figueiredo,0,2023,2013-01-19,2022-12-17,0.003,1.09894380227722,0.48859518322867,0.48668346380413,0.503299504230598,0.473338872433493,0.477953980326644,0.526508941717497,0.560681262852258
2023-12-02,53e4e21f4c688801,32813f5f46f045e8,4dcfb28c011c11b2,c730a0be691dc081,Wellington Turman,Jared Gooden,0,2023,2013-01-19,2022-12-17,0.003,1.09894380227722,0.60263224905102,0.596119915142757,0.598279048207018,0.606305234994119,0.624963284257388,0.610513485268737,0.653528652363652
2023-12-02,53e4e21f4c688801,39c4ae4624052f9f,45f7cb591c3ab00b,8c0580d4fff106c1,Sean Brady,Kelvin Gastelum,1,2023,2013-01-19,2022-12-17,0.003,1.09894380227722,0.621478664098813,0.614455273425028,0.612553262648048,0.613379387773595,0.611446869493005,0.582406211901751,0.613858996715027
2023-12-02,53e4e21f4c688801,626c82ed45fdcf59,86d9dbe1bfcbade7,b96619b3acd7d9da,Julia Avila,Miesha Tate,0,2023,2013-01-19,2022-12-17,0.003,1.09894380227722,0.560290068564004,0.557504909874312,0.530448294822019,0.513999852234044,0.514791596659308,0.499759620616912,0.529187158467585
2023-12-02,53e4e21f4c688801,9feb9500b0fedfcd,08af939f41b5a57b,eae48ff31db420c2,Beneil Dariush,Arman Tsarukyan,0,2023,2013-01-19,2022-12-17,0.003,1.09894380227722,0.383163991224275,0.380194816368219,0.356151974859647,0.408906176485084,0.419481721685546,0.404526828503688,0.425889192101019
2023-12-02,53e4e21f4c688801,d0602cdc04d2c159,7cbf7c78d3b34218,af65aa688d13eedf,Drakkar Klose,Joe Solecki,1,2023,2013-01-19,2022-12-17,0.003,1.09894380227722,0.454759144926981,0.472704468042596,0.411776459887172,0.451842798452121,0.456357197190381,0.452399931945256,0.413412535346835
2023-12-02,53e4e21f4c688801,d0ac2cc5c57c4e66,4798e823ada58fe9,5c637af9472ae7cc,Veronica Hardy,Jamey-Lyn Horth,1,2023,2013-01-19,2022-12-17,0.003,1.09894380227722,0.435568744867966,0.430533289134821,0.414623092165284,0.417854604261797,0.442287782763559,0.492002407076032,0.514499048823867
2023-12-09,5ef0088c1b19beeb,1afc4f372a125c74,285ae0b4a68221f4,886264a0c9f4ea5e,JunYong Park,Andre Muniz,0,2023,2013-01-19,2022-12-17,0.003,1.09894380227722,0.527883221520163,0.523752619647941,0.496590730485854,0.504956541909593,0.527281085107357,0.484833045316781,0.503601313052511
2023-12-09,5ef0088c1b19beeb,35addc4646509286,51c655162e462ceb,b671bdf981ad527d,Shannon Ross,HyunSung Park,0,2023,2013-01-19,2022-12-17,0.003,1.09894380227722,0.148771960900086,0.157309546670312,0.129360311647608,0.155950810498803,0.158472564972599,0.176500523455414,0.167134413611892
2023-12-09,5ef0088c1b19beeb,3adab28c5c6a9254,32490e80ddab1e5a,dda15dbfafb792df,Song Kenan,Kevin Jousset,0,2023,2013-01-19,2022-12-17,0.003,1.09894380227722,0.342915760812724,0.341820635060754,0.321396048426984,0.317322779041577,0.323837922034171,0.380919483577402,0.365470727222034
2023-12-09,5ef0088c1b19beeb,5a6e894e4b6cc703,5078e1dacf9d25f4,5e6294b37bbef029,Luana Santos,Stephanie Egger,1,2023,2013-01-19,2022-12-17,0.003,1.09894380227722,0.722102701557506,0.713638754008307,0.719375216866952,0.743405030645498,0.710491850197458,0.683644092778748,0.690181964959936
2023-12-09,5ef0088c1b19beeb,5ac1725f775c6f00,20bccc9bb4ceb23e,97cf1a2c7c5e7889,Melquizael Costa,Steve Garcia,0,2023,2013-01-19,2022-12-17,0.003,1.09894380227722,0.653317323504615,0.652787879984736,0.628603980514525,0.67738223112684,0.671643814428224,0.645400133898809,0.640378039791794
2023-12-09,5ef0088c1b19beeb,84f6de7c99779e5f,4461d7e47375a895,798e48f9e7f6ba22,Tatsuro Taira,Carlos Hernandez,1,2023,2013-01-19,2022-12-17,0.003,1.09894380227722,0.756857229607199,0.743762573319703,0.758135268472669,0.748444254290229,0.744164046587769,0.75130019022158,0.791673065490483
2023-12-09,5ef0088c1b19beeb,91093a019d32af2e,749f572d1d3161fb,d4c9dcd330403612,Khalil Rountree Jr.,Anthony Smith,1,2023,2013-01-19,2022-12-17,0.003,1.09894380227722,0.417424887581102,0.414324797930746,0.417018165907749,0.412926895292186,0.401916782520442,0.4374603018743,0.405987975562055
2023-12-09,5ef0088c1b19beeb,acc57a9c114b694a,af9f42e6894047fc,b7b84ccd221be298,Jamie Mullarkey,Nasrat Haqparast,0,2023,2013-01-19,2022-12-17,0.003,1.09894380227722,0.51214548953988,0.518247592648236,0.511309770215883,0.509296495003317,0.503420372848617,0.486778929573797,0.494784547874747
2023-12-09,5ef0088c1b19beeb,acde7c89bd724af8,02bb48869eb7ac8f,d35298b6df168456,Rayanne dos Santos,Talita Alencar,0,2023,2013-01-19,2022-12-17,0.003,1.09894380227722,0.592794492693378,0.594620083758468,0.588757695253162,0.596976302851478,0.595824323733669,0.585081582663081,0.575613776808828
2023-12-09,5ef0088c1b19beeb,f9ec8bedc15ece93,45f0cc9d18f35137,efb96bf3e9ada36f,Chris Gutierrez,Song Yadong,0,2023,2013-01-19,2022-12-17,0.003,1.09894380227722,0.405816374321426,0.402246150267987,0.406366411776084,0.411209340255691,0.420362234413935,0.45499307733718,0.465773336859962
2023-12-09,5ef0088c1b19beeb,fbedeb4e4b019b94,3cf18e01cb6cbde3,c96d9178c9ed9e62,Sumudaerji,Tim Elliott,0,2023,2013-01-19,2022-12-17,0.003,1.09894380227722,0.57946691633063,0.589380467848441,0.567878810252526,0.522509931963391,0.525772541680623,0.532046636644163,0.517505494881135
2023-12-16,a8e8587a06e73c87,1efc813ccd7a5aba,01afe0916a40c7c5,4a28cb716c19157a,Shavkat Rakhmonov,Stephen Thompson,1,2023,2013-01-19,2022-12-17,0.003,1.09894380227722,0.853049718101994,0.848294065781396,0.858109718614988,0.850956008087183,0.836181891985787,0.812260130001753,0.823718059364995
2023-12-16,a8e8587a06e73c87,3b21a9f48bac4a44,d9c6f19f958643e9,fba03cd6cc28dc41,Bryce Mitchell,Josh Emmett,0,2023,2013-01-19,2022-12-17,0.003,1.09894380227722,0.692670176346564,0.678000206993128,0.682260161023207,0.697325496622889,0.694343050025966,0.705681460629643,0.702248170086534
2023-12-16,a8e8587a06e73c87,3fa8ee3fdc04fe36,dc9572dd6ec74859,f1fac969a1d70b08,Colby Covington,Leon Edwards,0,2023,2013-01-19,2022-12-17,0.003,1.09894380227722,0.396231040162565,0.411456637668429,0.380276850694953,0.419213426562255,0.417920389716503,0.40234581168762,0.403559224945025
2023-12-16,a8e8587a06e73c87,4896b36f1333d25c,6e15f63b6c2e2c15,a0f0004aadf10b71,Brandon Royval,Alexandre Pantoja,0,2023,2013-01-19,2022-12-17,0.003,1.09894380227722,0.399670045573696,0.40510825497915,0.407660627398097,0.426854295215975,0.457289632354878,0.481129486181476,0.467533731208721
2023-12-16,a8e8587a06e73c87,4ec249e549309b16,7f6ed67d3ed3c036,f00ac08ab056af5d,Cody Durden,Tagir Ulanbekov,0,2023,2013-01-19,2022-12-17,0.003,1.09894380227722,0.569293538343077,0.559537447939197,0.586348273822833,0.548965283685588,0.527205263966674,0.545480631138212,0.56789864029762
2023-12-16,a8e8587a06e73c87,521a0e016878d174,a495f599e787614f,e4277e87a789d687,Alonzo Menifield,Dustin Jacoby,1,2023,2013-01-19,2022-12-17,0.003,1.09894380227722,0.480878464649088,0.480334762417805,0.494268356864416,0.467822648713861,0.495888049976369,0.478600028770093,0.537139906010601
2023-12-16,a8e8587a06e73c87,609d994bfe440ec3,351c4ec637380ad5,578ef12674df1e6a,Karol Rosa,Irene Aldana,0,2023,2013-01-19,2022-12-17,0.003,1.09894380227722,0.501833031638055,0.485787805552221,0.508132605313626,0.452451017657006,0.466424037711445,0.548846288899187,0.585041590089639
2023-12-16,a8e8587a06e73c87,abb6e2169ba580d2,710f0f8c5d5c9d41,8fd808923cffff82,Lucas Almeida,Andre Fili,0,2023,2013-01-19,2022-12-17,0.003,1.09894380227722,0.450469694498597,0.440646611920229,0.466261912597987,0.429098851034592,0.392800687566942,0.453735008879133,0.473025869388729
2023-12-16,a8e8587a06e73c87,ac8628d945a78b03,22a92d7f62195791,7826923b47f8d72a,Tony Ferguson,Paddy Pimblett,0,2023,2013-01-19,2022-12-17,0.003,1.09894380227722,0.232258086209019,0.234742128581683,0.225645970448528,0.232399080712712,0.212438182701204,0.237778998323658,0.240636447584326
2023-12-16,a8e8587a06e73c87,c442899c21d58779,04835018f90b118c,6551c64fbcd1a467,Casey O'Neill,Ariane da Silva,0,2023,2013-01-19,2022-12-17,0.003,1.09894380227722,0.771064747537265,0.765116295604706,0.760719543200768,0.777813263172893,0.77764209697984,0.771669749018257,0.78987165166321
2023-12-16,a8e8587a06e73c87,f8a8871d167fc929,7be14eaed4c74856,d8c7c61b176e3994,Brian Kelleher,Cody Garbrandt,0,2023,2013-01-19,2022-12-17,0.003,1.09894380227722,0.327170374766586,0.328247288243282,0.339345016400283,0.340621225389331,0.339233640513663,0.329605506677124,0.344073439524245
2023-12-16,a8e8587a06e73c87,fce6522f42b48f18,6747ccd6d1acd266,8eb046f83e82bf26,Shamil Gaziev,Martin Buday,1,2023,2013-01-19,2022-12-17,0.003,1.09894380227722,0.384213666009366,0.405033825233864,0.364022708053785,0.41504710582775,0.407380426096652,0.402368822201499,0.363606186573804
2024-01-13,010986ee359fb863,03de7404decde12f,96924b0019b3aff1,c0ac37a4a1133da9,Gaston Bolanos,Marcus McGhee,0,2024,2014-01-04,2023-12-16,0.003,1.10229922185938,0.378403213240459,0.383533565549555,0.395334096307271,0.385883602721198,0.399704981296833,0.444657488160704,0.418499737262683
2024-01-13,010986ee359fb863,0494ebcee93e717b,52ef95b5860fb28c,7b3503352cd53abb,Jean Silva,Westin Wilson,1,2024,2014-01-04,2023-12-16,0.003,1.10229922185938,0.625819507998935,0.615015876473858,0.607231828392734,0.636746626461675,0.639316863448475,0.661421760710523,0.621645860354913
2024-01-13,010986ee359fb863,477c3b9de012e4b3,8b1ed83b02303075,a09ed60aa67a3f67,Taylor Lapilus,Farid Basharat,0,2024,2014-01-04,2023-12-16,0.003,1.10229922185938,0.370169133190532,0.369326279095872,0.355793551459308,0.361325525987683,0.38766365821462,0.387442047071418,0.420740693819822
2024-01-13,010986ee359fb863,5344e76e26503716,37f560436d745c18,6c3b2525436cf5d4,Nikolas Motta,Tom Nolan,1,2024,2014-01-04,2023-12-16,0.003,1.10229922185938,0.28832300622013,0.296513403844082,0.307944331658634,0.268167429116897,0.294509557996191,0.307114350521762,0.312275781930486
2024-01-13,010986ee359fb863,5f622d812b8f407f,4aa58269d0664b5b,9fe7af8b3fbe00a0,Matthew Semelsberger,Preston Parsons,0,2024,2014-01-04,2023-12-16,0.003,1.10229922185938,0.438914669427657,0.434600042818937,0.411336645059332,0.427778026858981,0.421023586794967,0.481106806950068,0.415637964990632
2024-01-13,010986ee359fb863,640f2ae3995b3b4f,436f970c9ea9169c,d1941565abf50b16,Gabriel Benitez,Jim Miller,0,2024,2014-01-04,2023-12-16,0.003,1.10229922185938,0.388720741479972,0.392074338298297,0.379130971464978,0.339772863435583,0.36225601045943,0.37008753247856,0.416072160550727
2024-01-13,010986ee359fb863,6f13fe34cb3ca906,3738e68d2261e60f,fc08099550072fe4,Andrei Arlovski,Waldo Cortes-Acosta,0,2024,2014-01-04,2023-12-16,0.003,1.10229922185938,0.215305755975536,0.219242090615341,0.214552193244212,0.207532893323884,0.176559022373232,0.199382800429525,0.192674299253862
2024-01-13,010986ee359fb863,a8239866e1222eae,5987b2458f4b5290,bc711b6dd95c1af6,Ricky Simon,Mario Bautista,0,2024,2014-01-04,2023-12-16,0.003,1.10229922185938,0.525842611563207,0.535164241953405,0.521718453693224,0.534875817587537,0.495287306733341,0.525692372450729,0.506385672473543
2024-01-13,010986ee359fb863,d0d99889c6abd8e1,1e719d4b676dc19a,547afe1017e72dbe,Brunno Ferreira,Phil Hawes,1,2024,2014-01-04,2023-12-16,0.003,1.10229922185938,0.515652407720922,0.522117880477665,0.546318535540403,0.520408254306892,0.506422109854348,0.525630190590491,0.515305247664854
2024-01-13,010986ee359fb863,f2b407019b2a5c15,c21f26bbde777573,d802174b0c0c1f4e,Johnny Walker,Magomed Ankalaev,0,2024,2014-01-04,2023-12-16,0.003,1.10229922185938,0.361222020448375,0.368277741616107,0.391678165396726,0.38018759104561,0.347391578258179,0.383649752058351,0.349264433296123
2024-01-13,010986ee359fb863,fd29123ff92789e4,17e97649403ba428,53c10176e3bc7416,Joshua Van,Felipe Bunes,1,2024,2014-01-04,2023-12-16,0.003,1.10229922185938,0.774121518995173,0.765788311282025,0.743685212152171,0.798851359741298,0.779012637754255,0.777605013166901,0.75741367134773
2024-01-20,bd85ca0bb4f26cfc,14e53999507c76a7,0d7b51c9d2649a6e,0d8011111be000b2,Dricus Du Plessis,Sean Strickland,1,2024,2014-01-04,2023-12-16,0.003,1.10229922185938,0.619790235275423,0.620512126705791,0.632396101153609,0.628209314996646,0.616245134615943,0.618470031254552,0.61046214414733
2024-01-20,bd85ca0bb4f26cfc,1a7cd191f0cf160c,040a74bb0a465c54,76e2870ffafbe38f,Arnold Allen,Movsar Evloev,0,2024,2014-01-04,2023-12-16,0.003,1.10229922185938,0.426461832502823,0.426238385337614,0.451029968889738,0.417234766674994,0.430483386967318,0.433500081819994,0.418942022271554
2024-01-20,bd85ca0bb4f26cfc,331ddc1141e934d1,4682bc59d5f55145,f1d64ae34e088832,Sean Woodson,Charles Jourdain,1,2024,2014-01-04,2023-12-16,0.003,1.10229922185938,0.395075238936194,0.394554862343653,0.381729778219967,0.383760399548641,0.392787568051978,0.39824380461654,0.37581057502902
2024-01-20,bd85ca0bb4f26cfc,43d90683078fcee5,1a2bf44edb8055b6,c5ccd878231c5407,Serhiy Sidey,Ramon Taveras,0,2024,2014-01-04,2023-12-16,0.003,1.10229922185938,0.549885832201867,0.5493544101833,0.545738273883711,0.552994859011351,0.544313908369357,0.544302554285365,0.534848418412334
2024-01-20,bd85ca0bb4f26cfc,670e4754d8d3d172,1effd880e1f1bb30,7b433309b0fd12aa,Garrett Armfield,Brad Katona,1,2024,2014-01-04,2023-12-16,0.003,1.10229922185938,0.679132450540038,0.680665735312668,0.703037813352034,0.680952490421547,0.690231072142262,0.665683340838313,0.677366473578906
2024-01-20,bd85ca0bb4f26cfc,7736eb6bd5c1ff4a,a9e260472d321361,b1e5bcaad32a3cac,Jasmine Jasudavicius,Priscila Cachoeira,1,2024,2014-01-04,2023-12-16,0.003,1.10229922185938,0.743493279215675,0.746425151245628,0.746763606576791,0.748101033749642,0.763035014836955,0.722160320210985,0.732391054242925
2024-01-20,bd85ca0bb4f26cfc,97817609ed46baa0,84b3e7d38f2d2ec5,dd6103dd7127db1d,Neil Magny,Mike Malott,1,2024,2014-01-04,2023-12-16,0.003,1.10229922185938,0.429245338384013,0.437864011447599,0.404736571538488,0.424856062531307,0.444151381021366,0.445323722676877,0.428957886677424
2024-01-20,bd85ca0bb4f26cfc,a10e2d5416972b9c,8b6e5dc2ba1edbe7,f998f5c102250d6e,Sam Patterson,Yohan Lainesse,1,2024,2014-01-04,2023-12-16,0.003,1.10229922185938,0.544239022463882,0.54325545065833,0.550493757031139,0.538737302632346,0.495287784143619,0.474559361325292,0.501574735424783
2024-01-20,bd85ca0bb4f26cfc,ab105e5a56b5ee90,09e62c450e754913,dee294e9717012c2,Jimmy Flick,Malcolm Gordon,1,2024,2014-01-04,2023-12-16,0.003,1.10229922185938,0.412918672118216,0.414066434112661,0.42001417551132,0.394785424001234,0.36847015720562,0.3946533925202,0.389113294748327
2024-01-20,bd85ca0bb4f26cfc,ba5005d1116fa45f,5442f1bc4b47eaf3,8e9eb3fc86db0f7d,Chris Curtis,Marc-Andre Barriault,1,2024,2014-01-04,2023-12-16,0.003,1.10229922185938,0.566247419103446,0.563271859976792,0.57398724814594,0.551874611012982,0.484497778452952,0.471520063602836,0.511611796314042
2024-01-20,bd85ca0bb4f26cfc,dff2685afd98ed9e,38c7f72747f4f712,9673a497a9da119a,Gillian Robertson,Polyana Viana,1,2024,2014-01-04,2023-12-16,0.003,1.10229922185938,0.719762075762393,0.722248334389169,0.742529007383309,0.718695199455945,0.66704565420846,0.66300690181704,0.674895176973978
2024-01-20,bd85ca0bb4f26cfc,faf15b752fb8924c,cc8c623cca88f54f,fc169c387b4b465d,Mayra Bueno Silva,Raquel Pennington,0,2024,2014-01-04,2023-12-16,0.003,1.10229922185938,0.49160477525921,0.491309420425739,0.516646764337381,0.476562201278632,0.431761290331824,0.426172710720814,0.450943212422041
2024-02-03,cce79e827569f26e,330d86bfaa4155fe,b12fb759e02378de,feedf3053472fe56,Gilbert Urbina,Charles Radtke,0,2024,2014-01-04,2023-12-16,0.003,1.10229922185938,0.641167432419628,0.644491424707222,0.634856559313092,0.656782359518449,0.642275235026711,0.649221383313915,0.643707255131766
2024-02-03,cce79e827569f26e,4cff9aeef3ac75c1,40f3cb27fc7305a1,776d4262c4da38bf,Themba Gorimbo,Pete Rodriguez,1,2024,2014-01-04,2023-12-16,0.003,1.10229922185938,0.48855705548772,0.487519261518622,0.478435680191961,0.489761293260381,0.504267857652547,0.465245862641212,0.480568717707899
2024-02-03,cce79e827569f26e,733e675fd7c0052a,519e4fe37ce9ff75,b6452706b373eea1,Drew Dober,Renato Moicano,0,2024,2014-01-04,2023-12-16,0.003,1.10229922185938,0.427441090846867,0.434631010442323,0.418038837997875,0.393631886783764,0.391337364440272,0.387847279390564,0.414103027943514
2024-02-03,cce79e827569f26e,767ceb4a0cb43ade,327d5f279895110d,881bf86d4cba8578,Roman Dolidze,Nassourdine Imavov,0,2024,2014-01-04,2023-12-16,0.003,1.10229922185938,0.422298285690274,0.422164290983424,0.419671977523979,0.408898392617052,0.407726192764142,0.40575703562843,0.416479201662742
2024-02-03,cce79e827569f26e,7b1882dc76786d77,262d32ebda89efc4,36541f1e6c5d4955,Natalia Silva,Viviane Araujo,1,2024,2014-01-04,2023-12-16,0.003,1.10229922185938,0.732525243854389,0.721277489029856,0.715410609135981,0.745821590624212,0.788168371108537,0.799884845021887,0.78265989950277
2024-02-03,cce79e827569f26e,af6d56860ba4d259,447f9858ae78f921,c6aee362c7a7d482,Muslim Salikhov,Randy Brown,0,2024,2014-01-04,2023-12-16,0.003,1.10229922185938,0.356882037801525,0.358590516616324,0.364766413379253,0.33949818421665,0.318015258445242,0.307386755467131,0.347738060213666
2024-02-03,cce79e827569f26e,c28d40498150de90,528b071cf3da7c56,a78a87d8c2bbb1cb,Luana Carolina,Julija Stoliarenko,1,2024,2014-01-04,2023-12-16,0.003,1.10229922185938,0.596235794331327,0.593823367801711,0.577074104176122,0.607149781898034,0.633016496179254,0.639792180775254,0.593291407569978
2024-02-03,cce79e827569f26e,ca7d61e167d7789c,7f1bf0c255ec8756,814e5233e2acf2ee,Azat Maksum,Charles Johnson,0,2024,2014-01-04,2023-12-16,0.003,1.10229922185938,0.434274016347508,0.425156914685783,0.415833575395815,0.470400974788937,0.445103960721386,0.493447374050271,0.40535510686466
2024-02-03,cce79e827569f26e,d4ace70b3661ee6c,51018a31ddf31eb2,d7e40dca3ae125be,Molly McCann,Diana Belbita,1,2024,2014-01-04,2023-12-16,0.003,1.10229922185938,0.465905927861427,0.458890534034278,0.448778223495769,0.452168421240366,0.493606514458872,0.481828193047241,0.52352503915401
2024-02-03,cce79e827569f26e,df9847839c73a678,764d39074a352e33,f41b9f5efc7162d6,Thomas Petersen,Jamal Pogues,0,2024,2014-01-04,2023-12-16,0.003,1.10229922185938,0.432773851916194,0.429458906365293,0.437924311887343,0.425225695667764,0.403824672108147,0.408165134953217,0.401319178675928
2024-02-03,cce79e827569f26e,e1930496b33fa636,5095b0920a3602aa,d008d785f6347dc2,Blake Bilder,JeongYeong Lee,0,2024,2014-01-04,2023-12-16,0.003,1.10229922185938,0.386056020102449,0.385190788165914,0.369984610783122,0.380956347267565,0.424096953257268,0.389961019702944,0.45312509550331
2024-02-03,cce79e827569f26e,e396c509fb47b037,267f4a6568abe245,e2be0c1a9b886d92,Landon Quinones,MarQuel Mederos,0,2024,2014-01-04,2023-12-16,0.003,1.10229922185938,0.556798163757871,0.562953674280944,0.556920613989055,0.566668470879061,0.587992963459467,0.551512219777731,0.59200182717801
2024-02-10,eaea0fc7b76525a8,08f7a60bd84a6b3c,b0d6a1d8ac3d563d,d66a46de8d705353,Max Griffin,Jeremiah Wells,1,2024,2014-01-04,2023-12-16,0.003,1.10229922185938,0.468828861660785,0.487812917071265,0.509887084021258,0.487559337310439,0.438025178116867,0.466163302758889,0.411255522611887
2024-02-10,eaea0fc7b76525a8,17050a7b673dc49d,260bd4cef10b033f,f96856f9d69fd7e4,Ihor Potieria,Robert Bryczek,1,2024,2014-01-04,2023-12-16,0.003,1.10229922185938,0.540977326297862,0.54102061315516,0.535097932744182,0.540579819612153,0.563914877527312,0.55111807483428,0.53743631863181
2024-02-10,eaea0fc7b76525a8,246fef4b19c3a7ed,7ee0fd831c0fe7c3,b27a1fcb56a3035a,Carlos Prates,Trevin Giles,1,2024,2014-01-04,2023-12-16,0.003,1.10229922185938,0.46258099378826,0.460887483128636,0.471306152021247,0.453394938044027,0.436639449226034,0.415703728766704,0.43604173201908
2024-02-10,eaea0fc7b76525a8,25259e230be9cdc9,82a5152216251682,8fd808923cffff82,Dan Ige,Andre Fili,1,2024,2014-01-04,2023-12-16,0.003,1.10229922185938,0.667428484722243,0.666651858175359,0.681037184674994,0.673745353709114,0.647332720000825,0.630930946861513,0.634391290702014
2024-02-10,eaea0fc7b76525a8,406f2aacd1d1faf9,0a1942069c9ad6b6,c1085e1701b13eca,Jack Hermansson,Joe Pyfer,1,2024,2014-01-04,2023-12-16,0.003,1.10229922185938,0.383260646173877,0.397174332313053,0.402245481565675,0.375798166930856,0.332201534028214,0.361921616391856,0.348932711455966
2024-02-10,eaea0fc7b76525a8,478a637045ad49fb,41cc71cbf210e0fe,9e92e1ca498d7244,Hyder Amil,Fernie Garcia,1,2024,2014-01-04,2023-12-16,0.003,1.10229922185938,0.544681484132877,0.543162751819642,0.53921036318449,0.567257972484429,0.529043510615669,0.525252229494837,0.482155326876361
2024-02-10,eaea0fc7b76525a8,5304956aada097e8,511e82663651438d,65db4065e2bc107d,Michael Johnson,Darrius Flowers,1,2024,2014-01-04,2023-12-16,0.003,1.10229922185938,0.418979623544809,0.427578044294058,0.440701101842604,0.432256309889756,0.460466169634273,0.500372771834762,0.471699913238278
2024-02-10,eaea0fc7b76525a8,9d8473ae274ed625,260e9e0d4954aea6,369ea36e450ae62a,Rodolfo Vieira,Armen Petrosyan,1,2024,2014-01-04,2023-12-16,0.003,1.10229922185938,0.519889088706418,0.52767561100402,0.538564999504596,0.518548180846773,0.479431829014502,0.405706998964185,0.48529923425701
2024-02-10,eaea0fc7b76525a8,ad26bf55ff201f4f,56f7d7ee06be4aab,ef5dcb10d2bd4b0f,Zac Pauga,Bogdan Guskov,0,2024,2014-01-04,2023-12-16,0.003,1.10229922185938,0.58936783099266,0.589033018683313,0.572788895144431,0.597047981188153,0.587325195691837,0.547933305565544,0.578549063500757
2024-02-10,eaea0fc7b76525a8,c3986c1a56a6e94d,4e30e4250cb08b61,7138a15258dabf20,Loma Lookboonmee,Bruna Brasil,1,2024,2014-01-04,2023-12-16,0.003,1.10229922185938,0.626771076349162,0.618634817297454,0.593471001856219,0.634416433244201,0.584978768222746,0.590008392796453,0.547554442726707
2024-02-10,eaea0fc7b76525a8,dbfd7616dec2b6d5,6370c1c1e12723d5,cc7040fe76f0ef91,Marcin Prachnio,Devin Clark,1,2024,2014-01-04,2023-12-16,0.003,1.10229922185938,0.492741282743161,0.482501372793815,0.453026519096826,0.481059161615635,0.484195403757441,0.491019454766891,0.549488820762389
2024-02-10,eaea0fc7b76525a8,e7938bac3ec8b442,0c6d9ea8306c029e,d1c65d2cf2925ddd,Brad Tavares,Gregory Rodrigues,0,2024,2014-01-04,2023-12-16,0.003,1.10229922185938,0.394019570394601,0.402822700384835,0.432169398406575,0.392395962121953,0.385851048005375,0.417350675922761,0.392094114132386
2024-02-10,eaea0fc7b76525a8,edf46d6962be7e8d,0e46690e55a8df75,4bdedbdeedff7d1d,Timmy Cuamba,Bolaji Oki,0,2024,2014-01-04,2023-12-16,0.003,1.10229922185938,0.530993667713178,0.529433212407235,0.526445664454164,0.533769470943141,0.532859615089991,0.538741620065538,0.531130089355735
2024-02-17,dab0e6cb8c932162,01432891260084a4,2e5c2aa8e4ab9d82,e1147d3d2dabe1ce,Paulo Costa,Robert Whittaker,0,2024,2014-01-04,2023-12-16,0.003,1.10229922185938,0.319414952519402,0.316600114368375,0.308186547834313,0.308076722747824,0.26664964791538,0.294565632573611,0.291344989974584
2024-02-17,dab0e6cb8c932162,1456a3f96ac7e35b,ab943cd2c3c17825,c15fa95b9a12fde4,Marcos Rogerio de Lima,Junior Tafa,1,2024,2014-01-04,2023-12-16,0.003,1.10229922185938,0.368875207003148,0.365802296860448,0.357765235073171,0.361510490396717,0.349753063039917,0.358179036926072,0.394042707825746
2024-02-17,dab0e6cb8c932162,2aeb3ec2d8c05dc8,3df5493bb279226f,7447e9f28508106a,Amanda Lemos,Mackenzie Dern,1,2024,2014-01-04,2023-12-16,0.003,1.10229922185938,0.497969957890504,0.507053331983943,0.530853424773541,0.481241406563573,0.485353728205126,0.496689466296953,0.484604971833536
2024-02-17,dab0e6cb8c932162,8fb0092430448368,442c9011034ae1fd,b997be68943010fc,Ian Machado Garry,Geoff Neal,1,2024,2014-01-04,2023-12-16,0.003,1.10229922185938,0.661508092721042,0.648704239275393,0.624062539975716,0.671390619976098,0.725045932385548,0.760678067063546,0.709220697853347
2024-02-17,dab0e6cb8c932162,9785420602b452f7,056c493bbd76a918,c03520b5c88ed6b4,Henry Cejudo,Merab Dvalishvili,0,2024,2014-01-04,2023-12-16,0.003,1.10229922185938,0.379395133439056,0.386557749990977,0.412994671876923,0.370942764807546,0.370415719309487,0.346451990518802,0.375997490855908
2024-02-17,dab0e6cb8c932162,9ddaa62cc806958d,6b56e94a59b7b134,7a47e068f8017019,Oban Elliott,Val Woodburn,1,2024,2014-01-04,2023-12-16,0.003,1.10229922185938,0.584568156387938,0.572941611497736,0.554810687735774,0.594983356152574,0.592870965132837,0.612130438211554,0.577020838269819
2024-02-17,dab0e6cb8c932162,aeb3e4d9710207a4,49edd0d90f60fb7d,8a65fd9ba31fd3f7,Brendson Ribeiro,Zhang Mingyang,0,2024,2014-01-04,2023-12-16,0.003,1.10229922185938,0.513153353772405,0.516850130833368,0.518496908997248,0.514860722440752,0.512196677199215,0.499931620934949,0.50497387538348
2024-02-17,dab0e6cb8c932162,b7d238437d6644ce,05fa626cb33d15b8,f29a6350c69f4a33,Andrea Lee,Miranda Maverick,0,2024,2014-01-04,2023-12-16,0.003,1.10229922185938,0.317566587234335,0.328076752463487,0.320556584928685,0.319631377907881,0.322370246539352,0.32041241207078,0.340640450214982
2024-02-17,dab0e6cb8c932162,bec3154a11df3299,54f64b5e283b0ce7,e1248941344b3288,Ilia Topuria,Alexander Volkanovski,1,2024,2014-01-04,2023-12-16,0.003,1.10229922185938,0.473630766449578,0.472858859215216,0.492924765914433,0.490200124543409,0.484156738312453,0.521365272789193,0.467928548369836
2024-02-17,dab0e6cb8c932162,e92fb5c609e20b49,07f959e6596307bb,d8c811df0386d5e8,Carlos Vera,Rinya Nakamura,0,2024,2014-01-04,2023-12-16,0.003,1.10229922185938,0.22489958753955,0.235043848669702,0.244793527046836,0.211436206453627,0.234302711527372,0.222865572275398,0.243802241057799
2024-02-17,dab0e6cb8c932162,ef13ed466e0b42d8,876f478f796495f7,b7c5eb7cdbac6a63,Josh Quinlan,Danny Barlow,0,2024,2014-01-04,2023-12-16,0.003,1.10229922185938,0.478542679012684,0.481720359448746,0.485671412885581,0.475779434089227,0.443108877331884,0.454184576289023,0.440343876783417
2024-02-17,dab0e6cb8c932162,f87a3fa07f0009c9,093e1f5bb73850be,9d83f6da776ff7d6,Anthony Hernandez,Roman Kopylov,1,2024,2014-01-04,2023-12-16,0.003,1.10229922185938,0.618928725845482,0.615188359978339,0.617335690775259,0.634143501516791,0.614535193652174,0.59477572325324,0.578119127162526
2024-02-24,902ab9197b83d0db,063e7ce759c52f81,7debc13b36343605,b9f28e7045fdfce7,Cristian Quinonez,Raoni Barcelos,0,2024,2014-01-04,2023-12-16,0.003,1.10229922185938,0.530210200661658,0.527959571619127,0.54578179195108,0.534995835075523,0.519498663383585,0.554088564119524,0.525919345056737
2024-02-24,902ab9197b83d0db,1c03c1bb62f3aed6,31bb0772f21cabd8,5ef94841c4bc3f86,Daniel Lacerda,Edgar Chairez,0,2024,2014-01-04,2023-12-16,0.003,1.10229922185938,0.223373074808857,0.229040090809744,0.207165299829796,0.221760529022867,0.253236987973769,0.28396524858664,0.277960420700306
2024-02-24,902ab9197b83d0db,3b05a4ced6dd74f5,cbf5e6f231b55443,def8166ff24bd237,Yair Rodriguez,Brian Ortega,0,2024,2014-01-04,2023-12-16,0.003,1.10229922185938,0.665892327823392,0.661883528678101,0.687622361965331,0.673731750788674,0.707568571289325,0.723076482247165,0.700836127839216
2024-02-24,902ab9197b83d0db,50dae6b76c9c6490,21b813b919776d90,8d11d9c13e2ccdf7,Erik Silva,Muhammad Naimov,0,2024,2014-01-04,2023-12-16,0.003,1.10229922185938,0.199968589063701,0.207598255731581,0.200741525583162,0.183959923674428,0.182605158457172,0.178360975576602,0.215341715759815
2024-02-24,902ab9197b83d0db,5e8c710f9f27aff8,2526be54e6a0e62a,f2900678e98f6d6a,Denys Bondar,Ronaldo Rodriguez,0,2024,2014-01-04,2023-12-16,0.003,1.10229922185938,0.470030186699687,0.48912864684563,0.488510518744166,0.466087932734968,0.446439111769355,0.408006702410328,0.453029134470591
2024-02-24,902ab9197b83d0db,673a156925dfb31d,2e7878927067fdca,fd406a32a6fb3a29,Manuel Torres,Chris Duncan,1,2024,2014-01-04,2023-12-16,0.003,1.10229922185938,0.520085632069853,0.517923164553805,0.523389561911432,0.509942728357167,0.532276599716742,0.514054917969548,0.53328763325393
2024-02-24,902ab9197b83d0db,6e4acb2aaa2cee56,40cb680ae1cd331f,e94085e821bd81de,Yazmin Jauregui,Sam Hughes,1,2024,2014-01-04,2023-12-16,0.003,1.10229922185938,0.537818310380052,0.529696343829526,0.515642587770749,0.540461249588233,0.540312466022279,0.559476208751617,0.54870191646908
2024-02-24,902ab9197b83d0db,74f5cbecac011abb,6e15f63b6c2e2c15,792be9a24df82ed6,Brandon Royval,Brandon Moreno,1,2024,2014-01-04,2023-12-16,0.003,1.10229922185938,0.244985153536956,0.237453967331156,0.239335075987239,0.24459344899856,0.273986659375561,0.299947932585462,0.2715345144102
2024-02-24,902ab9197b83d0db,93ddc6b233d1956a,5cdf5339728f580d,dc7927cd622676a7,Felipe dos Santos,Victor Altamirano,1,2024,2014-01-04,2023-12-16,0.003,1.10229922185938,0.462546286902821,0.463991010433141,0.468347334232762,0.474184361212891,0.442434471912855,0.463296911133191,0.439648022588905
2024-02-24,902ab9197b83d0db,a376f6d5806d0c90,1e4f273069fb9e85,d747eb273a40a920,Fares Ziam,Claudio Puelles,1,2024,2014-01-04,2023-12-16,0.003,1.10229922185938,0.587917371778419,0.589888958554999,0.612830421395933,0.5926413594316,0.576274724119664,0.582074178291774,0.585711532231572
2024-02-24,902ab9197b83d0db,d1d3b6ab8a56e973,48812daf291a4e23,c051c2e12d692b8a,Mateus Mendonca,Jesus Aguilar,0,2024,2014-01-04,2023-12-16,0.003,1.10229922185938,0.414749011815069,0.429761984707094,0.417057181985048,0.403669399385554,0.444819377333798,0.439989373937784,0.466384652535104
2024-02-24,902ab9197b83d0db,ecbece0cbd60029e,3920d0cc288f9b0d,4148802ae4a50768,Francisco Prado,Daniel Zellhuber,0,2024,2014-01-04,2023-12-16,0.003,1.10229922185938,0.437216775197227,0.438760210808799,0.436111506817334,0.443561376405297,0.432027949147792,0.469641662856476,0.455749144028214
2024-03-02,e4a9dbade7c7e1a7,024beecfd3f0ed7a,32ab52e5de93092d,67c1d46f4ed16f9e,Steve Erceg,Matt Schnell,1,2024,2014-01-04,2023-12-16,0.003,1.10229922185938,0.737675196081392,0.726504185170482,0.741883551024186,0.749141259018268,0.740824344571422,0.726715984743667,0.732361671604543
2024-03-02,e4a9dbade7c7e1a7,32bd7ed48f5aea7e,830f60497fab345a,cad24459b28592ca,Jamie Pickett,Eryk Anders,0,2024,2014-01-04,2023-12-16,0.003,1.10229922185938,0.280568101871449,0.284315683705843,0.278208323049694,0.27276153401002,0.237456807785274,0.286945633330063,0.271921546166156
2024-03-02,e4a9dbade7c7e1a7,3ea7d69a1238f26a,972c456ff38b2015,a93f94c923c3a9cb,Claudio Ribeiro,Christian Leroy Duncan,0,2024,2014-01-04,2023-12-16,0.003,1.10229922185938,0.228222656093441,0.234734550275191,0.239896072705742,0.213234757668768,0.214062090212724,0.248453466257768,0.242361494112096
2024-03-02,e4a9dbade7c7e1a7,4e566db7d26df001,5b86d491d63890c5,d1053e55f00e53fe,Ludovit Klein,AJ Cunningham,1,2024,2014-01-04,2023-12-16,0.003,1.10229922185938,0.662516629217494,0.662216780906985,0.67130513567259,0.671339625115426,0.685869286972547,0.677310664624968,0.66003637364548
2024-03-02,e4a9dbade7c7e1a7,5a82757b553c40fc,75353550928a7921,ab2b4ff41d6ebe0f,Muhammad Mokaev,Alex Perez,1,2024,2014-01-04,2023-12-16,0.003,1.10229922185938,0.800816652593961,0.787829459532255,0.821628336496508,0.816375203019321,0.810850653728859,0.786096871511697,0.790930905075073
2024-03-02,e4a9dbade7c7e1a7,838fd9d2b14e0790,2cd428e9606856fd,6747ccd6d1acd266,Jairzinho Rozenstruik,Shamil Gaziev,1,2024,2014-01-04,2023-12-16,0.003,1.10229922185938,0.40717958367782,0.415528469077426,0.438177455209865,0.389369619515263,0.416592228482348,0.459303457707855,0.460380326566677
2024-03-02,e4a9dbade7c7e1a7,a7d397cd0f2ac93a,24656ef4d605c96f,bbab3baf66128ae2,Aiemann Zahabi,Javid Basharat,1,2024,2014-01-04,2023-12-16,0.003,1.10229922185938,0.307842268999113,0.306629412740454,0.301992766563112,0.297797708524312,0.278785477597591,0.296423670689854,0.324048654092182
2024-03-02,e4a9dbade7c7e1a7,ba8f219260e212f8,597499ac7a5aac62,8c169fbe1ac33637,Abdul-Kareem Al-Selwady,Loik Radzhabov,0,2024,2014-01-04,2023-12-16,0.003,1.10229922185938,0.574690038645857,0.566989119796424,0.577171989030963,0.578114230783893,0.537175764704904,0.52597013325576,0.505437868285503
2024-03-02,e4a9dbade7c7e1a7,cde2f88251b73305,18d01f7f8338ae72,b6c37948cb226e8c,Vinicius Oliveira,Benardo Sopaj,1,2024,2014-01-04,2023-12-16,0.003,1.10229922185938,0.462076511783239,0.464428600878545,0.46868447358976,0.458086110257692,0.468103259247421,0.448769900938307,0.465813782409116
2024-03-02,e4a9dbade7c7e1a7,dcf5014e56649c2f,2b6fc1c02736833d,a4dc0f2b95df4cc1,Umar Nurmagomedov,Bekzat Almakhan,1,2024,2014-01-04,2023-12-16,0.003,1.10229922185938,0.863606180568858,0.862500538588258,0.852342146948037,0.874411891497333,0.854059146509568,0.842255492624873,0.831040502209535
2024-03-02,e4a9dbade7c7e1a7,df3cc5ec78d05a71,49e96ff8ab781589,71171fc96445bf65,Tyson Pedro,Vitor Petrino,0,2024,2014-01-04,2023-12-16,0.003,1.10229922185938,0.355867483123395,0.356296745820953,0.350227701521479,0.347066064027777,0.318820011015676,0.340559753713745,0.325400636237205
2024-03-09,a9df5ae20a97b090,0133019a4f1055ee,41e83a89929d1327,fa6796c55d6c5440,Jailton Almeida,Curtis Blaydes,0,2024,2014-01-04,2023-12-16,0.003,1.10229922185938,0.561017930281508,0.539534868493864,0.581449642028822,0.5571692566151,0.583117122896301,0.513819146042559,0.602219318259337
2024-03-09,a9df5ae20a97b090,270edfb687c0d20c,3a46b268013afede,a67d071163962af8,Kevin Holland,Michael Page,0,2024,2014-01-04,2023-12-16,0.003,1.10229922185938,0.827589163679712,0.827008190779084,0.827263741307076,0.838681787428507,0.827878056443333,0.833782786679812,0.81698097687224
2024-03-09,a9df5ae20a97b090,33658a3ca932d15d,6a740daf1b279661,e872e9a9a902c045,Maycee Barber,Katlyn Cerminara,1,2024,2014-01-04,2023-12-16,0.003,1.10229922185938,0.652497670225496,0.64233844698608,0.641182415739476,0.668821487059277,0.697176052702322,0.691954505406433,0.661642492039966
2024-03-09,a9df5ae20a97b090,3677ce6c1ee06a83,12f91bfa8f1f723b,b4192a975027aab6,Joanne Wood,Maryna Moroz,1,2024,2014-01-04,2023-12-16,0.003,1.10229922185938,0.417905738682263,0.424928324697043,0.42155623852273,0.429056826226363,0.467823366273533,0.508227092551116,0.474066694242453
2024-03-09,a9df5ae20a97b090,3d3dde60e3d59c1c,077e3ace32b72be9,8d3273573b85be09,CJ Vergara,Asu Almabayev,0,2024,2014-01-04,2023-12-16,0.003,1.10229922185938,0.309006838183255,0.31013945985104,0.294523860622258,0.295220329508743,0.272549217351194,0.291791822247239,0.296122930290484
2024-03-09,a9df5ae20a97b090,68f7f992603192c6,23024fdfc966410a,6b453bc35a823c3f,Gilbert Burns,Jack Della Maddalena,0,2024,2014-01-04,2023-12-16,0.003,1.10229922185938,0.291621056708288,0.30020038448632,0.308097106534534,0.28346789437083,0.265593349697551,0.268579749800483,0.282690551271296
2024-03-09,a9df5ae20a97b090,6e73ebbd089aff5e,029eaff01e6bb8f0,c2299ec916bc7c56,Dustin Poirier,Benoit Saint Denis,1,2024,2014-01-04,2023-12-16,0.003,1.10229922185938,0.330746602691602,0.337068925066161,0.293294056420429,0.32199463573807,0.370421508398548,0.379747992850107,0.374229580333588
2024-03-09,a9df5ae20a97b090,7bc7af11050e861b,53c943c873cffe90,cd13728ae1151f46,Philipe Lins,Ion Cutelaba,1,2024,2014-01-04,2023-12-16,0.003,1.10229922185938,0.41394587626749,0.400288593842189,0.379600827244042,0.391344009179201,0.409113807408339,0.39445077171632,0.435233219700797
2024-03-09,a9df5ae20a97b090,894c44c3d04aaf6f,7c7332319c14094c,b50a426a33da0012,Marlon Vera,Sean O'Malley,0,2024,2014-01-04,2023-12-16,0.003,1.10229922185938,0.317959180255029,0.317429355250802,0.344944902361277,0.30209973415026,0.203347083729872,0.201324074268528,0.203499552409927
2024-03-09,a9df5ae20a97b090,8baff440b82afd2b,6a2f7c151031653d,72db2a14ffa73ece,Rafael Dos Anjos,Mateusz Gamrot,0,2024,2014-01-04,2023-12-16,0.003,1.10229922185938,0.277213986905006,0.282567334246952,0.274936726458988,0.270050614066932,0.261178224920051,0.273198039766445,0.265411612070296
2024-03-09,a9df5ae20a97b090,9861b6d04e6ed43c,d661ce4da776fc20,efb96bf3e9ada36f,Petr Yan,Song Yadong,1,2024,2014-01-04,2023-12-16,0.003,1.10229922185938,0.431207296891442,0.448148632913754,0.480274015650732,0.429018714559611,0.455476401744575,0.420062226817056,0.44204313857325
2024-03-09,a9df5ae20a97b090,cbdf29f36b343f6f,140567899d98978a,b5da8f7d05e85a55,Robelis Despaigne,Josh Parisian,1,2024,2014-01-04,2023-12-16,0.003,1.10229922185938,0.670760894743636,0.662277703068776,0.681855373736797,0.668943992560443,0.662662777755753,0.623268775825747,0.654398490216471
2024-03-09,a9df5ae20a97b090,ebb758b49e82d0ed,60425d07ef4b91a7,6bd02119599741a4,Kyler Phillips,Pedro Munhoz,1,2024,2014-01-04,2023-12-16,0.003,1.10229922185938,0.742843437498784,0.738643407884776,0.736360262606157,0.747249328957878,0.788019851447163,0.783345601623546,0.774801262093572
2024-03-09,a9df5ae20a97b090,f0a9dfbb6f6ac852,0d65c432720accb9,595db60957de51d3,Michal Oleksiejczuk,Michel Pereira,0,2024,2014-01-04,2023-12-16,0.003,1.10229922185938,0.433400770959464,0.433289957884856,0.404106525780711,0.420269465942737,0.438188149648544,0.421000480424799,0.465047133827225
2024-03-16,c398235fcaf8d71d,2f414494f2b6f426,91dac5e69e28d5b5,9cdd2da1a9104a0b,Pannie Kianzad,Macy Chiasson,0,2024,2014-01-04,2023-12-16,0.003,1.10229922185938,0.466673595855341,0.463500051792386,0.449945152399516,0.469942762593414,0.472913399802458,0.496723490774369,0.477038285342621
2024-03-16,c398235fcaf8d71d,35f9beb94b4ef9e2,50db8711c70196cd,8667caa0451d245b,Ovince Saint Preux,Kennedy Nzechukwu,1,2024,2014-01-04,2023-12-16,0.003,1.10229922185938,0.18417387327615,0.191666664949087,0.204499166828541,0.179876016313264,0.180261385982593,0.213007180980975,0.207435187165604
2024-03-16,c398235fcaf8d71d,451df53c13185584,65adf3856c4d9256,6d68c1afe954f121,Jafel Filho,Ode Osbourne,1,2024,2014-01-04,2023-12-16,0.003,1.10229922185938,0.633504751691707,0.630517039801195,0.641698476075405,0.636322300757335,0.613051335952386,0.608573059459142,0.598010626727828
2024-03-16,c398235fcaf8d71d,4f20f3ada1489823,a29db9cd4f9ccea5,fb3e61720be4690c,Natan Levy,Mike Davis,0,2024,2014-01-04,2023-12-16,0.003,1.10229922185938,0.49680544544819,0.505180416103511,0.527519284930894,0.495236538370047,0.510593199997966,0.500743117432223,0.556600516073769
2024-03-16,c398235fcaf8d71d,537b3cef39d2d573,d945aae53e3e54e6,e99eb0ef25885de5,Thiago Moises,Mitch Ramirez,1,2024,2014-01-04,2023-12-16,0.003,1.10229922185938,0.595772098364965,0.596022427132759,0.591411698509064,0.603866226646497,0.659379771522274,0.678190241470233,0.670302819563547
2024-03-16,c398235fcaf8d71d,569e0ba18701c305,6ac9bc2953c47345,a331233f597090a5,Gerald Meerschaert,Bryan Barberena,1,2024,2014-01-04,2023-12-16,0.003,1.10229922185938,0.570993887221829,0.56818392257245,0.576053754231634,0.606018825369632,0.584647272982863,0.582990277268338,0.559245404736767
2024-03-16,c398235fcaf8d71d,66873dde4077bd5d,3351aa64aa83c4d9,bc7d1ad49fcb2d08,Cory McKenna,Jaqueline Amorim,0,2024,2014-01-04,2023-12-16,0.003,1.10229922185938,0.419535566198108,0.407875900578154,0.420224737530211,0.394988647521761,0.416085732148894,0.475344385053046,0.440685801595475
2024-03-16,c398235fcaf8d71d,711ec0545552455b,68d35296f566792b,af9efbfd63d39734,Josiane Nunes,Chelsea Chandler,0,2024,2014-01-04,2023-12-16,0.003,1.10229922185938,0.592919244012128,0.588024157227097,0.567198651217457,0.599986678925271,0.578587310734778,0.621815506647796,0.571137363152606
2024-03-16,c398235fcaf8d71d,8bc0c220f7dcefa7,c62fbc117d57b943,c9cf753cfdf77fc2,Tai Tuivasa,Marcin Tybura,0,2024,2014-01-04,2023-12-16,0.003,1.10229922185938,0.402666828699911,0.408709585642372,0.421369099813891,0.393776483988738,0.406216622203584,0.418244172955588,0.386284096312409
2024-03-16,c398235fcaf8d71d,acc7392d48cc09a0,5ec591b78349ba7e,a57cb948c4c70a47,Christian Rodriguez,Isaac Dulgarian,1,2024,2014-01-04,2023-12-16,0.003,1.10229922185938,0.594852862791243,0.601451835588614,0.593633824626202,0.596543802174548,0.59199809132621,0.590159287510096,0.584607383915773
2024-03-16,c398235fcaf8d71d,c26f27667c230391,6751eacd16bd59bc,d964a59c48381cb6,Josh Culibao,Danny Silva,0,2024,2014-01-04,2023-12-16,0.003,1.10229922185938,0.633593514834804,0.638507072609194,0.652634223046466,0.645129632768722,0.639773470525144,0.645826518504295,0.629302607029497
2024-03-16,c398235fcaf8d71d,f1cbd73e7be64d28,68b8ebdfce9dbb61,c7c39e2fb70248b3,Charalampos Grigoriou,Chad Anheliger,0,2024,2014-01-04,2023-12-16,0.003,1.10229922185938,0.638445161171621,0.634971628198387,0.657642594799985,0.645086675152936,0.603677334108108,0.610557262787052,0.586191194000926
2024-03-23,79ff6545b0abc685,0e6782b758451063,082eba4cd80f736f,69037fc7730e4225,Jarno Errens,Steven Nguyen,1,2024,2014-01-04,2023-12-16,0.003,1.10229922185938,0.48171452213574,0.492953737663964,0.482610155758167,0.480696241972428,0.512204818658031,0.514527783021224,0.535718533573555
2024-03-23,79ff6545b0abc685,127be512f86618b2,3c8a5200436e19f3,6e743a33d56bdaa4,Cameron Saaiman,Payton Talbott,0,2024,2014-01-04,2023-12-16,0.003,1.10229922185938,0.566247243167981,0.563541499229233,0.545412094650647,0.579873342191824,0.537142443391694,0.543062567752113,0.531428601473974
2024-03-23,79ff6545b0abc685,3223b7e196a07224,0d5cc0170c1a7e71,da7f113b5ea39c43,Mick Parkin,Mohammed Usman,1,2024,2014-01-04,2023-12-16,0.003,1.10229922185938,0.648815999471678,0.653309277454752,0.66014719421113,0.671358713972598,0.67071169137618,0.683568166478601,0.652811487495845
2024-03-23,79ff6545b0abc685,48ff3f1bcefbf965,46e0d677f91bacc0,700a674c042b7a96,Miles Johns,Cody Gibson,1,2024,2014-01-04,2023-12-16,0.003,1.10229922185938,0.76487613083963,0.760475979345894,0.782135166934762,0.77739889126751,0.763082244099125,0.77758953283471,0.741375832234566
2024-03-23,79ff6545b0abc685,72f123ddb4cc9d1c,52c2ae6d2f2d2613,aa171d55d4b5208f,Youssef Zalal,Billy Quarantillo,1,2024,2014-01-04,2023-12-16,0.003,1.10229922185938,0.5150042629168,0.521734907749265,0.518741075636734,0.54264716461863,0.571792536626817,0.581279185723964,0.555690126670668
2024-03-23,79ff6545b0abc685,8c8337ce8437fe2e,1ae8f3c723aacff4,902ec2cc48c8ae8a,Ricardo Ramos,Julian Erosa,0,2024,2014-01-04,2023-12-16,0.003,1.10229922185938,0.677566022330562,0.667088515274833,0.674396091142064,0.692229787349992,0.654424844089388,0.649260985727532,0.654526039154378
2024-03-23,79ff6545b0abc685,a1294453a28beda3,d2f43cfaf8ca3560,e530df53922f413e,Fernando Padilla,Luis Pajuelo,1,2024,2014-01-04,2023-12-16,0.003,1.10229922185938,0.662075741567167,0.667120638406391,0.663613991317629,0.678225258157628,0.67047768573198,0.641239502527765,0.64842969611044
2024-03-23,79ff6545b0abc685,cd6452a463ec8a28,d35f734c56a89103,e13abac8089a801a,Karl Williams,Justin Tafa,1,2024,2014-01-04,2023-12-16,0.003,1.10229922185938,0.52734693870116,0.526760951886496,0.517252370103176,0.528088566754129,0.523361039747103,0.521266109445691,0.555168031087791
2024-03-23,79ff6545b0abc685,d564e3a6c77d0c85,009c4420727149ea,4144798612ef96e5,AJ Dobson,Edmen Shahbazyan,0,2024,2014-01-04,2023-12-16,0.003,1.10229922185938,0.350982248616017,0.35117218107756,0.367121985598487,0.344377910926508,0.370503359927947,0.346586288544129,0.362883860552834
2024-03-23,79ff6545b0abc685,de7cb625bdec0f91,a7151778b3381036,cfc3e7bb44685289,Kurt Holobaugh,Trey Ogden,0,2024,2014-01-04,2023-12-16,0.003,1.10229922185938,0.323393880252861,0.319417755752529,0.28749135341485,0.325239038292446,0.283085874346626,0.325681626887265,0.295660692977844
2024-03-23,79ff6545b0abc685,f1c3abce15ef053e,07047eb7d17fb0a2,60193e707634e560,Daria Zhelezniakova,Montserrat Rendon,1,2024,2014-01-04,2023-12-16,0.003,1.10229922185938,0.550059356978639,0.550137249342737,0.551486357484468,0.545778062523065,0.501461206054195,0.518490805542306,0.504487447835265
2024-03-23,79ff6545b0abc685,f4ea27d942a390a5,6ad8e4296f7522d9,b1f21ce050035d58,Igor Severino,Andre Lima,0,2024,2014-01-04,2023-12-16,0.003,1.10229922185938,0.567065595574929,0.567257459217232,0.559326290798927,0.573058571993848,0.569056580435564,0.565815834232224,0.559293564306053
2024-03-23,79ff6545b0abc685,faf19712bd7ea41e,47b63240018d5d86,beecb672a279223e,Rose Namajunas,Amanda Ribas,1,2024,2014-01-04,2023-12-16,0.003,1.10229922185938,0.570761024182273,0.582845486008993,0.593309771739802,0.572802864283602,0.583585995368683,0.563341829093628,0.576753248001477
2024-03-30,dba230fe33011201,17e8ab0065e9085f,07797f10b9569cfc,42ac4020cba261ad,Angel Pacheco,Caolan Loughran,0,2024,2014-01-04,2023-12-16,0.003,1.10229922185938,0.390547646823962,0.384349247024187,0.384101401499581,0.384023692393115,0.388760909915942,0.399453377826143,0.390590135061474
2024-03-30,dba230fe33011201,636b01ee49925e49,583ee11abddfc581,e00a3dee329a51f7,Nate Landwehr,Jamall Emmers,1,2024,2014-01-04,2023-12-16,0.003,1.10229922185938,0.427124117994003,0.420083105721526,0.446468564247849,0.435287008877676,0.408866665619157,0.401517634803548,0.411202687804784
2024-03-30,dba230fe33011201,697e38075fd41819,6e8f1bcdda94ff45,82529ce93cd9a2cf,Ibo Aslan,Anton Turkalj,1,2024,2014-01-04,2023-12-16,0.003,1.10229922185938,0.514063364608004,0.494271005978639,0.503501231036422,0.519958559116245,0.524434787733773,0.525400391502925,0.493871809228528
2024-03-30,dba230fe33011201,77992b8727382373,12ebd7d157e91701,3a8176e15b9887c1,Bruno Silva,Chris Weidman,0,2024,2014-01-04,2023-12-16,0.003,1.10229922185938,0.440245843743128,0.432518864489331,0.473756843001433,0.426494961608255,0.433306587382415,0.432210854974156,0.472801475591505
2024-03-30,dba230fe33011201,91aa08e910fb4412,31f8081c7600da93,9abc648e76c4493a,Kyle Nelson,Bill Algeo,1,2024,2014-01-04,2023-12-16,0.003,1.10229922185938,0.373907435932418,0.381073688184663,0.394454617592163,0.383284903516439,0.347586438212846,0.363937065261833,0.360636746419408
2024-03-30,dba230fe33011201,976abc27a4e5e26a,1291edf2d566a71a,4f140403000158b5,Julio Arce,Herbert Burns,1,2024,2014-01-04,2023-12-16,0.003,1.10229922185938,0.724137349651363,0.712707249010848,0.723146604193607,0.736789756692765,0.794678804132294,0.733922251090413,0.773270321590941
2024-03-30,dba230fe33011201,99dc6d45cbdfa322,7dda2cf308f24a02,8e5d953bdb9ae5e7,Virna Jandiroba,Loopy Godinez,1,2024,2014-01-04,2023-12-16,0.003,1.10229922185938,0.316030232785626,0.323611282900581,0.334932937052836,0.319740808852311,0.302130549763068,0.325287316518102,0.296363129724053
2024-03-30,dba230fe33011201,ce33085fc5205bab,5f61780fe5e9b6d0,d4270315cbcf2569,Andre Petroski,Jacob Malkoun,0,2024,2014-01-04,2023-12-16,0.003,1.10229922185938,0.520872977354312,0.509109482209339,0.516070606272799,0.514650588507472,0.515967921255795,0.503364896584506,0.520948811631664
2024-03-30,dba230fe33011201,de12349f334c964e,6d4b63c767106d3a,b9437600497350f3,Vicente Luque,Joaquin Buckley,0,2024,2014-01-04,2023-12-16,0.003,1.10229922185938,0.554591563550704,0.55027056155425,0.539017135666726,0.546791288234382,0.513850617950754,0.513578754035302,0.495404856100888
2024-03-30,dba230fe33011201,e30250daa73005a8,49d2a08964c5eb11,4e6738062d469256,Nursulton Ruziboev,Sedriques Dumas,1,2024,2014-01-04,2023-12-16,0.003,1.10229922185938,0.563001899430915,0.566162804647398,0.58924867387681,0.574990661194259,0.607892312363869,0.563640084648929,0.585862798788792
2024-03-30,dba230fe33011201,e6d4fdad2b3422d1,34ff304266360297,669970f7feba8ecd,Manon Fiorot,Erin Blanchfield,1,2024,2014-01-04,2023-12-16,0.003,1.10229922185938,0.26391658944799,0.268098841486623,0.268905161446932,0.251758717119747,0.266477624411815,0.28607020108332,0.291029600139513
2024-03-30,dba230fe33011201,eb9f9f61507497a5,c68c68efaa5ca6ef,f748267c4ab6c127,Chidi Njokuani,Rhys McKee,1,2024,2014-01-04,2023-12-16,0.003,1.10229922185938,0.50029837759285,0.485274842855784,0.523782607506399,0.479788553737681,0.501697144945808,0.501885695245302,0.540604264654598
2024-03-30,dba230fe33011201,f59cefe16905d62c,36e78278a77006d4,c4d039123e62f6a9,Connor Matthews,Dennis Buzukja,0,2024,2014-01-04,2023-12-16,0.003,1.10229922185938,0.535044983392256,0.522808140709744,0.529995370244396,0.535054127756987,0.481880074039743,0.469341126447178,0.469230940311973
2024-04-06,899eaba48fa864a6,0b9cd718d7e329e8,523fa774700d7d3f,cdb96af67d096b1e,Court McGee,Alex Morono,0,2024,2014-01-04,2023-12-16,0.003,1.10229922185938,0.258717804145767,0.273860343176819,0.258912502297556,0.253824506800476,0.231673812775869,0.239814118294899,0.229886663845799
2024-04-06,899eaba48fa864a6,1685eecc7ef37fb5,bd532e9a2b93870c,f2b3f4ef3f780168,Melissa Mullins,Nora Cornolle,0,2024,2014-01-04,2023-12-16,0.003,1.10229922185938,0.545235206272025,0.540008517688529,0.540197977425776,0.533850860034273,0.554577206116179,0.537447725941694,0.593491305727003
2024-04-06,899eaba48fa864a6,188e6416157e5a1f,1d239d571e342453,d3f5d33d61cd00c9,Germaine de Randamie,Norma Dumont,0,2024,2014-01-04,2023-12-16,0.003,1.10229922185938,0.416766169210342,0.432263391553296,0.449198964786867,0.389569152756528,0.379234412075395,0.359522075569662,0.407502295511383
2024-04-06,899eaba48fa864a6,1f7566c90343a680,e4ba58725825412d,ffd3224638c01b57,Dan Argueta,Jean Matsumoto,0,2024,2014-01-04,2023-12-16,0.003,1.10229922185938,0.546628411564754,0.548899947106315,0.560918602635656,0.545415685688935,0.53991963604703,0.498514352077484,0.5242584420089
2024-04-06,899eaba48fa864a6,32375b4435fea5e6,5b03b61f9d90125e,e0c6edcb5b5d0b90,Morgan Charriere,Chepe Mariscal,0,2024,2014-01-04,2023-12-16,0.003,1.10229922185938,0.504763189652834,0.506442215009039,0.507201077522249,0.508566966101666,0.515730528162665,0.529679606973439,0.527961550571661
2024-04-06,899eaba48fa864a6,3ce96bb0c69b39be,2f181c0467965b98,5442f1bc4b47eaf3,Brendan Allen,Chris Curtis,1,2024,2014-01-04,2023-12-16,0.003,1.10229922185938,0.766082843482581,0.75299919658625,0.755856496862601,0.777939076211857,0.769070773554153,0.785378889648572,0.758388024725334
2024-04-06,899eaba48fa864a6,3cf5e0ebb5f8322c,64d47ef881a437a4,a817e238b2747404,Cesar Almeida,Dylan Budka,1,2024,2014-01-04,2023-12-16,0.003,1.10229922185938,0.328361198951325,0.329767501746584,0.332892172962964,0.314419627579621,0.314367629684664,0.310898870954591,0.336538417828423
2024-04-06,899eaba48fa864a6,47f8812a335b6ce9,0bc697c5936a2d0a,b39f7a6c2be17ee8,Trevor Peek,Charlie Campbell,0,2024,2014-01-04,2023-12-16,0.003,1.10229922185938,0.454578772180633,0.456862018101005,0.449240318294955,0.435361928508869,0.419221638524292,0.424559807345774,0.451384637443524
2024-04-06,899eaba48fa864a6,5c3b8819dbe98114,f264ba50b007f39e,f7be1db194e03d7e,Victor Hugo,Pedro Falcao,1,2024,2014-01-04,2023-12-16,0.003,1.10229922185938,0.537879718893986,0.540438982222745,0.539811852724422,0.541502953130975,0.537946389748844,0.529331948328759,0.528620368546819
2024-04-06,899eaba48fa864a6,6ff21ea2c75c48ed,de45aaae23dfa392,e4a47b07044ddd72,Christos Giagos,Ignacio Bahamondes,0,2024,2014-01-04,2023-12-16,0.003,1.10229922185938,0.210214457081032,0.219131337772904,0.224575582119939,0.200266545707438,0.211171696018596,0.238613705097482,0.223679994838433
2024-04-06,899eaba48fa864a6,9c22ddb8d8fc1838,262a7d06203657e6,29af297d9f1de0f8,Alexander Hernandez,Damon Jackson,0,2024,2014-01-04,2023-12-16,0.003,1.10229922185938,0.587662399729929,0.595398793225511,0.605960683525225,0.600009501027404,0.575666777288943,0.601491995514301,0.583612544120175
2024-04-06,899eaba48fa864a6,ff5a8078ea85bbc7,0c25d0a5e8cdbf19,f5779a2303ed76ec,Lukasz Brzeski,Valter Walker,1,2024,2014-01-04,2023-12-16,0.003,1.10229922185938,0.407423370471227,0.426598799239481,0.41554765158873,0.403207734133577,0.394648873523131,0.379388594553312,0.422011498377372
2024-04-13,6750e338922a099d,01f7c28804746979,07225ba28ae309b6,eae48ff31db420c2,Charles Oliveira,Arman Tsarukyan,0,2024,2014-01-04,2023-12-16,0.003,1.10229922185938,0.429169727160145,0.438791779689404,0.434819839276882,0.427881551448023,0.407964928218652,0.41312400413745,0.389551224817595
2024-04-13,6750e338922a099d,0c2e3988793b418c,35673bf5204524ee,f14f644d41ade29f,Bo Nickal,Cody Brundage,1,2024,2014-01-04,2023-12-16,0.003,1.10229922185938,0.685583013993717,0.683030383912659,0.681689421318781,0.703167324660562,0.712731026464167,0.656379492101561,0.69351092734018
2024-04-13,6750e338922a099d,18824fa5c15c212f,4d8fa64202cee4c1,b6452706b373eea1,Jalin Turner,Renato Moicano,0,2024,2014-01-04,2023-12-16,0.003,1.10229922185938,0.551073369026449,0.557076620706778,0.569408802169983,0.535818262849936,0.572696426686519,0.562300173754278,0.587913415455975
2024-04-13,6750e338922a099d,3ab0d8b344d2ebea,aa72b0f831d0bfe5,d8c7c61b176e3994,Deiveson Figueiredo,Cody Garbrandt,1,2024,2014-01-04,2023-12-16,0.003,1.10229922185938,0.640412085327489,0.652675916916936,0.659617218762652,0.640630665549037,0.624883357270768,0.599018300373767,0.61160224911655
2024-04-13,6750e338922a099d,538ca98010ed00ec,94426bb170c88115,f166e93d04a8c274,Sodiq Yusuff,Diego Lopes,0,2024,2014-01-04,2023-12-16,0.003,1.10229922185938,0.534694354998837,0.52517374370944,0.50583473830953,0.532349105697516,0.597323934114003,0.600164016020281,0.594352993175862
2024-04-13,6750e338922a099d,603afedc31d95999,6a1901c62ab3870f,cd2c4d30c6e13b47,Jessica Andrade,Marina Rodriguez,1,2024,2014-01-04,2023-12-16,0.003,1.10229922185938,0.642642072853204,0.65150200329186,0.657433824904979,0.651235232110665,0.627336125865819,0.623006387504992,0.605105598118694
2024-04-13,6750e338922a099d,66eddbe35056c06d,1ebe20ebbfa15e29,c41d426cc7326d1b,Zhang Weili,Yan Xiaonan,1,2024,2014-01-04,2023-12-16,0.003,1.10229922185938,0.701226016468067,0.697939015896683,0.712018013379628,0.698532816539416,0.713017257513822,0.67545904125044,0.717262324799308
2024-04-13,6750e338922a099d,b1ac165326d8f29e,1af1170ed937cba7,634e2fb70bde3fd5,Kayla Harrison,Holly Holm,1,2024,2014-01-04,2023-12-16,0.003,1.10229922185938,0.411494355253272,0.405137657639494,0.413272117092556,0.411270245714464,0.407528245318906,0.428065671842897,0.416352388685917
2024-04-13,6750e338922a099d,cf5e8f98159c3971,150ff4cc642270b9,9e8f6c728eb01124,Max Holloway,Justin Gaethje,1,2024,2014-01-04,2023-12-16,0.003,1.10229922185938,0.583913199345148,0.57492235927971,0.557121834261599,0.6146130228322,0.712370192649255,0.688071835800701,0.651147791828784
2024-04-13,6750e338922a099d,d95f21817a56eb05,751de04455cfaac0,cb696ebfb6598724,Calvin Kattar,Aljamain Sterling,0,2024,2014-01-04,2023-12-16,0.003,1.10229922185938,0.261825677667397,0.266601453324354,0.317749692951984,0.247823291410876,0.176560312906849,0.184217616443013,0.221895267303557
2024-04-13,6750e338922a099d,e4931f3ab3bf4141,5444c5a201d3ee5a,e5549c82bfb5582d,Jamahal Hill,Alex Pereira,0,2024,2014-01-04,2023-12-16,0.003,1.10229922185938,0.48484280110133,0.481696151870651,0.472506509897851,0.447950989003831,0.516167177439376,0.481799171558834,0.555661784054106
2024-04-13,6750e338922a099d,eda1e8c285a0a788,009341ed974bad72,333b9e5c723ac873,Jiri Prochazka,Aleksandar Rakic,1,2024,2014-01-04,2023-12-16,0.003,1.10229922185938,0.513905986992596,0.517469079931689,0.527585634470739,0.527368817617719,0.466142935997195,0.484958393367921,0.493287280945271
2024-04-13,6750e338922a099d,efdad54c8550e6e0,887961364be5ceb3,d1941565abf50b16,King Green,Jim Miller,1,2024,2014-01-04,2023-12-16,0.003,1.10229922185938,0.638298068907372,0.64619698848921,0.663376281773138,0.626812745892338,0.660701308352639,0.664199417182429,0.69495454359322
2024-04-27,a16ce18149021139,0976778a6e6cf8a8,436f970c9ea9169c,8c1ca54b5089d199,Gabriel Benitez,Maheshate,0,2024,2014-01-04,2023-12-16,0.003,1.10229922185938,0.449736336641383,0.445371968699246,0.431146330169065,0.442071077294825,0.482815901832101,0.472504079303665,0.512720788926521
2024-04-27,a16ce18149021139,0a85b3ad328205ff,06626b6287e1ae1e,93b2b7caa457cbea,Chris Padilla,James Llontop,1,2024,2014-01-04,2023-12-16,0.003,1.10229922185938,0.451720630905267,0.454398446338035,0.460760866809537,0.449286226827872,0.451302557632399,0.446775003716823,0.457079685996622
2024-04-27,a16ce18149021139,1631f70535ae5dcc,38c5817ade8a8014,ec0dcceace7d25a3,Ivana Petrovic,Liang Na,1,2024,2014-01-04,2023-12-16,0.003,1.10229922185938,0.744915116147395,0.744004549044684,0.743044331163106,0.748976934399303,0.784430498841789,0.721655477933721,0.771720480742304
2024-04-27,a16ce18149021139,417049c7a3d65ccc,1a9480fc288e55d7,89839250eb25c9c1,Don'Tale Mayes,Caio Machado,1,2024,2014-01-04,2023-12-16,0.003,1.10229922185938,0.332201358013618,0.325487674131914,0.322431589931182,0.333048895506424,0.316663345975733,0.37102723453832,0.31810358450172
2024-04-27,a16ce18149021139,45de6d0b9cf5451c,6551c64fbcd1a467,9d62c2d8ee151f08,Ariane da Silva,Karine Silva,0,2024,2014-01-04,2023-12-16,0.003,1.10229922185938,0.376940747350412,0.381361251074776,0.39009099972486,0.360167924524345,0.359314512360797,0.391769909057366,0.392835605586965
2024-04-27,a16ce18149021139,4915c8a588513c22,8bd4200561c77a62,b6203e0492a9336c,Ketlen Souza,Marnic Mann,1,2024,2014-01-04,2023-12-16,0.003,1.10229922185938,0.66586281550938,0.665787160006115,0.671621840063495,0.671249623879616,0.647368434116015,0.613666745084159,0.624826905286495
2024-04-27,a16ce18149021139,55231cc4112334b4,94527830000ab715,eb8d8c2a95cfccb8,Rani Yahya,Victor Henry,0,2024,2014-01-04,2023-12-16,0.003,1.10229922185938,0.373385848962442,0.365713474939441,0.359199588574504,0.365558509848356,0.348321374813629,0.410836942207721,0.382346030710547
2024-04-27,a16ce18149021139,681cd3cc6299d652,b4c57a8c2b773e82,d2cd7a69cc55e7ed,Michal Figlak,Austin Hubbard,0,2024,2014-01-04,2023-12-16,0.003,1.10229922185938,0.50245061999939,0.500222086724896,0.470480193609908,0.49626738594706,0.477140048715214,0.482932583447366,0.497516192048661
2024-04-27,a16ce18149021139,6ea77cb62aa2f276,4b47e71384a9522f,681399317dbf4701,Tim Means,Uros Medic,0,2024,2014-01-04,2023-12-16,0.003,1.10229922185938,0.418941157763165,0.423792495114697,0.418561416756006,0.417599306419709,0.383548262952636,0.376665006936666,0.39529968283243
2024-04-27,a16ce18149021139,7ca5604d99220e88,87c0b1c696ddfb43,ffe9703408fb5964,Jonathan Pearce,David Onama,0,2024,2014-01-04,2023-12-16,0.003,1.10229922185938,0.653559673451139,0.646055954523009,0.637413443451465,0.65341526810457,0.66996347360209,0.661907246477277,0.657258300929948
2024-04-27,a16ce18149021139,a0cae57eae875820,1a31ef98efce7a79,ab2b4ff41d6ebe0f,Matheus Nicolau,Alex Perez,0,2024,2014-01-04,2023-12-16,0.003,1.10229922185938,0.496516243993349,0.483999168176559,0.488282458557653,0.497069054966966,0.484199034014986,0.530918027031826,0.518223672268182
2024-04-27,a16ce18149021139,dae70ccdf9e7475e,25f9a5f3e8a52618,be9bdec19b7e9ffe,Jhonata Diniz,Austen Lane,1,2024,2014-01-04,2023-12-16,0.003,1.10229922185938,0.571337266194166,0.557178579428455,0.549148859346729,0.58310094378794,0.580398857295103,0.595116071024177,0.561974336814399
2024-04-27,a16ce18149021139,f41e83de703acf85,a67f5afa8d6a1b80,ef5dcb10d2bd4b0f,Ryan Spann,Bogdan Guskov,0,2024,2014-01-04,2023-12-16,0.003,1.10229922185938,0.662538266506809,0.668006770311618,0.661039766752616,0.669116082957768,0.677088099194899,0.659257003752976,0.662500586460539
2024-05-04,981ab7a0576f76a0,2db0998b24c11ea0,4126a78111c0855a,eabf206b162b3b83,Caio Borralho,Paul Craig,1,2024,2014-01-04,2023-12-16,0.003,1.10229922185938,0.715974274113668,0.698705849453838,0.693084473886893,0.714880907613876,0.746276389359263,0.760830447543721,0.768159448361737
2024-05-04,981ab7a0576f76a0,2faf5b8d708f8e94,7cbf7c78d3b34218,ae7fe94f117f98cf,Drakkar Klose,Joaquim Silva,1,2024,2014-01-04,2023-12-16,0.003,1.10229922185938,0.758149888180821,0.758257089982482,0.753393876945459,0.776325052329879,0.791323532360657,0.764736244742103,0.759697424437703
2024-05-04,981ab7a0576f76a0,3e74caa9fff4a5eb,260bd4cef10b033f,595db60957de51d3,Ihor Potieria,Michel Pereira,0,2024,2014-01-04,2023-12-16,0.003,1.10229922185938,0.247988007161797,0.255572086788486,0.258455456272269,0.233313225400011,0.247612651322872,0.233548156687984,0.270191387139004
2024-05-04,981ab7a0576f76a0,3f419fce8ba8aa0e,32ab52e5de93092d,a0f0004aadf10b71,Steve Erceg,Alexandre Pantoja,0,2024,2014-01-04,2023-12-16,0.003,1.10229922185938,0.459642474650625,0.462486722238805,0.447318375214024,0.458902476251394,0.487730652973869,0.497179678875527,0.466650605824059
2024-05-04,981ab7a0576f76a0,4661e9ca9354021e,27b388f0aab49780,e4faa79383c9f214,Dione Barbosa,Ernesta Kareckaite,1,2024,2014-01-04,2023-12-16,0.003,1.10229922185938,0.37987271985481,0.379434067331172,0.384949648969555,0.370609944097703,0.377912672051346,0.380201980588994,0.397185931275249
2024-05-04,981ab7a0576f76a0,89db7aca37b87711,c77a953488e5607d,eb393afdbe3293d5,Vinc Pichel,Ismael Bonfim,0,2024,2014-01-04,2023-12-16,0.003,1.10229922185938,0.323738008345209,0.323677589708232,0.298688259709615,0.32092231119551,0.308550029409226,0.327984243270074,0.312206652747677
2024-05-04,981ab7a0576f76a0,8a121f9c48f3773c,48a9a128784d53d1,bf2c8e01b07d3eb1,Elves Brener,Myktybek Orolbai,0,2024,2014-01-04,2023-12-16,0.003,1.10229922185938,0.446247489328652,0.434644981518327,0.427261597195066,0.454764076459435,0.443577830237834,0.488310582588589,0.45647351676693
2024-05-04,981ab7a0576f76a0,a8718a3419a11e15,71171fc96445bf65,d4c9dcd330403612,Vitor Petrino,Anthony Smith,0,2024,2014-01-04,2023-12-16,0.003,1.10229922185938,0.676994161956715,0.664228141196003,0.618060562992408,0.684596703087207,0.685538394767469,0.666709683017728,0.666615606981212
2024-05-04,981ab7a0576f76a0,b3d88eaea611a4a8,d0f3959b4a9747e6,f2477cf43c4975cc,Jose Aldo,Jonathan Martinez,1,2024,2014-01-04,2023-12-16,0.003,1.10229922185938,0.360209973254018,0.381339579555249,0.415451722092294,0.368583226913736,0.342822362052958,0.346292562387642,0.345079210058578
2024-05-04,981ab7a0576f76a0,b9de363e6b406853,9c393e836a852f30,af9f42e6894047fc,Mauricio Ruffy,Jamie Mullarkey,1,2024,2014-01-04,2023-12-16,0.003,1.10229922185938,0.437398210420097,0.432778263108848,0.440053109906933,0.433932374150703,0.444398102842585,0.422797237037565,0.433239939533616
2024-05-04,981ab7a0576f76a0,c456b1950208e0b2,791c8437b341fba5,b8a85389d115e35a,Joanderson Brito,Jack Shore,1,2024,2014-01-04,2023-12-16,0.003,1.10229922185938,0.421346272033824,0.414538607680122,0.432376282542518,0.425256754666382,0.394250088989133,0.404845491114041,0.384708415949251
2024-05-04,981ab7a0576f76a0,c84a29f426f1aab7,abcf2cc6efc42031,d7c3816669784109,Iasmin Lucindo,Karolina Kowalkiewicz,1,2024,2014-01-04,2023-12-16,0.003,1.10229922185938,0.702544185080431,0.700922966142163,0.690069471986282,0.712436349053556,0.707981583022571,0.712087809361229,0.678981453680015
2024-05-04,981ab7a0576f76a0,fe0f1b418e6d3ecb,34b96d52db1d26e6,3fa97913cfd205d3,Kevin Borjas,Alessandro Costa,0,2024,2014-01-04,2023-12-16,0.003,1.10229922185938,0.478561038794397,0.47972097120841,0.474203619281642,0.479078796882805,0.451357652509764,0.424500967959785,0.437808643894115
2024-05-11,5dfe71ade71f3a4b,13d8d5cd83e5b57e,31ef8b67e13495b3,d25240135aee03e5,Tecia Pennington,Tabatha Ricci,0,2024,2014-01-04,2023-12-16,0.003,1.10229922185938,0.37777904695641,0.388220839068698,0.393013707911469,0.381499364340794,0.422511524572057,0.423990623840389,0.439808031114998
2024-05-11,5dfe71ade71f3a4b,420a5e3b4010ebef,19c591115a58982c,971246648e162f0d,Viacheslav Borshchev,Chase Hooper,0,2024,2014-01-04,2023-12-16,0.003,1.10229922185938,0.44811234722437,0.462061744846709,0.468535733371316,0.441711192874964,0.444118682306428,0.466960607299815,0.467027900106662
2024-05-11,5dfe71ade71f3a4b,4b45f190122a1ce1,60a42bf82447c919,814e5233e2acf2ee,Jake Hadley,Charles Johnson,0,2024,2014-01-04,2023-12-16,0.003,1.10229922185938,0.492534644680997,0.484144345952108,0.48738553220997,0.511214311399767,0.503966465930323,0.528669001961823,0.505578757781816
2024-05-11,5dfe71ade71f3a4b,6c67aa7063717a0c,849c5d9979df5357,f53d4f21d1b5f2dc,Mateusz Rebecki,Diego Ferreira,0,2024,2014-01-04,2023-12-16,0.003,1.10229922185938,0.666039092769526,0.64601758452617,0.655898298072756,0.669195216452413,0.683026537089468,0.69237904939824,0.643267618674707
2024-05-11,5dfe71ade71f3a4b,6f0f84075fa1a4b0,d31a5546c0e9b213,d3df1add9d9a7efb,Rodrigo Nascimento,Derrick Lewis,0,2024,2014-01-04,2023-12-16,0.003,1.10229922185938,0.603505091200657,0.586356673322987,0.580089166956789,0.632091183689923,0.620910141365912,0.648824403765867,0.597281745485344
2024-05-11,5dfe71ade71f3a4b,8aa07b6cc40f0cb2,4682bc59d5f55145,7aa3d6964eff4877,Sean Woodson,Alex Caceres,1,2024,2014-01-04,2023-12-16,0.003,1.10229922185938,0.515905485231694,0.504371111395,0.470705366440678,0.513889634337273,0.506919140509093,0.512442019352089,0.516670808739663
2024-05-11,5dfe71ade71f3a4b,8d9bcbb48888a5a3,323d4ca260dfa0ba,809bd1a871491508,Esteban Ribovics,Terrance McKinney,1,2024,2014-01-04,2023-12-16,0.003,1.10229922185938,0.48531104473565,0.495737311172547,0.499638635183917,0.482595416670324,0.45632907167664,0.474025645601935,0.471246135061251
2024-05-11,5dfe71ade71f3a4b,a049c12f43914449,9014c02eff8b3d62,a495f599e787614f,Carlos Ulberg,Alonzo Menifield,1,2024,2014-01-04,2023-12-16,0.003,1.10229922185938,0.549790855904839,0.548850471633506,0.538484037315461,0.574750390239551,0.59988516381688,0.627304938835489,0.569052789151512
2024-05-11,5dfe71ade71f3a4b,b78a222fb448aed4,49d2a08964c5eb11,b9437600497350f3,Nursulton Ruziboev,Joaquin Buckley,0,2024,2014-01-04,2023-12-16,0.003,1.10229922185938,0.437483545689825,0.43976638936544,0.446711482448024,0.450839904124812,0.480864112503424,0.478447948257072,0.459071676225754
2024-05-11,5dfe71ade71f3a4b,ccf3b6eda4c2a564,4798e823ada58fe9,6fd953151d981979,Veronica Hardy,JJ Aldrich,1,2024,2014-01-04,2023-12-16,0.003,1.10229922185938,0.390403313421345,0.386047269728022,0.427348885946511,0.399638882165206,0.381965293900715,0.43988078761265,0.398683599837062
2024-05-11,5dfe71ade71f3a4b,e98eb6de29c62c9c,140567899d98978a,fc08099550072fe4,Robelis Despaigne,Waldo Cortes-Acosta,0,2024,2014-01-04,2023-12-16,0.003,1.10229922185938,0.468180838170232,0.473457163176781,0.487685573416271,0.463440253762313,0.432357890603132,0.428643156641341,0.422637686118675
2024-05-11,5dfe71ade71f3a4b,ec5d705232983b87,31dbfbe4e7a6727c,fa07345cc9db5cc9,Trey Waters,Billy Ray Goff,1,2024,2014-01-04,2023-12-16,0.003,1.10229922185938,0.516576202250792,0.521343256195473,0.528713903098257,0.509249471616206,0.549613918391112,0.512918688880501,0.546799809141162
2024-05-18,46baf0f57edfa4df,069df63733dcf697,02f8fedc18cbd26c,2c483cf443f38ece,Emily Ducote,Vanessa Demopoulos,0,2024,2014-01-04,2023-12-16,0.003,1.10229922185938,0.652100724330808,0.660493232637641,0.661015559693263,0.667731852337462,0.701418570681749,0.677260148369908,0.675029486461062
2024-05-18,46baf0f57edfa4df,17aa636aa98678d3,396fe87b84ac2e1c,64a50dad704d1d49,Lerone Murphy,Edson Barboza,1,2024,2014-01-04,2023-12-16,0.003,1.10229922185938,0.67434129658099,0.660243631146412,0.645910092233795,0.65964564096254,0.696289723607795,0.670498324237417,0.704750319349511
2024-05-18,46baf0f57edfa4df,20220ace492af368,3d074044a33825e7,40f3cb27fc7305a1,Ramiz Brahimaj,Themba Gorimbo,0,2024,2014-01-04,2023-12-16,0.003,1.10229922185938,0.41777898359232,0.425368794521643,0.421452770976062,0.41872964149015,0.43570945395186,0.443666056347227,0.45417404793889
2024-05-18,46baf0f57edfa4df,28c6de749d0d0e9d,c0d5c0c95c59050b,e375cb5caf4717b6,Ariane Carnelossi,Piera Rodriguez,1,2024,2014-01-04,2023-12-16,0.003,1.10229922185938,0.362022762888396,0.363640127205233,0.371553498800259,0.365357655542486,0.379929332857266,0.375288989721584,0.37363137736187
2024-05-18,46baf0f57edfa4df,2a43df4cc047a28b,a3a542074109b347,f0feeb2192937424,Luana Pinheiro,Angela Hill,0,2024,2014-01-04,2023-12-16,0.003,1.10229922185938,0.514333310153591,0.499740463465279,0.481584088749723,0.511455983479377,0.512207993579492,0.549878791087161,0.530051559456421
2024-05-18,46baf0f57edfa4df,3aea9c60d25fc93b,4f3064faf17aa711,a4a80dd7336ffd59,Tamires Vidal,Melissa Gatto,0,2024,2014-01-04,2023-12-16,0.003,1.10229922185938,0.498589344023668,0.502149941874709,0.493596964573871,0.495054750950791,0.463735198679255,0.477906106476134,0.45859654667532
2024-05-18,46baf0f57edfa4df,5dcade01fc840da6,0232cabbc30a2372,65cdf4ec31143d86,Adrian Yanez,Vinicius Salvador,1,2024,2014-01-04,2023-12-16,0.003,1.10229922185938,0.549772691640618,0.534001512978959,0.525712490321037,0.567911979195296,0.546943342284889,0.61983530669101,0.543423058365508
2024-05-18,46baf0f57edfa4df,63605e9f3e71d738,102a8fdf8cbf7467,1897b7b913736a7c,Kleydson Rodrigues,Alatengheili,0,2024,2014-01-04,2023-12-16,0.003,1.10229922185938,0.476476807663241,0.484700107306214,0.502141218750569,0.479347072945718,0.523966575751311,0.534285622857826,0.548392835320318
2024-05-18,46baf0f57edfa4df,68ee31dd0853cdc9,3e8118c1ab52f211,46e2011d92463b7e,Tuco Tokkos,Oumar Sy,0,2024,2014-01-04,2023-12-16,0.003,1.10229922185938,0.376337559164297,0.37344296791125,0.373980162062811,0.365081179291974,0.373210107630696,0.377732336696394,0.393827154004136
2024-05-18,46baf0f57edfa4df,85ddb65429a9d517,2558ae2e5671e318,a53d30163304aa6e,Khaos Williams,Carlston Harris,1,2024,2014-01-04,2023-12-16,0.003,1.10229922185938,0.523645648083992,0.523886328004545,0.517839939663675,0.535702990823411,0.517972384158079,0.533960593070139,0.500660886843314
2024-05-18,46baf0f57edfa4df,b5df5a0a0bda9256,3e708ce33b6b18e6,6c3b2525436cf5d4,Victor Martinez,Tom Nolan,0,2024,2014-01-04,2023-12-16,0.003,1.10229922185938,0.348651524621863,0.353760530599934,0.366726678202196,0.340389133361528,0.362085276379473,0.363913695589801,0.369582465213552
2024-05-18,46baf0f57edfa4df,fc2bdd67c1a056a4,36b8f265bcd1b7a4,d317a5e2b3f88c5f,Abus Magomedov,Warlley Alves,1,2024,2014-01-04,2023-12-16,0.003,1.10229922185938,0.583680682735392,0.585664173500388,0.577648258855647,0.591571796724927,0.557398189906894,0.532070982906445,0.54781415064983
2024-06-01,6e4acc2c115215b5,1a0031e2072f21b6,029eaff01e6bb8f0,275aca31f61ba28c,Dustin Poirier,Islam Makhachev,0,2024,2014-01-04,2023-12-16,0.003,1.10229922185938,0.212622865836819,0.220821730029909,0.193415038129456,0.198666071231275,0.181059298820811,0.18158777404901,0.195402977295615
2024-06-01,6e4acc2c115215b5,2554b31a07f34e1a,06e4245d16fc5315,f9ab66e67240db7b,Ailin Perez,Joselyne Edwards,1,2024,2014-01-04,2023-12-16,0.003,1.10229922185938,0.53969564108499,0.533364021512134,0.526119243070296,0.531247801900465,0.571175307893374,0.528327493758066,0.56900552157769
2024-06-01,6e4acc2c115215b5,605c16fa5a803b15,0d65c432720accb9,3a46b268013afede,Michal Oleksiejczuk,Kevin Holland,0,2024,2014-01-04,2023-12-16,0.003,1.10229922185938,0.406966518976178,0.402170031750365,0.368436801147545,0.415133877996955,0.419744730297765,0.444417160502458,0.398655871844484
2024-06-01,6e4acc2c115215b5,7d9bb6fda0ea1ee0,9e50097a89442158,f4d92416da98804b,Mickey Gall,Bassil Hafez,0,2024,2014-01-04,2023-12-16,0.003,1.10229922185938,0.402005062501334,0.390755941594349,0.406769073281881,0.424428835162245,0.447220056526285,0.487738471040219,0.425279689587804
2024-06-01,6e4acc2c115215b5,9e7538a788e6d789,0d8011111be000b2,2e5c2aa8e4ab9d82,Sean Strickland,Paulo Costa,1,2024,2014-01-04,2023-12-16,0.003,1.10229922185938,0.702978357873563,0.701757580834635,0.688989165881177,0.724086137067337,0.792732165017957,0.771736602358057,0.767170134539494
2024-06-01,6e4acc2c115215b5,b5d5b8e06ccb70a3,cdb96af67d096b1e,d8da10db80131bec,Alex Morono,Niko Price,0,2024,2014-01-04,2023-12-16,0.003,1.10229922185938,0.708471341888411,0.69627910068085,0.694251975872137,0.705209704125836,0.740421370792478,0.710202920209448,0.72673248167778
2024-06-01,6e4acc2c115215b5,b7575b0ec9f81741,8e382b585a92affe,a845f0735bc67405,Phil Rowe,Jake Matthews,0,2024,2014-01-04,2023-12-16,0.003,1.10229922185938,0.408067942027105,0.397766581697306,0.391744212912379,0.388366969271606,0.364982973477391,0.352960900618289,0.404723584596582
2024-06-01,6e4acc2c115215b5,c0af8cf5befb2dcf,41e83a89929d1327,c0badf3243907e59,Jailton Almeida,Alexandr Romanov,1,2024,2014-01-04,2023-12-16,0.003,1.10229922185938,0.732608156138774,0.727806144754492,0.724729505534266,0.73302179568841,0.720121615893364,0.689666938530523,0.724117093381902
2024-06-01,6e4acc2c115215b5,cf306c4714530f31,99bd51917728c25d,af65aa688d13eedf,Grant Dawson,Joe Solecki,1,2024,2014-01-04,2023-12-16,0.003,1.10229922185938,0.67151504209969,0.673498193942867,0.636685491606803,0.667398898174672,0.649843211313895,0.641378825260624,0.669942141830457
2024-06-01,6e4acc2c115215b5,ee24be90a01f552e,64d47ef881a437a4,9d83f6da776ff7d6,Cesar Almeida,Roman Kopylov,0,2024,2014-01-04,2023-12-16,0.003,1.10229922185938,0.425795192615895,0.42082611722788,0.427508647030286,0.419264891413308,0.436046683924119,0.414912539476892,0.405488658316761
2024-06-01,6e4acc2c115215b5,f1d3eec12662d8d7,0be6776db31d98ec,b1f21ce050035d58,Mitch Raposo,Andre Lima,0,2024,2014-01-04,2023-12-16,0.003,1.10229922185938,0.346137343167378,0.344028733704125,0.345127318997414,0.339442137820869,0.352999955349945,0.355564357165158,0.357713240280373
2024-06-01,6e4acc2c115215b5,fd2d814a8a23798f,8adcbd525fab8d9b,c6aee362c7a7d482,Elizeu Zaleski dos Santos,Randy Brown,0,2024,2014-01-04,2023-12-16,0.003,1.10229922185938,0.407998874981968,0.408476624586296,0.39335286064016,0.402579038618336,0.365827411605515,0.34766988447867,0.390231068666383
2024-06-08,cba3a2dfbc06ce79,052f53e006b28132,13a0275fa13c4d26,881bf86d4cba8578,Jared Cannonier,Nassourdine Imavov,0,2024,2014-01-04,2023-12-16,0.003,1.10229922185938,0.409123997641694,0.41962284910556,0.436536352672198,0.403012325382572,0.387503053428159,0.37741478361281,0.400283659080913
2024-06-08,cba3a2dfbc06ce79,251983e1bdae20fe,5b86d491d63890c5,d945aae53e3e54e6,Ludovit Klein,Thiago Moises,1,2024,2014-01-04,2023-12-16,0.003,1.10229922185938,0.577921069363955,0.577829468302675,0.582933918788469,0.585487047775529,0.601776355288126,0.600520486890988,0.592714125826784
2024-06-08,cba3a2dfbc06ce79,2d12ae4683bbf433,2e19380f34871c6a,e4277e87a789d687,Dominick Reyes,Dustin Jacoby,1,2024,2014-01-04,2023-12-16,0.003,1.10229922185938,0.383673352909359,0.40162058610713,0.405522396841504,0.385794960707725,0.413143467730347,0.458131161564283,0.407430239149636
2024-06-08,cba3a2dfbc06ce79,393f9bc7b51791a6,64facb6cc564262d,82d4c957649faf9b,Punahele Soriano,Miguel Baeza,1,2024,2014-01-04,2023-12-16,0.003,1.10229922185938,0.43510873865826,0.420794417262279,0.425805596935797,0.414858881773847,0.441771492149215,0.415534756999425,0.475713444901551
2024-06-08,cba3a2dfbc06ce79,3b12094dd48c2dc5,23dec7c47cb418f8,d0e1b42d41dab603,Zachary Reese,Julian Marquez,1,2024,2014-01-04,2023-12-16,0.003,1.10229922185938,0.67626028977063,0.674604796240712,0.678911659694632,0.683824707699309,0.664196487708497,0.631969999047168,0.658729733690256
2024-06-08,cba3a2dfbc06ce79,4c0adccb34c1d995,7b433309b0fd12aa,a75a48bfe776b2c2,Brad Katona,Jesse Butler,1,2024,2014-01-04,2023-12-16,0.003,1.10229922185938,0.464680921440437,0.45693593557042,0.43467218763004,0.475426887775364,0.490915122367713,0.507336257038774,0.508154424006263
2024-06-08,cba3a2dfbc06ce79,753735b48b1c20b9,8b1ed83b02303075,bf7ad5628363eec9,Taylor Lapilus,Cody Stamann,1,2024,2014-01-04,2023-12-16,0.003,1.10229922185938,0.572673012564706,0.566578812065892,0.58787790102833,0.595587507258334,0.630799086742065,0.585984202635368,0.626683420839115
2024-06-08,cba3a2dfbc06ce79,790a8cd528233e50,cffb87059e645bd1,de594b35c45c2e9a,Denise Gomes,Eduarda Moura,1,2024,2014-01-04,2023-12-16,0.003,1.10229922185938,0.404702569126055,0.41201902604902,0.410962816110134,0.395278303196064,0.331848477559362,0.369212138480363,0.339878162950358
2024-06-08,cba3a2dfbc06ce79,8afe89f5c451b372,7ee0fd831c0fe7c3,feedf3053472fe56,Carlos Prates,Charles Radtke,1,2024,2014-01-04,2023-12-16,0.003,1.10229922185938,0.449771031623128,0.456265523701894,0.467063380960674,0.458153226048534,0.428086067022924,0.470474410735403,0.442928479470766
2024-06-08,cba3a2dfbc06ce79,a91fdb21a7ff52e5,05fa626cb33d15b8,80d8aed0ca9b00f3,Andrea Lee,Montana De La Rosa,0,2024,2014-01-04,2023-12-16,0.003,1.10229922185938,0.531126407366336,0.533977154175579,0.549033766022525,0.536571966942087,0.545614419760254,0.535064966134431,0.532898911119322
2024-06-08,cba3a2dfbc06ce79,b20640f9b2634de1,02bb48869eb7ac8f,19f8a2f6eecd92ac,Rayanne dos Santos,Puja Tomar,0,2024,2014-01-04,2023-12-16,0.003,1.10229922185938,0.716530654853892,0.724555505848879,0.725333401495628,0.727115848238511,0.705587128937845,0.668139770429586,0.717854833464504
2024-06-08,cba3a2dfbc06ce79,b34abcfe4c2e8a57,cd3d7e37ff2d679c,fe2babf95de24fb1,Ricky Turcios,Raul Rosas Jr.,0,2024,2014-01-04,2023-12-16,0.003,1.10229922185938,0.305226598975669,0.310506938354613,0.318293080945188,0.28267858141579,0.308338727999435,0.319163976827432,0.317726179106138
2024-06-08,cba3a2dfbc06ce79,dcc0c53100fa1dd2,1e719d4b676dc19a,71505842fb6455c3,Brunno Ferreira,Dustin Stoltzfus,1,2024,2014-01-04,2023-12-16,0.003,1.10229922185938,0.65843456785857,0.654435370972288,0.652336229312019,0.662484704072608,0.666836572504813,0.661987809202669,0.664819246158274
2024-06-08,cba3a2dfbc06ce79,e976815e397c40e1,5fa2974cbd18e05c,850266b3dc4e506e,John Castaneda,Daniel Marcos,0,2024,2014-01-04,2023-12-16,0.003,1.10229922185938,0.485601647440641,0.492126021948577,0.496825440201587,0.478031842963488,0.433567536427069,0.427128651426299,0.446591541820296
2024-06-15,9c5828c6fd9dc948,06713afc60301c0c,971dba22c622af12,abb68e3c7ca128f2,Josefine Knutsson,Julia Polastri,1,2024,2014-01-04,2023-12-16,0.003,1.10229922185938,0.651099283357208,0.645045686816162,0.643774893822562,0.659429490585259,0.641185222279311,0.624319977769477,0.624044973049477
2024-06-15,9c5828c6fd9dc948,19ef5890b20f903a,a6eb54ae17a551be,f1ab6f37492c630a,Gabriella Fernandes,Carli Judice,1,2024,2014-01-04,2023-12-16,0.003,1.10229922185938,0.345989055955462,0.361346687278903,0.359859763255671,0.338258996603736,0.360726961250449,0.369282688536062,0.417534850659925
2024-06-15,9c5828c6fd9dc948,3b1438e9ec64990e,84f727cf0166d6f2,8d3273573b85be09,Jose Johnson,Asu Almabayev,0,2024,2014-01-04,2023-12-16,0.003,1.10229922185938,0.429507242640409,0.437608605683535,0.436063722250288,0.410740542175935,0.426032838869959,0.406963306857405,0.414697813719291
2024-06-15,9c5828c6fd9dc948,6bdb93f9b4581bf6,3a314d9fa7c6825d,46e0d677f91bacc0,Douglas Silva de Andrade,Miles Johns,0,2024,2014-01-04,2023-12-16,0.003,1.10229922185938,0.285090076324428,0.300095140136829,0.299054461443666,0.269448742821289,0.260983532846685,0.296211001665834,0.27629761162909
2024-06-15,9c5828c6fd9dc948,6f31285305881fe3,09e62c450e754913,6e9f40c706f91f32,Jimmy Flick,Nate Maness,0,2024,2014-01-04,2023-12-16,0.003,1.10229922185938,0.367193141339992,0.373271132515827,0.391673059082549,0.37656292139312,0.333829283678819,0.334346143284652,0.353302491725936
2024-06-15,9c5828c6fd9dc948,78a7bf038e56881d,0e46690e55a8df75,710f0f8c5d5c9d41,Timmy Cuamba,Lucas Almeida,0,2024,2014-01-04,2023-12-16,0.003,1.10229922185938,0.770745931482191,0.768035970372867,0.772438423155153,0.778960929775407,0.751030700315575,0.691857627747146,0.700873850500083
2024-06-15,9c5828c6fd9dc948,7f14be4e45bca6bd,4461d7e47375a895,ab2b4ff41d6ebe0f,Tatsuro Taira,Alex Perez,1,2024,2014-01-04,2023-12-16,0.003,1.10229922185938,0.681349665871676,0.665779069659362,0.680319001862702,0.689800036931375,0.710569549633019,0.688631391160939,0.712614343142992
2024-06-15,9c5828c6fd9dc948,94f5b35b2b6c72b1,0a73acff6325c1e2,20bccc9bb4ceb23e,Shayilan Nuerdanbieke,Melquizael Costa,0,2024,2014-01-04,2023-12-16,0.003,1.10229922185938,0.358141946878509,0.350451679513109,0.333476710898754,0.341268845327206,0.354643096675069,0.377572979151633,0.347138441205785
2024-06-15,9c5828c6fd9dc948,ab7bc93bdf4132c4,876f478f796495f7,a01a62132460a98d,Josh Quinlan,Adam Fugitt,0,2024,2014-01-04,2023-12-16,0.003,1.10229922185938,0.463510623314951,0.45473250140695,0.44212922254601,0.470281070619567,0.434027281341727,0.440707635008839,0.422763753940662
2024-06-15,9c5828c6fd9dc948,e47523ac32bfa24c,57186c150c645200,7b3503352cd53abb,Jeka Saragih,Westin Wilson,0,2024,2014-01-04,2023-12-16,0.003,1.10229922185938,0.632609010811759,0.618931667728088,0.626390409840294,0.646663971709552,0.614838766140873,0.673926029146616,0.603985167491653
2024-06-15,9c5828c6fd9dc948,fea3a0643218e16b,1effd880e1f1bb30,7af33fc4435017f1,Garrett Armfield,Brady Hiestand,0,2024,2014-01-04,2023-12-16,0.003,1.10229922185938,0.528560824361018,0.52951865655748,0.53765802738521,0.535358776272422,0.559196651179565,0.534603330356877,0.552409809147009
2024-06-22,b12a1d19ee383b7c,0ac2da3dbaf2fce2,49edd0d90f60fb7d,6e344b71421103da,Brendson Ribeiro,Magomed Gadzhiyasulov,0,2024,2014-01-04,2023-12-16,0.003,1.10229922185938,0.51880695487314,0.529912789864721,0.531574319383277,0.520177990799037,0.5491647501985,0.527893060819627,0.549260710683655
2024-06-22,b12a1d19ee383b7c,774fb0c0c1c2bc6a,7026eca45f65377b,b7b84ccd221be298,Jared Gordon,Nasrat Haqparast,0,2024,2014-01-04,2023-12-16,0.003,1.10229922185938,0.417026148020658,0.420590734621576,0.407528913149828,0.409998657921197,0.431051288320273,0.455141689475843,0.424153808580138
2024-06-22,b12a1d19ee383b7c,8bd5f20f49434c65,8d11d9c13e2ccdf7,9256f591b30c073e,Muhammad Naimov,Felipe Lima,0,2024,2014-01-04,2023-12-16,0.003,1.10229922185938,0.65602521070389,0.653832371004592,0.655947758265073,0.663118658334366,0.654943909780218,0.655457407801862,0.639406662885024
2024-06-22,b12a1d19ee383b7c,8db5cf5df713a7e9,a54660deb6a8489c,a7897d200692ab64,Muin Gafurov,Kyung Ho Kang,1,2024,2014-01-04,2023-12-16,0.003,1.10229922185938,0.449244275755486,0.471005693124262,0.465609076445961,0.450068353603049,0.468713676204479,0.439479634267785,0.441822368092486
2024-06-22,b12a1d19ee383b7c,8ddd53a7ed3754d5,8a1f3b5c526cd6e6,8c0580d4fff106c1,Daniel Rodriguez,Kelvin Gastelum,0,2024,2014-01-04,2023-12-16,0.003,1.10229922185938,0.445556397904546,0.436589200649155,0.382778918770292,0.435059642981245,0.47650961318697,0.427167958610959,0.489937149156039
2024-06-22,b12a1d19ee383b7c,9d5f562e0572058c,0845c81e37d3bcb3,c21f26bbde777573,Volkan Oezdemir,Johnny Walker,1,2024,2014-01-04,2023-12-16,0.003,1.10229922185938,0.463396601195362,0.474862618676407,0.445436111245941,0.467908129230382,0.450982874207617,0.431902546520396,0.440678538618947
2024-06-22,b12a1d19ee383b7c,c0d6feef69ccb330,117a06469813e4ef,86bace9e4ad85542,ChangHo Lee,Xiao Long,1,2024,2014-01-04,2023-12-16,0.003,1.10229922185938,0.438099548587842,0.438376923592951,0.441429063843975,0.432693847840188,0.436109097118519,0.434195778723863,0.44451019084764
2024-06-22,b12a1d19ee383b7c,cd3bb8a2824fbf22,279566840aa55bf2,f14cf73e51b29254,Alexander Volkov,Sergei Pavlovich,1,2024,2014-01-04,2023-12-16,0.003,1.10229922185938,0.511449081661351,0.506890235307749,0.504534836142309,0.510041158432202,0.472785323391859,0.457701336216854,0.45419169135299
2024-06-22,b12a1d19ee383b7c,de1acb6803ab3f14,8f765fd5775a8873,9d19d9e4aa2662e8,Rinat Fakhretdinov,Nicolas Dalby,1,2024,2014-01-04,2023-12-16,0.003,1.10229922185938,0.699694374253719,0.702444974743449,0.713438895147755,0.706678191461451,0.730303956477875,0.71753843342263,0.717455677501667
2024-06-22,b12a1d19ee383b7c,eba46dbf9cdd83c0,b07aed698fba8624,e1147d3d2dabe1ce,Ikram Aliskerov,Robert Whittaker,0,2024,2014-01-04,2023-12-16,0.003,1.10229922185938,0.323138276401015,0.32883842989947,0.350836793847247,0.329377892117065,0.376924825274939,0.369373386262772,0.372349090439591
2024-06-22,b12a1d19ee383b7c,fbbf5391ea25521b,06734ca9d88dec3a,6d48a2df51749d91,Shara Magomedov,Antonio Trocoli,1,2024,2014-01-04,2023-12-16,0.003,1.10229922185938,0.567341879964826,0.564709774709201,0.572309412299233,0.575001289745789,0.530307758904428,0.5763773961551,0.549317395397224
2024-06-29,f3743d8ef5dde970,08489fdfb56ee19c,8fd808923cffff82,d247691a6c0e9034,Andre Fili,Cub Swanson,1,2024,2014-01-04,2023-12-16,0.003,1.10229922185938,0.504136898542808,0.511064999636809,0.540590776383295,0.5065439238963,0.500033753699178,0.501548857391576,0.487098662219305
2024-06-29,f3743d8ef5dde970,2517029ff9c1a1a2,38c7f72747f4f712,eb04b9d31e938edb,Gillian Robertson,Michelle Waterson-Gomez,1,2024,2014-01-04,2023-12-16,0.003,1.10229922185938,0.841382896514595,0.832254798762215,0.829637898376369,0.85443547831876,0.823598597496798,0.815361675684812,0.804995912535587
2024-06-29,f3743d8ef5dde970,2b7883b304b3df1c,52ef95b5860fb28c,f1d64ae34e088832,Jean Silva,Charles Jourdain,1,2024,2014-01-04,2023-12-16,0.003,1.10229922185938,0.47987420381877,0.483437806736779,0.505961927726349,0.490130538807431,0.497794041589151,0.514719869011447,0.488187839096778
2024-06-29,f3743d8ef5dde970,3bbc222130d9dac7,3738e68d2261e60f,8eb046f83e82bf26,Andrei Arlovski,Martin Buday,0,2024,2014-01-04,2023-12-16,0.003,1.10229922185938,0.255489081570958,0.269172439558737,0.282045035719035,0.256092101622323,0.271282011229409,0.276918334029466,0.290741059883038
2024-06-29,f3743d8ef5dde970,5f8a92f10e5451ce,6e743a33d56bdaa4,eb70e786bbdf1d16,Payton Talbott,Yanis Ghemmouri,1,2024,2014-01-04,2023-12-16,0.003,1.10229922185938,0.775456783134208,0.763320234380357,0.751250286079723,0.78934084777378,0.772385246522118,0.760087736135772,0.757231068734841
2024-06-29,f3743d8ef5dde970,7856621db043423d,2f43a3e82661fa99,798e48f9e7f6ba22,Rei Tsuruya,Carlos Hernandez,1,2024,2014-01-04,2023-12-16,0.003,1.10229922185938,0.614218115269645,0.604160220625712,0.597021712522452,0.621004130290778,0.58879382778013,0.585832476841013,0.564616923205761
2024-06-29,f3743d8ef5dde970,a571c622ab89b3d9,9cdd2da1a9104a0b,cc8c623cca88f54f,Macy Chiasson,Mayra Bueno Silva,1,2024,2014-01-04,2023-12-16,0.003,1.10229922185938,0.465018832365316,0.462234774473586,0.454064419409528,0.460521242291305,0.489131386349529,0.460804967339658,0.482043689349153
2024-06-29,f3743d8ef5dde970,bbe3d8a37a276511,18d01f7f8338ae72,5987b2458f4b5290,Vinicius Oliveira,Ricky Simon,1,2024,2014-01-04,2023-12-16,0.003,1.10229922185938,0.324655401919924,0.317114842404183,0.33934896358161,0.329335160949105,0.307897917396274,0.33118788668946,0.314038995362706
2024-06-29,f3743d8ef5dde970,bca5d01f8775f852,009341ed974bad72,e5549c82bfb5582d,Jiri Prochazka,Alex Pereira,0,2024,2014-01-04,2023-12-16,0.003,1.10229922185938,0.393811230320371,0.396310814195494,0.402083312911425,0.385020030825153,0.377619522595769,0.369712179259357,0.402445057859591
2024-06-29,f3743d8ef5dde970,bf878c083a6b30ad,327d5f279895110d,d4c9dcd330403612,Roman Dolidze,Anthony Smith,1,2024,2014-01-04,2023-12-16,0.003,1.10229922185938,0.43994861592316,0.439289974856183,0.407096917327181,0.429838519062325,0.430175376480777,0.402028402087007,0.403934045060562
2024-06-29,f3743d8ef5dde970,daa6b47be304ec86,8e9eb3fc86db0f7d,c1085e1701b13eca,Marc-Andre Barriault,Joe Pyfer,0,2024,2014-01-04,2023-12-16,0.003,1.10229922185938,0.335335075069884,0.345063840487525,0.346032345460046,0.320455082464433,0.336679487537615,0.327019383848564,0.332782320004533
2024-06-29,f3743d8ef5dde970,fbf77262d8da342b,442c9011034ae1fd,a67d071163962af8,Ian Machado Garry,Michael Page,1,2024,2014-01-04,2023-12-16,0.003,1.10229922185938,0.769028253406276,0.750999121877695,0.726399857600174,0.771079562683188,0.738203764895559,0.772427183079052,0.73369720051688
2024-06-29,f3743d8ef5dde970,fc8ad0c7fc70dde7,82a5152216251682,f166e93d04a8c274,Dan Ige,Diego Lopes,0,2024,2014-01-04,2023-12-16,0.003,1.10229922185938,0.524181872014678,0.525210397945167,0.538752249115326,0.510581824125075,0.517115268193537,0.514241652767523,0.518665679339804
2024-07-13,66e0a70352fef46a,1394ce1832ddefe0,47b63240018d5d86,68d4a891e5cf2029,Rose Namajunas,Tracy Cortez,1,2024,2014-01-04,2023-12-16,0.003,1.10229922185938,0.620128021279381,0.633385008202083,0.646641793214003,0.644243511440649,0.655839906451482,0.630131596911708,0.624919378615842
2024-07-13,66e0a70352fef46a,25747d81ae5c6564,65db4065e2bc107d,d9a56ecb6e94f02e,Darrius Flowers,Evan Elder,0,2024,2014-01-04,2023-12-16,0.003,1.10229922185938,0.465690116469908,0.471193102546277,0.495921746538911,0.43928827336578,0.443351744587808,0.441429110209782,0.483269929965263
2024-07-13,66e0a70352fef46a,54de03e04f571735,519e4fe37ce9ff75,52ef95b5860fb28c,Drew Dober,Jean Silva,0,2024,2014-01-04,2023-12-16,0.003,1.10229922185938,0.320427667336059,0.336141626548158,0.325222106771,0.293723454130526,0.275736304496189,0.28326553324397,0.311014697748442
2024-07-13,66e0a70352fef46a,582afc25875911d1,745fa7b605f8e2da,a9e260472d321361,Fatima Kline,Jasmine Jasudavicius,0,2024,2014-01-04,2023-12-16,0.003,1.10229922185938,0.434222143630164,0.436627621877111,0.445908895787703,0.449621292786034,0.446454840476445,0.475947818785121,0.454509295954637
2024-07-13,66e0a70352fef46a,5eebde8fb4d67259,cc1a8b4b38b92c6d,da22387a0407a2dc,Montel Jackson,Da'Mon Blackshear,1,2024,2014-01-04,2023-12-16,0.003,1.10229922185938,0.686519043106232,0.681273361765028,0.673997888982317,0.674948113146506,0.730348048888718,0.748340641995549,0.712860884108184
2024-07-13,66e0a70352fef46a,80108a70c4afa6c2,17e97649403ba428,814e5233e2acf2ee,Joshua Van,Charles Johnson,0,2024,2014-01-04,2023-12-16,0.003,1.10229922185938,0.583705779206268,0.567336306422376,0.539850191795587,0.61829200440814,0.598564221807138,0.635909178290156,0.569662619085478
2024-07-13,66e0a70352fef46a,a63bb85cc39389c7,5ec591b78349ba7e,902ec2cc48c8ae8a,Christian Rodriguez,Julian Erosa,0,2024,2014-01-04,2023-12-16,0.003,1.10229922185938,0.801958244780268,0.800737052216592,0.810303077638144,0.811146576001821,0.821035902794091,0.814607178305469,0.806958270346043
2024-07-13,66e0a70352fef46a,d8e8d41282fc90dc,5f61780fe5e9b6d0,ca43de99b07b6b40,Andre Petroski,Josh Fremd,1,2024,2014-01-04,2023-12-16,0.003,1.10229922185938,0.641202545039081,0.628453071029262,0.608216370894839,0.654197653691151,0.653788683185728,0.624118635896781,0.651294325285449
2024-07-13,66e0a70352fef46a,dad759ec50508147,01641ba5df0c69b0,1497e735d9f2560a,Gabriel Bonfim,Ange Loosa,1,2024,2014-01-04,2023-12-16,0.003,1.10229922185938,0.60904246311943,0.608800550274787,0.63003691624251,0.613438768985459,0.610827912135661,0.600059164083602,0.592971994724872
2024-07-13,66e0a70352fef46a,dff8e4ef87d69516,447f9858ae78f921,6d1bffff14897645,Muslim Salikhov,Santiago Ponzinibbio,1,2024,2014-01-04,2023-12-16,0.003,1.10229922185938,0.437016996158071,0.437981522929497,0.443701451800766,0.420798794452865,0.430106075787447,0.430129938393952,0.441326126511066
2024-07-13,66e0a70352fef46a,e06bfd0100eccbad,5078e1dacf9d25f4,a08ddd04eaffd81d,Luana Santos,Mariya Agapova,1,2024,2014-01-04,2023-12-16,0.003,1.10229922185938,0.723721962538239,0.714646425112348,0.713836911927491,0.73212744544956,0.685898034392419,0.682572166400391,0.666426304574719
2024-07-20,c11036da9162cb5f,120ec60ad18cf6c5,97cf1a2c7c5e7889,a68575214ecad140,Steve Garcia,SeungWoo Choi,1,2024,2014-01-04,2023-12-16,0.003,1.10229922185938,0.702413533561735,0.689855816361868,0.713823973607988,0.713564237948795,0.716770981286183,0.70561057604713,0.712273982265215
2024-07-20,c11036da9162cb5f,40c18c6d64463809,700a674c042b7a96,7be14eaed4c74856,Cody Gibson,Brian Kelleher,1,2024,2014-01-04,2023-12-16,0.003,1.10229922185938,0.585299628073522,0.599409216997508,0.601513062032112,0.598172136182735,0.617721656994308,0.547749594075093,0.593440538928307
2024-07-20,c11036da9162cb5f,4a00db8aeff200a2,3df5493bb279226f,7dda2cf308f24a02,Amanda Lemos,Virna Jandiroba,0,2024,2014-01-04,2023-12-16,0.003,1.10229922185938,0.418667463553206,0.417714092331538,0.403816884114496,0.413501451467769,0.449073417138582,0.464157167159917,0.435578056980236
2024-07-20,c11036da9162cb5f,6e6567a98ea78891,41cc71cbf210e0fe,d008d785f6347dc2,Hyder Amil,JeongYeong Lee,1,2024,2014-01-04,2023-12-16,0.003,1.10229922185938,0.424293564881991,0.423679296172287,0.413723072284883,0.435147466507648,0.407358464492949,0.36059152327153,0.421097861006537
2024-07-20,c11036da9162cb5f,836e9bc5c1f6acd3,764d39074a352e33,da7f113b5ea39c43,Thomas Petersen,Mohammed Usman,1,2024,2014-01-04,2023-12-16,0.003,1.10229922185938,0.54181599502482,0.553454267043881,0.568824675463841,0.549180986914189,0.562489779100138,0.534322937319588,0.530185471045923
2024-07-20,c11036da9162cb5f,94541dd979e0b4bd,294aa73dbf37d281,7f6ed67d3ed3c036,Bruno Silva,Cody Durden,1,2024,2014-01-04,2023-12-16,0.003,1.10229922185938,0.500331144799276,0.503738219933488,0.46988669913991,0.495949085821166,0.467316829798156,0.47999973616873,0.473696718456002
2024-07-20,c11036da9162cb5f,9eaa33f874bbb999,a7151778b3381036,ca36633b80be4a78,Kurt Holobaugh,Kaynan Kruschewsky,1,2024,2014-01-04,2023-12-16,0.003,1.10229922185938,0.395050690640799,0.390551190734436,0.342660945885593,0.404859549769809,0.389297311216701,0.416173251234399,0.404812670000884
2024-07-20,c11036da9162cb5f,b3f1253d0a991791,8c169fbe1ac33637,cfc3e7bb44685289,Loik Radzhabov,Trey Ogden,0,2024,2014-01-04,2023-12-16,0.003,1.10229922185938,0.38999940235206,0.389767691735614,0.383168999388601,0.390709156190785,0.357397448355435,0.398359155501348,0.381204908810532
2024-07-20,c11036da9162cb5f,c3ef9edf73626521,3cf66c62d9069f43,528b071cf3da7c56,Lucie Pudilova,Luana Carolina,0,2024,2014-01-04,2023-12-16,0.003,1.10229922185938,0.407203967080327,0.412964572228233,0.403833155690712,0.393875195968482,0.408241174318057,0.3780757587168,0.440266616925512
2024-07-20,c11036da9162cb5f,e655774643881e6c,27b388f0aab49780,f29a6350c69f4a33,Dione Barbosa,Miranda Maverick,0,2024,2014-01-04,2023-12-16,0.003,1.10229922185938,0.337361770068939,0.340899859591578,0.354176614700374,0.339999475664337,0.332356567035243,0.344382982219001,0.349610374365437
2024-07-20,c11036da9162cb5f,ec8bc554a0646638,9abc648e76c4493a,e93b04e308913c2e,Bill Algeo,Dooho Choi,0,2024,2014-01-04,2023-12-16,0.003,1.10229922185938,0.591432109627554,0.590500230431735,0.611338101789045,0.577050686081728,0.599935002785025,0.578182262898204,0.572935266666428
2024-07-27,026b4f7049085842,026bb9fd1b3f239d,476fe566d2df676e,6370c1c1e12723d5,Modestas Bukauskas,Marcin Prachnio,1,2024,2014-01-04,2023-12-16,0.003,1.10229922185938,0.529931244160481,0.535555655367739,0.553345897793389,0.520135021284438,0.533953153796796,0.518016921822422,0.53927863754932
2024-07-27,026b4f7049085842,16b0a16ab2e20fdb,6b56e94a59b7b134,9fe7af8b3fbe00a0,Oban Elliott,Preston Parsons,1,2024,2014-01-04,2023-12-16,0.003,1.10229922185938,0.50548412674557,0.495450368265557,0.4921402795252,0.488965430418448,0.512919117494628,0.530088914818087,0.522168510407114
2024-07-27,026b4f7049085842,3183dfe66fcdd25f,4729c93ba705a3bf,8b6e5dc2ba1edbe7,Kiefer Crosbie,Sam Patterson,0,2024,2014-01-04,2023-12-16,0.003,1.10229922185938,0.340516923966339,0.348066218649936,0.3476428811692,0.329202641159377,0.370457016363377,0.366554352265409,0.386858208675402
2024-07-27,026b4f7049085842,3e2bde19e752f64b,7826923b47f8d72a,887961364be5ceb3,Paddy Pimblett,King Green,1,2024,2014-01-04,2023-12-16,0.003,1.10229922185938,0.520415245039316,0.509111091800781,0.501828950494351,0.513221047326728,0.509267158370737,0.534668177686321,0.495681729879297
2024-07-27,026b4f7049085842,45e6a9b56ee3a9d1,329e403448756217,361d49960a196976,Nathaniel Wood,Daniel Pineda,1,2024,2014-01-04,2023-12-16,0.003,1.10229922185938,0.759749931090797,0.753631976184009,0.746644996226481,0.769951914986519,0.766083896976023,0.776258035005119,0.736226350049734
2024-07-27,026b4f7049085842,678eda89a096dde8,51018a31ddf31eb2,7138a15258dabf20,Molly McCann,Bruna Brasil,0,2024,2014-01-04,2023-12-16,0.003,1.10229922185938,0.524707714311299,0.508281179095718,0.482960262780806,0.535188397924741,0.544560722473669,0.540151493067127,0.556083356715863
2024-07-27,026b4f7049085842,8a2e28da18ba6a25,040a74bb0a465c54,9560ff14eb3129f7,Arnold Allen,Giga Chikadze,1,2024,2014-01-04,2023-12-16,0.003,1.10229922185938,0.558620461638112,0.555297651500752,0.551842532816332,0.562291997695855,0.594991977836237,0.57362173144634,0.557445513094566
2024-07-27,026b4f7049085842,9d8c32c60df0e287,42ac4020cba261ad,60a42bf82447c919,Caolan Loughran,Jake Hadley,0,2024,2014-01-04,2023-12-16,0.003,1.10229922185938,0.522327665220019,0.52385936126249,0.51265809645139,0.541363143597579,0.525414378116463,0.539674776066427,0.494568030278657
2024-07-27,026b4f7049085842,a5558e8fec59a687,0c25d0a5e8cdbf19,0d5cc0170c1a7e71,Lukasz Brzeski,Mick Parkin,0,2024,2014-01-04,2023-12-16,0.003,1.10229922185938,0.257095513790975,0.269371166099481,0.263903314739307,0.242381279059637,0.255544386133877,0.250885471209094,0.280842258554443
2024-07-27,026b4f7049085842,d6e240c47ba6034d,5d1b7e3dd9e11074,75353550928a7921,Manel Kape,Muhammad Mokaev,0,2024,2014-01-04,2023-12-16,0.003,1.10229922185938,0.240135317906795,0.251536494152687,0.268821915802173,0.226131231737384,0.257946925310109,0.26285427482539,0.282436053143067
2024-07-27,026b4f7049085842,dff2ef8fdde8c502,87f8699fdcc2c404,9c442aaf149ea982,Alice Ardelean,Shauna Bannon,0,2024,2014-01-04,2023-12-16,0.003,1.10229922185938,0.52094554984141,0.512258070757684,0.523486260508132,0.520204428249298,0.511110854626184,0.520391987038346,0.506836710752417
2024-07-27,026b4f7049085842,ec434314c5438fc7,399afbabc02376b5,fa6796c55d6c5440,Tom Aspinall,Curtis Blaydes,1,2024,2014-01-04,2023-12-16,0.003,1.10229922185938,0.54676598715326,0.537174746768557,0.579135277478206,0.528044602919884,0.554404052372975,0.534142870507788,0.574049066870548
2024-07-27,026b4f7049085842,ec5163539a133f17,b1b0729d27936f2f,f1fac969a1d70b08,Belal Muhammad,Leon Edwards,1,2024,2014-01-04,2023-12-16,0.003,1.10229922185938,0.37235676951753,0.364626831183911,0.338940424257792,0.361486265712686,0.366860296568472,0.344882673756451,0.37331653069071
2024-07-27,026b4f7049085842,f02fed4e98048471,a93f94c923c3a9cb,d1c65d2cf2925ddd,Christian Leroy Duncan,Gregory Rodrigues,0,2024,2014-01-04,2023-12-16,0.003,1.10229922185938,0.505983277994664,0.508565601919803,0.517095464828513,0.521036593839218,0.559981126812999,0.552178012551936,0.537379095873512
2024-08-03,fe435e440b5de0ff,1cd63899011c4bf6,3753714927f18437,ec13c393d029297d,Mohammad Yahya,Kaue Fernandes,0,2024,2014-01-04,2023-12-16,0.003,1.10229922185938,0.410129002303938,0.413409419517471,0.413734648831166,0.40820472547999,0.461712762502334,0.438320693457825,0.468026913948025
2024-08-03,fe435e440b5de0ff,2d39c26876246223,22a92d7f62195791,c58f51dedb310998,Tony Ferguson,Michael Chiesa,0,2024,2014-01-04,2023-12-16,0.003,1.10229922185938,0.310473017389623,0.306101883799986,0.312705464675464,0.291227400839194,0.277276444092032,0.285657108125368,0.318499941995999
2024-08-03,fe435e440b5de0ff,33655fd07cfbe034,2b6fc1c02736833d,65f09bacd3957381,Umar Nurmagomedov,Cory Sandhagen,1,2024,2014-01-04,2023-12-16,0.003,1.10229922185938,0.59953719679803,0.58827653293282,0.564416525599852,0.598097794338822,0.636103180968353,0.649600832478466,0.628949296633485
2024-08-03,fe435e440b5de0ff,637f792270a0c746,1a9480fc288e55d7,6747ccd6d1acd266,Don'Tale Mayes,Shamil Gaziev,0,2024,2014-01-04,2023-12-16,0.003,1.10229922185938,0.520332839272054,0.512935984631635,0.504726337397223,0.523062421353782,0.52749967023871,0.567897250374843,0.511463371076156
2024-08-03,fe435e440b5de0ff,77df662671ce11c5,6d38e41efa47a72d,7772b283d288dbe2,Jordan Vucenic,Guram Kutateladze,0,2024,2014-01-04,2023-12-16,0.003,1.10229922185938,0.509949644841435,0.496503628094213,0.498939818520893,0.514123665611897,0.532609047729777,0.538149872940952,0.506381766467524
2024-08-03,fe435e440b5de0ff,b38450d9aa0f52b8,06734ca9d88dec3a,0d65c432720accb9,Shara Magomedov,Michal Oleksiejczuk,1,2024,2014-01-04,2023-12-16,0.003,1.10229922185938,0.508472881601491,0.500494756873973,0.525989895437054,0.50729754957141,0.498610428328824,0.524898499984571,0.471016796962895
2024-08-03,fe435e440b5de0ff,bb85e207eba236bc,7c7332319c14094c,aa72b0f831d0bfe5,Marlon Vera,Deiveson Figueiredo,0,2024,2014-01-04,2023-12-16,0.003,1.10229922185938,0.458470465701533,0.456244456377929,0.498169503422411,0.454351493405226,0.468538810318462,0.480050014862956,0.468067737823639
2024-08-03,fe435e440b5de0ff,d038ff5ac21094f3,40a456a25d52ee65,4c88a1db5a46c6a4,Rolando Bedoya,Jai Herbert,0,2024,2014-01-04,2023-12-16,0.003,1.10229922185938,0.724600260503169,0.721722831982649,0.720518567264582,0.731662247211624,0.746834499105693,0.712156938638661,0.736808538619353
2024-08-03,fe435e440b5de0ff,d0d74672150ddea3,7447e9f28508106a,8e5d953bdb9ae5e7,Mackenzie Dern,Loopy Godinez,1,2024,2014-01-04,2023-12-16,0.003,1.10229922185938,0.293039139927294,0.298560745176958,0.308237360548868,0.297870290955689,0.308294306706646,0.318217520250007,0.287422286332495
2024-08-03,fe435e440b5de0ff,de767dd5216bcad9,48a9a128784d53d1,58bbef3770bb2dfc,Elves Brener,Joel Alvarez,0,2024,2014-01-04,2023-12-16,0.003,1.10229922185938,0.558559586666917,0.55803348682444,0.547958401659181,0.568669786675295,0.509392016255801,0.509881999110332,0.481834145167243
2024-08-03,fe435e440b5de0ff,e6851877e33d343f,0112352cb32f5026,4e6738062d469256,Denis Tiuliulin,Sedriques Dumas,0,2024,2014-01-04,2023-12-16,0.003,1.10229922185938,0.239575964135006,0.252595574074512,0.261208163000889,0.225898417019239,0.256121018093038,0.244483044743632,0.285513578579459
2024-08-03,fe435e440b5de0ff,f80143e1f3c3d319,6c9b66b43663f2f7,e94085e821bd81de,Viktoriia Dudakova,Sam Hughes,0,2024,2014-01-04,2023-12-16,0.003,1.10229922185938,0.593709517641475,0.582890254968719,0.571720639962935,0.602297983358548,0.583134716420771,0.608933074164579,0.585392409893531
2024-08-03,fe435e440b5de0ff,fbbb703581440496,a495f599e787614f,e90a2f22417af68e,Alonzo Menifield,Azamat Murzakanov,0,2024,2014-01-04,2023-12-16,0.003,1.10229922185938,0.456968907067056,0.45148481367389,0.429066800963118,0.440570413254239,0.399141509910768,0.391193636073019,0.412784268670243
2024-08-10,2c733e059462c1dc,1332c1037c955d82,148bb103cfbf123e,68b8ebdfce9dbb61,Toshiomi Kazama,Charalampos Grigoriou,1,2024,2014-01-04,2023-12-16,0.003,1.10229922185938,0.422325120245207,0.430476849594643,0.437019897577308,0.410721954525228,0.425818725782766,0.455707373982051,0.443955680177494
2024-08-10,2c733e059462c1dc,1b5d5af1bc0a34c7,1b35af4d1529adf6,d35298b6df168456,Stephanie Luciano,Talita Alencar,1,2024,2014-01-04,2023-12-16,0.003,1.10229922185938,0.633207751383803,0.631594417076059,0.624281192172269,0.632819107727188,0.633397375523741,0.623090481328313,0.627765850962773
2024-08-10,2c733e059462c1dc,6aa89b7b5350b8e2,32feae6d9a1e5047,45f0cc9d18f35137,Quang Le,Chris Gutierrez,0,2024,2014-01-04,2023-12-16,0.003,1.10229922185938,0.242265324862074,0.244188612809,0.249097494393029,0.228539668585604,0.255106739151648,0.239821207823143,0.253508511465199
2024-08-10,2c733e059462c1dc,6bcaa0de4003cc41,25f9a5f3e8a52618,d35f734c56a89103,Jhonata Diniz,Karl Williams,1,2024,2014-01-04,2023-12-16,0.003,1.10229922185938,0.37468127699959,0.379099934956256,0.393688293204733,0.376002914775638,0.363819916937196,0.378935553813829,0.372976084679959
2024-08-10,2c733e059462c1dc,7b4284bd3033a319,0f1efce7d2571d10,b7c5eb7cdbac6a63,Nikolay Veretennikov,Danny Barlow,0,2024,2014-01-04,2023-12-16,0.003,1.10229922185938,0.264953583037788,0.265671354674161,0.26864343973243,0.240987317946871,0.252789633275586,0.271054936040408,0.261520302414733
2024-08-10,2c733e059462c1dc,84973bbdffaf0d0e,c9cf753cfdf77fc2,e2f6b2769aaedd6c,Marcin Tybura,Serghei Spivac,0,2024,2014-01-04,2023-12-16,0.003,1.10229922185938,0.441652501751239,0.440523658291181,0.409518604623949,0.430135437887239,0.402486861594641,0.417362087688774,0.41270940447423
2024-08-10,2c733e059462c1dc,a7ac1dfcdc083694,351c4ec637380ad5,91dac5e69e28d5b5,Karol Rosa,Pannie Kianzad,1,2024,2014-01-04,2023-12-16,0.003,1.10229922185938,0.644220490586753,0.639828750853064,0.641159414293313,0.646371752355044,0.645272896184463,0.653609661286925,0.648429242223105
2024-08-10,2c733e059462c1dc,cd9851b8eadb53a9,082eba4cd80f736f,52c2ae6d2f2d2613,Jarno Errens,Youssef Zalal,0,2024,2014-01-04,2023-12-16,0.003,1.10229922185938,0.384282036474163,0.394929626529758,0.411646928094568,0.359545349419933,0.354915478181908,0.382199140707097,0.36949822539605
2024-08-10,2c733e059462c1dc,e0b14afd93af5638,3143bf892608139a,af9efbfd63d39734,Yana Santos,Chelsea Chandler,1,2024,2014-01-04,2023-12-16,0.003,1.10229922185938,0.403197351668242,0.41530210157634,0.41072736269831,0.404568456004929,0.380531309109236,0.422320150130809,0.37183301446922
2024-08-10,2c733e059462c1dc,e72a2130e7387637,29af297d9f1de0f8,e0c6edcb5b5d0b90,Damon Jackson,Chepe Mariscal,0,2024,2014-01-04,2023-12-16,0.003,1.10229922185938,0.332168871868057,0.335671367109668,0.322870720212782,0.327475247552861,0.344108242547501,0.332452160736381,0.355562104612786
2024-08-17,32ba186f4b0e3267,059f5cf0e9e37627,193b9d1858bc4df3,72db2a14ffa73ece,Dan Hooker,Mateusz Gamrot,1,2024,2014-01-04,2023-12-16,0.003,1.10229922185938,0.289636563119402,0.287520985567407,0.286766873842371,0.270378793328724,0.253522185647915,0.27646582512634,0.26572141680828
2024-08-17,32ba186f4b0e3267,075a102456080ab2,2bd98ab77a8daa75,c051c2e12d692b8a,Stewart Nicoll,Jesus Aguilar,0,2024,2014-01-04,2023-12-16,0.003,1.10229922185938,0.438346094643115,0.441274914823161,0.439870037090036,0.438255599901248,0.472609830938176,0.435701561939897,0.449405463394235
2024-08-17,32ba186f4b0e3267,3c319d4659e6c8fd,7ee0fd831c0fe7c3,e64b96c07d7ce999,Carlos Prates,Li Jingliang,1,2024,2014-01-04,2023-12-16,0.003,1.10229922185938,0.569815557855098,0.57124730311116,0.59957334389198,0.589412465908469,0.586187032957155,0.579930613332549,0.552088633761916
2024-08-17,32ba186f4b0e3267,43ebfc8914a39061,1ae8f3c723aacff4,6751eacd16bd59bc,Ricardo Ramos,Josh Culibao,1,2024,2014-01-04,2023-12-16,0.003,1.10229922185938,0.416112842584327,0.412978279783876,0.390336016288433,0.416548500908778,0.39988947562771,0.427861778412162,0.401293706175481
2024-08-17,32ba186f4b0e3267,6c44af21414e4143,0d7b51c9d2649a6e,1338e2c7480bdf9e,Dricus Du Plessis,Israel Adesanya,1,2024,2014-01-04,2023-12-16,0.003,1.10229922185938,0.602162310588541,0.593292646969643,0.596129673932402,0.625306840976582,0.599081087683661,0.618459917849452,0.58497507641277
2024-08-17,32ba186f4b0e3267,b9d5c77ae7a8109b,04835018f90b118c,5078e1dacf9d25f4,Casey O'Neill,Luana Santos,1,2024,2014-01-04,2023-12-16,0.003,1.10229922185938,0.377566331969224,0.392284146057926,0.405728444102675,0.376871381126009,0.364523511905361,0.356289416484324,0.369121393145801
2024-08-17,32ba186f4b0e3267,bf8c5effd23f69c4,32ab52e5de93092d,853eb0dd5c0e2149,Steve Erceg,Kai Kara-France,0,2024,2014-01-04,2023-12-16,0.003,1.10229922185938,0.634222182226028,0.634839952231975,0.648666205316134,0.636167603315299,0.6377622901594,0.608455906861087,0.627855352284594
2024-08-17,32ba186f4b0e3267,bfff6cf22c1c569c,4f140403000158b5,a9da3158dd2c2b5a,Herbert Burns,Jack Jenkins,0,2024,2014-01-04,2023-12-16,0.003,1.10229922185938,0.264933963568974,0.278457424341894,0.275931294659277,0.247963600431188,0.202969423641681,0.214154139684845,0.243102656679658
2024-08-17,32ba186f4b0e3267,ce75f5ecbc0d3dfd,6c3b2525436cf5d4,dc07493a87dc0a6e,Tom Nolan,Alex Reyes,1,2024,2014-01-04,2023-12-16,0.003,1.10229922185938,0.753870326664215,0.745947719523395,0.744084671954014,0.766474362266007,0.774586564083761,0.795432371619617,0.770641367713118
2024-08-17,32ba186f4b0e3267,dd3d8f7066c145b7,2cd428e9606856fd,c62fbc117d57b943,Jairzinho Rozenstruik,Tai Tuivasa,1,2024,2014-01-04,2023-12-16,0.003,1.10229922185938,0.687901826825745,0.679548390158076,0.692447218702824,0.705693381312424,0.724224095468104,0.70984722367152,0.761409846112405
2024-08-17,32ba186f4b0e3267,ea4ff1d77928b029,c15fa95b9a12fde4,f5779a2303ed76ec,Junior Tafa,Valter Walker,0,2024,2014-01-04,2023-12-16,0.003,1.10229922185938,0.446225317658527,0.447133002121483,0.458083603235764,0.443273071793924,0.441765243296555,0.478668276016335,0.444424128881879
2024-08-17,32ba186f4b0e3267,ea824ac4b8ed8a35,32490e80ddab1e5a,814ff3018127e8fc,Song Kenan,Ricky Glenn,1,2024,2014-01-04,2023-12-16,0.003,1.10229922185938,0.497617058280089,0.492986151559154,0.544003409906808,0.525443772240973,0.505541717076982,0.526782563887521,0.503488074130494
2024-08-24,be8ad887e4d674b0,15805ae1eea3343e,13a0275fa13c4d26,4126a78111c0855a,Jared Cannonier,Caio Borralho,0,2024,2014-01-04,2023-12-16,0.003,1.10229922185938,0.342515488000624,0.355329332366395,0.374295256982129,0.332677074389176,0.305194204998913,0.282038047201106,0.313493497243315
2024-08-24,be8ad887e4d674b0,2cbd53e43d3f606b,4144798612ef96e5,6ac9bc2953c47345,Edmen Shahbazyan,Gerald Meerschaert,0,2024,2014-01-04,2023-12-16,0.003,1.10229922185938,0.552835830631174,0.551635298616882,0.517923116826724,0.536287886844856,0.502931737049424,0.536903789199047,0.49406929395706
2024-08-24,be8ad887e4d674b0,560f1e26c2a6690a,5d495dec23d7c68e,c4d039123e62f6a9,Francis Marshall,Dennis Buzukja,1,2024,2014-01-04,2023-12-16,0.003,1.10229922185938,0.46444388891522,0.460810116320057,0.454666861868041,0.4538002669965,0.41462344950854,0.402715506781134,0.427530675101548
2024-08-24,be8ad887e4d674b0,5c5523a6bf83e44f,0cd0456d6029cec2,d5bab53a1a603aac,Robert Valentin,Ryan Loder,0,2024,2014-01-04,2023-12-16,0.003,1.10229922185938,0.563261225933847,0.56304579540548,0.562695001911781,0.568786345772144,0.550442628813882,0.565653647878332,0.547535830521301
2024-08-24,be8ad887e4d674b0,70afe9e0d2422252,d25240135aee03e5,f0feeb2192937424,Tabatha Ricci,Angela Hill,1,2024,2014-01-04,2023-12-16,0.003,1.10229922185938,0.702189938684766,0.685211368577487,0.696542451089856,0.707588163347816,0.666979545194745,0.691080036126121,0.680262272208555
2024-08-24,be8ad887e4d674b0,903d588b30a471e8,68d35296f566792b,e3964ece586e0635,Josiane Nunes,Jacqueline Cavalcanti,0,2024,2014-01-04,2023-12-16,0.003,1.10229922185938,0.279652993667483,0.277750833600347,0.271714922573486,0.254979193938643,0.252096160932334,0.248861834227418,0.249658058573033
2024-08-24,be8ad887e4d674b0,ae50a1a655b1a8f6,84b3e7d38f2d2ec5,c32aeb1a59e6272d,Neil Magny,Michael Morales,0,2024,2014-01-04,2023-12-16,0.003,1.10229922185938,0.271104769526304,0.272365885477477,0.245488035429453,0.269597572915708,0.290243605790087,0.289923489084532,0.284127993813067
2024-08-24,be8ad887e4d674b0,ba8eda6993922ba0,19c591115a58982c,93b2b7caa457cbea,Viacheslav Borshchev,James Llontop,1,2024,2014-01-04,2023-12-16,0.003,1.10229922185938,0.406049391005482,0.40474628034706,0.400922695219548,0.391844212674649,0.375190817901614,0.396367682754984,0.418218157044962
2024-08-24,be8ad887e4d674b0,bad06a5380d762b8,480779d7f9a424d3,7facc9c45d792985,Mairon Santos,Kaan Ofli,1,2024,2014-01-04,2023-12-16,0.003,1.10229922185938,0.634023130514977,0.63593251114214,0.630215055844461,0.645837918658358,0.637602776289329,0.633138399732872,0.616878969046568
2024-08-24,be8ad887e4d674b0,d2caa1ddb9de7481,23dec7c47cb418f8,baa9be02c3e3e038,Zachary Reese,Jose Daniel Medina,1,2024,2014-01-04,2023-12-16,0.003,1.10229922185938,0.587261582445712,0.588323883110617,0.586320312517112,0.591063499132738,0.590753792439859,0.583731422587122,0.586678580310836
2024-08-24,be8ad887e4d674b0,d4127baf74b0e791,2997e7fe3c9d3d4a,9dedfdd91070ddd8,Wang Cong,Victoria Leonardo,1,2024,2014-01-04,2023-12-16,0.003,1.10229922185938,0.670118217535897,0.660260921903933,0.660699951937924,0.670341080753657,0.659147136181401,0.616407675468428,0.667857591665942
2024-09-07,ee0b69e307c857e5,0c418b9cdfd525c9,641ca2c2ed91b93c,a2d342ffc83913ed,Zygimantas Ramaska,Nathan Fletcher,0,2024,2014-01-04,2023-12-16,0.003,1.10229922185938,0.494203847077791,0.493451776998171,0.491749928551286,0.491894294219458,0.491941753086508,0.489305792964128,0.49068847998106
2024-09-07,ee0b69e307c857e5,453e6f2665c85fd7,31f8081c7600da93,97cf1a2c7c5e7889,Kyle Nelson,Steve Garcia,0,2024,2014-01-04,2023-12-16,0.003,1.10229922185938,0.406345387292671,0.410481091434425,0.390818145326878,0.42378449598498,0.405273905392403,0.406013007844771,0.399903542553186
2024-09-07,ee0b69e307c857e5,69bde5bae0d6ec4f,5cdf5339728f580d,b1f21ce050035d58,Felipe dos Santos,Andre Lima,0,2024,2014-01-04,2023-12-16,0.003,1.10229922185938,0.419461542140831,0.430873226269047,0.43066140797535,0.412170722648135,0.442949107150014,0.416884493205934,0.454461304808927
2024-09-07,ee0b69e307c857e5,6e9876d2be2bbd02,3f11fd1751fa83b1,f2f140ce7532e327,Yizha,Gabriel Santos,0,2024,2014-01-04,2023-12-16,0.003,1.10229922185938,0.609345937567583,0.609695885803609,0.615738528466975,0.612145704520672,0.60388489702397,0.562006274733986,0.575794411865399
2024-09-07,ee0b69e307c857e5,75fa9c0bb31caaa3,0bc697c5936a2d0a,c739c2995a275314,Trevor Peek,Yanal Ashmouz,0,2024,2014-01-04,2023-12-16,0.003,1.10229922185938,0.528113835695365,0.528684235604435,0.516416196391994,0.524049068461257,0.565576942213665,0.546694741467786,0.568265176647087
2024-09-07,ee0b69e307c857e5,abfd5ac6cf186d8a,a57cb948c4c70a47,d7fe8c6b7d2872e5,Isaac Dulgarian,Brendon Marotte,1,2024,2014-01-04,2023-12-16,0.003,1.10229922185938,0.732274711138643,0.729116424594794,0.722835611912093,0.748037200156434,0.748964093075785,0.728548772328133,0.741753960108172
2024-09-07,ee0b69e307c857e5,b80c6eba11c54778,06626b6287e1ae1e,a13d755965a4ec9f,Chris Padilla,Rongzhu,1,2024,2014-01-04,2023-12-16,0.003,1.10229922185938,0.645135433779366,0.641585332634376,0.663641136260407,0.657441626575951,0.623079483166591,0.588040495312901,0.58206354636785
2024-09-07,ee0b69e307c857e5,bcfaf1dd78f12f97,262d32ebda89efc4,6a1901c62ab3870f,Natalia Silva,Jessica Andrade,1,2024,2014-01-04,2023-12-16,0.003,1.10229922185938,0.566691653248662,0.550651919624603,0.564205921407076,0.562599589326312,0.632591720903837,0.648670067503883,0.666999352643318
2024-09-07,ee0b69e307c857e5,ee9ade72b44dfa06,23024fdfc966410a,45f7cb591c3ab00b,Gilbert Burns,Sean Brady,0,2024,2014-01-04,2023-12-16,0.003,1.10229922185938,0.339159845606407,0.348675495299115,0.354605705353073,0.332793637364705,0.335897600008311,0.335798939554184,0.364914151935454
2024-09-07,ee0b69e307c857e5,f1613b372748c8bb,2c483cf443f38ece,bc7d1ad49fcb2d08,Vanessa Demopoulos,Jaqueline Amorim,0,2024,2014-01-04,2023-12-16,0.003,1.10229922185938,0.18434280851873,0.180690902591407,0.171887751867173,0.168471388882124,0.15976965386907,0.203735031320731,0.182735654332184
2024-09-07,ee0b69e307c857e5,f734b497add754af,5f61780fe5e9b6d0,a817e238b2747404,Andre Petroski,Dylan Budka,1,2024,2014-01-04,2023-12-16,0.003,1.10229922185938,0.636554654856492,0.617512900744366,0.599814252772499,0.637775040007471,0.651049359428477,0.642462846884747,0.663468982086882
2024-09-07,ee0b69e307c857e5,fe59646ebad8b6e4,67c1d46f4ed16f9e,7f6ed67d3ed3c036,Matt Schnell,Cody Durden,0,2024,2014-01-04,2023-12-16,0.003,1.10229922185938,0.349867393499084,0.370465994126434,0.381930907280617,0.348479244886238,0.334212492642177,0.347808123699127,0.310834543877863
2024-09-14,0c01568b1ac77bff,2335e75ce63805b6,def8166ff24bd237,f166e93d04a8c274,Brian Ortega,Diego Lopes,0,2024,2014-01-04,2023-12-16,0.003,1.10229922185938,0.383005786404562,0.385989590105884,0.370297440531055,0.374269874734579,0.388633848482416,0.373800465871121,0.394098092257684
2024-09-14,0c01568b1ac77bff,2397e2a92710705a,578ef12674df1e6a,d3f5d33d61cd00c9,Irene Aldana,Norma Dumont,0,2024,2014-01-04,2023-12-16,0.003,1.10229922185938,0.36489641536842,0.374832760584931,0.378567110593921,0.36603249343672,0.342441154243893,0.317445314720222,0.366979947482162
2024-09-14,0c01568b1ac77bff,27d98a8ee6608e27,323d4ca260dfa0ba,4148802ae4a50768,Esteban Ribovics,Daniel Zellhuber,1,2024,2014-01-04,2023-12-16,0.003,1.10229922185938,0.42287205475221,0.425239286865307,0.424666331771059,0.410951993044762,0.399697203556811,0.437240258842034,0.438941875590459
2024-09-14,0c01568b1ac77bff,3146e5a47a922976,b50a426a33da0012,c03520b5c88ed6b4,Sean O'Malley,Merab Dvalishvili,0,2024,2014-01-04,2023-12-16,0.003,1.10229922185938,0.589928018835724,0.583701114147249,0.605434147818738,0.596110986368165,0.621622973159147,0.607426230433657,0.621564479081388
2024-09-14,0c01568b1ac77bff,3733d100f7bd5590,2e7878927067fdca,e4a47b07044ddd72,Manuel Torres,Ignacio Bahamondes,0,2024,2014-01-04,2023-12-16,0.003,1.10229922185938,0.49274535006345,0.492570236568139,0.534790651778809,0.476458528938193,0.508665740155643,0.511666896023745,0.520904692650585
2024-09-14,0c01568b1ac77bff,3cdc6fea724be133,7d420039bbfe7c1a,fe2babf95de24fb1,Aoriqileng,Raul Rosas Jr.,0,2024,2014-01-04,2023-12-16,0.003,1.10229922185938,0.244126625419051,0.249167015003236,0.25152492755483,0.214915318149293,0.230981988105983,0.26657402756715,0.261979763105626
2024-09-14,0c01568b1ac77bff,6f83cfae0c800ef8,132deb59abae64b1,e8b731feff72294b,Valentina Shevchenko,Alexa Grasso,1,2024,2014-01-04,2023-12-16,0.003,1.10229922185938,0.521910363137978,0.520859351318972,0.5178006032165,0.504843123824511,0.585744189653797,0.564655292295249,0.623462103733526
2024-09-14,0c01568b1ac77bff,78b506e5092a27fd,6d68c1afe954f121,f2900678e98f6d6a,Ode Osbourne,Ronaldo Rodriguez,0,2024,2014-01-04,2023-12-16,0.003,1.10229922185938,0.267559836278811,0.278174405489622,0.270937553527977,0.262919677404885,0.292728229979457,0.321228323245729,0.351439563189285
2024-09-14,0c01568b1ac77bff,c60a317c7767abb7,40cb680ae1cd331f,8bd4200561c77a62,Yazmin Jauregui,Ketlen Souza,0,2024,2014-01-04,2023-12-16,0.003,1.10229922185938,0.523729085983159,0.514914963028837,0.500214319314728,0.517949551929656,0.44067564801301,0.461722458387756,0.437253473333424
2024-09-14,0c01568b1ac77bff,dae8ad2e03aa4a9a,17e97649403ba428,5ef94841c4bc3f86,Joshua Van,Edgar Chairez,1,2024,2014-01-04,2023-12-16,0.003,1.10229922185938,0.667058669587927,0.652833262425604,0.610395020705248,0.684278401987031,0.72107588759787,0.719518572685161,0.682966623407005
2024-09-28,079488710f012779,19706d8ba0edf9cd,791c8437b341fba5,e1d40e8782d80bc2,Joanderson Brito,William Gomis,0,2024,2014-01-04,2023-12-16,0.003,1.10229922185938,0.4952951180783,0.494787236799761,0.500859384929294,0.48995943954189,0.471437987685057,0.450697870255582,0.432189910656654
2024-09-28,079488710f012779,3599e9de4ae0e171,46e2011d92463b7e,74f9448b97bf8bec,Oumar Sy,Da Woon Jung,1,2024,2014-01-04,2023-12-16,0.003,1.10229922185938,0.667412321304931,0.659462072884748,0.682672808535227,0.68283737457369,0.675119817606509,0.630059797460934,0.651933393002943
2024-09-28,079488710f012779,45f00a42a17f8e2a,dda15dbfafb792df,f626118b6da0e020,Kevin Jousset,Bryan Battle,0,2024,2014-01-04,2023-12-16,0.003,1.10229922185938,0.459676928812883,0.455641746874732,0.470062972142311,0.482859034038935,0.515419702275935,0.501911575535651,0.484816529159044
2024-09-28,079488710f012779,47d978a984a163aa,dc7927cd622676a7,e8fe9c15d348e778,Victor Altamirano,Daniel Barez,0,2024,2014-01-04,2023-12-16,0.003,1.10229922185938,0.669564978866493,0.668428123726658,0.657785871525863,0.679436322997935,0.676392808836531,0.649783768637723,0.649540248102449
2024-09-28,079488710f012779,62ff1e5deb124ff5,2f181c0467965b98,881bf86d4cba8578,Brendan Allen,Nassourdine Imavov,0,2024,2014-01-04,2023-12-16,0.003,1.10229922185938,0.588412796945588,0.58099581136849,0.570038877014632,0.588859272636816,0.540060083412525,0.542250974896845,0.560956086033337
2024-09-28,079488710f012779,7ba432e218edc17d,06e4245d16fc5315,07047eb7d17fb0a2,Ailin Perez,Daria Zhelezniakova,1,2024,2014-01-04,2023-12-16,0.003,1.10229922185938,0.449459300937403,0.445130353487372,0.434428762302761,0.439026517093301,0.465955502469922,0.453987203113157,0.479226966953524
2024-09-28,079488710f012779,7ca4c91bab696b89,b6452706b373eea1,c2299ec916bc7c56,Renato Moicano,Benoit Saint Denis,1,2024,2014-01-04,2023-12-16,0.003,1.10229922185938,0.410920030251642,0.408392310931456,0.397950737417326,0.426065799735431,0.430896741958037,0.448566020311157,0.41988941423966
2024-09-28,079488710f012779,89b772f864acb637,64ad3e3b0efa30bb,cd13728ae1151f46,Ivan Erslan,Ion Cutelaba,0,2024,2014-01-04,2023-12-16,0.003,1.10229922185938,0.431303191866563,0.41694507633714,0.431068272164091,0.4263334634303,0.424232033531718,0.410110433513231,0.442229172144559
2024-09-28,079488710f012779,a187670c5ee1ec5f,e3964ece586e0635,f2b3f4ef3f780168,Jacqueline Cavalcanti,Nora Cornolle,1,2024,2014-01-04,2023-12-16,0.003,1.10229922185938,0.704084977178947,0.700452106053189,0.674495246683776,0.721443141248766,0.676164043131849,0.668435569854376,0.678715701162848
2024-09-28,079488710f012779,d063d46208c560b1,37098a6e6c27fb66,8b1ed83b02303075,Vince Morales,Taylor Lapilus,0,2024,2014-01-04,2023-12-16,0.003,1.10229922185938,0.249706627499164,0.260749381265158,0.25422281538336,0.251226104917416,0.227552559071272,0.235038398029165,0.216633220113837
2024-09-28,079488710f012779,d806aacf5b6ba7f6,1e4f273069fb9e85,dccb63727f2f5f74,Fares Ziam,Matt Frevola,1,2024,2014-01-04,2023-12-16,0.003,1.10229922185938,0.64874750858024,0.633993106213898,0.633794051986326,0.678315965168165,0.70520630625077,0.678496914114345,0.670917146200246
2024-09-28,079488710f012779,e01019fbfe0e9528,37c5366d18ed6c05,5b86d491d63890c5,Roosevelt Roberts,Ludovit Klein,0,2024,2014-01-04,2023-12-16,0.003,1.10229922185938,0.242404353967228,0.253986413420948,0.229879343415606,0.235631807193442,0.249670348796699,0.260531710563927,0.263822890751753
2024-09-28,079488710f012779,eedc7fccf7037949,4bdedbdeedff7d1d,fd406a32a6fb3a29,Bolaji Oki,Chris Duncan,0,2024,2014-01-04,2023-12-16,0.003,1.10229922185938,0.52156123183064,0.515888065241753,0.519809490894206,0.529220268633112,0.556937743398684,0.532228715393465,0.533298731455578
2024-09-28,079488710f012779,f114929ed709606e,5b03b61f9d90125e,b909a9a9688b5284,Morgan Charriere,Gabriel Miranda,1,2024,2014-01-04,2023-12-16,0.003,1.10229922185938,0.789701115723235,0.789663659429776,0.790178064494034,0.802218690869143,0.822833075744915,0.790086093363203,0.788022982929398
2024-10-05,eee8efec7b951d84,1d68bb733de24b06,3253b16d38ae087d,fc169c387b4b465d,Julianna Pena,Raquel Pennington,1,2024,2014-01-04,2023-12-16,0.003,1.10229922185938,0.351452302423708,0.369669799618108,0.413229591412616,0.344640955093151,0.349969532469201,0.38442242103229,0.349359944358665
2024-10-05,eee8efec7b951d84,3d7d82fff71e395a,bc711b6dd95c1af6,d0f3959b4a9747e6,Mario Bautista,Jose Aldo,1,2024,2014-01-04,2023-12-16,0.003,1.10229922185938,0.59940481310846,0.583152526792556,0.566354068231039,0.594442440762205,0.633821560986116,0.598690589209941,0.624428266881578
2024-10-05,eee8efec7b951d84,58dec0a39cdefa3f,50db8711c70196cd,a67f5afa8d6a1b80,Ovince Saint Preux,Ryan Spann,0,2024,2014-01-04,2023-12-16,0.003,1.10229922185938,0.416813589634242,0.424396669065167,0.461681938961294,0.417730294834357,0.434780543931828,0.444161419075574,0.472077302134011
2024-10-05,eee8efec7b951d84,58e5fc1914c4e641,31ef8b67e13495b3,d910665038efc639,Tecia Pennington,Carla Esparza,1,2024,2014-01-04,2023-12-16,0.003,1.10229922185938,0.511890626829787,0.507814560481672,0.508809949624534,0.513906519220856,0.561278542078238,0.517064082725542,0.558014932194364
2024-10-05,eee8efec7b951d84,5931cd9cf5da5f75,327d5f279895110d,3a46b268013afede,Roman Dolidze,Kevin Holland,1,2024,2014-01-04,2023-12-16,0.003,1.10229922185938,0.350079308657935,0.346727747071545,0.326626709719723,0.34575888905045,0.339623800362223,0.34823941465806,0.339515703531423
2024-10-05,eee8efec7b951d84,69bca5091b2a31f6,4a28cb716c19157a,b9437600497350f3,Stephen Thompson,Joaquin Buckley,0,2024,2014-01-04,2023-12-16,0.003,1.10229922185938,0.230207579262789,0.238500382202049,0.232876003952638,0.224456777958503,0.2533065141286,0.251239520188458,0.250240866903738
2024-10-05,eee8efec7b951d84,84b3577229880760,4b47e71384a9522f,523fa774700d7d3f,Tim Means,Court McGee,0,2024,2014-01-04,2023-12-16,0.003,1.10229922185938,0.55098006113682,0.54563419458873,0.545518613675774,0.542873946926246,0.558263987893332,0.553135867512734,0.563308483168506
2024-10-05,eee8efec7b951d84,8c5e06c71f392f33,749f572d1d3161fb,e5549c82bfb5582d,Khalil Rountree Jr.,Alex Pereira,0,2024,2014-01-04,2023-12-16,0.003,1.10229922185938,0.207967946136732,0.208712144993132,0.216553132225605,0.199226287206815,0.203913140468526,0.207295025257631,0.229613246375106
2024-10-05,eee8efec7b951d84,9ea124a13d071186,1af1170ed937cba7,b9706f80d005036c,Kayla Harrison,Ketlen Vieira,1,2024,2014-01-04,2023-12-16,0.003,1.10229922185938,0.639596776869064,0.643807393694688,0.660370575790063,0.651457504809002,0.684208004480675,0.613539372235775,0.678412604207064
2024-10-05,eee8efec7b951d84,e8aad69aace1d31f,262a7d06203657e6,d2cd7a69cc55e7ed,Alexander Hernandez,Austin Hubbard,1,2024,2014-01-04,2023-12-16,0.003,1.10229922185938,0.61536641360258,0.615860243057785,0.624191302296856,0.599507210202413,0.586885058474985,0.580360556481641,0.60354728555335
2024-10-05,eee8efec7b951d84,eb73b63bbd7b88a7,abcf2cc6efc42031,cd2c4d30c6e13b47,Iasmin Lucindo,Marina Rodriguez,1,2024,2014-01-04,2023-12-16,0.003,1.10229922185938,0.750741059659733,0.748557839729019,0.753641880449304,0.771380715121075,0.772629878463035,0.772811937862494,0.740216469667087
2024-10-05,eee8efec7b951d84,ed5b6681ab4e83e5,260bd4cef10b033f,64d47ef881a437a4,Ihor Potieria,Cesar Almeida,0,2024,2014-01-04,2023-12-16,0.003,1.10229922185938,0.545629672988518,0.549433112355726,0.552253640358361,0.564568029673453,0.603034592326385,0.593626109090067,0.5859929592866
2024-10-12,5bdcbd8dd681a257,48dd2c9cb39bd2d4,3351aa64aa83c4d9,abb68e3c7ca128f2,Cory McKenna,Julia Polastri,0,2024,2014-01-04,2023-12-16,0.003,1.10229922185938,0.496144859193657,0.484139629766657,0.491375619927911,0.488510153321609,0.507115140668461,0.528608332065888,0.502917083277189
2024-10-12,5bdcbd8dd681a257,57415110bd494c79,40f3cb27fc7305a1,d8da10db80131bec,Themba Gorimbo,Niko Price,1,2024,2014-01-04,2023-12-16,0.003,1.10229922185938,0.653667538770837,0.649292063806587,0.651720230544258,0.640307491975968,0.652680713759961,0.63266629570252,0.627773564514337
2024-10-12,5bdcbd8dd681a257,69a5895fde58432c,87c0b1c696ddfb43,b8bbdeff718dbb7d,Jonathan Pearce,Pat Sabatini,0,2024,2014-01-04,2023-12-16,0.003,1.10229922185938,0.633776156512861,0.638275174720574,0.62015491047041,0.642086668609391,0.616545185547571,0.595249269008257,0.592391440643061
2024-10-12,5bdcbd8dd681a257,6fa2dae90bda4742,0c6d9ea8306c029e,285ae0b4a68221f4,Brad Tavares,JunYong Park,0,2024,2014-01-04,2023-12-16,0.003,1.10229922185938,0.272208474433315,0.274947876277038,0.293806925001536,0.274107454620517,0.262061042080934,0.293101616294436,0.266057974728122
2024-10-12,5bdcbd8dd681a257,85854504ce1aa97a,0f3a990526c5e706,c15fa95b9a12fde4,Sean Sharaf,Junior Tafa,0,2024,2014-01-04,2023-12-16,0.003,1.10229922185938,0.57066683804883,0.566051795256669,0.573986610757229,0.576538643820484,0.55223947409704,0.53328511037288,0.528601418450625
2024-10-12,5bdcbd8dd681a257,98c29ba02cee5ba3,99bd51917728c25d,e132d47bd9efbbe0,Grant Dawson,Rafa Garcia,1,2024,2014-01-04,2023-12-16,0.003,1.10229922185938,0.609239233601313,0.597375820274458,0.55139754127609,0.588674356245286,0.602854184273536,0.588330133390438,0.599618589614498
2024-10-12,5bdcbd8dd681a257,998bde5639c61adb,4461d7e47375a895,6e15f63b6c2e2c15,Tatsuro Taira,Brandon Royval,0,2024,2014-01-04,2023-12-16,0.003,1.10229922185938,0.74054137104674,0.72873546771999,0.70518712365049,0.748352254265314,0.74561952262542,0.715470242806118,0.728598815304054
2024-10-12,5bdcbd8dd681a257,b23554da35a84fbc,8e6654e9f0461b8f,e4ba58725825412d,Cody Haddon,Dan Argueta,1,2024,2014-01-04,2023-12-16,0.003,1.10229922185938,0.489551036571574,0.484658514560871,0.489238021923169,0.49897423770944,0.489512224511838,0.518979189273571,0.486735044708947
2024-10-12,5bdcbd8dd681a257,de484433eef22e1d,b62d5280966b2460,e0d3d9b564f95635,Clayton Carpenter,Lucas Rocha,1,2024,2014-01-04,2023-12-16,0.003,1.10229922185938,0.576476707701395,0.57957428030168,0.597882343269403,0.595475588144679,0.592983485339405,0.565799506947732,0.572148213296059
2024-10-12,5bdcbd8dd681a257,ee5c0b8a757992af,c68c68efaa5ca6ef,c730a0be691dc081,Chidi Njokuani,Jared Gooden,1,2024,2014-01-04,2023-12-16,0.003,1.10229922185938,0.52927821350495,0.524028535268888,0.554198090517412,0.516863839073984,0.538893292659225,0.509658749153341,0.534776258083566
2024-10-12,5bdcbd8dd681a257,f1cc9169813c4a3e,077e3ace32b72be9,7d0a1968b38ca439,CJ Vergara,Ramazan Temirov,0,2024,2014-01-04,2023-12-16,0.003,1.10229922185938,0.515048537294041,0.519988458985381,0.517691835743822,0.504886591890554,0.493070599213883,0.483789617299129,0.507613161522404
2024-10-12,5bdcbd8dd681a257,f690949d90ff1dee,8a1f3b5c526cd6e6,cdb96af67d096b1e,Daniel Rodriguez,Alex Morono,1,2024,2014-01-04,2023-12-16,0.003,1.10229922185938,0.475135538258086,0.479942669221974,0.477108379249006,0.459860489387508,0.504060045423931,0.492735856847686,0.509501470361181
2024-10-19,6a0047ac8c99fece,0599f35e6679de02,361d49960a196976,92a9aa9c93192871,Daniel Pineda,Darren Elkins,0,2024,2014-01-04,2023-12-16,0.003,1.10229922185938,0.444464104151141,0.451517959770872,0.453884753396647,0.426746215733522,0.440288785350603,0.45848021646608,0.465901880166541
2024-10-19,6a0047ac8c99fece,308f6cb830019ea9,7b433309b0fd12aa,ffd3224638c01b57,Brad Katona,Jean Matsumoto,0,2024,2014-01-04,2023-12-16,0.003,1.10229922185938,0.201173908062059,0.193048859961688,0.181096011233237,0.195437584523472,0.22137322450413,0.237541812308073,0.243739296361044
2024-10-19,6a0047ac8c99fece,32b8c6c4b735d712,140567899d98978a,be9bdec19b7e9ffe,Robelis Despaigne,Austen Lane,0,2024,2014-01-04,2023-12-16,0.003,1.10229922185938,0.666091076490068,0.659132606144527,0.658036820739629,0.691367160999447,0.660897429517787,0.673046238674897,0.646763475867186
2024-10-19,6a0047ac8c99fece,4277b02a4dadac40,3f4c3bc822bea45d,87f8699fdcc2c404,Melissa Martinez,Alice Ardelean,1,2024,2014-01-04,2023-12-16,0.003,1.10229922185938,0.510544327255905,0.518316901951398,0.520810638372398,0.516280226260692,0.509097489837036,0.534416937268999,0.502881898732197
2024-10-19,6a0047ac8c99fece,503d7342cc08109f,3cf18e01cb6cbde3,814e5233e2acf2ee,Sumudaerji,Charles Johnson,0,2024,2014-01-04,2023-12-16,0.003,1.10229922185938,0.305594441131524,0.309428931495295,0.291735017283398,0.303875663745472,0.316894634751293,0.345097045565898,0.319803714571335
2024-10-19,6a0047ac8c99fece,53f7f1b4834387a8,ac7c765882f2c68c,c742287ed86a09bc,Elise Reed,Jessica Penne,1,2024,2014-01-04,2023-12-16,0.003,1.10229922185938,0.670933274987219,0.656569640386131,0.673038704448027,0.669837724542035,0.661335295906254,0.723075337494222,0.67110891476993
2024-10-19,6a0047ac8c99fece,a2f2c64f9fb3fb1c,093e1f5bb73850be,595db60957de51d3,Anthony Hernandez,Michel Pereira,1,2024,2014-01-04,2023-12-16,0.003,1.10229922185938,0.468259836969079,0.471435520499056,0.485866536055132,0.475785743882801,0.473012013908218,0.427518510609782,0.479007955688925
2024-10-19,6a0047ac8c99fece,a2f46e94aa6b0c64,5c84f673b7bb7c15,60a42bf82447c919,Cameron Smotherman,Jake Hadley,1,2024,2014-01-04,2023-12-16,0.003,1.10229922185938,0.356064369250708,0.356515080610403,0.353526727408589,0.356314947113857,0.33509048386275,0.359011584104192,0.317330207798847
2024-10-19,6a0047ac8c99fece,c61923255389e67c,1a31ef98efce7a79,8d3273573b85be09,Matheus Nicolau,Asu Almabayev,0,2024,2014-01-04,2023-12-16,0.003,1.10229922185938,0.310707548298078,0.318686696917376,0.294835436627002,0.289208682484157,0.285358455422773,0.332745128358602,0.309089406151233
2024-10-19,6a0047ac8c99fece,f01b97e864cb4b8b,05339613bf8e9808,60425d07ef4b91a7,Rob Font,Kyler Phillips,1,2024,2014-01-04,2023-12-16,0.003,1.10229922185938,0.268430155454951,0.279266051317564,0.283046107430722,0.252224861773813,0.262912056862092,0.26692920531602,0.288368188720867
2024-10-19,6a0047ac8c99fece,fc73ecbd83b7f159,4f3064faf17aa711,f9ab66e67240db7b,Tamires Vidal,Joselyne Edwards,0,2024,2014-01-04,2023-12-16,0.003,1.10229922185938,0.495507101118978,0.499195773823118,0.488613062716173,0.489734122319181,0.482295548248381,0.482845873728183,0.50600649180493
2024-10-26,221b2a3070c7ce3e,108434acbbd75d26,06734ca9d88dec3a,369ea36e450ae62a,Shara Magomedov,Armen Petrosyan,1,2024,2014-01-04,2023-12-16,0.003,1.10229922185938,0.625244588930204,0.615439286290808,0.61676142746214,0.628919295021003,0.606448346773988,0.601531023351193,0.60506506424012
2024-10-26,221b2a3070c7ce3e,1d65c141776949d6,6a2f7c151031653d,b997be68943010fc,Rafael Dos Anjos,Geoff Neal,0,2024,2014-01-04,2023-12-16,0.003,1.10229922185938,0.426309467752112,0.434896322060213,0.440334675365846,0.439500652362324,0.439751432050511,0.437427232704008,0.435278358929005
2024-10-26,221b2a3070c7ce3e,5c783cd188425783,a09ed60aa67a3f67,f264ba50b007f39e,Farid Basharat,Victor Hugo,1,2024,2014-01-04,2023-12-16,0.003,1.10229922185938,0.719321851456288,0.721117946157635,0.71137702944237,0.730244789572494,0.737161410889415,0.722883489251189,0.723376621539519
2024-10-26,221b2a3070c7ce3e,6114076c689e8457,28d421729451c8ca,8f765fd5775a8873,Carlos Leal,Rinat Fakhretdinov,0,2024,2014-01-04,2023-12-16,0.003,1.10229922185938,0.215499431681669,0.219270566671337,0.225397397099975,0.204022344120592,0.21754074167371,0.229967953549831,0.244961740025408
2024-10-26,221b2a3070c7ce3e,781a2ea50f5ae68f,09a4447655fd4b7b,6e8f1bcdda94ff45,Rafael Cerqueira,Ibo Aslan,0,2024,2014-01-04,2023-12-16,0.003,1.10229922185938,0.30229682615869,0.305943926657486,0.310592369616909,0.282317239655633,0.315028521654269,0.318036107041728,0.33151898619906
2024-10-26,221b2a3070c7ce3e,919e3c5cc6999cb3,849c5d9979df5357,bf2c8e01b07d3eb1,Mateusz Rebecki,Myktybek Orolbai,1,2024,2014-01-04,2023-12-16,0.003,1.10229922185938,0.262597749490668,0.249034710466265,0.235597111469409,0.244271835692305,0.234231288969865,0.259069015503235,0.253526360187189
2024-10-26,221b2a3070c7ce3e,af6eeea1cfe33240,1e719d4b676dc19a,36b8f265bcd1b7a4,Brunno Ferreira,Abus Magomedov,0,2024,2014-01-04,2023-12-16,0.003,1.10229922185938,0.567405593314356,0.566078122626826,0.56062302615053,0.576929745951536,0.606837634475068,0.586939069290628,0.601343888142606
2024-10-26,221b2a3070c7ce3e,b09f54654b0f95f5,333b9e5c723ac873,d802174b0c0c1f4e,Aleksandar Rakic,Magomed Ankalaev,0,2024,2014-01-04,2023-12-16,0.003,1.10229922185938,0.245218438113415,0.255272079795173,0.269309123115867,0.238298389602992,0.237572408631582,0.249398612545587,0.243102932250632
2024-10-26,221b2a3070c7ce3e,b8bf186f884678ea,767755fd74662dbf,e1147d3d2dabe1ce,Khamzat Chimaev,Robert Whittaker,1,2024,2014-01-04,2023-12-16,0.003,1.10229922185938,0.623703548437206,0.631677398175847,0.647508033810279,0.646816809151556,0.643054830797799,0.630523806935852,0.591386991956697
2024-10-26,221b2a3070c7ce3e,bde635a4f345bc3e,12ebd7d157e91701,6a96ad1bc34fb113,Bruno Silva,Ismail Naurdiev,0,2024,2014-01-04,2023-12-16,0.003,1.10229922185938,0.262003150735652,0.265802726232224,0.284255903232431,0.248514081093928,0.253498598944422,0.22623797482657,0.301488267901763
2024-10-26,221b2a3070c7ce3e,cc11a0762f246fa4,396fe87b84ac2e1c,82a5152216251682,Lerone Murphy,Dan Ige,1,2024,2014-01-04,2023-12-16,0.003,1.10229922185938,0.62899280829186,0.61346800852882,0.585120952816577,0.613015069190924,0.656928676359994,0.652916414370893,0.669752382153546
2024-10-26,221b2a3070c7ce3e,df7928de73fc2fe8,7a5e8c94a86f9895,8667caa0451d245b,Chris Barnett,Kennedy Nzechukwu,0,2024,2014-01-04,2023-12-16,0.003,1.10229922185938,0.180150400793226,0.183428186502582,0.172779866867402,0.181240658706189,0.158087229481504,0.203350967765372,0.145328038510534
2024-10-26,221b2a3070c7ce3e,ebf7cea27b83c432,150ff4cc642270b9,54f64b5e283b0ce7,Max Holloway,Ilia Topuria,0,2024,2014-01-04,2023-12-16,0.003,1.10229922185938,0.442467794785507,0.443496734505522,0.423932613728462,0.450010398177913,0.468399129362811,0.437211084468111,0.448677622678243
2024-11-02,3ab0df1ddd5f1dc2,18729b11614406bf,47b63240018d5d86,669970f7feba8ecd,Rose Namajunas,Erin Blanchfield,0,2024,2014-01-04,2023-12-16,0.003,1.10229922185938,0.359395677486625,0.369364839501865,0.363259151377579,0.367544430482091,0.376723357271817,0.401541927823,0.375620717142231
2024-11-02,3ab0df1ddd5f1dc2,24581e2b39fe3319,eb8d8c2a95cfccb8,f1d64ae34e088832,Victor Henry,Charles Jourdain,0,2024,2014-01-04,2023-12-16,0.003,1.10229922185938,0.436001176391422,0.441698118372434,0.441768916331852,0.446062619389502,0.470320053866288,0.451152407858594,0.455657955595319
2024-11-02,3ab0df1ddd5f1dc2,5256ba94641a4284,52c2ae6d2f2d2613,b8a85389d115e35a,Youssef Zalal,Jack Shore,1,2024,2014-01-04,2023-12-16,0.003,1.10229922185938,0.558496184453989,0.546491244468709,0.546763542401915,0.590784712228639,0.560177995586365,0.52899518601353,0.550500461868019
2024-11-02,3ab0df1ddd5f1dc2,6ad594777cce2d7d,71505842fb6455c3,8e9eb3fc86db0f7d,Dustin Stoltzfus,Marc-Andre Barriault,1,2024,2014-01-04,2023-12-16,0.003,1.10229922185938,0.41893330749182,0.415759991735897,0.434307198277642,0.425210544455816,0.39257875783477,0.430504298641627,0.421390040982301
2024-11-02,3ab0df1ddd5f1dc2,799acf3ae8a5df0a,6d35bf94f7d30241,792be9a24df82ed6,Amir Albazi,Brandon Moreno,0,2024,2014-01-04,2023-12-16,0.003,1.10229922185938,0.370759282408546,0.36142613180425,0.340697377814738,0.36111331735675,0.365986814656771,0.389657268343189,0.371130544895532
2024-11-02,3ab0df1ddd5f1dc2,7edf2fe3a8776a44,49edd0d90f60fb7d,89839250eb25c9c1,Brendson Ribeiro,Caio Machado,1,2024,2014-01-04,2023-12-16,0.003,1.10229922185938,0.349193944737565,0.357041634908749,0.347605659447703,0.357354399768982,0.368713978570239,0.398319039612608,0.358182257583169
2024-11-02,3ab0df1ddd5f1dc2,b989d4d7e220b3c1,24656ef4d605c96f,6bd02119599741a4,Aiemann Zahabi,Pedro Munhoz,1,2024,2014-01-04,2023-12-16,0.003,1.10229922185938,0.605335065935919,0.588604683186966,0.581656965460892,0.598195286302867,0.598072205901433,0.603576880409468,0.625536178352609
2024-11-02,3ab0df1ddd5f1dc2,c9cef59a5de32219,700a674c042b7a96,c7c39e2fb70248b3,Cody Gibson,Chad Anheliger,1,2024,2014-01-04,2023-12-16,0.003,1.10229922185938,0.594238078373736,0.598634201272117,0.595528866106309,0.602514805041787,0.584754880817953,0.543587326962763,0.564794967106875
2024-11-02,3ab0df1ddd5f1dc2,d29a82322bb083d9,b27a1fcb56a3035a,dd6103dd7127db1d,Trevin Giles,Mike Malott,0,2024,2014-01-04,2023-12-16,0.003,1.10229922185938,0.356246101213197,0.366159465355177,0.366144441979064,0.351255804021409,0.423660942246059,0.420660333493142,0.417913506302146
2024-11-02,3ab0df1ddd5f1dc2,de084f0d65421cfa,c0badf3243907e59,d31a5546c0e9b213,Alexandr Romanov,Rodrigo Nascimento,1,2024,2014-01-04,2023-12-16,0.003,1.10229922185938,0.626202396789802,0.630023521508523,0.623314150719874,0.622135097721875,0.655356005897933,0.629870959343628,0.640949743614
2024-11-02,3ab0df1ddd5f1dc2,eaa885cf7ae31e0b,6551c64fbcd1a467,a9e260472d321361,Ariane da Silva,Jasmine Jasudavicius,0,2024,2014-01-04,2023-12-16,0.003,1.10229922185938,0.448431050378897,0.451845911705442,0.490627248504401,0.462896695543446,0.460502862879346,0.512190160324861,0.474412168062053
2024-11-02,3ab0df1ddd5f1dc2,f0723cda67db3954,38c5817ade8a8014,5c637af9472ae7cc,Ivana Petrovic,Jamey-Lyn Horth,0,2024,2014-01-04,2023-12-16,0.003,1.10229922185938,0.481138658189806,0.475022040105123,0.452622535056731,0.49944859446467,0.554542920829207,0.538347145228507,0.562565699939263
2024-11-02,3ab0df1ddd5f1dc2,f93b074dfd47b4b4,1a2bf44edb8055b6,1effd880e1f1bb30,Serhiy Sidey,Garrett Armfield,1,2024,2014-01-04,2023-12-16,0.003,1.10229922185938,0.43442597572942,0.438190806235772,0.446332558515146,0.437405666420486,0.425013112276275,0.401961077043534,0.415068342704163
2024-11-09,585f9ffdb0cd0466,154138c8fc89c315,6ac9bc2953c47345,d549cefc7c54ab78,Gerald Meerschaert,Reinier de Ridder,0,2024,2014-01-04,2023-12-16,0.003,1.10229922185938,0.652288426279103,0.64786278132913,0.641481190700812,0.681046810291241,0.684930226650118,0.681334736440298,0.670036270390604
2024-11-09,585f9ffdb0cd0466,32f2965b4f4c4ebf,9f5e3c20ce40b344,bd532e9a2b93870c,Klaudia Sygula,Melissa Mullins,0,2024,2014-01-04,2023-12-16,0.003,1.10229922185938,0.588805783104205,0.585330722696292,0.574771786096529,0.607727216099167,0.543853179403337,0.558328216859929,0.53400606364831
2024-11-09,585f9ffdb0cd0466,582846744e379178,147e70aa6cc48cfc,6d48a2df51749d91,Tresean Gore,Antonio Trocoli,1,2024,2014-01-04,2023-12-16,0.003,1.10229922185938,0.625738313880827,0.622289940288027,0.626520286859055,0.642655703550767,0.642347960310685,0.661947957656588,0.642650583261382
2024-11-09,585f9ffdb0cd0466,6b9ed3867dd42b3b,4aa58269d0664b5b,feedf3053472fe56,Matthew Semelsberger,Charles Radtke,0,2024,2014-01-04,2023-12-16,0.003,1.10229922185938,0.473674252351826,0.482998497904899,0.469568487418371,0.483340091343101,0.433741661031212,0.472145461571853,0.423071565120562
2024-11-09,585f9ffdb0cd0466,6fd1edb58d271f7c,bf7ad5628363eec9,da22387a0407a2dc,Cody Stamann,Da'Mon Blackshear,0,2024,2014-01-04,2023-12-16,0.003,1.10229922185938,0.438814744789036,0.439843887686294,0.419488582519149,0.41869418704016,0.44199855272364,0.473121282962492,0.474805854315218
2024-11-09,585f9ffdb0cd0466,73f451d894a1d4ca,7ee0fd831c0fe7c3,84b3e7d38f2d2ec5,Carlos Prates,Neil Magny,1,2024,2014-01-04,2023-12-16,0.003,1.10229922185938,0.626510530727975,0.62192245475892,0.65835507850107,0.629313571792766,0.625523395956967,0.620812790417999,0.635249747316578
2024-11-09,585f9ffdb0cd0466,c31d9cac7534d879,38c7f72747f4f712,a3a542074109b347,Gillian Robertson,Luana Pinheiro,1,2024,2014-01-04,2023-12-16,0.003,1.10229922185938,0.750621405373382,0.741561045036771,0.752188403468291,0.768301568872134,0.720892924716455,0.703033601471358,0.701246481691893
2024-11-09,585f9ffdb0cd0466,c9d2a718f39274c0,03dee485905dbc9f,8adcbd525fab8d9b,Zachary Scroggin,Elizeu Zaleski dos Santos,0,2024,2014-01-04,2023-12-16,0.003,1.10229922185938,0.440198188660009,0.441581849647474,0.463252271680467,0.439948681490147,0.449446433113186,0.480419845513427,0.444622733280698
2024-11-09,585f9ffdb0cd0466,e62033cb1e79aa81,cffb87059e645bd1,d7c3816669784109,Denise Gomes,Karolina Kowalkiewicz,1,2024,2014-01-04,2023-12-16,0.003,1.10229922185938,0.661255554385585,0.65858071504794,0.653160754498898,0.655001750566294,0.648143738394525,0.661518034834605,0.644913249559359
2024-11-09,585f9ffdb0cd0466,e6685759ed2af90d,8173f134396cb971,96924b0019b3aff1,Cortavious Romious,Gaston Bolanos,0,2024,2014-01-04,2023-12-16,0.003,1.10229922185938,0.549932492894013,0.543946341774049,0.546041855926846,0.551405150735588,0.587783470201988,0.541093587604537,0.568552759284958
2024-11-09,585f9ffdb0cd0466,ea6427379a83bd01,841695e02c99a521,866fd7b1a6c90e7f,Mansur Abdul-Malik,Dusko Todorovic,1,2024,2014-01-04,2023-12-16,0.003,1.10229922185938,0.627527698661742,0.628291705512019,0.664177240997644,0.643329597353767,0.626330389663602,0.628696958960412,0.597861628598424
2024-11-16,daff32bc96d1eabf,00414fc5519233b4,3d074044a33825e7,9e50097a89442158,Ramiz Brahimaj,Mickey Gall,1,2024,2014-01-04,2023-12-16,0.003,1.10229922185938,0.525059437088673,0.532886859897244,0.484173874909441,0.502677900218803,0.498965583422412,0.485967227720825,0.505850743660082
2024-11-16,daff32bc96d1eabf,2a930e2d7e1f87a9,c0ac37a4a1133da9,f2477cf43c4975cc,Marcus McGhee,Jonathan Martinez,1,2024,2014-01-04,2023-12-16,0.003,1.10229922185938,0.421539246570364,0.424351753578781,0.431191317182005,0.427588286547847,0.460687764418208,0.429605645148345,0.470876654927214
2024-11-16,daff32bc96d1eabf,35c8223cc967fe0a,29af297d9f1de0f8,d1941565abf50b16,Damon Jackson,Jim Miller,0,2024,2014-01-04,2023-12-16,0.003,1.10229922185938,0.524391181758074,0.521050263044296,0.503415349910019,0.499870747955861,0.511740348674866,0.517594489424319,0.547202479681178
2024-11-16,daff32bc96d1eabf,40e2a7b65794ac05,4798e823ada58fe9,de594b35c45c2e9a,Veronica Hardy,Eduarda Moura,0,2024,2014-01-04,2023-12-16,0.003,1.10229922185938,0.383729690929169,0.375767500905407,0.386473816026435,0.400859958109942,0.352551275576693,0.446592686234068,0.328176405064908
2024-11-16,daff32bc96d1eabf,4f4189009a190e35,07225ba28ae309b6,4b93a88f3b1de35b,Charles Oliveira,Michael Chandler,1,2024,2014-01-04,2023-12-16,0.003,1.10229922185938,0.835097317642338,0.835494268846789,0.817924334481923,0.837050746060806,0.823451731085284,0.797906218408502,0.783360979330675
2024-11-16,daff32bc96d1eabf,55eebc2ee92bf00a,93b2b7caa457cbea,9c393e836a852f30,James Llontop,Mauricio Ruffy,0,2024,2014-01-04,2023-12-16,0.003,1.10229922185938,0.410015405448293,0.412282978145745,0.396491793845041,0.378061971795699,0.375059819563415,0.364959722547873,0.406220410939884
2024-11-16,daff32bc96d1eabf,6c1faa6284428e5d,25f9a5f3e8a52618,c9cf753cfdf77fc2,Jhonata Diniz,Marcin Tybura,0,2024,2014-01-04,2023-12-16,0.003,1.10229922185938,0.595977691152478,0.593651354195405,0.625416045089074,0.61542094962352,0.604653537060299,0.617477208120459,0.595655023712865
2024-11-16,daff32bc96d1eabf,8545a2495db16538,36541f1e6c5d4955,9d62c2d8ee151f08,Viviane Araujo,Karine Silva,1,2024,2014-01-04,2023-12-16,0.003,1.10229922185938,0.330284229579482,0.350350408997957,0.34548425541395,0.317887916469913,0.340387728905358,0.306532004969323,0.351248287963812
2024-11-16,daff32bc96d1eabf,9676a4e9362e4bfd,6b56e94a59b7b134,f4d92416da98804b,Oban Elliott,Bassil Hafez,1,2024,2014-01-04,2023-12-16,0.003,1.10229922185938,0.683080336962908,0.665264618381202,0.662880147892219,0.683279741848347,0.701334741892749,0.708222113860624,0.671188303655429
2024-11-16,daff32bc96d1eabf,b35e47f2f58ef026,07f72a2a7591b409,d28dee5c705991df,Jon Jones,Stipe Miocic,1,2024,2014-01-04,2023-12-16,0.003,1.10229922185938,0.771669525783524,0.770363743705314,0.770542293971355,0.789046693117916,0.803496853266996,0.773652070113473,0.754180430401884
2024-11-16,daff32bc96d1eabf,c565e2baa27cc7e5,15ea371202eb25e1,ffe9703408fb5964,Roberto Romero,David Onama,0,2024,2014-01-04,2023-12-16,0.003,1.10229922185938,0.365967492078973,0.357272375177866,0.372848667665428,0.355387499779698,0.347797736420077,0.374904995013943,0.363297621699949
2024-11-16,daff32bc96d1eabf,cfd3e62c638fbd1f,35673bf5204524ee,eabf206b162b3b83,Bo Nickal,Paul Craig,1,2024,2014-01-04,2023-12-16,0.003,1.10229922185938,0.821666665828817,0.807500388051754,0.796927998166421,0.831510510902678,0.835810822684939,0.795404110634406,0.835780951408112
2024-11-23,e955046551f8c7dd,02ec66f311dce539,0845c81e37d3bcb3,9014c02eff8b3d62,Volkan Oezdemir,Carlos Ulberg,0,2024,2014-01-04,2023-12-16,0.003,1.10229922185938,0.43621833964149,0.451839624763921,0.480437473657487,0.453812444794009,0.399394967871961,0.396769141592949,0.40061351668531
2024-11-23,e955046551f8c7dd,38f1c83c19e99fa2,88be62d6c1e6dadb,bb2c3c3a466224af,Jose Ochoa,Lone'er Kavanagh,0,2024,2014-01-04,2023-12-16,0.003,1.10229922185938,0.522188754570698,0.520624598278409,0.516139243494604,0.522585472626947,0.536553265733938,0.526739397330047,0.531332709916773
2024-11-23,e955046551f8c7dd,56d2c00dfd391fcf,6967153c7edb4d87,8a65fd9ba31fd3f7,Ozzy Diaz,Zhang Mingyang,0,2024,2014-01-04,2023-12-16,0.003,1.10229922185938,0.312582288280845,0.315240883033125,0.309653454603924,0.294282241753297,0.342199871124248,0.309549023944177,0.354031880391098
2024-11-23,e955046551f8c7dd,5dab54e34c2cfe01,17cb6d8e8187f304,798e48f9e7f6ba22,Nyamjargal Tumendemberel,Carlos Hernandez,0,2024,2014-01-04,2023-12-16,0.003,1.10229922185938,0.58653047595476,0.57710755167813,0.575660533772514,0.592421496617163,0.566055564043976,0.56507816165953,0.540363572373799
2024-11-23,e955046551f8c7dd,64d6d51219e0664c,2997e7fe3c9d3d4a,a6eb54ae17a551be,Wang Cong,Gabriella Fernandes,0,2024,2014-01-04,2023-12-16,0.003,1.10229922185938,0.649516263383702,0.636507003715032,0.651373373565939,0.652498904763101,0.612021871196682,0.604031847487369,0.579905274587623
2024-11-23,e955046551f8c7dd,828de4f5585c908c,296a120cb880477b,3be16d817b36098b,Kiru Sahota,DongHun Choi,0,2024,2014-01-04,2023-12-16,0.003,1.10229922185938,0.497578871361902,0.500665060159435,0.500556655854794,0.496140121953262,0.48458410441388,0.478063723347029,0.479870618086086
2024-11-23,e955046551f8c7dd,86a2f07e0bf20297,37f560436d745c18,8c1ca54b5089d199,Nikolas Motta,Maheshate,1,2024,2014-01-04,2023-12-16,0.003,1.10229922185938,0.437834587310926,0.443567534096847,0.475218069546748,0.423761894721041,0.431542488509685,0.424906888218659,0.459989740633463
2024-11-23,e955046551f8c7dd,9c207acb12c17a67,8677e67a75d65b8e,a474aade8eb3a8f0,Baergeng Jieleyisi,SuYoung You,0,2024,2014-01-04,2023-12-16,0.003,1.10229922185938,0.533433506202722,0.535281037435287,0.533332900861051,0.535688566520996,0.532396079976706,0.523236086837609,0.523076280214646
2024-11-23,e955046551f8c7dd,baee9b2491c986e2,c940b42df95bbd28,d683f4870742b273,Feng Xiaocan,Shi Ming,0,2024,2014-01-04,2023-12-16,0.003,1.10229922185938,0.63603701725339,0.636043113022935,0.625207919778338,0.645708117528377,0.651286584192964,0.642115951767196,0.650392967384178
2024-11-23,e955046551f8c7dd,bec57d7cce0e6257,32490e80ddab1e5a,447f9858ae78f921,Song Kenan,Muslim Salikhov,0,2024,2014-01-04,2023-12-16,0.003,1.10229922185938,0.42288472084645,0.415275689110764,0.429828440590172,0.417193723656666,0.407442012077791,0.414231391942213,0.412173334700598
2024-11-23,e955046551f8c7dd,f0c4aff7dd1ec4e9,c41d426cc7326d1b,d25240135aee03e5,Yan Xiaonan,Tabatha Ricci,1,2024,2014-01-04,2023-12-16,0.003,1.10229922185938,0.340892793736634,0.34839332889586,0.358651003510292,0.323341902699271,0.366029796394667,0.398087957269275,0.366148768858319
2024-11-23,e955046551f8c7dd,f53573316a4f349f,aa72b0f831d0bfe5,d661ce4da776fc20,Deiveson Figueiredo,Petr Yan,0,2024,2014-01-04,2023-12-16,0.003,1.10229922185938,0.510556988614985,0.508301585169403,0.487021764534531,0.506578030715787,0.456530453148183,0.459919964196075,0.471323977498638
2024-11-23,e955046551f8c7dd,f5f28a8b472b8012,32feae6d9a1e5047,86bace9e4ad85542,Quang Le,Xiao Long,0,2024,2014-01-04,2023-12-16,0.003,1.10229922185938,0.364304236853555,0.367160196567711,0.375731374092944,0.36383117845879,0.356554506275022,0.35697046509409,0.40569037214112
2024-12-07,ad23903ef3af7406,0292b9c31c0089ac,242d36d241b43c12,d9c6f19f958643e9,Kron Gracie,Bryce Mitchell,0,2024,2014-01-04,2023-12-16,0.003,1.10229922185938,0.165133005101311,0.167446412615946,0.14091241809008,0.159283040416109,0.166915492085935,0.159112042818964,0.172047104973374
2024-12-07,ad23903ef3af7406,089388c9f00ce9c6,583ee11abddfc581,e93b04e308913c2e,Nate Landwehr,Dooho Choi,0,2024,2014-01-04,2023-12-16,0.003,1.10229922185938,0.503288828202849,0.51269176286991,0.54736677111388,0.498578388332697,0.493065987132164,0.479692532763253,0.456796328806493
2024-12-07,ad23903ef3af7406,0f16d83859d608c7,3a8176e15b9887c1,cad24459b28592ca,Chris Weidman,Eryk Anders,0,2024,2014-01-04,2023-12-16,0.003,1.10229922185938,0.611217833865928,0.620008960901607,0.559671381945482,0.633413100717269,0.609883329794154,0.661898426180585,0.603199190742408
2024-12-07,ad23903ef3af7406,1569186ee820ea87,01afe0916a40c7c5,442c9011034ae1fd,Shavkat Rakhmonov,Ian Machado Garry,1,2024,2014-01-04,2023-12-16,0.003,1.10229922185938,0.644193819832972,0.652037292140387,0.689699525636003,0.654357469027789,0.644830568513353,0.589434887665117,0.605989973742324
2024-12-07,ad23903ef3af7406,4914f7bd073c6359,40f3cb27fc7305a1,6d4b63c767106d3a,Themba Gorimbo,Vicente Luque,0,2024,2014-01-04,2023-12-16,0.003,1.10229922185938,0.535308104344819,0.530566586208916,0.523774630628177,0.531704007172488,0.574756656897687,0.551371019649845,0.551766878574772
2024-12-07,ad23903ef3af7406,72b12a837290b327,971246648e162f0d,c47df9303d318c67,Chase Hooper,Clay Guida,1,2024,2014-01-04,2023-12-16,0.003,1.10229922185938,0.862747625489949,0.853082415234338,0.857285644269022,0.862717096997614,0.875308591727356,0.859407074608965,0.861949339329405
2024-12-07,ad23903ef3af7406,7c0d0a28a8fba102,c6aee362c7a7d482,f626118b6da0e020,Randy Brown,Bryan Battle,0,2024,2014-01-04,2023-12-16,0.003,1.10229922185938,0.491643596417343,0.494029072207389,0.501945655406389,0.503789841307687,0.548568986885522,0.550286974549004,0.529562254053071
2024-12-07,ad23903ef3af7406,97caf8fca9d9603b,2e19380f34871c6a,d4c9dcd330403612,Dominick Reyes,Anthony Smith,1,2024,2014-01-04,2023-12-16,0.003,1.10229922185938,0.534120474146584,0.550705697582246,0.509751717688803,0.523455828285741,0.56605782827991,0.57029444486649,0.528410016109305
2024-12-07,ad23903ef3af7406,a5c57b0f49e9f61c,b0d6a1d8ac3d563d,c58f51dedb310998,Max Griffin,Michael Chiesa,0,2024,2014-01-04,2023-12-16,0.003,1.10229922185938,0.44608622592985,0.449601571424604,0.489897371792092,0.448613067365581,0.416387571853068,0.433732873298911,0.433621123570494
2024-12-07,ad23903ef3af7406,d38029cf47e54cf7,17e97649403ba428,7f6ed67d3ed3c036,Joshua Van,Cody Durden,1,2024,2014-01-04,2023-12-16,0.003,1.10229922185938,0.65195818561508,0.63726145070821,0.626803592807657,0.675061071351867,0.683091361860894,0.699692056091279,0.658007380563949
2024-12-07,ad23903ef3af7406,df30514e0674d598,76e2870ffafbe38f,cb696ebfb6598724,Movsar Evloev,Aljamain Sterling,1,2024,2014-01-04,2023-12-16,0.003,1.10229922185938,0.533071277026456,0.523796228706824,0.543580622708724,0.510820114754067,0.481561669143395,0.506565550395868,0.518939737391282
2024-12-07,ad23903ef3af7406,e761c5009c09b295,a0f0004aadf10b71,d33da8a3d82bdb62,Alexandre Pantoja,Kai Asakura,1,2024,2014-01-04,2023-12-16,0.003,1.10229922185938,0.770515404956796,0.763018527925912,0.764202712305045,0.784999262004921,0.754346159308688,0.747616925209963,0.754280431300108
2024-12-07,ad23903ef3af7406,eb94412f15c62650,0c25d0a5e8cdbf19,8667caa0451d245b,Lukasz Brzeski,Kennedy Nzechukwu,0,2024,2014-01-04,2023-12-16,0.003,1.10229922185938,0.271336723609641,0.288071884726326,0.287824139657508,0.275353711585306,0.266609678198459,0.33459256181823,0.268906467039551
2024-12-07,ad23903ef3af7406,f706508c52f337a6,279566840aa55bf2,787bb1f087ccff8a,Alexander Volkov,Ciryl Gane,0,2024,2014-01-04,2023-12-16,0.003,1.10229922185938,0.443258929438716,0.43471467982858,0.432857490477511,0.425307521905099,0.388488738289013,0.396673547970825,0.418764773889957
2024-12-14,72c9c2eadfc3277e,00c6a2ef07ca51da,b9437600497350f3,dc9572dd6ec74859,Joaquin Buckley,Colby Covington,1,2024,2014-01-04,2023-12-16,0.003,1.10229922185938,0.561410794002594,0.547851351868956,0.56337301622225,0.57679347831722,0.56850166805384,0.552902113183379,0.587317081417262
2024-12-14,72c9c2eadfc3277e,1a635a5e4551e7d5,294aa73dbf37d281,5d1b7e3dd9e11074,Bruno Silva,Manel Kape,0,2024,2014-01-04,2023-12-16,0.003,1.10229922185938,0.41247544024375,0.406121043802048,0.354796265675182,0.404067405973424,0.357820339398647,0.384026818828537,0.360635122463212
2024-12-14,72c9c2eadfc3277e,2b6a75175bbca4e9,3e8118c1ab52f211,b4b496ec2197ee3e,Tuco Tokkos,Navajo Stirling,0,2024,2014-01-04,2023-12-16,0.003,1.10229922185938,0.40484606606932,0.415158727320225,0.422453367260559,0.392296195694241,0.39121234649841,0.379309017479082,0.414352560376666
2024-12-14,72c9c2eadfc3277e,5238f6470d0557fb,0232cabbc30a2372,850266b3dc4e506e,Adrian Yanez,Daniel Marcos,0,2024,2014-01-04,2023-12-16,0.003,1.10229922185938,0.380344558421756,0.386529455908614,0.353916691707911,0.358973240508048,0.335990633891133,0.353383250352142,0.365168503112926
2024-12-14,72c9c2eadfc3277e,7521015554088962,aa171d55d4b5208f,d247691a6c0e9034,Billy Quarantillo,Cub Swanson,0,2024,2014-01-04,2023-12-16,0.003,1.10229922185938,0.51823211012962,0.508742622180194,0.495009671667417,0.514089069345606,0.516192162805852,0.504223827701851,0.532393988197554
2024-12-14,72c9c2eadfc3277e,7b1bc4ff776f12c1,71171fc96445bf65,e4277e87a789d687,Vitor Petrino,Dustin Jacoby,0,2024,2014-01-04,2023-12-16,0.003,1.10229922185938,0.6466841592009,0.636562892373817,0.638214641823167,0.664741705371228,0.670743607172471,0.694431949245258,0.665532677132405
2024-12-14,72c9c2eadfc3277e,9c24c03131d5b49a,511e82663651438d,ee18ff42063174df,Michael Johnson,Ottman Azaitar,1,2024,2014-01-04,2023-12-16,0.003,1.10229922185938,0.617044508011067,0.618125440418138,0.629060912701816,0.646393885642347,0.624714238521236,0.644166497576423,0.616934798636941
2024-12-14,72c9c2eadfc3277e,b0be38110c2d8b84,58bbef3770bb2dfc,7cbf7c78d3b34218,Joel Alvarez,Drakkar Klose,1,2024,2014-01-04,2023-12-16,0.003,1.10229922185938,0.56355427259257,0.557746175911593,0.581878551629464,0.5766991713706,0.582170266406148,0.578602997643801,0.584015983875857
2024-12-14,72c9c2eadfc3277e,b40e4deb48658851,113df4fde64735c6,c5ccd878231c5407,Davey Grant,Ramon Taveras,1,2024,2014-01-04,2023-12-16,0.003,1.10229922185938,0.401089216156661,0.409524520798267,0.397733077129045,0.395189574431947,0.407458341641508,0.420228366526416,0.411033829203492
2024-12-14,72c9c2eadfc3277e,cf258c17234d649e,46e0d677f91bacc0,9256f591b30c073e,Miles Johns,Felipe Lima,0,2024,2014-01-04,2023-12-16,0.003,1.10229922185938,0.458232739680382,0.455375167568354,0.433103513387924,0.450344893060747,0.469006876785589,0.440611273727289,0.476005385258675
2024-12-14,72c9c2eadfc3277e,e5f9d59d00fe3c73,5c637af9472ae7cc,f29a6350c69f4a33,Jamey-Lyn Horth,Miranda Maverick,0,2024,2014-01-04,2023-12-16,0.003,1.10229922185938,0.264434215704948,0.269770412607294,0.266711221178744,0.25008845219208,0.241149272330351,0.242521765362288,0.24434669363001
2024-12-14,72c9c2eadfc3277e,ebeeed2595266bbc,4682bc59d5f55145,d2f43cfaf8ca3560,Sean Woodson,Fernando Padilla,1,2024,2014-01-04,2023-12-16,0.003,1.10229922185938,0.491526381746602,0.481851527929449,0.473861184844403,0.481604747028187,0.501887538168777,0.517419109760527,0.502526760370467
2024-12-14,72c9c2eadfc3277e,edf7ce89ad672e85,971dba22c622af12,e375cb5caf4717b6,Josefine Knutsson,Piera Rodriguez,0,2024,2014-01-04,2023-12-16,0.003,1.10229922185938,0.591067724880282,0.576776937666717,0.576769892664978,0.597714028845661,0.639165452589995,0.666037329733691,0.646268494930944
2025-01-11,81ddc98fceb30086,03c1865919daeaa4,5ec591b78349ba7e,d3f89fa685bd8420,Christian Rodriguez,Austin Bashi,1,2025,2015-01-03,2024-12-14,0.01,1.09528416513599,0.674266756950976,0.687872405901888,0.676704947018899,0.683488769628391,0.704784367987961,0.669879770804857,0.651954798296475
2025-01-11,81ddc98fceb30086,192619174bd1ad77,af65aa688d13eedf,ca28cdf526d6b6e9,Joe Solecki,Nurullo Aliev,0,2025,2015-01-03,2024-12-14,0.01,1.09528416513599,0.436216811656052,0.427393455355841,0.4361161583049,0.440301589995245,0.436988888019696,0.42788733890049,0.445125751117416
2025-01-11,81ddc98fceb30086,32cc31b76b32ade1,64facb6cc564262d,681399317dbf4701,Punahele Soriano,Uros Medic,1,2025,2015-01-03,2024-12-14,0.01,1.09528416513599,0.315115925970143,0.323466815264733,0.313020706531049,0.300742306631732,0.309678597493416,0.317122945756312,0.38813928056183
2025-01-11,81ddc98fceb30086,54fa6e32330a8cca,cfc3e7bb44685289,d945aae53e3e54e6,Trey Ogden,Thiago Moises,0,2025,2015-01-03,2024-12-14,0.01,1.09528416513599,0.470146566440701,0.478079479144024,0.460580191287725,0.471998530023382,0.478261441394914,0.461027886677163,0.487199162497683
2025-01-11,81ddc98fceb30086,58eda5a58a89f739,85497ffd934ecf7e,9fe7af8b3fbe00a0,Jacobe Smith,Preston Parsons,1,2025,2015-01-03,2024-12-14,0.01,1.09528416513599,0.291985648784412,0.282292169709534,0.293027564867457,0.288468509510507,0.306556667873869,0.32320373656254,0.361470432707787
2025-01-11,81ddc98fceb30086,817cd15077a9419e,0abcf6bc47191219,6e344b71421103da,Bruno Lopes,Magomed Gadzhiyasulov,1,2025,2015-01-03,2024-12-14,0.01,1.09528416513599,0.363706297615281,0.3489855995995,0.349490507075578,0.367629379053029,0.346548902319808,0.36461116560564,0.373788361363128
2025-01-11,81ddc98fceb30086,8a3281b0d7c168af,53c10176e3bc7416,84f727cf0166d6f2,Felipe Bunes,Jose Johnson,1,2025,2015-01-03,2024-12-14,0.01,1.09528416513599,0.216587583617469,0.20599030654417,0.210671704958534,0.209184509119483,0.185567745260931,0.24445843131961,0.252831188764231
2025-01-11,81ddc98fceb30086,8d68863242695224,260bd4cef10b033f,9384e71bca6c409d,Ihor Potieria,Marco Tulio,0,2025,2015-01-03,2024-12-14,0.01,1.09528416513599,0.561437526376493,0.567785930916358,0.570387700265821,0.563002415076147,0.565668727728936,0.575742154430339,0.569192673148691
2025-01-11,81ddc98fceb30086,a2a5809ed8a01b45,64d47ef881a437a4,eae431e70064e046,Cesar Almeida,Abdul Razak Alhassan,1,2025,2015-01-03,2024-12-14,0.01,1.09528416513599,0.652575468315739,0.658123609831082,0.670894121203168,0.646575959949028,0.61555200224658,0.664688771474603,0.665762389985159
2025-01-11,81ddc98fceb30086,aa38e39397dbea72,5442f1bc4b47eaf3,9d83f6da776ff7d6,Chris Curtis,Roman Kopylov,0,2025,2015-01-03,2024-12-14,0.01,1.09528416513599,0.464684934255709,0.451952417743447,0.443041544898918,0.460342651720652,0.463011760720741,0.401469338849098,0.378515147927344
2025-01-11,81ddc98fceb30086,b33e3a6d15700bb1,e4faa79383c9f214,fc0a4053eb8a3a59,Ernesta Kareckaite,Nicolle Caliari,1,2025,2015-01-03,2024-12-14,0.01,1.09528416513599,0.641643093151402,0.636400143428184,0.626138194632773,0.648030357865338,0.644014403023253,0.618816006345922,0.621132855453633
2025-01-11,81ddc98fceb30086,ce4fc800a7456d18,6d1bffff14897645,a53d30163304aa6e,Santiago Ponzinibbio,Carlston Harris,1,2025,2015-01-03,2024-12-14,0.01,1.09528416513599,0.555584574683165,0.542063549622694,0.528633629797153,0.558660112709067,0.557780590259381,0.528952986581298,0.483497966021771
2025-01-11,81ddc98fceb30086,f01851055b8309e0,6c9b66b43663f2f7,745fa7b605f8e2da,Viktoriia Dudakova,Fatima Kline,0,2025,2015-01-03,2024-12-14,0.01,1.09528416513599,0.412258412055872,0.431368636654797,0.400783171559066,0.396055164163537,0.38008778310749,0.419523072966745,0.405716184003812
2025-01-11,81ddc98fceb30086,f46308108eb9261a,7447e9f28508106a,beecb672a279223e,Mackenzie Dern,Amanda Ribas,1,2025,2015-01-03,2024-12-14,0.01,1.09528416513599,0.323331302682667,0.335568241936882,0.334551852195958,0.30053790409182,0.33843008576846,0.369430447028366,0.380803604265274
2025-01-18,39f68882def7a507,340fcdcabc49f142,06e4245d16fc5315,351c4ec637380ad5,Ailin Perez,Karol Rosa,1,2025,2015-01-03,2024-12-14,0.01,1.09528416513599,0.713785977425471,0.71124238288124,0.729496964533373,0.734146940398947,0.740873537467652,0.737947719860838,0.66825919810792
2025-01-18,39f68882def7a507,54d48b33e7240452,41e83a89929d1327,e2f6b2769aaedd6c,Jailton Almeida,Serghei Spivac,1,2025,2015-01-03,2024-12-14,0.01,1.09528416513599,0.742318679834841,0.753403553766669,0.732598545805041,0.729599110280256,0.705396307122653,0.69692875744072,0.700787261884114
2025-01-18,39f68882def7a507,69d63c057aebffaf,3a46b268013afede,d549cefc7c54ab78,Kevin Holland,Reinier de Ridder,0,2025,2015-01-03,2024-12-14,0.01,1.09528416513599,0.542880146372571,0.540095657264386,0.521527991173316,0.54874830866541,0.589994741678188,0.558803830687061,0.526803185722877
2025-01-18,39f68882def7a507,938081fae11dcbbf,23dec7c47cb418f8,3bc3f60b21cddc6a,Zachary Reese,Azamat Bekoev,0,2025,2015-01-03,2024-12-14,0.01,1.09528416513599,0.665804188435654,0.678556332110637,0.667915411068637,0.67345348824171,0.670154545098212,0.647099090351964,0.628874960107174
2025-01-18,39f68882def7a507,959fea398ffa5778,009341ed974bad72,5444c5a201d3ee5a,Jiri Prochazka,Jamahal Hill,1,2025,2015-01-03,2024-12-14,0.01,1.09528416513599,0.419866554200201,0.421302158634754,0.428182999963437,0.415842887578637,0.41324683685077,0.337259563288675,0.335506813292113
2025-01-18,39f68882def7a507,95ba27bea09cd84e,b6c37948cb226e8c,cd3d7e37ff2d679c,Benardo Sopaj,Ricky Turcios,1,2025,2015-01-03,2024-12-14,0.01,1.09528416513599,0.575926215584798,0.570162431155442,0.604454322813461,0.584068909875019,0.627440478287541,0.622313661440918,0.662075949437047
2025-01-18,39f68882def7a507,a6db8eb1fb3eebf2,07a74004d964c7f4,ef5dcb10d2bd4b0f,Billy Elekana,Bogdan Guskov,0,2025,2015-01-03,2024-12-14,0.01,1.09528416513599,0.514999505943282,0.506111793081963,0.500183402287475,0.517286575714279,0.496214145052312,0.500350116646631,0.519992627247849
2025-01-18,39f68882def7a507,aa3fca085d476636,99bd51917728c25d,f53d4f21d1b5f2dc,Grant Dawson,Diego Ferreira,1,2025,2015-01-03,2024-12-14,0.01,1.09528416513599,0.770337305540929,0.784063589964048,0.759040329948881,0.786648013959204,0.786033729777599,0.775747189652691,0.795139155621781
2025-01-18,39f68882def7a507,d14f98b24691d082,6e743a33d56bdaa4,b9f28e7045fdfce7,Payton Talbott,Raoni Barcelos,0,2025,2015-01-03,2024-12-14,0.01,1.09528416513599,0.795764279861195,0.80365746536229,0.808722661085656,0.803509843787492,0.805126520260952,0.83602997563869,0.853630594779129
2025-01-18,39f68882def7a507,daef1691c7d6b1e4,275aca31f61ba28c,b6452706b373eea1,Islam Makhachev,Renato Moicano,1,2025,2015-01-03,2024-12-14,0.01,1.09528416513599,0.822043795609109,0.822157225238864,0.815413425994215,0.836363144932453,0.849882589851373,0.833685252197883,0.819188131555644
2025-01-18,39f68882def7a507,e294a1e5723011db,b62d5280966b2460,f00ac08ab056af5d,Clayton Carpenter,Tagir Ulanbekov,0,2025,2015-01-03,2024-12-14,0.01,1.09528416513599,0.500152503456089,0.516637352942303,0.519520304305351,0.490188858021166,0.441970177991091,0.519446152158906,0.534469631966074
2025-01-18,39f68882def7a507,e5e3d396a9b1c5ae,a54660deb6a8489c,d8c811df0386d5e8,Muin Gafurov,Rinya Nakamura,1,2025,2015-01-03,2024-12-14,0.01,1.09528416513599,0.455091896381661,0.415571469728838,0.432456986665709,0.467445581650052,0.480840868245668,0.439229819534545,0.426474783167185
2025-01-18,39f68882def7a507,f39941b3743bf18c,2b6fc1c02736833d,c03520b5c88ed6b4,Umar Nurmagomedov,Merab Dvalishvili,0,2025,2015-01-03,2024-12-14,0.01,1.09528416513599,0.574950139102175,0.581418932448204,0.615633535598074,0.559224744507318,0.572220782127933,0.607196501167292,0.644680417984777
2025-02-01,80dbeb1dd5b53e64,3c00f34f20c8a189,2cd428e9606856fd,f14cf73e51b29254,Jairzinho Rozenstruik,Sergei Pavlovich,0,2025,2015-01-03,2024-12-14,0.01,1.09528416513599,0.357404695320665,0.367942538159983,0.366083315508702,0.348328310924763,0.327307579567007,0.358430257421713,0.383805492535081
2025-02-01,80dbeb1dd5b53e64,426e7a3de68117b0,06734ca9d88dec3a,a67d071163962af8,Shara Magomedov,Michael Page,0,2025,2015-01-03,2024-12-14,0.01,1.09528416513599,0.549607434177618,0.565568824550982,0.523998816615827,0.527907801007678,0.505471381539422,0.535258772215008,0.523707272872472
2025-02-01,80dbeb1dd5b53e64,43bbaf06603b0f0c,6747ccd6d1acd266,764d39074a352e33,Shamil Gaziev,Thomas Petersen,1,2025,2015-01-03,2024-12-14,0.01,1.09528416513599,0.354035468891263,0.366037579847336,0.364747137725015,0.344466794703166,0.343070540141598,0.304676285233064,0.367760245151697
2025-02-01,80dbeb1dd5b53e64,70b8dca3addcf4de,0fd5f4b838e890cc,18d01f7f8338ae72,Said Nurmagomedov,Vinicius Oliveira,0,2025,2015-01-03,2024-12-14,0.01,1.09528416513599,0.585030998814161,0.592228644219531,0.600023987340691,0.583484402633394,0.658211460555214,0.626319922185679,0.658486862753827
2025-02-01,80dbeb1dd5b53e64,750257171ad29a2c,11583163f45c7b31,fb37795db81f93f3,Lucas Alexander,Bogdan Grad,0,2025,2015-01-03,2024-12-14,0.01,1.09528416513599,0.606256170362521,0.60033567330024,0.604121116254692,0.607252915073654,0.636572007756412,0.57562782879931,0.572729981510147
2025-02-01,80dbeb1dd5b53e64,775788423f5eeb99,1e4f273069fb9e85,fb3e61720be4690c,Fares Ziam,Mike Davis,1,2025,2015-01-03,2024-12-14,0.01,1.09528416513599,0.701628006899633,0.708719667630079,0.741421948503779,0.709636945836999,0.72188323221394,0.719295519597443,0.692686021640704
2025-02-01,80dbeb1dd5b53e64,85e79748b75eb30e,1338e2c7480bdf9e,881bf86d4cba8578,Israel Adesanya,Nassourdine Imavov,0,2025,2015-01-03,2024-12-14,0.01,1.09528416513599,0.352156406856388,0.348353851513754,0.332791767247504,0.318099506601689,0.306637740864828,0.341794731699677,0.337675266820879
2025-02-01,80dbeb1dd5b53e64,91bf33ada75d6061,a9e260472d321361,cc8c623cca88f54f,Jasmine Jasudavicius,Mayra Bueno Silva,1,2025,2015-01-03,2024-12-14,0.01,1.09528416513599,0.635195635883876,0.642855721237117,0.61210198429339,0.638856198524128,0.642990735233961,0.602872439943198,0.623371367136999
2025-02-01,80dbeb1dd5b53e64,940f586104bf8bc8,7facc9c45d792985,8d11d9c13e2ccdf7,Kaan Ofli,Muhammad Naimov,0,2025,2015-01-03,2024-12-14,0.01,1.09528416513599,0.295862915557932,0.273768879788176,0.292520897078899,0.302231617035526,0.297180693360979,0.264591368050404,0.336353082387604
2025-02-01,80dbeb1dd5b53e64,984ce1062186f3ce,3329d692aea4dc28,f41b9f5efc7162d6,Hamdy Abdelwahab,Jamal Pogues,1,2025,2015-01-03,2024-12-14,0.01,1.09528416513599,0.531901080778364,0.528826182042002,0.537637725686638,0.533706224441433,0.526739631476682,0.518661789325508,0.563341636637323
2025-02-01,80dbeb1dd5b53e64,e97e71a593e4c28d,38c626ca912c7bac,809bd1a871491508,Damir Hadzovic,Terrance McKinney,0,2025,2015-01-03,2024-12-14,0.01,1.09528416513599,0.334712104467512,0.319546321677297,0.324141465883944,0.346667626039471,0.328638307567783,0.312911389006068,0.299946654745668
2025-02-08,e6015889f50075d2,03c2a836d033be8f,1ebe20ebbfa15e29,b08012bbe542592a,Zhang Weili,Tatiana Suarez,1,2025,2015-01-03,2024-12-14,0.01,1.09528416513599,0.392023913418097,0.415778613281397,0.456061013561557,0.386804382334968,0.383915864854768,0.380479619739084,0.493896472754575
2025-02-08,e6015889f50075d2,1f70a4516a70abf2,a13d755965a4ec9f,aebaa8cec15b083d,Rongzhu,Kody Steele,1,2025,2015-01-03,2024-12-14,0.01,1.09528416513599,0.420653274170359,0.420231704519062,0.38228281016769,0.4213334132355,0.458314946993847,0.544853020215097,0.522991301222773
2025-02-08,e6015889f50075d2,4218d1d1ce6d322c,17734443a833cdf7,a72a2a769fa5a2be,Quillan Salkilld,Anshul Jubli,1,2025,2015-01-03,2024-12-14,0.01,1.09528416513599,0.586553197804021,0.585238042022135,0.589035311801284,0.588343029201899,0.589140134005965,0.592536580440681,0.527926142686542
2025-02-08,e6015889f50075d2,4ce53d8a26693f06,3920d0cc288f9b0d,a845f0735bc67405,Francisco Prado,Jake Matthews,0,2025,2015-01-03,2024-12-14,0.01,1.09528416513599,0.411950528504008,0.408651735416003,0.427976084294762,0.445483928295695,0.434734429274179,0.416772140671091,0.462188045866538
2025-02-08,e6015889f50075d2,64641156360b1b81,19c591115a58982c,6c3b2525436cf5d4,Viacheslav Borshchev,Tom Nolan,0,2025,2015-01-03,2024-12-14,0.01,1.09528416513599,0.432140099675702,0.42733667660179,0.436317915694699,0.436864243189211,0.427786584248342,0.41642635475272,0.398848579170709
2025-02-08,e6015889f50075d2,8435f90fbd50c7a5,17923f676f100e16,e13abac8089a801a,Tallison Teixeira,Justin Tafa,1,2025,2015-01-03,2024-12-14,0.01,1.09528416513599,0.626337341810806,0.631907914757252,0.64016912354603,0.615870040226477,0.60519083216085,0.610722621320075,0.604072358479536
2025-02-08,e6015889f50075d2,8bc8bb0021337de7,dda15dbfafb792df,f782f953bfe7b5f2,Kevin Jousset,Jonathan Micallef,0,2025,2015-01-03,2024-12-14,0.01,1.09528416513599,0.509186565227933,0.516677526559907,0.517375515834029,0.508937634850057,0.496497893780572,0.468160645172779,0.426124739437224
2025-02-08,e6015889f50075d2,946cae1beed2baec,2997e7fe3c9d3d4a,7138a15258dabf20,Wang Cong,Bruna Brasil,1,2025,2015-01-03,2024-12-14,0.01,1.09528416513599,0.525071991686931,0.517164970178125,0.490337060635508,0.51336444337176,0.459835671565394,0.518220435665497,0.549417392784627
2025-02-08,e6015889f50075d2,c35a53be30bfd066,a9da3158dd2c2b5a,f2f140ce7532e327,Jack Jenkins,Gabriel Santos,0,2025,2015-01-03,2024-12-14,0.01,1.09528416513599,0.471976798625749,0.485199995201332,0.483680151385914,0.457475183318729,0.491482327125688,0.542961984340166,0.517230820885109
2025-02-08,e6015889f50075d2,c7fadbdfdc14c282,4a6dff1b260bcf61,ed7d329d7c29428d,Aleksandre Topuria,Colby Thicknesse,1,2025,2015-01-03,2024-12-14,0.01,1.09528416513599,0.437456279681188,0.436645474836489,0.440721861136856,0.439272915780207,0.440120704747805,0.436840915237242,0.44184669109361
2025-02-08,e6015889f50075d2,d13849f49f99bf01,0d7b51c9d2649a6e,0d8011111be000b2,Dricus Du Plessis,Sean Strickland,1,2025,2015-01-03,2024-12-14,0.01,1.09528416513599,0.76994103924905,0.781215451141146,0.784345307505347,0.795028512297008,0.750160450886221,0.731286403026945,0.699463487752638
2025-02-15,ce7871949b0ed2bf,07b357090cc91c2c,37098a6e6c27fb66,7478b7f959ba61f5,Vince Morales,Elijah Smith,0,2025,2015-01-03,2024-12-14,0.01,1.09528416513599,0.325475517181922,0.308713298057754,0.329871386590266,0.356568014238176,0.37564747227113,0.356734774191312,0.332087436333394
2025-02-15,ce7871949b0ed2bf,2a493f15e079a7ff,36e78278a77006d4,7d6ceff6747f2de2,Connor Matthews,Jose Delgado,0,2025,2015-01-03,2024-12-14,0.01,1.09528416513599,0.326040221610449,0.316170010272749,0.322035282082731,0.326050503484217,0.346115062560844,0.371817901839872,0.380499467093006
2025-02-15,ce7871949b0ed2bf,2ae33fce63a75df9,83455a9d17f57dae,c051c2e12d692b8a,Rafael Estevam,Jesus Aguilar,1,2025,2015-01-03,2024-12-14,0.01,1.09528416513599,0.447489448727016,0.438136290864727,0.438696335575296,0.448393672221003,0.46191989051799,0.464584756181856,0.475349453789479
2025-02-15,ce7871949b0ed2bf,365e2d891b98b86d,13a0275fa13c4d26,d1c65d2cf2925ddd,Jared Cannonier,Gregory Rodrigues,1,2025,2015-01-03,2024-12-14,0.01,1.09528416513599,0.31125583447918,0.2917134709678,0.332503604081009,0.317982838545891,0.295964194776108,0.293626435137929,0.295306040352997
2025-02-15,ce7871949b0ed2bf,3b2a24db4eeaeede,1a9480fc288e55d7,f5779a2303ed76ec,Don'Tale Mayes,Valter Walker,0,2025,2015-01-03,2024-12-14,0.01,1.09528416513599,0.365961122325032,0.3573565984852,0.373411227839806,0.363481451408612,0.366791833229422,0.384507486098558,0.346293368050148
2025-02-15,ce7871949b0ed2bf,58668a0736602842,86d9dbe1bfcbade7,e3964ece586e0635,Julia Avila,Jacqueline Cavalcanti,0,2025,2015-01-03,2024-12-14,0.01,1.09528416513599,0.0767602781219839,0.0716322262441559,0.0646097971780348,0.0693605807577499,0.0690292442887171,0.0799920011749506,0.129089582343071
2025-02-15,ce7871949b0ed2bf,68913a422f548ccc,52c2ae6d2f2d2613,751de04455cfaac0,Youssef Zalal,Calvin Kattar,1,2025,2015-01-03,2024-12-14,0.01,1.09528416513599,0.720479036773973,0.747408216582556,0.721655831184237,0.721655647557505,0.707198371097873,0.737081879570168,0.713678492310652
2025-02-15,ce7871949b0ed2bf,7b9f169016746f81,01641ba5df0c69b0,2558ae2e5671e318,Gabriel Bonfim,Khaos Williams,1,2025,2015-01-03,2024-12-14,0.01,1.09528416513599,0.646915986923437,0.64047603958944,0.649733082455914,0.631768840470644,0.654964971548918,0.647974224111475,0.633099003735992
2025-02-15,ce7871949b0ed2bf,875b249ebe45a66b,260e9e0d4954aea6,5f61780fe5e9b6d0,Rodolfo Vieira,Andre Petroski,0,2025,2015-01-03,2024-12-14,0.01,1.09528416513599,0.516144220016248,0.493018514478047,0.523986213120649,0.519826076319618,0.525267321006209,0.525603399641012,0.511807354795224
2025-02-15,ce7871949b0ed2bf,ce1436a9b58902a7,eb393afdbe3293d5,ff62013d2fce6d13,Ismael Bonfim,Nazim Sadykhov,0,2025,2015-01-03,2024-12-14,0.01,1.09528416513599,0.708481194127217,0.700080889440683,0.707592877903157,0.732684619172953,0.738945977772163,0.77727239262106,0.752243916111821
2025-02-15,ce7871949b0ed2bf,f4817d5cbe9be532,8bd4200561c77a62,f0feeb2192937424,Ketlen Souza,Angela Hill,0,2025,2015-01-03,2024-12-14,0.01,1.09528416513599,0.671031875325525,0.67062378385801,0.6879004734454,0.678492099674127,0.711739802872405,0.724357761023484,0.710297260447689
2025-02-15,ce7871949b0ed2bf,f5386c98fea7f5d4,4144798612ef96e5,a817e238b2747404,Edmen Shahbazyan,Dylan Budka,1,2025,2015-01-03,2024-12-14,0.01,1.09528416513599,0.575318015953735,0.604903137216347,0.576174878633841,0.550300356334477,0.554276357511381,0.625146560586569,0.577160915730201
2025-02-22,c50ea21fe9ef478d,08763e87e10b9709,6e8f1bcdda94ff45,cd13728ae1151f46,Ibo Aslan,Ion Cutelaba,0,2025,2015-01-03,2024-12-14,0.01,1.09528416513599,0.681044236489405,0.701305661238293,0.704560800138804,0.674563988110476,0.673564295391223,0.695068493493679,0.70166064496523
2025-02-22,c50ea21fe9ef478d,0cdca4c22b8d3ab5,093e1f5bb73850be,2f181c0467965b98,Anthony Hernandez,Brendan Allen,1,2025,2015-01-03,2024-12-14,0.01,1.09528416513599,0.639660082070176,0.632977952190652,0.654544455776444,0.673300365583834,0.703211194811657,0.681295557976534,0.640153334100363
2025-02-22,c50ea21fe9ef478d,19c8092496e94b85,05339613bf8e9808,ffd3224638c01b57,Rob Font,Jean Matsumoto,1,2025,2015-01-03,2024-12-14,0.01,1.09528416513599,0.374079876189172,0.377229577016648,0.384618660004817,0.368297593637997,0.405907370741087,0.447871547685583,0.494592914929417
2025-02-22,c50ea21fe9ef478d,3ded9bfdfb75f39b,20bccc9bb4ceb23e,8fd808923cffff82,Melquizael Costa,Andre Fili,1,2025,2015-01-03,2024-12-14,0.01,1.09528416513599,0.70762364747099,0.714059573056923,0.732596361726527,0.705381714569617,0.669014802700421,0.688617325052567,0.714574225090007
2025-02-22,c50ea21fe9ef478d,615f7f894bafad82,0f1efce7d2571d10,32c3ee378671a5d9,Nikolay Veretennikov,Austin Vanderford,0,2025,2015-01-03,2024-12-14,0.01,1.09528416513599,0.658951573033565,0.647619981853226,0.664498547710394,0.6780015380823,0.698498948479052,0.65008952024139,0.678074855888303
2025-02-22,c50ea21fe9ef478d,8ef7723b6a8b45e1,52ef95b5860fb28c,a52bc1e62cf0b7c6,Jean Silva,Melsik Baghdasaryan,1,2025,2015-01-03,2024-12-14,0.01,1.09528416513599,0.697955800182666,0.708758114598625,0.709003570238815,0.696615761369888,0.698106990110718,0.665776044823842,0.614729993459394
2025-02-22,c50ea21fe9ef478d,b6475543ab6d20c9,09a4447655fd4b7b,476fe566d2df676e,Rafael Cerqueira,Modestas Bukauskas,0,2025,2015-01-03,2024-12-14,0.01,1.09528416513599,0.382434337858721,0.356509384034036,0.369481768193454,0.380093218392279,0.316999353476759,0.267979247178865,0.283957429785708
2025-02-22,c50ea21fe9ef478d,b959e2c1d16ff832,056c493bbd76a918,efb96bf3e9ada36f,Henry Cejudo,Song Yadong,0,2025,2015-01-03,2024-12-14,0.01,1.09528416513599,0.36100513249792,0.345357532262843,0.37055492810219,0.372270760571815,0.381231888034785,0.376488670886282,0.370405691482736
2025-02-22,c50ea21fe9ef478d,bc6d70ab959dce70,5987b2458f4b5290,bbab3baf66128ae2,Ricky Simon,Javid Basharat,1,2025,2015-01-03,2024-12-14,0.01,1.09528416513599,0.438353793371699,0.429649429617255,0.424976175640355,0.434090704603512,0.429738507307281,0.391920605231285,0.366919165485342
2025-02-22,c50ea21fe9ef478d,c0d8a231d2f1d1af,6add18754930182b,a495f599e787614f,Julius Walker,Alonzo Menifield,0,2025,2015-01-03,2024-12-14,0.01,1.09528416513599,0.610720013247767,0.599633798759121,0.600304445658088,0.614921914842471,0.600060917982104,0.614695803211566,0.569033615436254
2025-02-22,c50ea21fe9ef478d,e011819e721c4a2a,7eaa5e31c2dd86aa,841695e02c99a521,Nick Klein,Mansur Abdul-Malik,0,2025,2015-01-03,2024-12-14,0.01,1.09528416513599,0.322180497925978,0.31142991560228,0.31711263287643,0.317578714534881,0.31111960117278,0.347646815084081,0.352815678410405
2025-02-22,c50ea21fe9ef478d,e9dfc2f009a77a8d,49d2a08964c5eb11,9508cc6184cb2450,Nursulton Ruziboev,Eric McConico,1,2025,2015-01-03,2024-12-14,0.01,1.09528416513599,0.681258415198584,0.692449947217879,0.702148353568394,0.6853727310834,0.659958743017429,0.687332574277097,0.648874529698193
2025-03-01,9766ed20b68c7c33,061990783b9bdb36,323d4ca260dfa0ba,b7b84ccd221be298,Esteban Ribovics,Nasrat Haqparast,0,2025,2015-01-03,2024-12-14,0.01,1.09528416513599,0.516592882133503,0.503150054794966,0.489467618099921,0.520346519160127,0.519529230447129,0.53411735485143,0.509449930242573
2025-03-01,9766ed20b68c7c33,0dfdc94c1da32e20,41cc71cbf210e0fe,e1d40e8782d80bc2,Hyder Amil,William Gomis,1,2025,2015-01-03,2024-12-14,0.01,1.09528416513599,0.342763433604305,0.332800960481448,0.316351586596846,0.353463542949589,0.337121150202,0.285373508853371,0.311614614228976
2025-03-01,9766ed20b68c7c33,1ada4b9ee5810e0f,05fa626cb33d15b8,6fd953151d981979,Andrea Lee,JJ Aldrich,0,2025,2015-01-03,2024-12-14,0.01,1.09528416513599,0.408331286933935,0.387480058636965,0.397912793313841,0.41341598872062,0.386054723859728,0.399684016181084,0.363978111241514
2025-03-01,9766ed20b68c7c33,1de799f17556b501,710f0f8c5d5c9d41,d964a59c48381cb6,Lucas Almeida,Danny Silva,0,2025,2015-01-03,2024-12-14,0.01,1.09528416513599,0.212219890365495,0.204970895599447,0.194599693128634,0.201333364231007,0.206543508714635,0.257941055835717,0.273579720798252
2025-03-01,9766ed20b68c7c33,206b8c14546d71f1,7d0a1968b38ca439,814e5233e2acf2ee,Ramazan Temirov,Charles Johnson,1,2025,2015-01-03,2024-12-14,0.01,1.09528416513599,0.365830482886718,0.367335558594416,0.362622061059778,0.347317271334011,0.345770436193377,0.442034975389705,0.415559690418446
2025-03-01,9766ed20b68c7c33,6bdf0756fb57aced,d0e1b42d41dab603,f14f644d41ade29f,Julian Marquez,Cody Brundage,0,2025,2015-01-03,2024-12-14,0.01,1.09528416513599,0.304188120225078,0.293173518024117,0.301281742286959,0.26455598033314,0.287106617481934,0.304746666636502,0.261623962172646
2025-03-01,9766ed20b68c7c33,9d8a37f130db13e5,5d1b7e3dd9e11074,8d3273573b85be09,Manel Kape,Asu Almabayev,1,2025,2015-01-03,2024-12-14,0.01,1.09528416513599,0.470595834219486,0.455798420464346,0.464316195544334,0.489239440280193,0.510994923502103,0.502055840638784,0.530694661381619
2025-03-01,9766ed20b68c7c33,a857acedb53ee959,39d309957c5c210d,be9bdec19b7e9ffe,Mario Pinto,Austen Lane,1,2025,2015-01-03,2024-12-14,0.01,1.09528416513599,0.70667714334565,0.707769412288411,0.712100697641081,0.713021058616062,0.73033376683183,0.710233229227227,0.6857508057824
2025-03-01,9766ed20b68c7c33,d6c3b730dc9f21a5,8b6e5dc2ba1edbe7,b7c5eb7cdbac6a63,Sam Patterson,Danny Barlow,1,2025,2015-01-03,2024-12-14,0.01,1.09528416513599,0.443610805832247,0.438629584652605,0.455097222166567,0.440055111743416,0.449113543355894,0.390727990402282,0.366876758037759
2025-03-01,9766ed20b68c7c33,dd1df7f5a54fd9fc,1ae8f3c723aacff4,e0c6edcb5b5d0b90,Ricardo Ramos,Chepe Mariscal,0,2025,2015-01-03,2024-12-14,0.01,1.09528416513599,0.244875401282932,0.23643561604476,0.224394618070362,0.234136752714503,0.221850039816758,0.229212776574069,0.242076489655486
2025-03-08,ca936c67687789e9,19fe7177254802d1,480779d7f9a424d3,5d495dec23d7c68e,Mairon Santos,Francis Marshall,1,2025,2015-01-03,2024-12-14,0.01,1.09528416513599,0.692992082231568,0.682333634262402,0.701224330875226,0.703232602848332,0.686127535957058,0.659597593688231,0.645637420461713
2025-03-08,ca936c67687789e9,231968c02cdfe65e,887961364be5ceb3,9c393e836a852f30,King Green,Mauricio Ruffy,0,2025,2015-01-03,2024-12-14,0.01,1.09528416513599,0.454563764395129,0.437780348644335,0.422654965703772,0.460566297671815,0.438104897291635,0.462318556613276,0.466241630431538
2025-03-08,ca936c67687789e9,79f1c9f97d83ec83,3df5493bb279226f,abcf2cc6efc42031,Amanda Lemos,Iasmin Lucindo,1,2025,2015-01-03,2024-12-14,0.01,1.09528416513599,0.144650312757909,0.137794664781284,0.136097826426973,0.136452203281606,0.134920471279962,0.121045836489217,0.133786751677386
2025-03-08,ca936c67687789e9,96c2f85b46e98e91,312f7d7b2b2f7de4,6967153c7edb4d87,Djorden Santos,Ozzy Diaz,0,2025,2015-01-03,2024-12-14,0.01,1.09528416513599,0.556668859544153,0.569251192087297,0.549944180352501,0.552444975309728,0.546042376131318,0.576515590973202,0.536846745951113
2025-03-08,ca936c67687789e9,9e05fe95a4fc63bc,d802174b0c0c1f4e,e5549c82bfb5582d,Magomed Ankalaev,Alex Pereira,1,2025,2015-01-03,2024-12-14,0.01,1.09528416513599,0.427864538183853,0.436557397480313,0.430821857096482,0.421736175055488,0.46664595871689,0.472991606946981,0.533724300144831
2025-03-08,ca936c67687789e9,a2f31cf3a28a7730,9e8f6c728eb01124,c814b4c899793af6,Justin Gaethje,Rafael Fiziev,1,2025,2015-01-03,2024-12-14,0.01,1.09528416513599,0.567506685230719,0.565388012760182,0.556215764233332,0.560593417098605,0.580794298988402,0.579461875617829,0.529095435998255
2025-03-08,ca936c67687789e9,a3cd6a65aaa9f104,4d8fa64202cee4c1,e4a47b07044ddd72,Jalin Turner,Ignacio Bahamondes,0,2025,2015-01-03,2024-12-14,0.01,1.09528416513599,0.386543562916893,0.362697268663465,0.406394305801716,0.405212721922369,0.43789161449381,0.374948045922587,0.358925852692055
2025-03-08,ca936c67687789e9,af3e43049bc86fe9,17e97649403ba428,2f43a3e82661fa99,Joshua Van,Rei Tsuruya,1,2025,2015-01-03,2024-12-14,0.01,1.09528416513599,0.556705780759548,0.573089485740981,0.53349880712156,0.549295734762166,0.558520609832194,0.561160155616846,0.552480989201336
2025-03-08,ca936c67687789e9,cab4937435d081d0,28d421729451c8ca,cdb96af67d096b1e,Carlos Leal,Alex Morono,1,2025,2015-01-03,2024-12-14,0.01,1.09528416513599,0.689968087910649,0.667979412241442,0.690048850479768,0.720897668199343,0.687127804922349,0.614437373585311,0.633630557446812
2025-03-08,ca936c67687789e9,e61cb905f6152183,1e719d4b676dc19a,369ea36e450ae62a,Brunno Ferreira,Armen Petrosyan,1,2025,2015-01-03,2024-12-14,0.01,1.09528416513599,0.599860175380687,0.609010452905218,0.614079488350323,0.594383980400677,0.597667080561685,0.584708545875276,0.573061377638048
2025-03-15,39f62b833e4cf126,1c62a7444808d97f,68d35296f566792b,b1e5bcaad32a3cac,Josiane Nunes,Priscila Cachoeira,0,2025,2015-01-03,2024-12-14,0.01,1.09528416513599,0.848783031043619,0.851334601362628,0.848429117999279,0.862971391996387,0.871955467844053,0.901966930879934,0.868598868110368
2025-03-15,39f62b833e4cf126,29d9c5a3f2b78903,a474aade8eb3a8f0,d1053e55f00e53fe,SuYoung You,AJ Cunningham,1,2025,2015-01-03,2024-12-14,0.01,1.09528416513599,0.764433545995219,0.785389404188107,0.777407076964382,0.771156081706738,0.775548854690456,0.758661530138298,0.732421379539644
2025-03-15,39f62b833e4cf126,36db86c39ed09997,239d8e5359022f3b,a68575214ecad140,Kevin Vallejos,SeungWoo Choi,1,2025,2015-01-03,2024-12-14,0.01,1.09528416513599,0.632682345078988,0.653706757038644,0.637549694452724,0.633324716887685,0.627737488284091,0.6680264060908,0.702000843134736
2025-03-15,39f62b833e4cf126,5d8af316413ea2f7,b1f21ce050035d58,e8fe9c15d348e778,Andre Lima,Daniel Barez,1,2025,2015-01-03,2024-12-14,0.01,1.09528416513599,0.797890162999964,0.807727109518141,0.805448975986826,0.804569163285558,0.774412338026693,0.774872146180186,0.745342483820231
2025-03-15,39f62b833e4cf126,5fa6543868367f4b,1b35af4d1529adf6,e94085e821bd81de,Stephanie Luciano,Sam Hughes,0,2025,2015-01-03,2024-12-14,0.01,1.09528416513599,0.727594683779235,0.723722529551778,0.72503807204532,0.73422049042086,0.736920056488759,0.732817915515164,0.707471784561724
2025-03-15,39f62b833e4cf126,67f7163e536d62e2,327d5f279895110d,7acbb0972e75281a,Roman Dolidze,Marvin Vettori,1,2025,2015-01-03,2024-12-14,0.01,1.09528416513599,0.437608317659302,0.455238219121716,0.435142062169928,0.432269949866524,0.429096657675697,0.393941060551802,0.418593913898825
2025-03-15,39f62b833e4cf126,74bc22b367cca118,a67f5afa8d6a1b80,fc08099550072fe4,Ryan Spann,Waldo Cortes-Acosta,0,2025,2015-01-03,2024-12-14,0.01,1.09528416513599,0.454958822333197,0.451408338561716,0.432376525431571,0.472010136794103,0.436164393691719,0.396664113134242,0.404123711437772
2025-03-15,39f62b833e4cf126,a8f8245096eaf0cd,c3d2b9bcb4cead6b,f1ab6f37492c630a,Yuneisy Duben,Carli Judice,0,2025,2015-01-03,2024-12-14,0.01,1.09528416513599,0.332548643392838,0.340564960946069,0.354666572353567,0.31809110785386,0.328411762601335,0.410302605322384,0.395128734771351
2025-03-15,39f62b833e4cf126,ab1aa23060d4e87b,700a674c042b7a96,da22387a0407a2dc,Cody Gibson,Da'Mon Blackshear,0,2025,2015-01-03,2024-12-14,0.01,1.09528416513599,0.313796443939177,0.313746007786283,0.312705486076002,0.315049279471558,0.324096430490111,0.312183213963808,0.337503297247648
2025-03-15,39f62b833e4cf126,c83133ee114945ed,8adcbd525fab8d9b,c68c68efaa5ca6ef,Elizeu Zaleski dos Santos,Chidi Njokuani,0,2025,2015-01-03,2024-12-14,0.01,1.09528416513599,0.506149992533548,0.511850606908231,0.497036737940432,0.515321788438034,0.527778478709746,0.535689002093907,0.524080002889532
2025-03-15,39f62b833e4cf126,cb3eb07b7152366e,07f959e6596307bb,723b64c0e9a8f348,Carlos Vera,Josias Musasa,1,2025,2015-01-03,2024-12-14,0.01,1.09528416513599,0.244643837703635,0.24323830500397,0.2462362886878,0.232721509988028,0.215685544444199,0.226603578010811,0.244645965922539
2025-03-15,39f62b833e4cf126,d8f40b82364b6411,262a7d06203657e6,a7151778b3381036,Alexander Hernandez,Kurt Holobaugh,1,2025,2015-01-03,2024-12-14,0.01,1.09528416513599,0.763184568389137,0.766084755087944,0.787705991304864,0.783537568413729,0.789747387978368,0.762900271402512,0.724545368862158
2025-03-15,39f62b833e4cf126,e56403718205b494,49edd0d90f60fb7d,709fadb644ee3f51,Brendson Ribeiro,Diyar Nurgozhay,1,2025,2015-01-03,2024-12-14,0.01,1.09528416513599,0.45527849010859,0.458644568798416,0.45235684783112,0.449572993632913,0.475450759154587,0.53150890174759,0.551354558210265
2025-03-22,cc2ad11b1f9d818b,1b02588149d126bf,42ac4020cba261ad,a2d342ffc83913ed,Caolan Loughran,Nathan Fletcher,1,2025,2015-01-03,2024-12-14,0.01,1.09528416513599,0.330685096406168,0.329452468574575,0.326609799131938,0.307561179276477,0.31960407111453,0.348886802548419,0.402607383472548
2025-03-22,cc2ad11b1f9d818b,265dbd9be8caa7de,7772b283d288dbe2,ec13c393d029297d,Guram Kutateladze,Kaue Fernandes,0,2025,2015-01-03,2024-12-14,0.01,1.09528416513599,0.418182149214388,0.411375556252173,0.419620580631856,0.407149938734859,0.402815619235494,0.389618466982916,0.38476470051876
2025-03-22,cc2ad11b1f9d818b,2a1071689c3af9df,06626b6287e1ae1e,4c88a1db5a46c6a4,Chris Padilla,Jai Herbert,1,2025,2015-01-03,2024-12-14,0.01,1.09528416513599,0.711931961761973,0.721019311452563,0.719547540876915,0.727101361617169,0.704304649197148,0.702692993117414,0.682691292825182
2025-03-22,cc2ad11b1f9d818b,371ed8497799998e,45f7cb591c3ab00b,f1fac969a1d70b08,Sean Brady,Leon Edwards,1,2025,2015-01-03,2024-12-14,0.01,1.09528416513599,0.485057495505775,0.49342539424555,0.489091304546123,0.474595106592378,0.480338290942179,0.480896291860426,0.467265860671864
2025-03-22,cc2ad11b1f9d818b,6d9ea9f436ed354d,9014c02eff8b3d62,99df7d0a2a08a8a8,Carlos Ulberg,Jan Blachowicz,1,2025,2015-01-03,2024-12-14,0.01,1.09528416513599,0.674967254815956,0.689140032988651,0.662142465719586,0.691991196188596,0.696105014963045,0.676073645230555,0.64989057356858
2025-03-22,cc2ad11b1f9d818b,8af2b589d5e9c1ae,22e07d3da1aa3475,a93f94c923c3a9cb,Andrey Pulyaev,Christian Leroy Duncan,0,2025,2015-01-03,2024-12-14,0.01,1.09528416513599,0.317025253028688,0.309934599999358,0.307367322101826,0.303763147446938,0.300506406631921,0.345979583648762,0.303734827910073
2025-03-22,cc2ad11b1f9d818b,8e6640c007ad603d,6d38e41efa47a72d,fd406a32a6fb3a29,Jordan Vucenic,Chris Duncan,0,2025,2015-01-03,2024-12-14,0.01,1.09528416513599,0.464532814061848,0.446470292475773,0.45702671277388,0.468928567868548,0.494085898881875,0.441529493542074,0.514002473071623
2025-03-22,cc2ad11b1f9d818b,96c6be6b22385967,3a46b268013afede,fd55393021a8c255,Kevin Holland,Gunnar Nelson,1,2025,2015-01-03,2024-12-14,0.01,1.09528416513599,0.501102576464653,0.516526441009313,0.503573845021479,0.502504031821394,0.480874842992141,0.489629808072474,0.428010692912693
2025-03-22,cc2ad11b1f9d818b,9779eb1aae1d4654,329e403448756217,5b03b61f9d90125e,Nathaniel Wood,Morgan Charriere,1,2025,2015-01-03,2024-12-14,0.01,1.09528416513599,0.439975952450069,0.439640194674377,0.404845256130969,0.41999420793173,0.385468999693481,0.425491742710026,0.415715288843435
2025-03-22,cc2ad11b1f9d818b,a693622ad8c0d672,19f8a2f6eecd92ac,9c442aaf149ea982,Puja Tomar,Shauna Bannon,0,2025,2015-01-03,2024-12-14,0.01,1.09528416513599,0.497690549830747,0.494280323856487,0.507392013162018,0.500830812659849,0.511212587579998,0.5416728228607,0.51243131729059
2025-03-22,cc2ad11b1f9d818b,b5b4b69bccb9ff4a,51018a31ddf31eb2,545092d13c67aa49,Molly McCann,Alexia Thainara,0,2025,2015-01-03,2024-12-14,0.01,1.09528416513599,0.417443104545359,0.433328516985387,0.406507941472112,0.429856788884239,0.443967694609379,0.434411675798382,0.468451758253236
2025-03-22,cc2ad11b1f9d818b,dd229687cb62c871,0d5cc0170c1a7e71,c9cf753cfdf77fc2,Mick Parkin,Marcin Tybura,0,2025,2015-01-03,2024-12-14,0.01,1.09528416513599,0.691668205071616,0.691065037135078,0.717363134986395,0.700899040954005,0.703842411360574,0.721096291243589,0.63149388942259
2025-03-22,cc2ad11b1f9d818b,e5a88f5c686173c4,5cdf5339728f580d,bb2c3c3a466224af,Felipe dos Santos,Lone'er Kavanagh,0,2025,2015-01-03,2024-12-14,0.01,1.09528416513599,0.46411483631348,0.446115129385065,0.436005898501051,0.474832217752302,0.443168047582868,0.441167816552809,0.464369313227052
2025-03-29,0f7210aa8d61af8d,0f20c1d7c44fa5fe,37098a6e6c27fb66,fe2babf95de24fb1,Vince Morales,Raul Rosas Jr.,0,2025,2015-01-03,2024-12-14,0.01,1.09528416513599,0.165873191181645,0.141416004941318,0.167034183930156,0.184979402485637,0.215937671934425,0.159700985123963,0.157560741205071
2025-03-29,0f7210aa8d61af8d,33e301872e2b5680,32ab52e5de93092d,792be9a24df82ed6,Steve Erceg,Brandon Moreno,0,2025,2015-01-03,2024-12-14,0.01,1.09528416513599,0.337657464411439,0.313831516409532,0.31820150869174,0.339361068298409,0.347687269037465,0.314228678019509,0.276326386560224
2025-03-29,0f7210aa8d61af8d,41cdbcc0f3635b8f,20bccc9bb4ceb23e,5ec591b78349ba7e,Melquizael Costa,Christian Rodriguez,1,2025,2015-01-03,2024-12-14,0.01,1.09528416513599,0.492271041003871,0.487788855589403,0.523080331161785,0.50081608476394,0.449831306068176,0.468183357065726,0.529891899917526
2025-03-29,0f7210aa8d61af8d,55376d5c205fa844,72ea1984c52019b5,9a97acbfd5a08bfa,Saimon Oliveira,David Martinez,0,2025,2015-01-03,2024-12-14,0.01,1.09528416513599,0.307291490323892,0.29266564692111,0.280573590713709,0.305978073080333,0.296003393405922,0.294801674607592,0.283556190181469
2025-03-29,0f7210aa8d61af8d,5ba7dd466e30169f,34b96d52db1d26e6,f2900678e98f6d6a,Kevin Borjas,Ronaldo Rodriguez,1,2025,2015-01-03,2024-12-14,0.01,1.09528416513599,0.346637776379261,0.324036755746168,0.330592448969183,0.359848867061052,0.370144195227731,0.345359061455973,0.347482151784342
2025-03-29,0f7210aa8d61af8d,64fe6e61a24dbf39,2f815ed5f8278ba6,baa9be02c3e3e038,Ateba Gautier,Jose Daniel Medina,1,2025,2015-01-03,2024-12-14,0.01,1.09528416513599,0.714626993945975,0.729500646664927,0.713336194014808,0.707448689096461,0.69356983449085,0.673427726965813,0.649251425405047
2025-03-29,0f7210aa8d61af8d,7e3fc760b26b6ae4,c77a953488e5607d,e132d47bd9efbbe0,Vinc Pichel,Rafa Garcia,0,2025,2015-01-03,2024-12-14,0.01,1.09528416513599,0.25140354175575,0.23363790289784,0.227759972911172,0.239849956783726,0.220793411704679,0.225106167065956,0.216541587739981
2025-03-29,0f7210aa8d61af8d,7efca050bc7be8ac,8e5d953bdb9ae5e7,abb68e3c7ca128f2,Loopy Godinez,Julia Polastri,1,2025,2015-01-03,2024-12-14,0.01,1.09528416513599,0.565654011782574,0.568884110623066,0.566487481795668,0.563822558047539,0.573221630992197,0.572386830871046,0.534981646844482
2025-03-29,0f7210aa8d61af8d,8fc8d66ad0074ab0,2e7878927067fdca,519e4fe37ce9ff75,Manuel Torres,Drew Dober,1,2025,2015-01-03,2024-12-14,0.01,1.09528416513599,0.710704171123651,0.709716171021548,0.727174084415781,0.72538163332348,0.735856744642885,0.70538244794475,0.658420074216952
2025-03-29,0f7210aa8d61af8d,9f66d450af690df5,d2cd7a69cc55e7ed,e2be0c1a9b886d92,Austin Hubbard,MarQuel Mederos,0,2025,2015-01-03,2024-12-14,0.01,1.09528416513599,0.399447756982829,0.388379310877038,0.396101289132958,0.417560245205856,0.431704931935571,0.408688147955114,0.357509775143867
2025-03-29,0f7210aa8d61af8d,ab4a91a59c01d6b6,077e3ace32b72be9,5ef94841c4bc3f86,CJ Vergara,Edgar Chairez,0,2025,2015-01-03,2024-12-14,0.01,1.09528416513599,0.392263157343858,0.399215132955129,0.385036268547834,0.370228522725671,0.370642347674819,0.433996322611183,0.436938929431235
2025-03-29,0f7210aa8d61af8d,e2e2537a345367d4,b909a9a9688b5284,e00a3dee329a51f7,Gabriel Miranda,Jamall Emmers,0,2025,2015-01-03,2024-12-14,0.01,1.09528416513599,0.251619223740736,0.237279114749589,0.262657833049154,0.236385510486166,0.22780746017696,0.242911649012999,0.265346644547963
2025-04-05,86b30a86664cb6e4,0c80eef2f4570543,0c6d9ea8306c029e,6ac9bc2953c47345,Brad Tavares,Gerald Meerschaert,1,2025,2015-01-03,2024-12-14,0.01,1.09528416513599,0.390240325360889,0.380776724113491,0.403826750277676,0.388698722209237,0.379487974898329,0.344836828292239,0.357643290624874
2025-04-05,86b30a86664cb6e4,4b1aec2395ebca14,eb8d8c2a95cfccb8,f7be1db194e03d7e,Victor Henry,Pedro Falcao,1,2025,2015-01-03,2024-12-14,0.01,1.09528416513599,0.527885110454108,0.551755726624594,0.500345091383685,0.506495287489397,0.485988559128974,0.569507981522925,0.518336427052235
2025-04-05,86b30a86664cb6e4,58811a4e36c53b89,7cec3c4a5e7b6d68,f748267c4ab6c127,Daniel Frunza,Rhys McKee,0,2025,2015-01-03,2024-12-14,0.01,1.09528416513599,0.555189788316293,0.56437925676846,0.601908821605356,0.565703593273072,0.563853878886096,0.530236863452595,0.54630798521481
2025-04-05,86b30a86664cb6e4,76641669c1607b7a,27b388f0aab49780,d7e40dca3ae125be,Dione Barbosa,Diana Belbita,1,2025,2015-01-03,2024-12-14,0.01,1.09528416513599,0.762416340626639,0.75249841656063,0.772120941705667,0.763271508878766,0.781180228869646,0.72886528301214,0.727009132529566
2025-04-05,86b30a86664cb6e4,86a1be10255eea4e,396fe87b84ac2e1c,fba03cd6cc28dc41,Lerone Murphy,Josh Emmett,1,2025,2015-01-03,2024-12-14,0.01,1.09528416513599,0.798814200270383,0.808860117002381,0.813490793867513,0.814046186839595,0.822705796199813,0.806041637624388,0.809193032584795
2025-04-05,86b30a86664cb6e4,96cc199d78732d11,02f484417a6fa69d,8eb046f83e82bf26,Uran Satybaldiev,Martin Buday,0,2025,2015-01-03,2024-12-14,0.01,1.09528416513599,0.572437324142172,0.535899249412913,0.561982023666827,0.616650655742018,0.607008109572893,0.53560649879153,0.510486843510705
2025-04-05,86b30a86664cb6e4,a160e94fdb66de17,791c8437b341fba5,b8bbdeff718dbb7d,Joanderson Brito,Pat Sabatini,0,2025,2015-01-03,2024-12-14,0.01,1.09528416513599,0.623494828021258,0.620937264120134,0.624226883357993,0.641386485973898,0.622351308539255,0.612268471576059,0.585410938246171
2025-04-05,86b30a86664cb6e4,cca4d763b1c6de0a,2c483cf443f38ece,d35298b6df168456,Vanessa Demopoulos,Talita Alencar,0,2025,2015-01-03,2024-12-14,0.01,1.09528416513599,0.301280842076732,0.327399992080539,0.305627613961297,0.277485123256414,0.281625628136666,0.415473682471934,0.414434526435144
2025-04-05,86b30a86664cb6e4,d1368ca941c1fefc,0cd0456d6029cec2,fbb60f24af5d5a02,Robert Valentin,Torrez Finney,0,2025,2015-01-03,2024-12-14,0.01,1.09528416513599,0.335524006624518,0.330091823465996,0.335447842978456,0.336685281728283,0.289010438395519,0.330594472164246,0.341278500802631
2025-04-05,86b30a86664cb6e4,de9422207df2de64,29162be25ebef5f0,6d68c1afe954f121,Luis Gurule,Ode Osbourne,0,2025,2015-01-03,2024-12-14,0.01,1.09528416513599,0.625801180114495,0.628460300551185,0.630592381452798,0.628068353388384,0.614267694274326,0.541394218789983,0.53732809658144
2025-04-05,86b30a86664cb6e4,fc3825dd1b67e39d,117a06469813e4ef,8173f134396cb971,ChangHo Lee,Cortavious Romious,1,2025,2015-01-03,2024-12-14,0.01,1.09528416513599,0.622815275672356,0.636949302429544,0.639139736415548,0.612114812187195,0.608627586692265,0.627250243217504,0.525757269537862
2025-04-05,86b30a86664cb6e4,fd088ce1481315a5,4e30e4250cb08b61,efc67b07eed39794,Loma Lookboonmee,Istela Nunes,1,2025,2015-01-03,2024-12-14,0.01,1.09528416513599,0.770944900764611,0.799444154215256,0.782602635670754,0.778900523765662,0.769150134198296,0.793122817875748,0.788023570762367
2025-04-12,22f4b6cb6b1bd7fd,08e7a39eb7482ebf,902ec2cc48c8ae8a,92a9aa9c93192871,Julian Erosa,Darren Elkins,1,2025,2015-01-03,2024-12-14,0.01,1.09528416513599,0.573715153735692,0.548246573297991,0.531854898419404,0.610714363057254,0.622428374364347,0.590798575097225,0.55828560145441
2025-04-12,22f4b6cb6b1bd7fd,0e71e69359db4d1e,3c26c420584d912d,f2b3f4ef3f780168,Hailey Cowan,Nora Cornolle,0,2025,2015-01-03,2024-12-14,0.01,1.09528416513599,0.236889183770524,0.226031488369242,0.214387010702925,0.231223606431532,0.242558497979138,0.180659193151811,0.201307874733857
2025-04-12,22f4b6cb6b1bd7fd,0eccebee160137b1,7dda2cf308f24a02,c41d426cc7326d1b,Virna Jandiroba,Yan Xiaonan,1,2025,2015-01-03,2024-12-14,0.01,1.09528416513599,0.569894861760844,0.586538152297926,0.583436096794979,0.56028508489762,0.573609190879973,0.542834017115025,0.57866726773541
2025-04-12,22f4b6cb6b1bd7fd,11eb27a1ac74d225,971246648e162f0d,d1941565abf50b16,Chase Hooper,Jim Miller,1,2025,2015-01-03,2024-12-14,0.01,1.09528416513599,0.791869906560056,0.803920395916577,0.797974670026148,0.8070417155785,0.816829246833796,0.826767469289212,0.863435197818443
2025-04-12,22f4b6cb6b1bd7fd,4bbda6c1f6cf9d4e,0d65c432720accb9,4e6738062d469256,Michal Oleksiejczuk,Sedriques Dumas,1,2025,2015-01-03,2024-12-14,0.01,1.09528416513599,0.528971247745412,0.528121136710285,0.534264770921338,0.547763756848983,0.563495409047025,0.524474669684944,0.499061202506746
2025-04-12,22f4b6cb6b1bd7fd,8c540eb4afe8c43e,52ef95b5860fb28c,d9c6f19f958643e9,Jean Silva,Bryce Mitchell,1,2025,2015-01-03,2024-12-14,0.01,1.09528416513599,0.548909461107009,0.553730320747297,0.554674419459835,0.540735436130281,0.558411336129728,0.521492569939759,0.523740547253411
2025-04-12,22f4b6cb6b1bd7fd,b2d731415bd367df,1091d4d957141094,2e19380f34871c6a,Nikita Krylov,Dominick Reyes,0,2025,2015-01-03,2024-12-14,0.01,1.09528416513599,0.613993103414832,0.591670777760754,0.629217275583756,0.646446659977979,0.6105309025811,0.572257152316839,0.44382259783717
2025-04-12,22f4b6cb6b1bd7fd,b87d6f71d901355b,147e70aa6cc48cfc,9384e71bca6c409d,Tresean Gore,Marco Tulio,0,2025,2015-01-03,2024-12-14,0.01,1.09528416513599,0.481704551679401,0.476126617904338,0.463063849837606,0.473866679491221,0.468200070154221,0.46916956705788,0.466734282633697
2025-04-12,22f4b6cb6b1bd7fd,d05cb4c4135ce402,4b93a88f3b1de35b,7826923b47f8d72a,Michael Chandler,Paddy Pimblett,0,2025,2015-01-03,2024-12-14,0.01,1.09528416513599,0.246321996309503,0.227913495168088,0.236492589341129,0.254871608311567,0.245744003616561,0.233862102186748,0.314437733951306
2025-04-12,22f4b6cb6b1bd7fd,d3be5a4e0ec273e2,98a58c26c5b1ed17,cbf5e6f231b55443,Patricio Freire,Yair Rodriguez,0,2025,2015-01-03,2024-12-14,0.01,1.09528416513599,0.196649708455701,0.184934194080926,0.197644903531535,0.183799020350783,0.197264239037099,0.197461003646475,0.191399565275364
2025-04-12,22f4b6cb6b1bd7fd,e733f148060bef2a,e1248941344b3288,f166e93d04a8c274,Alexander Volkanovski,Diego Lopes,1,2025,2015-01-03,2024-12-14,0.01,1.09528416513599,0.461603031382557,0.454667465745951,0.423858546786615,0.454782641188841,0.477771310261562,0.491087622792918,0.528698494524359
2025-04-12,22f4b6cb6b1bd7fd,fc43d60cbd6b0e6a,4682bc59d5f55145,82a5152216251682,Sean Woodson,Dan Ige,0,2025,2015-01-03,2024-12-14,0.01,1.09528416513599,0.550673435554766,0.574646511928001,0.547008430060932,0.510389830146405,0.542058352327482,0.570095285613779,0.551814791907284
2025-04-12,22f4b6cb6b1bd7fd,fd98843926965cbd,0be6776db31d98ec,3cf18e01cb6cbde3,Mitch Raposo,Sumudaerji,0,2025,2015-01-03,2024-12-14,0.01,1.09528416513599,0.51711188791163,0.508544525721894,0.499324273792311,0.504660121666183,0.582018261012324,0.554171912868433,0.584979872256575
2025-04-26,b2e3aca4cd363477,23201d09a78d446d,0e46690e55a8df75,15ea371202eb25e1,Timmy Cuamba,Roberto Romero,1,2025,2015-01-03,2024-12-14,0.01,1.09528416513599,0.584763167388546,0.585286480650548,0.578505495923225,0.592627462373587,0.605781492689612,0.552813940195817,0.549161892422848
2025-04-26,b2e3aca4cd363477,4072abf0b0c179f2,9560ff14eb3129f7,ffe9703408fb5964,Giga Chikadze,David Onama,0,2025,2015-01-03,2024-12-14,0.01,1.09528416513599,0.448510634821794,0.438874722276889,0.434570588298902,0.456202980385097,0.415087418373637,0.409964155224639,0.431746068743365
2025-04-26,b2e3aca4cd363477,62fbdd4f0bcd3c2a,886264a0c9f4ea5e,b07aed698fba8624,Andre Muniz,Ikram Aliskerov,0,2025,2015-01-03,2024-12-14,0.01,1.09528416513599,0.563078492219793,0.586712593401416,0.583582608477555,0.549776209596853,0.511833204661154,0.536733316371593,0.498076528537061
2025-04-26,b2e3aca4cd363477,633f4b5ec767769d,442c9011034ae1fd,7ee0fd831c0fe7c3,Ian Machado Garry,Carlos Prates,1,2025,2015-01-03,2024-12-14,0.01,1.09528416513599,0.633439167275879,0.632298104800843,0.613866524206421,0.632495022225384,0.614851443207465,0.634821499079283,0.658057814487988
2025-04-26,b2e3aca4cd363477,6f3cb7ce84185dd3,45f0cc9d18f35137,5fa2974cbd18e05c,Chris Gutierrez,John Castaneda,1,2025,2015-01-03,2024-12-14,0.01,1.09528416513599,0.642837502128776,0.648798385878972,0.619429487417907,0.614188629214071,0.603911870685026,0.698084636148061,0.677036338419592
2025-04-26,b2e3aca4cd363477,7d51649373d42571,1897b7b913736a7c,da22387a0407a2dc,Alatengheili,Da'Mon Blackshear,0,2025,2015-01-03,2024-12-14,0.01,1.09528416513599,0.253618441597881,0.250845876349974,0.243562245080654,0.228091045818651,0.237520740676435,0.247242064516793,0.269106738381841
2025-04-26,b2e3aca4cd363477,7fd6770fe2d4f258,af9efbfd63d39734,f9ab66e67240db7b,Chelsea Chandler,Joselyne Edwards,0,2025,2015-01-03,2024-12-14,0.01,1.09528416513599,0.324007529379822,0.313639914701278,0.338950419810417,0.324267851577991,0.342757814357199,0.28414576939938,0.38077718145027
2025-04-26,b2e3aca4cd363477,97770b38df67b276,b2a78df161bd67f9,d9a56ecb6e94f02e,Gauge Young,Evan Elder,0,2025,2015-01-03,2024-12-14,0.01,1.09528416513599,0.479169456262778,0.471980697400561,0.494264726752541,0.466637479930918,0.468210418375776,0.496084660247096,0.531121664205624
2025-04-26,b2e3aca4cd363477,9bbd45774fb4a6eb,36b8f265bcd1b7a4,595db60957de51d3,Abus Magomedov,Michel Pereira,1,2025,2015-01-03,2024-12-14,0.01,1.09528416513599,0.42488502742069,0.416405162306032,0.429553098304368,0.419143662302067,0.396122249301544,0.350821144305032,0.380956477023084
2025-04-26,b2e3aca4cd363477,a526a72ade275f46,8a65fd9ba31fd3f7,d4c9dcd330403612,Zhang Mingyang,Anthony Smith,1,2025,2015-01-03,2024-12-14,0.01,1.09528416513599,0.735752062588055,0.738312086254499,0.7249485987227,0.731402072980521,0.684397827497531,0.674167614413494,0.668458675338155
2025-04-26,b2e3aca4cd363477,c2c20a04a78d9143,2e45d08b3f2f02c8,3c8a5200436e19f3,Malcolm Wellmaker,Cameron Saaiman,1,2025,2015-01-03,2024-12-14,0.01,1.09528416513599,0.360254938016174,0.345932311904832,0.374912348065551,0.382670788347612,0.39995937014683,0.337002737190956,0.349122081148887
2025-04-26,b2e3aca4cd363477,d8d22dcc1f6912e7,09e62c450e754913,67c1d46f4ed16f9e,Jimmy Flick,Matt Schnell,0,2025,2015-01-03,2024-12-14,0.01,1.09528416513599,0.487899975329477,0.492138708921513,0.502090149523657,0.49859577164194,0.474979271485456,0.427521057165991,0.451556237247274
2025-04-26,b2e3aca4cd363477,e7b3ca036835b7c2,9673a497a9da119a,bc7d1ad49fcb2d08,Polyana Viana,Jaqueline Amorim,0,2025,2015-01-03,2024-12-14,0.01,1.09528416513599,0.109273109787628,0.102966573581648,0.100581893845734,0.0975210796109526,0.108289917645411,0.128928683721033,0.153628845213598
2025-04-26,b2e3aca4cd363477,fbf83609dc96f32e,9d19d9e4aa2662e8,c6aee362c7a7d482,Nicolas Dalby,Randy Brown,0,2025,2015-01-03,2024-12-14,0.01,1.09528416513599,0.310954982615864,0.309683432042931,0.301276991102064,0.325310992427244,0.285926112290561,0.268928803998083,0.327149706108666
2025-05-03,de20ffb3fc2e7629,191ee545160a4e09,6d1bffff14897645,8a1f3b5c526cd6e6,Santiago Ponzinibbio,Daniel Rodriguez,0,2025,2015-01-03,2024-12-14,0.01,1.09528416513599,0.617418304331825,0.601868658109006,0.629607549424635,0.631363719189866,0.619989003018335,0.532021273682794,0.495076266189731
2025-05-03,de20ffb3fc2e7629,2707dc2245335cc1,3143bf892608139a,b96619b3acd7d9da,Yana Santos,Miesha Tate,1,2025,2015-01-03,2024-12-14,0.01,1.09528416513599,0.547081045947735,0.54004209429298,0.539167749546563,0.544640816428187,0.529681015162303,0.553958475348542,0.5442423600134
2025-05-03,de20ffb3fc2e7629,380242601a2c5991,35673bf5204524ee,d549cefc7c54ab78,Bo Nickal,Reinier de Ridder,0,2025,2015-01-03,2024-12-14,0.01,1.09528416513599,0.622772416918422,0.627405802821489,0.636852114502183,0.615166495947082,0.648355999422609,0.648180715250193,0.675209793789896
2025-05-03,de20ffb3fc2e7629,469f887278324e63,38c5817ade8a8014,aa0c573da7119292,Ivana Petrovic,Juliana Miller,0,2025,2015-01-03,2024-12-14,0.01,1.09528416513599,0.720876508809909,0.719315022147574,0.726047543434896,0.732937945159496,0.744108539321395,0.746281821363039,0.751375544112138
2025-05-03,de20ffb3fc2e7629,5ce29056e0cd2df9,850266b3dc4e506e,cc1a8b4b38b92c6d,Daniel Marcos,Montel Jackson,0,2025,2015-01-03,2024-12-14,0.01,1.09528416513599,0.298047774521728,0.301223564520029,0.329334951978789,0.28063168348096,0.252821782130335,0.247355171223898,0.2639180039859
2025-05-03,de20ffb3fc2e7629,6ccd10adc968e1f0,1a2bf44edb8055b6,5c84f673b7bb7c15,Serhiy Sidey,Cameron Smotherman,1,2025,2015-01-03,2024-12-14,0.01,1.09528416513599,0.464177416272029,0.459932347451695,0.452960396813387,0.468009820916914,0.443087709492043,0.410828376262944,0.423473626908019
2025-05-03,de20ffb3fc2e7629,6e26a6293ea6ba62,38c7f72747f4f712,cd2c4d30c6e13b47,Gillian Robertson,Marina Rodriguez,1,2025,2015-01-03,2024-12-14,0.01,1.09528416513599,0.784912614409771,0.796245603647636,0.790395482945044,0.792012533421343,0.774357033798752,0.765311873565708,0.747733544355407
2025-05-03,de20ffb3fc2e7629,77ed474dfc5359ea,3bc3f60b21cddc6a,d5bab53a1a603aac,Azamat Bekoev,Ryan Loder,1,2025,2015-01-03,2024-12-14,0.01,1.09528416513599,0.494359629877681,0.491239602815333,0.494421198580919,0.490407041424931,0.447165486322744,0.434330257549845,0.434627419390071
2025-05-03,de20ffb3fc2e7629,9039959b41901412,18968f97ad34f15c,f6ad6a1e4d600e0d,Jeremy Stephens,Mason Jones,0,2025,2015-01-03,2024-12-14,0.01,1.09528416513599,0.307175307279314,0.315767891546867,0.328846614970163,0.321154547262922,0.315574084449352,0.358135367577704,0.343157221596182
2025-05-03,de20ffb3fc2e7629,97b32ff27fd457a8,32feae6d9a1e5047,96924b0019b3aff1,Quang Le,Gaston Bolanos,1,2025,2015-01-03,2024-12-14,0.01,1.09528416513599,0.485016529304344,0.462216802146885,0.46818762846497,0.506140271692548,0.56375091795823,0.450260879494568,0.474907071877753
2025-05-03,de20ffb3fc2e7629,9b3bade95e1dd484,65f09bacd3957381,aa72b0f831d0bfe5,Cory Sandhagen,Deiveson Figueiredo,1,2025,2015-01-03,2024-12-14,0.01,1.09528416513599,0.669001523234757,0.673565771711256,0.682358296549111,0.696106854759514,0.703933641169342,0.699349930652533,0.721409009281233
2025-05-03,de20ffb3fc2e7629,c445401709421fa4,1a9480fc288e55d7,764d39074a352e33,Don'Tale Mayes,Thomas Petersen,0,2025,2015-01-03,2024-12-14,0.01,1.09528416513599,0.338956081551035,0.333102012452737,0.345226390962416,0.341182305399887,0.344843732332109,0.321486353391932,0.348186634184166
2025-05-10,118463dd8db16e7f,0e0a4282cd6c86d7,b67d6bacc68d4c92,d008d785f6347dc2,Daniel Santos,JeongYeong Lee,1,2025,2015-01-03,2024-12-14,0.01,1.09528416513599,0.460727889662891,0.475434624387743,0.47002721035463,0.474609267749794,0.446087569810158,0.498668663143348,0.548555145768507
2025-05-10,118463dd8db16e7f,0f53eb509d0ffeb9,262d32ebda89efc4,e8b731feff72294b,Natalia Silva,Alexa Grasso,1,2025,2015-01-03,2024-12-14,0.01,1.09528416513599,0.641878391981629,0.659844458047236,0.623248272309768,0.634488935097201,0.650737083190655,0.740630277639646,0.707401505361442
2025-05-10,118463dd8db16e7f,2521234a4bf7c615,dd6103dd7127db1d,feedf3053472fe56,Mike Malott,Charles Radtke,1,2025,2015-01-03,2024-12-14,0.01,1.09528416513599,0.571471735096174,0.570967707238686,0.566949800561399,0.566374816961276,0.484747615655159,0.531415485220387,0.501899617382683
2025-05-10,118463dd8db16e7f,4db2d86ebe8c8abd,6a1901c62ab3870f,a9e260472d321361,Jessica Andrade,Jasmine Jasudavicius,0,2025,2015-01-03,2024-12-14,0.01,1.09528416513599,0.500467691934747,0.463814387559517,0.486048352223005,0.543925061707717,0.549443898930569,0.532537248656811,0.460474602798494
2025-05-10,118463dd8db16e7f,6ecfa439ef900bcc,12ebd7d157e91701,8e9eb3fc86db0f7d,Bruno Silva,Marc-Andre Barriault,0,2025,2015-01-03,2024-12-14,0.01,1.09528416513599,0.530679266327925,0.516561047090408,0.534877318483242,0.53905357088287,0.547121564288831,0.47772316799209,0.502156488849195
2025-05-10,118463dd8db16e7f,891b2faf1bff38ee,24656ef4d605c96f,d0f3959b4a9747e6,Aiemann Zahabi,Jose Aldo,1,2025,2015-01-03,2024-12-14,0.01,1.09528416513599,0.365513738627186,0.395039505453451,0.367032652905954,0.349422713042519,0.349628015850477,0.384570168362914,0.358883547037013
2025-05-10,118463dd8db16e7f,99aa1f28e22bb6dd,64ad3e3b0efa30bb,b4b496ec2197ee3e,Ivan Erslan,Navajo Stirling,0,2025,2015-01-03,2024-12-14,0.01,1.09528416513599,0.356071574050947,0.335426882868319,0.350071872445729,0.369334151095154,0.386756103043138,0.34065669773503,0.389462328465721
2025-05-10,118463dd8db16e7f,9e9d1764a015f313,132deb59abae64b1,34ff304266360297,Valentina Shevchenko,Manon Fiorot,1,2025,2015-01-03,2024-12-14,0.01,1.09528416513599,0.446264268551474,0.456639083290668,0.459019485257447,0.42256833163148,0.453937415177208,0.472943480692806,0.553775533269041
2025-05-10,118463dd8db16e7f,b873c116e39c9920,6b453bc35a823c3f,b1b0729d27936f2f,Jack Della Maddalena,Belal Muhammad,1,2025,2015-01-03,2024-12-14,0.01,1.09528416513599,0.722091692129764,0.719803243142964,0.745481211977422,0.729950533914573,0.731077456215335,0.722552418707014,0.631521549956963
2025-05-10,118463dd8db16e7f,c20bd12ae7f04eff,7b433309b0fd12aa,a4dc0f2b95df4cc1,Brad Katona,Bekzat Almakhan,0,2025,2015-01-03,2024-12-14,0.01,1.09528416513599,0.525053199266759,0.546472608766523,0.537318316481015,0.530216856230615,0.5696283620372,0.618565480859715,0.605659391613708
2025-05-10,118463dd8db16e7f,c7190cd03e53fb61,873626e5547b5235,c2299ec916bc7c56,Kyle Prepolec,Benoit Saint Denis,0,2025,2015-01-03,2024-12-14,0.01,1.09528416513599,0.116764174707452,0.109457131565356,0.0950901162604375,0.11504041577449,0.134959376498966,0.127939765324995,0.177016928130822
2025-05-10,118463dd8db16e7f,c812457a810dde39,476fe566d2df676e,cd13728ae1151f46,Modestas Bukauskas,Ion Cutelaba,1,2025,2015-01-03,2024-12-14,0.01,1.09528416513599,0.381167381815018,0.398660669399538,0.404829358647933,0.360912065928611,0.387110135062012,0.386651283875672,0.461061557378127
2025-05-17,8ad022dd81224f61,18a7dc86279066f8,798e48f9e7f6ba22,b671bdf981ad527d,Carlos Hernandez,HyunSung Park,0,2025,2015-01-03,2024-12-14,0.01,1.09528416513599,0.385931261522376,0.365729106441042,0.359812093463311,0.391464513157419,0.398639765315043,0.377429796694705,0.355114448323622
2025-05-17,8ad022dd81224f61,66887532be2de5ee,ac7c765882f2c68c,cffb87059e645bd1,Elise Reed,Denise Gomes,0,2025,2015-01-03,2024-12-14,0.01,1.09528416513599,0.182910902554778,0.175230421119967,0.187108405769126,0.170237953209585,0.168887510224629,0.185805389949093,0.20309054233599
2025-05-17,8ad022dd81224f61,8ba31cf0b3164b72,7026eca45f65377b,d945aae53e3e54e6,Jared Gordon,Thiago Moises,1,2025,2015-01-03,2024-12-14,0.01,1.09528416513599,0.54515395680704,0.515786606279983,0.519492783279537,0.568845282600214,0.543761775177599,0.549607572528685,0.486144269423893
2025-05-17,8ad022dd81224f61,a81ad236a2f221f2,23024fdfc966410a,c32aeb1a59e6272d,Gilbert Burns,Michael Morales,0,2025,2015-01-03,2024-12-14,0.01,1.09528416513599,0.179543502544098,0.163670237066938,0.167789590458431,0.181616687094407,0.177071736958661,0.150693264096169,0.176606500143984
2025-05-17,8ad022dd81224f61,a9a6cca4bbf7a5db,5eb50529a8418b77,72f890c5d421e705,Gabe Green,Matheus Camilo,1,2025,2015-01-03,2024-12-14,0.01,1.09528416513599,0.330328877193389,0.332594305986347,0.321103417525029,0.34221872184093,0.334079213575491,0.377342414683568,0.399284076594214
2025-05-17,8ad022dd81224f61,afdd95ae7b7cdb0c,31ef8b67e13495b3,a3a542074109b347,Tecia Pennington,Luana Pinheiro,1,2025,2015-01-03,2024-12-14,0.01,1.09528416513599,0.598581043445185,0.60886890901283,0.595424641797989,0.599313412774876,0.569489172989814,0.605970317829275,0.62443407295138
2025-05-17,8ad022dd81224f61,b3044bf646306e7f,49d2a08964c5eb11,71505842fb6455c3,Nursulton Ruziboev,Dustin Stoltzfus,1,2025,2015-01-03,2024-12-14,0.01,1.09528416513599,0.637947661180823,0.662023893396012,0.66401846305001,0.630095680614354,0.630225805315521,0.639111068103385,0.666196740856124
2025-05-17,8ad022dd81224f61,d6e2bc6e6c0cc4fe,36e78278a77006d4,70380ccdc81915b8,Connor Matthews,Yadier del Valle,0,2025,2015-01-03,2024-12-14,0.01,1.09528416513599,0.316169222660104,0.306411456454861,0.303287919446795,0.309358604032637,0.332175573459699,0.359599257515282,0.363186619543101
2025-05-17,8ad022dd81224f61,dcb27eef6441268c,480779d7f9a424d3,94426bb170c88115,Mairon Santos,Sodiq Yusuff,1,2025,2015-01-03,2024-12-14,0.01,1.09528416513599,0.656963494475749,0.669636968338711,0.663965487125887,0.657310808892337,0.617414333377017,0.677693790287731,0.646801528875163
2025-05-17,8ad022dd81224f61,f75fe8b384b0db11,2c5f5749569eef66,5078e1dacf9d25f4,Tainara Lisboa,Luana Santos,0,2025,2015-01-03,2024-12-14,0.01,1.09528416513599,0.296791264383038,0.293342339869742,0.324786322619333,0.288504093791053,0.295267301645047,0.308496810677247,0.317713770642527
2025-05-17,8ad022dd81224f61,fe2acfdaaaec3dba,20bccc9bb4ceb23e,902ec2cc48c8ae8a,Melquizael Costa,Julian Erosa,1,2025,2015-01-03,2024-12-14,0.01,1.09528416513599,0.695235393252749,0.699683871062356,0.741114588856008,0.687568780608408,0.669100667518435,0.709664596357316,0.666308903726969
2025-05-31,2a898bf9fb7710b3,106918bfbe24335d,9cdd2da1a9104a0b,b9706f80d005036c,Macy Chiasson,Ketlen Vieira,0,2025,2015-01-03,2024-12-14,0.01,1.09528416513599,0.60479489856121,0.588622897645378,0.578287565543756,0.586991353436654,0.556222630639188,0.596259766500748,0.46510211147239
2025-05-31,2a898bf9fb7710b3,212527d462690304,5b86d491d63890c5,72db2a14ffa73ece,Ludovit Klein,Mateusz Gamrot,0,2025,2015-01-03,2024-12-14,0.01,1.09528416513599,0.301244914374709,0.312967289338824,0.301484405626838,0.269477097907778,0.259981448655155,0.297927810196901,0.348131721973524
2025-05-31,2a898bf9fb7710b3,2521fed000747f47,a7151778b3381036,ac026518a9b4dc0f,Kurt Holobaugh,Jordan Leavitt,0,2025,2015-01-03,2024-12-14,0.01,1.09528416513599,0.202467860114048,0.204995251814894,0.199688881146293,0.172750679761897,0.16456727316318,0.159819412938333,0.197605077680951
2025-05-31,2a898bf9fb7710b3,305d8c85b35a7d4e,3d074044a33825e7,fa07345cc9db5cc9,Ramiz Brahimaj,Billy Ray Goff,1,2025,2015-01-03,2024-12-14,0.01,1.09528416513599,0.192489772132574,0.193394081961895,0.196667845794392,0.189166753348073,0.228077882283735,0.229747315935751,0.255459713173827
2025-05-31,2a898bf9fb7710b3,73240bea13ed5e71,02bb48869eb7ac8f,87f8699fdcc2c404,Rayanne dos Santos,Alice Ardelean,0,2025,2015-01-03,2024-12-14,0.01,1.09528416513599,0.671689506944286,0.671160266395384,0.683131547092652,0.679546489867303,0.679653322144701,0.664827548688031,0.634048623991813
2025-05-31,2a898bf9fb7710b3,7aaa810540132a4b,0abcf6bc47191219,e4277e87a789d687,Bruno Lopes,Dustin Jacoby,0,2025,2015-01-03,2024-12-14,0.01,1.09528416513599,0.538758994075606,0.548155162824444,0.563255725966264,0.532230662927431,0.561754376199048,0.56233875639304,0.578763507836336
2025-05-31,2a898bf9fb7710b3,ad68450307a21ab1,23dec7c47cb418f8,866fd7b1a6c90e7f,Zachary Reese,Dusko Todorovic,1,2025,2015-01-03,2024-12-14,0.01,1.09528416513599,0.668792450397734,0.676967490890848,0.678103585804212,0.655923147174849,0.646445023637188,0.675630628109922,0.602691686486602
2025-05-31,2a898bf9fb7710b3,ae89ba793121fe0c,01c9e4013afce141,4bdedbdeedff7d1d,Michael Aswell,Bolaji Oki,0,2025,2015-01-03,2024-12-14,0.01,1.09528416513599,0.43379623162479,0.431642074525021,0.428602764661155,0.422768919129224,0.396366850895144,0.468608744682858,0.484095039669096
2025-05-31,2a898bf9fb7710b3,baa2ee0bf7f97079,253076a23d03dcd0,65adf3856c4d9256,Allan Nascimento,Jafel Filho,1,2025,2015-01-03,2024-12-14,0.01,1.09528416513599,0.540832172148307,0.539628284256296,0.502970135336056,0.571476787696552,0.500263682394853,0.468502156143288,0.426518711325097
2025-06-07,18c49685296c60e6,01100a90b584215d,49edd0d90f60fb7d,e90a2f22417af68e,Brendson Ribeiro,Azamat Murzakanov,0,2025,2015-01-03,2024-12-14,0.01,1.09528416513599,0.312891511244947,0.306265901076149,0.299995533045202,0.303450995943293,0.304805647155509,0.312553027661102,0.326420402661822
2025-06-07,18c49685296c60e6,0e8599eca8ccfa32,001eb2ab0f30e7ea,e2be0c1a9b886d92,Mark Choinski,MarQuel Mederos,0,2025,2015-01-03,2024-12-14,0.01,1.09528416513599,0.351597060582338,0.332636366113232,0.339179644312232,0.360297174676169,0.376491831738215,0.347024807614336,0.339975545402893
2025-06-07,18c49685296c60e6,2129acab2280bd29,3a46b268013afede,6d4b63c767106d3a,Kevin Holland,Vicente Luque,1,2025,2015-01-03,2024-12-14,0.01,1.09528416513599,0.561730255948566,0.553456600440819,0.55794622709866,0.573964868576281,0.594413652042854,0.582955439612117,0.541383444551013
2025-06-07,18c49685296c60e6,2e4064e0e6d4d92e,17734443a833cdf7,c739c2995a275314,Quillan Salkilld,Yanal Ashmouz,1,2025,2015-01-03,2024-12-14,0.01,1.09528416513599,0.597252269267411,0.595628668098925,0.600009662791151,0.599230679564294,0.585495708804395,0.559124435162427,0.567751988465388
2025-06-07,18c49685296c60e6,81b84b34f0357fa5,1af1170ed937cba7,3253b16d38ae087d,Kayla Harrison,Julianna Pena,1,2025,2015-01-03,2024-12-14,0.01,1.09528416513599,0.649334655329342,0.666109433612579,0.670669264737112,0.656414477172502,0.681812945067815,0.676691448614188,0.700374922327686
2025-06-07,18c49685296c60e6,9f4a0de31375ba04,57186c150c645200,a44020ea2e8cd026,Jeka Saragih,JooSang Yoo,0,2025,2015-01-03,2024-12-14,0.01,1.09528416513599,0.380898444470832,0.374333770850432,0.379901038064283,0.374309918035506,0.328974910848385,0.389091135632139,0.41093520233269
2025-06-07,18c49685296c60e6,ac977a0389682124,e2f6b2769aaedd6c,fc08099550072fe4,Serghei Spivac,Waldo Cortes-Acosta,0,2025,2015-01-03,2024-12-14,0.01,1.09528416513599,0.546047879512206,0.53923145611645,0.554477113268801,0.579886515349573,0.559627478468882,0.529395888500388,0.505268693864357
2025-06-07,18c49685296c60e6,b6a87389bdc36a00,17e97649403ba428,294aa73dbf37d281,Joshua Van,Bruno Silva,1,2025,2015-01-03,2024-12-14,0.01,1.09528416513599,0.800318201206519,0.809606709742486,0.804745758925666,0.795936256163271,0.801633595195783,0.836119701184151,0.816730080986435
2025-06-07,18c49685296c60e6,d078e9046aa86307,2997e7fe3c9d3d4a,6551c64fbcd1a467,Wang Cong,Ariane da Silva,1,2025,2015-01-03,2024-12-14,0.01,1.09528416513599,0.608008528053872,0.607058263284901,0.590170764390454,0.624739817588803,0.633299933195288,0.6600257497429,0.626264515893132
2025-06-07,18c49685296c60e6,df5dac45fc585fb0,2cfba6c837c03ed0,bc711b6dd95c1af6,Patchy Mix,Mario Bautista,0,2025,2015-01-03,2024-12-14,0.01,1.09528416513599,0.157598602311073,0.150795030224929,0.157118779158131,0.147627502739963,0.144322218874659,0.181567522422999,0.204582342000719
2025-06-07,18c49685296c60e6,e28e829800466aca,8c0580d4fff106c1,c1085e1701b13eca,Kelvin Gastelum,Joe Pyfer,0,2025,2015-01-03,2024-12-14,0.01,1.09528416513599,0.31819244225268,0.324184302731345,0.333930289872112,0.306906355400116,0.29845778336667,0.363055811647354,0.40609187192328
2025-06-07,18c49685296c60e6,e61d83e4e1f9c4d7,b50a426a33da0012,c03520b5c88ed6b4,Sean O'Malley,Merab Dvalishvili,0,2025,2015-01-03,2024-12-14,0.01,1.09528416513599,0.473948018961229,0.461147773974746,0.506074733748206,0.489654293024507,0.511980861934654,0.500093010677017,0.538528299037311
2025-06-07,18c49685296c60e6,f0488a4486a64af0,2558ae2e5671e318,2caf993f53541fa1,Khaos Williams,Andreas Gustafsson,0,2025,2015-01-03,2024-12-14,0.01,1.09528416513599,0.628132127210326,0.64950436931422,0.623002360982278,0.633681009754335,0.618071121986696,0.671002979003395,0.677366495600624
2025-06-14,de277a4abcfeea46,08c04f18b0f58d71,841695e02c99a521,f14f644d41ade29f,Mansur Abdul-Malik,Cody Brundage,1,2025,2015-01-03,2024-12-14,0.01,1.09528416513599,0.787599090271873,0.790896788762994,0.788286095696138,0.799521616718027,0.856334920140289,0.819890981871435,0.801443684180278
2025-06-14,de277a4abcfeea46,1714950933f88ab9,b9f28e7045fdfce7,d8c7c61b176e3994,Raoni Barcelos,Cody Garbrandt,1,2025,2015-01-03,2024-12-14,0.01,1.09528416513599,0.624913498012021,0.613948551059747,0.618253651498822,0.641730749740162,0.650203986787524,0.584723223067725,0.48766195796345
2025-06-14,de277a4abcfeea46,2ae7404681deb3b3,1497e735d9f2560a,8e382b585a92affe,Ange Loosa,Phil Rowe,0,2025,2015-01-03,2024-12-14,0.01,1.09528416513599,0.53799488205433,0.540283202676141,0.537945792054743,0.521203269153376,0.511548286262137,0.548853378701431,0.533797314480981
2025-06-14,de277a4abcfeea46,59c4fdb3c0673066,5987b2458f4b5290,5c84f673b7bb7c15,Ricky Simon,Cameron Smotherman,1,2025,2015-01-03,2024-12-14,0.01,1.09528416513599,0.628025339483248,0.628369098552827,0.626669923757841,0.63540204136344,0.6294122438102,0.602068332634188,0.538213174953222
2025-06-14,de277a4abcfeea46,79dfbbdd14fbbd11,47b63240018d5d86,f29a6350c69f4a33,Rose Namajunas,Miranda Maverick,1,2025,2015-01-03,2024-12-14,0.01,1.09528416513599,0.550136857852951,0.523932701812028,0.548458580297451,0.562650415971289,0.602789638601381,0.543324168612677,0.506708845298442
2025-06-14,de277a4abcfeea46,ab325ea526824723,2c483cf443f38ece,5c637af9472ae7cc,Vanessa Demopoulos,Jamey-Lyn Horth,0,2025,2015-01-03,2024-12-14,0.01,1.09528416513599,0.16463545120026,0.174099739888562,0.159160779730647,0.159736309094455,0.166819894821548,0.224455342419614,0.256781608479566
2025-06-14,de277a4abcfeea46,b39b8ff0d7de211a,7f6ed67d3ed3c036,88be62d6c1e6dadb,Cody Durden,Jose Ochoa,0,2025,2015-01-03,2024-12-14,0.01,1.09528416513599,0.326773554641813,0.344990513367658,0.322059562063542,0.305575665099217,0.302016435035446,0.36361072697363,0.32064366865649
2025-06-14,de277a4abcfeea46,d75b3d3c2b209b75,b9437600497350f3,f1b2aa7853d1ed6e,Joaquin Buckley,Kamaru Usman,0,2025,2015-01-03,2024-12-14,0.01,1.09528416513599,0.601731277787269,0.598715273580237,0.619265831366684,0.618136829292633,0.612081494220412,0.592335359099553,0.519335676301028
2025-06-14,de277a4abcfeea46,e5bd7e6e2a50a843,4144798612ef96e5,5f61780fe5e9b6d0,Edmen Shahbazyan,Andre Petroski,1,2025,2015-01-03,2024-12-14,0.01,1.09528416513599,0.510446878338955,0.505048261376725,0.494688048976263,0.505246829579204,0.50885029290817,0.510436614048601,0.491406482966527
2025-06-14,de277a4abcfeea46,e861e9cc0118c670,523fa774700d7d3f,c58f51dedb310998,Court McGee,Michael Chiesa,0,2025,2015-01-03,2024-12-14,0.01,1.09528416513599,0.195783350717104,0.19289999378664,0.186281539665196,0.182078559815583,0.164569726977112,0.184546106057214,0.210288960146447
2025-06-14,de277a4abcfeea46,ec2034b134ae71cd,46e2011d92463b7e,a495f599e787614f,Oumar Sy,Alonzo Menifield,0,2025,2015-01-03,2024-12-14,0.01,1.09528416513599,0.84701058781468,0.84693560805937,0.855713572623717,0.859226316790382,0.848162186154606,0.850149668006168,0.804049263119274
2025-06-14,de277a4abcfeea46,f6454f2e508626ec,2e45d08b3f2f02c8,9c27f3217891f3f0,Malcolm Wellmaker,Kris Moutinho,1,2025,2015-01-03,2024-12-14,0.01,1.09528416513599,0.843749245055818,0.853089730535136,0.885324748478624,0.857818022635861,0.868655284879966,0.777214653645343,0.756833272614514
2025-06-21,400c7b43c86d27d3,03bc32bdb5a33496,5444c5a201d3ee5a,749f572d1d3161fb,Jamahal Hill,Khalil Rountree Jr.,0,2025,2015-01-03,2024-12-14,0.01,1.09528416513599,0.68463846454148,0.680860314893433,0.673113028262825,0.689215467111153,0.694995855054809,0.721591529798548,0.737567007908673
2025-06-21,400c7b43c86d27d3,19764211af05674c,8d11d9c13e2ccdf7,fb37795db81f93f3,Muhammad Naimov,Bogdan Grad,1,2025,2015-01-03,2024-12-14,0.01,1.09528416513599,0.477695199202146,0.489711356576151,0.468773289990682,0.456622161277321,0.472046560394854,0.476024366659868,0.448538532983388
2025-06-21,400c7b43c86d27d3,2bfc0212f2cae65b,103e2e33a60683e1,9f5e3c20ce40b344,Irina Alekseeva,Klaudia Sygula,0,2025,2015-01-03,2024-12-14,0.01,1.09528416513599,0.451507307917462,0.467627919856723,0.460795602016839,0.438227525177697,0.447162066222277,0.491082562032755,0.501756007694966
2025-06-21,400c7b43c86d27d3,36ec204f47e4d613,ae81a3ac7b260411,bf2c8e01b07d3eb1,Tofiq Musayev,Myktybek Orolbai,0,2025,2015-01-03,2024-12-14,0.01,1.09528416513599,0.117706985353892,0.115759208213776,0.120163156431756,0.100595802434401,0.0974797526063252,0.11294438462536,0.158232140580401
2025-06-21,400c7b43c86d27d3,5fcf18bcd2a020f1,285ae0b4a68221f4,6a96ad1bc34fb113,JunYong Park,Ismail Naurdiev,1,2025,2015-01-03,2024-12-14,0.01,1.09528416513599,0.413396062194296,0.412736972726036,0.401460983856942,0.370687586461617,0.407123245746577,0.368276945924148,0.427406118949524
2025-06-21,400c7b43c86d27d3,7513a00037094075,37f560436d745c18,ff62013d2fce6d13,Nikolas Motta,Nazim Sadykhov,0,2025,2015-01-03,2024-12-14,0.01,1.09528416513599,0.396197985164966,0.381758646299756,0.38593252695077,0.40172546858067,0.403305090475089,0.402855737550094,0.40818150563706
2025-06-21,400c7b43c86d27d3,8c140756bf43dcc2,7f1bf0c255ec8756,f00ac08ab056af5d,Azat Maksum,Tagir Ulanbekov,0,2025,2015-01-03,2024-12-14,0.01,1.09528416513599,0.299750091254737,0.284787884329905,0.302460878810857,0.284652547498737,0.284720771887249,0.287644457459638,0.263427709910389
2025-06-21,400c7b43c86d27d3,8e5744c664fec3e9,739fd4fbb5d862f4,fa6796c55d6c5440,Rizvan Kuniev,Curtis Blaydes,0,2025,2015-01-03,2024-12-14,0.01,1.09528416513599,0.114916767890318,0.117294157329869,0.148626375907026,0.10250152155828,0.109495482834853,0.140474203393464,0.162179142161917
2025-06-21,400c7b43c86d27d3,a12d3a6c8aaf87ca,3329d692aea4dc28,da7f113b5ea39c43,Hamdy Abdelwahab,Mohammed Usman,0,2025,2015-01-03,2024-12-14,0.01,1.09528416513599,0.551925756633253,0.556098126392173,0.565653717223286,0.551034509219708,0.559960895363241,0.569741814020926,0.536649639349613
2025-06-21,400c7b43c86d27d3,a1afc16e21d1a807,c814b4c899793af6,e4a47b07044ddd72,Rafael Fiziev,Ignacio Bahamondes,1,2025,2015-01-03,2024-12-14,0.01,1.09528416513599,0.294284594242741,0.261339306164395,0.313107360453314,0.308011021494669,0.301265973884505,0.245876138863499,0.263336275851116
2025-06-21,400c7b43c86d27d3,e512b80bbaea36c2,4a07b1988477502c,6b56e94a59b7b134,Seokhyeon Ko,Oban Elliott,1,2025,2015-01-03,2024-12-14,0.01,1.09528416513599,0.208226689120713,0.191355954324222,0.198341056106052,0.205712819137707,0.210043520024344,0.222838436422516,0.234683355048804
2025-06-21,400c7b43c86d27d3,fff3218758c513b8,07047eb7d17fb0a2,bd532e9a2b93870c,Daria Zhelezniakova,Melissa Mullins,1,2025,2015-01-03,2024-12-14,0.01,1.09528416513599,0.656711070653512,0.650744158352823,0.656828275897665,0.663726061440572,0.611991276391865,0.599375629773605,0.551502114478794
2025-06-28,66766984842c13dc,043172689e415438,25f9a5f3e8a52618,ab2a4b5e04dc5fe9,Jhonata Diniz,Alvin Hines,1,2025,2015-01-03,2024-12-14,0.01,1.09528416513599,0.617219008723051,0.628652153226014,0.631054540857906,0.615518595375599,0.578833547121263,0.623349423874624,0.632438453814433
2025-06-28,66766984842c13dc,1ea9ad3b6e1cba79,08af939f41b5a57b,b6452706b373eea1,Beneil Dariush,Renato Moicano,1,2025,2015-01-03,2024-12-14,0.01,1.09528416513599,0.416264197166026,0.392812377630079,0.364371777046833,0.402193680536293,0.396426003422674,0.384635272449951,0.375912462825332
2025-06-28,66766984842c13dc,2f523b757f7f33a2,41cc71cbf210e0fe,7d6ceff6747f2de2,Hyder Amil,Jose Delgado,0,2025,2015-01-03,2024-12-14,0.01,1.09528416513599,0.45858518028073,0.475349122647408,0.449248120149914,0.459770146407763,0.476112846303727,0.438273270626334,0.477612813775536
2025-06-28,66766984842c13dc,7a64d63e12618ba7,07225ba28ae309b6,54f64b5e283b0ce7,Charles Oliveira,Ilia Topuria,0,2025,2015-01-03,2024-12-14,0.01,1.09528416513599,0.249839898075172,0.256098662261275,0.258867159305225,0.224405393333668,0.207267889727184,0.235801114686013,0.331391061054436
2025-06-28,66766984842c13dc,815ff62ca8e217be,36541f1e6c5d4955,68d4a891e5cf2029,Viviane Araujo,Tracy Cortez,0,2025,2015-01-03,2024-12-14,0.01,1.09528416513599,0.369306185030785,0.374739637052266,0.368090215593128,0.362702700888464,0.377732580671879,0.376203595067191,0.391831903795746
2025-06-28,66766984842c13dc,8308464729ea7c40,853eb0dd5c0e2149,a0f0004aadf10b71,Kai Kara-France,Alexandre Pantoja,0,2025,2015-01-03,2024-12-14,0.01,1.09528416513599,0.380508674649825,0.36095287085374,0.34080690236184,0.377519465981419,0.384954346392063,0.380699610224609,0.382613867179268
2025-06-28,66766984842c13dc,958522de54ccc536,0a1942069c9ad6b6,d1c65d2cf2925ddd,Jack Hermansson,Gregory Rodrigues,0,2025,2015-01-03,2024-12-14,0.01,1.09528416513599,0.548855076851278,0.532105015374728,0.559262990781286,0.58207993915573,0.544032546418168,0.552710155007711,0.514291294946514
2025-06-28,66766984842c13dc,9bff9fe298e63357,85497ffd934ecf7e,d8da10db80131bec,Jacobe Smith,Niko Price,1,2025,2015-01-03,2024-12-14,0.01,1.09528416513599,0.666975291686121,0.67054064227017,0.675028686763505,0.681978826070459,0.666480291522685,0.650391176512419,0.605746616961054
2025-06-28,66766984842c13dc,d7be78c400e7e0f9,19c591115a58982c,809bd1a871491508,Viacheslav Borshchev,Terrance McKinney,0,2025,2015-01-03,2024-12-14,0.01,1.09528416513599,0.381246506779942,0.369189841188971,0.407946229169483,0.379208967821076,0.350913184008263,0.271410135873116,0.265651101688863
2025-06-28,66766984842c13dc,f6a3c78f15ff26c7,6e743a33d56bdaa4,9256f591b30c073e,Payton Talbott,Felipe Lima,1,2025,2015-01-03,2024-12-14,0.01,1.09528416513599,0.368728804990787,0.368328620422663,0.35574308240755,0.337184885424107,0.330632199265613,0.339506856527652,0.404497770936693
2025-06-28,66766984842c13dc,f722b96ae6862843,17e97649403ba428,6e15f63b6c2e2c15,Joshua Van,Brandon Royval,1,2025,2015-01-03,2024-12-14,0.01,1.09528416513599,0.687957297594537,0.707708813910961,0.642611738194183,0.674224680639015,0.66777213418963,0.644732749849371,0.63066396123046
2025-07-12,7b03d9df5910917d,0adfc21045c02555,17923f676f100e16,d3df1add9d9a7efb,Tallison Teixeira,Derrick Lewis,0,2025,2015-01-03,2024-12-14,0.01,1.09528416513599,0.777489911971322,0.788649906794262,0.776435556759006,0.783961756264235,0.764166010405112,0.753429780481587,0.691134089965883
2025-07-12,7b03d9df5910917d,120d66cb0da0f3c3,3f4c3bc822bea45d,745fa7b605f8e2da,Melissa Martinez,Fatima Kline,0,2025,2015-01-03,2024-12-14,0.01,1.09528416513599,0.279297561895098,0.275712915494335,0.269876125138004,0.271089574168385,0.253169035157752,0.294108907912712,0.28751311876426
2025-07-12,7b03d9df5910917d,236f811290163dca,5442f1bc4b47eaf3,b0d6a1d8ac3d563d,Chris Curtis,Max Griffin,1,2025,2015-01-03,2024-12-14,0.01,1.09528416513599,0.513348666894496,0.526778207627761,0.553448172403145,0.501799677773267,0.512816566888071,0.521606995261432,0.565541796717909
2025-07-12,7b03d9df5910917d,2a03bc4c491b4c9a,01641ba5df0c69b0,4a28cb716c19157a,Gabriel Bonfim,Stephen Thompson,1,2025,2015-01-03,2024-12-14,0.01,1.09528416513599,0.879810181959038,0.880125588547815,0.881145334209622,0.886894879282994,0.884878436181862,0.854493702670194,0.79668754460433
2025-07-12,7b03d9df5910917d,46bc1338a50cbeac,729d4bd5a6cd0a97,de594b35c45c2e9a,Lauren Murphy,Eduarda Moura,0,2025,2015-01-03,2024-12-14,0.01,1.09528416513599,0.202166934909092,0.196068910039633,0.211186677894977,0.193208789328922,0.167104702442962,0.194752144545034,0.174996393142492
2025-07-12,7b03d9df5910917d,4b75d3b7738cb278,71171fc96445bf65,be9bdec19b7e9ffe,Vitor Petrino,Austen Lane,1,2025,2015-01-03,2024-12-14,0.01,1.09528416513599,0.790801527657505,0.805980163416515,0.795840830629116,0.797822123224777,0.826304244396973,0.825673283590924,0.788801703825239
2025-07-12,7b03d9df5910917d,4e5d4a36eaaa3a78,583ee11abddfc581,5b03b61f9d90125e,Nate Landwehr,Morgan Charriere,0,2025,2015-01-03,2024-12-14,0.01,1.09528416513599,0.294871050764815,0.289588787207468,0.293978002728257,0.281546437699264,0.25971251095982,0.280356774226735,0.275058074111996
2025-07-12,7b03d9df5910917d,5c650ae2193ab1bc,8667caa0451d245b,f5779a2303ed76ec,Kennedy Nzechukwu,Valter Walker,0,2025,2015-01-03,2024-12-14,0.01,1.09528416513599,0.570314954380777,0.557949585472255,0.566446384646294,0.563537719595968,0.5825706224155,0.57635782550367,0.596898536171226
2025-07-12,7b03d9df5910917d,7f33fbdc35afd721,e99eb0ef25885de5,fb3e61720be4690c,Mitch Ramirez,Mike Davis,0,2025,2015-01-03,2024-12-14,0.01,1.09528416513599,0.200170091806027,0.18737915413042,0.209658548268626,0.191992434743328,0.206245608982435,0.203694771942812,0.248610186348458
2025-07-12,7b03d9df5910917d,b19bf99c7eb796bc,3e8118c1ab52f211,c15fa95b9a12fde4,Tuco Tokkos,Junior Tafa,1,2025,2015-01-03,2024-12-14,0.01,1.09528416513599,0.390300611584406,0.374016859981941,0.360089945249087,0.385768165498359,0.396703961865741,0.342929580478369,0.351032013913975
2025-07-12,7b03d9df5910917d,d5e3be7a07c48b08,a845f0735bc67405,c68c68efaa5ca6ef,Jake Matthews,Chidi Njokuani,1,2025,2015-01-03,2024-12-14,0.01,1.09528416513599,0.562258033249604,0.560257158604729,0.545104932576677,0.539955179852066,0.563878129812633,0.617682944180128,0.573867057575296
2025-07-12,7b03d9df5910917d,f368475c366c6d85,751de04455cfaac0,97cf1a2c7c5e7889,Calvin Kattar,Steve Garcia,0,2025,2015-01-03,2024-12-14,0.01,1.09528416513599,0.288470951901349,0.270791240580364,0.265740980835753,0.247395076904317,0.266890349605616,0.21520637212604,0.250374311904142
2025-07-19,b8e2f10efb6eca85,182ee320edb1b5ed,0c25d0a5e8cdbf19,a67f5afa8d6a1b80,Lukasz Brzeski,Ryan Spann,0,2025,2015-01-03,2024-12-14,0.01,1.09528416513599,0.527663362886683,0.49003483244643,0.530636122067155,0.526865102109912,0.516905161389378,0.514619521445988,0.504619717341982
2025-07-19,b8e2f10efb6eca85,23c963be9de38205,2e5c2aa8e4ab9d82,9d83f6da776ff7d6,Paulo Costa,Roman Kopylov,1,2025,2015-01-03,2024-12-14,0.01,1.09528416513599,0.403202478209734,0.388862111730149,0.382282131730588,0.412847654165975,0.405510927567029,0.366961359849483,0.348562973533721
2025-07-19,b8e2f10efb6eca85,37bc72d5d211b189,a01a62132460a98d,e803242fb2e41112,Adam Fugitt,Islam Dulatov,0,2025,2015-01-03,2024-12-14,0.01,1.09528416513599,0.374180771348788,0.368128787676011,0.370928552295436,0.371244093777445,0.360331263226423,0.393677695232285,0.397245122292613
2025-07-19,b8e2f10efb6eca85,5dde61734080ac4a,3a46b268013afede,8a1f3b5c526cd6e6,Kevin Holland,Daniel Rodriguez,0,2025,2015-01-03,2024-12-14,0.01,1.09528416513599,0.717057623189244,0.71810457824032,0.742713381977058,0.748391828871716,0.734504060487875,0.676299662385916,0.647542614529356
2025-07-19,b8e2f10efb6eca85,72e477b41f44e358,0cd0456d6029cec2,2f815ed5f8278ba6,Robert Valentin,Ateba Gautier,0,2025,2015-01-03,2024-12-14,0.01,1.09528416513599,0.254399970386714,0.232835456589818,0.245752962276381,0.262417158080454,0.229391365326534,0.200222609147972,0.238369899254353
2025-07-19,b8e2f10efb6eca85,74099d470e8d2765,1e719d4b676dc19a,3eeec2f53cebdf12,Brunno Ferreira,Jackson McVey,1,2025,2015-01-03,2024-12-14,0.01,1.09528416513599,0.502157275368014,0.512555833518721,0.50655387383648,0.506787515508177,0.524906883166548,0.512453431334758,0.468404439638301
2025-07-19,b8e2f10efb6eca85,798652dbea086910,6370c1c1e12723d5,70e1f8a821b72c8b,Marcin Prachnio,Jimmy Crute,0,2025,2015-01-03,2024-12-14,0.01,1.09528416513599,0.273160898676269,0.278153419343077,0.263144025298502,0.273811186627168,0.245459277415307,0.263530803390828,0.270504669137111
2025-07-19,b8e2f10efb6eca85,8e1feda9141602f1,2f181c0467965b98,7acbb0972e75281a,Brendan Allen,Marvin Vettori,1,2025,2015-01-03,2024-12-14,0.01,1.09528416513599,0.696422394775634,0.702354562195917,0.698603575809503,0.694986596037199,0.660535113282042,0.626883839763327,0.609243542655559
2025-07-19,b8e2f10efb6eca85,a602c68147b752b2,f1ab6f37492c630a,fc0a4053eb8a3a59,Carli Judice,Nicolle Caliari,1,2025,2015-01-03,2024-12-14,0.01,1.09528416513599,0.587521091231449,0.604792825390718,0.580114632977758,0.579500718364208,0.595327809498751,0.667244020012343,0.628514162891139
2025-07-19,b8e2f10efb6eca85,a95b03e9b5a91e47,4148802ae4a50768,511e82663651438d,Daniel Zellhuber,Michael Johnson,0,2025,2015-01-03,2024-12-14,0.01,1.09528416513599,0.780763282231422,0.777077908634902,0.784059484705726,0.791966766428768,0.818286957915424,0.75284676859923,0.732300066252173
2025-07-19,b8e2f10efb6eca85,acc961fd5cf5c62e,82a5152216251682,98a58c26c5b1ed17,Dan Ige,Patricio Freire,0,2025,2015-01-03,2024-12-14,0.01,1.09528416513599,0.823741013665382,0.84167146430212,0.837650566359692,0.841638060106097,0.825764861105856,0.847293115282315,0.808364527281453
2025-07-19,b8e2f10efb6eca85,d2cb92fdf6a497e9,18d01f7f8338ae72,60425d07ef4b91a7,Vinicius Oliveira,Kyler Phillips,1,2025,2015-01-03,2024-12-14,0.01,1.09528416513599,0.473493861424068,0.481506099689385,0.507261095347733,0.463607970750124,0.438126639878452,0.495945464543731,0.520699068729412
2025-07-19,b8e2f10efb6eca85,d7507e2741fd4d05,029eaff01e6bb8f0,150ff4cc642270b9,Dustin Poirier,Max Holloway,0,2025,2015-01-03,2024-12-14,0.01,1.09528416513599,0.342163794118522,0.334266187311171,0.337789741685046,0.330195199017416,0.326994708496949,0.300487743206998,0.306089618816401
2025-07-19,b8e2f10efb6eca85,df2ed8b509fbdbdc,0f1efce7d2571d10,3920d0cc288f9b0d,Nikolay Veretennikov,Francisco Prado,1,2025,2015-01-03,2024-12-14,0.01,1.09528416513599,0.258731513844867,0.245761458621507,0.252927506561588,0.250537583081222,0.254913832638596,0.211434808138883,0.25751900746387
2025-07-26,28d8638ea0a71908,017a825c7820d12e,113df4fde64735c6,da22387a0407a2dc,Davey Grant,Da'Mon Blackshear,1,2025,2015-01-03,2024-12-14,0.01,1.09528416513599,0.262578921226229,0.24534405700104,0.233221309375338,0.256720817464607,0.255817030935357,0.279678716803984,0.293640094773554
2025-07-26,28d8638ea0a71908,0a598768f5c8d540,095854a135e6db55,8eb046f83e82bf26,Marcus Buchecha,Martin Buday,0,2025,2015-01-03,2024-12-14,0.01,1.09528416513599,0.393645632869351,0.356172742011116,0.379225411508586,0.428145334639877,0.426517426121492,0.377981324867721,0.360820098086324
2025-07-26,28d8638ea0a71908,23ddf51ce630028d,3753714927f18437,69037fc7730e4225,Mohammad Yahya,Steven Nguyen,0,2025,2015-01-03,2024-12-14,0.01,1.09528416513599,0.50399224903422,0.497339811720244,0.517786439500795,0.511882403979393,0.516422692563107,0.499904695652507,0.53053554330642
2025-07-26,28d8638ea0a71908,3e6067763978d862,beecb672a279223e,d25240135aee03e5,Amanda Ribas,Tabatha Ricci,0,2025,2015-01-03,2024-12-14,0.01,1.09528416513599,0.352804130749655,0.363710372298175,0.359542444064992,0.34809043705094,0.336590674462434,0.399261997404107,0.478806243774729
2025-07-26,28d8638ea0a71908,582d66ce97309e29,06734ca9d88dec3a,8e9eb3fc86db0f7d,Shara Magomedov,Marc-Andre Barriault,1,2025,2015-01-03,2024-12-14,0.01,1.09528416513599,0.755794304895023,0.764357108172787,0.770077084141051,0.763296938323202,0.761066795713102,0.816013519197631,0.80747658335893
2025-07-26,28d8638ea0a71908,6b8be0ee3e569ad2,d549cefc7c54ab78,e1147d3d2dabe1ce,Reinier de Ridder,Robert Whittaker,1,2025,2015-01-03,2024-12-14,0.01,1.09528416513599,0.619246626062422,0.628449953147441,0.652393144688537,0.638733194232046,0.601691667262986,0.59369379758025,0.536110072899405
2025-07-26,28d8638ea0a71908,77f960d82cda0b76,1091d4d957141094,ef5dcb10d2bd4b0f,Nikita Krylov,Bogdan Guskov,0,2025,2015-01-03,2024-12-14,0.01,1.09528416513599,0.693569324600931,0.672487569327654,0.682010904556067,0.712909932803225,0.678916937436597,0.643149060498427,0.549538392291529
2025-07-26,28d8638ea0a71908,7c075e3383198e14,28d421729451c8ca,447f9858ae78f921,Carlos Leal,Muslim Salikhov,0,2025,2015-01-03,2024-12-14,0.01,1.09528416513599,0.68022209884813,0.674664736573054,0.675238613412937,0.71309736696057,0.697961395161149,0.642310876486836,0.62949980942871
2025-07-26,28d8638ea0a71908,887c61da1a78a5e1,88be62d6c1e6dadb,8d3273573b85be09,Jose Ochoa,Asu Almabayev,0,2025,2015-01-03,2024-12-14,0.01,1.09528416513599,0.535192085538825,0.522569941606684,0.523547971123828,0.54215790811883,0.548110860055172,0.55466269573085,0.634603673332644
2025-07-26,28d8638ea0a71908,d4d4ee045b0ca695,c0ac37a4a1133da9,d661ce4da776fc20,Marcus McGhee,Petr Yan,0,2025,2015-01-03,2024-12-14,0.01,1.09528416513599,0.342076161482908,0.350374379094613,0.326280913008576,0.309582099507148,0.322077613763668,0.358416619969954,0.372944692244548
2025-07-26,28d8638ea0a71908,e72c691b7c68b03a,0fd5f4b838e890cc,d9c6f19f958643e9,Said Nurmagomedov,Bryce Mitchell,0,2025,2015-01-03,2024-12-14,0.01,1.09528416513599,0.518081879510496,0.496904311798366,0.519387705383591,0.508095472802514,0.54996060600323,0.466793663032234,0.456441367675633
2025-07-26,28d8638ea0a71908,f9dac7702609669f,07a74004d964c7f4,6e8f1bcdda94ff45,Billy Elekana,Ibo Aslan,1,2025,2015-01-03,2024-12-14,0.01,1.09528416513599,0.309514911908441,0.292104938939842,0.312065379600174,0.314448697681468,0.292688134995789,0.259537440417383,0.270873603124302
2025-08-02,f2c934689243fe4e,07c2af68b6dbc4ec,450bcab0968562c4,d3f89fa685bd8420,John Yannis,Austin Bashi,0,2025,2015-01-03,2024-12-14,0.01,1.09528416513599,0.242142240460236,0.250669719430305,0.249146137782744,0.2287936938373,0.24888064485909,0.285691882326513,0.301888407257252
2025-08-02,f2c934689243fe4e,111e66eb922449e4,239d8e5359022f3b,d964a59c48381cb6,Kevin Vallejos,Danny Silva,1,2025,2015-01-03,2024-12-14,0.01,1.09528416513599,0.480441241477601,0.469062817314888,0.467483350754395,0.481423365518699,0.536431173643107,0.502234085090327,0.535617587398766
2025-08-02,f2c934689243fe4e,282c8c6c1ed82bfb,4461d7e47375a895,b671bdf981ad527d,Tatsuro Taira,HyunSung Park,1,2025,2015-01-03,2024-12-14,0.01,1.09528416513599,0.683883891036245,0.680369449157934,0.680913171414566,0.686364525107755,0.672886095679533,0.665704041139432,0.666332284468354
2025-08-02,f2c934689243fe4e,426a69e343822ab3,849c5d9979df5357,fd406a32a6fb3a29,Mateusz Rebecki,Chris Duncan,0,2025,2015-01-03,2024-12-14,0.01,1.09528416513599,0.394453517594655,0.398757311999019,0.403020047795947,0.374738517322852,0.377782390598326,0.429881129888346,0.441198902490602
2025-08-02,f2c934689243fe4e,45781930d64da456,147e70aa6cc48cfc,260e9e0d4954aea6,Tresean Gore,Rodolfo Vieira,0,2025,2015-01-03,2024-12-14,0.01,1.09528416513599,0.192526770028295,0.195099470682793,0.195290895838909,0.1829040994309,0.189304457547754,0.210723457285563,0.217232850554267
2025-08-02,f2c934689243fe4e,878941394f9e3538,323d4ca260dfa0ba,48a9a128784d53d1,Esteban Ribovics,Elves Brener,1,2025,2015-01-03,2024-12-14,0.01,1.09528416513599,0.592082700147823,0.592244557377644,0.583021001600242,0.605808508116826,0.632231001852405,0.674328427844464,0.675172945542391
2025-08-02,f2c934689243fe4e,ac57250e3de89d5d,84b3e7d38f2d2ec5,8adcbd525fab8d9b,Neil Magny,Elizeu Zaleski dos Santos,1,2025,2015-01-03,2024-12-14,0.01,1.09528416513599,0.563203332909127,0.555733056787931,0.555710577071029,0.575596678986555,0.588851176624749,0.593490563424625,0.594568305615003
2025-08-02,f2c934689243fe4e,b3c695728e177fd4,22e07d3da1aa3475,7eaa5e31c2dd86aa,Andrey Pulyaev,Nick Klein,1,2025,2015-01-03,2024-12-14,0.01,1.09528416513599,0.454087616314203,0.462677353353429,0.456698978255296,0.442461644995467,0.533909928507691,0.554050389580404,0.640787963453825
2025-08-02,f2c934689243fe4e,b47db03affb279c3,53c10176e3bc7416,83455a9d17f57dae,Felipe Bunes,Rafael Estevam,0,2025,2015-01-03,2024-12-14,0.01,1.09528416513599,0.217793220093821,0.203749093784297,0.210920832548101,0.214593437893121,0.217859720919115,0.253501065147517,0.297547695934341
2025-08-02,f2c934689243fe4e,c62ed8a6002b5360,351c4ec637380ad5,f2b3f4ef3f780168,Karol Rosa,Nora Cornolle,1,2025,2015-01-03,2024-12-14,0.01,1.09528416513599,0.371697093588038,0.371192573673928,0.351662484632172,0.361239787442936,0.358601469090377,0.37151073857968,0.381686677116662
2025-08-02,f2c934689243fe4e,d98d6b2c13557a87,8bd4200561c77a62,e375cb5caf4717b6,Ketlen Souza,Piera Rodriguez,0,2025,2015-01-03,2024-12-14,0.01,1.09528416513599,0.561006306590469,0.552391390982436,0.570795927876446,0.569217631532504,0.617654283675903,0.60142898701711,0.60901944802446
2025-08-02,f2c934689243fe4e,eeeffa7f514e0c0e,a2d342ffc83913ed,d8c811df0386d5e8,Nathan Fletcher,Rinya Nakamura,0,2025,2015-01-03,2024-12-14,0.01,1.09528416513599,0.682718396834426,0.668728180397393,0.661493054457655,0.707384985943636,0.717513867071212,0.598292888245215,0.553940458312487
2025-08-09,6cd3dfc54f01287f,37d58369782cb86b,32ab52e5de93092d,6d68c1afe954f121,Steve Erceg,Ode Osbourne,1,2025,2015-01-03,2024-12-14,0.01,1.09528416513599,0.787914335057968,0.786367743946881,0.787855230433906,0.792678380058351,0.783733114797824,0.749066971670361,0.724817515377084
2025-08-09,6cd3dfc54f01287f,3d6571790c21527c,09a4447655fd4b7b,6add18754930182b,Rafael Cerqueira,Julius Walker,0,2025,2015-01-03,2024-12-14,0.01,1.09528416513599,0.152611435492244,0.146196167926784,0.1552103600996,0.143431748638839,0.14112719030643,0.163072242139658,0.170095665590788
2025-08-09,6cd3dfc54f01287f,646c79a7ecd12e5f,abcf2cc6efc42031,f0feeb2192937424,Iasmin Lucindo,Angela Hill,1,2025,2015-01-03,2024-12-14,0.01,1.09528416513599,0.802025296654494,0.811317038069421,0.805082206687241,0.806470122526546,0.81342349933445,0.819980458371856,0.810388638819913
2025-08-09,6cd3dfc54f01287f,68fe62bac7fd8bb0,093e1f5bb73850be,327d5f279895110d,Anthony Hernandez,Roman Dolidze,1,2025,2015-01-03,2024-12-14,0.01,1.09528416513599,0.85225110002378,0.849292901357454,0.861156365525164,0.869380636193603,0.870460601523729,0.860823050597989,0.834361712264232
2025-08-09,6cd3dfc54f01287f,6ef50ed03b116b60,a6eb54ae17a551be,a78a87d8c2bbb1cb,Gabriella Fernandes,Julija Stoliarenko,1,2025,2015-01-03,2024-12-14,0.01,1.09528416513599,0.640061966850991,0.644247478760119,0.64104983807592,0.622050391634606,0.624676956853612,0.664756965123589,0.643554655722904
2025-08-09,6cd3dfc54f01287f,75a84211f50c53f5,a93f94c923c3a9cb,cad24459b28592ca,Christian Leroy Duncan,Eryk Anders,1,2025,2015-01-03,2024-12-14,0.01,1.09528416513599,0.706810378232597,0.716689668163973,0.705841377073334,0.727921543935649,0.711132747017948,0.724340107152272,0.724931608887382
2025-08-09,6cd3dfc54f01287f,7d923267c44dd93b,681399317dbf4701,b12fb759e02378de,Uros Medic,Gilbert Urbina,1,2025,2015-01-03,2024-12-14,0.01,1.09528416513599,0.483457006437994,0.495323472346918,0.507484796364562,0.484695293119824,0.491580473985367,0.547845772325697,0.537628822694932
2025-08-09,6cd3dfc54f01287f,857e8facd8ff7c36,9508cc6184cb2450,f14f644d41ade29f,Eric McConico,Cody Brundage,1,2025,2015-01-03,2024-12-14,0.01,1.09528416513599,0.484407129884685,0.442199980173983,0.464105219142211,0.485497270110557,0.484539933842284,0.457201093068513,0.471865747307669
2025-08-09,6cd3dfc54f01287f,98d6771af9b0ebe5,5ec591b78349ba7e,8fd808923cffff82,Christian Rodriguez,Andre Fili,0,2025,2015-01-03,2024-12-14,0.01,1.09528416513599,0.787972791557565,0.798510906414692,0.788890699678772,0.780424295553336,0.782713499755278,0.78406457549257,0.786574366605576
2025-08-09,6cd3dfc54f01287f,ae7a8f19743e8154,148bb103cfbf123e,7478b7f959ba61f5,Toshiomi Kazama,Elijah Smith,0,2025,2015-01-03,2024-12-14,0.01,1.09528416513599,0.219382544482558,0.206506955289473,0.222281941783215,0.218899547769581,0.225943701536294,0.253784018552989,0.30394286538474
2025-08-09,6cd3dfc54f01287f,aef44145740741b3,b1e5bcaad32a3cac,f9ab66e67240db7b,Priscila Cachoeira,Joselyne Edwards,0,2025,2015-01-03,2024-12-14,0.01,1.09528416513599,0.12995853563683,0.123026306685817,0.133395388468858,0.116958163196218,0.11172687639858,0.0997232639678399,0.155162481024837
2025-08-09,6cd3dfc54f01287f,ed5383b50ffcdded,46e0d677f91bacc0,ffd3224638c01b57,Miles Johns,Jean Matsumoto,0,2025,2015-01-03,2024-12-14,0.01,1.09528416513599,0.44662015089803,0.451669923018036,0.454081390180238,0.45579530456864,0.493339116547198,0.473875110347545,0.500331114372805
2025-08-16,421ccfc6ddb17958,12cedec11b37ddc0,0d7b51c9d2649a6e,767755fd74662dbf,Dricus Du Plessis,Khamzat Chimaev,0,2025,2015-01-03,2024-12-14,0.01,1.09528416513599,0.423827174225284,0.44424892744317,0.467515299982223,0.407799853687644,0.384429031582923,0.40271312675385,0.449345099670769
2025-08-16,421ccfc6ddb17958,1d8dc0fb5d47357f,262a7d06203657e6,971246648e162f0d,Alexander Hernandez,Chase Hooper,1,2025,2015-01-03,2024-12-14,0.01,1.09528416513599,0.216812239705902,0.21524984465821,0.233505691084603,0.209123863099093,0.211680568471802,0.237296074793259,0.246865985682993
2025-08-16,421ccfc6ddb17958,42585ce706c086de,7ee0fd831c0fe7c3,b997be68943010fc,Carlos Prates,Geoff Neal,1,2025,2015-01-03,2024-12-14,0.01,1.09528416513599,0.649382837647813,0.654433406186333,0.66821752970407,0.647570197504399,0.652695379054745,0.604645492114413,0.592745610245309
2025-08-16,421ccfc6ddb17958,5b880d10b0ed7acc,0d65c432720accb9,6ac9bc2953c47345,Michal Oleksiejczuk,Gerald Meerschaert,1,2025,2015-01-03,2024-12-14,0.01,1.09528416513599,0.564550842245632,0.576947660804483,0.572324393122615,0.557700888030455,0.561749866818524,0.622677055963752,0.622909325651992
2025-08-16,421ccfc6ddb17958,5efd13a12be06706,64b12fe31be7560c,d1feea7a4bdcd503,Eric Nolan,Baisangur Susurkaev,0,2025,2015-01-03,2024-12-14,0.01,1.09528416513599,0.412933799392811,0.41114564339755,0.41569954427605,0.414122930118884,0.416542728017275,0.418811575355501,0.428919129009644
2025-08-16,421ccfc6ddb17958,68c423c7119004f3,2fe9032955c2e013,30cad5a751adcb48,Joseph Morales,Alibi Idiris,1,2025,2015-01-03,2024-12-14,0.01,1.09528416513599,0.487863660899927,0.486400510810779,0.461129724549771,0.510100980534205,0.507687208945999,0.53527813007092,0.517698171522003
2025-08-16,421ccfc6ddb17958,82338ba457fbe87f,c96d9178c9ed9e62,d33da8a3d82bdb62,Tim Elliott,Kai Asakura,1,2025,2015-01-03,2024-12-14,0.01,1.09528416513599,0.416142546836354,0.430991016282278,0.362335474686532,0.39467512857289,0.360950650633632,0.431918116395613,0.454866101878169
2025-08-16,421ccfc6ddb17958,88020d22cf905792,27b388f0aab49780,9d62c2d8ee151f08,Dione Barbosa,Karine Silva,0,2025,2015-01-03,2024-12-14,0.01,1.09528416513599,0.436772074665961,0.442924103397203,0.434952555350099,0.430375765365275,0.462713702729983,0.452122627533939,0.464937061484997
2025-08-16,421ccfc6ddb17958,9939d7073462e07e,13a0275fa13c4d26,a67d071163962af8,Jared Cannonier,Michael Page,0,2025,2015-01-03,2024-12-14,0.01,1.09528416513599,0.426640813626658,0.428851696082349,0.422585713979475,0.417246419661298,0.358943456618975,0.374691239846685,0.395023241249947
2025-08-16,421ccfc6ddb17958,9fa6a029f7f8241c,396fe87b84ac2e1c,5537efc6e496dd84,Lerone Murphy,Aaron Pico,1,2025,2015-01-03,2024-12-14,0.01,1.09528416513599,0.821110807583735,0.83852939403249,0.83133092666964,0.828947221781857,0.829016579022286,0.782465033043933,0.779013276676353
2025-08-16,421ccfc6ddb17958,a2eafd9e1d5031b1,6a1901c62ab3870f,8e5d953bdb9ae5e7,Jessica Andrade,Loopy Godinez,0,2025,2015-01-03,2024-12-14,0.01,1.09528416513599,0.513916458047017,0.494375603480902,0.508292246024002,0.559220874258777,0.551463442747295,0.477592984141369,0.478418497679437
2025-08-16,421ccfc6ddb17958,bc63f1b2e52f603e,64a50dad704d1d49,7cbf7c78d3b34218,Edson Barboza,Drakkar Klose,0,2025,2015-01-03,2024-12-14,0.01,1.09528416513599,0.384150092887771,0.386183090516724,0.465424697338726,0.369517050944466,0.320915409884074,0.372973858835703,0.347987374187678
2025-08-23,754968e325d6f60d,0b1460c666e66d39,8c1ca54b5089d199,b2a78df161bd67f9,Maheshate,Gauge Young,0,2025,2015-01-03,2024-12-14,0.01,1.09528416513599,0.346995735591685,0.352513429913168,0.348267410583536,0.327466712096716,0.323339068796884,0.342523367467996,0.317724822439931
2025-08-23,754968e325d6f60d,130e622d4d2aee3e,595db60957de51d3,d6c0cdd7e467c440,Michel Pereira,Kyle Daukaus,0,2025,2015-01-03,2024-12-14,0.01,1.09528416513599,0.716723003259385,0.732501196075893,0.75556735548825,0.721418631237518,0.702092549144024,0.674029005508221,0.649090558497577
2025-08-23,754968e325d6f60d,1452c20d964c0a63,4729c93ba705a3bf,7498b3ac79a3b948,Kiefer Crosbie,Taiyilake Nueraji,0,2025,2015-01-03,2024-12-14,0.01,1.09528416513599,0.264922659189129,0.250598718986005,0.260957766147096,0.261418341171986,0.257914109032042,0.238042766414717,0.287962427219906
2025-08-23,754968e325d6f60d,1ab1ed99a4bc5494,814e5233e2acf2ee,bb2c3c3a466224af,Charles Johnson,Lone'er Kavanagh,1,2025,2015-01-03,2024-12-14,0.01,1.09528416513599,0.51568361078743,0.508821018551806,0.509090334039464,0.526536816971949,0.497822941144571,0.440401024338925,0.452595837751692
2025-08-23,754968e325d6f60d,2eecf0c36192e40c,8a65fd9ba31fd3f7,c21f26bbde777573,Zhang Mingyang,Johnny Walker,0,2025,2015-01-03,2024-12-14,0.01,1.09528416513599,0.722145876762398,0.735747063851944,0.719193705194911,0.730882826704306,0.693434230731612,0.712519688708998,0.732787504678981
2025-08-23,754968e325d6f60d,2f6065fe0804d1d8,86bace9e4ad85542,a474aade8eb3a8f0,Xiao Long,SuYoung You,0,2025,2015-01-03,2024-12-14,0.01,1.09528416513599,0.387274093263336,0.36948814799643,0.362856716523106,0.391873542443454,0.41545285111049,0.364963748805831,0.349490024980653
2025-08-23,754968e325d6f60d,5538d15c4eeac3b3,f14cf73e51b29254,fc08099550072fe4,Sergei Pavlovich,Waldo Cortes-Acosta,1,2025,2015-01-03,2024-12-14,0.01,1.09528416513599,0.59543892714684,0.589762955680155,0.603827773872362,0.597055248527553,0.609859933464423,0.619439062679021,0.655012891749976
2025-08-23,754968e325d6f60d,58080e8989927500,cb696ebfb6598724,def8166ff24bd237,Aljamain Sterling,Brian Ortega,1,2025,2015-01-03,2024-12-14,0.01,1.09528416513599,0.718332367026396,0.721477231220804,0.707195386604403,0.723750714428077,0.734313331955649,0.787055465399932,0.755849453496342
2025-08-23,754968e325d6f60d,7fc5f1dc2df84ac7,02f484417a6fa69d,709fadb644ee3f51,Uran Satybaldiev,Diyar Nurgozhay,1,2025,2015-01-03,2024-12-14,0.01,1.09528416513599,0.530445749517564,0.537102716616941,0.54032826502844,0.53483678079517,0.538451533702668,0.528453540797768,0.562772542917559
2025-08-23,754968e325d6f60d,ce6bd165bef82bd7,34b96d52db1d26e6,3cf18e01cb6cbde3,Kevin Borjas,Sumudaerji,0,2025,2015-01-03,2024-12-14,0.01,1.09528416513599,0.325640706854058,0.329988421144787,0.327190385251561,0.306830205469693,0.337225236385768,0.297795788047422,0.318970413523414
2025-08-23,754968e325d6f60d,f0b7caa90faf47e5,3f11fd1751fa83b1,7b3503352cd53abb,Yizha,Westin Wilson,1,2025,2015-01-03,2024-12-14,0.01,1.09528416513599,0.630400238459488,0.628732335755342,0.609090975904098,0.638509095125416,0.6690962655332,0.667485720802643,0.678982571643253
2025-08-23,754968e325d6f60d,f55749e32ce5c6f3,a13d755965a4ec9f,d2cd7a69cc55e7ed,Rongzhu,Austin Hubbard,1,2025,2015-01-03,2024-12-14,0.01,1.09528416513599,0.531161881005993,0.553581264812403,0.486107758354074,0.502584013001448,0.525777200132804,0.586964734738138,0.635836418460164
2025-09-06,6e380a4d73ab4f0e,0149e875b31e57f8,476fe566d2df676e,eabf206b162b3b83,Modestas Bukauskas,Paul Craig,1,2025,2015-01-03,2024-12-14,0.01,1.09528416513599,0.627575071742347,0.650578577131831,0.636397103909462,0.612770717150284,0.650374580565896,0.652913475599526,0.66323981603517
2025-09-06,6e380a4d73ab4f0e,23dbe713c4294c66,7d8435c56043b0ae,c9cf753cfdf77fc2,Ante Delija,Marcin Tybura,1,2025,2015-01-03,2024-12-14,0.01,1.09528416513599,0.330323581714888,0.309096967760653,0.340358658343404,0.33709966741259,0.349729964991097,0.352957382712542,0.314267002433223
2025-09-06,6e380a4d73ab4f0e,4080b4310d82b42d,46e2011d92463b7e,49edd0d90f60fb7d,Oumar Sy,Brendson Ribeiro,1,2025,2015-01-03,2024-12-14,0.01,1.09528416513599,0.846435535064222,0.851600865463915,0.854773466516054,0.85410021877597,0.835947824187127,0.781491916391513,0.795086684152688
2025-09-06,6e380a4d73ab4f0e,420211200a35c1d1,31dbfbe4e7a6727c,8b6e5dc2ba1edbe7,Trey Waters,Sam Patterson,0,2025,2015-01-03,2024-12-14,0.01,1.09528416513599,0.488943080171721,0.489581986132433,0.478854073986961,0.489663581182873,0.510983344530291,0.539712090237791,0.533068579059396
2025-09-06,6e380a4d73ab4f0e,5bcd8abf6da01dae,4126a78111c0855a,881bf86d4cba8578,Caio Borralho,Nassourdine Imavov,0,2025,2015-01-03,2024-12-14,0.01,1.09528416513599,0.407761554700605,0.403201324538102,0.403404729611413,0.388522675184784,0.404862641608709,0.475895706069784,0.437622306690746
2025-09-06,6e380a4d73ab4f0e,5cd2dd6075fadcce,2dbc60c52de126d8,ec13c393d029297d,Harry Hardwick,Kaue Fernandes,0,2025,2015-01-03,2024-12-14,0.01,1.09528416513599,0.317005111164854,0.305979937837896,0.31402028971509,0.311165966052483,0.32715480081435,0.352563452004609,0.369025485016838
2025-09-06,6e380a4d73ab4f0e,69b31593175f77ec,4bdedbdeedff7d1d,f6ad6a1e4d600e0d,Bolaji Oki,Mason Jones,0,2025,2015-01-03,2024-12-14,0.01,1.09528416513599,0.50486054182721,0.50485624765439,0.546045028811948,0.490069996649782,0.482316739915223,0.514844004587878,0.493594037198867
2025-09-06,6e380a4d73ab4f0e,a38010639e61885c,9c442aaf149ea982,e94085e821bd81de,Shauna Bannon,Sam Hughes,0,2025,2015-01-03,2024-12-14,0.01,1.09528416513599,0.409663775509965,0.412230946601486,0.395624365596009,0.398706939871317,0.377141992594363,0.435563709440075,0.468395958810108
2025-09-06,6e380a4d73ab4f0e,a47123ae6e048f11,1d2d98ddd05b38fb,f748267c4ab6c127,Axel Sola,Rhys McKee,1,2025,2015-01-03,2024-12-14,0.01,1.09528416513599,0.552420528444845,0.552715079281651,0.579679694799478,0.551215801594818,0.547401185384551,0.541961043406223,0.580068371913479
2025-09-06,6e380a4d73ab4f0e,b3253e2c2d111030,0c6d9ea8306c029e,f96856f9d69fd7e4,Brad Tavares,Robert Bryczek,0,2025,2015-01-03,2024-12-14,0.01,1.09528416513599,0.58242159796225,0.597206401810319,0.591573601855852,0.577826223014028,0.585801972663418,0.647898198478582,0.61263571361799
2025-09-06,6e380a4d73ab4f0e,b53031bf4bd0a330,92aed9d16794f42b,e1d40e8782d80bc2,Robert Ruchala,William Gomis,0,2025,2015-01-03,2024-12-14,0.01,1.09528416513599,0.233300133175997,0.21817754510599,0.216417295347574,0.227602178781643,0.224255515145715,0.219937936416017,0.219015188389774
2025-09-06,6e380a4d73ab4f0e,d14fea43712707f0,9c393e836a852f30,c2299ec916bc7c56,Mauricio Ruffy,Benoit Saint Denis,0,2025,2015-01-03,2024-12-14,0.01,1.09528416513599,0.44674292694977,0.440055047569108,0.481504774190804,0.457254991845134,0.502024012554375,0.511693131981081,0.487251514141482
2025-09-06,6e380a4d73ab4f0e,d56a59a4c79cf515,2caf993f53541fa1,8f765fd5775a8873,Andreas Gustafsson,Rinat Fakhretdinov,0,2025,2015-01-03,2024-12-14,0.01,1.09528416513599,0.362903119829563,0.351686272483636,0.359406125645662,0.368574877055342,0.352183583145063,0.383160655797834,0.408108069010639
2025-09-13,5efaaf313b652dd7,07a378b257aad5a9,866fd7b1a6c90e7f,baa9be02c3e3e038,Dusko Todorovic,Jose Daniel Medina,1,2025,2015-01-03,2024-12-14,0.01,1.09528416513599,0.615060991821405,0.625885853335072,0.620663598764793,0.642038266382468,0.654025769450666,0.664027272943073,0.657238337074989
2025-09-13,5efaaf313b652dd7,114d2f6fcd3f6f00,71505842fb6455c3,8c0580d4fff106c1,Dustin Stoltzfus,Kelvin Gastelum,0,2025,2015-01-03,2024-12-14,0.01,1.09528416513599,0.458469139987081,0.440048893062791,0.437876520504536,0.484166147924993,0.460838448881843,0.378664438289049,0.358124489829209
2025-09-13,5efaaf313b652dd7,202c47db69768356,262a7d06203657e6,f53d4f21d1b5f2dc,Alexander Hernandez,Diego Ferreira,1,2025,2015-01-03,2024-12-14,0.01,1.09528416513599,0.575507253932145,0.590279050822325,0.595964569197868,0.604498793976874,0.611649486882536,0.570713328841472,0.522088946584223
2025-09-13,5efaaf313b652dd7,352839a03b428e74,ae7fe94f117f98cf,d747eb273a40a920,Joaquim Silva,Claudio Puelles,1,2025,2015-01-03,2024-12-14,0.01,1.09528416513599,0.259928468546763,0.2702285928683,0.266810386502833,0.249957115239669,0.237059082664609,0.269604523177146,0.298953366252763
2025-09-13,5efaaf313b652dd7,3dc1a6335d890650,29162be25ebef5f0,c051c2e12d692b8a,Luis Gurule,Jesus Aguilar,0,2025,2015-01-03,2024-12-14,0.01,1.09528416513599,0.251439203306687,0.243789900184618,0.235904746449696,0.247810986692018,0.226311164011082,0.245880790218374,0.283713646465863
2025-09-13,5efaaf313b652dd7,3dd2fde7bff79c51,70dd69b6a703257e,c06d6b18862f9a53,Daniil Donchenko,Rodrigo Sezinando,1,2025,2015-01-03,2024-12-14,0.01,1.09528416513599,0.564218913790253,0.565948126316299,0.559519850727478,0.56003283229211,0.558426953308364,0.561581415777271,0.560773595356978
2025-09-13,5efaaf313b652dd7,7cbfeba85f86d1bf,7026eca45f65377b,e132d47bd9efbbe0,Jared Gordon,Rafa Garcia,0,2025,2015-01-03,2024-12-14,0.01,1.09528416513599,0.519877541042368,0.487770881389108,0.506896993499611,0.548060066252781,0.535600851200797,0.508988404082718,0.446429310841242
2025-09-13,5efaaf313b652dd7,8a884a7930d75ca9,32feae6d9a1e5047,faf317c665546a36,Quang Le,Santiago Luna,0,2025,2015-01-03,2024-12-14,0.01,1.09528416513599,0.328599530952764,0.328488235362397,0.337517007591157,0.343510510077051,0.375429454564708,0.39476797682999,0.377569755659811
2025-09-13,5efaaf313b652dd7,944b929130b23c2a,05339613bf8e9808,9a97acbfd5a08bfa,Rob Font,David Martinez,0,2025,2015-01-03,2024-12-14,0.01,1.09528416513599,0.476887554705844,0.484166732749455,0.458951403628045,0.492510519256764,0.500401916208533,0.480786037874711,0.529881267487169
2025-09-13,5efaaf313b652dd7,9474f64347aade7a,3df5493bb279226f,b08012bbe542592a,Amanda Lemos,Tatiana Suarez,0,2025,2015-01-03,2024-12-14,0.01,1.09528416513599,0.141250683396233,0.149491461199241,0.155353905515249,0.117326631126064,0.118581573416133,0.156265918231849,0.188387556512645
2025-09-13,5efaaf313b652dd7,a1e193425e716b42,3fa97913cfd205d3,5e9ca8dd7d783a75,Alessandro Costa,Alden Coria,0,2025,2015-01-03,2024-12-14,0.01,1.09528416513599,0.570527589233938,0.569349857678343,0.57534890777335,0.577179892203243,0.573744564250194,0.574355736828689,0.590746285397783
2025-09-13,5efaaf313b652dd7,c4a6174b0698652e,60193e707634e560,81d2c551886bd5a1,Montse Rendon,Alice Pereira,1,2025,2015-01-03,2024-12-14,0.01,1.09528416513599,0.2462154660479,0.252020075339457,0.252711260708052,0.243222500116428,0.25873858659231,0.271549742486555,0.27634616007256
2025-09-13,5efaaf313b652dd7,de1a3734be60e6a1,52ef95b5860fb28c,f166e93d04a8c274,Jean Silva,Diego Lopes,0,2025,2015-01-03,2024-12-14,0.01,1.09528416513599,0.57913853456263,0.584524843442423,0.582574586173152,0.580946096062002,0.63520192508281,0.630740153689735,0.617977663542693
2025-09-27,ed220e87bef0cc64,140937779a2466a7,87e4a3a5080ee7ce,d0fd0d9ee560dae7,Elisha Ellison,Brando Pericic,0,2025,2015-01-03,2024-12-14,0.01,1.09528416513599,0.522574310279138,0.519909496331174,0.520018985052575,0.523410460430666,0.526385171676246,0.537676216000251,0.529579042349534
2025-09-27,ed220e87bef0cc64,1ff24d5f760e0491,84b3e7d38f2d2ec5,a845f0735bc67405,Neil Magny,Jake Matthews,1,2025,2015-01-03,2024-12-14,0.01,1.09528416513599,0.306619626737363,0.316090418962302,0.306178657205646,0.307226629126235,0.308216416321696,0.331858375499144,0.364433821469447
2025-09-27,ed220e87bef0cc64,38248c5d13f273e6,a9da3158dd2c2b5a,c5ccd878231c5407,Jack Jenkins,Ramon Taveras,1,2025,2015-01-03,2024-12-14,0.01,1.09528416513599,0.507504569304976,0.502877824330126,0.478059431165612,0.488634920946236,0.466442386140109,0.55493885093861,0.517115568771513
2025-09-27,ed220e87bef0cc64,44cd8c9f622e155f,528b071cf3da7c56,ca80d72da81d7224,Luana Carolina,Michelle Montague,0,2025,2015-01-03,2024-12-14,0.01,1.09528416513599,0.541574607664913,0.563348423279951,0.559719197368452,0.545936140146766,0.555343982571417,0.539291006509586,0.560963306842644
2025-09-27,ed220e87bef0cc64,81127436605d3c88,723b64c0e9a8f348,ed7d329d7c29428d,Josias Musasa,Colby Thicknesse,0,2025,2015-01-03,2024-12-14,0.01,1.09528416513599,0.418983306034158,0.413617746532498,0.420692070913126,0.415426525808536,0.432518278263938,0.445987502460407,0.444076609536692
2025-09-27,ed220e87bef0cc64,8abad36b4c5e4070,6c3b2525436cf5d4,b39f7a6c2be17ee8,Tom Nolan,Charlie Campbell,1,2025,2015-01-03,2024-12-14,0.01,1.09528416513599,0.408785365608414,0.407627168599819,0.391326825021909,0.400108938518965,0.441495524013868,0.436096881090776,0.475767185915117
2025-09-27,ed220e87bef0cc64,93a0a19c2c1cfe66,5f61780fe5e9b6d0,8ebc3a8da015d70c,Andre Petroski,Cam Rowston,0,2025,2015-01-03,2024-12-14,0.01,1.09528416513599,0.584802812641251,0.603271844886914,0.577828289088174,0.567374642096809,0.561665491580011,0.608344204483888,0.598289027285177
2025-09-27,ed220e87bef0cc64,a3ee907c77544cde,2e19380f34871c6a,9014c02eff8b3d62,Dominick Reyes,Carlos Ulberg,0,2025,2015-01-03,2024-12-14,0.01,1.09528416513599,0.466019654505344,0.46356076335574,0.479394031221734,0.459163078833601,0.448430127051514,0.473968262866597,0.532405608101645
2025-09-27,ed220e87bef0cc64,dc31d3260dea7dcf,69898645d600abdb,b4b496ec2197ee3e,Rodolfo Bellato,Navajo Stirling,0,2025,2015-01-03,2024-12-14,0.01,1.09528416513599,0.38235216370971,0.360896551186674,0.387316831921003,0.398581722502803,0.392421736740546,0.285338973130128,0.335844740098147
2025-09-27,ed220e87bef0cc64,e2dc4fb7b5c0ce76,40a456a25d52ee65,af9f42e6894047fc,Rolando Bedoya,Jamie Mullarkey,0,2025,2015-01-03,2024-12-14,0.01,1.09528416513599,0.549401059539715,0.544261639363658,0.558100542035446,0.572803962886168,0.58657343380496,0.571999128669338,0.59834539195084
2025-09-27,ed220e87bef0cc64,e35f7504d83b8b07,4e30e4250cb08b61,545092d13c67aa49,Loma Lookboonmee,Alexia Thainara,0,2025,2015-01-03,2024-12-14,0.01,1.09528416513599,0.427938192008351,0.429498030483745,0.385551398602052,0.413875830758184,0.41865747537187,0.422529762583612,0.424564731921977
2025-09-27,ed220e87bef0cc64,f5fb8b182020c59d,64ad3e3b0efa30bb,70e1f8a821b72c8b,Ivan Erslan,Jimmy Crute,0,2025,2015-01-03,2024-12-14,0.01,1.09528416513599,0.380509423145219,0.363543631799779,0.383185804385508,0.390158614211002,0.408328750672989,0.294116564421356,0.339420671393574
2025-10-04,8944a0f9b2f0ce6d,0de1ef0b9f3a79c0,d802174b0c0c1f4e,e5549c82bfb5582d,Magomed Ankalaev,Alex Pereira,0,2025,2015-01-03,2024-12-14,0.01,1.09528416513599,0.524169298308528,0.530014283313472,0.536787796054603,0.547271656603975,0.600575065118637,0.570078124397488,0.594818033131059
2025-10-04,8944a0f9b2f0ce6d,1c7cc3a22ab7d907,4144798612ef96e5,886264a0c9f4ea5e,Edmen Shahbazyan,Andre Muniz,1,2025,2015-01-03,2024-12-14,0.01,1.09528416513599,0.69308418774638,0.69269920588379,0.667230766630901,0.696872804136403,0.70224187211438,0.667011841980115,0.61300538362637
2025-10-04,8944a0f9b2f0ce6d,2560ea97b2cce4ef,009341ed974bad72,749f572d1d3161fb,Jiri Prochazka,Khalil Rountree Jr.,1,2025,2015-01-03,2024-12-14,0.01,1.09528416513599,0.729969955964571,0.718616842127785,0.729261325805685,0.741894788765579,0.748212914839545,0.711226293043911,0.678045526725965
2025-10-04,8944a0f9b2f0ce6d,7b34aa1eb09b8301,a44020ea2e8cd026,b67d6bacc68d4c92,JooSang Yoo,Daniel Santos,0,2025,2015-01-03,2024-12-14,0.01,1.09528416513599,0.426620933470768,0.407767943238861,0.438895236237588,0.417446297206433,0.410299763960727,0.389007977645888,0.367270718955002
2025-10-04,8944a0f9b2f0ce6d,8353b491afa7bc32,3143bf892608139a,9cdd2da1a9104a0b,Yana Santos,Macy Chiasson,1,2025,2015-01-03,2024-12-14,0.01,1.09528416513599,0.431843358045702,0.413051722210936,0.442442705058349,0.444497789960112,0.436364803334532,0.456821463916533,0.406170610755453
2025-10-04,8944a0f9b2f0ce6d,84ebd144d5e79c88,52c2ae6d2f2d2613,fba03cd6cc28dc41,Youssef Zalal,Josh Emmett,1,2025,2015-01-03,2024-12-14,0.01,1.09528416513599,0.848126402673489,0.85886091059746,0.84946930676781,0.861144997666519,0.865573222615918,0.83864433796572,0.827289438697565
2025-10-04,8944a0f9b2f0ce6d,9418ebb3db2a4bae,2f815ed5f8278ba6,563a1d42bb0e3cef,Ateba Gautier,Tre'ston Vines,1,2025,2015-01-03,2024-12-14,0.01,1.09528416513599,0.722174107944498,0.739575850295683,0.718630966648679,0.717238210902998,0.731229135745949,0.720347517251062,0.714547756285524
2025-10-04,8944a0f9b2f0ce6d,98883348ddb3be33,4333a8e70a672eb7,4798e823ada58fe9,Brogan Walker,Veronica Hardy,0,2025,2015-01-03,2024-12-14,0.01,1.09528416513599,0.265274176218675,0.245227660751676,0.230610382424445,0.266653597849891,0.24406300444142,0.201543098927343,0.209128479389275
2025-10-04,8944a0f9b2f0ce6d,a8511df8285f5c91,65f09bacd3957381,c03520b5c88ed6b4,Cory Sandhagen,Merab Dvalishvili,0,2025,2015-01-03,2024-12-14,0.01,1.09528416513599,0.323556881906082,0.326138734356677,0.341163462121628,0.301911380808313,0.296584996324636,0.331448579652296,0.397854689686838
2025-10-04,8944a0f9b2f0ce6d,a951090fb402fd20,0f1efce7d2571d10,64facb6cc564262d,Nikolay Veretennikov,Punahele Soriano,0,2025,2015-01-03,2024-12-14,0.01,1.09528416513599,0.36687160885264,0.354182597101025,0.348603585172671,0.363719477976778,0.340402613016638,0.308379931056669,0.338553178446557
2025-10-04,8944a0f9b2f0ce6d,b09ecdc8ef0f0d20,2cfba6c837c03ed0,6902fcf0610dd303,Patchy Mix,Jakub Wiklacz,0,2025,2015-01-03,2024-12-14,0.01,1.09528416513599,0.483260416419555,0.478913346177031,0.47921856464772,0.487924626565739,0.50346671425331,0.543828951593106,0.542755026981217
2025-10-04,8944a0f9b2f0ce6d,b98bc1ecb94ef4a5,32c3ee378671a5d9,3d074044a33825e7,Austin Vanderford,Ramiz Brahimaj,0,2025,2015-01-03,2024-12-14,0.01,1.09528416513599,0.725653320518409,0.727866888051736,0.746705231155252,0.733523135526554,0.745909786360522,0.687706945506159,0.711477666164084
2025-10-04,8944a0f9b2f0ce6d,d006dd2513bd376d,36b8f265bcd1b7a4,c1085e1701b13eca,Abus Magomedov,Joe Pyfer,0,2025,2015-01-03,2024-12-14,0.01,1.09528416513599,0.403722808870897,0.397547181120703,0.411487222773195,0.41355308780358,0.38976654041854,0.373813184552896,0.370053275333463
2025-10-04,8944a0f9b2f0ce6d,e53fd165a3bc1f8e,45f0cc9d18f35137,a09ed60aa67a3f67,Chris Gutierrez,Farid Basharat,0,2025,2015-01-03,2024-12-14,0.01,1.09528416513599,0.357164736934338,0.345089424461996,0.331505812270641,0.344050782794994,0.325318295298694,0.348009606303005,0.372751144410633
2025-10-11,9336e86cfd4ceaa1,03377f7bf8a2d5ff,25f9a5f3e8a52618,39d309957c5c210d,Jhonata Diniz,Mario Pinto,0,2025,2015-01-03,2024-12-14,0.01,1.09528416513599,0.530072611505114,0.538416327470115,0.529211415514473,0.529551529766474,0.509661349751984,0.537428100163887,0.547879658300012
2025-10-11,9336e86cfd4ceaa1,0f9e7d0d04e24b74,6fc506e1099afe20,72ea1984c52019b5,Luan Lacerda,Saimon Oliveira,1,2025,2015-01-03,2024-12-14,0.01,1.09528416513599,0.622671964861104,0.638051215617167,0.645863504409587,0.619079627584266,0.628009169884491,0.680590403145902,0.698519268687726
2025-10-11,9336e86cfd4ceaa1,2aef1a91d26dde42,1ae8f3c723aacff4,7facc9c45d792985,Ricardo Ramos,Kaan Ofli,0,2025,2015-01-03,2024-12-14,0.01,1.09528416513599,0.499979448397708,0.51602909527199,0.499649255359204,0.495315508671488,0.508598373786194,0.586170986676387,0.486910997539069
2025-10-11,9336e86cfd4ceaa1,434abaea90ccd299,2bd98ab77a8daa75,e0d3d9b564f95635,Stewart Nicoll,Lucas Rocha,0,2025,2015-01-03,2024-12-14,0.01,1.09528416513599,0.492570354702434,0.494834482815591,0.495147538241591,0.494485702470255,0.478592450556728,0.450860316035687,0.44395131802144
2025-10-11,9336e86cfd4ceaa1,546f971f9d8e0a33,103e2e33a60683e1,eff9074bc066f0f2,Irina Alekseeva,Bia Mesquita,0,2025,2015-01-03,2024-12-14,0.01,1.09528416513599,0.472974420224167,0.477778330848671,0.464142344283654,0.46208845288757,0.436339063338439,0.49595090718376,0.522353373407044
2025-10-11,9336e86cfd4ceaa1,6188b7fb3f8daacc,58bbef3770bb2dfc,6d4b63c767106d3a,Joel Alvarez,Vicente Luque,1,2025,2015-01-03,2024-12-14,0.01,1.09528416513599,0.745778133292564,0.721289925110792,0.742016218430971,0.771682987506726,0.80371761873071,0.755804873158458,0.720907434469204
2025-10-11,9336e86cfd4ceaa1,766b0b26c40525de,65adf3856c4d9256,b62d5280966b2460,Jafel Filho,Clayton Carpenter,1,2025,2015-01-03,2024-12-14,0.01,1.09528416513599,0.423574644856604,0.41256731514473,0.418657257780466,0.423144823727416,0.489222819936161,0.448883404729417,0.46030765418918
2025-10-11,9336e86cfd4ceaa1,79865287be90e4be,07225ba28ae309b6,72db2a14ffa73ece,Charles Oliveira,Mateusz Gamrot,1,2025,2015-01-03,2024-12-14,0.01,1.09528416513599,0.283199828181518,0.288136875197179,0.280914601041296,0.258508364694926,0.230233940874,0.245846677923863,0.283680898125302
2025-10-11,9336e86cfd4ceaa1,a815dafc89adf33b,71171fc96445bf65,764d39074a352e33,Vitor Petrino,Thomas Petersen,1,2025,2015-01-03,2024-12-14,0.01,1.09528416513599,0.511298204535885,0.527919649022717,0.506676967962179,0.487409729012072,0.522716875312514,0.51230485990849,0.511192413854212
2025-10-11,9336e86cfd4ceaa1,c547b3e95bcc5f24,abb68e3c7ca128f2,d7c3816669784109,Julia Polastri,Karolina Kowalkiewicz,1,2025,2015-01-03,2024-12-14,0.01,1.09528416513599,0.664187179357873,0.666612638151349,0.661078256107708,0.67747859483224,0.654525087126354,0.652878707606158,0.678453633359159
2025-10-11,9336e86cfd4ceaa1,cff0abc02974fb4a,01c9e4013afce141,710f0f8c5d5c9d41,Michael Aswell Jr.,Lucas Almeida,1,2025,2015-01-03,2024-12-14,0.01,1.09528416513599,0.727008177929992,0.733661085626239,0.738338976182881,0.725490974707351,0.72939471582042,0.684843765421635,0.708620248728983
2025-10-11,9336e86cfd4ceaa1,f295eb2a7b0ba4b7,aa72b0f831d0bfe5,cc1a8b4b38b92c6d,Deiveson Figueiredo,Montel Jackson,1,2025,2015-01-03,2024-12-14,0.01,1.09528416513599,0.241599697502134,0.224174950627384,0.237121342744114,0.233335894213518,0.198588428925564,0.166450995385431,0.151166333485182
2025-10-18,38e5d9dcb0fddc42,096e00355c8c84ac,312f7d7b2b2f7de4,b7c5eb7cdbac6a63,Djorden Santos,Danny Barlow,1,2025,2015-01-03,2024-12-14,0.01,1.09528416513599,0.420815547862859,0.402493067280562,0.389045523956263,0.413583495502947,0.396905795041704,0.31209444958686,0.314261629170821
2025-10-18,38e5d9dcb0fddc42,3af1bdc5a510bba9,31f8081c7600da93,dccb63727f2f5f74,Kyle Nelson,Matt Frevola,1,2025,2015-01-03,2024-12-14,0.01,1.09528416513599,0.54856505828834,0.554524994534049,0.587096324872947,0.571966456607932,0.575967895493762,0.548531080582002,0.57942907013948
2025-10-18,38e5d9dcb0fddc42,668a44403a130043,294aa73dbf37d281,b671bdf981ad527d,Bruno Silva,HyunSung Park,1,2025,2015-01-03,2024-12-14,0.01,1.09528416513599,0.273925062399369,0.256061812003585,0.256669140945742,0.271983463541096,0.267187048150702,0.284116023894924,0.261825242616175
2025-10-18,38e5d9dcb0fddc42,857d274e47aa8c4e,24656ef4d605c96f,7c7332319c14094c,Aiemann Zahabi,Marlon Vera,1,2025,2015-01-03,2024-12-14,0.01,1.09528416513599,0.538429918718144,0.553065868137692,0.545180539221375,0.511935277032527,0.521148121666122,0.540046461885197,0.566974669151523
2025-10-18,38e5d9dcb0fddc42,87ac0e5face106b4,3bc3f60b21cddc6a,7674b836ce0698a0,Azamat Bekoev,Yousri Belgaroui,0,2025,2015-01-03,2024-12-14,0.01,1.09528416513599,0.725587751261763,0.738980232572915,0.736912515074563,0.731825447109106,0.728382430772921,0.718757837258186,0.687100624618874
2025-10-18,38e5d9dcb0fddc42,8d9458121f0c4b95,1b35af4d1529adf6,4948e412fa6ab67d,Stephanie Luciano,Ravena Oliveira,1,2025,2015-01-03,2024-12-14,0.01,1.09528416513599,0.638818125291532,0.639739323941072,0.62458944577328,0.645176565958452,0.656106124586411,0.640945913583949,0.604119743338714
2025-10-18,38e5d9dcb0fddc42,970f083af8368f57,700a674c042b7a96,7d420039bbfe7c1a,Cody Gibson,Aoriqileng,0,2025,2015-01-03,2024-12-14,0.01,1.09528416513599,0.528756262185122,0.53566676637956,0.555966547781938,0.522299055015015,0.528562399586772,0.532388835533264,0.50801459115188
2025-10-18,38e5d9dcb0fddc42,a18edcb638ba7e39,113df4fde64735c6,f1d64ae34e088832,Davey Grant,Charles Jourdain,0,2025,2015-01-03,2024-12-14,0.01,1.09528416513599,0.413427436276509,0.404993648542447,0.383534583293931,0.413699035420537,0.403451574075311,0.407056986381656,0.40566868565745
2025-10-18,38e5d9dcb0fddc42,c82acd7b17915591,34ff304266360297,a9e260472d321361,Manon Fiorot,Jasmine Jasudavicius,1,2025,2015-01-03,2024-12-14,0.01,1.09528416513599,0.658500575029,0.625432534186665,0.663147638004926,0.699455421113456,0.712588771601473,0.698100431660683,0.610110624481919
2025-10-18,38e5d9dcb0fddc42,cdd565a16975c711,3a46b268013afede,dd6103dd7127db1d,Kevin Holland,Mike Malott,0,2025,2015-01-03,2024-12-14,0.01,1.09528416513599,0.56978624301414,0.56596244175242,0.57760480319145,0.592017289105074,0.62666472217334,0.572535074633854,0.552556599519354
2025-10-18,38e5d9dcb0fddc42,d61373d9fdf01a12,2f181c0467965b98,d549cefc7c54ab78,Brendan Allen,Reinier de Ridder,1,2025,2015-01-03,2024-12-14,0.01,1.09528416513599,0.521472706366489,0.507387058609097,0.504771700930042,0.510463009753103,0.524917303370748,0.520816012867757,0.471737573596681
2025-10-18,38e5d9dcb0fddc42,dec301fd5e99ca46,2c5f5749569eef66,51e2f44a8dbf6984,Tainara Lisboa,Melissa Croden,0,2025,2015-01-03,2024-12-14,0.01,1.09528416513599,0.527559092423951,0.540541054288211,0.536785863761366,0.514486998557819,0.50733974140902,0.532542310259118,0.580325205416984
2025-10-18,38e5d9dcb0fddc42,ecdbb3a5216b815e,519e4fe37ce9ff75,873626e5547b5235,Drew Dober,Kyle Prepolec,1,2025,2015-01-03,2024-12-14,0.01,1.09528416513599,0.666947929380465,0.661298110849486,0.682569689854121,0.655509439570934,0.618053216518435,0.659337068955008,0.566706565615668
2025-10-25,7956f026e2672c47,0230a9dd2739add4,285ae0b4a68221f4,b07aed698fba8624,JunYong Park,Ikram Aliskerov,0,2025,2015-01-03,2024-12-14,0.01,1.09528416513599,0.532856259622771,0.541632239284987,0.516863817809549,0.51176194280143,0.508998436542888,0.457788391760673,0.488889643784986
2025-10-25,7956f026e2672c47,22dd728012944f0a,0be6776db31d98ec,7f1bf0c255ec8756,Mitch Raposo,Azat Maksum,1,2025,2015-01-03,2024-12-14,0.01,1.09528416513599,0.582823645713584,0.568878249775392,0.57796799584608,0.597403146358914,0.627661122072422,0.557497449432208,0.594856830097711
2025-10-25,7956f026e2672c47,3fdb4c4b39218cf4,3329d692aea4dc28,7a5e8c94a86f9895,Hamdy Abdelwahab,Chris Barnett,1,2025,2015-01-03,2024-12-14,0.01,1.09528416513599,0.809130434866971,0.822614125610714,0.841671017327413,0.783111026655492,0.790187484028792,0.822277677486311,0.828964846725886
2025-10-25,7956f026e2672c47,7d3da3c4153717de,7447e9f28508106a,7dda2cf308f24a02,Mackenzie Dern,Virna Jandiroba,1,2025,2015-01-03,2024-12-14,0.01,1.09528416513599,0.288622820466489,0.291953018947204,0.297859355128219,0.263154361265933,0.284733485823113,0.349044540747868,0.36285918410974
2025-10-25,7956f026e2672c47,b42a3386a7dccb3d,279566840aa55bf2,41e83a89929d1327,Alexander Volkov,Jailton Almeida,1,2025,2015-01-03,2024-12-14,0.01,1.09528416513599,0.407683955353468,0.383233922552318,0.400554872572757,0.424997925402363,0.445608889116243,0.357727063388555,0.41550715519568
2025-10-25,7956f026e2672c47,bd7394f07247d9ca,329e403448756217,7d6ceff6747f2de2,Nathaniel Wood,Jose Delgado,1,2025,2015-01-03,2024-12-14,0.01,1.09528416513599,0.359273448508801,0.351654145333114,0.312290342595161,0.350636409203413,0.347253451225256,0.334801070063029,0.366455386274582
2025-10-25,7956f026e2672c47,cb902d73389ed34b,17734443a833cdf7,b7b84ccd221be298,Quillan Salkilld,Nasrat Haqparast,1,2025,2015-01-03,2024-12-14,0.01,1.09528416513599,0.683230473428179,0.673005532905678,0.644247887857734,0.695147305266934,0.680812930094656,0.644523802722437,0.594028005206621
2025-10-25,7956f026e2672c47,e69f9b4b9cae12a4,2b6fc1c02736833d,bc711b6dd95c1af6,Umar Nurmagomedov,Mario Bautista,1,2025,2015-01-03,2024-12-14,0.01,1.09528416513599,0.703529728380079,0.685871290362393,0.701384090267349,0.726764153442879,0.735065951647965,0.731100484590023,0.678572952282445
2025-10-25,7956f026e2672c47,e9c034cec33b3479,5b86d491d63890c5,849c5d9979df5357,Ludovit Klein,Mateusz Rebecki,1,2025,2015-01-03,2024-12-14,0.01,1.09528416513599,0.651933136204747,0.637836780254287,0.663107715409785,0.668339573760064,0.676262452084934,0.614312717065463,0.625024567015669
2025-10-25,7956f026e2672c47,ef12d2aaaadaf6d0,333b9e5c723ac873,e90a2f22417af68e,Aleksandar Rakic,Azamat Murzakanov,0,2025,2015-01-03,2024-12-14,0.01,1.09528416513599,0.39580813888729,0.377239336851584,0.388769033348103,0.393594660843729,0.376210160117424,0.339468947572491,0.376617527661189
2025-10-25,7956f026e2672c47,ef1519c8c1d20977,43a59ce3bb40449e,bc7d1ad49fcb2d08,Mizuki,Jaqueline Amorim,1,2025,2015-01-03,2024-12-14,0.01,1.09528416513599,0.159513247424357,0.151151269958105,0.134987580114144,0.14873756971742,0.162642022742563,0.159947622815898,0.179786940636021
2025-10-25,7956f026e2672c47,f2c2a49fed32bd75,cdb7b38b1b357f26,f5779a2303ed76ec,Louie Sutherland,Valter Walker,0,2025,2015-01-03,2024-12-14,0.01,1.09528416513599,0.252398173980263,0.235661092858107,0.244281864120729,0.242268341587153,0.244469428802926,0.232697570627976,0.263298092908147
2025-11-01,0e2c2daf11b5d8f2,32927d50acedb507,1235b31de15d0c6e,87f8699fdcc2c404,Montserrat Conejo Ruiz,Alice Ardelean,0,2025,2015-01-03,2024-12-14,0.01,1.09528416513599,0.167084344552521,0.16387813837993,0.17837907966122,0.154412007050774,0.128998605870601,0.115632177200989,0.134345235488829
2025-11-01,0e2c2daf11b5d8f2,58f6248da3cdf3ce,0e46690e55a8df75,117a06469813e4ef,Timmy Cuamba,ChangHo Lee,1,2025,2015-01-03,2024-12-14,0.01,1.09528416513599,0.530220432420586,0.523325235372785,0.542666479790568,0.548172768713955,0.516756362792554,0.501489743210067,0.540389860326583
2025-11-01,0e2c2daf11b5d8f2,71c8ca7442bcb757,7cec3c4a5e7b6d68,feedf3053472fe56,Daniel Frunza,Charles Radtke,0,2025,2015-01-03,2024-12-14,0.01,1.09528416513599,0.398306932316644,0.36923182823176,0.379241270393945,0.408261111125777,0.361718078892485,0.352531962063635,0.353573818135186
2025-11-01,0e2c2daf11b5d8f2,747d922b329b7f30,97cf1a2c7c5e7889,ffe9703408fb5964,Steve Garcia,David Onama,1,2025,2015-01-03,2024-12-14,0.01,1.09528416513599,0.594455639817444,0.592251097178557,0.586394067662712,0.623460831216008,0.591334338353823,0.658971919492335,0.706775166614385
2025-11-01,0e2c2daf11b5d8f2,760150e9951e65fa,b9706f80d005036c,d3f5d33d61cd00c9,Ketlen Vieira,Norma Dumont,0,2025,2015-01-03,2024-12-14,0.01,1.09528416513599,0.337859760293312,0.343698011146808,0.324222123679416,0.333256774459079,0.344991439392933,0.323465918958876,0.378243896171736
2025-11-01,0e2c2daf11b5d8f2,767b78b67c7da17c,70380ccdc81915b8,a57cb948c4c70a47,Yadier del Valle,Isaac Dulgarian,1,2025,2015-01-03,2024-12-14,0.01,1.09528416513599,0.385173975266696,0.380340738056513,0.390444524674095,0.376115616615313,0.401743242430466,0.4500298006891,0.45748151744372
2025-11-01,0e2c2daf11b5d8f2,7add5901fac6ab82,c0d5c0c95c59050b,d35298b6df168456,Ariane Carnelossi,Talita Alencar,0,2025,2015-01-03,2024-12-14,0.01,1.09528416513599,0.428427820910433,0.409159444311237,0.399125585657389,0.430050288624841,0.4345722773978,0.436474161133798,0.366501141041603
2025-11-01,0e2c2daf11b5d8f2,9d9390b550d77e06,7d8435c56043b0ae,fc08099550072fe4,Ante Delija,Waldo Cortes Acosta,0,2025,2015-01-03,2024-12-14,0.01,1.09528416513599,0.430042532700542,0.415275399316247,0.451916202529445,0.43727354495964,0.426722992628137,0.461830900143419,0.441280035421492
2025-11-01,0e2c2daf11b5d8f2,b0f68344e01884ff,40f3cb27fc7305a1,d66a46de8d705353,Themba Gorimbo,Jeremiah Wells,0,2025,2015-01-03,2024-12-14,0.01,1.09528416513599,0.678885478324664,0.687773556189657,0.684068397321785,0.692654938377633,0.677764100651282,0.641602042695203,0.566459828387902
2025-11-01,0e2c2daf11b5d8f2,c245be6698c1e378,4e6738062d469256,ad5cb64af10fc946,Sedriques Dumas,Donte Johnson,0,2025,2015-01-03,2024-12-14,0.01,1.09528416513599,0.427825318418377,0.433820804454092,0.42665212152193,0.418234204784301,0.40413813284434,0.445062562722707,0.461654191854569
2025-11-01,0e2c2daf11b5d8f2,e6031b5937294176,4a07b1988477502c,8e382b585a92affe,Seokhyeon Ko,Phil Rowe,1,2025,2015-01-03,2024-12-14,0.01,1.09528416513599,0.659024476761057,0.657602424199886,0.675127195228914,0.661132382348391,0.673199000613079,0.659514850095509,0.65473434637703
2025-11-01,0e2c2daf11b5d8f2,f063bcccbbb9edc5,07a74004d964c7f4,7e9b36a9847db116,Billy Elekana,Kevin Christian,1,2025,2015-01-03,2024-12-14,0.01,1.09528416513599,0.524675982643933,0.526231038281489,0.532674428166342,0.52883837271041,0.522118194606981,0.555417306790298,0.525545602999568
2025-11-01,0e2c2daf11b5d8f2,f41c2c82d5117230,253076a23d03dcd0,7f6ed67d3ed3c036,Allan Nascimento,Cody Durden,1,2025,2015-01-03,2024-12-14,0.01,1.09528416513599,0.70702008410355,0.706368789183288,0.693041265347688,0.739127615370777,0.70558363834672,0.70033651803941,0.614308114068514
2025-11-08,6436029b50a9c255,20971ed9a842b0cb,06626b6287e1ae1e,eb393afdbe3293d5,Chris Padilla,Ismael Bonfim,1,2025,2015-01-03,2024-12-14,0.01,1.09528416513599,0.538459651617551,0.560322480780777,0.555694218879034,0.523440182463319,0.480968500929219,0.490991506549141,0.481848812882433
2025-11-08,6436029b50a9c255,238c274c90587e21,46e0d677f91bacc0,850266b3dc4e506e,Miles Johns,Daniel Marcos,0,2025,2015-01-03,2024-12-14,0.01,1.09528416513599,0.468914966305904,0.452153175445791,0.468617371395126,0.483570436453021,0.481218785440849,0.440555519801441,0.437331984033417
2025-11-08,6436029b50a9c255,4e224ebb6394611d,01641ba5df0c69b0,c6aee362c7a7d482,Gabriel Bonfim,Randy Brown,1,2025,2015-01-03,2024-12-14,0.01,1.09528416513599,0.675533741352225,0.67893284897645,0.687536242004981,0.691215530170925,0.668612018003483,0.654923870495922,0.582738154276903
2025-11-08,6436029b50a9c255,80eae31bc0a94a65,cc8c623cca88f54f,e3964ece586e0635,Mayra Bueno Silva,Jacqueline Cavalcanti,0,2025,2015-01-03,2024-12-14,0.01,1.09528416513599,0.215479285156683,0.203337984993311,0.226551543946627,0.222839150346562,0.224839663507265,0.183917231232809,0.270205593705118
2025-11-08,6436029b50a9c255,84b66bf7fba2d59d,23dec7c47cb418f8,3eeec2f53cebdf12,Zach Reese,Jackson McVey,1,2025,2015-01-03,2024-12-14,0.01,1.09528416513599,0.450440248956003,0.47895383644204,0.457417263998674,0.451256568550819,0.435718408547107,0.462760299843212,0.449809732881614
2025-11-08,6436029b50a9c255,87dcb3eab20f6ac1,6a311920edd73c85,955da1675ad58a50,Max Gimenis,Josh Hokit,0,2025,2015-01-03,2024-12-14,0.01,1.09528416513599,0.437571854563911,0.437929066598179,0.439801270700998,0.437396881816096,0.436657145973017,0.428026178397952,0.432896102408619
2025-11-08,6436029b50a9c255,9126633d921afb57,31ef8b67e13495b3,cffb87059e645bd1,Tecia Pennington,Denise Gomes,0,2025,2015-01-03,2024-12-14,0.01,1.09528416513599,0.358067867610739,0.342013125954318,0.343906387968828,0.370356524092335,0.383683212583298,0.347538087443514,0.358510797296175
2025-11-08,6436029b50a9c255,ac4343150638b635,9384e71bca6c409d,a93f94c923c3a9cb,Marco Tulio,Christian Leroy Duncan,0,2025,2015-01-03,2024-12-14,0.01,1.09528416513599,0.476896905114327,0.471541817010703,0.467441436850553,0.480621445911463,0.50794398841224,0.577639718115113,0.513272627365218
2025-11-08,6436029b50a9c255,b23fa678cc65cf5b,447f9858ae78f921,681399317dbf4701,Muslim Salikhov,Uros Medic,0,2025,2015-01-03,2024-12-14,0.01,1.09528416513599,0.521263138851821,0.527042178240016,0.536417785295524,0.517868183270038,0.510100544846556,0.493623288850026,0.509571436241484
2025-11-08,6436029b50a9c255,c6d56aad93f98249,5987b2458f4b5290,b9f28e7045fdfce7,Ricky Simon,Raoni Barcelos,0,2025,2015-01-03,2024-12-14,0.01,1.09528416513599,0.582597846032729,0.584802799628555,0.586971944139187,0.573726168118571,0.564804163734105,0.569274857585335,0.557817522377136
2025-11-08,6436029b50a9c255,e3d657dd88864ba7,41cc71cbf210e0fe,e00a3dee329a51f7,Hyder Amil,Jamall Emmers,0,2025,2015-01-03,2024-12-14,0.01,1.09528416513599,0.554105484771097,0.566508502720751,0.562533987969157,0.54622457635834,0.542553563265702,0.578328232975313,0.621828591070849
2025-11-08,6436029b50a9c255,f7e9bd2d6f81aeae,2fe9032955c2e013,67c1d46f4ed16f9e,Joseph Morales,Matt Schnell,1,2025,2015-01-03,2024-12-14,0.01,1.09528416513599,0.720391130426966,0.730852488426364,0.726857921715854,0.754869306016161,0.755140640934215,0.737911326830668,0.714027833757161
2025-11-15,8db1b36dde268ef6,1a5378e32e8519ef,19c591115a58982c,72f890c5d421e705,Viacheslav Borshchev,Matheus Camilo,0,2025,2015-01-03,2024-12-14,0.01,1.09528416513599,0.38155441634071,0.381153191109515,0.395876397834353,0.376915233379059,0.363325206949747,0.370998254117398,0.314934979482677
2025-11-15,8db1b36dde268ef6,292b83afa418635f,260e9e0d4954aea6,35673bf5204524ee,Rodolfo Vieira,Bo Nickal,0,2025,2015-01-03,2024-12-14,0.01,1.09528416513599,0.445095962821771,0.43469408232576,0.418492673279528,0.435476111624514,0.441445856205294,0.400610813077867,0.386667757470728
2025-11-15,8db1b36dde268ef6,3c60884853766487,7ee0fd831c0fe7c3,f1fac969a1d70b08,Carlos Prates,Leon Edwards,1,2025,2015-01-03,2024-12-14,0.01,1.09528416513599,0.532318802852843,0.539943037771375,0.544070107312313,0.525684344907528,0.53966115056079,0.514319614002986,0.481443353014514
2025-11-15,8db1b36dde268ef6,477af74ea3cbba8b,45f7cb591c3ab00b,c32aeb1a59e6272d,Sean Brady,Michael Morales,0,2025,2015-01-03,2024-12-14,0.01,1.09528416513599,0.461697467566546,0.468496809893499,0.494067823957613,0.468944309644631,0.458026835903965,0.456345215971904,0.519115720046275
2025-11-15,8db1b36dde268ef6,6c2c6a6e3f4d04db,745fa7b605f8e2da,f0feeb2192937424,Fatima Kline,Angela Hill,1,2025,2015-01-03,2024-12-14,0.01,1.09528416513599,0.808536374129792,0.815388630161659,0.816462095139696,0.823843926947939,0.825644236440653,0.836703432672092,0.826813849868492
2025-11-15,8db1b36dde268ef6,7606f6b6c19f2d73,132deb59abae64b1,1ebe20ebbfa15e29,Valentina Shevchenko,Zhang Weili,1,2025,2015-01-03,2024-12-14,0.01,1.09528416513599,0.545237609300348,0.534621154040361,0.57733325237083,0.559185762616587,0.588210789325383,0.548809771527934,0.509665892293947
2025-11-15,8db1b36dde268ef6,856f6ee049373843,275aca31f61ba28c,6b453bc35a823c3f,Islam Makhachev,Jack Della Maddalena,1,2025,2015-01-03,2024-12-14,0.01,1.09528416513599,0.606359240371456,0.580005381904938,0.535616269905025,0.608970335723433,0.63698380603168,0.60737522136502,0.587715999787913
2025-11-15,8db1b36dde268ef6,909cd8633507a0c8,669970f7feba8ecd,68d4a891e5cf2029,Erin Blanchfield,Tracy Cortez,1,2025,2015-01-03,2024-12-14,0.01,1.09528416513599,0.797068594846167,0.795212441016663,0.804266567814348,0.810114548133231,0.813156887983402,0.793025697394971,0.765572395663119
2025-11-15,8db1b36dde268ef6,9b5f190cd3f5ce16,08af939f41b5a57b,c2299ec916bc7c56,Beneil Dariush,Benoit Saint Denis,0,2025,2015-01-03,2024-12-14,0.01,1.09528416513599,0.311573480994812,0.291382856030669,0.306340122913659,0.284652019810164,0.281746326355169,0.310925995474091,0.314218763298995
2025-11-15,8db1b36dde268ef6,9bbdc2a2ab334541,6ac9bc2953c47345,d6c0cdd7e467c440,Gerald Meerschaert,Kyle Daukaus,0,2025,2015-01-03,2024-12-14,0.01,1.09528416513599,0.422973544444658,0.421828535900383,0.473394326599207,0.397922697090685,0.395319275695092,0.41725555663689,0.36260309858829
2025-11-15,8db1b36dde268ef6,c037cf1f7b429d5e,9508cc6184cb2450,d1feea7a4bdcd503,Eric McConico,Baisangur Susurkaev,0,2025,2015-01-03,2024-12-14,0.01,1.09528416513599,0.113249583969744,0.110934581541467,0.11273833272132,0.108736988726922,0.111214783307448,0.12129864496159,0.14730139333695
2025-11-15,8db1b36dde268ef6,e313286b307334a7,2e45d08b3f2f02c8,d776b5814f2400b4,Malcolm Wellmaker,Ethyn Ewing,0,2025,2015-01-03,2024-12-14,0.01,1.09528416513599,0.634378959752468,0.655438961264052,0.659660369123686,0.643466766326467,0.64022261344171,0.631910953126621,0.606231163863001
2025-11-15,8db1b36dde268ef6,e3cbd663732f4a98,b8bbdeff718dbb7d,e0c6edcb5b5d0b90,Pat Sabatini,Chepe Mariscal,1,2025,2015-01-03,2024-12-14,0.01,1.09528416513599,0.464585060877329,0.461108480193261,0.462750062147625,0.466337907130204,0.462485338455707,0.468111042042071,0.534182347935782
2025-11-15,8db1b36dde268ef6,ebb012c5f3fd0cbb,9d83f6da776ff7d6,d1c65d2cf2925ddd,Roman Kopylov,Gregory Rodrigues,0,2025,2015-01-03,2024-12-14,0.01,1.09528416513599,0.374130204467548,0.370672264123028,0.404078740841998,0.36281435311245,0.353199704008611,0.378886514446177,0.401288818899462
2025-11-22,92c96df8bdab5fea,00ee51bba08b7a08,98aa60cf58071fd6,f00ac08ab056af5d,Kyoji Horiguchi,Tagir Ulanbekov,1,2025,2015-01-03,2024-12-14,0.01,1.09528416513599,0.345265490330576,0.318056251484865,0.286496061880131,0.352622310379738,0.337124240605652,0.336998791601359,0.293760498852063
2025-11-22,92c96df8bdab5fea,335064c3380e2f10,6a96ad1bc34fb113,d5bab53a1a603aac,Ismail Naurdiev,Ryan Loder,1,2025,2015-01-03,2024-12-14,0.01,1.09528416513599,0.692239224510891,0.70134211121934,0.69783374297327,0.71210951391966,0.698114368369447,0.69823573395756,0.679435983414122
2025-11-22,92c96df8bdab5fea,443f30a4a856584a,8d3273573b85be09,ab2b4ff41d6ebe0f,Asu Almabayev,Alex Perez,1,2025,2015-01-03,2024-12-14,0.01,1.09528416513599,0.614133166372444,0.634628057706067,0.637997006278186,0.615252013090241,0.638305487799611,0.651694742933112,0.617436678137583
2025-11-22,92c96df8bdab5fea,46f81d5ecd974c1c,52b6bf4528130e86,ca28cdf526d6b6e9,Shem Rock,Nurullo Aliev,0,2025,2015-01-03,2024-12-14,0.01,1.09528416513599,0.305203090161446,0.280608566797398,0.293587907261606,0.317570677057584,0.325871204087711,0.295201646777894,0.293597933251516
2025-11-22,92c96df8bdab5fea,5e6a74db89f5410c,b1de86d835638319,fb37795db81f93f3,Luke Riley,Bogdan Grad,1,2025,2015-01-03,2024-12-14,0.01,1.09528416513599,0.334345361162895,0.329150444608681,0.328746808173421,0.31914362654849,0.325358914373259,0.361529584214985,0.346646611200605
2025-11-22,92c96df8bdab5fea,5f5b626e67529056,193b9d1858bc4df3,eae48ff31db420c2,Dan Hooker,Arman Tsarukyan,0,2025,2015-01-03,2024-12-14,0.01,1.09528416513599,0.218377428008357,0.209246144404591,0.220549151838385,0.212642710582603,0.20684560795306,0.17926398273313,0.195291084439317
2025-11-22,92c96df8bdab5fea,6f0231915cc28507,4a6dff1b260bcf61,a4dc0f2b95df4cc1,Aleksandre Topuria,Bekzat Almakhan,1,2025,2015-01-03,2024-12-14,0.01,1.09528416513599,0.727727021239298,0.733183087589972,0.742764261238752,0.736390021755686,0.769397063669851,0.693177849999027,0.721852042745165
2025-11-22,92c96df8bdab5fea,870d374f8d9af65a,0845c81e37d3bcb3,a495f599e787614f,Volkan Oezdemir,Alonzo Menifield,1,2025,2015-01-03,2024-12-14,0.01,1.09528416513599,0.711903674610286,0.690533857227063,0.706738032149943,0.744538632606657,0.719214498334349,0.688792326268149,0.665873684529409
2025-11-22,92c96df8bdab5fea,8ed609d80e135d94,0a1942069c9ad6b6,bf2c8e01b07d3eb1,Jack Hermansson,Myktybek Orolbai,0,2025,2015-01-03,2024-12-14,0.01,1.09528416513599,0.316398136695092,0.315783671101521,0.302435361470831,0.334188768313947,0.302267882681413,0.272594986517956,0.359194223633779
2025-11-22,92c96df8bdab5fea,9027e156c6f1988a,ac0874309da489b9,b5c19c34f12c917e,Marek Bujlo,Denzel Freeman,0,2025,2015-01-03,2024-12-14,0.01,1.09528416513599,0.525888762595939,0.527706267624751,0.527103378845248,0.52620156736651,0.524295965886879,0.508114467536377,0.503317800806659
2025-11-22,92c96df8bdab5fea,b2218930b982d9b6,442c9011034ae1fd,b1b0729d27936f2f,Ian Machado Garry,Belal Muhammad,1,2025,2015-01-03,2024-12-14,0.01,1.09528416513599,0.671462517190738,0.681206815953696,0.675054558196576,0.668312310462394,0.668747650597537,0.717856559010285,0.658847224352836
2025-11-22,92c96df8bdab5fea,c49485cedb878cf0,9d19d9e4aa2662e8,de26d906f2874dd4,Nicolas Dalby,Saygid Izagakhmaev,1,2025,2015-01-03,2024-12-14,0.01,1.09528416513599,0.467624868635164,0.483220687481687,0.461995145317883,0.470721715728917,0.46611683894696,0.535173666789727,0.735264332300237
2025-11-22,92c96df8bdab5fea,e8307c7686c42d8c,6747ccd6d1acd266,fc08099550072fe4,Shamil Gaziev,Waldo Cortes Acosta,0,2025,2015-01-03,2024-12-14,0.01,1.09528416513599,0.316449720764166,0.307508687497937,0.344567665751204,0.307416305486817,0.292090187505808,0.27271931083204,0.314062317423239
2025-11-22,92c96df8bdab5fea,f5564a9eeebd4ea0,09a4447655fd4b7b,95aff2fd8d09a5f0,Rafael Cerqueira,Abdul Rakhman Yakhyaev,0,2025,2015-01-03,2024-12-14,0.01,1.09528416513599,0.175981497216405,0.162201334329971,0.171215392212017,0.172676024704846,0.169882109040202,0.182671676141533,0.216762279678536
2025-12-06,bd92cf5da5413d2a,10a57b983e59f727,1e4f273069fb9e85,ff62013d2fce6d13,Fares Ziam,Nazim Sadykhov,1,2025,2015-01-03,2024-12-14,0.01,1.09528416513599,0.727721224735533,0.727628622134449,0.736104667056078,0.741238209999049,0.745563689806437,0.784147685377294,0.777510150482294
2025-12-06,bd92cf5da5413d2a,1dc29f4c6fcdd356,056c493bbd76a918,6e743a33d56bdaa4,Henry Cejudo,Payton Talbott,0,2025,2015-01-03,2024-12-14,0.01,1.09528416513599,0.371427319383607,0.349600549649143,0.364076255818038,0.391763741418861,0.417196351660512,0.369600191364993,0.361451382049477
2025-12-06,bd92cf5da5413d2a,2417cc7bc1eea75b,6a740daf1b279661,9d62c2d8ee151f08,Maycee Barber,Karine Silva,1,2025,2015-01-03,2024-12-14,0.01,1.09528416513599,0.640216414248833,0.63393211852846,0.62943338940293,0.670165609629353,0.677644143085234,0.6334949867143,0.641782154806197
2025-12-06,bd92cf5da5413d2a,3c683da1924b6c44,1e719d4b676dc19a,7acbb0972e75281a,Brunno Ferreira,Marvin Vettori,1,2025,2015-01-03,2024-12-14,0.01,1.09528416513599,0.446818987757832,0.460666126584884,0.436453558055452,0.444441852215257,0.446652218925398,0.421730827757806,0.405723943866731
2025-12-06,bd92cf5da5413d2a,40fa4f8b4b93884e,480779d7f9a424d3,8d11d9c13e2ccdf7,Mairon Santos,Muhammad Naimov,1,2025,2015-01-03,2024-12-14,0.01,1.09528416513599,0.657866891340837,0.659179549251598,0.669381251302777,0.669907071532379,0.631585515201464,0.646320569162189,0.641472097699636
2025-12-06,bd92cf5da5413d2a,4a0db214d9721d6e,c03520b5c88ed6b4,d661ce4da776fc20,Merab Dvalishvili,Petr Yan,0,2025,2015-01-03,2024-12-14,0.01,1.09528416513599,0.694331596737256,0.698970581349266,0.667308690156207,0.697388705072644,0.699414102259609,0.680425026000683,0.641126429523522
2025-12-06,bd92cf5da5413d2a,7af407397532f7cf,4d8fa64202cee4c1,64a50dad704d1d49,Jalin Turner,Edson Barboza,1,2025,2015-01-03,2024-12-14,0.01,1.09528416513599,0.671746387957282,0.669399496566923,0.647636653553297,0.707615466453895,0.750161233739936,0.716427375282736,0.700762187410396
2025-12-06,bd92cf5da5413d2a,964ea1777695851b,6d48a2df51749d91,841695e02c99a521,Antonio Trocoli,Mansur Abdul-Malik,0,2025,2015-01-03,2024-12-14,0.01,1.09528416513599,0.112859924939176,0.10026514674062,0.104538122656399,0.1052707764634,0.110175008599294,0.113319481714175,0.147694875900721
2025-12-06,bd92cf5da5413d2a,b3d2ac2244e4f791,809bd1a871491508,fd406a32a6fb3a29,Terrance McKinney,Chris Duncan,0,2025,2015-01-03,2024-12-14,0.01,1.09528416513599,0.451756236092817,0.451470670986206,0.41884959561847,0.451252587894472,0.503233345414504,0.561958592108,0.609107143944883
2025-12-06,bd92cf5da5413d2a,c797b58d85c840a4,2e7878927067fdca,99bd51917728c25d,Manuel Torres,Grant Dawson,1,2025,2015-01-03,2024-12-14,0.01,1.09528416513599,0.326601985888137,0.301902793773859,0.341137196825382,0.327334739215878,0.346922929648073,0.340758179757215,0.281016977923142
2025-12-06,bd92cf5da5413d2a,dfa692db6d39330c,17e97649403ba428,a0f0004aadf10b71,Joshua Van,Alexandre Pantoja,1,2025,2015-01-03,2024-12-14,0.01,1.09528416513599,0.568455988177877,0.566190649287271,0.526740416690747,0.540114674978906,0.579212380695031,0.631320637275742,0.601909850614909
2025-12-06,bd92cf5da5413d2a,ea660db65bfa998f,1c23ec2f1b71be40,6e8f1bcdda94ff45,Iwo Baraniewski,Ibo Aslan,1,2025,2015-01-03,2024-12-14,0.01,1.09528416513599,0.404308902115409,0.400719353453671,0.406124658208056,0.397702644881022,0.405288692056939,0.462660636700011,0.453601208800438
2025-12-06,bd92cf5da5413d2a,fbbb9e72900b71f5,4461d7e47375a895,792be9a24df82ed6,Tatsuro Taira,Brandon Moreno,1,2025,2015-01-03,2024-12-14,0.01,1.09528416513599,0.529012800125116,0.540739035263751,0.514537143479095,0.515492209738424,0.499745130152426,0.513087898591993,0.521459688131681
2025-12-13,bc0f994de0521926,0fca825e14429c1f,84b3e7d38f2d2ec5,f139d6836efd43dd,Neil Magny,Yaroslav Amosov,0,2025,2015-01-03,2024-12-14,0.01,1.09528416513599,0.664947119792488,0.684341124513526,0.651332922010811,0.666268094851942,0.675366977095659,0.677301233456748,0.705355768444738
2025-12-13,bc0f994de0521926,225e93ebed9b71b8,5d8006587d6a6711,791c8437b341fba5,Isaac Thomson,Joanderson Brito,0,2025,2015-01-03,2024-12-14,0.01,1.09528416513599,0.451887855047023,0.437025893675537,0.437245046722371,0.442772405736766,0.457256699365092,0.344702728725989,0.188838837203587
2025-12-13,bc0f994de0521926,24bb03f0a3415fbe,239d8e5359022f3b,9560ff14eb3129f7,Kevin Vallejos,Giga Chikadze,1,2025,2015-01-03,2024-12-14,0.01,1.09528416513599,0.671529396832218,0.673550525656132,0.683392005265932,0.679164641347423,0.695737624807571,0.700356816753294,0.659356469323118
2025-12-13,bc0f994de0521926,71170fb7ade3e1f4,59c438c81fbf3ece,5c637af9472ae7cc,Tereza Bleda,Jamey-Lyn Horth,0,2025,2015-01-03,2024-12-14,0.01,1.09528416513599,0.580656965466074,0.581354875968649,0.573099819514214,0.577485879175923,0.590637067161838,0.611213376335382,0.682013718753126
2025-12-13,bc0f994de0521926,93ca562453f65b8d,20bccc9bb4ceb23e,5b03b61f9d90125e,Melquizael Costa,Morgan Charriere,1,2025,2015-01-03,2024-12-14,0.01,1.09528416513599,0.662314360213459,0.656602677593623,0.674196547661723,0.669475412087006,0.650651977152332,0.660872495243872,0.617263223601138
2025-12-13,bc0f994de0521926,a2523a8565fe4361,0f3a990526c5e706,e56cee1ad697db04,Sean Sharaf,Steven Asplund,0,2025,2015-01-03,2024-12-14,0.01,1.09528416513599,0.328638974822157,0.318855904674912,0.318545460156535,0.323959389738138,0.302588245082274,0.337913796744784,0.346574879044646
2025-12-13,bc0f994de0521926,a5a81a39ccf9b680,5d1b7e3dd9e11074,6e15f63b6c2e2c15,Manel Kape,Brandon Royval,1,2025,2015-01-03,2024-12-14,0.01,1.09528416513599,0.680884531427391,0.689273760883587,0.668293184161743,0.699878661363277,0.708144119642106,0.659651507714806,0.631946460248366
2025-12-13,bc0f994de0521926,ac56a1052c4c8f63,73a78713bd899f4c,ba15006c804a8de0,Allen Frye Jr.,Guilherme Pat,0,2025,2015-01-03,2024-12-14,0.01,1.09528416513599,0.558293341791156,0.558105927189086,0.555917415203061,0.558079633345407,0.558508962408917,0.565518624563407,0.560378339646845
2025-12-13,bc0f994de0521926,ceb5b0f1f6daddf6,5078e1dacf9d25f4,51e2f44a8dbf6984,Luana Santos,Melissa Croden,1,2025,2015-01-03,2024-12-14,0.01,1.09528416513599,0.687845887781111,0.698500375226747,0.689654043764616,0.681644524147901,0.674987010279446,0.688281877050268,0.688818943554489
2025-12-13,bc0f994de0521926,d000cb692343cdcd,084532da3d25f3b8,64d47ef881a437a4,Cezary Oleksiejczuk,Cesar Almeida,1,2025,2015-01-03,2024-12-14,0.01,1.09528416513599,0.545014962343433,0.53861791169649,0.536723860980915,0.546277545528117,0.572117610652025,0.605118655217331,0.581971753513603
2025-12-13,bc0f994de0521926,fc4ab243d21b795d,07bc580bdf3eb9c8,887961364be5ceb3,Lance Gibson Jr.,King Green,0,2025,2015-01-03,2024-12-14,0.01,1.09528416513599,0.426435696673446,0.410676484913459,0.426002699086569,0.403393406620637,0.38788772407457,0.390812100726208,0.22611687846982
2026-01-24,00e11b5c8b7bfeeb,007e8e0d4a39d82c,b50a426a33da0012,efb96bf3e9ada36f,Sean O'Malley,Song Yadong,1,2026,2016-01-02,2025-12-13,0.01,1.10967577379957,0.588671868589616,0.576195190143827,0.59137430825641,0.603908676399282,0.695046443193865,0.67557042676351,0.647866576945685
2026-01-24,00e11b5c8b7bfeeb,210fc45074fba464,0859524157a19045,a01a62132460a98d,Ty Miller,Adam Fugitt,1,2026,2016-01-02,2025-12-13,0.01,1.10967577379957,0.723627941141628,0.728265456737228,0.737311405747495,0.72590636004079,0.722732926490392,0.720428595863824,0.699661580655454
2026-01-24,00e11b5c8b7bfeeb,33be2456161c14c3,22e07d3da1aa3475,2f815ed5f8278ba6,Andrey Pulyaev,Ateba Gautier,0,2026,2016-01-02,2025-12-13,0.01,1.10967577379957,0.267000080848719,0.253283760113103,0.277615445446351,0.259518334042765,0.274646347701431,0.243430061562933,0.281468163056579
2026-01-24,00e11b5c8b7bfeeb,6c9f4799990c3c33,2b6fc1c02736833d,aa72b0f831d0bfe5,Umar Nurmagomedov,Deiveson Figueiredo,1,2026,2016-01-02,2025-12-13,0.01,1.10967577379957,0.861798246981122,0.860809815297664,0.864557766531603,0.876885687264195,0.888636823593762,0.870458671085229,0.861739379393744
2026-01-24,00e11b5c8b7bfeeb,780cab0cd07589e4,1091d4d957141094,476fe566d2df676e,Nikita Krylov,Modestas Bukauskas,1,2026,2016-01-02,2025-12-13,0.01,1.10967577379957,0.574702040523742,0.538380599556301,0.508794121318763,0.579606566592826,0.532029739463165,0.479506932981715,0.357815422607276
2026-01-24,00e11b5c8b7bfeeb,836a188a90e479a5,040a74bb0a465c54,52ef95b5860fb28c,Arnold Allen,Jean Silva,0,2026,2016-01-02,2025-12-13,0.01,1.10967577379957,0.475942273264716,0.460405079092674,0.475706052822624,0.464159482367088,0.475326172961262,0.462658149147604,0.490780631521664
2026-01-24,00e11b5c8b7bfeeb,abfb3ed6dcb0e1f0,955da1675ad58a50,b5c19c34f12c917e,Josh Hokit,Denzel Freeman,1,2026,2016-01-02,2025-12-13,0.01,1.10967577379957,0.573219343500058,0.578432855192231,0.563196887827082,0.570893721240777,0.466767368289886,0.479539705392322,0.467358908054562
2026-01-24,00e11b5c8b7bfeeb,b5aafe149bec4306,814e5233e2acf2ee,ab2b4ff41d6ebe0f,Charles Johnson,Alex Perez,0,2026,2016-01-02,2025-12-13,0.01,1.10967577379957,0.656882535199172,0.657343130040639,0.679355932090489,0.664968738495519,0.679031789194278,0.629697557907829,0.599514384802074
2026-01-24,00e11b5c8b7bfeeb,d63c9aa4f4873001,262d32ebda89efc4,47b63240018d5d86,Natalia Silva,Rose Namajunas,1,2026,2016-01-02,2025-12-13,0.01,1.10967577379957,0.559032516210561,0.57423200027779,0.56018931460069,0.568799563550718,0.578133873588256,0.59084629552165,0.60135231106756
2026-01-24,00e11b5c8b7bfeeb,d93ee3860196c4ae,d3df1add9d9a7efb,fc08099550072fe4,Derrick Lewis,Waldo Cortes Acosta,0,2026,2016-01-02,2025-12-13,0.01,1.10967577379957,0.246283306463988,0.229690174714843,0.245793521947514,0.233256817259819,0.236121041777166,0.251154642961914,0.274443384597418
2026-01-24,00e11b5c8b7bfeeb,fa4b3f5ce8055921,7826923b47f8d72a,9e8f6c728eb01124,Paddy Pimblett,Justin Gaethje,0,2026,2016-01-02,2025-12-13,0.01,1.10967577379957,0.609432063672034,0.630812170289908,0.633261274897473,0.630785510633992,0.690099953866203,0.711089345920657,0.685466212787739
2026-01-31,30ad2050273d016a,0047f8aadca1936f,d4270315cbcf2569,fbb60f24af5d5a02,Jacob Malkoun,Torrez Finney,1,2026,2016-01-02,2025-12-13,0.01,1.10967577379957,0.635738550790501,0.619779159004503,0.519860894420018,0.640719629714041,0.652399347778164,0.682154439545299,0.624300152513793
2026-01-31,30ad2050273d016a,32e9bc4d0a19a923,17734443a833cdf7,af9f42e6894047fc,Quillan Salkilld,Jamie Mullarkey,1,2026,2016-01-02,2025-12-13,0.01,1.10967577379957,0.866844255030295,0.872157568354211,0.872055943368421,0.882623901741174,0.881150079568848,0.876537337621328,0.856461680800793
2026-01-31,30ad2050273d016a,47362cae6ba0e077,8ebc3a8da015d70c,f14f644d41ade29f,Cam Rowston,Cody Brundage,1,2026,2016-01-02,2025-12-13,0.01,1.10967577379957,0.724764257192464,0.724474320412616,0.735404207713371,0.729253896408925,0.771307458907961,0.745858801953786,0.718641835979705
2026-01-31,30ad2050273d016a,4c1e7e1765a5438a,3f11fd1751fa83b1,7facc9c45d792985,Yizha,Kaan Ofli,0,2026,2016-01-02,2025-12-13,0.01,1.10967577379957,0.514044980771829,0.513772055950959,0.489155625066239,0.512653057270758,0.538322645231665,0.579354059126891,0.51959770766431
2026-01-31,30ad2050273d016a,57d7a683b85bb87b,9c393e836a852f30,c814b4c899793af6,Mauricio Ruffy,Rafael Fiziev,1,2026,2016-01-02,2025-12-13,0.01,1.10967577379957,0.537707815000257,0.564801829731574,0.542409421476245,0.542924180216917,0.551886932848271,0.577081446650393,0.549687246545072
2026-01-31,30ad2050273d016a,5c73e0013b859664,1dd1a3aacde66f72,a1ad35b98a9136e5,Sulangrangbo,Lawrence Lui,0,2026,2016-01-02,2025-12-13,0.01,1.10967577379957,0.611987185897449,0.6136722683845,0.594113287239259,0.594619700987582,0.602036695864357,0.610838867528149,0.599969848456417
2026-01-31,30ad2050273d016a,67765535bd0b6bdf,17923f676f100e16,c62fbc117d57b943,Tallison Teixeira,Tai Tuivasa,1,2026,2016-01-02,2025-12-13,0.01,1.10967577379957,0.831442134389806,0.834519207136283,0.830602162179531,0.841900061794459,0.800424323048258,0.789207911109553,0.794070008955773
2026-01-31,30ad2050273d016a,780bae82bdfc7112,3618e0632ecdba9c,f201f21cf2c79eb2,Keiichiro Nakamura,Sebastian Szalay,1,2026,2016-01-02,2025-12-13,0.01,1.10967577379957,0.627468271743862,0.630710839767035,0.624839144331836,0.62773271117083,0.625997184812688,0.625044198849937,0.641264601436358
2026-01-31,30ad2050273d016a,78912b78aa946375,6b56e94a59b7b134,f782f953bfe7b5f2,Oban Elliott,Jonathan Micallef,0,2026,2016-01-02,2025-12-13,0.01,1.10967577379957,0.56002646347562,0.561093561434705,0.552510302015778,0.550596153146554,0.515210018570453,0.493980448575762,0.508939157887824
2026-01-31,30ad2050273d016a,a7ae8f6eb5fc3a79,193b9d1858bc4df3,c2299ec916bc7c56,Dan Hooker,Benoit Saint Denis,0,2026,2016-01-02,2025-12-13,0.01,1.10967577379957,0.21237730135463,0.2006641184833,0.224519951688188,0.201274286133067,0.214348349214418,0.218292547142141,0.212428080117838
2026-01-31,30ad2050273d016a,ad14c502c9c5a7e9,530af2900b5a1693,a264d4e9a4d6bfe4,Dom Mar Fan,Sangwook Kim,1,2026,2016-01-02,2025-12-13,0.01,1.10967577379957,0.636179697383255,0.637094874654992,0.631029054024898,0.633927497809113,0.627493035412907,0.642388525381913,0.626395791385378
2026-01-31,30ad2050273d016a,b06b43670238c2d8,e1248941344b3288,f166e93d04a8c274,Alexander Volkanovski,Diego Lopes,1,2026,2016-01-02,2025-12-13,0.01,1.10967577379957,0.530931594995562,0.523232649321274,0.491668913436847,0.516278141541285,0.597569796699515,0.583925900631034,0.592701168646222
2026-01-31,30ad2050273d016a,d94f1b32a81e3fa1,07a74004d964c7f4,c15fa95b9a12fde4,Billy Elekana,Junior Tafa,1,2026,2016-01-02,2025-12-13,0.01,1.10967577379957,0.661167724934906,0.669742511932911,0.670249818108608,0.669003682411266,0.647301383460466,0.652655921785799,0.61697488263511
2026-02-07,c337c3c85b1871e0,2a26c0cfa06265b7,a09ed60aa67a3f67,ffd3224638c01b57,Farid Basharat,Jean Matsumoto,1,2026,2016-01-02,2025-12-13,0.01,1.10967577379957,0.639207295707573,0.654766323957426,0.645500595037689,0.6470116513515,0.718567527644545,0.711094937041268,0.732371199406651
2026-02-07,c337c3c85b1871e0,2bbfbb234c255249,9f5e3c20ce40b344,b1e5bcaad32a3cac,Klaudia Sygula,Priscila Cachoeira,1,2026,2016-01-02,2025-12-13,0.01,1.10967577379957,0.894462854583218,0.898398912613659,0.90485206293809,0.897040513155572,0.905789051873906,0.909772954792071,0.897851666562965
2026-02-07,c337c3c85b1871e0,6cca11f353a2b42d,6add18754930182b,e4277e87a789d687,Julius Walker,Dustin Jacoby,0,2026,2016-01-02,2025-12-13,0.01,1.10967577379957,0.632315559577404,0.646707809724772,0.643110196649512,0.641880068259217,0.609929327454025,0.633763181545513,0.674059354645748
2026-02-07,c337c3c85b1871e0,84e8ccc3c97c2b4c,2997e7fe3c9d3d4a,de594b35c45c2e9a,Wang Cong,Eduarda Moura,1,2026,2016-01-02,2025-12-13,0.01,1.10967577379957,0.364568715549955,0.364874766964618,0.359202106021656,0.362097267790696,0.374181133841195,0.376820843128893,0.388000179883894
2026-02-07,c337c3c85b1871e0,86df0e75f41784d8,51ec9dc3b4964f19,bbab3baf66128ae2,Gianni Vazquez,Javid Basharat,0,2026,2016-01-02,2025-12-13,0.01,1.10967577379957,0.316340180860529,0.324439812732574,0.336710153203118,0.311442828601709,0.324592812723959,0.348074936106484,0.353270226428227
2026-02-07,c337c3c85b1871e0,8fea32ab0445859c,0d65c432720accb9,8e9eb3fc86db0f7d,Michal Oleksiejczuk,Marc-Andre Barriault,1,2026,2016-01-02,2025-12-13,0.01,1.10967577379957,0.755242765327543,0.765456858110176,0.762892851705653,0.759964629109411,0.775778122882253,0.808192888835232,0.813873200065507
2026-02-07,c337c3c85b1871e0,9d30c887e8bd8824,6902fcf0610dd303,a54660deb6a8489c,Jakub Wiklacz,Muin Gafurov,1,2026,2016-01-02,2025-12-13,0.01,1.10967577379957,0.370651297407856,0.384742113807419,0.374628168168232,0.368029723053376,0.342614111524703,0.360509135502136,0.3327155554683
2026-02-07,c337c3c85b1871e0,a5c5f76cf0a7c784,41e83a89929d1327,739fd4fbb5d862f4,Jailton Almeida,Rizvan Kuniev,0,2026,2016-01-02,2025-12-13,0.01,1.10967577379957,0.865164234931103,0.877631996562101,0.861909296357337,0.869648549392378,0.838228617277084,0.86414428808958,0.8359897524102
2026-02-07,c337c3c85b1871e0,abefaf1807941ee4,0f1efce7d2571d10,d8da10db80131bec,Nikolay Veretennikov,Niko Price,1,2026,2016-01-02,2025-12-13,0.01,1.10967577379957,0.53186045695556,0.524816583750953,0.527797619140355,0.542961986579302,0.505527892282092,0.465059308707889,0.461483673778882
2026-02-07,c337c3c85b1871e0,cc5c5a8cff4c1ae9,7138a15258dabf20,8bd4200561c77a62,Bruna Brasil,Ketlen Souza,0,2026,2016-01-02,2025-12-13,0.01,1.10967577379957,0.31841968024342,0.331451065095518,0.32420253300815,0.310202660571884,0.298063409973204,0.304419241225314,0.352636511492572
2026-02-07,c337c3c85b1871e0,dbbf8334a2600895,6d35bf94f7d30241,98aa60cf58071fd6,Amir Albazi,Kyoji Horiguchi,0,2026,2016-01-02,2025-12-13,0.01,1.10967577379957,0.367828988667852,0.369037684616358,0.403770412481011,0.359917603435091,0.347742312386756,0.404012556014898,0.385150526250307
2026-02-07,c337c3c85b1871e0,f964d2dda87f25f0,70dd69b6a703257e,cdb96af67d096b1e,Daniil Donchenko,Alex Morono,1,2026,2016-01-02,2025-12-13,0.01,1.10967577379957,0.889863144914439,0.888017124639156,0.88660062859393,0.898578645765167,0.885771178250918,0.872779886941388,0.869316002634232
2026-02-07,c337c3c85b1871e0,fb4b1754d510b0d0,18d01f7f8338ae72,bc711b6dd95c1af6,Vinicius Oliveira,Mario Bautista,0,2026,2016-01-02,2025-12-13,0.01,1.10967577379957,0.551577098164045,0.552800177758351,0.555085607132451,0.569654868253844,0.549768121808302,0.552138749617589,0.54098755513126
2026-02-21,79ab17db3b40831a,04b7bcc0e8488604,7d8435c56043b0ae,e2f6b2769aaedd6c,Ante Delija,Serghei Spivac,0,2026,2016-01-02,2025-12-13,0.01,1.10967577379957,0.363861751751625,0.364248922590861,0.378281625812863,0.377099055989828,0.374977561397325,0.338795005307008,0.420864324337178
2026-02-21,79ab17db3b40831a,202d3277e569ad03,28d421729451c8ca,c68c68efaa5ca6ef,Carlos Leal,Chidi Njokuani,1,2026,2016-01-02,2025-12-13,0.01,1.10967577379957,0.510566509598018,0.499133600711004,0.502092500130977,0.517989013928564,0.509535986169876,0.492906911702438,0.502563094132896
2026-02-21,79ab17db3b40831a,372d1dee0db8dbee,23dec7c47cb418f8,595db60957de51d3,Zach Reese,Michel Pereira,0,2026,2016-01-02,2025-12-13,0.01,1.10967577379957,0.540102798028956,0.533775846760916,0.512288234921487,0.533973443733873,0.538612762672483,0.494540421348665,0.494384772122214
2026-02-21,79ab17db3b40831a,508e622130b0a84d,8e382b585a92affe,a3dda21be645be93,Phil Rowe,Jean-Paul Lebosnoyani,0,2026,2016-01-02,2025-12-13,0.01,1.10967577379957,0.467150141992164,0.473258276155328,0.448951082305392,0.47578740570675,0.481556738152493,0.480583138018044,0.510860226059399
2026-02-21,79ab17db3b40831a,54437b8dba3a6110,85497ffd934ecf7e,e5864a42c80294f6,Jacobe Smith,Josiah Harrell,1,2026,2016-01-02,2025-12-13,0.01,1.10967577379957,0.679824792135324,0.699382874996971,0.697876681228171,0.694851521217313,0.673812836278673,0.662464577995198,0.675935495973021
2026-02-21,79ab17db3b40831a,5b97f47cdd355cbe,70380ccdc81915b8,ac026518a9b4dc0f,Yadier del Valle,Jordan Leavitt,0,2026,2016-01-02,2025-12-13,0.01,1.10967577379957,0.534281069911406,0.545629787413965,0.602843478718539,0.533838948607762,0.551115597443094,0.534240940216185,0.603533699887281
2026-02-21,79ab17db3b40831a,6e78d874097a3d22,aa0c573da7119292,f1ab6f37492c630a,Juliana Miller,Carli Judice,0,2026,2016-01-02,2025-12-13,0.01,1.10967577379957,0.221515985704758,0.215542136481217,0.223191263240011,0.20512639690702,0.190967310009723,0.177164060747342,0.194401679896135
2026-02-21,79ab17db3b40831a,8d740c844353ae0e,093e1f5bb73850be,0d8011111be000b2,Anthony Hernandez,Sean Strickland,0,2026,2016-01-02,2025-12-13,0.01,1.10967577379957,0.823904111296251,0.831041382280707,0.817595633027947,0.848725759484164,0.828924255065811,0.830743829871981,0.796411105941234
2026-02-21,79ab17db3b40831a,8f9896e60047007f,3d074044a33825e7,64facb6cc564262d,Ramiz Brahimaj,Punahele Soriano,0,2026,2016-01-02,2025-12-13,0.01,1.10967577379957,0.405740833040119,0.398931097359821,0.391385820452074,0.407553686531105,0.383790644185767,0.374410496064841,0.376173852178179
2026-02-21,79ab17db3b40831a,ac39c1f00ae31e58,29162be25ebef5f0,5e9ca8dd7d783a75,Luis Gurule,Alden Coria,0,2026,2016-01-02,2025-12-13,0.01,1.10967577379957,0.198796182773796,0.181855472541363,0.18397649559989,0.180023946195685,0.18196914948493,0.173569134263033,0.194840466272566
2026-02-21,79ab17db3b40831a,dc6f6c8228390ebb,20bccc9bb4ceb23e,82a5152216251682,Melquizael Costa,Dan Ige,1,2026,2016-01-02,2025-12-13,0.01,1.10967577379957,0.78297543838346,0.783104303172214,0.792849364696007,0.778110704583263,0.780293340368116,0.763451169151164,0.744861985192344
2026-02-21,79ab17db3b40831a,dd12bf51c5ed7f1e,681399317dbf4701,b997be68943010fc,Uros Medic,Geoff Neal,1,2026,2016-01-02,2025-12-13,0.01,1.10967577379957,0.532580530452887,0.532922435731083,0.527643168781517,0.528882503393989,0.569876652138409,0.580723104077369,0.537905656871188
2026-02-21,79ab17db3b40831a,fd56a469e4589ebc,f2b3f4ef3f780168,f9ab66e67240db7b,Nora Cornolle,Joselyne Edwards,0,2026,2016-01-02,2025-12-13,0.01,1.10967577379957,0.395374079681776,0.387584757615749,0.383291780414602,0.379684937638934,0.387298317002409,0.363751547078324,0.426628786932213
2026-02-28,0cfbbfa0ba6d9855,1330b5c21269fe92,792be9a24df82ed6,bb2c3c3a466224af,Brandon Moreno,Lone'er Kavanagh,0,2026,2016-01-02,2025-12-13,0.01,1.10967577379957,0.68419435311122,0.69127822882579,0.693705672324416,0.688974626279604,0.635359692831352,0.637751753082482,0.667516706664161
2026-02-28,0cfbbfa0ba6d9855,15068d7b095ca9bd,34b96d52db1d26e6,6e8349a0a0476d60,Kevin Borjas,Imanol Rodriguez,0,2026,2016-01-02,2025-12-13,0.01,1.10967577379957,0.448471847956698,0.447188889392437,0.454741542248247,0.453650262867744,0.52162252360933,0.518883377792008,0.476272458093064
2026-02-28,0cfbbfa0ba6d9855,25ab195cefbce1d0,7debc13b36343605,9c27f3217891f3f0,Cristian Quinonez,Kris Moutinho,1,2026,2016-01-02,2025-12-13,0.01,1.10967577379957,0.806401564474045,0.813178489831396,0.849774450729941,0.821550242662235,0.826791954780932,0.798360961900562,0.823392621999963
2026-02-28,0cfbbfa0ba6d9855,36d12b31957e94db,7c7332319c14094c,9a97acbfd5a08bfa,Marlon Vera,David Martinez,0,2026,2016-01-02,2025-12-13,0.01,1.10967577379957,0.366330288381246,0.348641343861962,0.373369955074935,0.350491654004036,0.383585388396073,0.371255415231407,0.357177886434451
2026-02-28,0cfbbfa0ba6d9855,3b76a00f5d0400eb,07797f10b9569cfc,faf317c665546a36,Angel Pacheco,Santiago Luna,0,2026,2016-01-02,2025-12-13,0.01,1.10967577379957,0.134521818824908,0.127674701882705,0.136007583084225,0.126766607734446,0.149300148208658,0.144068142471876,0.163045619792506
2026-02-28,0cfbbfa0ba6d9855,44d58943ac8e47e1,9f5609dba6584ab2,e4faa79383c9f214,Regina Tarin,Ernesta Kareckaite,1,2026,2016-01-02,2025-12-13,0.01,1.10967577379957,0.513842168083161,0.500597374932228,0.486747077405465,0.482783354559928,0.499568001934236,0.514537311820312,0.461820595566888
2026-02-28,0cfbbfa0ba6d9855,45ec0c5f19c9adbe,baa9be02c3e3e038,e463ce0a2ca474f4,Jose Daniel Medina,Ryan Gandra,0,2026,2016-01-02,2025-12-13,0.01,1.10967577379957,0.225396765977258,0.21581183423613,0.216143967417958,0.209134084781713,0.244960151779119,0.253959988102299,0.272169786753888
2026-02-28,0cfbbfa0ba6d9855,581292ffe5b09344,21b813b919776d90,5d495dec23d7c68e,Erik Silva,Francis Marshall,0,2026,2016-01-02,2025-12-13,0.01,1.10967577379957,0.26975222753861,0.243463145167267,0.242394616308385,0.258017493222709,0.22601441842035,0.211243979247026,0.187537542494862
2026-02-28,0cfbbfa0ba6d9855,6154ee95d3f4fc32,3a314d9fa7c6825d,4a574b8512fc1b30,Douglas Silva de Andrade,Javier Reyes,0,2026,2016-01-02,2025-12-13,0.01,1.10967577379957,0.369461405851328,0.369442800158887,0.357033953393118,0.372359943070758,0.740738113554364,0.654121100630991,0.703045574395771
2026-02-28,0cfbbfa0ba6d9855,7df505d8260ba680,53c10176e3bc7416,5ef94841c4bc3f86,Felipe Bunes,Edgar Chairez,0,2026,2016-01-02,2025-12-13,0.01,1.10967577379957,0.46643978266221,0.444241412553289,0.453365678186651,0.458980094369916,0.457116504056585,0.424095095043186,0.451966964943047
2026-02-28,0cfbbfa0ba6d9855,81f3d28d30d17378,4148802ae4a50768,887961364be5ceb3,Daniel Zellhuber,King Green,0,2026,2016-01-02,2025-12-13,0.01,1.10967577379957,0.649225341299344,0.650428865991126,0.679046181063435,0.648678131022057,0.610822510290854,0.574849008687525,0.590647379437006
2026-02-28,0cfbbfa0ba6d9855,c40b934d2666e351,06e4245d16fc5315,9cdd2da1a9104a0b,Ailin Perez,Macy Chiasson,1,2026,2016-01-02,2025-12-13,0.01,1.10967577379957,0.662050538381315,0.664384277915938,0.691645354814235,0.671094270604774,0.723631695804595,0.762275639283434,0.705319618476619
2026-02-28,0cfbbfa0ba6d9855,c6a85b67fdd2ef3d,b4443fae47e7eb9d,fdd22e895a70e4a8,Wes Schultz,Damian Pinas,0,2026,2016-01-02,2025-12-13,0.01,1.10967577379957,0.388044048327937,0.386380068527059,0.39590368994811,0.39374295639109,0.39985254416374,0.387599579980176,0.395119157684547
2026-03-07,15ec018d144710db,6a4738656c493ee9,1e719d4b676dc19a,d1c65d2cf2925ddd,Brunno Ferreira,Gregory Rodrigues,0,2026,2016-01-02,2025-12-13,0.01,1.10967577379957,0.418448518444486,0.412180124697485,0.440613059125222,0.41830215933562,0.385350395752828,0.376167727877368,0.380001239649776
2026-03-07,15ec018d144710db,6feb49a6b7e8433c,a112097ad877a48f,cd3d7e37ff2d679c,Alberto Montes,Ricky Turcios,1,2026,2016-01-02,2025-12-13,0.01,1.10967577379957,0.580216944060906,0.564965938586502,0.587167646524257,0.578733103578844,0.56700339040821,0.582683909997565,0.526669336031128
2026-03-07,15ec018d144710db,9c8d5dbd8905a715,ad5cb64af10fc946,f14f644d41ade29f,Donte Johnson,Cody Brundage,1,2026,2016-01-02,2025-12-13,0.01,1.10967577379957,0.798532248728728,0.801711243313356,0.803404880620612,0.805008384178022,0.815653072440777,0.794964729758475,0.813207778424802
2026-03-07,15ec018d144710db,a22fd3735819d858,3cf18e01cb6cbde3,c051c2e12d692b8a,Sumudaerji,Jesus Aguilar,1,2026,2016-01-02,2025-12-13,0.01,1.10967577379957,0.531813718725082,0.522957275453212,0.527520039109922,0.546975311441372,0.534285892410604,0.50958855188169,0.504635777529455
2026-03-07,15ec018d144710db,a5abdc461cb1538e,69898645d600abdb,d62e280d0f7b6d6f,Rodolfo Bellato,Luke Fernandez,1,2026,2016-01-02,2025-12-13,0.01,1.10967577379957,0.632199078509724,0.632549023401343,0.629501904838202,0.627844100880526,0.607745666137989,0.62174954639797,0.620731068630202
2026-03-07,15ec018d144710db,bed89a91da9d04c1,05339613bf8e9808,fe2babf95de24fb1,Rob Font,Raul Rosas Jr.,0,2026,2016-01-02,2025-12-13,0.01,1.10967577379957,0.327327116639834,0.303261684013455,0.320882057453898,0.332803265781144,0.365394862492983,0.32200408160459,0.31641718464379
2026-03-07,15ec018d144710db,cc03e698c4b7da52,709fadb644ee3f51,d6a8edb7410223a0,Diyar Nurgozhay,Rafael Tobias,1,2026,2016-01-02,2025-12-13,0.01,1.10967577379957,0.306039861716621,0.293274115712003,0.301815503431971,0.303129982936319,0.340061198262278,0.332665789885804,0.358814977870526
2026-03-07,15ec018d144710db,d564db29997e1371,4126a78111c0855a,d549cefc7c54ab78,Caio Borralho,Reinier de Ridder,1,2026,2016-01-02,2025-12-13,0.01,1.10967577379957,0.63918547204213,0.619527401790089,0.640190471678396,0.623299005827511,0.675230630058122,0.655573100168916,0.614127859521693
2026-03-07,15ec018d144710db,ecd16d14a138d7fb,86bace9e4ad85542,d8c7c61b176e3994,Xiao Long,Cody Garbrandt,0,2026,2016-01-02,2025-12-13,0.01,1.10967577379957,0.626978950072487,0.618808832368007,0.633590356355715,0.615479611407442,0.614478076167168,0.538306492700524,0.525828800690582
2026-03-07,15ec018d144710db,f02c0adc4ae629c6,511e82663651438d,519e4fe37ce9ff75,Michael Johnson,Drew Dober,0,2026,2016-01-02,2025-12-13,0.01,1.10967577379957,0.589500256703272,0.59228626147634,0.629411363584561,0.601801579623242,0.600765463231918,0.605699092469773,0.587600757486572
2026-03-07,15ec018d144710db,f030febede41c661,07225ba28ae309b6,150ff4cc642270b9,Charles Oliveira,Max Holloway,1,2026,2016-01-02,2025-12-13,0.01,1.10967577379957,0.352358134648823,0.362566727268999,0.373612418430366,0.357623882235643,0.315458018493169,0.372173508451174,0.369269892971801
2026-03-07,15ec018d144710db,f661ef429055f8c1,17cb6d8e8187f304,7f6ed67d3ed3c036,Nyamjargal Tumendemberel,Cody Durden,1,2026,2016-01-02,2025-12-13,0.01,1.10967577379957,0.692385412509433,0.685588790057385,0.701559393591981,0.696105176065356,0.636218330618367,0.622969784133189,0.669453132665599
2026-03-14,babc6b5745335f18,244285b7fd0ddece,e375cb5caf4717b6,e94085e821bd81de,Piera Rodriguez,Sam Hughes,1,2026,2016-01-02,2025-12-13,0.01,1.10967577379957,0.404728897654599,0.400437989745182,0.382328391646358,0.398579669400945,0.406880328870968,0.406289043870381,0.411707554727733
2026-03-14,babc6b5745335f18,2c330a6f7f1e55f0,71171fc96445bf65,e56cee1ad697db04,Vitor Petrino,Steven Asplund,1,2026,2016-01-02,2025-12-13,0.01,1.10967577379957,0.506984083248955,0.511813016417692,0.506038458460301,0.491717481842565,0.497956676234352,0.507914204538185,0.435877217613575
2026-03-14,babc6b5745335f18,32d371462c539bee,6fc506e1099afe20,ec3bd30378d63dd1,Luan Lacerda,Hecher Sosa,0,2026,2016-01-02,2025-12-13,0.01,1.10967577379957,0.412661336631628,0.424839655749976,0.400263682693483,0.411595421701606,0.435496042879771,0.464734816328364,0.473010753250053
2026-03-14,babc6b5745335f18,3b7b771b9578383d,38c7f72747f4f712,3df5493bb279226f,Gillian Robertson,Amanda Lemos,1,2026,2016-01-02,2025-12-13,0.01,1.10967577379957,0.838724477615354,0.848106470798612,0.836204988080184,0.847578228445556,0.810069700335176,0.837121220099618,0.820416863784528
2026-03-14,babc6b5745335f18,8bee5192baec71d8,7d6ceff6747f2de2,8fd808923cffff82,Jose Delgado,Andre Fili,1,2026,2016-01-02,2025-12-13,0.01,1.10967577379957,0.796472954940399,0.800487681298148,0.792662403407878,0.802254953243124,0.839037676124075,0.833874365450111,0.853693855907419
2026-03-14,babc6b5745335f18,8cab057e6549afd0,60193e707634e560,eff9074bc066f0f2,Montse Rendon,Bia Mesquita,0,2026,2016-01-02,2025-12-13,0.01,1.10967577379957,0.364094480650485,0.365238555859008,0.349931479936202,0.355932254657781,0.30770628978838,0.325134618091902,0.318596090184238
2026-03-14,babc6b5745335f18,c769dd861357af9f,4bdedbdeedff7d1d,5870c541798124ae,Bolaji Oki,Manoel Sousa,0,2026,2016-01-02,2025-12-13,0.01,1.10967577379957,0.485256905959466,0.498743336127877,0.481404864596896,0.484555627232895,0.470651755669354,0.490383130019423,0.470075718918477
2026-03-14,babc6b5745335f18,cff81d681a01ae18,0c6d9ea8306c029e,cad24459b28592ca,Brad Tavares,Eryk Anders,0,2026,2016-01-02,2025-12-13,0.01,1.10967577379957,0.319605386984858,0.332657531254443,0.316721325930127,0.313344551508423,0.306772214262539,0.354544184289851,0.319231301180713
2026-03-14,babc6b5745335f18,db7694f4513120d5,46e2011d92463b7e,cd13728ae1151f46,Oumar Sy,Ion Cutelaba,0,2026,2016-01-02,2025-12-13,0.01,1.10967577379957,0.756182478604502,0.781169796959118,0.787593588893598,0.766974586654396,0.764752026564883,0.770981743289784,0.820044889421685
2026-03-14,babc6b5745335f18,e0acd0cf4930671b,2dbc60c52de126d8,6eedb757f13b9978,Harry Hardwick,Marwan Rahiki,0,2026,2016-01-02,2025-12-13,0.01,1.10967577379957,0.316096414234713,0.303187421145443,0.328053698754727,0.315135662881655,0.393624027893994,0.361480954437973,0.391784216873975
2026-03-14,babc6b5745335f18,f26c0bdf7689aea2,5442f1bc4b47eaf3,bf2c8e01b07d3eb1,Chris Curtis,Myktybek Orolbai,0,2026,2016-01-02,2025-12-13,0.01,1.10967577379957,0.15214434287548,0.149699576532604,0.166048380493048,0.14329108494695,0.146458689627234,0.143195730037753,0.1802684435528
2026-03-14,babc6b5745335f18,f44b4e998b6829f6,7478b7f959ba61f5,a474aade8eb3a8f0,Elijah Smith,SuYoung You,1,2026,2016-01-02,2025-12-13,0.01,1.10967577379957,0.528256127014593,0.525168168269749,0.514193670849704,0.532219118124747,0.492618487053456,0.510890195241309,0.524432393808002
2026-03-14,babc6b5745335f18,f594fc5c2bc6237e,239d8e5359022f3b,fba03cd6cc28dc41,Kevin Vallejos,Josh Emmett,1,2026,2016-01-02,2025-12-13,0.01,1.10967577379957,0.83438854243505,0.842511061035908,0.839366069277169,0.843926476338836,0.859778100651725,0.863554068982376,0.843830436125654
2026-03-14,babc6b5745335f18,fc9168fd102e2e66,294aa73dbf37d281,814e5233e2acf2ee,Bruno Silva,Charles Johnson,0,2026,2016-01-02,2025-12-13,0.01,1.10967577379957,0.363756788655749,0.365940605073585,0.3699879096652,0.362528367214084,0.333565233613083,0.363789536518575,0.389612044063039
2026-03-21,69108cb8b32efe04,216bc9b661485017,4948e412fa6ab67d,cfbb3edab781dfd2,Ravena Oliveira,Shanelle Dyer,0,2026,2016-01-02,2025-12-13,0.01,1.10967577379957,0.354806346274666,0.351581416612992,0.356287362729667,0.345136202372846,0.409442519922252,0.39614382281591,0.437901568482127
2026-03-21,69108cb8b32efe04,346e3897c2ead99a,396fe87b84ac2e1c,76e2870ffafbe38f,Lerone Murphy,Movsar Evloev,0,2026,2016-01-02,2025-12-13,0.01,1.10967577379957,0.418727596883714,0.42423022821171,0.445962884873144,0.408735342931315,0.393674272146175,0.396104248285187,0.373242095201844
2026-03-21,69108cb8b32efe04,3b9f50f07d9a1601,329e403448756217,5b43d68174b6e2ab,Nathaniel Wood,Losene Keita,1,2026,2016-01-02,2025-12-13,0.01,1.10967577379957,0.671179342669153,0.678160686025603,0.62886256195997,0.658599113622943,0.621031841025516,0.638685703191474,0.626126783023864
2026-03-21,69108cb8b32efe04,3ee578ddd071ad4c,1d2d98ddd05b38fb,f6ad6a1e4d600e0d,Axel Sola,Mason Jones,0,2026,2016-01-02,2025-12-13,0.01,1.10967577379957,0.538339449826721,0.544432737590441,0.583420044837007,0.531603552065413,0.526668665797874,0.5069039242966,0.596689304120623
2026-03-21,69108cb8b32efe04,43e26b46cbb51985,1c23ec2f1b71be40,be9bdec19b7e9ffe,Iwo Baraniewski,Austen Lane,1,2026,2016-01-02,2025-12-13,0.01,1.10967577379957,0.772561883732716,0.776311498314568,0.765441151909772,0.769480005798142,0.774027583686861,0.784452931273172,0.748492419285845
2026-03-21,69108cb8b32efe04,4e58bcc0d27042fd,9d51798e61f2e0c7,d964a59c48381cb6,Kurtis Campbell,Danny Silva,0,2026,2016-01-02,2025-12-13,0.01,1.10967577379957,0.389873474730444,0.38131345972241,0.371212609632663,0.376259784816535,0.390208975182398,0.393503330650219,0.433522015657502
2026-03-21,69108cb8b32efe04,562d916f55918901,327d5f279895110d,a93f94c923c3a9cb,Roman Dolidze,Christian Leroy Duncan,0,2026,2016-01-02,2025-12-13,0.01,1.10967577379957,0.257480821048675,0.252214797708819,0.255357801310084,0.245553700406205,0.234561032647498,0.252120307381385,0.271997912838324
2026-03-21,69108cb8b32efe04,5ee11b727e89e8ad,8b6e5dc2ba1edbe7,a67d071163962af8,Sam Patterson,Michael Page,0,2026,2016-01-02,2025-12-13,0.01,1.10967577379957,0.585327604922445,0.593183066141663,0.594875093274969,0.58198212861831,0.527042801318595,0.531980745290664,0.501555392125089
2026-03-21,69108cb8b32efe04,8817bd21b6d0a989,3cc506f115cbb9d5,6d48a2df51749d91,Mantas Kondratavicius,Antonio Trocoli,1,2026,2016-01-02,2025-12-13,0.01,1.10967577379957,0.802170392401237,0.811405309132947,0.800545758614315,0.811101933974237,0.729028821794484,0.742769852445065,0.711671599387573
2026-03-21,69108cb8b32efe04,90187edeeda7e6d6,39d309957c5c210d,e564146b9cf6dbef,Mario Pinto,Felipe Franco,1,2026,2016-01-02,2025-12-13,0.01,1.10967577379957,0.736273104556904,0.752591875655182,0.758072797657354,0.758905868001377,0.741098273933776,0.731276722901369,0.742131998140341
2026-03-21,69108cb8b32efe04,bbe0f3653de9f6a8,52b6bf4528130e86,597499ac7a5aac62,Shem Rock,Abdul-Kareem Al-Selwady,0,2026,2016-01-02,2025-12-13,0.01,1.10967577379957,0.602012594184128,0.608978865579434,0.601395534180863,0.613419198629653,0.604173552370632,0.587933139299221,0.64211691507174
2026-03-21,69108cb8b32efe04,bfd17ed83ec5b598,cdb7b38b1b357f26,d0fd0d9ee560dae7,Louie Sutherland,Brando Pericic,0,2026,2016-01-02,2025-12-13,0.01,1.10967577379957,0.303477463621809,0.28577241916568,0.294023687622463,0.284649621106241,0.346258662458,0.380443431014159,0.375191257819098
2026-03-21,69108cb8b32efe04,fa534aaa5b997a69,01c9e4013afce141,b1de86d835638319,Michael Aswell Jr.,Luke Riley,0,2026,2016-01-02,2025-12-13,0.01,1.10967577379957,0.416574888763805,0.425634075100482,0.403608139895083,0.408747244458038,0.420148173810449,0.442067729058792,0.456673652084336
2026-03-28,5c38639f860a5542,08d4e3864c44f8a5,bc7f4b2d4c2724a2,c9cf753cfdf77fc2,Tyrell Fortune,Marcin Tybura,1,2026,2016-01-02,2025-12-13,0.01,1.10967577379957,0.355393323716404,0.340277430038394,0.368295971051945,0.359307457402052,0.396470792284801,0.402387437906833,0.341113584582838
2026-03-28,5c38639f860a5542,1c50e43770ba84fc,04835018f90b118c,a6eb54ae17a551be,Casey O'Neill,Gabriella Fernandes,1,2026,2016-01-02,2025-12-13,0.01,1.10967577379957,0.729157277624678,0.725193354021309,0.661452280250714,0.723911448929569,0.766464413208394,0.763088526087655,0.750089689055606
2026-03-28,5c38639f860a5542,6102e7a6dcbc62f0,c58f51dedb310998,d8da10db80131bec,Michael Chiesa,Niko Price,1,2026,2016-01-02,2025-12-13,0.01,1.10967577379957,0.89838596403972,0.89684145321084,0.88812378208815,0.899650251435967,0.908379098911865,0.891287388339728,0.86714764438593
2026-03-28,5c38639f860a5542,689384b01b40ef5c,07bc580bdf3eb9c8,971246648e162f0d,Lance Gibson Jr.,Chase Hooper,1,2026,2016-01-02,2025-12-13,0.01,1.10967577379957,0.271996510221863,0.250905599761938,0.273981354175391,0.263616580445694,0.0734824238417702,0.0950358273717595,0.0850525551153693
2026-03-28,5c38639f860a5542,796e1151896195aa,545092d13c67aa49,7138a15258dabf20,Alexia Thainara,Bruna Brasil,1,2026,2016-01-02,2025-12-13,0.01,1.10967577379957,0.807017526673965,0.816273894760707,0.811954275699067,0.821446642627748,0.78821610887335,0.781778709942327,0.759402642928101
2026-03-28,5c38639f860a5542,85e94a6c071fd9fa,1338e2c7480bdf9e,c1085e1701b13eca,Israel Adesanya,Joe Pyfer,0,2026,2016-01-02,2025-12-13,0.01,1.10967577379957,0.375107288692944,0.365314747555144,0.385661040138355,0.37417784901239,0.374096097219395,0.342811039681145,0.363729162729795
2026-03-28,5c38639f860a5542,9a0ecee6e8ca173f,6a740daf1b279661,e8b731feff72294b,Maycee Barber,Alexa Grasso,0,2026,2016-01-02,2025-12-13,0.01,1.10967577379957,0.674554746780338,0.698811812669304,0.656104001652764,0.668375050947016,0.725055625752168,0.749717114085572,0.740525122821351
2026-03-28,5c38639f860a5542,a76e14495e61cf19,31f8081c7600da93,809bd1a871491508,Kyle Nelson,Terrance McKinney,0,2026,2016-01-02,2025-12-13,0.01,1.10967577379957,0.442394416245984,0.434124223482606,0.474751100989711,0.445989433507617,0.384867471249244,0.374102522924099,0.352399836795875
2026-03-28,5c38639f860a5542,dbf1ee1a1912c735,0abcf6bc47191219,b4b496ec2197ee3e,Bruno Lopes,Navajo Stirling,0,2026,2016-01-02,2025-12-13,0.01,1.10967577379957,0.281829445519416,0.264007758224309,0.285023326592617,0.272681323747827,0.311555258978856,0.261550190195197,0.294286544247658
2026-03-28,5c38639f860a5542,e32dc26b11d1f81d,7674b836ce0698a0,841695e02c99a521,Yousri Belgaroui,Mansur Abdul-Malik,1,2026,2016-01-02,2025-12-13,0.01,1.10967577379957,0.541045997875569,0.523990757154742,0.547162633778626,0.55314719930574,0.491418284679873,0.477499372983218,0.507305795486766
2026-03-28,5c38639f860a5542,f9f5071b993a5f4b,640a0f838f057a81,902ec2cc48c8ae8a,Lerryan Douglas,Julian Erosa,1,2026,2016-01-02,2025-12-13,0.01,1.10967577379957,0.404235719131822,0.407752933922256,0.426005382943452,0.39800818273655,0.374555147398873,0.392964618346393,0.437564370975839
2026-03-28,5c38639f860a5542,fa96d6252579b51e,ae81a3ac7b260411,e4a47b07044ddd72,Tofiq Musayev,Ignacio Bahamondes,1,2026,2016-01-02,2025-12-13,0.01,1.10967577379957,0.157663539047781,0.144261591937204,0.171756239560876,0.148593314013052,0.171584771337304,0.154417310589874,0.156909863834798
2026-04-04,9a70f67ad2187fa3,0760bc02280574dd,764d39074a352e33,ba15006c804a8de0,Thomas Petersen,Guilherme Pat,1,2026,2016-01-02,2025-12-13,0.01,1.10967577379957,0.475212182942028,0.461673839657541,0.461177287284285,0.473835247032517,0.445385446720743,0.434511538424301,0.397850205721618
2026-04-04,9a70f67ad2187fa3,721642e7de112e9e,7dda2cf308f24a02,d25240135aee03e5,Virna Jandiroba,Tabatha Ricci,1,2026,2016-01-02,2025-12-13,0.01,1.10967577379957,0.503038419666862,0.514064560249663,0.528617869167438,0.52275589776553,0.507295402778103,0.470386696422791,0.557176682058892
2026-04-04,9a70f67ad2187fa3,74bb036ef0493bf7,3c26c420584d912d,81d2c551886bd5a1,Hailey Cowan,Alice Pereira,0,2026,2016-01-02,2025-12-13,0.01,1.10967577379957,0.11431079938104,0.112498122912011,0.116160862012994,0.117183331985331,0.139242201310289,0.116771331750609,0.104352595091538
2026-04-04,9a70f67ad2187fa3,7924f10aac3543de,92aed9d16794f42b,d7c4956d61ae76a9,Robert Ruchala,Jose Delano,0,2026,2016-01-02,2025-12-13,0.01,1.10967577379957,0.672179946146588,0.667718475714648,0.668384322325128,0.669986931505005,0.712782830564445,0.68722789988142,0.705921085956698
2026-04-04,9a70f67ad2187fa3,9c9c26679701b84d,65db4065e2bc107d,f9b200db02b488d9,Darrius Flowers,Lando Vannata,1,2026,2016-01-02,2025-12-13,0.01,1.10967577379957,0.390800186992955,0.392264022002143,0.411346867161781,0.374091847408736,0.338520268267405,0.33645088866737,0.42747234770038
2026-04-04,9a70f67ad2187fa3,a5a749aa0061fdb4,6142edbd477d20c9,eee0ef3e2b14816b,Dakota Hope,Kai Kamaka III,0,2026,2016-01-02,2025-12-13,0.01,1.10967577379957,0.540930899294318,0.538428406651051,0.612765129109349,0.544753585688771,0.18651571860246,0.263282562190074,0.239213428053176
2026-04-04,9a70f67ad2187fa3,ad487d1c6141d90a,49edd0d90f60fb7d,95aff2fd8d09a5f0,Brendson Ribeiro,Abdul Rakhman Yakhyaev,0,2026,2016-01-02,2025-12-13,0.01,1.10967577379957,0.247153513528736,0.234220910371492,0.2478324723562,0.242607781881095,0.279520070589087,0.32254958382572,0.303309847517791
2026-04-04,9a70f67ad2187fa3,af2a9d47ca8115e4,2bd98ab77a8daa75,3fa97913cfd205d3,Stewart Nicoll,Alessandro Costa,0,2026,2016-01-02,2025-12-13,0.01,1.10967577379957,0.382308231612259,0.372411876535571,0.376256317227774,0.373586022761949,0.372387262385682,0.310913759511891,0.322326890236278
2026-04-04,9a70f67ad2187fa3,c27bec45d5a29a2c,6b0a6def604de298,fd7ab338e4953644,Tommy McMillen,Manolo Zecchini,1,2026,2016-01-02,2025-12-13,0.01,1.10967577379957,0.696265863933114,0.708774596439424,0.697933487775823,0.710272628079415,0.692968778593942,0.681045049145745,0.642380256094762
2026-04-04,9a70f67ad2187fa3,caf13346cbcfdb03,27b388f0aab49780,a4a80dd7336ffd59,Dione Barbosa,Melissa Gatto,1,2026,2016-01-02,2025-12-13,0.01,1.10967577379957,0.416700721005726,0.424375540409516,0.426747843308572,0.423816041289452,0.450083158743168,0.427842303752035,0.42254883969269
2026-04-04,9a70f67ad2187fa3,d69bd8e53ec858dc,b6452706b373eea1,fd406a32a6fb3a29,Renato Moicano,Chris Duncan,1,2026,2016-01-02,2025-12-13,0.01,1.10967577379957,0.419038498586885,0.420834444640343,0.462888748327379,0.429948413776805,0.454822369362207,0.476242752006161,0.578131420952839
2026-04-04,9a70f67ad2187fa3,e284a194fb4648a9,147e70aa6cc48cfc,3bc3f60b21cddc6a,Tresean Gore,Azamat Bekoev,1,2026,2016-01-02,2025-12-13,0.01,1.10967577379957,0.305041968930826,0.283229830377526,0.309044316805637,0.295312730298355,0.327990673116436,0.31830447992213,0.279264798016916
2026-04-04,9a70f67ad2187fa3,fef80c98b2fba70c,83455a9d17f57dae,d776b5814f2400b4,Rafael Estevam,Ethyn Ewing,0,2026,2016-01-02,2025-12-13,0.01,1.10967577379957,0.60171499759393,0.623513103642895,0.610581612991584,0.613933996516318,0.536995860922937,0.571875009438591,0.557163776919339
2026-04-11,f3eb664db7fb1df3,10ab34056720b6b4,5537efc6e496dd84,98a58c26c5b1ed17,Aaron Pico,Patricio Pitbull,1,2026,2016-01-02,2025-12-13,0.01,1.10967577379957,0.679209961474511,0.668176893661216,0.668913661041985,0.674147057101958,0.661760486764097,0.650065479119934,0.681201989004522
2026-04-11,f3eb664db7fb1df3,20868a67bea63129,6d4b63c767106d3a,8c0580d4fff106c1,Vicente Luque,Kelvin Gastelum,1,2026,2016-01-02,2025-12-13,0.01,1.10967577379957,0.544897166839475,0.550736268323963,0.546288239468796,0.533098580965345,0.48482051881404,0.470081952704687,0.476797691610946
2026-04-11,f3eb664db7fb1df3,5b49c3d36907c6df,3920d0cc288f9b0d,feedf3053472fe56,Francisco Prado,Charles Radtke,0,2026,2016-01-02,2025-12-13,0.01,1.10967577379957,0.589284291814963,0.573697811435509,0.589532940874545,0.596728963825439,0.542785280113819,0.580122546319055,0.523479862297121
2026-04-11,f3eb664db7fb1df3,60949f33201415ca,583ee11abddfc581,d247691a6c0e9034,Nate Landwehr,Cub Swanson,0,2026,2016-01-02,2025-12-13,0.01,1.10967577379957,0.348805578074245,0.341039622070344,0.333658356193061,0.349087233564105,0.322114421896937,0.293864144412823,0.313189915838054
2026-04-11,f3eb664db7fb1df3,62b5ce408c150fa8,323d4ca260dfa0ba,72db2a14ffa73ece,Esteban Ribovics,Mateusz Gamrot,0,2026,2016-01-02,2025-12-13,0.01,1.10967577379957,0.289930287664547,0.285572541150887,0.293451879436501,0.267910570442232,0.234232300901004,0.266062262006024,0.193671354946146
2026-04-11,f3eb664db7fb1df3,903552edaba48f4a,955da1675ad58a50,fa6796c55d6c5440,Josh Hokit,Curtis Blaydes,1,2026,2016-01-02,2025-12-13,0.01,1.10967577379957,0.355907471517218,0.375696334967458,0.440622476666034,0.374461754230175,0.429324630023253,0.404604360346263,0.501435647669852
2026-04-11,f3eb664db7fb1df3,a031f062b7ffefee,009341ed974bad72,9014c02eff8b3d62,Jiri Prochazka,Carlos Ulberg,0,2026,2016-01-02,2025-12-13,0.01,1.10967577379957,0.469642194736601,0.454054903791087,0.48844816622116,0.469332716052007,0.394879810622278,0.385239588076945,0.401748694826681
2026-04-11,f3eb664db7fb1df3,aade9d76ac6c6aef,2e5c2aa8e4ab9d82,e90a2f22417af68e,Paulo Costa,Azamat Murzakanov,1,2026,2016-01-02,2025-12-13,0.01,1.10967577379957,0.345512355736303,0.328208094488787,0.372899084354345,0.354593170261536,0.276404030238226,0.286687933885654,0.272066014837611
2026-04-11,f3eb664db7fb1df3,b4e16fb13153efdc,3a46b268013afede,c6aee362c7a7d482,Kevin Holland,Randy Brown,1,2026,2016-01-02,2025-12-13,0.01,1.10967577379957,0.576929417032785,0.564931860867681,0.595872176067552,0.598336923210576,0.527660528095743,0.470605941442638,0.441320700671083
2026-04-11,f3eb664db7fb1df3,c4d060cff018979a,2e19380f34871c6a,c21f26bbde777573,Dominick Reyes,Johnny Walker,1,2026,2016-01-02,2025-12-13,0.01,1.10967577379957,0.599915293768601,0.602745389932502,0.576119738038483,0.613636887589852,0.616940568424443,0.594778841333077,0.648537557159318
2026-04-11,f3eb664db7fb1df3,f506977877074aa6,8e5d953bdb9ae5e7,b08012bbe542592a,Loopy Godinez,Tatiana Suarez,0,2026,2016-01-02,2025-12-13,0.01,1.10967577379957,0.38218788300995,0.391758913631961,0.421179707679405,0.381084053613909,0.358749727472763,0.395736324012612,0.401585179378649
2026-04-18,c3ac8d0da7b05772,0b6c13ab8ad7f82b,5c637af9472ae7cc,6fd953151d981979,Jamey-Lyn Horth,JJ Aldrich,0,2026,2016-01-02,2025-12-13,0.01,1.10967577379957,0.597225443113418,0.594162173831067,0.609175638206942,0.604768245738472,0.573128448015072,0.552822940230865,0.526533025627219
2026-04-18,c3ac8d0da7b05772,32054bf2b36b0e47,23024fdfc966410a,dd6103dd7127db1d,Gilbert Burns,Mike Malott,0,2026,2016-01-02,2025-12-13,0.01,1.10967577379957,0.296266732489917,0.271043486757043,0.277473391183805,0.280614517803085,0.290218655007034,0.274331212569989,0.284595159282998
2026-04-18,c3ac8d0da7b05772,32087c183dffcae0,450bcab0968562c4,e6679e38e7fab7a8,John Yannis,Jamie Siraj,1,2026,2016-01-02,2025-12-13,0.01,1.10967577379957,0.498539630433697,0.491099328029625,0.49789920569081,0.48885346368074,0.491474351478223,0.479665074043351,0.538931158285816
2026-04-18,c3ac8d0da7b05772,5a209522211d7530,9d62c2d8ee151f08,a9e260472d321361,Karine Silva,Jasmine Jasudavicius,0,2026,2016-01-02,2025-12-13,0.01,1.10967577379957,0.413034195839316,0.405752213648494,0.436257912818461,0.425348657437154,0.42228049742986,0.482930513348104,0.397387496165965
2026-04-18,c3ac8d0da7b05772,678440bd8274a18e,c4d039123e62f6a9,c85bad793cd14e28,Dennis Buzukja,Marcio Barbosa,0,2026,2016-01-02,2025-12-13,0.01,1.10967577379957,0.443914476941045,0.4415904254324,0.43874974195666,0.438188814203845,0.480459708138486,0.475625607292453,0.521159729253795
2026-04-18,c3ac8d0da7b05772,85c7a0f44aa3e10a,04c8b08b16a5b99e,1a97a3ef4c758fae,Tanner Boser,Gokhan Saricam,0,2026,2016-01-02,2025-12-13,0.01,1.10967577379957,0.521260901845238,0.536010505503171,0.537463226017472,0.540020261446373,0.498602632190238,0.525545904856845,0.556156112585573
2026-04-18,c3ac8d0da7b05772,9fab4b0ad082f670,0cd0456d6029cec2,cd0dfd9846bd03b9,Robert Valentin,Julien Leblanc,1,2026,2016-01-02,2025-12-13,0.01,1.10967577379957,0.426517065987963,0.413344962752318,0.418275171335989,0.42038010541338,0.408761304830045,0.395593881548282,0.414700273785553
2026-04-18,c3ac8d0da7b05772,a661c0bee7c8d5af,b2a78df161bd67f9,d945aae53e3e54e6,Gauge Young,Thiago Moises,1,2026,2016-01-02,2025-12-13,0.01,1.10967577379957,0.622542624481961,0.622804787603537,0.591707030923708,0.623205185308948,0.62753838168758,0.616611786476455,0.604421677818267
2026-04-18,c3ac8d0da7b05772,b5299e5b946015e5,60425d07ef4b91a7,f1d64ae34e088832,Kyler Phillips,Charles Jourdain,0,2026,2016-01-02,2025-12-13,0.01,1.10967577379957,0.551151141349739,0.543888631223123,0.505810397184496,0.547773179206209,0.525171357279211,0.530658169113282,0.473608726959415
2026-04-18,c3ac8d0da7b05772,bae4de7ef8c0769e,07047eb7d17fb0a2,51e2f44a8dbf6984,Daria Zhelezniakova,Melissa Croden,0,2026,2016-01-02,2025-12-13,0.01,1.10967577379957,0.568911579413465,0.571159936877851,0.587226604413984,0.563487961183105,0.55772281090271,0.591712480698872,0.536746402844608
2026-04-18,c3ac8d0da7b05772,e644218737c1a778,4c88a1db5a46c6a4,8f4528c10bd34fab,Jai Herbert,Mandel Nallo,1,2026,2016-01-02,2025-12-13,0.01,1.10967577379957,0.544664523579685,0.533962743965873,0.545439273800157,0.538712608787822,0.577259908352847,0.591677581524157,0.550463477291573
2026-04-25,e60d773a0a42048a,0df4f4ac27cf2d26,abb68e3c7ca128f2,d35298b6df168456,Julia Polastri,Talita Alencar,0,2026,2016-01-02,2025-12-13,0.01,1.10967577379957,0.526714761109186,0.523945325835546,0.522975976423475,0.519305284903089,0.519602553250365,0.548837108449433,0.531243447460905
2026-04-25,e60d773a0a42048a,2e7f8d0ad385876d,078695e385ec2f57,b0d6a1d8ac3d563d,Victor Valenzuela,Max Griffin,1,2026,2016-01-02,2025-12-13,0.01,1.10967577379957,0.45307849112411,0.45958205274215,0.472135916388506,0.449419055555137,0.450942303700565,0.460328398634235,0.504976857688724
2026-04-25,e60d773a0a42048a,348de8e364ecf041,b9f28e7045fdfce7,cc1a8b4b38b92c6d,Raoni Barcelos,Montel Jackson,1,2026,2016-01-02,2025-12-13,0.01,1.10967577379957,0.329140516534039,0.324726261061811,0.361781556832614,0.326049458982573,0.277076923487387,0.284814452917999,0.264264790391093
2026-04-25,e60d773a0a42048a,67f24cf244134661,260e9e0d4954aea6,9508cc6184cb2450,Rodolfo Vieira,Eric McConico,0,2026,2016-01-02,2025-12-13,0.01,1.10967577379957,0.743849483029008,0.746064745171069,0.73171731745478,0.752525840597745,0.747943951506116,0.782782461126576,0.67917016348907
2026-04-25,e60d773a0a42048a,7e551ddb1494a45f,095854a135e6db55,a67f5afa8d6a1b80,Marcus Buchecha,Ryan Spann,0,2026,2016-01-02,2025-12-13,0.01,1.10967577379957,0.634855007224676,0.620490811540046,0.626808407388656,0.629404074417218,0.595098385972485,0.555954747436853,0.634913409226675
2026-04-25,e60d773a0a42048a,84951374e4cdc679,262a7d06203657e6,e132d47bd9efbbe0,Alexander Hernandez,Rafa Garcia,0,2026,2016-01-02,2025-12-13,0.01,1.10967577379957,0.509682212155688,0.507729432377233,0.536460732137089,0.506626389116686,0.495776779068241,0.484425684197582,0.486131309733908
2026-04-25,e60d773a0a42048a,c7fb90f1355291e4,33a8708747b7f943,5d495dec23d7c68e,Lucas Brennan,Francis Marshall,0,2026,2016-01-02,2025-12-13,0.01,1.10967577379957,0.486986013042247,0.475005724578971,0.50484769744006,0.495181931728839,0.478044206392049,0.468499491405088,0.458822421993602
2026-04-25,e60d773a0a42048a,cb745968bd16bf56,d3f5d33d61cd00c9,f9ab66e67240db7b,Norma Dumont,Joselyne Edwards,0,2026,2016-01-02,2025-12-13,0.01,1.10967577379957,0.529863520392261,0.524347211211586,0.522601965866228,0.50330282561399,0.534745726924278,0.564514916609358,0.568701876219627
2026-04-25,e60d773a0a42048a,d421f3cd158fd055,65adf3856c4d9256,7f6ed67d3ed3c036,Jafel Filho,Cody Durden,0,2026,2016-01-02,2025-12-13,0.01,1.10967577379957,0.832028990145217,0.815602772434239,0.786716132237957,0.834894541151688,0.822914486194741,0.784563718881678,0.754340222782283
2026-04-25,e60d773a0a42048a,dcfd594b68ff5ae1,ca80d72da81d7224,cc8c623cca88f54f,Michelle Montague,Mayra Bueno Silva,1,2026,2016-01-02,2025-12-13,0.01,1.10967577379957,0.678859080245135,0.690633681521755,0.662187231548425,0.675327970484257,0.688106512048033,0.683392163608952,0.689092676042962
2026-04-25,e60d773a0a42048a,ef1cd6371a3f18e0,3eeec2f53cebdf12,4e6738062d469256,Jackson McVey,Sedriques Dumas,1,2026,2016-01-02,2025-12-13,0.01,1.10967577379957,0.584942109479981,0.573087350151144,0.575188737502658,0.600241504085411,0.636688623047949,0.524145038051149,0.510714751982872
2026-04-25,e60d773a0a42048a,f524e42c36028de0,52c2ae6d2f2d2613,cb696ebfb6598724,Youssef Zalal,Aljamain Sterling,0,2026,2016-01-02,2025-12-13,0.01,1.10967577379957,0.661163989179936,0.663486717030148,0.688624408159723,0.679516366767245,0.687013742011322,0.658429974139691,0.623705003561408
2026-04-25,e60d773a0a42048a,f5aff2f858311fbc,113df4fde64735c6,e3b30b573e7f0d19,Davey Grant,Adrian Luna Martinetti,1,2026,2016-01-02,2025-12-13,0.01,1.10967577379957,0.441750206300121,0.441228257548467,0.410276438523398,0.434854282702166,0.416805557930114,0.438476246977983,0.430734134368309
2026-05-02,872b018076f831b0,00bde62cac38e5e9,37098a6e6c27fb66,ed7d329d7c29428d,Vince Morales,Colby Thicknesse,0,2026,2016-01-02,2025-12-13,0.01,1.10967577379957,0.241083254959864,0.233042314610889,0.262500205512576,0.257520529232435,0.27323429148631,0.256226060988848,0.267116667633743
2026-05-02,872b018076f831b0,1cb0711cd49dd95e,7e9b36a9847db116,c15fa95b9a12fde4,Kevin Christian,Junior Tafa,0,2026,2016-01-02,2025-12-13,0.01,1.10967577379957,0.580232095102795,0.564745533904586,0.56499460159454,0.571073615552326,0.533053305428134,0.519775761235751,0.471849769615506
2026-05-02,872b018076f831b0,2afaa97901d5587c,c62fbc117d57b943,cdb7b38b1b357f26,Tai Tuivasa,Louie Sutherland,0,2026,2016-01-02,2025-12-13,0.01,1.10967577379957,0.428952792388305,0.441250400365226,0.440880205714159,0.427571220640524,0.456782198117455,0.510543348635283,0.537620229389208
2026-05-02,872b018076f831b0,46181797eb543a0b,8ebc3a8da015d70c,f96856f9d69fd7e4,Cam Rowston,Robert Bryczek,1,2026,2016-01-02,2025-12-13,0.01,1.10967577379957,0.737599344908951,0.74932469977825,0.74469781168482,0.751456085160271,0.741055266401727,0.742850630304034,0.73716917155646
2026-05-02,872b018076f831b0,5c7c38dece435cde,08af939f41b5a57b,17734443a833cdf7,Beneil Dariush,Quillan Salkilld,0,2026,2016-01-02,2025-12-13,0.01,1.10967577379957,0.132023257494311,0.128801047828902,0.129334679626662,0.115759531064336,0.130787840348131,0.121787131340396,0.169740623871542
2026-05-02,872b018076f831b0,610a640a0cd81ce5,530af2900b5a1693,aebaa8cec15b083d,Dom Mar Fan,Kody Steele,0,2026,2016-01-02,2025-12-13,0.01,1.10967577379957,0.814991406963791,0.82525986179302,0.818579363117415,0.829014604524974,0.842695954555505,0.853003397088281,0.837297237701308
2026-05-02,872b018076f831b0,7ac4ae301ed699ab,40f3cb27fc7305a1,f782f953bfe7b5f2,Themba Gorimbo,Jonathan Micallef,0,2026,2016-01-02,2025-12-13,0.01,1.10967577379957,0.424839252866476,0.419283396533298,0.406373245826922,0.421033516380938,0.38356502979533,0.363674751222767,0.336808601283584
2026-05-02,872b018076f831b0,827c64369b374989,3261aa79bf6caa64,b4443fae47e7eb9d,Ben Johnston,Wes Schultz,0,2026,2016-01-02,2025-12-13,0.01,1.10967577379957,0.488940147664301,0.509880608705268,0.50263533076113,0.500827677527816,0.476680830538626,0.459030705711488,0.446577069438019
2026-05-02,872b018076f831b0,a564219e7a964aa6,6747ccd6d1acd266,d0fd0d9ee560dae7,Shamil Gaziev,Brando Pericic,0,2026,2016-01-02,2025-12-13,0.01,1.10967577379957,0.290051953429472,0.284117096923331,0.290353386460567,0.2669587933473,0.278100083642727,0.318079074675553,0.348942270126284
2026-05-02,872b018076f831b0,afec383a96893ec5,32ab52e5de93092d,c96d9178c9ed9e62,Steve Erceg,Tim Elliott,1,2026,2016-01-02,2025-12-13,0.01,1.10967577379957,0.579896499333332,0.580179019293419,0.63719507206219,0.591572604063174,0.585708981817855,0.60333791682628,0.548920820099632
2026-05-02,872b018076f831b0,cfc884a249141cba,6eedb757f13b9978,b701f095e6ccb149,Marwan Rahiki,Ollie Schmid,1,2026,2016-01-02,2025-12-13,0.01,1.10967577379957,0.639149706356061,0.651025716284429,0.643223441713069,0.642936963061798,0.63181639472962,0.649118760452339,0.675922267708604
2026-05-02,872b018076f831b0,eb6d9fef6c374830,6b453bc35a823c3f,7ee0fd831c0fe7c3,Jack Della Maddalena,Carlos Prates,0,2026,2016-01-02,2025-12-13,0.01,1.10967577379957,0.671398575114402,0.663318119482649,0.659950622466833,0.672707809880312,0.689482369006132,0.708735906735999,0.702580678986182
2026-05-02,872b018076f831b0,edff38661bf2866b,6ac9bc2953c47345,d4270315cbcf2569,Gerald Meerschaert,Jacob Malkoun,0,2026,2016-01-02,2025-12-13,0.01,1.10967577379957,0.0999318824314572,0.097373301986405,0.14677070593921,0.0953837890403703,0.0897405152803656,0.0926233774126751,0.089462690141238
2026-05-09,9eedac48b497de5a,1158a27a1a04b971,18968f97ad34f15c,887961364be5ceb3,Jeremy Stephens,King Green,0,2026,2016-01-02,2025-12-13,0.01,1.10967577379957,0.253186935566332,0.246398989969374,0.282307608513703,0.26524051610341,0.259794748129691,0.282018750172154,0.263166150470628
2026-05-09,9eedac48b497de5a,1f5d0b106385b2ac,312f7d7b2b2f7de4,d1feea7a4bdcd503,Djorden Santos,Baisangur Susurkaev,0,2026,2016-01-02,2025-12-13,0.01,1.10967577379957,0.17939991222587,0.169985490436395,0.170199127058322,0.16729100344703,0.187502574836617,0.18736112662201,0.198939570270841
2026-05-09,9eedac48b497de5a,22ba4f1b0aafbf82,279566840aa55bf2,fc08099550072fe4,Alexander Volkov,Waldo Cortes Acosta,1,2026,2016-01-02,2025-12-13,0.01,1.10967577379957,0.528558664407004,0.510214679732978,0.532617424517657,0.519379120272737,0.508983585786377,0.512313182537138,0.56187278200674
2026-05-09,9eedac48b497de5a,303018d7459323b4,b8bbdeff718dbb7d,e1d40e8782d80bc2,Pat Sabatini,William Gomis,1,2026,2016-01-02,2025-12-13,0.01,1.10967577379957,0.490537521341048,0.493171577287151,0.490260076286343,0.486175195358063,0.495108995829022,0.492963689320907,0.47834090474453
2026-05-09,9eedac48b497de5a,70f1621080b3435c,0d8011111be000b2,767755fd74662dbf,Sean Strickland,Khamzat Chimaev,1,2026,2016-01-02,2025-12-13,0.01,1.10967577379957,0.196317694566652,0.188602642838355,0.206697353063358,0.18426464172937,0.222720621124538,0.224679871858624,0.222406194061939
2026-05-09,9eedac48b497de5a,770c5302e32916ea,2f815ed5f8278ba6,6967153c7edb4d87,Ateba Gautier,Ozzy Diaz,1,2026,2016-01-02,2025-12-13,0.01,1.10967577379957,0.780597203874392,0.802379310736291,0.768581072563682,0.788650786152148,0.803243395503036,0.822036407614541,0.821355084648247
2026-05-09,9eedac48b497de5a,845b8653f9cf839c,45f7cb591c3ab00b,b9437600497350f3,Sean Brady,Joaquin Buckley,1,2026,2016-01-02,2025-12-13,0.01,1.10967577379957,0.568686190945226,0.577115949916547,0.598236660314383,0.583405086137473,0.568368981478712,0.54402695936086,0.528119135294261
2026-05-09,9eedac48b497de5a,9d35723a53749931,9384e71bca6c409d,9d83f6da776ff7d6,Marco Tulio,Roman Kopylov,0,2026,2016-01-02,2025-12-13,0.01,1.10967577379957,0.634395078041806,0.637468449440384,0.606945658504252,0.64327475050571,0.745361020522718,0.797833371590484,0.761519238457737
2026-05-09,9eedac48b497de5a,c85b530861145935,17e97649403ba428,4461d7e47375a895,Joshua Van,Tatsuro Taira,1,2026,2016-01-02,2025-12-13,0.01,1.10967577379957,0.494048846681686,0.484884560615818,0.462478649118144,0.477821850944168,0.502425473176969,0.515205945157962,0.46858807107193
2026-05-09,9eedac48b497de5a,e50857173607d631,7026eca45f65377b,d1941565abf50b16,Jared Gordon,Jim Miller,0,2026,2016-01-02,2025-12-13,0.01,1.10967577379957,0.701361168762841,0.693513545916198,0.694556462786193,0.719974375961941,0.745503550688438,0.717535184395618,0.707550644791283
2026-05-09,9eedac48b497de5a,e92d89cb2d69235e,88be62d6c1e6dadb,b62d5280966b2460,Jose Ochoa,Clayton Carpenter,1,2026,2016-01-02,2025-12-13,0.01,1.10967577379957,0.698932827867173,0.69587009505791,0.678315076058579,0.703210110828265,0.715438808720294,0.679704318857755,0.702586443962889
2026-05-09,9eedac48b497de5a,f88dc6e0c29cff1d,58bbef3770bb2dfc,f139d6836efd43dd,Joel Alvarez,Yaroslav Amosov,0,2026,2016-01-02,2025-12-13,0.01,1.10967577379957,0.700798036846315,0.697861156330931,0.669541653116515,0.685572101834454,0.699463455216232,0.687484834453113,0.673913085410543
2026-05-09,9eedac48b497de5a,ffcb47e17eebe6a6,849c5d9979df5357,99bd51917728c25d,Mateusz Rebecki,Grant Dawson,0,2026,2016-01-02,2025-12-13,0.01,1.10967577379957,0.31529844754324,0.292786579831348,0.346366825842844,0.32000246711757,0.304947878221742,0.284031841450507,0.24621058590253
2026-05-16,73abb7a5c57fb443,39417b7d07c2fd83,9c442aaf149ea982,fc0a4053eb8a3a59,Shauna Bannon,Nicolle Caliari,0,2026,2016-01-02,2025-12-13,0.01,1.10967577379957,0.515196477845201,0.518983515848871,0.514710805247676,0.526282148846443,0.586218147897776,0.608407633071951,0.60568889031515
2026-05-16,73abb7a5c57fb443,48cb604345f11766,5f61780fe5e9b6d0,f14f644d41ade29f,Andre Petroski,Cody Brundage,0,2026,2016-01-02,2025-12-13,0.01,1.10967577379957,0.643008238410407,0.64937188441499,0.615421543066063,0.626722354768668,0.66564651137066,0.657192191729092,0.652399364214681
2026-05-16,73abb7a5c57fb443,57bd683efc797fc1,476fe566d2df676e,f5d82eccdea4e2dd,Modestas Bukauskas,Christian Edwards,1,2026,2016-01-02,2025-12-13,0.01,1.10967577379957,0.418427784765253,0.435433842038523,0.436362164661924,0.426806393482664,0.498034002370768,0.51772235400796,0.51865545106788
2026-05-16,73abb7a5c57fb443,5f7111b982bcf6e3,b9706f80d005036c,e3964ece586e0635,Ketlen Vieira,Jacqueline Cavalcanti,1,2026,2016-01-02,2025-12-13,0.01,1.10967577379957,0.240642159744015,0.233256437395101,0.234073553831401,0.234490148655176,0.234898806333256,0.228176579595903,0.298057402583198
2026-05-16,73abb7a5c57fb443,6242cda790f2085d,3e8118c1ab52f211,64ad3e3b0efa30bb,Tuco Tokkos,Ivan Erslan,0,2026,2016-01-02,2025-12-13,0.01,1.10967577379957,0.556374956024188,0.576962283348079,0.55886919559593,0.566462457623861,0.504307066628493,0.501755236207391,0.51029516361458
2026-05-16,73abb7a5c57fb443,a6ec8573a9d38c51,0e46690e55a8df75,b6c37948cb226e8c,Timmy Cuamba,Benardo Sopaj,0,2026,2016-01-02,2025-12-13,0.01,1.10967577379957,0.651693902991942,0.655507454573293,0.663789921592637,0.66853204240344,0.597392762104925,0.587840480960698,0.592726063137181
2026-05-16,73abb7a5c57fb443,b482d4452e4d0eee,29162be25ebef5f0,e8fe9c15d348e778,Luis Gurule,Daniel Barez,1,2026,2016-01-02,2025-12-13,0.01,1.10967577379957,0.700332959208061,0.688158937251139,0.687323162005456,0.710840241275091,0.686477524376152,0.621048556018597,0.646917324677993
2026-05-16,73abb7a5c57fb443,b98ead4eff6bf872,87f8699fdcc2c404,9673a497a9da119a,Alice Ardelean,Polyana Viana,1,2026,2016-01-02,2025-12-13,0.01,1.10967577379957,0.761091089783819,0.756972792169146,0.746612594664743,0.758210798320536,0.740134667828065,0.680454539589736,0.632194303032639
2026-05-16,73abb7a5c57fb443,c9e0aa88afb81dab,20d37922ba85e6fc,de83f920fd302871,Artur Minev,Tommy Gantt,0,2026,2016-01-02,2025-12-13,0.01,1.10967577379957,0.628684887803987,0.628249357758667,0.615098202614112,0.61570552990392,0.617371981903065,0.649482118997179,0.645890279542357
2026-05-16,73abb7a5c57fb443,e4aa608124896794,040a74bb0a465c54,20bccc9bb4ceb23e,Arnold Allen,Melquizael Costa,1,2026,2016-01-02,2025-12-13,0.01,1.10967577379957,0.341283675246484,0.331637814064067,0.331928502755922,0.324550381014898,0.348348971105477,0.352616242516724,0.40257342178171
2026-05-16,73abb7a5c57fb443,ec32745308e2b055,0f1efce7d2571d10,2558ae2e5671e318,Nikolay Veretennikov,Khaos Williams,0,2026,2016-01-02,2025-12-13,0.01,1.10967577379957,0.344968014879358,0.339141300090463,0.358490887652018,0.356223320188294,0.348014587047917,0.346582804953783,0.337706071691672
2026-05-16,73abb7a5c57fb443,ecb7ff543dd41bf8,2e45d08b3f2f02c8,74939a16c7b56f33,Malcolm Wellmaker,Juan Diaz,0,2026,2016-01-02,2025-12-13,0.01,1.10967577379957,0.600069454351043,0.615612799796427,0.609448112790655,0.611050603962339,0.593201860648817,0.541996866733434,0.573150557258433
2026-05-16,73abb7a5c57fb443,fc1266e2892ed111,b67d6bacc68d4c92,e93b04e308913c2e,Daniel Santos,Dooho Choi,0,2026,2016-01-02,2025-12-13,0.01,1.10967577379957,0.572965167176799,0.570034981180108,0.563913668671172,0.578173002683257,0.538269054120325,0.532137470210295,0.48334999919707
2026-05-30,1e75e6c9de99fa76,00959e29e4a10e26,5c84f673b7bb7c15,d33da8a3d82bdb62,Cameron Smotherman,Kai Asakura,0,2026,2016-01-02,2025-12-13,0.01,1.10967577379957,0.614273084103356,0.625810375842149,0.595461833762411,0.615613291081843,0.576289969387477,0.593708487444911,0.591807325094138
2026-05-30,1e75e6c9de99fa76,224dce2c0b03e7eb,29162be25ebef5f0,2f43a3e82661fa99,Luis Gurule,Rei Tsuruya,0,2026,2016-01-02,2025-12-13,0.01,1.10967577379957,0.300234781802298,0.299009275170856,0.315103502910843,0.309740943885148,0.347851401155517,0.287049819844916,0.299155257384319
2026-05-30,1e75e6c9de99fa76,34d5ec676fb5bce3,2b266e623e20737a,6f4ec5aa3eced219,Rodrigo Vera,Zhu Kangjie,1,2026,2016-01-02,2025-12-13,0.01,1.10967577379957,0.488734767024832,0.489500415307865,0.488814664998011,0.488261930344924,0.488105041867703,0.484741103216086,0.491294438584479
2026-05-30,1e75e6c9de99fa76,370ff29489150560,4e30e4250cb08b61,bc7d1ad49fcb2d08,Loma Lookboonmee,Jaqueline Amorim,0,2026,2016-01-02,2025-12-13,0.01,1.10967577379957,0.352875155871696,0.344550878939415,0.339329581438589,0.338534127145191,0.345161135864734,0.338639489452868,0.325109249942153
2026-05-30,1e75e6c9de99fa76,3bc0190fb17ba42f,7d420039bbfe7c1a,8e6654e9f0461b8f,Aoriqileng,Cody Haddon,0,2026,2016-01-02,2025-12-13,0.01,1.10967577379957,0.221437885497123,0.227041772975961,0.208096427547243,0.213926782278722,0.171814818610017,0.182621290123444,0.223619006225025
2026-05-30,1e75e6c9de99fa76,3f719885c9916e06,2cdb479a0ef0ee1d,f0feeb2192937424,Xiong Jingnan,Angela Hill,0,2026,2016-01-02,2025-12-13,0.01,1.10967577379957,0.4119678389706,0.412057842260233,0.398153466341005,0.40538677713488,0.426441852735211,0.422128189561054,0.445860058117991
2026-05-30,1e75e6c9de99fa76,423f32dd018ac218,aa72b0f831d0bfe5,efb96bf3e9ada36f,Deiveson Figueiredo,Song Yadong,0,2026,2016-01-02,2025-12-13,0.01,1.10967577379957,0.306714184616546,0.307763664334828,0.303814382963942,0.307783157360304,0.296226808059002,0.307947412013308,0.276689053541394
2026-05-30,1e75e6c9de99fa76,a23d84f15207e459,8a65fd9ba31fd3f7,a495f599e787614f,Zhang Mingyang,Alonzo Menifield,0,2026,2016-01-02,2025-12-13,0.01,1.10967577379957,0.718442880872598,0.715577275042685,0.720813827475005,0.729634027746519,0.70136923427499,0.731352066726841,0.745476419584072
2026-05-30,1e75e6c9de99fa76,bc0b3c16246e0d1d,20a0e4cc5227c117,e0664abaa023fd6f,Jose Souza,Ding Meng,1,2026,2016-01-02,2025-12-13,0.01,1.10967577379957,0.672845131373139,0.675150701812469,0.665181821793275,0.668914730223345,0.658608307350399,0.672709227790727,0.656482499305229
2026-05-30,1e75e6c9de99fa76,c1c9dfd0c0952f18,a53d30163304aa6e,a845f0735bc67405,Carlston Harris,Jake Matthews,0,2026,2016-01-02,2025-12-13,0.01,1.10967577379957,0.231452325859162,0.219918857019507,0.226953651093848,0.220368604382839,0.220829220402098,0.217427119598234,0.246334981872788
2026-05-30,1e75e6c9de99fa76,f6d09973de0f83e7,33a86e839ad202d8,e6666480a830f764,Luis Felipe Dias,YiSak Lee,1,2026,2016-01-02,2025-12-13,0.01,1.10967577379957,0.418875279773493,0.417378885649911,0.423719113395446,0.422753191555471,0.133195763432835,0.189140791725327,0.144072429688645
2026-05-30,1e75e6c9de99fa76,f74e4afdf6ae29d1,17923f676f100e16,f14cf73e51b29254,Tallison Teixeira,Sergei Pavlovich,0,2026,2016-01-02,2025-12-13,0.01,1.10967577379957,0.403710026231152,0.404733741263193,0.408696725843576,0.403896536865224,0.354297514402591,0.35700919953724,0.304970888408468
2026-06-06,ba17afef01ed78b6,20d74ed23d3e9b3a,294aa73dbf37d281,5ef94841c4bc3f86,Bruno Silva,Edgar Chairez,0,2026,2016-01-02,2025-12-13,0.01,1.10967577379957,0.521857390347522,0.516430009623349,0.507002905703851,0.533416678572935,0.542033952781891,0.502939670395907,0.521390795085945
2026-06-06,ba17afef01ed78b6,419fff06f338f5c6,2f181c0467965b98,4144798612ef96e5,Brendan Allen,Edmen Shahbazyan,1,2026,2016-01-02,2025-12-13,0.01,1.10967577379957,0.543251391214767,0.563469718089836,0.584752097929781,0.534886553419121,0.501546818545917,0.543067160080443,0.612088138476747
2026-06-06,ba17afef01ed78b6,44cfbb8c3c356c65,791c8437b341fba5,ac026518a9b4dc0f,Joanderson Brito,Jordan Leavitt,1,2026,2016-01-02,2025-12-13,0.01,1.10967577379957,0.416392482351373,0.42747568485845,0.434521613917312,0.407942032761969,0.385672316798455,0.398744704472893,0.440086146271183
2026-06-06,ba17afef01ed78b6,58ffa2dac4f2e7d0,1e4f273069fb9e85,6c3b2525436cf5d4,Fares Ziam,Tom Nolan,0,2026,2016-01-02,2025-12-13,0.01,1.10967577379957,0.718858026330178,0.729968150696374,0.738305889242904,0.738683161526347,0.730641414174562,0.759685846187431,0.744061188484396
2026-06-06,ba17afef01ed78b6,5c69b019e6deee41,01641ba5df0c69b0,b1b0729d27936f2f,Gabriel Bonfim,Belal Muhammad,1,2026,2016-01-02,2025-12-13,0.01,1.10967577379957,0.701157494831324,0.706355039303301,0.714694545138511,0.724867766150682,0.714223190576804,0.741628103996914,0.599153592784998
2026-06-06,ba17afef01ed78b6,5d2eedd05081ed23,3fa97913cfd205d3,67c1d46f4ed16f9e,Alessandro Costa,Matt Schnell,1,2026,2016-01-02,2025-12-13,0.01,1.10967577379957,0.752655289728022,0.749583465656931,0.762286317878293,0.737100485077685,0.717058032799115,0.736516739742763,0.716654581438772
2026-06-06,ba17afef01ed78b6,90940d93d6e0998f,450bcab0968562c4,c0ac37a4a1133da9,John Yannis,Marcus McGhee,0,2026,2016-01-02,2025-12-13,0.01,1.10967577379957,0.396334501353198,0.393731260698077,0.409732299427092,0.389869736668681,0.41584167224326,0.439539698332032,0.436941936342437
2026-06-06,ba17afef01ed78b6,98e77712f99956ff,af9efbfd63d39734,b1e5bcaad32a3cac,Chelsea Chandler,Priscila Cachoeira,1,2026,2016-01-02,2025-12-13,0.01,1.10967577379957,0.638871546758117,0.649224182134452,0.643217237357957,0.635794580689966,0.682338698769312,0.659758309373752,0.7253390569386
2026-06-06,ba17afef01ed78b6,a6b211d8dab5edec,8061a3136026a673,c3d2b9bcb4cead6b,Jeisla Chaves,Yuneisy Duben,1,2026,2016-01-02,2025-12-13,0.01,1.10967577379957,0.617030824546932,0.62830035433418,0.621402454688677,0.631785216065893,0.638822082610543,0.639014334672283,0.586465450106068
2026-06-06,ba17afef01ed78b6,b0474597b2c60482,8bd4200561c77a62,c0d5c0c95c59050b,Ketlen Souza,Ariane Carnelossi,1,2026,2016-01-02,2025-12-13,0.01,1.10967577379957,0.791154643644646,0.793118556918086,0.808891446273562,0.80970363490878,0.834190919867059,0.831248042077154,0.828391763641716
2026-06-06,ba17afef01ed78b6,bfe4950b3de83e9c,1c23ec2f1b71be40,c15fa95b9a12fde4,Iwo Baraniewski,Junior Tafa,1,2026,2016-01-02,2025-12-13,0.01,1.10967577379957,0.656258610620943,0.668191068412625,0.645552585712018,0.645065151808318,0.587800652410029,0.596572881414704,0.526028689315012
2026-06-06,ba17afef01ed78b6,c47796e11a801e12,d9c6f19f958643e9,faf317c665546a36,Bryce Mitchell,Santiago Luna,1,2026,2016-01-02,2025-12-13,0.01,1.10967577379957,0.358857823027701,0.352787997392745,0.374903846059449,0.366095276658647,0.383525888615838,0.367384269791687,0.334546537441052
2026-06-14,48544433372ecfa6,00e8d4b961a65d21,35673bf5204524ee,d6c0cdd7e467c440,Bo Nickal,Kyle Daukaus,1,2026,2016-01-02,2025-12-13,0.01,1.10967577379957,0.685819082925636,0.706338109913264,0.774980489252633,0.702073847854646,0.700264677801461,0.716446413007046,0.728673019384878
2026-06-14,48544433372ecfa6,127ba4a1ccb3d4a6,97cf1a2c7c5e7889,f166e93d04a8c274,Steve Garcia,Diego Lopes,0,2026,2016-01-02,2025-12-13,0.01,1.10967577379957,0.515244273334507,0.523452686300527,0.477422598223618,0.50124589327418,0.547381811905895,0.622413363651641,0.673622378689477
2026-06-14,48544433372ecfa6,30cdb851f6c63444,955da1675ad58a50,d3df1add9d9a7efb,Josh Hokit,Derrick Lewis,1,2026,2016-01-02,2025-12-13,0.01,1.10967577379957,0.79561017491576,0.805077883927485,0.802849844311044,0.806376184344995,0.790471908598808,0.792750459295386,0.762075130991276
2026-06-14,48544433372ecfa6,5727d5be8c373346,787bb1f087ccff8a,e5549c82bfb5582d,Ciryl Gane,Alex Pereira,1,2026,2016-01-02,2025-12-13,0.01,1.10967577379957,0.477643550357759,0.489608157223553,0.481281031156257,0.492582011355791,0.551547269528841,0.576491173033514,0.596877146238929
2026-06-14,48544433372ecfa6,60de0423ae6ed097,24656ef4d605c96f,b50a426a33da0012,Aiemann Zahabi,Sean O'Malley,0,2026,2016-01-02,2025-12-13,0.01,1.10967577379957,0.237895817264694,0.244035912251522,0.253424597367048,0.235822187710828,0.16647115989251,0.173954470078826,0.178913535659197
2026-06-14,48544433372ecfa6,7208e40818401e88,54f64b5e283b0ce7,9e8f6c728eb01124,Ilia Topuria,Justin Gaethje,0,2026,2016-01-02,2025-12-13,0.01,1.10967577379957,0.79827766374721,0.805308362327209,0.788894480708984,0.806199093565081,0.816838406606906,0.842479541630221,0.817061304906493
2026-06-14,48544433372ecfa6,9a9b30b3165b62e4,4b93a88f3b1de35b,9c393e836a852f30,Michael Chandler,Mauricio Ruffy,0,2026,2016-01-02,2025-12-13,0.01,1.10967577379957,0.142825009676904,0.128538004479304,0.121126428149005,0.128102191995412,0.133403428800844,0.158901376966234,0.207699920382445
2026-06-20,c8661e204c66f325,17d31249c9ab18af,34b96d52db1d26e6,b1f21ce050035d58,Kevin Borjas,Andre Lima,1,2026,2016-01-02,2025-12-13,0.01,1.10967577379957,0.174703484150375,0.158911365160289,0.161997643955782,0.165070403257134,0.187477946727327,0.172938248544472,0.17881249290062
2026-06-20,c8661e204c66f325,33afdd7ad43a2756,5d1b7e3dd9e11074,98aa60cf58071fd6,Manel Kape,Kyoji Horiguchi,1,2026,2016-01-02,2025-12-13,0.01,1.10967577379957,0.541580415402163,0.538458815611798,0.576829999197584,0.556032853475467,0.556518784907929,0.556826840408978,0.549422236303047
2026-06-20,c8661e204c66f325,3b4803afa824fea3,0be6776db31d98ec,253076a23d03dcd0,Mitch Raposo,Allan Nascimento,1,2026,2016-01-02,2025-12-13,0.01,1.10967577379957,0.47501632199348,0.456502356293341,0.472967296528852,0.463583387641514,0.591040441727738,0.547695097704974,0.540740348551395
2026-06-20,c8661e204c66f325,571a3eabff5c7ba7,18d01f7f8338ae72,8fd808923cffff82,Vinicius Oliveira,Andre Fili,1,2026,2016-01-02,2025-12-13,0.01,1.10967577379957,0.790228262504854,0.802697893332551,0.7950019848771,0.799850019383578,0.78600935824584,0.805428208663407,0.820910743616381
2026-06-20,c8661e204c66f325,6658fe4531c86674,9eed2bcc9e0b92af,a69a7120cf26669d,Leon Shahbazyan,Levan Chokheli,0,2026,2016-01-02,2025-12-13,0.01,1.10967577379957,0.516591818052776,0.519496299600113,0.518073676896947,0.518871566921995,0.512180244295234,0.500214640984599,0.504968669581997
2026-06-20,c8661e204c66f325,8b809ba1880aded0,01c9e4013afce141,96924b0019b3aff1,Michael Aswell Jr.,Gaston Bolanos,0,2026,2016-01-02,2025-12-13,0.01,1.10967577379957,0.716571444900892,0.718635626682994,0.693281966922128,0.712407557839394,0.71770274719423,0.707013124173727,0.697197109614142
2026-06-20,c8661e204c66f325,9efa4de316b8bf43,70fc8214822b5a85,b9124c308671e303,Shane Collins,Otari Tanzilovi,1,2026,2016-01-02,2025-12-13,0.01,1.10967577379957,0.540170348790507,0.540620633418905,0.53761037615775,0.538461750441898,0.536348875409697,0.541090935982996,0.537261307778936
2026-06-20,c8661e204c66f325,aaec28fa3c0c576d,41cc71cbf210e0fe,5ec591b78349ba7e,Hyder Amil,Christian Rodriguez,0,2026,2016-01-02,2025-12-13,0.01,1.10967577379957,0.322239269613408,0.325889385643197,0.317546527482877,0.313672695955262,0.316135576082709,0.315729234900004,0.377236040038451
2026-06-20,c8661e204c66f325,afc021700481ac4e,b4b496ec2197ee3e,cd13728ae1151f46,Navajo Stirling,Ion Cutelaba,1,2026,2016-01-02,2025-12-13,0.01,1.10967577379957,0.65671297540691,0.68834090449466,0.687547591200917,0.655993969744482,0.648968950736516,0.700565654216816,0.708486602686226
2026-06-20,c8661e204c66f325,b23a1a5d35eb438a,351c4ec637380ad5,5078e1dacf9d25f4,Karol Rosa,Luana Santos,0,2026,2016-01-02,2025-12-13,0.01,1.10967577379957,0.197561574197736,0.196070856008417,0.195339726047846,0.200711668124518,0.222140517460141,0.245110525628515,0.228666784845574
2026-06-20,c8661e204c66f325,c0980a613f24accd,bd532e9a2b93870c,eff9074bc066f0f2,Melissa Mullins,Bia Mesquita,0,2026,2016-01-02,2025-12-13,0.01,1.10967577379957,0.293680754376878,0.280524015909059,0.283483687164239,0.272957289533581,0.235903620451669,0.244955939975415,0.282241497650438
2026-06-20,c8661e204c66f325,e4849375d1949c74,a52bc1e62cf0b7c6,d436f5d55156a521,Melsik Baghdasaryan,Murtazali Magomedov,0,2026,2016-01-02,2025-12-13,0.01,1.10967577379957,0.43694777906788,0.437165607496867,0.444418580519562,0.442010675123006,0.445185227748913,0.437295020095223,0.471423942894894
2026-06-27,31e1ea6fe6b682f8,012c307c9d446c4d,06734ca9d88dec3a,595db60957de51d3,Shara Magomedov,Michel Pereira,1,2026,2016-01-02,2025-12-13,0.01,1.10967577379957,0.612370816786524,0.606441279688116,0.609427432456224,0.612596178353055,0.634280240515043,0.640020781005875,0.647418907134671
2026-06-27,31e1ea6fe6b682f8,0e60ab32f3d03929,70dd69b6a703257e,feef5f8f5629e5e7,Daniil Donchenko,Theodor Berggren,1,2026,2016-01-02,2025-12-13,0.01,1.10967577379957,0.765240141946543,0.781133784850651,0.766901632401614,0.773284774366854,0.672496757419744,0.678127364234986,0.693508467764591
2026-06-27,31e1ea6fe6b682f8,1a7119f3996b5635,4a574b8512fc1b30,7facc9c45d792985,Javier Reyes,Kaan Ofli,0,2026,2016-01-02,2025-12-13,0.01,1.10967577379957,0.683965575063625,0.687990046693842,0.68072922317171,0.697459262446738,0.362632331953135,0.46911768461971,0.355418947101841
2026-06-27,31e1ea6fe6b682f8,35985895d4ef321e,0d65c432720accb9,36b8f265bcd1b7a4,Michal Oleksiejczuk,Abus Magomedov,0,2026,2016-01-02,2025-12-13,0.01,1.10967577379957,0.514646556875802,0.528843879384367,0.508805061058183,0.508643360494159,0.538594044836474,0.552730069468061,0.501917303544797
2026-06-27,31e1ea6fe6b682f8,48b1ee7ab45add4c,6add18754930182b,95aff2fd8d09a5f0,Julius Walker,Abdul Rakhman Yakhyaev,0,2026,2016-01-02,2025-12-13,0.01,1.10967577379957,0.351832097626797,0.340717084569066,0.332001951687028,0.341183570100957,0.316674995594386,0.321245450345865,0.350757505448164
2026-06-27,31e1ea6fe6b682f8,5e7f4ba1210f433d,22e07d3da1aa3475,49d2a08964c5eb11,Andrey Pulyaev,Nursulton Ruziboev,0,2026,2016-01-02,2025-12-13,0.01,1.10967577379957,0.494953007197375,0.480831305681249,0.477768009418039,0.493196960978473,0.517691400044538,0.491919608658545,0.517536843017514
2026-06-27,31e1ea6fe6b682f8,6a35ff33b8597904,64b12fe31be7560c,c88f8a9c1ea7165d,Eric Nolan,Farman Hasanov,0,2026,2016-01-02,2025-12-13,0.01,1.10967577379957,0.513277999430513,0.504913645289916,0.511541339282191,0.502088950232969,0.523680126690345,0.504079108433444,0.519412142894677
2026-06-27,31e1ea6fe6b682f8,809814f03ff3140c,72f890c5d421e705,ff62013d2fce6d13,Matheus Camilo,Nazim Sadykhov,1,2026,2016-01-02,2025-12-13,0.01,1.10967577379957,0.513997814989344,0.513737629878703,0.503808582599683,0.506977222900331,0.471153441712206,0.505978820710761,0.499514481248693
2026-06-27,31e1ea6fe6b682f8,81cde317c156723b,814e5233e2acf2ee,8d3273573b85be09,Charles Johnson,Asu Almabayev,0,2026,2016-01-02,2025-12-13,0.01,1.10967577379957,0.366223771443758,0.355811892649946,0.364711568395982,0.373129756085665,0.355619159922032,0.335634625885077,0.290239504300217
2026-06-27,31e1ea6fe6b682f8,ae0a91c8f92f4758,a4dc0f2b95df4cc1,ffd3224638c01b57,Bekzat Almakhan,Jean Matsumoto,0,2026,2016-01-02,2025-12-13,0.01,1.10967577379957,0.217402703147205,0.21055366611489,0.215406611503234,0.204430896982782,0.17372695835318,0.191177928663019,0.226723196693754
2026-06-27,31e1ea6fe6b682f8,c13dc0cccef263f7,2e7878927067fdca,c814b4c899793af6,Manuel Torres,Rafael Fiziev,0,2026,2016-01-02,2025-12-13,0.01,1.10967577379957,0.683745862582011,0.697974451919091,0.67382254367152,0.694057831094307,0.742734908086486,0.748299679028648,0.722730275480307
2026-06-27,31e1ea6fe6b682f8,d83294b031502177,1e719d4b676dc19a,b07aed698fba8624,Brunno Ferreira,Ikram Aliskerov,0,2026,2016-01-02,2025-12-13,0.01,1.10967577379957,0.386961728823301,0.385305479512362,0.38517088517728,0.381899481813674,0.359004533238913,0.341724276054536,0.329110066620077
2026-06-27,31e1ea6fe6b682f8,f1cb2e7ef096ec7c,4b85abc5abbe657c,e047d3b541afd4a7,Jefferson Nascimento,Tahir Abdullayev,0,2026,2016-01-02,2025-12-13,0.01,1.10967577379957,0.51065939685404,0.51048928673527,0.508247084701947,0.507802300382117,0.509402932745132,0.515229231119745,0.518017993553045
2026-07-11,fccb0fee256b7b4d,1162a74e3604c488,23dec7c47cb418f8,e463ce0a2ca474f4,Zach Reese,Ryan Gandra,0,2026,2016-01-02,2025-12-13,0.01,1.10967577379957,0.529343322154378,0.5220679721287,0.49107681226663,0.517661571635906,0.51300105725942,0.484592074693588,0.492049021720356
2026-07-11,fccb0fee256b7b4d,118c25bda9392140,87e4a3a5080ee7ce,f7e856a73c96048e,Elisha Ellison,Gable Steveson,0,2026,2016-01-02,2025-12-13,0.01,1.10967577379957,0.388390723169163,0.382627353636209,0.396340364769372,0.383331952695067,0.390963432446468,0.36553657169496,0.348256357506191
2026-07-11,fccb0fee256b7b4d,130b325610c54a64,7826923b47f8d72a,c2299ec916bc7c56,Paddy Pimblett,Benoit Saint Denis,1,2026,2016-01-02,2025-12-13,0.01,1.10967577379957,0.282131503967013,0.267985076353497,0.302279978147665,0.269967789661053,0.266067810553161,0.287746353715248,0.263269380246575
2026-07-11,fccb0fee256b7b4d,1b6a3b0d27654d3e,3fa97913cfd205d3,7f6ed67d3ed3c036,Alessandro Costa,Cody Durden,1,2026,2016-01-02,2025-12-13,0.01,1.10967577379957,0.68169059137116,0.69226399107578,0.710727599487746,0.680358509514506,0.652773082035845,0.685904337795689,0.690193541621139
2026-07-11,fccb0fee256b7b4d,7765e5e779dd7dc9,1091d4d957141094,e1147d3d2dabe1ce,Nikita Krylov,Robert Whittaker,0,2026,2016-01-02,2025-12-13,0.01,1.10967577379957,0.465459169735169,0.443338998544246,0.438488580166117,0.462230534058012,0.437169191163851,0.417617927897062,0.294972753878209
2026-07-11,fccb0fee256b7b4d,930317fde9dbc55e,b1de86d835638319,eee0ef3e2b14816b,Luke Riley,Kai Kamaka III,1,2026,2016-01-02,2025-12-13,0.01,1.10967577379957,0.738616956471587,0.749063324036962,0.767131031271925,0.750927083458234,0.73856376839284,0.749417313568845,0.769014268554467
2026-07-11,fccb0fee256b7b4d,989760fa75321d69,150ff4cc642270b9,f4c49976c75c5ab2,Max Holloway,Conor McGregor,1,2026,2016-01-02,2025-12-13,0.01,1.10967577379957,0.728464856239279,0.741914334540073,0.768418540588929,0.740444657003497,0.749088497909193,0.693416596425419,0.731753214493917
2026-07-11,fccb0fee256b7b4d,9e00ee7644774e18,a09ed60aa67a3f67,a54b961a1f8be1d5,Farid Basharat,John Garza,1,2026,2016-01-02,2025-12-13,0.01,1.10967577379957,0.815282552231676,0.82949726568594,0.826059551339197,0.830267080940707,0.823417311352283,0.824622257790581,0.783141388175559
2026-07-11,fccb0fee256b7b4d,a26ea74f2e908842,809bd1a871491508,887961364be5ceb3,Terrance McKinney,King Green,0,2026,2016-01-02,2025-12-13,0.01,1.10967577379957,0.547463210137385,0.540065759587504,0.558971487935066,0.566672047651464,0.616011528080425,0.633717273729841,0.586669594182558
2026-07-11,fccb0fee256b7b4d,a3ab1979192b647c,6e15f63b6c2e2c15,bb2c3c3a466224af,Brandon Royval,Lone'er Kavanagh,1,2026,2016-01-02,2025-12-13,0.01,1.10967577379957,0.331582009538492,0.324824926779067,0.355072339940535,0.32934864905517,0.339721400221317,0.326230850026559,0.36474001555215
2026-07-11,fccb0fee256b7b4d,b223b10ef19f912c,64d47ef881a437a4,fdd22e895a70e4a8,Cesar Almeida,Damian Pinas,0,2026,2016-01-02,2025-12-13,0.01,1.10967577379957,0.201261026395821,0.190594554548826,0.19325033176688,0.192849431144552,0.179900868173281,0.164841076015702,0.230204775279309
2026-07-11,fccb0fee256b7b4d,c572daedf2012a49,65f09bacd3957381,bc711b6dd95c1af6,Cory Sandhagen,Mario Bautista,0,2026,2016-01-02,2025-12-13,0.01,1.10967577379957,0.53137125421368,0.519991393351575,0.520389416618507,0.538859234603437,0.543051062499252,0.528612338528382,0.547927605488583
2026-07-11,fccb0fee256b7b4d,e84c3f1f9a33fa90,2997e7fe3c9d3d4a,68d4a891e5cf2029,Wang Cong,Tracy Cortez,1,2026,2016-01-02,2025-12-13,0.01,1.10967577379957,0.507555494650019,0.509765730810595,0.510739760825365,0.513920114673672,0.546427947667877,0.552166196114678,0.548469198584975
2026-07-11,fccb0fee256b7b4d,e9f389ba3a1e33c4,0232cabbc30a2372,d8c7c61b176e3994,Adrian Yanez,Cody Garbrandt,1,2026,2016-01-02,2025-12-13,0.01,1.10967577379957,0.575491218342918,0.569010585909576,0.569995303648928,0.556211550709872,0.586664611602043,0.554833039640262,0.574343846569146
2026-07-18,f354c50b8d63d9b3,307ea95ad7ebe466,27b388f0aab49780,40a7ec5d1ad6ffa8,Dione Barbosa,Anna Melisano,1,2026,2016-01-02,2025-12-13,0.01,1.10967577379957,0.63329317989767,0.646504894929212,0.640127046554231,0.646322277476458,0.665444509870327,0.66472016166135,0.656752351155752
2026-07-18,f354c50b8d63d9b3,3bd159c1bed14700,7d6ceff6747f2de2,d3f89fa685bd8420,Jose Delgado,Austin Bashi,1,2026,2016-01-02,2025-12-13,0.01,1.10967577379957,0.596236176388061,0.599137669365697,0.59430459277353,0.609094990253606,0.669797535553458,0.661602844677319,0.620974557218829
2026-07-18,f354c50b8d63d9b3,410e6b9e01660b35,2bd98ab77a8daa75,5e9ca8dd7d783a75,Stewart Nicoll,Alden Coria,0,2026,2016-01-02,2025-12-13,0.01,1.10967577379957,0.169712684979556,0.14883891550906,0.157170218302624,0.152047256812512,0.152345801176997,0.143876070212421,0.160767818173176
2026-07-18,f354c50b8d63d9b3,46d800ce45fdd3e6,9ac4e43ed56429ed,e564146b9cf6dbef,Levi Rodrigues Jr.,Felipe Franco,0,2026,2016-01-02,2025-12-13,0.01,1.10967577379957,0.366442661817673,0.378557936530685,0.3743576254705,0.374966309440656,0.378528839184282,0.405268536944992,0.369059910420077
2026-07-18,f354c50b8d63d9b3,4eff5a845db17572,13a0275fa13c4d26,a93f94c923c3a9cb,Jared Cannonier,Christian Leroy Duncan,0,2026,2016-01-02,2025-12-13,0.01,1.10967577379957,0.190116578263452,0.171628174005523,0.199238260513019,0.177566438825121,0.170283301817085,0.14505491850432,0.157911744199172
2026-07-18,f354c50b8d63d9b3,52ddf20a10890b41,745fa7b605f8e2da,d25240135aee03e5,Fatima Kline,Tabatha Ricci,1,2026,2016-01-02,2025-12-13,0.01,1.10967577379957,0.661526094404094,0.670295394462022,0.671732634237597,0.6699851285821,0.701040354302321,0.70398747927237,0.718249406510881
2026-07-18,f354c50b8d63d9b3,701c97405da76603,0d7b51c9d2649a6e,f1b2aa7853d1ed6e,Dricus Du Plessis,Kamaru Usman,1,2026,2016-01-02,2025-12-13,0.01,1.10967577379957,0.566594955252803,0.553599065948542,0.602899614206748,0.564109903640612,0.507935237078338,0.537901692831602,0.480491167730794
2026-07-18,f354c50b8d63d9b3,9e525f939fba3e73,b852ad2b35354fcb,df619b9a86ce0a9a,Ezra Elliott,Damien Anderson,1,2026,2016-01-02,2025-12-13,0.01,1.10967577379957,0.583160216039267,0.584631307500116,0.579576232415814,0.581536707637725,0.56635933773387,0.5843552809814,0.581027724581554
2026-07-18,f354c50b8d63d9b3,c64c6ba6eb1e1d06,6b0a6def604de298,a112097ad877a48f,Tommy McMillen,Alberto Montes,1,2026,2016-01-02,2025-12-13,0.01,1.10967577379957,0.672637101104779,0.675582820519352,0.655379715023084,0.679358954314591,0.658520973926106,0.654375565246297,0.635164887270367
2026-07-18,f354c50b8d63d9b3,e05155c1b5c2dc74,ab2a4b5e04dc5fe9,e03187ec8b5b6abc,Alvin Hines,RJ Harris,0,2026,2016-01-02,2025-12-13,0.01,1.10967577379957,0.30405018880768,0.29580535122444,0.293376327992645,0.298562835395146,0.314883490958449,0.317106089223099,0.32627160879367
2026-07-18,f354c50b8d63d9b3,f2abca7379982d4f,971246648e162f0d,e99eb0ef25885de5,Chase Hooper,Mitch Ramirez,1,2026,2016-01-02,2025-12-13,0.01,1.10967577379957,0.883623571224417,0.892508933921428,0.88617437245253,0.887899742156138,0.876290027440122,0.873929751013341,0.83140703508295
2026-07-18,f354c50b8d63d9b3,f2eb569176e46edf,4a07b1988477502c,a3dda21be645be93,Seokhyeon Ko,Jean-Paul Lebosnoyani,0,2026,2016-01-02,2025-12-13,0.01,1.10967577379957,0.594057127095613,0.606387686897379,0.608195741866112,0.602112088550483,0.602384772830968,0.606617775800447,0.623008486074832
2026-07-25,681d07e328798ec0,05bc7a042156b6f6,b01a5e0dcd9f231d,e4277e87a789d687,Muhammad Saidov,Dustin Jacoby,1,2026,2016-01-02,2025-12-13,0.01,1.10967577379957,0.359618441263218,0.353338741722631,0.395079899847314,0.365461562020996,0.387429653287249,0.4271856625837,0.399105883748875
2026-07-25,681d07e328798ec0,3859314324918eeb,ca28cdf526d6b6e9,fb3e61720be4690c,Nurullo Aliev,Mike Davis,1,2026,2016-01-02,2025-12-13,0.01,1.10967577379957,0.594852094318692,0.602994045902547,0.639275092375649,0.582001483246698,0.60146237935394,0.610860326308042,0.630832688883412
2026-07-25,681d07e328798ec0,3ac870d6e7d323b7,49edd0d90f60fb7d,bc5a51159ec2fdf2,Brendson Ribeiro,Magomed Tuchalov,0,2026,2016-01-02,2025-12-13,0.01,1.10967577379957,0.323564639354635,0.316284496403579,0.330136344965947,0.322952482418004,0.367355269341422,0.398028546590271,0.371175158999523
2026-07-25,681d07e328798ec0,4ace64aa144389c5,04ff3a711504d6b3,99223fbb4a05326b,Magomed Zaynukov,Damian Rzepecki,1,2026,2016-01-02,2025-12-13,0.01,1.10967577379957,0.361099157724106,0.35971311558873,0.368306261827265,0.365564051450487,0.372300167836811,0.356852224305451,0.369603384190165
2026-07-25,681d07e328798ec0,532340708f0500bd,0e6bc8d1d6c0ad90,700a674c042b7a96,Abdul Hussein,Cody Gibson,1,2026,2016-01-02,2025-12-13,0.01,1.10967577379957,0.643138577074139,0.642004480117953,0.647334929732333,0.643956545329088,0.642788961689691,0.662038514906083,0.662834830762143
2026-07-25,681d07e328798ec0,5ffb251c6ea48b65,739fd4fbb5d862f4,bc7f4b2d4c2724a2,Rizvan Kuniev,Tyrell Fortune,1,2026,2016-01-02,2025-12-13,0.01,1.10967577379957,0.563541926749233,0.555955251125518,0.555720205836237,0.565086979985708,0.573871045837011,0.537630588221697,0.571252418156956
2026-07-25,681d07e328798ec0,61280e5644189c61,de26d906f2874dd4,f7adc1fd115f8fdd,Saygid Izagakhmaev,Abubakar Vagaev,0,2026,2016-01-02,2025-12-13,0.01,1.10967577379957,0.709466957600672,0.706857715374361,0.702459649014332,0.711341523803405,0.335631685918285,0.417229152728356,0.352500772029772
2026-07-25,681d07e328798ec0,9009ec7b91f2be14,d802174b0c0c1f4e,ef5dcb10d2bd4b0f,Magomed Ankalaev,Bogdan Guskov,1,2026,2016-01-02,2025-12-13,0.01,1.10967577379957,0.771772379021464,0.771347920720001,0.755235730964593,0.765495783776335,0.785012489160483,0.7779526193818,0.775221956442875
2026-07-25,681d07e328798ec0,a122306d0ce5fbfb,1d2d98ddd05b38fb,eb393afdbe3293d5,Axel Sola,Ismael Bonfim,1,2026,2016-01-02,2025-12-13,0.01,1.10967577379957,0.639364398233225,0.660012498809417,0.655164979261511,0.650288544040583,0.565852072201393,0.516881992773659,0.56371641569259
2026-07-25,681d07e328798ec0,c36cd04f8f560f0a,32ab52e5de93092d,7d0a1968b38ca439,Steve Erceg,Ramazan Temirov,0,2026,2016-01-02,2025-12-13,0.01,1.10967577379957,0.604909551222521,0.596498550969096,0.594456175501147,0.609825415636054,0.600087711433871,0.582256466397381,0.55282345050957
2026-07-25,681d07e328798ec0,d7070ab1b2144f8d,764d39074a352e33,f5779a2303ed76ec,Thomas Petersen,Valter Walker,0,2026,2016-01-02,2025-12-13,0.01,1.10967577379957,0.32452236763849,0.317169528571799,0.312580780040094,0.314129366847306,0.324142032245316,0.333119805886107,0.354339962514379
2026-07-25,681d07e328798ec0,f6e6b004f07363e9,6d1bffff14897645,8b6e5dc2ba1edbe7,Santiago Ponzinibbio,Sam Patterson,0,2026,2016-01-02,2025-12-13,0.01,1.10967577379957,0.263611688349595,0.253774348370414,0.238713540558108,0.239685900851753,0.255994210824748,0.265509530714411,0.268387525229647
2026-08-01,1a50e734bb54861a,0c3c835e681972d3,99df7d0a2a08a8a8,b4b496ec2197ee3e,Jan Blachowicz,Navajo Stirling,0,2026,2016-01-02,2025-12-13,0.01,1.10967577379957,0.181673970292469,0.15951523134935,0.182544501945341,0.158377379850337,0.170172679563687,0.15651188560422,0.169456545504263
2026-08-01,1a50e734bb54861a,13aa6688d0538095,c4d039123e62f6a9,fb37795db81f93f3,Dennis Buzukja,Bogdan Grad,0,2026,2016-01-02,2025-12-13,0.01,1.10967577379957,0.301324076568523,0.297595066445313,0.304965169844621,0.289971241310845,0.312353089811195,0.324765340389456,0.349178371373417
2026-08-01,1a50e734bb54861a,4350abb4f1933f88,0e6b611451a9a7d8,5f926979c980b87e,Mark Vologdin,Borislav Nikolic,0,2026,2016-01-02,2025-12-13,0.01,1.10967577379957,0.568350791695934,0.565514630499313,0.56473096536482,0.550153490559857,0.608507869086804,0.654915654982268,0.639659558864233
2026-08-01,1a50e734bb54861a,5425c577ed4f50b3,849c5d9979df5357,873626e5547b5235,Mateusz Rebecki,Kyle Prepolec,1,2026,2016-01-02,2025-12-13,0.01,1.10967577379957,0.859084732609578,0.861047336481597,0.864633302446492,0.864775074078091,0.855225661572215,0.863486962408538,0.835510186451659
2026-08-01,1a50e734bb54861a,68ae50dbf98dc15f,681399317dbf4701,8a1f3b5c526cd6e6,Uros Medic,Daniel Rodriguez,1,2026,2016-01-02,2025-12-13,0.01,1.10967577379957,0.578200230814002,0.574602299858948,0.552441668758666,0.578351542689417,0.59104429100495,0.579612421839688,0.552855181240475
2026-08-01,1a50e734bb54861a,7ecb154439aca0f9,025c1ee70b2cedf4,b12fb759e02378de,Vlasto Cepo,Gilbert Urbina,0,2026,2016-01-02,2025-12-13,0.01,1.10967577379957,0.502157714366181,0.525731845204091,0.561792602455879,0.509503427792412,0.505377222443198,0.530858561618929,0.562798926570665
2026-08-01,1a50e734bb54861a,878a7e6fec3e4573,1b35af4d1529adf6,5847c1a960bb23af,Stephanie Luciano,Marina Spasic,1,2026,2016-01-02,2025-12-13,0.01,1.10967577379957,0.77573115286407,0.785152752878748,0.772092351053053,0.778848769613405,0.761917637183338,0.762657197734953,0.759803299879686
2026-08-01,1a50e734bb54861a,94cef172179c9778,182a73d5b4e57871,56bf3ed155bd0fcd,Jovan Leka,Alexander Poppeck,1,2026,2016-01-02,2025-12-13,0.01,1.10967577379957,0.678315829065747,0.680531312856684,0.670954001022911,0.6737342668816,0.665869158024758,0.684007831714859,0.67385311363668
2026-08-01,1a50e734bb54861a,eb8753ed0476b3d1,333b9e5c723ac873,c9cf753cfdf77fc2,Aleksandar Rakic,Marcin Tybura,1,2026,2016-01-02,2025-12-13,0.01,1.10967577379957,0.581237619329544,0.582219378549643,0.622199729648618,0.620287508488262,0.665227976442911,0.659517503980943,0.616691709270125
2026-08-01,1a50e734bb54861a,f1bce0c9a3fa4bcb,037cfd34a27d59e9,6b56e94a59b7b134,Michael Oliveira,Oban Elliott,1,2026,2016-01-02,2025-12-13,0.01,1.10967577379957,0.406373879936431,0.396213612579232,0.411120234376928,0.413968731305577,0.433528145802289,0.424980760116281,0.386361647623697
2026-08-01,1a50e734bb54861a,f425b7a527dd53aa,0cd0456d6029cec2,866fd7b1a6c90e7f,Robert Valentin,Dusko Todorovic,1,2026,2016-01-02,2025-12-13,0.01,1.10967577379957,0.469971550133523,0.470005214274448,0.48477405561467,0.46984477414163,0.372283630974878,0.394928340713383,0.425831690353517
2026-08-01,1a50e734bb54861a,f78f34ef2ee7b02c,3c26c420584d912d,eabece0edc2d62ca,Hailey Cowan,Nina Milosevic,0,2026,2016-01-02,2025-12-13,0.01,1.10967577379957,0.313267162727729,0.308641528175151,0.279589770228641,0.301355756912465,0.328530126573187,0.305879047569036,0.343927481819027
2026-08-01,1a50e734bb54861a,fbd99ae7e1ff993a,5b86d491d63890c5,ae81a3ac7b260411,Ludovit Klein,Tofiq Musayev,0,2026,2016-01-02,2025-12-13,0.01,1.10967577379957,0.728912499591126,0.741634038506179,0.725930415492865,0.72910270000282,0.702357283142566,0.730820814300212,0.725379776604232
2026-08-01,1a50e734bb54861a,fec91da886d80200,6266abf6e4245c72,dfcadfcbd3a3f097,Noah Gugnon,Milos Janicic,1,2026,2016-01-02,2025-12-13,0.01,1.10967577379957,0.560048668327781,0.560587639551347,0.555431383713831,0.556393923203027,0.55423034751203,0.56336397621406,0.559410598767731
2026-08-08,495add4fbede0a44,06bfde3e3577906f,70380ccdc81915b8,92a9aa9c93192871,Yadier del Valle,Darren Elkins,1,2026,2016-01-02,2025-12-13,0.01,1.10967577379957,0.801543520398123,0.800126662260529,0.82307113873331,0.810457543228262,0.817581858478291,0.808835317855684,0.806688563506894
2026-08-08,495add4fbede0a44,1168a8e59aacfd72,46e0d677f91bacc0,51ec9dc3b4964f19,Miles Johns,Gianni Vazquez,1,2026,2016-01-02,2025-12-13,0.01,1.10967577379957,0.648679627173261,0.674895949785027,0.679496503872456,0.683050011940394,0.66803363890373,0.680099596283436,0.665386048343327
2026-08-08,495add4fbede0a44,13380a8d6cdbb381,0abcf6bc47191219,709fadb644ee3f51,Bruno Lopes,Diyar Nurgozhay,0,2026,2016-01-02,2025-12-13,0.01,1.10967577379957,0.45749244151203,0.454360697048501,0.458704191287047,0.446471878505117,0.457675938643071,0.414869647155154,0.441931650702331
2026-08-08,495add4fbede0a44,13f31f7a784013a3,3df5493bb279226f,545092d13c67aa49,Amanda Lemos,Alexia Thainara,0,2026,2016-01-02,2025-12-13,0.01,1.10967577379957,0.190122692105488,0.176342256318091,0.18483839380992,0.172610952988176,0.18810658530306,0.179857585984967,0.184696994441187
2026-08-08,495add4fbede0a44,3050549d19395f6f,ba15006c804a8de0,e56cee1ad697db04,Guilherme Pat,Steven Asplund,0,2026,2016-01-02,2025-12-13,0.01,1.10967577379957,0.33611100476134,0.333030683744033,0.343582801393586,0.329205282852083,0.354447508677589,0.376303346361783,0.383587948149539
2026-08-08,495add4fbede0a44,64829a32c78ab656,1f8cd7634e8286ff,cdb7b38b1b357f26,Jose Montanha,Louie Sutherland,1,2026,2016-01-02,2025-12-13,0.01,1.10967577379957,0.519114629869807,0.514846646323641,0.517185797333655,0.502275363661197,0.536462965585038,0.540241366399422,0.556509194964833
2026-08-08,495add4fbede0a44,81ae2a465e0dfa4f,5870c541798124ae,abde3388a589103c,Manoel Sousa,Richie Miranda,1,2026,2016-01-02,2025-12-13,0.01,1.10967577379957,0.574020154203956,0.590439413995499,0.576548796570888,0.573303456822015,0.589803318182131,0.612676173898516,0.581919146029422
2026-08-08,495add4fbede0a44,a10deecfb8558335,17734443a833cdf7,72db2a14ffa73ece,Quillan Salkilld,Mateusz Gamrot,1,2026,2016-01-02,2025-12-13,0.01,1.10967577379957,0.697626094455596,0.698503795338723,0.695419233868546,0.702385414381356,0.6451436957921,0.648062100682279,0.539502425142545
2026-08-08,495add4fbede0a44,d463229133909215,4948e412fa6ab67d,aa0c573da7119292,Ravena Oliveira,Juliana Miller,0,2026,2016-01-02,2025-12-13,0.01,1.10967577379957,0.364857933298777,0.360182228308719,0.372239369789656,0.358714649741341,0.382577565785269,0.381192391586421,0.408025047960383
2026-08-08,495add4fbede0a44,d5245f5b96b8afdf,aa171d55d4b5208f,f53d4f21d1b5f2dc,Billy Quarantillo,Diego Ferreira,0,2026,2016-01-02,2025-12-13,0.01,1.10967577379957,0.353648968602395,0.365852132568955,0.338150998257111,0.35957556283071,0.378955280779536,0.33848698271234,0.351675176542004
2026-08-08,495add4fbede0a44,ded584e13276cbcb,651d209fa8c8cd83,77ba5b2939c4018b,Gigi Canuto,Carol Foro,0,2026,2016-01-02,2025-12-13,0.01,1.10967577379957,0.615909268144264,0.617206879922802,0.607711433699639,0.610098172028636,0.604152434339719,0.618002009669893,0.607695961134152
2026-08-08,495add4fbede0a44,f44ab9e9e4a89735,0859524157a19045,fa07345cc9db5cc9,Ty Miller,Billy Ray Goff,1,2026,2016-01-02,2025-12-13,0.01,1.10967577379957,0.598310098225895,0.60850402020954,0.611652169415942,0.611421925361943,0.650943256956986,0.661564434014686,0.625137815438153
2026-08-15,b96619b3acd7d9da,360b13f97e7ca703,3df223aeaacecf3f,d6a8edb7410223a0,Lucas Fernando,Rafael Tobias,1,2026,2016-01-02,2025-12-13,0.01,1.10967577379957,0.515002765874993,0.520215259196467,0.537797882624797,0.539124658992216,0.461279576182139,0.433562225123435,0.427562424249805
2026-08-15,b96619b3acd7d9da,365fd759c03e93cf,275aca31f61ba28c,442c9011034ae1fd,Islam Makhachev,Ian Machado Garry,1,2026,2016-01-02,2025-12-13,0.01,1.10967577379957,0.717636585890747,0.700831358888151,0.666695969031149,0.690769382084077,0.713397454901873,0.670269996886637,0.677045884745728
2026-08-15,b96619b3acd7d9da,4700d42c9869674a,38c7f72747f4f712,7447e9f28508106a,Gillian Robertson,Mackenzie Dern,0,2026,2016-01-02,2025-12-13,0.01,1.10967577379957,0.674380858456499,0.686973787653873,0.645837469387837,0.665821475388927,0.605971812013444,0.618845923081938,0.640163256277845
2026-08-15,b96619b3acd7d9da,53902dcb3e213b18,71505842fb6455c3,841695e02c99a521,Dustin Stoltzfus,Mansur Abdul-Malik,1,2026,2016-01-02,2025-12-13,0.01,1.10967577379957,0.311052262722966,0.283059004379393,0.312277941033844,0.309918161546238,0.290170490705791,0.283093101451344,0.288248510703783
2026-08-15,b96619b3acd7d9da,6e495deac1f57169,58bbef3770bb2dfc,c68c68efaa5ca6ef,Joel Alvarez,Chidi Njokuani,0,2026,2016-01-02,2025-12-13,0.01,1.10967577379957,0.70555318616044,0.709104121462583,0.691611730531482,0.708549965783872,0.752896727034969,0.760672404879264,0.746164579972127
2026-08-15,b96619b3acd7d9da,8e482cead0c7eb15,323d4ca260dfa0ba,64a50dad704d1d49,Esteban Ribovics,Edson Barboza,1,2026,2016-01-02,2025-12-13,0.01,1.10967577379957,0.772454846273831,0.773105343895033,0.746526359010946,0.774784884708355,0.813635471543489,0.820881881095087,0.78061533968726
2026-08-15,b96619b3acd7d9da,9c5da658c76da7c0,9508cc6184cb2450,ad5cb64af10fc946,Eric McConico,Donte Johnson,0,2026,2016-01-02,2025-12-13,0.01,1.10967577379957,0.202370011242347,0.189528865915592,0.198114154321491,0.197973699207851,0.21379251960424,0.201012578835105,0.210949987226173
2026-08-15,b96619b3acd7d9da,d4bd456d70965734,4d8fa64202cee4c1,ec13c393d029297d,Jalin Turner,Kaue Fernandes,1,2026,2016-01-02,2025-12-13,0.01,1.10967577379957,0.444044858169279,0.438659669926963,0.42181575939114,0.440352721541445,0.47162432344532,0.441559824943361,0.480129372234969
2026-08-15,b96619b3acd7d9da,d5ebdf462c9b59b3,bf2c8e01b07d3eb1,d66a46de8d705353,Myktybek Orolbai,Jeremiah Wells,0,2026,2016-01-02,2025-12-13,0.01,1.10967577379957,0.891627429886527,0.893394977593848,0.896128388065482,0.904488633670206,0.887607498374637,0.884434881360228,0.816724012125455
2026-08-15,b96619b3acd7d9da,e7077d030d5fc15f,3d074044a33825e7,84b3e7d38f2d2ec5,Ramiz Brahimaj,Neil Magny,0,2026,2016-01-02,2025-12-13,0.01,1.10967577379957,0.461679204022208,0.455325917462922,0.49016517911608,0.476580778155191,0.438734725932368,0.453176733393238,0.448288680940984
2026-08-15,b96619b3acd7d9da,e79e4d13546d2360,147e70aa6cc48cfc,6d4b63c767106d3a,Tresean Gore,Vicente Luque,1,2026,2016-01-02,2025-12-13,0.01,1.10967577379957,0.263808871804884,0.253348671067796,0.279212112682017,0.26436064921162,0.248763363719709,0.262640873455867,0.289860858077806
2026-08-15,b96619b3acd7d9da,e7c11d1b22d50ba0,62f3039da2f92a8c,814e5233e2acf2ee,Eduardo Chapolin,Charles Johnson,0,2026,2016-01-02,2025-12-13,0.01,1.10967577379957,0.401199759700285,0.3791398741326,0.385276024687595,0.365210301070807,0.345072975433182,0.378036894485629,0.394692894957231
2026-08-22,a0a69dc9914ef6e1,0eba299c9b6760fa,327d5f279895110d,d549cefc7c54ab78,Roman Dolidze,Reinier de Ridder,0,2026,2016-01-02,2025-12-13,0.01,1.10967577379957,0.298621361941028,0.294989672442929,0.315646802138534,0.272824893312654,0.306710560195612,0.311046440398711,0.303894278301951
2026-08-22,a0a69dc9914ef6e1,116dc88b63113f61,5be51426ff3c1929,b2a78df161bd67f9,Stan Dorsainvil,Gauge Young,1,2026,2016-01-02,2025-12-13,0.01,1.10967577379957,0.419652905297949,0.410563398219891,0.426961718439396,0.413239842939649,0.435343976275269,0.412859378470957,0.42652082494515
2026-08-22,a0a69dc9914ef6e1,11e4a448ce1ae5e3,3eeec2f53cebdf12,b4443fae47e7eb9d,Jackson McVey,Wes Schultz,1,2026,2016-01-02,2025-12-13,0.01,1.10967577379957,0.582705260791096,0.582273034214173,0.585280305776861,0.579305725532728,0.612025242906303,0.523425267010688,0.534170336288112
2026-08-22,a0a69dc9914ef6e1,2bbacf9ed3c64184,640a0f838f057a81,e00a3dee329a51f7,Lerryan Douglas,Jamall Emmers,0,2026,2016-01-02,2025-12-13,0.01,1.10967577379957,0.606393647161174,0.604238716691725,0.624005727794456,0.613787316920091,0.603134350113178,0.617915506743128,0.61735076569032
2026-08-22,a0a69dc9914ef6e1,5d2c1c4dd444772f,6747ccd6d1acd266,8667caa0451d245b,Shamil Gaziev,Kennedy Nzechukwu,1,2026,2016-01-02,2025-12-13,0.01,1.10967577379957,0.362339298553104,0.366637233751265,0.376799666175195,0.366951041094578,0.323417644291475,0.334832378037057,0.358922413844387
2026-08-22,a0a69dc9914ef6e1,7e86f774f19e5e59,c85bad793cd14e28,d958ed9e5a08c849,Marcio Barbosa,Ryan Kuse,1,2026,2016-01-02,2025-12-13,0.01,1.10967577379957,0.646097068651607,0.656902169503063,0.657046650291387,0.65229848202239,0.658692383757134,0.669486164877214,0.656819635352847
2026-08-22,a0a69dc9914ef6e1,97fb716bc7b8751a,ac7c765882f2c68c,cfbb3edab781dfd2,Elise Reed,Shanelle Dyer,0,2026,2016-01-02,2025-12-13,0.01,1.10967577379957,0.163544805044827,0.149098872903945,0.166319508239786,0.152400452142243,0.17729158789424,0.181815313209515,0.189642075758009
2026-08-22,a0a69dc9914ef6e1,a4b3becc0cc394d7,8061a3136026a673,f1ab6f37492c630a,Jeisla Chaves,Carli Judice,0,2026,2016-01-02,2025-12-13,0.01,1.10967577379957,0.297477943271603,0.294065999602853,0.313645474935337,0.293775537161725,0.2944992261877,0.299746949677932,0.27935593787733
2026-08-22,a0a69dc9914ef6e1,a57ccf31c5f6f82b,71171fc96445bf65,e2f6b2769aaedd6c,Vitor Petrino,Serghei Spivac,1,2026,2016-01-02,2025-12-13,0.01,1.10967577379957,0.655158533693422,0.655840882558615,0.644575815905936,0.651507865252066,0.639476059352114,0.625036231867561,0.611551583552891
2026-08-22,a0a69dc9914ef6e1,a6873fd459587d17,23a81656507b56a3,b34976c022b24568,Terrance Chatman,Anthony Wint,0,2026,2016-01-02,2025-12-13,0.01,1.10967577379957,0.519527530944729,0.520010096780135,0.51825682884312,0.51820175838156,0.517826750888737,0.52069296256239,0.522914788668773
2026-08-22,a0a69dc9914ef6e1,bbd05484f8c8d739,06626b6287e1ae1e,b7b84ccd221be298,Chris Padilla,Nasrat Haqparast,1,2026,2016-01-02,2025-12-13,0.01,1.10967577379957,0.604148335282832,0.600282214874399,0.580194419328459,0.610270127014396,0.585373781737079,0.554387047537247,0.559819682459529
2026-08-22,a0a69dc9914ef6e1,bf70d01518c80fba,e2be0c1a9b886d92,f6ad6a1e4d600e0d,MarQuel Mederos,Mason Jones,1,2026,2016-01-02,2025-12-13,0.01,1.10967577379957,0.50458235252173,0.493493535544842,0.533043038003675,0.481432127307896,0.475030253863022,0.481640262551964,0.486886981997352
2026-08-22,a0a69dc9914ef6e1,fb77b08a90b92d5b,093e1f5bb73850be,d1c65d2cf2925ddd,Anthony Hernandez,Gregory Rodrigues,0,2026,2016-01-02,2025-12-13,0.01,1.10967577379957,0.719313476106922,0.709896157564907,0.72773134471202,0.733111999212065,0.717026410881764,0.741934357145897,0.66483891786722
