split,date,event_id,fight_id,label_method,label_finish_round,label_total_fight_seconds,label_time_format,scheduled_rounds,schedule_basis,over_3_5,finish_before_round_4,decision,explicit_schedule
development,2016-09-03,2b4faacc16d66898,c5c1deb1607f69b4,U-DEC,3,900.0,,3,inferred_from_decision_duration,False,True,True,False
development,2016-09-03,2b4faacc16d66898,d38cd293a0c3fdfd,U-DEC,3,900.0,,3,inferred_from_decision_duration,False,True,True,False
development,2016-09-03,2b4faacc16d66898,f24144fbe9e32c10,U-DEC,3,900.0,,3,inferred_from_decision_duration,False,True,True,False
development,2016-09-03,2b4faacc16d66898,bd887c173d3050bf,KO/TKO,3,766.0,,3,assumed_three_round_early_finish,False,True,False,False
development,2016-09-03,2b4faacc16d66898,69ecd4aa5a550f7b,U-DEC,3,900.0,,3,inferred_from_decision_duration,False,True,True,False
development,2016-09-03,2b4faacc16d66898,d6389fa434e86916,S-DEC,3,900.0,,3,inferred_from_decision_duration,False,True,True,False
development,2016-09-03,2b4faacc16d66898,31dd8b5d6444f19b,U-DEC,3,900.0,,3,inferred_from_decision_duration,False,True,True,False
development,2016-09-03,2b4faacc16d66898,5237736e6b37c609,KO/TKO,2,426.0,,3,assumed_three_round_early_finish,False,True,False,False
development,2016-09-03,2b4faacc16d66898,0549b655619774c5,U-DEC,3,900.0,,3,inferred_from_decision_duration,False,True,True,False
development,2016-09-03,2b4faacc16d66898,a3b972117a3998ee,SUB,3,773.0,,3,assumed_three_round_early_finish,False,True,False,False
development,2016-09-10,2dc7f1762dc0a7ef,1c85f793ea4f9caa,SUB,2,349.0,,3,assumed_three_round_early_finish,False,True,False,False
development,2016-09-10,2dc7f1762dc0a7ef,5d5abb5dade718de,KO/TKO,1,105.0,,3,assumed_three_round_early_finish,False,True,False,False
development,2016-09-10,2dc7f1762dc0a7ef,9b1386a28b81bcd5,KO/TKO,2,557.0,,3,assumed_three_round_early_finish,False,True,False,False
development,2016-09-10,2dc7f1762dc0a7ef,c8ca99d1adc5448d,S-DEC,3,900.0,,3,inferred_from_decision_duration,False,True,True,False
development,2016-09-10,2dc7f1762dc0a7ef,e9ffcf05270a320a,S-DEC,3,900.0,,3,inferred_from_decision_duration,False,True,True,False
development,2016-09-10,2dc7f1762dc0a7ef,52bc6927e80aca5d,SUB,1,278.0,,3,assumed_three_round_early_finish,False,True,False,False
development,2016-09-10,2dc7f1762dc0a7ef,971d9fa5947a4bb7,U-DEC,3,900.0,,3,inferred_from_decision_duration,False,True,True,False
development,2016-09-10,2dc7f1762dc0a7ef,26e6a2705a1e9e72,SUB,1,134.0,,3,assumed_three_round_early_finish,False,True,False,False
development,2016-09-10,2dc7f1762dc0a7ef,409bcfacb259999a,U-DEC,3,900.0,,3,inferred_from_decision_duration,False,True,True,False
development,2016-09-10,2dc7f1762dc0a7ef,19df0d0cb1269fa7,KO/TKO,1,267.0,,3,assumed_three_round_early_finish,False,True,False,False
development,2016-09-17,d6455cb4bee503ce,30b33d032605c885,SUB,3,618.0,,3,assumed_three_round_early_finish,False,True,False,False
development,2016-09-17,d6455cb4bee503ce,187681b2843174b5,U-DEC,3,900.0,,3,inferred_from_decision_duration,False,True,True,False
development,2016-09-17,d6455cb4bee503ce,c87d2569da8d4305,SUB,3,886.0,,3,assumed_three_round_early_finish,False,True,False,False
development,2016-09-17,d6455cb4bee503ce,4df1d3183929d021,KO/TKO,3,859.0,,3,assumed_three_round_early_finish,False,True,False,False
development,2016-09-17,d6455cb4bee503ce,4f6f7f1ad8954bb6,SUB,2,380.0,,3,assumed_three_round_early_finish,False,True,False,False
development,2016-09-17,d6455cb4bee503ce,00b7497b02b3b2bb,SUB,1,19.0,,3,assumed_three_round_early_finish,False,True,False,False
development,2016-09-17,d6455cb4bee503ce,144b0c1dd6c909f3,U-DEC,3,900.0,,3,inferred_from_decision_duration,False,True,True,False
development,2016-09-17,d6455cb4bee503ce,054f1423ba7c121e,S-DEC,3,900.0,,3,inferred_from_decision_duration,False,True,True,False
development,2016-09-17,d6455cb4bee503ce,0596fc5eba5c1fe0,U-DEC,3,900.0,,3,inferred_from_decision_duration,False,True,True,False
development,2016-09-17,d6455cb4bee503ce,f4cdc944e27c2cd2,KO/TKO,1,101.0,,3,assumed_three_round_early_finish,False,True,False,False
development,2016-09-17,d6455cb4bee503ce,692241119228cc82,KO/TKO,1,95.0,,3,assumed_three_round_early_finish,False,True,False,False
development,2016-09-24,e18012194473e8b0,fae3f395669b7285,U-DEC,3,900.0,,3,inferred_from_decision_duration,False,True,True,False
development,2016-09-24,e18012194473e8b0,5948876f1d80c21a,KO/TKO,1,60.0,,3,assumed_three_round_early_finish,False,True,False,False
development,2016-09-24,e18012194473e8b0,1afa8d6ae4d8a5b2,U-DEC,3,900.0,,3,inferred_from_decision_duration,False,True,True,False
development,2016-09-24,e18012194473e8b0,0e9b7e682e0a79f1,SUB,3,837.0,,3,assumed_three_round_early_finish,False,True,False,False
development,2016-09-24,e18012194473e8b0,39c16381a9722735,U-DEC,3,900.0,,3,inferred_from_decision_duration,False,True,True,False
development,2016-09-24,e18012194473e8b0,0408a452fb5c3e14,U-DEC,3,900.0,,3,inferred_from_decision_duration,False,True,True,False
development,2016-09-24,e18012194473e8b0,6f2a4a2f769eb9e3,U-DEC,3,900.0,,3,inferred_from_decision_duration,False,True,True,False
development,2016-09-24,e18012194473e8b0,c29b63d6cd2ba413,SUB,1,183.0,,3,assumed_three_round_early_finish,False,True,False,False
development,2016-09-24,e18012194473e8b0,66b8f3426f36fdf7,SUB,1,178.0,,3,assumed_three_round_early_finish,False,True,False,False
development,2016-09-24,e18012194473e8b0,845907142e023077,KO/TKO,3,745.0,,3,assumed_three_round_early_finish,False,True,False,False
development,2016-09-24,e18012194473e8b0,5c5ed0416e881faf,KO/TKO,2,550.0,,3,assumed_three_round_early_finish,False,True,False,False
development,2016-09-24,e18012194473e8b0,50935ae1627fc89b,U-DEC,3,900.0,,3,inferred_from_decision_duration,False,True,True,False
development,2016-09-24,e18012194473e8b0,76c5f66afe6ab192,KO/TKO,2,449.0,,3,assumed_three_round_early_finish,False,True,False,False
development,2016-10-01,a196332ee4aa8a82,98e3b4d05ecc36a2,S-DEC,3,900.0,,3,inferred_from_decision_duration,False,True,True,False
development,2016-10-01,a196332ee4aa8a82,4efbd869aa0211d2,KO/TKO,2,422.0,,3,assumed_three_round_early_finish,False,True,False,False
development,2016-10-01,a196332ee4aa8a82,1cca8ba792f1e1d9,U-DEC,3,900.0,,3,inferred_from_decision_duration,False,True,True,False
development,2016-10-01,a196332ee4aa8a82,ba7250ef080d1603,KO/TKO,2,584.0,,3,assumed_three_round_early_finish,False,True,False,False
development,2016-10-01,a196332ee4aa8a82,958f6e5b79ff8c33,U-DEC,3,900.0,,3,inferred_from_decision_duration,False,True,True,False
development,2016-10-01,a196332ee4aa8a82,412735f3e0b66ea6,S-DEC,3,900.0,,3,inferred_from_decision_duration,False,True,True,False
development,2016-10-01,a196332ee4aa8a82,11b369120409d2aa,U-DEC,3,900.0,,3,inferred_from_decision_duration,False,True,True,False
development,2016-10-01,a196332ee4aa8a82,a27a9b7b8194e8fc,SUB,2,583.0,,3,assumed_three_round_early_finish,False,True,False,False
development,2016-10-01,a196332ee4aa8a82,b43dfe6743160a66,SUB,1,143.0,,3,assumed_three_round_early_finish,False,True,False,False
development,2016-10-01,a196332ee4aa8a82,21b361d723fcf3cd,S-DEC,3,900.0,,3,inferred_from_decision_duration,False,True,True,False
development,2016-10-01,a196332ee4aa8a82,3a8cc4cda195d758,KO/TKO,3,810.0,,3,assumed_three_round_early_finish,False,True,False,False
development,2016-10-01,a196332ee4aa8a82,8793208907eca67f,S-DEC,5,1500.0,,5,inferred_from_decision_duration,True,False,True,False
development,2016-10-08,154a6b3ffae264cd,87b61c1d72232a84,S-DEC,3,900.0,,3,inferred_from_decision_duration,False,True,True,False
development,2016-10-08,154a6b3ffae264cd,85bec51d0bdf511f,KO/TKO,3,880.0,,3,assumed_three_round_early_finish,False,True,False,False
development,2016-10-08,154a6b3ffae264cd,8794b5f9a591daf6,KO/TKO,2,580.0,,3,assumed_three_round_early_finish,False,True,False,False
development,2016-10-08,154a6b3ffae264cd,47dfd70b5780d68a,SUB,3,781.0,,3,assumed_three_round_early_finish,False,True,False,False
development,2016-10-08,154a6b3ffae264cd,3be121d4f5460893,SUB,3,776.0,,3,assumed_three_round_early_finish,False,True,False,False
development,2016-10-08,154a6b3ffae264cd,2f9a8807807b80d6,SUB,1,119.0,,3,assumed_three_round_early_finish,False,True,False,False
development,2016-10-08,154a6b3ffae264cd,23253ebb1d86d8b4,SUB,1,262.0,,3,assumed_three_round_early_finish,False,True,False,False
development,2016-10-08,154a6b3ffae264cd,17067cf55726c673,SUB,2,401.0,,3,assumed_three_round_early_finish,False,True,False,False
development,2016-10-08,154a6b3ffae264cd,451d7d8c2a6bacb3,KO/TKO,2,458.0,,3,assumed_three_round_early_finish,False,True,False,False
development,2016-10-08,154a6b3ffae264cd,ebc7ec239faf7b0b,KO/TKO,2,463.0,,3,assumed_three_round_early_finish,False,True,False,False
development,2016-10-08,154a6b3ffae264cd,eaa63c8fb9379426,U-DEC,5,1500.0,,5,inferred_from_decision_duration,True,False,True,False
development,2016-11-05,6083f497c22cc075,4fa26e1e88583ab5,U-DEC,3,900.0,,3,inferred_from_decision_duration,False,True,True,False
development,2016-11-05,6083f497c22cc075,c1e039419a671b9e,S-DEC,3,900.0,,3,inferred_from_decision_duration,False,True,True,False
development,2016-11-05,6083f497c22cc075,2c39797c6574ff29,U-DEC,3,900.0,,3,inferred_from_decision_duration,False,True,True,False
development,2016-11-05,6083f497c22cc075,29df50b2ea446361,KO/TKO,3,753.0,,3,assumed_three_round_early_finish,False,True,False,False
development,2016-11-05,6083f497c22cc075,23c6a428df1569bc,KO/TKO,1,54.0,,3,assumed_three_round_early_finish,False,True,False,False
development,2016-11-05,6083f497c22cc075,588a39cab19065bc,SUB,1,97.0,,3,assumed_three_round_early_finish,False,True,False,False
development,2016-11-05,6083f497c22cc075,51010081d59b4687,S-DEC,3,900.0,,3,inferred_from_decision_duration,False,True,True,False
development,2016-11-05,6083f497c22cc075,52943c821416dc38,U-DEC,3,900.0,,3,inferred_from_decision_duration,False,True,True,False
development,2016-11-05,6083f497c22cc075,00494c77d2a88f8c,U-DEC,3,900.0,,3,inferred_from_decision_duration,False,True,True,False
development,2016-11-05,6083f497c22cc075,43a941e005a2d463,KO/TKO,2,415.0,,3,assumed_three_round_early_finish,False,True,False,False
development,2016-11-05,6083f497c22cc075,e322eae035f7c00f,SUB,2,433.0,,3,assumed_three_round_early_finish,False,True,False,False
development,2016-11-05,6083f497c22cc075,c5a8e0098d1024ce,U-DEC,3,900.0,,3,inferred_from_decision_duration,False,True,True,False
development,2016-11-05,6083f497c22cc075,9220acccebf14a46,U-DEC,5,1500.0,,5,inferred_from_decision_duration,True,False,True,False
development,2016-11-12,4956f60b7fa57c1a,706228ddb6076b3f,S-DEC,3,900.0,,3,inferred_from_decision_duration,False,True,True,False
development,2016-11-12,4956f60b7fa57c1a,ef80a6eea892c296,U-DEC,3,900.0,,3,inferred_from_decision_duration,False,True,True,False
development,2016-11-12,4956f60b7fa57c1a,14477908199435e1,KO/TKO,1,79.0,,3,assumed_three_round_early_finish,False,True,False,False
development,2016-11-12,4956f60b7fa57c1a,8172d8d996335d0a,KO/TKO,1,202.0,,3,assumed_three_round_early_finish,False,True,False,False
development,2016-11-12,4956f60b7fa57c1a,c26806c2d554e50c,SUB,3,751.0,,3,assumed_three_round_early_finish,False,True,False,False
development,2016-11-12,4956f60b7fa57c1a,9c4cbd0546d03f6b,U-DEC,3,900.0,,3,inferred_from_decision_duration,False,True,True,False
development,2016-11-12,4956f60b7fa57c1a,9ebfd601c43b89b3,U-DEC,3,900.0,,3,inferred_from_decision_duration,False,True,True,False
development,2016-11-12,4956f60b7fa57c1a,f37d18b5c35145bf,KO/TKO,3,624.0,,3,assumed_three_round_early_finish,False,True,False,False
development,2016-11-12,4956f60b7fa57c1a,4403857f545ede75,U-DEC,5,1500.0,,5,inferred_from_decision_duration,True,False,True,False
development,2016-11-12,4956f60b7fa57c1a,1d7015553debd1c8,KO/TKO,2,484.0,,3,assumed_three_round_early_finish,False,True,False,False
development,2016-11-19,5cde96e0a1a1fffe,30a2c7e5b90e6d74,SUB,2,415.0,,3,assumed_three_round_early_finish,False,True,False,False
development,2016-11-19,5cde96e0a1a1fffe,9e75fbe17a35f272,SUB,3,732.0,,3,assumed_three_round_early_finish,False,True,False,False
development,2016-11-19,5cde96e0a1a1fffe,02b39d683f027517,KO/TKO,2,346.0,,3,assumed_three_round_early_finish,False,True,False,False
development,2016-11-19,5cde96e0a1a1fffe,a5e240bcd7731725,SUB,1,67.0,,3,assumed_three_round_early_finish,False,True,False,False
development,2016-11-19,5cde96e0a1a1fffe,13d2b7aef67cb6ea,SUB,2,431.0,,3,assumed_three_round_early_finish,False,True,False,False
development,2016-11-19,5cde96e0a1a1fffe,edcf1d6a1bd8acc7,S-DEC,3,900.0,,3,inferred_from_decision_duration,False,True,True,False
development,2016-11-19,5cde96e0a1a1fffe,939cc30f07131724,U-DEC,3,900.0,,3,inferred_from_decision_duration,False,True,True,False
development,2016-11-19,5cde96e0a1a1fffe,3e1bd51261cb61df,U-DEC,3,900.0,,3,inferred_from_decision_duration,False,True,True,False
development,2016-11-19,5cde96e0a1a1fffe,4c05732d411d6412,U-DEC,3,900.0,,3,inferred_from_decision_duration,False,True,True,False
development,2016-11-19,5cde96e0a1a1fffe,ac656cebef8cf0a4,KO/TKO,2,397.0,,3,assumed_three_round_early_finish,False,True,False,False
development,2016-11-19,5cde96e0a1a1fffe,106088694fa0c682,KO/TKO,3,831.0,,3,assumed_three_round_early_finish,False,True,False,False
development,2016-11-19,6810d8d2dd557cf9,bd6909a463a1de2b,KO/TKO,1,53.0,,3,assumed_three_round_early_finish,False,True,False,False
development,2016-11-19,6810d8d2dd557cf9,a337e11f80a75b7d,U-DEC,3,900.0,,3,inferred_from_decision_duration,False,True,True,False
development,2016-11-19,6810d8d2dd557cf9,7fce3efc5d2add6e,KO/TKO,3,783.0,,3,assumed_three_round_early_finish,False,True,False,False
development,2016-11-19,6810d8d2dd557cf9,1b52e24d09700dd9,SUB,2,542.0,,3,assumed_three_round_early_finish,False,True,False,False
development,2016-11-19,6810d8d2dd557cf9,8eaa23d64c20b0f1,SUB,1,136.0,,3,assumed_three_round_early_finish,False,True,False,False
development,2016-11-19,6810d8d2dd557cf9,24411c5356903d11,U-DEC,3,900.0,,3,inferred_from_decision_duration,False,True,True,False
development,2016-11-19,6810d8d2dd557cf9,dad034faf3d62cb9,SUB,2,571.0,,3,assumed_three_round_early_finish,False,True,False,False
development,2016-11-19,6810d8d2dd557cf9,ad0bac98558900af,U-DEC,3,900.0,,3,inferred_from_decision_duration,False,True,True,False
development,2016-11-19,6810d8d2dd557cf9,f1afa75c8d492550,KO/TKO,2,520.0,,3,assumed_three_round_early_finish,False,True,False,False
development,2016-11-19,6810d8d2dd557cf9,e4795ab9bdd6fb38,U-DEC,3,900.0,,3,inferred_from_decision_duration,False,True,True,False
development,2016-11-19,6810d8d2dd557cf9,689116759885e4a5,S-DEC,3,900.0,,3,inferred_from_decision_duration,False,True,True,False
development,2016-11-19,6810d8d2dd557cf9,6b5fe10e6e7d160a,S-DEC,3,900.0,,3,inferred_from_decision_duration,False,True,True,False
development,2016-11-19,6810d8d2dd557cf9,b5268a0c2df32a24,KO/TKO,1,277.0,,3,assumed_three_round_early_finish,False,True,False,False
development,2016-11-26,73e09f837f3b5ecc,0da0dc2c7eb29f58,U-DEC,3,900.0,,3,inferred_from_decision_duration,False,True,True,False
development,2016-11-26,73e09f837f3b5ecc,2e209dc450b7ebe3,U-DEC,3,900.0,,3,inferred_from_decision_duration,False,True,True,False
development,2016-11-26,73e09f837f3b5ecc,4f60a7e7b848bc6d,U-DEC,3,900.0,,3,inferred_from_decision_duration,False,True,True,False
development,2016-11-26,73e09f837f3b5ecc,291d91378a96d1e8,U-DEC,3,900.0,,3,inferred_from_decision_duration,False,True,True,False
development,2016-11-26,73e09f837f3b5ecc,2c0a58ef0324e18b,U-DEC,3,900.0,,3,inferred_from_decision_duration,False,True,True,False
development,2016-11-26,73e09f837f3b5ecc,64bc223daa594bcc,S-DEC,3,900.0,,3,inferred_from_decision_duration,False,True,True,False
development,2016-11-26,73e09f837f3b5ecc,71854cfe738d6ee1,U-DEC,3,900.0,,3,inferred_from_decision_duration,False,True,True,False
development,2016-11-26,73e09f837f3b5ecc,314aea77cd24210f,S-DEC,3,900.0,,3,inferred_from_decision_duration,False,True,True,False
development,2016-11-26,73e09f837f3b5ecc,d1c519260c0ddf3a,SUB,1,247.0,,3,assumed_three_round_early_finish,False,True,False,False
development,2016-11-26,73e09f837f3b5ecc,2cab927474cb6e62,KO/TKO,2,426.0,,3,assumed_three_round_early_finish,False,True,False,False
development,2016-11-26,73e09f837f3b5ecc,450760216f5643ca,U-DEC,3,900.0,,3,inferred_from_decision_duration,False,True,True,False
development,2016-11-26,73e09f837f3b5ecc,0d33d43bee65d98f,S-DEC,3,900.0,,3,inferred_from_decision_duration,False,True,True,False
development,2016-11-26,73e09f837f3b5ecc,6d04fbef6b8e4551,KO/TKO,1,247.0,,3,assumed_three_round_early_finish,False,True,False,False
development,2016-12-03,bd4389b71fdc0ce2,fe132ef2ab8ae9d2,U-DEC,3,900.0,,3,inferred_from_decision_duration,False,True,True,False
development,2016-12-03,bd4389b71fdc0ce2,163fbb2185730846,KO/TKO,2,507.0,,3,assumed_three_round_early_finish,False,True,False,False
development,2016-12-03,bd4389b71fdc0ce2,5ae45d20a60dc109,U-DEC,3,900.0,,3,inferred_from_decision_duration,False,True,True,False
development,2016-12-03,bd4389b71fdc0ce2,c5d48ca7c22f857e,U-DEC,3,900.0,,3,inferred_from_decision_duration,False,True,True,False
development,2016-12-03,bd4389b71fdc0ce2,63b35df1276b3d64,KO/TKO,1,227.0,,3,assumed_three_round_early_finish,False,True,False,False
development,2016-12-03,bd4389b71fdc0ce2,019983faebec6d64,U-DEC,3,900.0,,3,inferred_from_decision_duration,False,True,True,False
development,2016-12-03,bd4389b71fdc0ce2,36830f6eb3c847f5,S-DEC,3,900.0,,3,inferred_from_decision_duration,False,True,True,False
development,2016-12-03,bd4389b71fdc0ce2,a716172939767cab,SUB,2,472.0,,3,assumed_three_round_early_finish,False,True,False,False
development,2016-12-03,bd4389b71fdc0ce2,9cad47cdd6351e50,U-DEC,3,900.0,,3,inferred_from_decision_duration,False,True,True,False
development,2016-12-03,bd4389b71fdc0ce2,27ff7028ec8c2161,KO/TKO,1,245.0,,3,assumed_three_round_early_finish,False,True,False,False
development,2016-12-03,bd4389b71fdc0ce2,5e1370a92ce8abb0,S-DEC,3,900.0,,3,inferred_from_decision_duration,False,True,True,False
development,2016-12-03,bd4389b71fdc0ce2,02822c35ffef5a50,U-DEC,5,1500.0,,5,inferred_from_decision_duration,True,False,True,False
development,2016-12-09,7139cd2ae4bf6a29,87b6c507a7684ec2,U-DEC,3,900.0,,3,inferred_from_decision_duration,False,True,True,False
development,2016-12-09,7139cd2ae4bf6a29,770312f3ca8506b6,U-DEC,3,900.0,,3,inferred_from_decision_duration,False,True,True,False
development,2016-12-09,7139cd2ae4bf6a29,a71febed166b7d42,U-DEC,3,900.0,,3,inferred_from_decision_duration,False,True,True,False
development,2016-12-09,7139cd2ae4bf6a29,4bf0be780f2d09be,U-DEC,3,900.0,,3,inferred_from_decision_duration,False,True,True,False
development,2016-12-09,7139cd2ae4bf6a29,0b26d635106aea1c,U-DEC,3,900.0,,3,inferred_from_decision_duration,False,True,True,False
development,2016-12-09,7139cd2ae4bf6a29,85feac6924abb35b,SUB,1,252.0,,3,assumed_three_round_early_finish,False,True,False,False
development,2016-12-09,7139cd2ae4bf6a29,02e3699be1d8daa2,KO/TKO,2,385.0,,3,assumed_three_round_early_finish,False,True,False,False
development,2016-12-09,7139cd2ae4bf6a29,9555d8941df4a998,U-DEC,3,900.0,,3,inferred_from_decision_duration,False,True,True,False
development,2016-12-09,7139cd2ae4bf6a29,25cd989ac5569629,KO/TKO,2,474.0,,3,assumed_three_round_early_finish,False,True,False,False
development,2016-12-09,7139cd2ae4bf6a29,14e7bb7a9d49450d,KO/TKO,2,456.0,,3,assumed_three_round_early_finish,False,True,False,False
development,2016-12-09,7139cd2ae4bf6a29,0769ab47fcf0bf6b,SUB,1,117.0,,3,assumed_three_round_early_finish,False,True,False,False
development,2016-12-09,7139cd2ae4bf6a29,cb1e57b5f8c92922,KO/TKO,4,1122.0,,5,inferred_five_round_late_finish,True,False,False,False
development,2016-12-10,6e3282d57d2467a0,d573e571d8349b5d,S-DEC,3,900.0,,3,inferred_from_decision_duration,False,True,True,False
development,2016-12-10,6e3282d57d2467a0,8b983e834df0c6c4,U-DEC,3,900.0,,3,inferred_from_decision_duration,False,True,True,False
development,2016-12-10,6e3282d57d2467a0,071d488ec8ccf254,KO/TKO,1,100.0,,3,assumed_three_round_early_finish,False,True,False,False
development,2016-12-10,6e3282d57d2467a0,b121f30d7fc9ea6c,U-DEC,3,900.0,,3,inferred_from_decision_duration,False,True,True,False
development,2016-12-10,6e3282d57d2467a0,ca9804845b010845,S-DEC,3,900.0,,3,inferred_from_decision_duration,False,True,True,False
development,2016-12-10,6e3282d57d2467a0,04f27a78e4ffce47,SUB,2,477.0,,3,assumed_three_round_early_finish,False,True,False,False
development,2016-12-10,6e3282d57d2467a0,0af90a49f0ca1879,SUB,1,278.0,,3,assumed_three_round_early_finish,False,True,False,False
development,2016-12-10,6e3282d57d2467a0,761a215d51a0442e,U-DEC,3,900.0,,3,inferred_from_decision_duration,False,True,True,False
development,2016-12-10,6e3282d57d2467a0,07b98dbf5d2c62a2,KO/TKO,3,765.0,,3,assumed_three_round_early_finish,False,True,False,False
development,2016-12-10,6e3282d57d2467a0,5f0aa841c21f7d30,U-DEC,3,900.0,,3,inferred_from_decision_duration,False,True,True,False
development,2016-12-10,6e3282d57d2467a0,96404a3b32791c8d,KO/TKO,3,634.0,,3,assumed_three_round_early_finish,False,True,False,False
development,2016-12-10,6e3282d57d2467a0,977a758d869f9e7a,KO/TKO,3,890.0,,3,assumed_three_round_early_finish,False,True,False,False
development,2016-12-17,32541eb5d12668b4,1ca4274019680d23,S-DEC,3,900.0,,3,inferred_from_decision_duration,False,True,True,False
development,2016-12-17,32541eb5d12668b4,88c712be47805d63,U-DEC,3,900.0,,3,inferred_from_decision_duration,False,True,True,False
development,2016-12-17,32541eb5d12668b4,ca6d4239726931f9,KO/TKO,1,184.0,,3,assumed_three_round_early_finish,False,True,False,False
development,2016-12-17,32541eb5d12668b4,d77ace7aadb2383e,U-DEC,3,900.0,,3,inferred_from_decision_duration,False,True,True,False
development,2016-12-17,32541eb5d12668b4,7979888b1fb5eb39,U-DEC,3,900.0,,3,inferred_from_decision_duration,False,True,True,False
development,2016-12-17,32541eb5d12668b4,30f6cf4253b13b76,U-DEC,3,900.0,,3,inferred_from_decision_duration,False,True,True,False
development,2016-12-17,32541eb5d12668b4,677588ea237aa5c0,U-DEC,3,900.0,,3,inferred_from_decision_duration,False,True,True,False
development,2016-12-17,32541eb5d12668b4,4b35edc671de861f,U-DEC,3,900.0,,3,inferred_from_decision_duration,False,True,True,False
development,2016-12-17,32541eb5d12668b4,01f396a7372dc8ff,SUB,2,419.0,,3,assumed_three_round_early_finish,False,True,False,False
development,2016-12-17,32541eb5d12668b4,473b9b56cdaedba3,U-DEC,3,900.0,,3,inferred_from_decision_duration,False,True,True,False
development,2016-12-17,32541eb5d12668b4,2cdf841a057d9039,U-DEC,3,900.0,,3,inferred_from_decision_duration,False,True,True,False
development,2016-12-17,32541eb5d12668b4,23bc29f1b6baacad,SUB,2,400.0,,3,assumed_three_round_early_finish,False,True,False,False
development,2016-12-17,32541eb5d12668b4,5840527835a8ffb2,SUB,1,201.0,,3,assumed_three_round_early_finish,False,True,False,False
development,2016-12-30,4b2390cfaceb91d8,d8c7497043e7e5bd,SUB,1,270.0,,3,assumed_three_round_early_finish,False,True,False,False
development,2016-12-30,4b2390cfaceb91d8,31acf87e89a4a401,KO/TKO,1,214.0,,3,assumed_three_round_early_finish,False,True,False,False
development,2016-12-30,4b2390cfaceb91d8,78736e322574e500,U-DEC,3,900.0,,3,inferred_from_decision_duration,False,True,True,False
development,2016-12-30,4b2390cfaceb91d8,abf0f8234f6be37e,U-DEC,3,900.0,,3,inferred_from_decision_duration,False,True,True,False
development,2016-12-30,4b2390cfaceb91d8,ab847a4cf397d7d5,U-DEC,3,900.0,,3,inferred_from_decision_duration,False,True,True,False
development,2016-12-30,4b2390cfaceb91d8,3d07a533feca7458,S-DEC,3,900.0,,3,inferred_from_decision_duration,False,True,True,False
development,2016-12-30,4b2390cfaceb91d8,7f663d67422c1b24,U-DEC,3,900.0,,3,inferred_from_decision_duration,False,True,True,False
development,2016-12-30,4b2390cfaceb91d8,25e6b11e1cf45b83,U-DEC,5,1500.0,,5,inferred_from_decision_duration,True,False,True,False
development,2016-12-30,4b2390cfaceb91d8,0aad210fbaa1db6c,KO/TKO,1,48.0,,3,assumed_three_round_early_finish,False,True,False,False
development,2017-01-15,46effbd1135423c5,c1356395d6b055d7,KO/TKO,1,161.0,,3,assumed_three_round_early_finish,False,True,False,False
development,2017-01-15,46effbd1135423c5,ae803440d778a12b,KO/TKO,3,725.0,,3,assumed_three_round_early_finish,False,True,False,False
development,2017-01-15,46effbd1135423c5,3f7684492c9df05e,KO/TKO,2,461.0,,3,assumed_three_round_early_finish,False,True,False,False
development,2017-01-15,46effbd1135423c5,53c3565ee1d3411a,SUB,3,819.0,,3,assumed_three_round_early_finish,False,True,False,False
development,2017-01-15,46effbd1135423c5,8156479490877d08,U-DEC,3,900.0,,3,inferred_from_decision_duration,False,True,True,False
development,2017-01-15,46effbd1135423c5,1a81573425c585fb,SUB,1,177.0,,3,assumed_three_round_early_finish,False,True,False,False
development,2017-01-15,46effbd1135423c5,b60bbec8ec98941b,S-DEC,3,900.0,,3,inferred_from_decision_duration,False,True,True,False
development,2017-01-15,46effbd1135423c5,bbb67c2ac4453d64,U-DEC,3,900.0,,3,inferred_from_decision_duration,False,True,True,False
development,2017-01-15,46effbd1135423c5,7685701c382cd49a,U-DEC,3,900.0,,3,inferred_from_decision_duration,False,True,True,False
development,2017-01-15,46effbd1135423c5,8edb831924d69dd9,U-DEC,3,900.0,,3,inferred_from_decision_duration,False,True,True,False
development,2017-01-15,46effbd1135423c5,00720c46f864fe03,S-DEC,3,900.0,,3,inferred_from_decision_duration,False,True,True,False
development,2017-01-15,46effbd1135423c5,5742025a09190829,KO/TKO,2,324.0,,3,assumed_three_round_early_finish,False,True,False,False
development,2017-01-28,4512e46543b960ad,6eb382e2c51fc4f5,SUB,1,234.0,,3,assumed_three_round_early_finish,False,True,False,False
development,2017-01-28,4512e46543b960ad,0094d2ed98819f7a,S-DEC,3,900.0,,3,inferred_from_decision_duration,False,True,True,False
development,2017-01-28,4512e46543b960ad,99373dc33dfbf6e0,KO/TKO,1,147.0,,3,assumed_three_round_early_finish,False,True,False,False
development,2017-01-28,4512e46543b960ad,481aef2d2802ec68,SUB,1,134.0,,3,assumed_three_round_early_finish,False,True,False,False
development,2017-01-28,4512e46543b960ad,1cd0ce0e2312ad52,U-DEC,3,900.0,,3,inferred_from_decision_duration,False,True,True,False
development,2017-01-28,4512e46543b960ad,c5865afc31cb6c59,KO/TKO,2,585.0,,3,assumed_three_round_early_finish,False,True,False,False
development,2017-01-28,4512e46543b960ad,637f561cd731fb44,S-DEC,3,900.0,,3,inferred_from_decision_duration,False,True,True,False
development,2017-01-28,4512e46543b960ad,3c8eb8ad5e98876f,U-DEC,3,900.0,,3,inferred_from_decision_duration,False,True,True,False
development,2017-01-28,4512e46543b960ad,43682a646b9b956f,SUB,2,561.0,,3,assumed_three_round_early_finish,False,True,False,False
development,2017-01-28,4512e46543b960ad,a45596cda51a1816,KO/TKO,1,92.0,,3,assumed_three_round_early_finish,False,True,False,False
development,2017-01-28,4512e46543b960ad,b91756d955e14d2e,KO/TKO,2,360.0,,3,assumed_three_round_early_finish,False,True,False,False
development,2017-01-28,4512e46543b960ad,ab79fe7b35ccc3dc,SUB,2,569.0,,3,assumed_three_round_early_finish,False,True,False,False
development,2017-02-04,6a8a06b542e1516d,f3bb58f485dc2008,KO/TKO,1,52.0,,3,assumed_three_round_early_finish,False,True,False,False
development,2017-02-04,6a8a06b542e1516d,ebe38ba75cbf2320,U-DEC,3,900.0,,3,inferred_from_decision_duration,False,True,True,False
development,2017-02-04,6a8a06b542e1516d,66ad9f88f063d2ef,U-DEC,3,900.0,,3,inferred_from_decision_duration,False,True,True,False
development,2017-02-04,6a8a06b542e1516d,478221ad98336565,SUB,2,421.0,,3,assumed_three_round_early_finish,False,True,False,False
development,2017-02-04,6a8a06b542e1516d,451525a1abe30a91,U-DEC,3,900.0,,3,inferred_from_decision_duration,False,True,True,False
development,2017-02-04,6a8a06b542e1516d,49e344834626c144,KO/TKO,1,190.0,,3,assumed_three_round_early_finish,False,True,False,False
development,2017-02-04,6a8a06b542e1516d,36220644401d85e1,S-DEC,3,900.0,,3,inferred_from_decision_duration,False,True,True,False
development,2017-02-04,6a8a06b542e1516d,94cecf4bd29793e1,SUB,3,649.0,,3,assumed_three_round_early_finish,False,True,False,False
development,2017-02-04,6a8a06b542e1516d,4a2e7e2c8cfdaf5f,U-DEC,3,900.0,,3,inferred_from_decision_duration,False,True,True,False
development,2017-02-04,6a8a06b542e1516d,8c220d4c96895a98,KO/TKO,1,149.0,,3,assumed_three_round_early_finish,False,True,False,False
development,2017-02-11,865aa315ea62c511,1f9ac1648b8e501e,U-DEC,3,900.0,,3,inferred_from_decision_duration,False,True,True,False
development,2017-02-11,865aa315ea62c511,c4174e22cb22622c,S-DEC,3,900.0,,3,inferred_from_decision_duration,False,True,True,False
development,2017-02-11,865aa315ea62c511,ddd9e64d97b095f9,U-DEC,3,900.0,,3,inferred_from_decision_duration,False,True,True,False
development,2017-02-11,865aa315ea62c511,febea68b205f6273,U-DEC,3,900.0,,3,inferred_from_decision_duration,False,True,True,False
development,2017-02-11,865aa315ea62c511,f680e6ebe3bdfe3e,U-DEC,3,900.0,,3,inferred_from_decision_duration,False,True,True,False
development,2017-02-11,865aa315ea62c511,8b8f9485214f9e48,M-DEC,3,900.0,,3,inferred_from_decision_duration,False,True,True,False
development,2017-02-11,865aa315ea62c511,244357514dd89bd6,U-DEC,3,900.0,,3,inferred_from_decision_duration,False,True,True,False
development,2017-02-11,865aa315ea62c511,ced241b99eab5f22,SUB,1,221.0,,3,assumed_three_round_early_finish,False,True,False,False
development,2017-02-11,865aa315ea62c511,d29750cee389a0b9,U-DEC,3,900.0,,3,inferred_from_decision_duration,False,True,True,False
development,2017-02-11,865aa315ea62c511,252074c8554bf30d,U-DEC,5,1500.0,,5,inferred_from_decision_duration,True,False,True,False
development,2017-02-19,b4ad3a06ee4d660c,c1d86f1e6d41cd03,SUB,1,94.0,,3,assumed_three_round_early_finish,False,True,False,False
development,2017-02-19,b4ad3a06ee4d660c,e59aabdfba9d6c45,KO/TKO,2,441.0,,3,assumed_three_round_early_finish,False,True,False,False
development,2017-02-19,b4ad3a06ee4d660c,ad9ecef413a5b48f,U-DEC,3,900.0,,3,inferred_from_decision_duration,False,True,True,False
development,2017-02-19,b4ad3a06ee4d660c,e4c4c54a10e06973,S-DEC,3,900.0,,3,inferred_from_decision_duration,False,True,True,False
development,2017-02-19,b4ad3a06ee4d660c,1db121859d2fcda8,U-DEC,3,900.0,,3,inferred_from_decision_duration,False,True,True,False
development,2017-02-19,b4ad3a06ee4d660c,f00ac5af033f44b4,KO/TKO,1,284.0,,3,assumed_three_round_early_finish,False,True,False,False
development,2017-02-19,b4ad3a06ee4d660c,9c256e94c6b584b6,SUB,1,74.0,,3,assumed_three_round_early_finish,False,True,False,False
development,2017-02-19,b4ad3a06ee4d660c,16e28dd989ee1dea,U-DEC,3,900.0,,3,inferred_from_decision_duration,False,True,True,False
development,2017-02-19,b4ad3a06ee4d660c,112e6a0ddce893e6,U-DEC,3,900.0,,3,inferred_from_decision_duration,False,True,True,False
development,2017-02-19,b4ad3a06ee4d660c,a5d24caed8afbeef,U-DEC,3,900.0,,3,inferred_from_decision_duration,False,True,True,False
development,2017-02-19,b4ad3a06ee4d660c,ab14dbff9d2ae41a,KO/TKO,2,492.0,,3,assumed_three_round_early_finish,False,True,False,False
development,2017-03-04,20e403a1acfef130,2d4743a82fc55642,S-DEC,3,900.0,,3,inferred_from_decision_duration,False,True,True,False
development,2017-03-04,20e403a1acfef130,6db4d7827082d5b9,KO/TKO,1,250.0,,3,assumed_three_round_early_finish,False,True,False,False
development,2017-03-04,20e403a1acfef130,08b65f5009c34997,U-DEC,3,900.0,,3,inferred_from_decision_duration,False,True,True,False
development,2017-03-04,20e403a1acfef130,4804776154430aad,SUB,2,493.0,,3,assumed_three_round_early_finish,False,True,False,False
development,2017-03-04,20e403a1acfef130,3b536afcc9098925,KO/TKO,3,799.0,,3,assumed_three_round_early_finish,False,True,False,False
development,2017-03-04,20e403a1acfef130,42ad1437a1280294,KO/TKO,3,826.0,,3,assumed_three_round_early_finish,False,True,False,False
development,2017-03-04,20e403a1acfef130,c79b862be039d9f0,KO/TKO,3,704.0,,3,assumed_three_round_early_finish,False,True,False,False
development,2017-03-04,20e403a1acfef130,54f9e3e1fad7a589,SUB,1,199.0,,3,assumed_three_round_early_finish,False,True,False,False
development,2017-03-04,20e403a1acfef130,e3ca9462ad0d7685,S-DEC,3,900.0,,3,inferred_from_decision_duration,False,True,True,False
development,2017-03-04,20e403a1acfef130,7ac4b9823b1e139b,U-DEC,3,900.0,,3,inferred_from_decision_duration,False,True,True,False
development,2017-03-04,20e403a1acfef130,dfc8c5161ea0ccb5,M-DEC,5,1500.0,,5,inferred_from_decision_duration,True,False,True,False
development,2017-03-11,47b7e4e60813b7b2,0ace7e71f5d66bc9,KO/TKO,1,77.0,,3,assumed_three_round_early_finish,False,True,False,False
development,2017-03-11,47b7e4e60813b7b2,ebb94e00d6431e7a,U-DEC,3,900.0,,3,inferred_from_decision_duration,False,True,True,False
development,2017-03-11,47b7e4e60813b7b2,12740c6b17779fe9,SUB,1,102.0,,3,assumed_three_round_early_finish,False,True,False,False
development,2017-03-11,47b7e4e60813b7b2,dc169cc01d675125,U-DEC,3,900.0,,3,inferred_from_decision_duration,False,True,True,False
development,2017-03-11,47b7e4e60813b7b2,f4f5049e789b7716,U-DEC,3,900.0,,3,inferred_from_decision_duration,False,True,True,False
development,2017-03-11,47b7e4e60813b7b2,76602c3658d70273,SUB,2,492.0,,3,assumed_three_round_early_finish,False,True,False,False
development,2017-03-11,47b7e4e60813b7b2,24f156a78bd32026,SUB,2,458.0,,3,assumed_three_round_early_finish,False,True,False,False
development,2017-03-11,47b7e4e60813b7b2,74d4e37b97866514,U-DEC,3,900.0,,3,inferred_from_decision_duration,False,True,True,False
development,2017-03-11,47b7e4e60813b7b2,b47e4f0982938e5b,KO/TKO,2,515.0,,3,assumed_three_round_early_finish,False,True,False,False
development,2017-03-11,47b7e4e60813b7b2,34524408fb4d6752,KO/TKO,3,659.0,,3,assumed_three_round_early_finish,False,True,False,False
development,2017-03-18,c0231720fe516994,0bb419537705fb04,U-DEC,3,900.0,,3,inferred_from_decision_duration,False,True,True,False
development,2017-03-18,c0231720fe516994,794b63b4c1e1e789,S-DEC,3,900.0,,3,inferred_from_decision_duration,False,True,True,False
development,2017-03-18,c0231720fe516994,eee7f546c126ee8b,KO/TKO,1,30.0,,3,assumed_three_round_early_finish,False,True,False,False
development,2017-03-18,c0231720fe516994,88ce808e4e604180,U-DEC,3,900.0,,3,inferred_from_decision_duration,False,True,True,False
development,2017-03-18,c0231720fe516994,f99ee57f75b20b69,S-DEC,3,900.0,,3,inferred_from_decision_duration,False,True,True,False
development,2017-03-18,c0231720fe516994,c365a488a8de3c89,U-DEC,3,900.0,,3,inferred_from_decision_duration,False,True,True,False
development,2017-03-18,c0231720fe516994,55f727e00553035d,U-DEC,3,900.0,,3,inferred_from_decision_duration,False,True,True,False
development,2017-03-18,c0231720fe516994,7ec86f2af631344f,S-DEC,3,900.0,,3,inferred_from_decision_duration,False,True,True,False
development,2017-03-18,c0231720fe516994,1e5c66d12761d4fe,KO/TKO,3,830.0,,3,assumed_three_round_early_finish,False,True,False,False
development,2017-03-18,c0231720fe516994,7e6f91cbf8e93210,SUB,2,346.0,,3,assumed_three_round_early_finish,False,True,False,False
development,2017-03-18,c0231720fe516994,00be3852000f8fe9,KO/TKO,1,185.0,,3,assumed_three_round_early_finish,False,True,False,False
development,2017-04-08,e7bfdb5e0112891e,c4da9ec26a924a7d,U-DEC,3,900.0,,3,inferred_from_decision_duration,False,True,True,False
development,2017-04-08,e7bfdb5e0112891e,2464a75ee75dbf2f,S-DEC,3,900.0,,3,inferred_from_decision_duration,False,True,True,False
development,2017-04-08,e7bfdb5e0112891e,97b7638c592a95a9,S-DEC,3,900.0,,3,inferred_from_decision_duration,False,True,True,False
development,2017-04-08,e7bfdb5e0112891e,8b4eeaa048361ba3,KO/TKO,1,21.0,,3,assumed_three_round_early_finish,False,True,False,False
development,2017-04-08,e7bfdb5e0112891e,e7ad1c3a763c7cae,U-DEC,3,900.0,,3,inferred_from_decision_duration,False,True,True,False
development,2017-04-08,e7bfdb5e0112891e,ddb015ac5c067aa9,KO/TKO,3,719.0,,3,assumed_three_round_early_finish,False,True,False,False
development,2017-04-08,e7bfdb5e0112891e,b2c1f9bdd5d3073d,U-DEC,3,900.0,,3,inferred_from_decision_duration,False,True,True,False
development,2017-04-08,e7bfdb5e0112891e,23ba0218f9f65e33,KO/TKO,1,210.0,,3,assumed_three_round_early_finish,False,True,False,False
development,2017-04-08,e7bfdb5e0112891e,56c7c59c9bb3b610,SUB,1,150.0,,3,assumed_three_round_early_finish,False,True,False,False
development,2017-04-08,e7bfdb5e0112891e,a68672f66e12a3c2,U-DEC,3,900.0,,3,inferred_from_decision_duration,False,True,True,False
development,2017-04-08,e7bfdb5e0112891e,687d973d71e068dc,SUB,3,825.0,,3,assumed_three_round_early_finish,False,True,False,False
development,2017-04-08,e7bfdb5e0112891e,87a969d51de6e179,KO/TKO,2,493.0,,3,assumed_three_round_early_finish,False,True,False,False
development,2017-04-08,e7bfdb5e0112891e,ea8eaf881d38713e,SUB,2,517.0,,3,assumed_three_round_early_finish,False,True,False,False
development,2017-04-15,ed069a95aaaf4f56,94ce682e4a3e556a,U-DEC,3,900.0,,3,inferred_from_decision_duration,False,True,True,False
development,2017-04-15,ed069a95aaaf4f56,2a0d4dd0997bd712,SUB,1,261.0,,3,assumed_three_round_early_finish,False,True,False,False
development,2017-04-15,ed069a95aaaf4f56,0673d8ab0add7a05,KO/TKO,3,832.0,,3,assumed_three_round_early_finish,False,True,False,False
development,2017-04-15,ed069a95aaaf4f56,4291b38643547fa7,U-DEC,3,900.0,,3,inferred_from_decision_duration,False,True,True,False
development,2017-04-15,ed069a95aaaf4f56,677e98ae5834ba70,U-DEC,3,900.0,,3,inferred_from_decision_duration,False,True,True,False
development,2017-04-15,ed069a95aaaf4f56,41cef92a01e7ff3c,U-DEC,3,900.0,,3,inferred_from_decision_duration,False,True,True,False
development,2017-04-15,ed069a95aaaf4f56,f24c296256faeff2,S-DEC,3,900.0,,3,inferred_from_decision_duration,False,True,True,False
development,2017-04-15,ed069a95aaaf4f56,20be16a1db95156c,KO/TKO,2,328.0,,3,assumed_three_round_early_finish,False,True,False,False
development,2017-04-15,ed069a95aaaf4f56,b0552b065ca7f401,U-DEC,3,900.0,,3,inferred_from_decision_duration,False,True,True,False
development,2017-04-15,ed069a95aaaf4f56,d764ef3e078c96c8,S-DEC,3,900.0,,3,inferred_from_decision_duration,False,True,True,False
development,2017-04-15,ed069a95aaaf4f56,0459297e86a14981,KO/TKO,2,508.0,,3,assumed_three_round_early_finish,False,True,False,False
development,2017-04-15,ed069a95aaaf4f56,e52318719d839d2d,SUB,2,467.0,,3,assumed_three_round_early_finish,False,True,False,False
development,2017-04-15,ed069a95aaaf4f56,f63961f9d14bc33d,SUB,3,889.0,,3,assumed_three_round_early_finish,False,True,False,False
development,2017-04-22,bc7f7f0ba3db74d2,6ccfbe3a7c5aa55e,KO/TKO,1,264.0,,3,assumed_three_round_early_finish,False,True,False,False
development,2017-04-22,bc7f7f0ba3db74d2,7d4e11c2a9485320,KO/TKO,1,210.0,,3,assumed_three_round_early_finish,False,True,False,False
development,2017-04-22,bc7f7f0ba3db74d2,f313eae425b7c539,U-DEC,3,900.0,,3,inferred_from_decision_duration,False,True,True,False
development,2017-04-22,bc7f7f0ba3db74d2,c0c587cb52de929b,U-DEC,3,900.0,,3,inferred_from_decision_duration,False,True,True,False
development,2017-04-22,bc7f7f0ba3db74d2,cf18911df2052826,U-DEC,3,900.0,,3,inferred_from_decision_duration,False,True,True,False
development,2017-04-22,bc7f7f0ba3db74d2,319f3fad278368e6,SUB,2,546.0,,3,assumed_three_round_early_finish,False,True,False,False
development,2017-04-22,bc7f7f0ba3db74d2,2d6182d1d398ed6a,U-DEC,3,900.0,,3,inferred_from_decision_duration,False,True,True,False
development,2017-04-22,bc7f7f0ba3db74d2,3905e5dc489811d6,KO/TKO,2,365.0,,3,assumed_three_round_early_finish,False,True,False,False
development,2017-04-22,bc7f7f0ba3db74d2,41385f4e63682b5b,M-DEC,3,900.0,,3,inferred_from_decision_duration,False,True,True,False
development,2017-04-22,bc7f7f0ba3db74d2,8b97cd609c7152b7,U-DEC,3,900.0,,3,inferred_from_decision_duration,False,True,True,False
development,2017-04-22,bc7f7f0ba3db74d2,53c96668bf850809,SUB,2,431.0,,3,assumed_three_round_early_finish,False,True,False,False
development,2017-04-22,bc7f7f0ba3db74d2,2310fbcb6fdf3b47,KO/TKO,1,98.0,,3,assumed_three_round_early_finish,False,True,False,False
development,2017-04-22,bc7f7f0ba3db74d2,b29ed164b3014a42,U-DEC,5,1500.0,,5,inferred_from_decision_duration,True,False,True,False
development,2017-05-13,5df10509264586e5,14dbcdbe8e7251bf,SUB,1,141.0,,3,assumed_three_round_early_finish,False,True,False,False
development,2017-05-13,5df10509264586e5,7188621a628e718d,U-DEC,3,900.0,,3,inferred_from_decision_duration,False,True,True,False
development,2017-05-13,5df10509264586e5,af2ef75664656957,U-DEC,3,900.0,,3,inferred_from_decision_duration,False,True,True,False
development,2017-05-13,5df10509264586e5,567cefcaba821205,KO/TKO,1,159.0,,3,assumed_three_round_early_finish,False,True,False,False
development,2017-05-13,5df10509264586e5,f26657d5018ee428,KO/TKO,2,516.0,,3,assumed_three_round_early_finish,False,True,False,False
development,2017-05-13,5df10509264586e5,9882c1dac77c0367,KO/TKO,3,639.0,,3,assumed_three_round_early_finish,False,True,False,False
development,2017-05-13,5df10509264586e5,362a5b3cd4a70330,S-DEC,3,900.0,,3,inferred_from_decision_duration,False,True,True,False
development,2017-05-13,5df10509264586e5,39f746cee66e8771,KO/TKO,2,600.0,,3,assumed_three_round_early_finish,False,True,False,False
development,2017-05-13,5df10509264586e5,6e3139f066149a81,S-DEC,3,900.0,,3,inferred_from_decision_duration,False,True,True,False
development,2017-05-13,5df10509264586e5,0fd8214ac276728e,U-DEC,5,1500.0,,5,inferred_from_decision_duration,True,False,True,False
development,2017-05-13,5df10509264586e5,16a0352f3e19b931,KO/TKO,1,142.0,,3,assumed_three_round_early_finish,False,True,False,False
development,2017-05-28,1c7cce2f5c17160d,b166f1582946fbbc,KO/TKO,3,607.0,,3,assumed_three_round_early_finish,False,True,False,False
development,2017-05-28,1c7cce2f5c17160d,1ed9dbbe604654b9,U-DEC,3,900.0,,3,inferred_from_decision_duration,False,True,True,False
development,2017-05-28,1c7cce2f5c17160d,9c3f3bc7f7472e0c,KO/TKO,3,877.0,,3,assumed_three_round_early_finish,False,True,False,False
development,2017-05-28,1c7cce2f5c17160d,2c101a0bcf334d31,S-DEC,3,900.0,,3,inferred_from_decision_duration,False,True,True,False
development,2017-05-28,1c7cce2f5c17160d,ac6cb989ccc38f73,U-DEC,3,900.0,,3,inferred_from_decision_duration,False,True,True,False
development,2017-05-28,1c7cce2f5c17160d,9674c37e3a2bc399,U-DEC,3,900.0,,3,inferred_from_decision_duration,False,True,True,False
development,2017-05-28,1c7cce2f5c17160d,2105210529457ffd,KO/TKO,1,120.0,,3,assumed_three_round_early_finish,False,True,False,False
development,2017-05-28,1c7cce2f5c17160d,33913e8e56c49a4c,U-DEC,3,900.0,,3,inferred_from_decision_duration,False,True,True,False
development,2017-05-28,1c7cce2f5c17160d,78e38f1ad43c3479,S-DEC,3,900.0,,3,inferred_from_decision_duration,False,True,True,False
development,2017-05-28,1c7cce2f5c17160d,8cdc9c13d75adb28,KO/TKO,2,449.0,,3,assumed_three_round_early_finish,False,True,False,False
development,2017-05-28,1c7cce2f5c17160d,79be3a6d483ad64a,KO/TKO,1,28.0,,3,assumed_three_round_early_finish,False,True,False,False
development,2017-05-28,1c7cce2f5c17160d,923d5041c3b6d763,KO/TKO,5,1267.0,,5,inferred_five_round_late_finish,True,False,False,False
development,2017-06-03,1507214bbc7a79e2,6486579eee778b4d,KO/TKO,2,600.0,,3,assumed_three_round_early_finish,False,True,False,False
development,2017-06-03,1507214bbc7a79e2,88e0de323a83f241,SUB,2,588.0,,3,assumed_three_round_early_finish,False,True,False,False
development,2017-06-03,1507214bbc7a79e2,2fd43be584ef522b,U-DEC,3,900.0,,3,inferred_from_decision_duration,False,True,True,False
development,2017-06-03,1507214bbc7a79e2,cb2844bb15d22cc6,SUB,1,108.0,,3,assumed_three_round_early_finish,False,True,False,False
development,2017-06-03,1507214bbc7a79e2,36f0c6d7126e09ee,KO/TKO,1,177.0,,3,assumed_three_round_early_finish,False,True,False,False
development,2017-06-03,1507214bbc7a79e2,3ad3acca165a5d90,SUB,2,529.0,,3,assumed_three_round_early_finish,False,True,False,False
development,2017-06-03,1507214bbc7a79e2,228879162d8be605,S-DEC,3,900.0,,3,inferred_from_decision_duration,False,True,True,False
development,2017-06-03,1507214bbc7a79e2,6c9fdcb95393a49c,KO/TKO,2,421.0,,3,assumed_three_round_early_finish,False,True,False,False
development,2017-06-03,1507214bbc7a79e2,6b581bb1bc9289ef,KO/TKO,2,366.0,,3,assumed_three_round_early_finish,False,True,False,False
development,2017-06-03,1507214bbc7a79e2,823e9449bd47e408,U-DEC,3,900.0,,3,inferred_from_decision_duration,False,True,True,False
development,2017-06-03,1507214bbc7a79e2,5bfaa389a67139fd,SUB,1,183.0,,3,assumed_three_round_early_finish,False,True,False,False
development,2017-06-03,1507214bbc7a79e2,9ed0c3acc436eb56,KO/TKO,3,853.0,,3,assumed_three_round_early_finish,False,True,False,False
development,2017-06-10,90e7447d8b7f3f35,bd4a648bebaefab3,U-DEC,3,900.0,,3,inferred_from_decision_duration,False,True,True,False
development,2017-06-10,90e7447d8b7f3f35,1b1d1900b4051344,S-DEC,3,900.0,,3,inferred_from_decision_duration,False,True,True,False
development,2017-06-10,90e7447d8b7f3f35,11cb7d7d774d5e6a,U-DEC,3,900.0,,3,inferred_from_decision_duration,False,True,True,False
development,2017-06-10,90e7447d8b7f3f35,288b479c485c48b2,U-DEC,3,900.0,,3,inferred_from_decision_duration,False,True,True,False
development,2017-06-10,90e7447d8b7f3f35,165d3a571fcc5e3c,KO/TKO,1,217.0,,3,assumed_three_round_early_finish,False,True,False,False
development,2017-06-10,90e7447d8b7f3f35,e4db3b1669d498c3,U-DEC,3,900.0,,3,inferred_from_decision_duration,False,True,True,False
development,2017-06-10,90e7447d8b7f3f35,2dfa31667cee74c3,SUB,1,49.0,,3,assumed_three_round_early_finish,False,True,False,False
development,2017-06-10,90e7447d8b7f3f35,4507354cd97f10e5,KO/TKO,1,22.0,,3,assumed_three_round_early_finish,False,True,False,False
development,2017-06-10,90e7447d8b7f3f35,dc7ba55ca764cfbe,KO/TKO,2,482.0,,3,assumed_three_round_early_finish,False,True,False,False
development,2017-06-10,90e7447d8b7f3f35,ad772f626b5dd31d,KO/TKO,1,76.0,,3,assumed_three_round_early_finish,False,True,False,False
development,2017-06-10,90e7447d8b7f3f35,cd96998e837b0da1,KO/TKO,4,1131.0,,5,inferred_five_round_late_finish,True,False,False,False
development,2017-06-17,353de740bb6c7e75,7d14f95d03afb359,U-DEC,3,900.0,,3,inferred_from_decision_duration,False,True,True,False
development,2017-06-17,353de740bb6c7e75,e7b5a8c97106ca60,U-DEC,3,900.0,,3,inferred_from_decision_duration,False,True,True,False
development,2017-06-17,353de740bb6c7e75,361e67af5f462aea,KO/TKO,1,249.0,,3,assumed_three_round_early_finish,False,True,False,False
development,2017-06-17,353de740bb6c7e75,8984ab656cb1818d,U-DEC,3,900.0,,3,inferred_from_decision_duration,False,True,True,False
development,2017-06-17,353de740bb6c7e75,a71e4206f87ae74c,SUB,2,499.0,,3,assumed_three_round_early_finish,False,True,False,False
development,2017-06-17,353de740bb6c7e75,b66f4fa1b9b96b51,KO/TKO,2,600.0,,3,assumed_three_round_early_finish,False,True,False,False
development,2017-06-17,353de740bb6c7e75,9072bf6135cad3e0,KO/TKO,1,104.0,,3,assumed_three_round_early_finish,False,True,False,False
development,2017-06-17,353de740bb6c7e75,fc2585e234e49dee,SUB,1,72.0,,3,assumed_three_round_early_finish,False,True,False,False
development,2017-06-17,353de740bb6c7e75,a69a155a25b84679,U-DEC,3,900.0,,3,inferred_from_decision_duration,False,True,True,False
development,2017-06-17,353de740bb6c7e75,b6464850da8f3099,U-DEC,3,900.0,,3,inferred_from_decision_duration,False,True,True,False
development,2017-06-17,353de740bb6c7e75,205ad947e8c94901,U-DEC,3,900.0,,3,inferred_from_decision_duration,False,True,True,False
development,2017-06-17,353de740bb6c7e75,0096879f5708526b,KO/TKO,3,669.0,,3,assumed_three_round_early_finish,False,True,False,False
development,2017-06-25,99bf06f20491cb54,aebdb007f8d1348a,KO/TKO,1,81.0,,3,assumed_three_round_early_finish,False,True,False,False
development,2017-06-25,99bf06f20491cb54,eafda776967c6444,U-DEC,3,900.0,,3,inferred_from_decision_duration,False,True,True,False
development,2017-06-25,99bf06f20491cb54,1e75ee0da189857b,KO/TKO,2,564.0,,3,assumed_three_round_early_finish,False,True,False,False
development,2017-06-25,99bf06f20491cb54,f7ae397fefa57c70,S-DEC,3,900.0,,3,inferred_from_decision_duration,False,True,True,False
development,2017-06-25,99bf06f20491cb54,1bd52b0c01018f4a,U-DEC,3,900.0,,3,inferred_from_decision_duration,False,True,True,False
development,2017-06-25,99bf06f20491cb54,3d1f83264d87c529,U-DEC,3,900.0,,3,inferred_from_decision_duration,False,True,True,False
development,2017-06-25,99bf06f20491cb54,9a79a4b97a0f1e24,U-DEC,3,900.0,,3,inferred_from_decision_duration,False,True,True,False
development,2017-06-25,99bf06f20491cb54,3a4d2a933a3c7291,M-DEC,3,900.0,,3,inferred_from_decision_duration,False,True,True,False
development,2017-06-25,99bf06f20491cb54,b53fd8bce62aa1c6,U-DEC,3,900.0,,3,inferred_from_decision_duration,False,True,True,False
development,2017-06-25,99bf06f20491cb54,ae5c7517d9f2516c,KO/TKO,1,29.0,,3,assumed_three_round_early_finish,False,True,False,False
development,2017-06-25,99bf06f20491cb54,bd59c07a106d331b,U-DEC,3,900.0,,3,inferred_from_decision_duration,False,True,True,False
development,2017-06-25,99bf06f20491cb54,0ad57af26ddc7930,KO/TKO,2,346.0,,3,assumed_three_round_early_finish,False,True,False,False
development,2017-06-25,99bf06f20491cb54,7013a95ea4014606,SUB,1,277.0,,3,assumed_three_round_early_finish,False,True,False,False
development,2017-07-07,23bd78c3f89bdb54,88c2da7b33cca8d4,U-DEC,3,900.0,,3,inferred_from_decision_duration,False,True,True,False
development,2017-07-07,23bd78c3f89bdb54,f0ac3761d3fdda3e,SUB,2,353.0,,3,assumed_three_round_early_finish,False,True,False,False
development,2017-07-07,23bd78c3f89bdb54,7f3bd3b913df61f4,U-DEC,3,900.0,,3,inferred_from_decision_duration,False,True,True,False
development,2017-07-07,23bd78c3f89bdb54,c7c7be3b0d65a7da,U-DEC,3,900.0,,3,inferred_from_decision_duration,False,True,True,False
development,2017-07-07,23bd78c3f89bdb54,c94c3e4bbed24421,U-DEC,3,900.0,,3,inferred_from_decision_duration,False,True,True,False
development,2017-07-07,23bd78c3f89bdb54,3e5a3ecd2b123fc2,U-DEC,3,900.0,,3,inferred_from_decision_duration,False,True,True,False
development,2017-07-07,23bd78c3f89bdb54,6ec0a046de95fe16,U-DEC,3,900.0,,3,inferred_from_decision_duration,False,True,True,False
development,2017-07-07,23bd78c3f89bdb54,e97b609eefc5fd61,KO/TKO,3,728.0,,3,assumed_three_round_early_finish,False,True,False,False
development,2017-07-07,23bd78c3f89bdb54,6f836a82a0530884,S-DEC,3,900.0,,3,inferred_from_decision_duration,False,True,True,False
development,2017-07-07,23bd78c3f89bdb54,5934de85b9c53e7c,SUB,2,343.0,,3,assumed_three_round_early_finish,False,True,False,False
development,2017-07-07,23bd78c3f89bdb54,0d5356c506111a57,KO/TKO,2,588.0,,3,assumed_three_round_early_finish,False,True,False,False
development,2017-07-08,686cccbf1a4de453,e1100fc357e61fba,KO/TKO,2,474.0,,3,assumed_three_round_early_finish,False,True,False,False
development,2017-07-08,686cccbf1a4de453,1645ed92dcdc5c03,U-DEC,3,900.0,,3,inferred_from_decision_duration,False,True,True,False
development,2017-07-08,686cccbf1a4de453,9298175cb2ad7d41,U-DEC,3,900.0,,3,inferred_from_decision_duration,False,True,True,False
development,2017-07-08,686cccbf1a4de453,323fb015ca2444e3,KO/TKO,2,424.0,,3,assumed_three_round_early_finish,False,True,False,False
development,2017-07-08,686cccbf1a4de453,19eed5d9781b47ac,KO/TKO,3,687.0,,3,assumed_three_round_early_finish,False,True,False,False
development,2017-07-08,686cccbf1a4de453,00b801e7e1679f2f,SUB,2,524.0,,3,assumed_three_round_early_finish,False,True,False,False
development,2017-07-08,686cccbf1a4de453,a5a065cb6d33ba9e,SUB,2,576.0,,3,assumed_three_round_early_finish,False,True,False,False
development,2017-07-08,686cccbf1a4de453,1f49b59e4058568f,U-DEC,3,900.0,,3,inferred_from_decision_duration,False,True,True,False
development,2017-07-08,686cccbf1a4de453,cf4c2b601c2228aa,U-DEC,3,900.0,,3,inferred_from_decision_duration,False,True,True,False
development,2017-07-08,686cccbf1a4de453,b67229e7675eed24,M-DEC,3,900.0,,3,inferred_from_decision_duration,False,True,True,False
development,2017-07-08,686cccbf1a4de453,06cd9812e2b9b747,U-DEC,5,1500.0,,5,inferred_from_decision_duration,True,False,True,False
development,2017-07-16,d7907a9a968e4d29,d49d2c810583a56a,KO/TKO,2,473.0,,3,assumed_three_round_early_finish,False,True,False,False
development,2017-07-16,d7907a9a968e4d29,2fef7ac78df0cccc,U-DEC,3,900.0,,3,inferred_from_decision_duration,False,True,True,False
development,2017-07-16,d7907a9a968e4d29,a0909aab15ba53c5,U-DEC,3,900.0,,3,inferred_from_decision_duration,False,True,True,False
development,2017-07-16,d7907a9a968e4d29,7e7fba47f511f8ad,KO/TKO,1,130.0,,3,assumed_three_round_early_finish,False,True,False,False
development,2017-07-16,d7907a9a968e4d29,8fd14eb227688467,SUB,3,751.0,,3,assumed_three_round_early_finish,False,True,False,False
development,2017-07-16,d7907a9a968e4d29,1ccde17f48fb709e,KO/TKO,2,539.0,,3,assumed_three_round_early_finish,False,True,False,False
development,2017-07-16,d7907a9a968e4d29,a77950d6a0a451f4,U-DEC,3,900.0,,3,inferred_from_decision_duration,False,True,True,False
development,2017-07-16,d7907a9a968e4d29,0f8b2f7299b5e114,KO/TKO,1,296.0,,3,assumed_three_round_early_finish,False,True,False,False
development,2017-07-16,d7907a9a968e4d29,86892d114b204bf3,U-DEC,3,900.0,,3,inferred_from_decision_duration,False,True,True,False
development,2017-07-16,d7907a9a968e4d29,c62a90c19af6a0e2,KO/TKO,1,237.0,,3,assumed_three_round_early_finish,False,True,False,False
development,2017-07-16,d7907a9a968e4d29,b7f6d05d3afbb266,U-DEC,3,900.0,,3,inferred_from_decision_duration,False,True,True,False
development,2017-07-16,d7907a9a968e4d29,8417a20d56fe6776,KO/TKO,1,82.0,,3,assumed_three_round_early_finish,False,True,False,False
development,2017-07-22,9f3d6ddef3d3cccc,b2297232b9310ba5,U-DEC,3,900.0,,3,inferred_from_decision_duration,False,True,True,False
development,2017-07-22,9f3d6ddef3d3cccc,9f114a219523bf7d,U-DEC,3,900.0,,3,inferred_from_decision_duration,False,True,True,False
development,2017-07-22,9f3d6ddef3d3cccc,d83ae4a2e117b775,KO/TKO,1,171.0,,3,assumed_three_round_early_finish,False,True,False,False
development,2017-07-22,9f3d6ddef3d3cccc,573908b71b361312,SUB,1,138.0,,3,assumed_three_round_early_finish,False,True,False,False
development,2017-07-22,9f3d6ddef3d3cccc,bcf842992f9accdc,U-DEC,3,900.0,,3,inferred_from_decision_duration,False,True,True,False
development,2017-07-22,9f3d6ddef3d3cccc,4f07c6724682cd00,U-DEC,3,900.0,,3,inferred_from_decision_duration,False,True,True,False
development,2017-07-22,9f3d6ddef3d3cccc,d0e5487f55c57ad2,KO/TKO,2,410.0,,3,assumed_three_round_early_finish,False,True,False,False
development,2017-07-22,9f3d6ddef3d3cccc,7e2bc09d866b3bd7,KO/TKO,1,174.0,,3,assumed_three_round_early_finish,False,True,False,False
development,2017-07-22,9f3d6ddef3d3cccc,657fd7ab7bdf9f15,S-DEC,3,900.0,,3,inferred_from_decision_duration,False,True,True,False
development,2017-07-22,9f3d6ddef3d3cccc,7c23770c639dcd22,U-DEC,3,900.0,,3,inferred_from_decision_duration,False,True,True,False
development,2017-07-22,9f3d6ddef3d3cccc,76d6789779d3721c,S-DEC,3,900.0,,3,inferred_from_decision_duration,False,True,True,False
development,2017-07-22,9f3d6ddef3d3cccc,8028d5de087755dc,S-DEC,3,900.0,,3,inferred_from_decision_duration,False,True,True,False
development,2017-07-22,9f3d6ddef3d3cccc,5be97c1fa222093d,SUB,3,825.0,,3,assumed_three_round_early_finish,False,True,False,False
development,2017-07-29,ff9578cdbfabd323,3636e085c098dbda,KO/TKO,1,184.0,,3,assumed_three_round_early_finish,False,True,False,False
development,2017-07-29,ff9578cdbfabd323,4f4806952ba2a72c,S-DEC,3,900.0,,3,inferred_from_decision_duration,False,True,True,False
development,2017-07-29,ff9578cdbfabd323,e80a8338d86e730b,U-DEC,3,900.0,,3,inferred_from_decision_duration,False,True,True,False
development,2017-07-29,ff9578cdbfabd323,3d95b4f94ccffa96,U-DEC,3,900.0,,3,inferred_from_decision_duration,False,True,True,False
development,2017-07-29,ff9578cdbfabd323,4924d7a980f4cde2,SUB,3,779.0,,3,assumed_three_round_early_finish,False,True,False,False
development,2017-07-29,ff9578cdbfabd323,ac9e19a4075f6557,U-DEC,3,900.0,,3,inferred_from_decision_duration,False,True,True,False
development,2017-07-29,ff9578cdbfabd323,dffad417175400ba,KO/TKO,1,274.0,,3,assumed_three_round_early_finish,False,True,False,False
development,2017-07-29,ff9578cdbfabd323,49694c2d00c581ed,KO/TKO,1,42.0,,3,assumed_three_round_early_finish,False,True,False,False
development,2017-07-29,ff9578cdbfabd323,b8c967c742d3c107,U-DEC,3,900.0,,3,inferred_from_decision_duration,False,True,True,False
development,2017-07-29,ff9578cdbfabd323,79817ab0129c5598,KO/TKO,3,716.0,,3,assumed_three_round_early_finish,False,True,False,False
development,2017-07-29,ff9578cdbfabd323,30553d630491094a,U-DEC,5,1500.0,,5,inferred_from_decision_duration,True,False,True,False
development,2017-08-05,f4a031ac205ac580,e02fca0d258283ce,SUB,1,121.0,,3,assumed_three_round_early_finish,False,True,False,False
development,2017-08-05,f4a031ac205ac580,a3723f0f672b0912,SUB,1,236.0,,3,assumed_three_round_early_finish,False,True,False,False
development,2017-08-05,f4a031ac205ac580,0b89c88d506da083,U-DEC,3,900.0,,3,inferred_from_decision_duration,False,True,True,False
development,2017-08-05,f4a031ac205ac580,19348172178f42ed,SUB,1,121.0,,3,assumed_three_round_early_finish,False,True,False,False
development,2017-08-05,f4a031ac205ac580,02732ebb104793d2,KO/TKO,1,15.0,,3,assumed_three_round_early_finish,False,True,False,False
development,2017-08-05,f4a031ac205ac580,a3e4322f55454897,KO/TKO,1,230.0,,3,assumed_three_round_early_finish,False,True,False,False
development,2017-08-05,f4a031ac205ac580,48f7e64b548806cd,S-DEC,3,900.0,,3,inferred_from_decision_duration,False,True,True,False
development,2017-08-05,f4a031ac205ac580,c8f619a71b714ec7,S-DEC,3,900.0,,3,inferred_from_decision_duration,False,True,True,False
development,2017-08-05,f4a031ac205ac580,2f9b9ef5f6833aa1,KO/TKO,1,26.0,,3,assumed_three_round_early_finish,False,True,False,False
development,2017-08-05,f4a031ac205ac580,cd54325a9a538837,KO/TKO,1,104.0,,3,assumed_three_round_early_finish,False,True,False,False
development,2017-08-05,f4a031ac205ac580,d5598322f81db6c9,S-DEC,3,900.0,,3,inferred_from_decision_duration,False,True,True,False
development,2017-08-05,f4a031ac205ac580,253e42894852b26a,U-DEC,5,1500.0,,5,inferred_from_decision_duration,True,False,True,False
development,2017-09-02,a3244e3238541482,b7ab4cd6ce7a71dd,KO/TKO,1,268.0,,3,assumed_three_round_early_finish,False,True,False,False
development,2017-09-02,a3244e3238541482,af5f287198f20eb4,KO/TKO,2,452.0,,3,assumed_three_round_early_finish,False,True,False,False
development,2017-09-02,a3244e3238541482,ecbc282542a395c2,SUB,2,562.0,,3,assumed_three_round_early_finish,False,True,False,False
development,2017-09-02,a3244e3238541482,89f83750703d5fd3,U-DEC,3,900.0,,3,inferred_from_decision_duration,False,True,True,False
development,2017-09-02,a3244e3238541482,605c2ad801f594b3,U-DEC,3,900.0,,3,inferred_from_decision_duration,False,True,True,False
development,2017-09-02,a3244e3238541482,5afbc04a153d7efd,SUB,3,686.0,,3,assumed_three_round_early_finish,False,True,False,False
development,2017-09-02,a3244e3238541482,b3bf1b6ad2d1a533,KO/TKO,1,84.0,,3,assumed_three_round_early_finish,False,True,False,False
development,2017-09-02,a3244e3238541482,b1f7bc82f7dce1b9,U-DEC,3,900.0,,3,inferred_from_decision_duration,False,True,True,False
development,2017-09-02,a3244e3238541482,7303ae36077411d9,U-DEC,3,900.0,,3,inferred_from_decision_duration,False,True,True,False
development,2017-09-02,a3244e3238541482,0ac25b4180406ca1,KO/TKO,3,894.0,,3,assumed_three_round_early_finish,False,True,False,False
development,2017-09-02,a3244e3238541482,75a978e0ecce2536,KO/TKO,2,490.0,,3,assumed_three_round_early_finish,False,True,False,False
development,2017-09-02,a3244e3238541482,cfc550960a7ec353,KO/TKO,3,810.0,,3,assumed_three_round_early_finish,False,True,False,False
development,2017-09-09,d86e913c548c07c2,cce5b9dfe84630fa,KO/TKO,3,649.0,,3,assumed_three_round_early_finish,False,True,False,False
development,2017-09-09,d86e913c548c07c2,7020840980f723b9,U-DEC,3,900.0,,3,inferred_from_decision_duration,False,True,True,False
development,2017-09-09,d86e913c548c07c2,31c4518a1e71c050,KO/TKO,2,576.0,,3,assumed_three_round_early_finish,False,True,False,False
development,2017-09-09,d86e913c548c07c2,f597d2e69ab7c270,U-DEC,3,900.0,,3,inferred_from_decision_duration,False,True,True,False
development,2017-09-09,d86e913c548c07c2,a773883743242df9,SUB,1,171.0,,3,assumed_three_round_early_finish,False,True,False,False
development,2017-09-09,d86e913c548c07c2,92eb0a297c7ea197,SUB,2,556.0,,3,assumed_three_round_early_finish,False,True,False,False
development,2017-09-09,d86e913c548c07c2,94c7e64ce88c9b9e,U-DEC,3,900.0,,3,inferred_from_decision_duration,False,True,True,False
development,2017-09-09,d86e913c548c07c2,6afaf0ca45431a11,U-DEC,3,900.0,,3,inferred_from_decision_duration,False,True,True,False
development,2017-09-09,d86e913c548c07c2,fdde8777c7ae9769,KO/TKO,2,325.0,,3,assumed_three_round_early_finish,False,True,False,False
development,2017-09-09,d86e913c548c07c2,b6082b551288aa5a,SUB,1,223.0,,3,assumed_three_round_early_finish,False,True,False,False
development,2017-09-09,d86e913c548c07c2,cb16346d93746ebc,S-DEC,5,1500.0,,5,inferred_from_decision_duration,True,False,True,False
development,2017-09-16,1979c80150f630c4,2ec12d4bbc0752db,KO/TKO,2,595.0,,3,assumed_three_round_early_finish,False,True,False,False
development,2017-09-16,1979c80150f630c4,7094c05bf73eee81,KO/TKO,2,445.0,,3,assumed_three_round_early_finish,False,True,False,False
development,2017-09-16,1979c80150f630c4,7864fc46de247f58,KO/TKO,1,24.0,,3,assumed_three_round_early_finish,False,True,False,False
development,2017-09-16,1979c80150f630c4,52e4f12eaeffd142,S-DEC,3,900.0,,3,inferred_from_decision_duration,False,True,True,False
development,2017-09-16,1979c80150f630c4,7b80dd233e200dd2,S-DEC,3,900.0,,3,inferred_from_decision_duration,False,True,True,False
development,2017-09-16,1979c80150f630c4,4c1fd940e1619e68,KO/TKO,1,168.0,,3,assumed_three_round_early_finish,False,True,False,False
development,2017-09-16,1979c80150f630c4,128e818254ebfabe,SUB,2,431.0,,3,assumed_three_round_early_finish,False,True,False,False
development,2017-09-16,1979c80150f630c4,ff4cef86bef2d0aa,KO/TKO,3,753.0,,3,assumed_three_round_early_finish,False,True,False,False
development,2017-09-16,1979c80150f630c4,3dd22a9a0ea68cc6,KO/TKO,1,79.0,,3,assumed_three_round_early_finish,False,True,False,False
development,2017-09-16,1979c80150f630c4,24438a644b975751,KO/TKO,2,545.0,,3,assumed_three_round_early_finish,False,True,False,False
development,2017-09-22,9211aae062b799d6,e0e4ce7595b5c26a,U-DEC,3,900.0,,3,inferred_from_decision_duration,False,True,True,False
development,2017-09-22,9211aae062b799d6,da7afd49fefe6a46,U-DEC,3,900.0,,3,inferred_from_decision_duration,False,True,True,False
development,2017-09-22,9211aae062b799d6,37cdf5bd5c975a5d,S-DEC,3,900.0,,3,inferred_from_decision_duration,False,True,True,False
development,2017-09-22,9211aae062b799d6,296cc69bcc3c1635,S-DEC,3,900.0,,3,inferred_from_decision_duration,False,True,True,False
development,2017-09-22,9211aae062b799d6,3b89556b3f177b7b,SUB,1,270.0,,3,assumed_three_round_early_finish,False,True,False,False
development,2017-09-22,9211aae062b799d6,6be073563a421bca,U-DEC,3,900.0,,3,inferred_from_decision_duration,False,True,True,False
development,2017-09-22,9211aae062b799d6,690ab86bdd94149b,KO/TKO,1,285.0,,3,assumed_three_round_early_finish,False,True,False,False
development,2017-09-22,9211aae062b799d6,ba27835ff05df0c9,KO/TKO,1,90.0,,3,assumed_three_round_early_finish,False,True,False,False
development,2017-09-22,9211aae062b799d6,e8d59c27b467d716,U-DEC,3,900.0,,3,inferred_from_decision_duration,False,True,True,False
development,2017-09-22,9211aae062b799d6,d1bee15e60ee6721,SUB,1,110.0,,3,assumed_three_round_early_finish,False,True,False,False
development,2017-10-07,cc5834a495d1ea08,2142ff2a46d22741,U-DEC,3,900.0,,3,inferred_from_decision_duration,False,True,True,False
development,2017-10-07,cc5834a495d1ea08,3f5f6c576046bf77,KO/TKO,1,98.0,,3,assumed_three_round_early_finish,False,True,False,False
development,2017-10-07,cc5834a495d1ea08,d97970009fbfca30,U-DEC,3,900.0,,3,inferred_from_decision_duration,False,True,True,False
development,2017-10-07,cc5834a495d1ea08,0f826e7bbb73b53f,U-DEC,3,900.0,,3,inferred_from_decision_duration,False,True,True,False
development,2017-10-07,cc5834a495d1ea08,e08479759c296bb1,S-DEC,3,900.0,,3,inferred_from_decision_duration,False,True,True,False
development,2017-10-07,cc5834a495d1ea08,1ff3dff34d0b60b8,SUB,1,174.0,,3,assumed_three_round_early_finish,False,True,False,False
development,2017-10-07,cc5834a495d1ea08,53ee6c3591483193,SUB,1,65.0,,3,assumed_three_round_early_finish,False,True,False,False
development,2017-10-07,cc5834a495d1ea08,d042d18ad568190a,SUB,5,1395.0,,5,inferred_five_round_late_finish,True,False,False,False
development,2017-10-07,cc5834a495d1ea08,03aec9073946907f,SUB,3,842.0,,3,assumed_three_round_early_finish,False,True,False,False
development,2017-10-21,d6b68eaf4b68b160,8b10419db5bffe28,U-DEC,3,900.0,,3,inferred_from_decision_duration,False,True,True,False
development,2017-10-21,d6b68eaf4b68b160,f3f252b9810cff0d,KO/TKO,2,453.0,,3,assumed_three_round_early_finish,False,True,False,False
development,2017-10-21,d6b68eaf4b68b160,88f36fa2945ccac5,U-DEC,3,900.0,,3,inferred_from_decision_duration,False,True,True,False
development,2017-10-21,d6b68eaf4b68b160,06287b822837a616,U-DEC,3,900.0,,3,inferred_from_decision_duration,False,True,True,False
development,2017-10-21,d6b68eaf4b68b160,9da4e06a403f0d27,U-DEC,3,900.0,,3,inferred_from_decision_duration,False,True,True,False
development,2017-10-21,d6b68eaf4b68b160,4dcd6ff5e32a3779,KO/TKO,3,819.0,,3,assumed_three_round_early_finish,False,True,False,False
development,2017-10-21,d6b68eaf4b68b160,61070325bb440f58,U-DEC,3,900.0,,3,inferred_from_decision_duration,False,True,True,False
development,2017-10-21,d6b68eaf4b68b160,fdfc700e56575d67,U-DEC,3,900.0,,3,inferred_from_decision_duration,False,True,True,False
development,2017-10-21,d6b68eaf4b68b160,6a315ef5bf22af29,SUB,2,482.0,,3,assumed_three_round_early_finish,False,True,False,False
development,2017-10-21,d6b68eaf4b68b160,d71ad0033de24fff,U-DEC,3,900.0,,3,inferred_from_decision_duration,False,True,True,False
development,2017-10-21,d6b68eaf4b68b160,aa7b1fca60a21f3a,KO/TKO,1,260.0,,3,assumed_three_round_early_finish,False,True,False,False
development,2017-10-28,a7724f51e32e763e,4ffd88b2f00f4250,SUB,1,128.0,,3,assumed_three_round_early_finish,False,True,False,False
development,2017-10-28,a7724f51e32e763e,e11e290d816c119b,S-DEC,3,900.0,,3,inferred_from_decision_duration,False,True,True,False
development,2017-10-28,a7724f51e32e763e,9dd9affa41eead4c,U-DEC,3,900.0,,3,inferred_from_decision_duration,False,True,True,False
development,2017-10-28,a7724f51e32e763e,f9e07282f3444d09,U-DEC,3,900.0,,3,inferred_from_decision_duration,False,True,True,False
development,2017-10-28,a7724f51e32e763e,72d703db67371e1d,SUB,1,270.0,,3,assumed_three_round_early_finish,False,True,False,False
development,2017-10-28,a7724f51e32e763e,4838bf4ca76c1c6b,SUB,2,548.0,,3,assumed_three_round_early_finish,False,True,False,False
development,2017-10-28,a7724f51e32e763e,d4eb3614c7734781,U-DEC,3,900.0,,3,inferred_from_decision_duration,False,True,True,False
development,2017-10-28,a7724f51e32e763e,23ea24013d15c09c,KO/TKO,1,299.0,,3,assumed_three_round_early_finish,False,True,False,False
development,2017-10-28,a7724f51e32e763e,bed03663bc577f02,U-DEC,3,900.0,,3,inferred_from_decision_duration,False,True,True,False
development,2017-10-28,a7724f51e32e763e,0b557aeb2169b59f,SUB,1,243.0,,3,assumed_three_round_early_finish,False,True,False,False
development,2017-10-28,a7724f51e32e763e,7a5baef71925258c,U-DEC,3,900.0,,3,inferred_from_decision_duration,False,True,True,False
development,2017-10-28,a7724f51e32e763e,405c0b8d3960016d,KO/TKO,1,150.0,,3,assumed_three_round_early_finish,False,True,False,False
development,2017-11-04,a25b71fe5e31fa97,56d8cc470841f454,KO/TKO,3,718.0,,3,assumed_three_round_early_finish,False,True,False,False
development,2017-11-04,a25b71fe5e31fa97,8c2fb17981464d8c,KO/TKO,2,399.0,,3,assumed_three_round_early_finish,False,True,False,False
development,2017-11-04,a25b71fe5e31fa97,e686df21c24c6c03,U-DEC,3,900.0,,3,inferred_from_decision_duration,False,True,True,False
development,2017-11-04,a25b71fe5e31fa97,5cab50839f4a0d94,KO/TKO,3,685.0,,3,assumed_three_round_early_finish,False,True,False,False
development,2017-11-04,a25b71fe5e31fa97,8375f311e8c6c079,DQ,1,269.0,,3,assumed_three_round_early_finish,False,True,False,False
development,2017-11-04,a25b71fe5e31fa97,13635ba71963ad0c,KO/TKO,2,599.0,,3,assumed_three_round_early_finish,False,True,False,False
development,2017-11-04,a25b71fe5e31fa97,0a46cb2887890502,KO/TKO,2,383.0,,3,assumed_three_round_early_finish,False,True,False,False
development,2017-11-04,a25b71fe5e31fa97,80572cac6ab57866,U-DEC,3,900.0,,3,inferred_from_decision_duration,False,True,True,False
development,2017-11-04,a25b71fe5e31fa97,fc29884851f9cebb,KO/TKO,1,183.0,,3,assumed_three_round_early_finish,False,True,False,False
development,2017-11-04,a25b71fe5e31fa97,b3a304eadb9f7fb4,KO/TKO,2,461.0,,3,assumed_three_round_early_finish,False,True,False,False
development,2017-11-04,a25b71fe5e31fa97,d361b51952944a26,SUB,3,863.0,,3,assumed_three_round_early_finish,False,True,False,False
development,2017-11-11,d856a0080ac09ed7,4b202bae6c87b98b,SUB,1,221.0,,3,assumed_three_round_early_finish,False,True,False,False
development,2017-11-11,d856a0080ac09ed7,78e554aa129711ba,U-DEC,3,900.0,,3,inferred_from_decision_duration,False,True,True,False
development,2017-11-11,d856a0080ac09ed7,d3c78cc516417797,U-DEC,3,900.0,,3,inferred_from_decision_duration,False,True,True,False
development,2017-11-11,d856a0080ac09ed7,7006a98fe9944571,U-DEC,3,900.0,,3,inferred_from_decision_duration,False,True,True,False
development,2017-11-11,d856a0080ac09ed7,60de5efe5b439c8b,U-DEC,3,900.0,,3,inferred_from_decision_duration,False,True,True,False
development,2017-11-11,d856a0080ac09ed7,5db3e2fdd18129a4,U-DEC,3,900.0,,3,inferred_from_decision_duration,False,True,True,False
development,2017-11-11,d856a0080ac09ed7,5519d7fe2cee8353,S-DEC,3,900.0,,3,inferred_from_decision_duration,False,True,True,False
development,2017-11-11,d856a0080ac09ed7,935f559ab0521c27,KO/TKO,1,67.0,,3,assumed_three_round_early_finish,False,True,False,False
development,2017-11-11,d856a0080ac09ed7,151c597d2e609a4e,KO/TKO,3,710.0,,3,assumed_three_round_early_finish,False,True,False,False
development,2017-11-11,d856a0080ac09ed7,7ad85c84025c0db0,S-DEC,3,900.0,,3,inferred_from_decision_duration,False,True,True,False
development,2017-11-11,d856a0080ac09ed7,603354ffe9cc0755,U-DEC,3,900.0,,3,inferred_from_decision_duration,False,True,True,False
development,2017-11-11,d856a0080ac09ed7,b6b5ec324449befd,KO/TKO,1,224.0,,3,assumed_three_round_early_finish,False,True,False,False
development,2017-11-11,d856a0080ac09ed7,b55605791a4d72b9,KO/TKO,3,728.0,,3,assumed_three_round_early_finish,False,True,False,False
development,2017-11-18,caced97768818230,51ec53f442d2cc9b,U-DEC,3,900.0,,3,inferred_from_decision_duration,False,True,True,False
development,2017-11-18,caced97768818230,c06eaf92bdfde8e6,U-DEC,3,900.0,,3,inferred_from_decision_duration,False,True,True,False
development,2017-11-18,caced97768818230,23b6ffc0223f8cce,U-DEC,3,900.0,,3,inferred_from_decision_duration,False,True,True,False
development,2017-11-18,caced97768818230,823797bc6d532b52,S-DEC,3,900.0,,3,inferred_from_decision_duration,False,True,True,False
development,2017-11-18,caced97768818230,6971094300073d47,KO/TKO,1,275.0,,3,assumed_three_round_early_finish,False,True,False,False
development,2017-11-18,caced97768818230,fd2c018aade60a14,SUB,2,425.0,,3,assumed_three_round_early_finish,False,True,False,False
development,2017-11-18,caced97768818230,b90a5b9061ec54a5,KO/TKO,3,758.0,,3,assumed_three_round_early_finish,False,True,False,False
development,2017-11-18,caced97768818230,097bc98e15722998,U-DEC,3,900.0,,3,inferred_from_decision_duration,False,True,True,False
development,2017-11-18,caced97768818230,569e2c02f7699c0d,U-DEC,3,900.0,,3,inferred_from_decision_duration,False,True,True,False
development,2017-11-18,caced97768818230,344bfe9c1ff511bb,S-DEC,3,900.0,,3,inferred_from_decision_duration,False,True,True,False
development,2017-11-18,caced97768818230,5ebe8d3849273776,S-DEC,3,900.0,,3,inferred_from_decision_duration,False,True,True,False
development,2017-11-18,caced97768818230,2060e8172f820d80,S-DEC,3,900.0,,3,inferred_from_decision_duration,False,True,True,False
development,2017-11-18,caced97768818230,4b0aa5c67e69ce74,U-DEC,5,1500.0,,5,inferred_from_decision_duration,True,False,True,False
development,2017-11-25,e7bc606d269896aa,34c39a5a5917e0ec,SUB,2,453.0,,3,assumed_three_round_early_finish,False,True,False,False
development,2017-11-25,e7bc606d269896aa,903feee04bc91c59,U-DEC,3,900.0,,3,inferred_from_decision_duration,False,True,True,False
development,2017-11-25,e7bc606d269896aa,e5fbb99bc3907516,U-DEC,3,900.0,,3,inferred_from_decision_duration,False,True,True,False
development,2017-11-25,e7bc606d269896aa,4d5c3ddc740b89ca,KO/TKO,1,84.0,,3,assumed_three_round_early_finish,False,True,False,False
development,2017-11-25,e7bc606d269896aa,c8609059d2d87724,SUB,1,256.0,,3,assumed_three_round_early_finish,False,True,False,False
development,2017-11-25,e7bc606d269896aa,47628ab025f19796,U-DEC,3,900.0,,3,inferred_from_decision_duration,False,True,True,False
development,2017-11-25,e7bc606d269896aa,43ae6a9daa51ed93,KO/TKO,1,15.0,,3,assumed_three_round_early_finish,False,True,False,False
development,2017-11-25,e7bc606d269896aa,4ba97e13df33388b,SUB,3,870.0,,3,assumed_three_round_early_finish,False,True,False,False
development,2017-11-25,e7bc606d269896aa,9f428684f3db247f,SUB,2,502.0,,3,assumed_three_round_early_finish,False,True,False,False
development,2017-11-25,e7bc606d269896aa,62eaf9f2436bef25,S-DEC,3,900.0,,3,inferred_from_decision_duration,False,True,True,False
development,2017-11-25,e7bc606d269896aa,52bae6f01ea9f926,KO/TKO,1,177.0,,3,assumed_three_round_early_finish,False,True,False,False
development,2017-11-25,e7bc606d269896aa,32ad75f6c8ca7e9f,KO/TKO,1,150.0,,3,assumed_three_round_early_finish,False,True,False,False
development,2017-12-01,30e8b4505f5ccf92,1eccf793b54b84f8,SUB,1,132.0,,3,assumed_three_round_early_finish,False,True,False,False
development,2017-12-01,30e8b4505f5ccf92,f0e0effb1b2de6ae,KO/TKO,2,473.0,,3,assumed_three_round_early_finish,False,True,False,False
development,2017-12-01,30e8b4505f5ccf92,8b79a80f775d9f03,SUB,1,100.0,,3,assumed_three_round_early_finish,False,True,False,False
development,2017-12-01,30e8b4505f5ccf92,b40bed83fc062380,KO/TKO,3,658.0,,3,assumed_three_round_early_finish,False,True,False,False
development,2017-12-01,30e8b4505f5ccf92,f9830f1c23ac92d0,SUB,1,120.0,,3,assumed_three_round_early_finish,False,True,False,False
development,2017-12-01,30e8b4505f5ccf92,37835a0f9bbb4d4e,SUB,1,30.0,,3,assumed_three_round_early_finish,False,True,False,False
development,2017-12-01,30e8b4505f5ccf92,52db9c816eb99800,KO/TKO,2,438.0,,3,assumed_three_round_early_finish,False,True,False,False
development,2017-12-01,30e8b4505f5ccf92,dd0c8e9880c6fa24,S-DEC,3,900.0,,3,inferred_from_decision_duration,False,True,True,False
development,2017-12-01,30e8b4505f5ccf92,c11b2cbe2460db0c,U-DEC,3,900.0,,3,inferred_from_decision_duration,False,True,True,False
development,2017-12-01,30e8b4505f5ccf92,2f1f16c86a8cc6e2,U-DEC,5,1500.0,,5,inferred_from_decision_duration,True,False,True,False
development,2017-12-02,9e30f69cc0869301,40d9b5b47acf260b,KO/TKO,1,153.0,,3,assumed_three_round_early_finish,False,True,False,False
development,2017-12-02,9e30f69cc0869301,a3b7cbdb6d2607f4,SUB,1,219.0,,3,assumed_three_round_early_finish,False,True,False,False
development,2017-12-02,9e30f69cc0869301,6aea6d3e6944999c,KO/TKO,1,261.0,,3,assumed_three_round_early_finish,False,True,False,False
development,2017-12-02,9e30f69cc0869301,6c25f8fd66f16d7e,KO/TKO,2,574.0,,3,assumed_three_round_early_finish,False,True,False,False
development,2017-12-02,9e30f69cc0869301,1a502852b706f674,S-DEC,3,900.0,,3,inferred_from_decision_duration,False,True,True,False
development,2017-12-02,9e30f69cc0869301,676320a61f800f10,U-DEC,3,900.0,,3,inferred_from_decision_duration,False,True,True,False
development,2017-12-02,9e30f69cc0869301,54c5284c1b792912,KO/TKO,3,722.0,,3,assumed_three_round_early_finish,False,True,False,False
development,2017-12-02,9e30f69cc0869301,c83487136636e9bf,KO/TKO,2,546.0,,3,assumed_three_round_early_finish,False,True,False,False
development,2017-12-02,9e30f69cc0869301,ea674e0285fb77f5,U-DEC,3,900.0,,3,inferred_from_decision_duration,False,True,True,False
development,2017-12-02,9e30f69cc0869301,23e5acd1549b538a,KO/TKO,3,839.0,,3,assumed_three_round_early_finish,False,True,False,False
development,2017-12-02,9e30f69cc0869301,cc2809e10315a6b5,U-DEC,3,900.0,,3,inferred_from_decision_duration,False,True,True,False
development,2017-12-02,9e30f69cc0869301,4712708adb1507aa,KO/TKO,1,102.0,,3,assumed_three_round_early_finish,False,True,False,False
development,2017-12-02,9e30f69cc0869301,21f7fc538ea646e8,KO/TKO,3,891.0,,3,assumed_three_round_early_finish,False,True,False,False
development,2017-12-09,bcd124bcd3d5be46,7a57289563f9d974,KO/TKO,3,747.0,,3,assumed_three_round_early_finish,False,True,False,False
development,2017-12-09,bcd124bcd3d5be46,f9536ea60551b840,SUB,3,650.0,,3,assumed_three_round_early_finish,False,True,False,False
development,2017-12-09,bcd124bcd3d5be46,1ed266bed8005bbe,U-DEC,3,900.0,,3,inferred_from_decision_duration,False,True,True,False
development,2017-12-09,bcd124bcd3d5be46,ab853176cfe20b01,S-DEC,3,900.0,,3,inferred_from_decision_duration,False,True,True,False
development,2017-12-09,bcd124bcd3d5be46,061081f46950fdb0,SUB,2,414.0,,3,assumed_three_round_early_finish,False,True,False,False
development,2017-12-09,bcd124bcd3d5be46,fbce8f52689bce87,KO/TKO,2,366.0,,3,assumed_three_round_early_finish,False,True,False,False
development,2017-12-09,bcd124bcd3d5be46,10a1947cb3feabc1,S-DEC,3,900.0,,3,inferred_from_decision_duration,False,True,True,False
development,2017-12-09,bcd124bcd3d5be46,bc84680df666c96d,U-DEC,3,900.0,,3,inferred_from_decision_duration,False,True,True,False
development,2017-12-09,bcd124bcd3d5be46,c9e19742c4146bff,U-DEC,3,900.0,,3,inferred_from_decision_duration,False,True,True,False
development,2017-12-09,bcd124bcd3d5be46,6fe21a4cb2d839fd,U-DEC,3,900.0,,3,inferred_from_decision_duration,False,True,True,False
development,2017-12-09,bcd124bcd3d5be46,1aaa1a9ceecd6063,KO/TKO,1,67.0,,3,assumed_three_round_early_finish,False,True,False,False
development,2017-12-09,bcd124bcd3d5be46,0a444f30cae13d8f,U-DEC,3,900.0,,3,inferred_from_decision_duration,False,True,True,False
development,2017-12-09,bcd124bcd3d5be46,1d166488129030d0,SUB,2,502.0,,3,assumed_three_round_early_finish,False,True,False,False
development,2017-12-16,eaa0a728cc91ef60,a6fbd8964400dd89,U-DEC,3,900.0,,3,inferred_from_decision_duration,False,True,True,False
development,2017-12-16,eaa0a728cc91ef60,1e3c67921162561d,KO/TKO,2,434.0,,3,assumed_three_round_early_finish,False,True,False,False
development,2017-12-16,eaa0a728cc91ef60,9a1a57b0abcd4599,U-DEC,3,900.0,,3,inferred_from_decision_duration,False,True,True,False
development,2017-12-16,eaa0a728cc91ef60,71dc4379c738450f,KO/TKO,1,59.0,,3,assumed_three_round_early_finish,False,True,False,False
development,2017-12-16,eaa0a728cc91ef60,5b8d693bd1780102,KO/TKO,1,250.0,,3,assumed_three_round_early_finish,False,True,False,False
development,2017-12-16,eaa0a728cc91ef60,535b8e5494cbc580,SUB,2,462.0,,3,assumed_three_round_early_finish,False,True,False,False
development,2017-12-16,eaa0a728cc91ef60,01619207a811ef01,U-DEC,3,900.0,,3,inferred_from_decision_duration,False,True,True,False
development,2017-12-16,eaa0a728cc91ef60,e83046dd074ec0fa,KO/TKO,1,165.0,,3,assumed_three_round_early_finish,False,True,False,False
development,2017-12-16,eaa0a728cc91ef60,11b8d7e801713abc,U-DEC,3,900.0,,3,inferred_from_decision_duration,False,True,True,False
development,2017-12-16,eaa0a728cc91ef60,6f350d91fb07a819,KO/TKO,1,273.0,,3,assumed_three_round_early_finish,False,True,False,False
development,2017-12-16,eaa0a728cc91ef60,d9375ede2ec2f924,U-DEC,5,1500.0,,5,inferred_from_decision_duration,True,False,True,False
development,2017-12-30,04076783ca83d6ae,8f40ac90544d0003,SUB,2,401.0,,3,assumed_three_round_early_finish,False,True,False,False
development,2017-12-30,04076783ca83d6ae,7e9ed49a1831056f,U-DEC,3,900.0,,3,inferred_from_decision_duration,False,True,True,False
development,2017-12-30,04076783ca83d6ae,147d2ab0230af48d,U-DEC,3,900.0,,3,inferred_from_decision_duration,False,True,True,False
development,2017-12-30,04076783ca83d6ae,c381ad2c0bf34dd9,U-DEC,3,900.0,,3,inferred_from_decision_duration,False,True,True,False
development,2017-12-30,04076783ca83d6ae,f77e3c681fe1b04e,U-DEC,3,900.0,,3,inferred_from_decision_duration,False,True,True,False
development,2017-12-30,04076783ca83d6ae,3d76ed7e224e9c99,SUB,3,642.0,,3,assumed_three_round_early_finish,False,True,False,False
development,2017-12-30,04076783ca83d6ae,a88a4c126d585320,U-DEC,3,900.0,,3,inferred_from_decision_duration,False,True,True,False
development,2017-12-30,04076783ca83d6ae,279b4190d9ef1379,U-DEC,5,1500.0,,5,inferred_from_decision_duration,True,False,True,False
development,2018-01-14,fc1868f56d3036eb,c4ecf4b894ccbced,U-DEC,3,900.0,,3,inferred_from_decision_duration,False,True,True,False
development,2018-01-14,fc1868f56d3036eb,9f10afab94cafc45,U-DEC,3,900.0,,3,inferred_from_decision_duration,False,True,True,False
development,2018-01-14,fc1868f56d3036eb,f8bb0aed83bd8638,S-DEC,3,900.0,,3,inferred_from_decision_duration,False,True,True,False
development,2018-01-14,fc1868f56d3036eb,1bf1a6fc9c9acc26,SUB,1,293.0,,3,assumed_three_round_early_finish,False,True,False,False
development,2018-01-14,fc1868f56d3036eb,738e0ccad2c9224b,U-DEC,3,900.0,,3,inferred_from_decision_duration,False,True,True,False
development,2018-01-14,fc1868f56d3036eb,4843f369dc8b5de5,KO/TKO,1,60.0,,3,assumed_three_round_early_finish,False,True,False,False
development,2018-01-14,fc1868f56d3036eb,3b1453df439a5024,U-DEC,3,900.0,,3,inferred_from_decision_duration,False,True,True,False
development,2018-01-14,fc1868f56d3036eb,d85c76a61a820be9,SUB,2,442.0,,3,assumed_three_round_early_finish,False,True,False,False
development,2018-01-14,fc1868f56d3036eb,f767243bb48ab9d7,U-DEC,3,900.0,,3,inferred_from_decision_duration,False,True,True,False
development,2018-01-14,fc1868f56d3036eb,0820a29a03d58282,U-DEC,3,900.0,,3,inferred_from_decision_duration,False,True,True,False
development,2018-01-14,fc1868f56d3036eb,51e684bfce8d94aa,KO/TKO,2,456.0,,3,assumed_three_round_early_finish,False,True,False,False
development,2018-01-20,02177caefe7c07d4,b9726184624ac076,KO/TKO,1,57.0,,3,assumed_three_round_early_finish,False,True,False,False
development,2018-01-20,02177caefe7c07d4,1b0fa021b1158121,U-DEC,3,900.0,,3,inferred_from_decision_duration,False,True,True,False
development,2018-01-20,02177caefe7c07d4,50385add37239184,U-DEC,3,900.0,,3,inferred_from_decision_duration,False,True,True,False
development,2018-01-20,02177caefe7c07d4,0990ac7065412e76,U-DEC,3,900.0,,3,inferred_from_decision_duration,False,True,True,False
development,2018-01-20,02177caefe7c07d4,f91709b071e8295a,KO/TKO,1,227.0,,3,assumed_three_round_early_finish,False,True,False,False
development,2018-01-20,02177caefe7c07d4,ea66be2688f542be,U-DEC,3,900.0,,3,inferred_from_decision_duration,False,True,True,False
development,2018-01-20,02177caefe7c07d4,889207e3c622a5aa,KO/TKO,2,444.0,,3,assumed_three_round_early_finish,False,True,False,False
development,2018-01-20,02177caefe7c07d4,5cf56c22cbc24758,S-DEC,3,900.0,,3,inferred_from_decision_duration,False,True,True,False
development,2018-01-20,02177caefe7c07d4,5f617d6c19d3a281,KO/TKO,3,632.0,,3,assumed_three_round_early_finish,False,True,False,False
development,2018-01-20,02177caefe7c07d4,9f96d11017f9c824,KO/TKO,2,420.0,,3,assumed_three_round_early_finish,False,True,False,False
development,2018-01-20,02177caefe7c07d4,8238f9d2fd961757,U-DEC,5,1500.0,,5,inferred_from_decision_duration,True,False,True,False
development,2018-01-27,602bb270f2bdbf02,fa7cde1e2d3ae338,KO/TKO,2,528.0,,3,assumed_three_round_early_finish,False,True,False,False
development,2018-01-27,602bb270f2bdbf02,4fcbee643660d679,SUB,2,561.0,,3,assumed_three_round_early_finish,False,True,False,False
development,2018-01-27,602bb270f2bdbf02,ce4314886c57718b,U-DEC,3,900.0,,3,inferred_from_decision_duration,False,True,True,False
development,2018-01-27,602bb270f2bdbf02,6e65bec924996b5a,S-DEC,3,900.0,,3,inferred_from_decision_duration,False,True,True,False
development,2018-01-27,602bb270f2bdbf02,5a096f2acb44c776,U-DEC,3,900.0,,3,inferred_from_decision_duration,False,True,True,False
development,2018-01-27,602bb270f2bdbf02,c5f0c83e303d80bf,U-DEC,3,900.0,,3,inferred_from_decision_duration,False,True,True,False
development,2018-01-27,602bb270f2bdbf02,b8648b32caf36c5a,KO/TKO,1,167.0,,3,assumed_three_round_early_finish,False,True,False,False
development,2018-01-27,602bb270f2bdbf02,04a1c5b7993fe4d5,U-DEC,3,900.0,,3,inferred_from_decision_duration,False,True,True,False
development,2018-01-27,602bb270f2bdbf02,f23e2bed86b62462,U-DEC,3,900.0,,3,inferred_from_decision_duration,False,True,True,False
development,2018-01-27,602bb270f2bdbf02,d571486369996a39,KO/TKO,1,286.0,,3,assumed_three_round_early_finish,False,True,False,False
development,2018-01-27,602bb270f2bdbf02,27901ef9e82d5690,S-DEC,3,900.0,,3,inferred_from_decision_duration,False,True,True,False
development,2018-01-27,602bb270f2bdbf02,3a94bf34e62ae5fd,KO/TKO,1,230.0,,3,assumed_three_round_early_finish,False,True,False,False
development,2018-02-03,7cf20446453f852b,1fd5bf36c42ff1a2,KO/TKO,2,574.0,,3,assumed_three_round_early_finish,False,True,False,False
development,2018-02-03,7cf20446453f852b,fa77134e0d90da3b,KO/TKO,1,66.0,,3,assumed_three_round_early_finish,False,True,False,False
development,2018-02-03,7cf20446453f852b,7bfb92f7ea59dbbd,SUB,1,230.0,,3,assumed_three_round_early_finish,False,True,False,False
development,2018-02-03,7cf20446453f852b,59b384dcc3ab49b2,U-DEC,3,900.0,,3,inferred_from_decision_duration,False,True,True,False
development,2018-02-03,7cf20446453f852b,eb0f7127f22457e9,S-DEC,3,900.0,,3,inferred_from_decision_duration,False,True,True,False
development,2018-02-03,7cf20446453f852b,bc767f1eb6176dfb,KO/TKO,2,363.0,,3,assumed_three_round_early_finish,False,True,False,False
development,2018-02-03,7cf20446453f852b,a0ec4eac058e6050,U-DEC,3,900.0,,3,inferred_from_decision_duration,False,True,True,False
development,2018-02-03,7cf20446453f852b,0da43c3ec0e11650,U-DEC,3,900.0,,3,inferred_from_decision_duration,False,True,True,False
development,2018-02-03,7cf20446453f852b,ee1c1e9037fee21e,U-DEC,3,900.0,,3,inferred_from_decision_duration,False,True,True,False
development,2018-02-03,7cf20446453f852b,10f5bb70feb1df53,SUB,2,565.0,,3,assumed_three_round_early_finish,False,True,False,False
development,2018-02-03,7cf20446453f852b,420dd305cd1d062f,S-DEC,5,1500.0,,5,inferred_from_decision_duration,True,False,True,False
development,2018-02-10,15515e797aedc137,194d3950076b2f83,U-DEC,3,900.0,,3,inferred_from_decision_duration,False,True,True,False
development,2018-02-10,15515e797aedc137,58286d3126cc5263,U-DEC,3,900.0,,3,inferred_from_decision_duration,False,True,True,False
development,2018-02-10,15515e797aedc137,e8f2902be7b350ad,U-DEC,3,900.0,,3,inferred_from_decision_duration,False,True,True,False
development,2018-02-10,15515e797aedc137,f8fce67abe0ab922,SUB,3,703.0,,3,assumed_three_round_early_finish,False,True,False,False
development,2018-02-10,15515e797aedc137,f3a60ca18747aeac,KO/TKO,2,597.0,,3,assumed_three_round_early_finish,False,True,False,False
development,2018-02-10,15515e797aedc137,1cd5d5e271b646a3,KO/TKO,2,517.0,,3,assumed_three_round_early_finish,False,True,False,False
development,2018-02-10,15515e797aedc137,6cb9bc7c86ae43b9,S-DEC,3,900.0,,3,inferred_from_decision_duration,False,True,True,False
development,2018-02-10,15515e797aedc137,b6e086dd8093355d,SUB,1,234.0,,3,assumed_three_round_early_finish,False,True,False,False
development,2018-02-10,15515e797aedc137,0d7dc1ed5eb995e4,U-DEC,3,900.0,,3,inferred_from_decision_duration,False,True,True,False
development,2018-02-10,15515e797aedc137,3112430100d2d0be,KO/TKO,1,138.0,,3,assumed_three_round_early_finish,False,True,False,False
development,2018-02-10,15515e797aedc137,cd67f6ddb2920193,U-DEC,3,900.0,,3,inferred_from_decision_duration,False,True,True,False
development,2018-02-10,15515e797aedc137,9444cfe0c7c0f6a7,KO/TKO,3,708.0,,3,assumed_three_round_early_finish,False,True,False,False
development,2018-02-18,d181689653115b6a,d07dd6239afe1cb0,KO/TKO,1,114.0,,3,assumed_three_round_early_finish,False,True,False,False
development,2018-02-18,d181689653115b6a,5edd1cd479f3919e,SUB,1,132.0,,3,assumed_three_round_early_finish,False,True,False,False
development,2018-02-18,d181689653115b6a,0bfb221a0944f8e0,U-DEC,3,900.0,,3,inferred_from_decision_duration,False,True,True,False
development,2018-02-18,d181689653115b6a,6f981a44898fb4ff,SUB,1,110.0,,3,assumed_three_round_early_finish,False,True,False,False
development,2018-02-18,d181689653115b6a,4335683beee93652,SUB,1,168.0,,3,assumed_three_round_early_finish,False,True,False,False
development,2018-02-18,d181689653115b6a,07f234a488661125,KO/TKO,1,118.0,,3,assumed_three_round_early_finish,False,True,False,False
development,2018-02-18,d181689653115b6a,aeac1209f15157ed,U-DEC,3,900.0,,3,inferred_from_decision_duration,False,True,True,False
development,2018-02-18,d181689653115b6a,a8d189f56de9b451,U-DEC,3,900.0,,3,inferred_from_decision_duration,False,True,True,False
development,2018-02-18,d181689653115b6a,357a5bc5de4f545d,KO/TKO,2,557.0,,3,assumed_three_round_early_finish,False,True,False,False
development,2018-02-18,d181689653115b6a,6ae96d1de3bb0506,U-DEC,3,900.0,,3,inferred_from_decision_duration,False,True,True,False
development,2018-02-18,d181689653115b6a,f73dfeb48b09e6a6,KO/TKO,3,768.0,,3,assumed_three_round_early_finish,False,True,False,False
development,2018-02-18,d181689653115b6a,8f7a73d05387b159,KO/TKO,1,298.0,,3,assumed_three_round_early_finish,False,True,False,False
development,2018-02-24,daa89f01e1c0f42a,0328754c15ecd37c,SUB,2,453.0,,3,assumed_three_round_early_finish,False,True,False,False
development,2018-02-24,daa89f01e1c0f42a,0f2611c3ec4661dd,U-DEC,3,900.0,,3,inferred_from_decision_duration,False,True,True,False
development,2018-02-24,daa89f01e1c0f42a,bf8f747e57d6d1c7,SUB,3,752.0,,3,assumed_three_round_early_finish,False,True,False,False
development,2018-02-24,daa89f01e1c0f42a,04970dfa4d531e39,KO/TKO,1,263.0,,3,assumed_three_round_early_finish,False,True,False,False
development,2018-02-24,daa89f01e1c0f42a,093ebd3375591101,KO/TKO,2,458.0,,3,assumed_three_round_early_finish,False,True,False,False
development,2018-02-24,daa89f01e1c0f42a,037c68d03c970609,U-DEC,3,900.0,,3,inferred_from_decision_duration,False,True,True,False
development,2018-02-24,daa89f01e1c0f42a,3cf4582b48302bb6,SUB,2,520.0,,3,assumed_three_round_early_finish,False,True,False,False
development,2018-02-24,daa89f01e1c0f42a,e22a887ce4ab30eb,U-DEC,3,900.0,,3,inferred_from_decision_duration,False,True,True,False
development,2018-02-24,daa89f01e1c0f42a,424a20da52b4f956,U-DEC,3,900.0,,3,inferred_from_decision_duration,False,True,True,False
development,2018-02-24,daa89f01e1c0f42a,9c79433a4686f3fc,SUB,1,228.0,,3,assumed_three_round_early_finish,False,True,False,False
development,2018-02-24,daa89f01e1c0f42a,4d9d371b8db6fb91,U-DEC,3,900.0,,3,inferred_from_decision_duration,False,True,True,False
development,2018-02-24,daa89f01e1c0f42a,519dcb290e6db845,KO/TKO,2,395.0,,3,assumed_three_round_early_finish,False,True,False,False
development,2018-03-03,7929be8290289a47,84f236d6c57d7cfb,S-DEC,3,900.0,,3,inferred_from_decision_duration,False,True,True,False
development,2018-03-03,7929be8290289a47,12a64dfb8147566b,S-DEC,3,900.0,,3,inferred_from_decision_duration,False,True,True,False
development,2018-03-03,7929be8290289a47,c6c975ca66a7f91a,KO/TKO,1,154.0,,3,assumed_three_round_early_finish,False,True,False,False
development,2018-03-03,7929be8290289a47,6c2f05c47f494e15,DQ,1,300.0,,3,assumed_three_round_early_finish,False,True,False,False
development,2018-03-03,7929be8290289a47,c73b81e7c1c1cccc,S-DEC,3,900.0,,3,inferred_from_decision_duration,False,True,True,False
development,2018-03-03,7929be8290289a47,9e21a8dea9663e26,KO/TKO,1,42.0,,3,assumed_three_round_early_finish,False,True,False,False
development,2018-03-03,7929be8290289a47,ead2ca0d2afb46be,S-DEC,3,900.0,,3,inferred_from_decision_duration,False,True,True,False
development,2018-03-03,7929be8290289a47,1f52e665587dc645,S-DEC,3,900.0,,3,inferred_from_decision_duration,False,True,True,False
development,2018-03-03,7929be8290289a47,bfb7d17161aec938,U-DEC,3,900.0,,3,inferred_from_decision_duration,False,True,True,False
development,2018-03-03,7929be8290289a47,efe055854f19a1d7,U-DEC,3,900.0,,3,inferred_from_decision_duration,False,True,True,False
development,2018-03-03,7929be8290289a47,2361b51aa72e5551,KO/TKO,1,284.0,,3,assumed_three_round_early_finish,False,True,False,False
development,2018-03-03,7929be8290289a47,4960379abe6ed525,KO/TKO,1,205.0,,3,assumed_three_round_early_finish,False,True,False,False
development,2018-03-17,eed2b71d77d95416,2fd0c6d914b77205,SUB,2,569.0,,3,assumed_three_round_early_finish,False,True,False,False
development,2018-03-17,eed2b71d77d95416,fe9ee00fa47dd7b3,S-DEC,3,900.0,,3,inferred_from_decision_duration,False,True,True,False
development,2018-03-17,eed2b71d77d95416,714d6fc1eaca9624,SUB,3,899.0,,3,assumed_three_round_early_finish,False,True,False,False
development,2018-03-17,eed2b71d77d95416,0b4583d204797d19,SUB,1,39.0,,3,assumed_three_round_early_finish,False,True,False,False
development,2018-03-17,eed2b71d77d95416,288c942b0ad152a6,KO/TKO,1,132.0,,3,assumed_three_round_early_finish,False,True,False,False
development,2018-03-17,eed2b71d77d95416,f8ee14dbf966b9e6,SUB,1,238.0,,3,assumed_three_round_early_finish,False,True,False,False
development,2018-03-17,eed2b71d77d95416,e84fa12d87993ec5,KO/TKO,3,899.0,,3,assumed_three_round_early_finish,False,True,False,False
development,2018-03-17,eed2b71d77d95416,848e7af760788418,U-DEC,3,900.0,,3,inferred_from_decision_duration,False,True,True,False
development,2018-03-17,eed2b71d77d95416,5f19b0135414b454,U-DEC,3,900.0,,3,inferred_from_decision_duration,False,True,True,False
development,2018-03-17,eed2b71d77d95416,e835e9a4564db497,KO/TKO,4,998.0,,5,inferred_five_round_late_finish,False,False,False,False
development,2018-04-07,49e7e05f902479ca,12563423bf15e75d,U-DEC,3,900.0,,3,inferred_from_decision_duration,False,True,True,False
development,2018-04-07,49e7e05f902479ca,28f7ba820350e3a3,U-DEC,3,900.0,,3,inferred_from_decision_duration,False,True,True,False
development,2018-04-07,49e7e05f902479ca,8803935990adafc1,KO/TKO,1,53.0,,3,assumed_three_round_early_finish,False,True,False,False
development,2018-04-07,49e7e05f902479ca,5315bd4542b21c4b,S-DEC,3,900.0,,3,inferred_from_decision_duration,False,True,True,False
development,2018-04-07,49e7e05f902479ca,bab65d16fa74fc5b,KO/TKO,2,600.0,,3,assumed_three_round_early_finish,False,True,False,False
development,2018-04-07,49e7e05f902479ca,6c5f7f98ec0b6f17,U-DEC,3,900.0,,3,inferred_from_decision_duration,False,True,True,False
development,2018-04-07,49e7e05f902479ca,95edc0b6438f2592,U-DEC,3,900.0,,3,inferred_from_decision_duration,False,True,True,False
development,2018-04-07,49e7e05f902479ca,829b3ee4145a1ae6,U-DEC,5,1500.0,,5,inferred_from_decision_duration,True,False,True,False
development,2018-04-07,49e7e05f902479ca,eab7b76e177e1903,U-DEC,5,1500.0,,5,inferred_from_decision_duration,True,False,True,False
development,2018-04-14,620be7e0712d431b,4210f9b11debf1fc,U-DEC,3,900.0,,3,inferred_from_decision_duration,False,True,True,False
development,2018-04-14,620be7e0712d431b,bd1e01de1f24962b,KO/TKO,2,522.0,,3,assumed_three_round_early_finish,False,True,False,False
development,2018-04-14,620be7e0712d431b,47fc0736929125bd,SUB,2,419.0,,3,assumed_three_round_early_finish,False,True,False,False
development,2018-04-14,620be7e0712d431b,418a7100e490e791,U-DEC,3,900.0,,3,inferred_from_decision_duration,False,True,True,False
development,2018-04-14,620be7e0712d431b,85060e6e71ed14e4,U-DEC,3,900.0,,3,inferred_from_decision_duration,False,True,True,False
development,2018-04-14,620be7e0712d431b,59363451049c929d,KO/TKO,2,359.0,,3,assumed_three_round_early_finish,False,True,False,False
development,2018-04-14,620be7e0712d431b,01c9acf719298187,KO/TKO,3,736.0,,3,assumed_three_round_early_finish,False,True,False,False
development,2018-04-14,620be7e0712d431b,15aee8ad5d9e9d58,U-DEC,3,900.0,,3,inferred_from_decision_duration,False,True,True,False
development,2018-04-14,620be7e0712d431b,17c53d93d549cb03,KO/TKO,2,552.0,,3,assumed_three_round_early_finish,False,True,False,False
development,2018-04-14,620be7e0712d431b,5164f1c4103616fd,SUB,1,268.0,,3,assumed_three_round_early_finish,False,True,False,False
development,2018-04-14,620be7e0712d431b,57d05d28e3fbee4f,S-DEC,3,900.0,,3,inferred_from_decision_duration,False,True,True,False
development,2018-04-14,620be7e0712d431b,b8b9a8e504d51ba5,S-DEC,3,900.0,,3,inferred_from_decision_duration,False,True,True,False
development,2018-04-14,620be7e0712d431b,e18a8b333529cc09,SUB,2,497.0,,3,assumed_three_round_early_finish,False,True,False,False
development,2018-04-14,620be7e0712d431b,bfae2fb50efbdb0f,KO/TKO,4,933.0,,5,inferred_five_round_late_finish,False,False,False,False
development,2018-04-21,ad99fa5325519169,d2b5ce5548b71668,U-DEC,3,900.0,,3,inferred_from_decision_duration,False,True,True,False
development,2018-04-21,ad99fa5325519169,a22add1024153ddb,U-DEC,3,900.0,,3,inferred_from_decision_duration,False,True,True,False
development,2018-04-21,ad99fa5325519169,dbed6292db8b0212,KO/TKO,2,460.0,,3,assumed_three_round_early_finish,False,True,False,False
development,2018-04-21,ad99fa5325519169,a017d5806eaa6018,SUB,3,900.0,,3,assumed_three_round_early_finish,False,True,False,False
development,2018-04-21,ad99fa5325519169,ef86720364837f68,U-DEC,3,900.0,,3,inferred_from_decision_duration,False,True,True,False
development,2018-04-21,ad99fa5325519169,0f88658e787815c8,KO/TKO,1,180.0,,3,assumed_three_round_early_finish,False,True,False,False
development,2018-04-21,ad99fa5325519169,6dd0874dec826397,U-DEC,3,900.0,,3,inferred_from_decision_duration,False,True,True,False
development,2018-04-21,ad99fa5325519169,62aab95c866a9c5b,KO/TKO,1,150.0,,3,assumed_three_round_early_finish,False,True,False,False
development,2018-04-21,ad99fa5325519169,bef2a2e68fb4dfa8,U-DEC,3,900.0,,3,inferred_from_decision_duration,False,True,True,False
development,2018-04-21,ad99fa5325519169,6d8ce1abde550bc6,U-DEC,3,900.0,,3,inferred_from_decision_duration,False,True,True,False
development,2018-04-21,ad99fa5325519169,dbb0ca0198ac514a,KO/TKO,5,1338.0,,5,inferred_five_round_late_finish,True,False,False,False
development,2018-05-12,67ec58d7cf599835,5f1a828f8d4c3b01,SUB,1,268.0,,3,assumed_three_round_early_finish,False,True,False,False
development,2018-05-12,67ec58d7cf599835,53d6a7634c7fc036,U-DEC,3,900.0,,3,inferred_from_decision_duration,False,True,True,False
development,2018-05-12,67ec58d7cf599835,014f7dc96c90c199,KO/TKO,3,730.0,,3,assumed_three_round_early_finish,False,True,False,False
development,2018-05-12,67ec58d7cf599835,25da6035f591c245,KO/TKO,2,600.0,,3,assumed_three_round_early_finish,False,True,False,False
development,2018-05-12,67ec58d7cf599835,6b325792b8fb1f46,KO/TKO,1,220.0,,3,assumed_three_round_early_finish,False,True,False,False
development,2018-05-12,67ec58d7cf599835,5ea39e0fc3b64e83,SUB,1,255.0,,3,assumed_three_round_early_finish,False,True,False,False
development,2018-05-12,67ec58d7cf599835,3dcb1a7b081afbe1,SUB,1,105.0,,3,assumed_three_round_early_finish,False,True,False,False
development,2018-05-12,67ec58d7cf599835,c8fdd3f7178fbfa4,SUB,1,285.0,,3,assumed_three_round_early_finish,False,True,False,False
development,2018-05-12,67ec58d7cf599835,7072a324a82c4297,KO/TKO,2,360.0,,3,assumed_three_round_early_finish,False,True,False,False
development,2018-05-12,67ec58d7cf599835,b152646345037056,KO/TKO,3,823.0,,3,assumed_three_round_early_finish,False,True,False,False
development,2018-05-12,67ec58d7cf599835,7ec70261afdecda8,SUB,1,147.0,,3,assumed_three_round_early_finish,False,True,False,False
development,2018-05-12,67ec58d7cf599835,d86e31793564cd31,S-DEC,3,900.0,,3,inferred_from_decision_duration,False,True,True,False
development,2018-05-12,67ec58d7cf599835,3454f5c7203467aa,KO/TKO,5,1356.0,,5,inferred_five_round_late_finish,True,False,False,False
development,2018-05-19,3144121470023e9a,866b2c2e354aa27b,SUB,3,743.0,,3,assumed_three_round_early_finish,False,True,False,False
development,2018-05-19,3144121470023e9a,e6fdf9e67f84a0e0,U-DEC,3,900.0,,3,inferred_from_decision_duration,False,True,True,False
development,2018-05-19,3144121470023e9a,53febf2fb416f9de,U-DEC,3,900.0,,3,inferred_from_decision_duration,False,True,True,False
development,2018-05-19,3144121470023e9a,79c22394d9c2144d,KO/TKO,1,39.0,,3,assumed_three_round_early_finish,False,True,False,False
development,2018-05-19,3144121470023e9a,c571ac76ca45c1cb,KO/TKO,1,33.0,,3,assumed_three_round_early_finish,False,True,False,False
development,2018-05-19,3144121470023e9a,49b47b5b5f15c7c0,U-DEC,3,900.0,,3,inferred_from_decision_duration,False,True,True,False
development,2018-05-19,3144121470023e9a,df0d4130944776d9,S-DEC,3,900.0,,3,inferred_from_decision_duration,False,True,True,False
development,2018-05-19,3144121470023e9a,47c140debc977214,KO/TKO,1,256.0,,3,assumed_three_round_early_finish,False,True,False,False
development,2018-05-19,3144121470023e9a,6222cdc86b12d251,U-DEC,3,900.0,,3,inferred_from_decision_duration,False,True,True,False
development,2018-05-19,3144121470023e9a,db8887f2085f7971,U-DEC,3,900.0,,3,inferred_from_decision_duration,False,True,True,False
development,2018-05-19,3144121470023e9a,1290d7eb0fefd3f3,KO/TKO,1,175.0,,3,assumed_three_round_early_finish,False,True,False,False
development,2018-05-19,3144121470023e9a,24f2d2dd9fea5d79,SUB,1,164.0,,3,assumed_three_round_early_finish,False,True,False,False
development,2018-05-19,3144121470023e9a,47f42aa7cf851a29,U-DEC,5,1500.0,,5,inferred_from_decision_duration,True,False,True,False
development,2018-05-27,f5990c11974d8e9c,f71d46f804307bd2,U-DEC,3,900.0,,3,inferred_from_decision_duration,False,True,True,False
development,2018-05-27,f5990c11974d8e9c,326c3eaa1e9e3dc4,SUB,2,425.0,,3,assumed_three_round_early_finish,False,True,False,False
development,2018-05-27,f5990c11974d8e9c,3e9ddcd30fdc5d85,S-DEC,3,900.0,,3,inferred_from_decision_duration,False,True,True,False
development,2018-05-27,f5990c11974d8e9c,b3096e8dd4e90718,U-DEC,3,900.0,,3,inferred_from_decision_duration,False,True,True,False
development,2018-05-27,f5990c11974d8e9c,8b1dc96a00a8e881,KO/TKO,1,213.0,,3,assumed_three_round_early_finish,False,True,False,False
development,2018-05-27,f5990c11974d8e9c,20b5de395c0f1375,KO/TKO,2,407.0,,3,assumed_three_round_early_finish,False,True,False,False
development,2018-05-27,f5990c11974d8e9c,9dcf8ce308eaa050,SUB,1,271.0,,3,assumed_three_round_early_finish,False,True,False,False
development,2018-05-27,f5990c11974d8e9c,52565f62fb3822db,S-DEC,3,900.0,,3,inferred_from_decision_duration,False,True,True,False
development,2018-05-27,f5990c11974d8e9c,f6efb09c01e4cac6,SUB,3,761.0,,3,assumed_three_round_early_finish,False,True,False,False
development,2018-05-27,f5990c11974d8e9c,426ca5caeb857f1e,KO/TKO,1,272.0,,3,assumed_three_round_early_finish,False,True,False,False
development,2018-05-27,f5990c11974d8e9c,cd117bfce747184f,U-DEC,5,1500.0,,5,inferred_from_decision_duration,True,False,True,False
development,2018-06-01,d29b5c4f22c6357d,7969abc596485189,KO/TKO,2,475.0,,3,assumed_three_round_early_finish,False,True,False,False
development,2018-06-01,d29b5c4f22c6357d,4b155647201d549e,SUB,2,438.0,,3,assumed_three_round_early_finish,False,True,False,False
development,2018-06-01,d29b5c4f22c6357d,19fc916df1f0e6ff,U-DEC,3,900.0,,3,inferred_from_decision_duration,False,True,True,False
development,2018-06-01,d29b5c4f22c6357d,026c4a26106cc158,U-DEC,3,900.0,,3,inferred_from_decision_duration,False,True,True,False
development,2018-06-01,d29b5c4f22c6357d,a25633b1494f1360,U-DEC,3,900.0,,3,inferred_from_decision_duration,False,True,True,False
development,2018-06-01,d29b5c4f22c6357d,9fb0a4e18ddcd14c,U-DEC,3,900.0,,3,inferred_from_decision_duration,False,True,True,False
development,2018-06-01,d29b5c4f22c6357d,194d73490eb731c6,S-DEC,3,900.0,,3,inferred_from_decision_duration,False,True,True,False
development,2018-06-01,d29b5c4f22c6357d,9cb4196446f3ce79,SUB,3,775.0,,3,assumed_three_round_early_finish,False,True,False,False
development,2018-06-01,d29b5c4f22c6357d,b7c7707ccea492c7,KO/TKO,1,116.0,,3,assumed_three_round_early_finish,False,True,False,False
development,2018-06-01,d29b5c4f22c6357d,f43f9861e73739c8,KO/TKO,2,599.0,,3,assumed_three_round_early_finish,False,True,False,False
development,2018-06-01,d29b5c4f22c6357d,921a8db065cd8cc5,SUB,2,546.0,,3,assumed_three_round_early_finish,False,True,False,False
development,2018-06-01,d29b5c4f22c6357d,69b147aaaafeb47d,KO/TKO,1,33.0,,3,assumed_three_round_early_finish,False,True,False,False
development,2018-06-09,2eae41f61776c60f,d3f5854d16fc31f9,KO/TKO,1,50.0,,3,assumed_three_round_early_finish,False,True,False,False
development,2018-06-09,2eae41f61776c60f,e82d734674ce4d46,SUB,1,138.0,,3,assumed_three_round_early_finish,False,True,False,False
development,2018-06-09,2eae41f61776c60f,5e2f2f5d9a756de9,S-DEC,3,900.0,,3,inferred_from_decision_duration,False,True,True,False
development,2018-06-09,2eae41f61776c60f,8f9b16f170dbdbb6,KO/TKO,1,53.0,,3,assumed_three_round_early_finish,False,True,False,False
development,2018-06-09,2eae41f61776c60f,140e810f952714ea,KO/TKO,2,533.0,,3,assumed_three_round_early_finish,False,True,False,False
development,2018-06-09,2eae41f61776c60f,32990cbf8976d94b,S-DEC,3,900.0,,3,inferred_from_decision_duration,False,True,True,False
development,2018-06-09,2eae41f61776c60f,c3425412e4f2f486,S-DEC,3,900.0,,3,inferred_from_decision_duration,False,True,True,False
development,2018-06-09,2eae41f61776c60f,7fd0f7b3866b2c75,KO/TKO,3,776.0,,3,assumed_three_round_early_finish,False,True,False,False
development,2018-06-09,2eae41f61776c60f,319b09306094259b,U-DEC,3,900.0,,3,inferred_from_decision_duration,False,True,True,False
development,2018-06-09,2eae41f61776c60f,051124b25d576906,U-DEC,3,900.0,,3,inferred_from_decision_duration,False,True,True,False
development,2018-06-09,2eae41f61776c60f,eb6f80ccaf2a3dbc,U-DEC,5,1500.0,,5,inferred_from_decision_duration,True,False,True,False
development,2018-06-09,2eae41f61776c60f,5a09fd7cb3db9705,S-DEC,5,1500.0,,5,inferred_from_decision_duration,True,False,True,False
development,2018-06-23,ac5f67109accb482,3d12c63c47828937,S-DEC,3,900.0,,3,inferred_from_decision_duration,False,True,True,False
development,2018-06-23,ac5f67109accb482,26582aa0b79d2f20,SUB,2,544.0,,3,assumed_three_round_early_finish,False,True,False,False
development,2018-06-23,ac5f67109accb482,d5176b45df32f67e,S-DEC,3,900.0,,3,inferred_from_decision_duration,False,True,True,False
development,2018-06-23,ac5f67109accb482,d80b0bea0e260b95,U-DEC,3,900.0,,3,inferred_from_decision_duration,False,True,True,False
development,2018-06-23,ac5f67109accb482,ab6cd718c5459eeb,SUB,1,164.0,,3,assumed_three_round_early_finish,False,True,False,False
development,2018-06-23,ac5f67109accb482,b125025990755616,KO/TKO,2,585.0,,3,assumed_three_round_early_finish,False,True,False,False
development,2018-06-23,ac5f67109accb482,bb7408d59b7279f7,KO/TKO,2,580.0,,3,assumed_three_round_early_finish,False,True,False,False
development,2018-06-23,ac5f67109accb482,c5c5f678558a0ba2,KO/TKO,2,599.0,,3,assumed_three_round_early_finish,False,True,False,False
development,2018-06-23,ac5f67109accb482,8167bd097a16062f,KO/TKO,1,208.0,,3,assumed_three_round_early_finish,False,True,False,False
development,2018-06-23,ac5f67109accb482,484c48d3723e72cd,U-DEC,3,900.0,,3,inferred_from_decision_duration,False,True,True,False
development,2018-06-23,ac5f67109accb482,2242e7df6f320ea6,U-DEC,3,900.0,,3,inferred_from_decision_duration,False,True,True,False
development,2018-06-23,ac5f67109accb482,bb4755924dfafaea,SUB,1,174.0,,3,assumed_three_round_early_finish,False,True,False,False
development,2018-06-23,ac5f67109accb482,28c70663b99560a8,U-DEC,5,1500.0,,5,inferred_from_decision_duration,True,False,True,False
development,2018-07-06,8215e4fe24e8e81b,363b72bf7f75091c,SUB,2,595.0,,3,assumed_three_round_early_finish,False,True,False,False
development,2018-07-06,8215e4fe24e8e81b,4d549f33c0711a7a,S-DEC,3,900.0,,3,inferred_from_decision_duration,False,True,True,False
development,2018-07-06,8215e4fe24e8e81b,ca3963b76a38c408,M-DEC,3,900.0,,3,inferred_from_decision_duration,False,True,True,False
development,2018-07-06,8215e4fe24e8e81b,9fc03704a10977b3,M-DEC,3,900.0,,3,inferred_from_decision_duration,False,True,True,False
development,2018-07-06,8215e4fe24e8e81b,4caa0dcdaa253612,SUB,1,212.0,,3,assumed_three_round_early_finish,False,True,False,False
development,2018-07-06,8215e4fe24e8e81b,b3caae587e956f54,SUB,3,861.0,,3,assumed_three_round_early_finish,False,True,False,False
development,2018-07-06,8215e4fe24e8e81b,760b90b0805e0fbf,S-DEC,3,900.0,,3,inferred_from_decision_duration,False,True,True,False
development,2018-07-06,8215e4fe24e8e81b,7c2b219fe208c565,KO/TKO,2,512.0,,3,assumed_three_round_early_finish,False,True,False,False
development,2018-07-06,8215e4fe24e8e81b,674f3fa16e717ff1,S-DEC,3,900.0,,3,inferred_from_decision_duration,False,True,True,False
development,2018-07-06,8215e4fe24e8e81b,1901d27ea35ae733,U-DEC,3,900.0,,3,inferred_from_decision_duration,False,True,True,False
development,2018-07-06,8215e4fe24e8e81b,1d8e2e8e3bd28cad,S-DEC,3,900.0,,3,inferred_from_decision_duration,False,True,True,False
development,2018-07-06,8215e4fe24e8e81b,247f9e56965a1c07,U-DEC,5,1500.0,,5,inferred_from_decision_duration,True,False,True,False
development,2018-07-07,35585d970300d45a,c931097a857ed60c,U-DEC,3,900.0,,3,inferred_from_decision_duration,False,True,True,False
development,2018-07-07,35585d970300d45a,bd97a96ac8203457,KO/TKO,1,148.0,,3,assumed_three_round_early_finish,False,True,False,False
development,2018-07-07,35585d970300d45a,9589b41c4637b057,U-DEC,3,900.0,,3,inferred_from_decision_duration,False,True,True,False
development,2018-07-07,35585d970300d45a,2817a6f9e09eb15f,U-DEC,3,900.0,,3,inferred_from_decision_duration,False,True,True,False
development,2018-07-07,35585d970300d45a,148c26038e80465b,U-DEC,3,900.0,,3,inferred_from_decision_duration,False,True,True,False
development,2018-07-07,35585d970300d45a,c9e4aa12aaa7309e,KO/TKO,2,458.0,,3,assumed_three_round_early_finish,False,True,False,False
development,2018-07-07,35585d970300d45a,55bd050afe169b34,KO/TKO,1,96.0,,3,assumed_three_round_early_finish,False,True,False,False
development,2018-07-07,35585d970300d45a,d3f26e0fbf694375,SUB,2,352.0,,3,assumed_three_round_early_finish,False,True,False,False
development,2018-07-07,35585d970300d45a,7a3947a0e7bc3558,S-DEC,3,900.0,,3,inferred_from_decision_duration,False,True,True,False
development,2018-07-07,35585d970300d45a,9bd9a8127b55fbf7,U-DEC,3,900.0,,3,inferred_from_decision_duration,False,True,True,False
development,2018-07-07,35585d970300d45a,fccedc456048216b,KO/TKO,1,273.0,,3,assumed_three_round_early_finish,False,True,False,False
development,2018-07-14,b45d6b73f4ca4467,7fe2b6a9fc4748fa,U-DEC,3,900.0,,3,inferred_from_decision_duration,False,True,True,False
development,2018-07-14,b45d6b73f4ca4467,c1677875a80c2584,SUB,2,420.0,,3,assumed_three_round_early_finish,False,True,False,False
development,2018-07-14,b45d6b73f4ca4467,cda0d9b5ce9b9c12,U-DEC,3,900.0,,3,inferred_from_decision_duration,False,True,True,False
development,2018-07-14,b45d6b73f4ca4467,66ba984cc547e31a,KO/TKO,3,689.0,,3,assumed_three_round_early_finish,False,True,False,False
development,2018-07-14,b45d6b73f4ca4467,48d21357134ca51a,S-DEC,3,900.0,,3,inferred_from_decision_duration,False,True,True,False
development,2018-07-14,b45d6b73f4ca4467,67018331e90a9949,U-DEC,3,900.0,,3,inferred_from_decision_duration,False,True,True,False
development,2018-07-14,b45d6b73f4ca4467,b25eacaca1499e30,U-DEC,3,900.0,,3,inferred_from_decision_duration,False,True,True,False
development,2018-07-14,b45d6b73f4ca4467,691c0d2f30e4de5a,U-DEC,3,900.0,,3,inferred_from_decision_duration,False,True,True,False
development,2018-07-14,b45d6b73f4ca4467,c3939438ae7934df,KO/TKO,1,172.0,,3,assumed_three_round_early_finish,False,True,False,False
development,2018-07-14,b45d6b73f4ca4467,a3dd2249d046cf9d,KO/TKO,2,369.0,,3,assumed_three_round_early_finish,False,True,False,False
development,2018-07-14,b45d6b73f4ca4467,786296db3c4749f1,S-DEC,3,900.0,,3,inferred_from_decision_duration,False,True,True,False
development,2018-07-14,b45d6b73f4ca4467,543de77637ad2a20,KO/TKO,2,493.0,,3,assumed_three_round_early_finish,False,True,False,False
development,2018-07-14,b45d6b73f4ca4467,35ebaf80f8730b14,U-DEC,5,1500.0,,5,inferred_from_decision_duration,True,False,True,False
development,2018-07-22,4f732e58ed907eff,43af04881587abbc,U-DEC,3,900.0,,3,inferred_from_decision_duration,False,True,True,False
development,2018-07-22,4f732e58ed907eff,981ed463bf5d91a8,KO/TKO,1,193.0,,3,assumed_three_round_early_finish,False,True,False,False
development,2018-07-22,4f732e58ed907eff,110a49a43aafe044,SUB,1,59.0,,3,assumed_three_round_early_finish,False,True,False,False
development,2018-07-22,4f732e58ed907eff,afb0d61f22e85d90,U-DEC,3,900.0,,3,inferred_from_decision_duration,False,True,True,False
development,2018-07-22,4f732e58ed907eff,b71192c8fe23078c,U-DEC,3,900.0,,3,inferred_from_decision_duration,False,True,True,False
development,2018-07-22,4f732e58ed907eff,e8190df7465ba2df,U-DEC,3,900.0,,3,inferred_from_decision_duration,False,True,True,False
development,2018-07-22,4f732e58ed907eff,3ce7f58911773a56,S-DEC,3,900.0,,3,inferred_from_decision_duration,False,True,True,False
development,2018-07-22,4f732e58ed907eff,4f16ef3e707447a0,U-DEC,3,900.0,,3,inferred_from_decision_duration,False,True,True,False
development,2018-07-22,4f732e58ed907eff,23e03d226eb7af80,S-DEC,3,900.0,,3,inferred_from_decision_duration,False,True,True,False
development,2018-07-22,4f732e58ed907eff,8784ae31153178cd,U-DEC,3,900.0,,3,inferred_from_decision_duration,False,True,True,False
development,2018-07-22,4f732e58ed907eff,20bbf7e139c73e8d,U-DEC,3,900.0,,3,inferred_from_decision_duration,False,True,True,False
development,2018-07-22,4f732e58ed907eff,e0e19f79019d63d2,U-DEC,3,900.0,,3,inferred_from_decision_duration,False,True,True,False
development,2018-07-22,4f732e58ed907eff,62389e8fb68f93a4,KO/TKO,1,89.0,,3,assumed_three_round_early_finish,False,True,False,False
development,2018-07-28,322a56923b396b4d,62f564662f33692d,KO/TKO,1,112.0,,3,assumed_three_round_early_finish,False,True,False,False
development,2018-07-28,322a56923b396b4d,d441715577c5934c,U-DEC,3,900.0,,3,inferred_from_decision_duration,False,True,True,False
development,2018-07-28,322a56923b396b4d,09ab925c4cfe0cc5,KO/TKO,1,229.0,,3,assumed_three_round_early_finish,False,True,False,False
development,2018-07-28,322a56923b396b4d,c4253cb471013765,U-DEC,3,900.0,,3,inferred_from_decision_duration,False,True,True,False
development,2018-07-28,322a56923b396b4d,3249bbbb7ce837ef,U-DEC,3,900.0,,3,inferred_from_decision_duration,False,True,True,False
development,2018-07-28,322a56923b396b4d,95f37dc43e808ebf,KO/TKO,1,265.0,,3,assumed_three_round_early_finish,False,True,False,False
development,2018-07-28,322a56923b396b4d,e54c16d867875738,SUB,1,283.0,,3,assumed_three_round_early_finish,False,True,False,False
development,2018-07-28,322a56923b396b4d,11c851a73ffb55ba,U-DEC,3,900.0,,3,inferred_from_decision_duration,False,True,True,False
development,2018-07-28,322a56923b396b4d,77be83973766e104,U-DEC,3,900.0,,3,inferred_from_decision_duration,False,True,True,False
development,2018-07-28,322a56923b396b4d,ef2c7bfced561374,U-DEC,3,900.0,,3,inferred_from_decision_duration,False,True,True,False
development,2018-07-28,322a56923b396b4d,0b2ae6c368369d1b,U-DEC,3,900.0,,3,inferred_from_decision_duration,False,True,True,False
development,2018-07-28,322a56923b396b4d,6b47093b62155478,KO/TKO,1,259.0,,3,assumed_three_round_early_finish,False,True,False,False
development,2018-07-28,322a56923b396b4d,bd1fc4ff619f4e61,KO/TKO,2,545.0,,3,assumed_three_round_early_finish,False,True,False,False
development,2018-08-04,03b1e846b09f721d,8e971c1ec4b981cc,KO/TKO,2,593.0,,3,assumed_three_round_early_finish,False,True,False,False
development,2018-08-04,03b1e846b09f721d,5d8a1daadda47ace,U-DEC,3,900.0,,3,inferred_from_decision_duration,False,True,True,False
development,2018-08-04,03b1e846b09f721d,866729ea2ceddb25,KO/TKO,1,226.0,,3,assumed_three_round_early_finish,False,True,False,False
development,2018-08-04,03b1e846b09f721d,e85e83ab4e60e768,U-DEC,3,900.0,,3,inferred_from_decision_duration,False,True,True,False
development,2018-08-04,03b1e846b09f721d,65223fa6055df489,S-DEC,3,900.0,,3,inferred_from_decision_duration,False,True,True,False
development,2018-08-04,03b1e846b09f721d,e57a78a422439774,U-DEC,3,900.0,,3,inferred_from_decision_duration,False,True,True,False
development,2018-08-04,03b1e846b09f721d,c8a9d3917d77ede2,U-DEC,3,900.0,,3,inferred_from_decision_duration,False,True,True,False
development,2018-08-04,03b1e846b09f721d,3b03f8d3a55f3cb2,U-DEC,3,900.0,,3,inferred_from_decision_duration,False,True,True,False
development,2018-08-04,03b1e846b09f721d,d2f6b87189908088,U-DEC,3,900.0,,3,inferred_from_decision_duration,False,True,True,False
development,2018-08-04,03b1e846b09f721d,520f6379fefd8fda,SUB,1,255.0,,3,assumed_three_round_early_finish,False,True,False,False
development,2018-08-04,03b1e846b09f721d,f2ca358ea9bec156,S-DEC,5,1500.0,,5,inferred_from_decision_duration,True,False,True,False
development,2018-08-04,03b1e846b09f721d,de32c5a78aaf89e9,KO/TKO,1,250.0,,3,assumed_three_round_early_finish,False,True,False,False
development,2018-08-25,c0342805a1948cbb,5362ea7c63432cf9,SUB,1,91.0,,3,assumed_three_round_early_finish,False,True,False,False
development,2018-08-25,c0342805a1948cbb,047d6739aa1d5c1e,U-DEC,3,900.0,,3,inferred_from_decision_duration,False,True,True,False
development,2018-08-25,c0342805a1948cbb,9115354413739aa8,SUB,1,297.0,,3,assumed_three_round_early_finish,False,True,False,False
development,2018-08-25,c0342805a1948cbb,67e1ec8ee2db3423,SUB,1,69.0,,3,assumed_three_round_early_finish,False,True,False,False
development,2018-08-25,c0342805a1948cbb,5e3779f7c1c39679,U-DEC,3,900.0,,3,inferred_from_decision_duration,False,True,True,False
development,2018-08-25,c0342805a1948cbb,3e0090669d51415f,KO/TKO,2,361.0,,3,assumed_three_round_early_finish,False,True,False,False
development,2018-08-25,c0342805a1948cbb,62fecd327391557e,KO/TKO,2,448.0,,3,assumed_three_round_early_finish,False,True,False,False
development,2018-08-25,c0342805a1948cbb,3b701c0a0525341b,KO/TKO,3,882.0,,3,assumed_three_round_early_finish,False,True,False,False
development,2018-08-25,c0342805a1948cbb,7fe1486a2c33bf91,KO/TKO,2,488.0,,3,assumed_three_round_early_finish,False,True,False,False
development,2018-08-25,c0342805a1948cbb,aa91cb7567d6c48a,KO/TKO,1,146.0,,3,assumed_three_round_early_finish,False,True,False,False
development,2018-08-25,c0342805a1948cbb,f20e742e6b0c0b3b,S-DEC,3,900.0,,3,inferred_from_decision_duration,False,True,True,False
development,2018-08-25,c0342805a1948cbb,48a9d2a3967d13a4,S-DEC,3,900.0,,3,inferred_from_decision_duration,False,True,True,False
development,2018-08-25,c0342805a1948cbb,d6f6ac29008509db,KO/TKO,1,87.0,,3,assumed_three_round_early_finish,False,True,False,False
development,2018-09-08,d5ae8074631762fc,9399c772adc7bcab,S-DEC,3,900.0,,3,inferred_from_decision_duration,False,True,True,False
development,2018-09-08,d5ae8074631762fc,a65909d4083c2088,S-DEC,3,900.0,,3,inferred_from_decision_duration,False,True,True,False
development,2018-09-08,d5ae8074631762fc,e40a5bd62ce710ac,SUB,1,89.0,,3,assumed_three_round_early_finish,False,True,False,False
development,2018-09-08,d5ae8074631762fc,294a9e9780afa789,U-DEC,3,900.0,,3,inferred_from_decision_duration,False,True,True,False
development,2018-09-08,d5ae8074631762fc,7658965c2a700b39,KO/TKO,2,437.0,,3,assumed_three_round_early_finish,False,True,False,False
development,2018-09-08,d5ae8074631762fc,6caf9ebf42ddae2e,KO/TKO,2,383.0,,3,assumed_three_round_early_finish,False,True,False,False
development,2018-09-08,d5ae8074631762fc,e65ffb177a2c7669,SUB,2,522.0,,3,assumed_three_round_early_finish,False,True,False,False
development,2018-09-08,d5ae8074631762fc,fd61e6146f3b2942,KO/TKO,3,873.0,,3,assumed_three_round_early_finish,False,True,False,False
development,2018-09-08,d5ae8074631762fc,f3bebb48771a414a,KO/TKO,1,43.0,,3,assumed_three_round_early_finish,False,True,False,False
development,2018-09-08,d5ae8074631762fc,82342dc6be82778b,U-DEC,3,900.0,,3,inferred_from_decision_duration,False,True,True,False
development,2018-09-08,d5ae8074631762fc,b2625001e0b89369,SUB,2,526.0,,3,assumed_three_round_early_finish,False,True,False,False
development,2018-09-08,d5ae8074631762fc,dbf786f9808c6a08,KO/TKO,1,118.0,,3,assumed_three_round_early_finish,False,True,False,False
development,2018-09-08,d5ae8074631762fc,b66ac52bfb217761,SUB,2,559.0,,3,assumed_three_round_early_finish,False,True,False,False
development,2018-09-15,8d49545dadf9b919,6455d9c54d99b851,U-DEC,3,900.0,,3,inferred_from_decision_duration,False,True,True,False
development,2018-09-15,8d49545dadf9b919,67f559403a6ec7cb,U-DEC,3,900.0,,3,inferred_from_decision_duration,False,True,True,False
development,2018-09-15,8d49545dadf9b919,ed72edc2ce0f3c5f,SUB,2,342.0,,3,assumed_three_round_early_finish,False,True,False,False
development,2018-09-15,8d49545dadf9b919,1687e2cd061b7aec,KO/TKO,1,189.0,,3,assumed_three_round_early_finish,False,True,False,False
development,2018-09-15,8d49545dadf9b919,f56c6646b54c0662,U-DEC,3,900.0,,3,inferred_from_decision_duration,False,True,True,False
development,2018-09-15,8d49545dadf9b919,ba33d0868b25483b,S-DEC,3,900.0,,3,inferred_from_decision_duration,False,True,True,False
development,2018-09-15,8d49545dadf9b919,c76fd2ddcbc4713d,U-DEC,3,900.0,,3,inferred_from_decision_duration,False,True,True,False
development,2018-09-15,8d49545dadf9b919,d40f865aa6be9cd0,KO/TKO,2,600.0,,3,assumed_three_round_early_finish,False,True,False,False
development,2018-09-15,8d49545dadf9b919,dd0a3aedba5cee87,U-DEC,3,900.0,,3,inferred_from_decision_duration,False,True,True,False
development,2018-09-15,8d49545dadf9b919,a7e8416f0d57c8e0,U-DEC,3,900.0,,3,inferred_from_decision_duration,False,True,True,False
development,2018-09-15,8d49545dadf9b919,880f2bb0a639a5a0,SUB,2,461.0,,3,assumed_three_round_early_finish,False,True,False,False
development,2018-09-15,8d49545dadf9b919,eebb4dde70a67369,SUB,1,266.0,,3,assumed_three_round_early_finish,False,True,False,False
development,2018-09-22,852454c572675334,37ff18106c6e38fc,SUB,1,81.0,,3,assumed_three_round_early_finish,False,True,False,False
development,2018-09-22,852454c572675334,1c6d3ef6beb9966e,KO/TKO,2,380.0,,3,assumed_three_round_early_finish,False,True,False,False
development,2018-09-22,852454c572675334,c5479f20e4db357d,U-DEC,3,900.0,,3,inferred_from_decision_duration,False,True,True,False
development,2018-09-22,852454c572675334,0c618cd41b88c558,SUB,1,295.0,,3,assumed_three_round_early_finish,False,True,False,False
development,2018-09-22,852454c572675334,b509c337d181c567,SUB,2,582.0,,3,assumed_three_round_early_finish,False,True,False,False
development,2018-09-22,852454c572675334,d7c7b312279104d2,KO/TKO,3,843.0,,3,assumed_three_round_early_finish,False,True,False,False
development,2018-09-22,852454c572675334,30eaf1650bc359b3,U-DEC,3,900.0,,3,inferred_from_decision_duration,False,True,True,False
development,2018-09-22,852454c572675334,3d9398386c84109b,KO/TKO,2,550.0,,3,assumed_three_round_early_finish,False,True,False,False
development,2018-09-22,852454c572675334,ba766bd03090dab9,SUB,2,502.0,,3,assumed_three_round_early_finish,False,True,False,False
development,2018-09-22,852454c572675334,f4187c30c311eb93,S-DEC,3,900.0,,3,inferred_from_decision_duration,False,True,True,False
development,2018-09-22,852454c572675334,1669773acd404217,KO/TKO,2,360.0,,3,assumed_three_round_early_finish,False,True,False,False
development,2018-09-22,852454c572675334,a409a5381f082e8f,KO/TKO,1,39.0,,3,assumed_three_round_early_finish,False,True,False,False
development,2018-09-22,852454c572675334,7cdda45e7d52bf40,KO/TKO,3,900.0,,3,assumed_three_round_early_finish,False,True,False,False
development,2018-10-06,1ef0eae31904e534,68ba4aca75b02496,KO/TKO,3,660.0,,3,assumed_three_round_early_finish,False,True,False,False
development,2018-10-06,1ef0eae31904e534,9bc042a700d9a531,KO/TKO,2,379.0,,3,assumed_three_round_early_finish,False,True,False,False
development,2018-10-06,1ef0eae31904e534,21be9181725ab599,U-DEC,3,900.0,,3,inferred_from_decision_duration,False,True,True,False
development,2018-10-06,1ef0eae31904e534,c835ccffa472970e,KO/TKO,3,822.0,,3,assumed_three_round_early_finish,False,True,False,False
development,2018-10-06,1ef0eae31904e534,e2e524bb5392a3ea,KO/TKO,1,206.0,,3,assumed_three_round_early_finish,False,True,False,False
development,2018-10-06,1ef0eae31904e534,48ea8a30f7b88cfc,KO/TKO,1,232.0,,3,assumed_three_round_early_finish,False,True,False,False
development,2018-10-06,1ef0eae31904e534,8f5482992dad74d2,U-DEC,3,900.0,,3,inferred_from_decision_duration,False,True,True,False
development,2018-10-06,1ef0eae31904e534,adee1fc200ed1a12,U-DEC,3,900.0,,3,inferred_from_decision_duration,False,True,True,False
development,2018-10-06,1ef0eae31904e534,397ace87deeb8697,KO/TKO,3,889.0,,3,assumed_three_round_early_finish,False,True,False,False
development,2018-10-06,1ef0eae31904e534,3c5442bb62ca1505,U-DEC,3,900.0,,3,inferred_from_decision_duration,False,True,True,False
development,2018-10-06,1ef0eae31904e534,8f6dda53ea3b09c7,KO/TKO,2,600.0,,3,assumed_three_round_early_finish,False,True,False,False
development,2018-10-06,1ef0eae31904e534,3eea92e7f26fb05b,SUB,4,1083.0,,5,inferred_five_round_late_finish,True,False,False,False
development,2018-10-27,33a331684283900f,53bb7c4a606d60c0,U-DEC,3,900.0,,3,inferred_from_decision_duration,False,True,True,False
development,2018-10-27,33a331684283900f,4f42acd810ed5173,U-DEC,3,900.0,,3,inferred_from_decision_duration,False,True,True,False
development,2018-10-27,33a331684283900f,9d204f44a9988b93,KO/TKO,2,314.0,,3,assumed_three_round_early_finish,False,True,False,False
development,2018-10-27,33a331684283900f,8dcfa933877e3a0b,U-DEC,3,900.0,,3,inferred_from_decision_duration,False,True,True,False
development,2018-10-27,33a331684283900f,bd0622b184ab4f28,KO/TKO,1,251.0,,3,assumed_three_round_early_finish,False,True,False,False
development,2018-10-27,33a331684283900f,3d7ea6012fd8f786,U-DEC,3,900.0,,3,inferred_from_decision_duration,False,True,True,False
development,2018-10-27,33a331684283900f,6fd7f6f1deaef4e8,KO/TKO,2,490.0,,3,assumed_three_round_early_finish,False,True,False,False
development,2018-10-27,33a331684283900f,8a08b8043f83d245,U-DEC,3,900.0,,3,inferred_from_decision_duration,False,True,True,False
development,2018-10-27,33a331684283900f,53d6e37063f9c404,S-DEC,3,900.0,,3,inferred_from_decision_duration,False,True,True,False
development,2018-10-27,33a331684283900f,e1eeb61d0669ce45,U-DEC,3,900.0,,3,inferred_from_decision_duration,False,True,True,False
development,2018-10-27,33a331684283900f,a9a770bac1261af9,SUB,1,160.0,,3,assumed_three_round_early_finish,False,True,False,False
development,2018-10-27,33a331684283900f,e202f273220aa533,U-DEC,3,900.0,,3,inferred_from_decision_duration,False,True,True,False
development,2018-10-27,33a331684283900f,96b59d89ecac66d0,SUB,3,866.0,,3,assumed_three_round_early_finish,False,True,False,False
development,2018-11-03,20821819c401ced8,33116969380185a9,U-DEC,3,900.0,,3,inferred_from_decision_duration,False,True,True,False
development,2018-11-03,20821819c401ced8,3729ff914eaede07,SUB,1,131.0,,3,assumed_three_round_early_finish,False,True,False,False
development,2018-11-03,20821819c401ced8,b8b2cdf962cc65a0,KO/TKO,1,92.0,,3,assumed_three_round_early_finish,False,True,False,False
development,2018-11-03,20821819c401ced8,41be95916aef568f,S-DEC,3,900.0,,3,inferred_from_decision_duration,False,True,True,False
development,2018-11-03,20821819c401ced8,752f19e9c201ea57,U-DEC,3,900.0,,3,inferred_from_decision_duration,False,True,True,False
development,2018-11-03,20821819c401ced8,78bb2b441917848c,U-DEC,3,900.0,,3,inferred_from_decision_duration,False,True,True,False
development,2018-11-03,20821819c401ced8,e4e1d12441b90866,KO/TKO,1,291.0,,3,assumed_three_round_early_finish,False,True,False,False
development,2018-11-03,20821819c401ced8,7aede55e4e47c698,U-DEC,3,900.0,,3,inferred_from_decision_duration,False,True,True,False
development,2018-11-03,20821819c401ced8,b4ec3e067604f90a,KO/TKO,2,339.0,,3,assumed_three_round_early_finish,False,True,False,False
development,2018-11-03,20821819c401ced8,c037cdc1de53de8e,KO/TKO,3,766.0,,3,assumed_three_round_early_finish,False,True,False,False
development,2018-11-03,20821819c401ced8,e9700d51ec2b940b,SUB,2,434.0,,3,assumed_three_round_early_finish,False,True,False,False
development,2018-11-10,42c96a9c4802e2e1,38abefbf24624a35,S-DEC,3,900.0,,3,inferred_from_decision_duration,False,True,True,False
development,2018-11-10,42c96a9c4802e2e1,3210723fbb018fa7,S-DEC,3,900.0,,3,inferred_from_decision_duration,False,True,True,False
development,2018-11-10,42c96a9c4802e2e1,79fb77a0b0294aec,KO/TKO,1,46.0,,3,assumed_three_round_early_finish,False,True,False,False
development,2018-11-10,42c96a9c4802e2e1,933cf2674503c63d,SUB,1,117.0,,3,assumed_three_round_early_finish,False,True,False,False
development,2018-11-10,42c96a9c4802e2e1,bd5efa4b53dc1642,S-DEC,3,900.0,,3,inferred_from_decision_duration,False,True,True,False
development,2018-11-10,42c96a9c4802e2e1,2c84f2cb1bb23ab8,S-DEC,3,900.0,,3,inferred_from_decision_duration,False,True,True,False
development,2018-11-10,42c96a9c4802e2e1,17f69a241aa952fd,KO/TKO,2,421.0,,3,assumed_three_round_early_finish,False,True,False,False
development,2018-11-10,42c96a9c4802e2e1,14cf0828d6e373ab,U-DEC,3,900.0,,3,inferred_from_decision_duration,False,True,True,False
development,2018-11-10,42c96a9c4802e2e1,0a667143584a2d96,U-DEC,3,900.0,,3,inferred_from_decision_duration,False,True,True,False
development,2018-11-10,42c96a9c4802e2e1,46cfd4aaa02ce202,SUB,1,286.0,,3,assumed_three_round_early_finish,False,True,False,False
development,2018-11-10,42c96a9c4802e2e1,0ccd16201ac41ef8,KO/TKO,5,1499.0,,5,inferred_five_round_late_finish,True,False,False,False
development,2018-11-17,aa3153a9941b4d44,c7bc8750e9503805,U-DEC,3,900.0,,3,inferred_from_decision_duration,False,True,True,False
development,2018-11-17,aa3153a9941b4d44,9cd172df74575fd4,U-DEC,3,900.0,,3,inferred_from_decision_duration,False,True,True,False
development,2018-11-17,aa3153a9941b4d44,629c0eb319e01374,U-DEC,3,900.0,,3,inferred_from_decision_duration,False,True,True,False
development,2018-11-17,aa3153a9941b4d44,85f85003fadf7a7b,U-DEC,3,900.0,,3,inferred_from_decision_duration,False,True,True,False
development,2018-11-17,aa3153a9941b4d44,961f434fe238f40e,SUB,1,138.0,,3,assumed_three_round_early_finish,False,True,False,False
development,2018-11-17,aa3153a9941b4d44,410aca28fda60f76,SUB,1,62.0,,3,assumed_three_round_early_finish,False,True,False,False
development,2018-11-17,aa3153a9941b4d44,99bfad1679112591,SUB,1,288.0,,3,assumed_three_round_early_finish,False,True,False,False
development,2018-11-17,aa3153a9941b4d44,b9a3b520e68f8142,SUB,2,391.0,,3,assumed_three_round_early_finish,False,True,False,False
development,2018-11-17,aa3153a9941b4d44,3bde8910fabf0dd3,U-DEC,3,900.0,,3,inferred_from_decision_duration,False,True,True,False
development,2018-11-17,aa3153a9941b4d44,51ce499611a5df68,KO/TKO,1,117.0,,3,assumed_three_round_early_finish,False,True,False,False
development,2018-11-17,aa3153a9941b4d44,f9ab603b763998f7,KO/TKO,3,849.0,,3,assumed_three_round_early_finish,False,True,False,False
development,2018-11-17,aa3153a9941b4d44,7e695ad026b2ec66,KO/TKO,4,1056.0,,5,inferred_five_round_late_finish,True,False,False,False
development,2018-11-24,de25520d54eab12d,8c109a0c53ed9618,SUB,2,427.0,,3,assumed_three_round_early_finish,False,True,False,False
development,2018-11-24,de25520d54eab12d,02731f017c838ad4,SUB,3,845.0,,3,assumed_three_round_early_finish,False,True,False,False
development,2018-11-24,de25520d54eab12d,e8093d77f566fe51,U-DEC,3,900.0,,3,inferred_from_decision_duration,False,True,True,False
development,2018-11-24,de25520d54eab12d,43af7c5772e8198f,S-DEC,3,900.0,,3,inferred_from_decision_duration,False,True,True,False
development,2018-11-24,de25520d54eab12d,a932059e61f4c25e,SUB,1,221.0,,3,assumed_three_round_early_finish,False,True,False,False
development,2018-11-24,de25520d54eab12d,438fbdd4cf27e324,U-DEC,3,900.0,,3,inferred_from_decision_duration,False,True,True,False
development,2018-11-24,de25520d54eab12d,d1a93a55c8063ff3,SUB,1,240.0,,3,assumed_three_round_early_finish,False,True,False,False
development,2018-11-24,de25520d54eab12d,9e1853861f58191f,U-DEC,3,900.0,,3,inferred_from_decision_duration,False,True,True,False
development,2018-11-24,de25520d54eab12d,21992c366d3b4602,KO/TKO,3,847.0,,3,assumed_three_round_early_finish,False,True,False,False
development,2018-11-24,de25520d54eab12d,d755a29a49c9ee09,U-DEC,3,900.0,,3,inferred_from_decision_duration,False,True,True,False
development,2018-11-24,de25520d54eab12d,1c43b38c1f4bdbe2,KO/TKO,1,261.0,,3,assumed_three_round_early_finish,False,True,False,False
development,2018-11-24,de25520d54eab12d,12e12307414dafc6,KO/TKO,1,45.0,,3,assumed_three_round_early_finish,False,True,False,False
development,2018-11-30,c7ac79839e86ce33,e3f31cdd33b4ca92,SUB,2,552.0,,3,assumed_three_round_early_finish,False,True,False,False
development,2018-11-30,c7ac79839e86ce33,c7df07266a9597d9,KO/TKO,1,78.0,,3,assumed_three_round_early_finish,False,True,False,False
development,2018-11-30,c7ac79839e86ce33,d2ef04d5f384c05a,SUB,1,290.0,,3,assumed_three_round_early_finish,False,True,False,False
development,2018-11-30,c7ac79839e86ce33,6abf4f61a1e11d34,S-DEC,3,900.0,,3,inferred_from_decision_duration,False,True,True,False
development,2018-11-30,c7ac79839e86ce33,86046081e767437e,SUB,1,134.0,,3,assumed_three_round_early_finish,False,True,False,False
development,2018-11-30,c7ac79839e86ce33,1785c7fb722d3007,KO/TKO,1,259.0,,3,assumed_three_round_early_finish,False,True,False,False
development,2018-11-30,c7ac79839e86ce33,4e6bbc5832e55f64,U-DEC,3,900.0,,3,inferred_from_decision_duration,False,True,True,False
development,2018-11-30,c7ac79839e86ce33,c2fd3d874f558408,U-DEC,3,900.0,,3,inferred_from_decision_duration,False,True,True,False
development,2018-11-30,c7ac79839e86ce33,5b2835ac76f05993,S-DEC,3,900.0,,3,inferred_from_decision_duration,False,True,True,False
development,2018-11-30,c7ac79839e86ce33,aa7d691fc6385acb,KO/TKO,1,159.0,,3,assumed_three_round_early_finish,False,True,False,False
development,2018-11-30,c7ac79839e86ce33,d99b2abf50e9a03e,SUB,2,431.0,,3,assumed_three_round_early_finish,False,True,False,False
development,2018-11-30,c7ac79839e86ce33,cc73c73e6e3412d4,SUB,1,216.0,,3,assumed_three_round_early_finish,False,True,False,False
development,2018-11-30,c7ac79839e86ce33,0d077813b6164fe1,U-DEC,5,1500.0,,5,inferred_from_decision_duration,True,False,True,False
development,2018-12-01,d1d20e651e6cbc02,44c60f91b4f7b23d,U-DEC,3,900.0,,3,inferred_from_decision_duration,False,True,True,False
development,2018-12-01,d1d20e651e6cbc02,69279781a89c893e,U-DEC,3,900.0,,3,inferred_from_decision_duration,False,True,True,False
development,2018-12-01,d1d20e651e6cbc02,c65f4b4c0338d0c1,U-DEC,3,900.0,,3,inferred_from_decision_duration,False,True,True,False
development,2018-12-01,d1d20e651e6cbc02,94dcbc64641cbb6e,S-DEC,3,900.0,,3,inferred_from_decision_duration,False,True,True,False
development,2018-12-01,d1d20e651e6cbc02,fa9ec0b8c4b3a84a,U-DEC,3,900.0,,3,inferred_from_decision_duration,False,True,True,False
development,2018-12-01,d1d20e651e6cbc02,73a299d44d2ef5cd,U-DEC,3,900.0,,3,inferred_from_decision_duration,False,True,True,False
development,2018-12-01,d1d20e651e6cbc02,29f40d82bd128c65,SUB,3,891.0,,3,assumed_three_round_early_finish,False,True,False,False
development,2018-12-01,d1d20e651e6cbc02,0ac4f0c1b4d021f6,KO/TKO,1,134.0,,3,assumed_three_round_early_finish,False,True,False,False
development,2018-12-01,d1d20e651e6cbc02,60cc0ac9ace28324,SUB,3,679.0,,3,assumed_three_round_early_finish,False,True,False,False
development,2018-12-01,d1d20e651e6cbc02,70feb2bfc12b97d4,U-DEC,3,900.0,,3,inferred_from_decision_duration,False,True,True,False
development,2018-12-01,d1d20e651e6cbc02,20063242f6e40d31,KO/TKO,3,643.0,,3,assumed_three_round_early_finish,False,True,False,False
development,2018-12-01,d1d20e651e6cbc02,b6bd31215bd7ec1f,KO/TKO,2,450.0,,3,assumed_three_round_early_finish,False,True,False,False
development,2018-12-08,2a74bbba57058f12,19d1ae54681bc722,KO/TKO,1,245.0,,3,assumed_three_round_early_finish,False,True,False,False
development,2018-12-08,2a74bbba57058f12,fdc97f9b88bdef7d,KO/TKO,2,383.0,,3,assumed_three_round_early_finish,False,True,False,False
development,2018-12-08,2a74bbba57058f12,e909e34cdee01831,KO/TKO,1,97.0,,3,assumed_three_round_early_finish,False,True,False,False
development,2018-12-08,2a74bbba57058f12,41feee2c08af2235,U-DEC,3,900.0,,3,inferred_from_decision_duration,False,True,True,False
development,2018-12-08,2a74bbba57058f12,7d679c16024f6f38,S-DEC,3,900.0,,3,inferred_from_decision_duration,False,True,True,False
development,2018-12-08,2a74bbba57058f12,00b1e95f6aea7027,S-DEC,3,900.0,,3,inferred_from_decision_duration,False,True,True,False
development,2018-12-08,2a74bbba57058f12,1fa8537d3992a09a,U-DEC,3,900.0,,3,inferred_from_decision_duration,False,True,True,False
development,2018-12-08,2a74bbba57058f12,d5577e3272ef3032,U-DEC,3,900.0,,3,inferred_from_decision_duration,False,True,True,False
development,2018-12-08,2a74bbba57058f12,37a7dc68f3a0e65d,KO/TKO,2,341.0,,3,assumed_three_round_early_finish,False,True,False,False
development,2018-12-08,2a74bbba57058f12,e0e22d7bc5a293e8,S-DEC,3,900.0,,3,inferred_from_decision_duration,False,True,True,False
development,2018-12-08,2a74bbba57058f12,3a42dd84680f444b,SUB,2,557.0,,3,assumed_three_round_early_finish,False,True,False,False
development,2018-12-08,2a74bbba57058f12,48a2a476d3b59866,U-DEC,5,1500.0,,5,inferred_from_decision_duration,True,False,True,False
development,2018-12-08,2a74bbba57058f12,4e55251b7a0df0c2,KO/TKO,4,1200.0,,5,inferred_five_round_late_finish,True,False,False,False
development,2018-12-15,7a703c565ccaa18f,c4f443509308dec6,KO/TKO,3,658.0,,3,assumed_three_round_early_finish,False,True,False,False
development,2018-12-15,7a703c565ccaa18f,05f1e8ff81dbe05b,KO/TKO,1,179.0,,3,assumed_three_round_early_finish,False,True,False,False
development,2018-12-15,7a703c565ccaa18f,1b6e5363eb81c409,U-DEC,3,900.0,,3,inferred_from_decision_duration,False,True,True,False
development,2018-12-15,7a703c565ccaa18f,bf41783b9446891e,U-DEC,3,900.0,,3,inferred_from_decision_duration,False,True,True,False
development,2018-12-15,7a703c565ccaa18f,986f0b480389ad25,SUB,1,265.0,,3,assumed_three_round_early_finish,False,True,False,False
development,2018-12-15,7a703c565ccaa18f,92fd2127f46b0cb7,KO/TKO,3,759.0,,3,assumed_three_round_early_finish,False,True,False,False
development,2018-12-15,7a703c565ccaa18f,b69d3d55c84f5dd6,U-DEC,3,900.0,,3,inferred_from_decision_duration,False,True,True,False
development,2018-12-15,7a703c565ccaa18f,c0ab927864bb6e98,S-DEC,3,900.0,,3,inferred_from_decision_duration,False,True,True,False
development,2018-12-15,7a703c565ccaa18f,f3e289f1423c0e6f,SUB,1,75.0,,3,assumed_three_round_early_finish,False,True,False,False
development,2018-12-15,7a703c565ccaa18f,4da4c5ef6a4ffc5b,U-DEC,3,900.0,,3,inferred_from_decision_duration,False,True,True,False
development,2018-12-15,7a703c565ccaa18f,920b6f739a36e721,KO/TKO,3,739.0,,3,assumed_three_round_early_finish,False,True,False,False
development,2018-12-15,7a703c565ccaa18f,b9c82dfde8b66e37,U-DEC,5,1500.0,,5,inferred_from_decision_duration,True,False,True,False
development,2018-12-29,c046100aea0dba9a,8ce926b4d38a55a0,SUB,1,100.0,,3,assumed_three_round_early_finish,False,True,False,False
development,2018-12-29,c046100aea0dba9a,3f5a623cf360c494,U-DEC,3,900.0,,3,inferred_from_decision_duration,False,True,True,False
development,2018-12-29,c046100aea0dba9a,4de25b19c4dedb14,KO/TKO,3,692.0,,3,assumed_three_round_early_finish,False,True,False,False
development,2018-12-29,c046100aea0dba9a,61bf6748cf85eb84,SUB,3,852.0,,3,assumed_three_round_early_finish,False,True,False,False
development,2018-12-29,c046100aea0dba9a,bd7a8c6c74655afc,SUB,1,166.0,,3,assumed_three_round_early_finish,False,True,False,False
development,2018-12-29,c046100aea0dba9a,498e7b0800af226c,KO/TKO,2,600.0,,3,assumed_three_round_early_finish,False,True,False,False
development,2018-12-29,c046100aea0dba9a,b0e16dd491bc4fea,KO/TKO,1,61.0,,3,assumed_three_round_early_finish,False,True,False,False
development,2018-12-29,c046100aea0dba9a,a5ea53104392fa9f,KO/TKO,2,554.0,,3,assumed_three_round_early_finish,False,True,False,False
development,2018-12-29,c046100aea0dba9a,9ee818e10dcf3b45,U-DEC,3,900.0,,3,inferred_from_decision_duration,False,True,True,False
development,2018-12-29,c046100aea0dba9a,1ca41d3b11d88b36,SUB,2,356.0,,3,assumed_three_round_early_finish,False,True,False,False
development,2018-12-29,c046100aea0dba9a,3278e45b30f7dd33,KO/TKO,1,51.0,,3,assumed_three_round_early_finish,False,True,False,False
development,2018-12-29,c046100aea0dba9a,ceaae1db8ccde29c,KO/TKO,3,722.0,,3,assumed_three_round_early_finish,False,True,False,False
development,2019-01-19,d4da8995fc91e7ef,e76227f395b94e47,SUB,1,145.0,,3,assumed_three_round_early_finish,False,True,False,False
development,2019-01-19,d4da8995fc91e7ef,2cc1fe3570999428,U-DEC,3,900.0,,3,inferred_from_decision_duration,False,True,True,False
development,2019-01-19,d4da8995fc91e7ef,2ea1f463620bcd3d,U-DEC,3,900.0,,3,inferred_from_decision_duration,False,True,True,False
development,2019-01-19,d4da8995fc91e7ef,efbab76bedbfb65d,SUB,1,211.0,,3,assumed_three_round_early_finish,False,True,False,False
development,2019-01-19,d4da8995fc91e7ef,8a9c8f1d53d8c664,KO/TKO,1,236.0,,3,assumed_three_round_early_finish,False,True,False,False
development,2019-01-19,d4da8995fc91e7ef,77c6a6f33289b872,U-DEC,3,900.0,,3,inferred_from_decision_duration,False,True,True,False
development,2019-01-19,d4da8995fc91e7ef,3dd0951b8855137d,KO/TKO,2,523.0,,3,assumed_three_round_early_finish,False,True,False,False
development,2019-01-19,d4da8995fc91e7ef,5d1f24e034772338,SUB,1,201.0,,3,assumed_three_round_early_finish,False,True,False,False
development,2019-01-19,d4da8995fc91e7ef,7ddd21d48e3b34b9,SUB,2,410.0,,3,assumed_three_round_early_finish,False,True,False,False
development,2019-01-19,d4da8995fc91e7ef,4738cd4cd8d33eeb,U-DEC,3,900.0,,3,inferred_from_decision_duration,False,True,True,False
development,2019-01-19,d4da8995fc91e7ef,0261adcfc6e49150,KO/TKO,2,599.0,,3,assumed_three_round_early_finish,False,True,False,False
development,2019-01-19,d4da8995fc91e7ef,8da2c348ba6001a0,DQ,2,448.0,,3,assumed_three_round_early_finish,False,True,False,False
development,2019-01-19,d4da8995fc91e7ef,85511ab7fd9ed061,KO/TKO,1,32.0,,3,assumed_three_round_early_finish,False,True,False,False
development,2019-02-02,84283233ec42be5f,8f8a6c578308d014,S-DEC,3,900.0,,3,inferred_from_decision_duration,False,True,True,False
development,2019-02-02,84283233ec42be5f,9192053a3884aadf,KO/TKO,1,148.0,,3,assumed_three_round_early_finish,False,True,False,False
development,2019-02-02,84283233ec42be5f,818456a713fdabe6,U-DEC,3,900.0,,3,inferred_from_decision_duration,False,True,True,False
development,2019-02-02,84283233ec42be5f,491b7d974254596d,KO/TKO,2,354.0,,3,assumed_three_round_early_finish,False,True,False,False
development,2019-02-02,84283233ec42be5f,59097097bc09cdef,S-DEC,3,900.0,,3,inferred_from_decision_duration,False,True,True,False
development,2019-02-02,84283233ec42be5f,904e0e46392dff93,S-DEC,3,900.0,,3,inferred_from_decision_duration,False,True,True,False
development,2019-02-02,84283233ec42be5f,ebb685a81f65ce1b,SUB,2,367.0,,3,assumed_three_round_early_finish,False,True,False,False
development,2019-02-02,84283233ec42be5f,53abea410a0541c8,S-DEC,3,900.0,,3,inferred_from_decision_duration,False,True,True,False
development,2019-02-02,84283233ec42be5f,44cfd4330eb6e2bf,KO/TKO,1,15.0,,3,assumed_three_round_early_finish,False,True,False,False
development,2019-02-02,84283233ec42be5f,85036b967403cdab,SUB,2,355.0,,3,assumed_three_round_early_finish,False,True,False,False
development,2019-02-02,84283233ec42be5f,ce246b336b6bd638,SUB,1,158.0,,3,assumed_three_round_early_finish,False,True,False,False
development,2019-02-02,84283233ec42be5f,300f1489174a3ece,KO/TKO,2,344.0,,3,assumed_three_round_early_finish,False,True,False,False
development,2019-02-02,84283233ec42be5f,4e8b2357fea211e9,SUB,1,197.0,,3,assumed_three_round_early_finish,False,True,False,False
development,2019-02-09,b5882371e2a3900d,8e43d61ca6f2d904,U-DEC,3,900.0,,3,inferred_from_decision_duration,False,True,True,False
development,2019-02-09,b5882371e2a3900d,11c0ef97497303ef,KO/TKO,1,53.0,,3,assumed_three_round_early_finish,False,True,False,False
development,2019-02-09,b5882371e2a3900d,b247a1900cfae052,SUB,1,239.0,,3,assumed_three_round_early_finish,False,True,False,False
development,2019-02-09,b5882371e2a3900d,51db35a3cf225bda,S-DEC,3,900.0,,3,inferred_from_decision_duration,False,True,True,False
development,2019-02-09,b5882371e2a3900d,49f7186e1e3cf6c8,U-DEC,3,900.0,,3,inferred_from_decision_duration,False,True,True,False
development,2019-02-09,b5882371e2a3900d,5ff8463edf8155c0,KO/TKO,1,233.0,,3,assumed_three_round_early_finish,False,True,False,False
development,2019-02-09,b5882371e2a3900d,e4862c4f20117cb8,KO/TKO,1,169.0,,3,assumed_three_round_early_finish,False,True,False,False
development,2019-02-09,b5882371e2a3900d,fd1854062406d287,SUB,2,457.0,,3,assumed_three_round_early_finish,False,True,False,False
development,2019-02-09,b5882371e2a3900d,069e3e704cbf6337,U-DEC,3,900.0,,3,inferred_from_decision_duration,False,True,True,False
development,2019-02-09,b5882371e2a3900d,aa71cf96ba4e5a36,SUB,1,295.0,,3,assumed_three_round_early_finish,False,True,False,False
development,2019-02-09,b5882371e2a3900d,4eb91cfc892a108e,U-DEC,3,900.0,,3,inferred_from_decision_duration,False,True,True,False
development,2019-02-17,a7a79b8efbceaaac,a9184def876faec6,SUB,1,61.0,,3,assumed_three_round_early_finish,False,True,False,False
development,2019-02-17,a7a79b8efbceaaac,7fec3b1ec923ad24,KO/TKO,2,361.0,,3,assumed_three_round_early_finish,False,True,False,False
development,2019-02-17,a7a79b8efbceaaac,f96f719ad667dd96,U-DEC,3,900.0,,3,inferred_from_decision_duration,False,True,True,False
development,2019-02-17,a7a79b8efbceaaac,bdeca00572419011,U-DEC,3,900.0,,3,inferred_from_decision_duration,False,True,True,False
development,2019-02-17,a7a79b8efbceaaac,0d698108c5f5d1d6,SUB,1,189.0,,3,assumed_three_round_early_finish,False,True,False,False
development,2019-02-17,a7a79b8efbceaaac,58e21d505c082a9e,U-DEC,3,900.0,,3,inferred_from_decision_duration,False,True,True,False
development,2019-02-17,a7a79b8efbceaaac,0a4247ba4ae1cca5,U-DEC,3,900.0,,3,inferred_from_decision_duration,False,True,True,False
development,2019-02-17,a7a79b8efbceaaac,1521f94cafdfd783,KO/TKO,3,894.0,,3,assumed_three_round_early_finish,False,True,False,False
development,2019-02-17,a7a79b8efbceaaac,c8bc7e668ffffc7c,SUB,1,126.0,,3,assumed_three_round_early_finish,False,True,False,False
development,2019-02-17,a7a79b8efbceaaac,354425c41008a01f,U-DEC,3,900.0,,3,inferred_from_decision_duration,False,True,True,False
development,2019-02-17,a7a79b8efbceaaac,a212e4c197983ad1,U-DEC,3,900.0,,3,inferred_from_decision_duration,False,True,True,False
development,2019-02-17,a7a79b8efbceaaac,01983cba42704c49,KO/TKO,1,26.0,,3,assumed_three_round_early_finish,False,True,False,False
development,2019-02-23,6546af7ab545b90c,e4b13f7f43018ec0,U-DEC,3,900.0,,3,inferred_from_decision_duration,False,True,True,False
development,2019-02-23,6546af7ab545b90c,9af62d6e404c1002,U-DEC,3,900.0,,3,inferred_from_decision_duration,False,True,True,False
development,2019-02-23,6546af7ab545b90c,c77486266b05f934,U-DEC,3,900.0,,3,inferred_from_decision_duration,False,True,True,False
development,2019-02-23,6546af7ab545b90c,18d6df67968bf06b,KO/TKO,2,423.0,,3,assumed_three_round_early_finish,False,True,False,False
development,2019-02-23,6546af7ab545b90c,4e22e3cdb8757be1,SUB,2,507.0,,3,assumed_three_round_early_finish,False,True,False,False
development,2019-02-23,6546af7ab545b90c,c827f5212a34bf2e,SUB,2,370.0,,3,assumed_three_round_early_finish,False,True,False,False
development,2019-02-23,6546af7ab545b90c,fd438db3e60f062a,KO/TKO,1,299.0,,3,assumed_three_round_early_finish,False,True,False,False
development,2019-02-23,6546af7ab545b90c,14c505d7ad55883c,U-DEC,3,900.0,,3,inferred_from_decision_duration,False,True,True,False
development,2019-02-23,6546af7ab545b90c,244aa8f002274344,U-DEC,3,900.0,,3,inferred_from_decision_duration,False,True,True,False
development,2019-02-23,6546af7ab545b90c,1db00b3e736c22bf,U-DEC,3,900.0,,3,inferred_from_decision_duration,False,True,True,False
development,2019-02-23,6546af7ab545b90c,34c649f3f43a919b,KO/TKO,1,94.0,,3,assumed_three_round_early_finish,False,True,False,False
development,2019-02-23,6546af7ab545b90c,4de28817db9fc9d8,SUB,2,441.0,,3,assumed_three_round_early_finish,False,True,False,False
development,2019-02-23,6546af7ab545b90c,cb010b41cd20a1ed,KO/TKO,3,639.0,,3,assumed_three_round_early_finish,False,True,False,False
development,2019-03-02,2d5fbe2103f97053,0405e4446e8f239a,S-DEC,3,900.0,,3,inferred_from_decision_duration,False,True,True,False
development,2019-03-02,2d5fbe2103f97053,8adc6266a7c2fd40,KO/TKO,1,109.0,,3,assumed_three_round_early_finish,False,True,False,False
development,2019-03-02,2d5fbe2103f97053,7a26c9407ef64e10,KO/TKO,1,38.0,,3,assumed_three_round_early_finish,False,True,False,False
development,2019-03-02,2d5fbe2103f97053,e3826e06d68ed4af,KO/TKO,2,553.0,,3,assumed_three_round_early_finish,False,True,False,False
development,2019-03-02,2d5fbe2103f97053,3744d4cdaa6b242b,U-DEC,3,900.0,,3,inferred_from_decision_duration,False,True,True,False
development,2019-03-02,2d5fbe2103f97053,7adaf85915993137,KO/TKO,1,36.0,,3,assumed_three_round_early_finish,False,True,False,False
development,2019-03-02,2d5fbe2103f97053,bac3ac8d7330d05d,U-DEC,3,900.0,,3,inferred_from_decision_duration,False,True,True,False
development,2019-03-02,2d5fbe2103f97053,39fa341fb9161d6f,KO/TKO,1,292.0,,3,assumed_three_round_early_finish,False,True,False,False
development,2019-03-02,2d5fbe2103f97053,ec149b086b0e7fac,U-DEC,3,900.0,,3,inferred_from_decision_duration,False,True,True,False
development,2019-03-02,2d5fbe2103f97053,97dabff880f33202,SUB,1,200.0,,3,assumed_three_round_early_finish,False,True,False,False
development,2019-03-02,2d5fbe2103f97053,851645c373f50e16,U-DEC,5,1500.0,,5,inferred_from_decision_duration,True,False,True,False
development,2019-03-02,2d5fbe2103f97053,5b9f545890407976,U-DEC,5,1500.0,,5,inferred_from_decision_duration,True,False,True,False
development,2019-03-09,e96d8538d3f9d0ed,6c9bf1d285cf5dd4,U-DEC,3,900.0,,3,inferred_from_decision_duration,False,True,True,False
development,2019-03-09,e96d8538d3f9d0ed,583f2c3cd0e2385b,KO/TKO,1,214.0,,3,assumed_three_round_early_finish,False,True,False,False
development,2019-03-09,e96d8538d3f9d0ed,858696528ab7035a,SUB,1,198.0,,3,assumed_three_round_early_finish,False,True,False,False
development,2019-03-09,e96d8538d3f9d0ed,b776b08e2cc6aa0c,S-DEC,3,900.0,,3,inferred_from_decision_duration,False,True,True,False
development,2019-03-09,e96d8538d3f9d0ed,ddcfa590f4644240,U-DEC,3,900.0,,3,inferred_from_decision_duration,False,True,True,False
development,2019-03-09,e96d8538d3f9d0ed,fb34734f84d0a14d,U-DEC,3,900.0,,3,inferred_from_decision_duration,False,True,True,False
development,2019-03-09,e96d8538d3f9d0ed,51808d929c84b8ae,U-DEC,3,900.0,,3,inferred_from_decision_duration,False,True,True,False
development,2019-03-09,e96d8538d3f9d0ed,aaad7e29825b3264,U-DEC,3,900.0,,3,inferred_from_decision_duration,False,True,True,False
development,2019-03-09,e96d8538d3f9d0ed,9cfad21ef1911728,SUB,2,581.0,,3,assumed_three_round_early_finish,False,True,False,False
development,2019-03-09,e96d8538d3f9d0ed,4b1606ab1893c242,U-DEC,3,900.0,,3,inferred_from_decision_duration,False,True,True,False
development,2019-03-09,e96d8538d3f9d0ed,aeb0322f619213b1,KO/TKO,1,290.0,,3,assumed_three_round_early_finish,False,True,False,False
development,2019-03-09,e96d8538d3f9d0ed,710c7f8c7dc2af46,SUB,1,155.0,,3,assumed_three_round_early_finish,False,True,False,False
development,2019-03-09,e96d8538d3f9d0ed,1b1792afe4457e83,KO/TKO,2,418.0,,3,assumed_three_round_early_finish,False,True,False,False
development,2019-03-16,80eacd4da0617c57,9763e27bf80abe42,KO/TKO,2,582.0,,3,assumed_three_round_early_finish,False,True,False,False
development,2019-03-16,80eacd4da0617c57,a2f4acc81f7886a2,U-DEC,3,900.0,,3,inferred_from_decision_duration,False,True,True,False
development,2019-03-16,80eacd4da0617c57,bcef35d6e0964f01,SUB,1,77.0,,3,assumed_three_round_early_finish,False,True,False,False
development,2019-03-16,80eacd4da0617c57,6ada4f4286e4261d,U-DEC,3,900.0,,3,inferred_from_decision_duration,False,True,True,False
development,2019-03-16,80eacd4da0617c57,44ab00737c3fb890,U-DEC,3,900.0,,3,inferred_from_decision_duration,False,True,True,False
development,2019-03-16,80eacd4da0617c57,8cc4c597aecbfef5,U-DEC,3,900.0,,3,inferred_from_decision_duration,False,True,True,False
development,2019-03-16,80eacd4da0617c57,437c6e18f41287f1,S-DEC,3,900.0,,3,inferred_from_decision_duration,False,True,True,False
development,2019-03-16,80eacd4da0617c57,8a8190f3f71408a4,SUB,3,757.0,,3,assumed_three_round_early_finish,False,True,False,False
development,2019-03-16,80eacd4da0617c57,40687c9412e0c279,SUB,2,466.0,,3,assumed_three_round_early_finish,False,True,False,False
development,2019-03-16,80eacd4da0617c57,826fb989c0e6208e,S-DEC,3,900.0,,3,inferred_from_decision_duration,False,True,True,False
development,2019-03-16,80eacd4da0617c57,e068f14acd47ed69,S-DEC,3,900.0,,3,inferred_from_decision_duration,False,True,True,False
development,2019-03-16,80eacd4da0617c57,c6dd17ab89437805,KO/TKO,2,485.0,,3,assumed_three_round_early_finish,False,True,False,False
development,2019-03-23,487c170da059857d,469fba0129c95278,U-DEC,3,900.0,,3,inferred_from_decision_duration,False,True,True,False
development,2019-03-23,487c170da059857d,0717bc30025f3656,U-DEC,3,900.0,,3,inferred_from_decision_duration,False,True,True,False
development,2019-03-23,487c170da059857d,0f9679fda36f7f41,SUB,1,264.0,,3,assumed_three_round_early_finish,False,True,False,False
development,2019-03-23,487c170da059857d,8d70694ceeb0dc9a,U-DEC,3,900.0,,3,inferred_from_decision_duration,False,True,True,False
development,2019-03-23,487c170da059857d,971b3d35c302cf8f,KO/TKO,1,85.0,,3,assumed_three_round_early_finish,False,True,False,False
development,2019-03-23,487c170da059857d,721b23d896a44e2e,U-DEC,3,900.0,,3,inferred_from_decision_duration,False,True,True,False
development,2019-03-23,487c170da059857d,55b53fdad307b708,KO/TKO,2,481.0,,3,assumed_three_round_early_finish,False,True,False,False
development,2019-03-23,487c170da059857d,3812b265afd78186,U-DEC,3,900.0,,3,inferred_from_decision_duration,False,True,True,False
development,2019-03-23,487c170da059857d,eb096b0196a7ff65,U-DEC,3,900.0,,3,inferred_from_decision_duration,False,True,True,False
development,2019-03-23,487c170da059857d,ced0e31df74f27d6,U-DEC,3,900.0,,3,inferred_from_decision_duration,False,True,True,False
development,2019-03-23,487c170da059857d,9532ebf4d9405e65,U-DEC,3,900.0,,3,inferred_from_decision_duration,False,True,True,False
development,2019-03-23,487c170da059857d,56ae02578b1163ee,KO/TKO,2,595.0,,3,assumed_three_round_early_finish,False,True,False,False
development,2019-03-30,9649d75defe0dedb,3db15d45e8490c22,U-DEC,3,900.0,,3,inferred_from_decision_duration,False,True,True,False
development,2019-03-30,9649d75defe0dedb,b695fc80bd538172,U-DEC,3,900.0,,3,inferred_from_decision_duration,False,True,True,False
development,2019-03-30,9649d75defe0dedb,93a081342561d0c3,U-DEC,3,900.0,,3,inferred_from_decision_duration,False,True,True,False
development,2019-03-30,9649d75defe0dedb,7dc3ada8f2135477,S-DEC,3,900.0,,3,inferred_from_decision_duration,False,True,True,False
development,2019-03-30,9649d75defe0dedb,6173056f0e080ca6,U-DEC,3,900.0,,3,inferred_from_decision_duration,False,True,True,False
development,2019-03-30,9649d75defe0dedb,b7ff74563d034519,KO/TKO,1,172.0,,3,assumed_three_round_early_finish,False,True,False,False
development,2019-03-30,9649d75defe0dedb,f5a038c18f7a44fc,U-DEC,3,900.0,,3,inferred_from_decision_duration,False,True,True,False
development,2019-03-30,9649d75defe0dedb,818b55b087013e64,U-DEC,3,900.0,,3,inferred_from_decision_duration,False,True,True,False
development,2019-03-30,9649d75defe0dedb,1d8ee477e682a8fc,SUB,3,860.0,,3,assumed_three_round_early_finish,False,True,False,False
development,2019-03-30,9649d75defe0dedb,b70e72f23446520a,U-DEC,3,900.0,,3,inferred_from_decision_duration,False,True,True,False
development,2019-03-30,9649d75defe0dedb,5c70b175f08ca141,KO/TKO,3,854.0,,3,assumed_three_round_early_finish,False,True,False,False
development,2019-03-30,9649d75defe0dedb,a0163cdde4ec785d,SUB,1,49.0,,3,assumed_three_round_early_finish,False,True,False,False
development,2019-03-30,9649d75defe0dedb,b309cdde35310875,KO/TKO,1,150.0,,3,assumed_three_round_early_finish,False,True,False,False
development,2019-04-13,b0550072e5f0afa7,79da0eacafb22f86,SUB,2,372.0,,3,assumed_three_round_early_finish,False,True,False,False
development,2019-04-13,b0550072e5f0afa7,75e580d5ea37c519,U-DEC,3,900.0,,3,inferred_from_decision_duration,False,True,True,False
development,2019-04-13,b0550072e5f0afa7,8da5849a6e7307bf,U-DEC,3,900.0,,3,inferred_from_decision_duration,False,True,True,False
development,2019-04-13,b0550072e5f0afa7,23fd92555246d61e,U-DEC,3,900.0,,3,inferred_from_decision_duration,False,True,True,False
development,2019-04-13,b0550072e5f0afa7,2456c4550c26e5e8,KO/TKO,1,25.0,,3,assumed_three_round_early_finish,False,True,False,False
development,2019-04-13,b0550072e5f0afa7,bf719cf83cab229b,M-DEC,3,900.0,,3,inferred_from_decision_duration,False,True,True,False
development,2019-04-13,b0550072e5f0afa7,c6b040021b4ceb0f,KO/TKO,1,178.0,,3,assumed_three_round_early_finish,False,True,False,False
development,2019-04-13,b0550072e5f0afa7,31b283a5559ad44d,U-DEC,3,900.0,,3,inferred_from_decision_duration,False,True,True,False
development,2019-04-13,b0550072e5f0afa7,d22c19fd92426567,SUB,2,450.0,,3,assumed_three_round_early_finish,False,True,False,False
development,2019-04-13,b0550072e5f0afa7,7dc87736c304b3dd,S-DEC,3,900.0,,3,inferred_from_decision_duration,False,True,True,False
development,2019-04-13,b0550072e5f0afa7,e0d92694d8a2d38b,U-DEC,3,900.0,,3,inferred_from_decision_duration,False,True,True,False
development,2019-04-13,b0550072e5f0afa7,9bfda7c26578aaac,U-DEC,5,1500.0,,5,inferred_from_decision_duration,True,False,True,False
development,2019-04-13,b0550072e5f0afa7,87126427cfcaee52,U-DEC,5,1500.0,,5,inferred_from_decision_duration,True,False,True,False
development,2019-04-20,7dcf06c1967801c1,75bc89630027c601,KO/TKO,1,86.0,,3,assumed_three_round_early_finish,False,True,False,False
development,2019-04-20,7dcf06c1967801c1,56f984ac83fb34cc,KO/TKO,1,44.0,,3,assumed_three_round_early_finish,False,True,False,False
development,2019-04-20,7dcf06c1967801c1,0bc7e4852f75a06d,KO/TKO,2,495.0,,3,assumed_three_round_early_finish,False,True,False,False
development,2019-04-20,7dcf06c1967801c1,d9a797f632686568,SUB,2,490.0,,3,assumed_three_round_early_finish,False,True,False,False
development,2019-04-20,7dcf06c1967801c1,23ba354e606df0ac,U-DEC,3,900.0,,3,inferred_from_decision_duration,False,True,True,False
development,2019-04-20,7dcf06c1967801c1,1b4374c9d7e5139c,U-DEC,3,900.0,,3,inferred_from_decision_duration,False,True,True,False
development,2019-04-20,7dcf06c1967801c1,e458ace6a440b738,U-DEC,3,900.0,,3,inferred_from_decision_duration,False,True,True,False
development,2019-04-20,7dcf06c1967801c1,a40c70d5a1a1be01,S-DEC,3,900.0,,3,inferred_from_decision_duration,False,True,True,False
development,2019-04-20,7dcf06c1967801c1,2a2b00e9bfd089cc,KO/TKO,1,66.0,,3,assumed_three_round_early_finish,False,True,False,False
development,2019-04-20,7dcf06c1967801c1,103a7d8c4f17714b,U-DEC,3,900.0,,3,inferred_from_decision_duration,False,True,True,False
development,2019-04-20,7dcf06c1967801c1,470a3c1b89504258,KO/TKO,1,285.0,,3,assumed_three_round_early_finish,False,True,False,False
development,2019-04-27,c912f676692c353a,7c13de66ce543d84,S-DEC,3,900.0,,3,inferred_from_decision_duration,False,True,True,False
development,2019-04-27,c912f676692c353a,c300085cc08357b5,U-DEC,3,900.0,,3,inferred_from_decision_duration,False,True,True,False
development,2019-04-27,c912f676692c353a,3b6c18a966a2cea4,SUB,1,132.0,,3,assumed_three_round_early_finish,False,True,False,False
development,2019-04-27,c912f676692c353a,c2bcdcc472228768,SUB,2,555.0,,3,assumed_three_round_early_finish,False,True,False,False
development,2019-04-27,c912f676692c353a,f08ccad48500eb2b,U-DEC,3,900.0,,3,inferred_from_decision_duration,False,True,True,False
development,2019-04-27,c912f676692c353a,3256d907f58af95e,S-DEC,3,900.0,,3,inferred_from_decision_duration,False,True,True,False
development,2019-04-27,c912f676692c353a,80e68a6453e15ab9,KO/TKO,2,378.0,,3,assumed_three_round_early_finish,False,True,False,False
development,2019-04-27,c912f676692c353a,721d870849de4a57,U-DEC,3,900.0,,3,inferred_from_decision_duration,False,True,True,False
development,2019-04-27,c912f676692c353a,bcb697c4317f0997,S-DEC,3,900.0,,3,inferred_from_decision_duration,False,True,True,False
development,2019-04-27,c912f676692c353a,bda97d9a44a89d52,SUB,2,517.0,,3,assumed_three_round_early_finish,False,True,False,False
development,2019-04-27,c912f676692c353a,3286d8406eff5c85,U-DEC,3,900.0,,3,inferred_from_decision_duration,False,True,True,False
development,2019-04-27,c912f676692c353a,c68e57c19c82d500,KO/TKO,1,135.0,,3,assumed_three_round_early_finish,False,True,False,False
development,2019-04-27,c912f676692c353a,f0ca713121289d24,U-DEC,5,1500.0,,5,inferred_from_decision_duration,True,False,True,False
development,2019-05-04,351264d11286d09a,16a05f3c4a765f65,U-DEC,3,900.0,,3,inferred_from_decision_duration,False,True,True,False
development,2019-05-04,351264d11286d09a,0bc354fbb6e99ab6,U-DEC,3,900.0,,3,inferred_from_decision_duration,False,True,True,False
development,2019-05-04,351264d11286d09a,a3731057c8775716,SUB,3,796.0,,3,assumed_three_round_early_finish,False,True,False,False
development,2019-05-04,351264d11286d09a,003c84fc7c3fa028,U-DEC,3,900.0,,3,inferred_from_decision_duration,False,True,True,False
development,2019-05-04,351264d11286d09a,c936527df280b8b4,U-DEC,3,900.0,,3,inferred_from_decision_duration,False,True,True,False
development,2019-05-04,351264d11286d09a,3011439ecaf74180,KO/TKO,2,442.0,,3,assumed_three_round_early_finish,False,True,False,False
development,2019-05-04,351264d11286d09a,a6cc776330194937,U-DEC,3,900.0,,3,inferred_from_decision_duration,False,True,True,False
development,2019-05-04,351264d11286d09a,e939acbd9894c686,KO/TKO,1,50.0,,3,assumed_three_round_early_finish,False,True,False,False
development,2019-05-04,351264d11286d09a,e6b2d6d33968c66c,U-DEC,3,900.0,,3,inferred_from_decision_duration,False,True,True,False
development,2019-05-04,351264d11286d09a,feaf740e3ae53b7c,S-DEC,3,900.0,,3,inferred_from_decision_duration,False,True,True,False
development,2019-05-04,351264d11286d09a,ad59540382d5b7f6,U-DEC,3,900.0,,3,inferred_from_decision_duration,False,True,True,False
development,2019-05-04,351264d11286d09a,73eff675e2aae30c,U-DEC,5,1500.0,,5,inferred_from_decision_duration,True,False,True,False
development,2019-05-11,9de7c97e1c0d7927,e4bbec619aa04dea,KO/TKO,3,648.0,,3,assumed_three_round_early_finish,False,True,False,False
development,2019-05-11,9de7c97e1c0d7927,1218cba28d4dce94,KO/TKO,2,589.0,,3,assumed_three_round_early_finish,False,True,False,False
development,2019-05-11,9de7c97e1c0d7927,707cb14717df5960,U-DEC,3,900.0,,3,inferred_from_decision_duration,False,True,True,False
development,2019-05-11,9de7c97e1c0d7927,0febad4c4a3d69fc,U-DEC,3,900.0,,3,inferred_from_decision_duration,False,True,True,False
development,2019-05-11,9de7c97e1c0d7927,2b038a467a89c73c,KO/TKO,3,853.0,,3,assumed_three_round_early_finish,False,True,False,False
development,2019-05-11,9de7c97e1c0d7927,017c090e9e8d2957,U-DEC,3,900.0,,3,inferred_from_decision_duration,False,True,True,False
development,2019-05-11,9de7c97e1c0d7927,413a4c217ee0193f,KO/TKO,1,127.0,,3,assumed_three_round_early_finish,False,True,False,False
development,2019-05-11,9de7c97e1c0d7927,8cf4836e2b43c241,SUB,3,804.0,,3,assumed_three_round_early_finish,False,True,False,False
development,2019-05-11,9de7c97e1c0d7927,3d941525f5c623e3,U-DEC,3,900.0,,3,inferred_from_decision_duration,False,True,True,False
development,2019-05-11,9de7c97e1c0d7927,7b53967f282a0d0a,U-DEC,3,900.0,,3,inferred_from_decision_duration,False,True,True,False
development,2019-05-11,9de7c97e1c0d7927,a08dffad240dc3d4,KO/TKO,1,287.0,,3,assumed_three_round_early_finish,False,True,False,False
development,2019-05-11,9de7c97e1c0d7927,07c00213ec388e07,KO/TKO,2,478.0,,3,assumed_three_round_early_finish,False,True,False,False
development,2019-05-18,6b8f28da9a483049,115fa6f5f3e51bbb,KO/TKO,3,709.0,,3,assumed_three_round_early_finish,False,True,False,False
development,2019-05-18,6b8f28da9a483049,35f80e003d16a439,SUB,3,841.0,,3,assumed_three_round_early_finish,False,True,False,False
development,2019-05-18,6b8f28da9a483049,f27e8d63f526d326,KO/TKO,1,219.0,,3,assumed_three_round_early_finish,False,True,False,False
development,2019-05-18,6b8f28da9a483049,476a6245b43f3119,SUB,2,447.0,,3,assumed_three_round_early_finish,False,True,False,False
development,2019-05-18,6b8f28da9a483049,04c9ebe419195f8b,KO/TKO,1,107.0,,3,assumed_three_round_early_finish,False,True,False,False
development,2019-05-18,6b8f28da9a483049,031647c36d12788f,U-DEC,3,900.0,,3,inferred_from_decision_duration,False,True,True,False
development,2019-05-18,6b8f28da9a483049,1f5178fe56c5423f,U-DEC,3,900.0,,3,inferred_from_decision_duration,False,True,True,False
development,2019-05-18,6b8f28da9a483049,65c1ca715dfdbe05,U-DEC,3,900.0,,3,inferred_from_decision_duration,False,True,True,False
development,2019-05-18,6b8f28da9a483049,5782666ca117fa5b,KO/TKO,2,431.0,,3,assumed_three_round_early_finish,False,True,False,False
development,2019-05-18,6b8f28da9a483049,083a6edd8bb21bc8,KO/TKO,1,232.0,,3,assumed_three_round_early_finish,False,True,False,False
development,2019-05-18,6b8f28da9a483049,4fe799b4fa1afb76,SUB,1,204.0,,3,assumed_three_round_early_finish,False,True,False,False
development,2019-05-18,6b8f28da9a483049,9fb9af6599d67b1d,U-DEC,3,900.0,,3,inferred_from_decision_duration,False,True,True,False
development,2019-05-18,6b8f28da9a483049,d401522de73b7bee,SUB,4,1127.0,,5,inferred_five_round_late_finish,True,False,False,False
development,2019-06-01,cbc071cb20ea59c7,a4e210bcdcc1bf5b,KO/TKO,2,442.0,,3,assumed_three_round_early_finish,False,True,False,False
development,2019-06-01,cbc071cb20ea59c7,a072481f307dc8aa,U-DEC,3,900.0,,3,inferred_from_decision_duration,False,True,True,False
development,2019-06-01,cbc071cb20ea59c7,b58972ad7dcf65e6,SUB,2,419.0,,3,assumed_three_round_early_finish,False,True,False,False
development,2019-06-01,cbc071cb20ea59c7,fedb6a1b15b05694,KO/TKO,2,596.0,,3,assumed_three_round_early_finish,False,True,False,False
development,2019-06-01,cbc071cb20ea59c7,e1bd72aba46f46a1,KO/TKO,1,137.0,,3,assumed_three_round_early_finish,False,True,False,False
development,2019-06-01,cbc071cb20ea59c7,f993be991eea6016,U-DEC,3,900.0,,3,inferred_from_decision_duration,False,True,True,False
development,2019-06-01,cbc071cb20ea59c7,93330422e1f2e0be,U-DEC,3,900.0,,3,inferred_from_decision_duration,False,True,True,False
development,2019-06-01,cbc071cb20ea59c7,c53cb796b4a4cdb8,U-DEC,3,900.0,,3,inferred_from_decision_duration,False,True,True,False
development,2019-06-01,cbc071cb20ea59c7,a5acaa5f693529dd,U-DEC,3,900.0,,3,inferred_from_decision_duration,False,True,True,False
development,2019-06-01,cbc071cb20ea59c7,2ca4a039c07acd38,SUB,2,565.0,,3,assumed_three_round_early_finish,False,True,False,False
development,2019-06-01,cbc071cb20ea59c7,138c8807fef52564,KO/TKO,1,47.0,,3,assumed_three_round_early_finish,False,True,False,False
development,2019-06-01,cbc071cb20ea59c7,4f9939af9a1d40a3,SUB,4,1058.0,,5,inferred_five_round_late_finish,True,False,False,False
development,2019-06-08,e31502e3f79d00c5,82eb6fa58ae52428,U-DEC,3,900.0,,3,inferred_from_decision_duration,False,True,True,False
development,2019-06-08,e31502e3f79d00c5,aa430402314b4459,KO/TKO,2,587.0,,3,assumed_three_round_early_finish,False,True,False,False
development,2019-06-08,e31502e3f79d00c5,a255ed658a2ac9bb,U-DEC,3,900.0,,3,inferred_from_decision_duration,False,True,True,False
development,2019-06-08,e31502e3f79d00c5,97c76d44699f7c93,U-DEC,3,900.0,,3,inferred_from_decision_duration,False,True,True,False
development,2019-06-08,e31502e3f79d00c5,bf2a9732af50c84c,KO/TKO,1,246.0,,3,assumed_three_round_early_finish,False,True,False,False
development,2019-06-08,e31502e3f79d00c5,a4446299c1f85d74,U-DEC,3,900.0,,3,inferred_from_decision_duration,False,True,True,False
development,2019-06-08,e31502e3f79d00c5,17753b728e5404aa,U-DEC,3,900.0,,3,inferred_from_decision_duration,False,True,True,False
development,2019-06-08,e31502e3f79d00c5,56403d0fd259c5d9,U-DEC,3,900.0,,3,inferred_from_decision_duration,False,True,True,False
development,2019-06-08,e31502e3f79d00c5,cd2ceb5530529c9f,U-DEC,3,900.0,,3,inferred_from_decision_duration,False,True,True,False
development,2019-06-08,e31502e3f79d00c5,fe0c844a671dd6d8,U-DEC,3,900.0,,3,inferred_from_decision_duration,False,True,True,False
development,2019-06-08,e31502e3f79d00c5,323dc938d93a849b,KO/TKO,2,600.0,,3,assumed_three_round_early_finish,False,True,False,False
development,2019-06-08,e31502e3f79d00c5,4127b45c3d546eef,KO/TKO,2,326.0,,3,assumed_three_round_early_finish,False,True,False,False
development,2019-06-08,e31502e3f79d00c5,cf4199c8517bc1fd,KO/TKO,3,891.0,,3,assumed_three_round_early_finish,False,True,False,False
development,2019-06-22,b16a7e6a627e9789,f81f8cfe30e0a1e9,U-DEC,3,900.0,,3,inferred_from_decision_duration,False,True,True,False
development,2019-06-22,b16a7e6a627e9789,fa98e2b8dceca9bb,U-DEC,3,900.0,,3,inferred_from_decision_duration,False,True,True,False
development,2019-06-22,b16a7e6a627e9789,e4559c3cce6edec1,KO/TKO,1,9.0,,3,assumed_three_round_early_finish,False,True,False,False
development,2019-06-22,b16a7e6a627e9789,ab4862ea4cbd0750,KO/TKO,3,674.0,,3,assumed_three_round_early_finish,False,True,False,False
development,2019-06-22,b16a7e6a627e9789,6e9cf53cd87e1b7e,U-DEC,3,900.0,,3,inferred_from_decision_duration,False,True,True,False
development,2019-06-22,b16a7e6a627e9789,f047e3605f8852d8,U-DEC,3,900.0,,3,inferred_from_decision_duration,False,True,True,False
development,2019-06-22,b16a7e6a627e9789,b1da312483a974b3,U-DEC,3,900.0,,3,inferred_from_decision_duration,False,True,True,False
development,2019-06-22,b16a7e6a627e9789,13129c1f044fdd47,U-DEC,3,900.0,,3,inferred_from_decision_duration,False,True,True,False
development,2019-06-22,b16a7e6a627e9789,8f1b727757a60c07,U-DEC,3,900.0,,3,inferred_from_decision_duration,False,True,True,False
development,2019-06-22,b16a7e6a627e9789,4096b302747d47b3,KO/TKO,3,774.0,,3,assumed_three_round_early_finish,False,True,False,False
development,2019-06-22,b16a7e6a627e9789,aec1339028f3416c,KO/TKO,1,58.0,,3,assumed_three_round_early_finish,False,True,False,False
development,2019-06-29,c0c1bc0766df4c00,9ba051e0f5674108,KO/TKO,1,218.0,,3,assumed_three_round_early_finish,False,True,False,False
development,2019-06-29,c0c1bc0766df4c00,e460bf4db340ca9e,SUB,2,430.0,,3,assumed_three_round_early_finish,False,True,False,False
development,2019-06-29,c0c1bc0766df4c00,7ce7075951c9aa31,KO/TKO,3,642.0,,3,assumed_three_round_early_finish,False,True,False,False
development,2019-06-29,c0c1bc0766df4c00,3f8c6e31ebbe54bc,U-DEC,3,900.0,,3,inferred_from_decision_duration,False,True,True,False
development,2019-06-29,c0c1bc0766df4c00,c0982b3919cc74f0,KO/TKO,1,78.0,,3,assumed_three_round_early_finish,False,True,False,False
development,2019-06-29,c0c1bc0766df4c00,8f5d5dd10a167cc0,U-DEC,3,900.0,,3,inferred_from_decision_duration,False,True,True,False
development,2019-06-29,c0c1bc0766df4c00,c770192a9f3261cd,KO/TKO,1,199.0,,3,assumed_three_round_early_finish,False,True,False,False
development,2019-06-29,c0c1bc0766df4c00,966bf043577f8b6a,KO/TKO,1,67.0,,3,assumed_three_round_early_finish,False,True,False,False
development,2019-06-29,c0c1bc0766df4c00,2b01da1699f0305f,U-DEC,3,900.0,,3,inferred_from_decision_duration,False,True,True,False
development,2019-06-29,c0c1bc0766df4c00,5fcf65d4de66c970,M-DEC,3,900.0,,3,inferred_from_decision_duration,False,True,True,False
development,2019-06-29,c0c1bc0766df4c00,2418af6da44fd361,KO/TKO,2,587.0,,3,assumed_three_round_early_finish,False,True,False,False
development,2019-06-29,c0c1bc0766df4c00,4e71dbef18157288,KO/TKO,1,71.0,,3,assumed_three_round_early_finish,False,True,False,False
development,2019-07-06,6c9383ffab2725a5,934b44ddcb3d95e6,U-DEC,3,900.0,,3,inferred_from_decision_duration,False,True,True,False
development,2019-07-06,6c9383ffab2725a5,f6a03399c7a721cd,U-DEC,3,900.0,,3,inferred_from_decision_duration,False,True,True,False
development,2019-07-06,6c9383ffab2725a5,e9f00c16810e0e61,SUB,1,72.0,,3,assumed_three_round_early_finish,False,True,False,False
development,2019-07-06,6c9383ffab2725a5,00f4b6184f6315d0,KO/TKO,1,124.0,,3,assumed_three_round_early_finish,False,True,False,False
development,2019-07-06,6c9383ffab2725a5,7fe0cec2b0f1c146,U-DEC,3,900.0,,3,inferred_from_decision_duration,False,True,True,False
development,2019-07-06,6c9383ffab2725a5,7dc551f8153bd053,SUB,2,505.0,,3,assumed_three_round_early_finish,False,True,False,False
development,2019-07-06,6c9383ffab2725a5,c48af5eafb532d0a,U-DEC,3,900.0,,3,inferred_from_decision_duration,False,True,True,False
development,2019-07-06,6c9383ffab2725a5,feaffeb1af7e82ef,U-DEC,3,900.0,,3,inferred_from_decision_duration,False,True,True,False
development,2019-07-06,6c9383ffab2725a5,531d9676d767da66,KO/TKO,2,399.0,,3,assumed_three_round_early_finish,False,True,False,False
development,2019-07-06,6c9383ffab2725a5,70af72a72b31fe4d,KO/TKO,1,5.0,,3,assumed_three_round_early_finish,False,True,False,False
development,2019-07-06,6c9383ffab2725a5,69c06be4f87ccdab,KO/TKO,1,250.0,,3,assumed_three_round_early_finish,False,True,False,False
development,2019-07-06,6c9383ffab2725a5,8fcdfee81cc604e3,S-DEC,5,1500.0,,5,inferred_from_decision_duration,True,False,True,False
development,2019-07-13,2f8f3c69522db931,358468724d7d4322,U-DEC,3,900.0,,3,inferred_from_decision_duration,False,True,True,False
development,2019-07-13,2f8f3c69522db931,2d42ef44ad2470e1,U-DEC,3,900.0,,3,inferred_from_decision_duration,False,True,True,False
development,2019-07-13,2f8f3c69522db931,ad63c30e22e63344,KO/TKO,3,834.0,,3,assumed_three_round_early_finish,False,True,False,False
development,2019-07-13,2f8f3c69522db931,37a8c442fb38db75,U-DEC,3,900.0,,3,inferred_from_decision_duration,False,True,True,False
development,2019-07-13,2f8f3c69522db931,60be02c5566c8348,U-DEC,3,900.0,,3,inferred_from_decision_duration,False,True,True,False
development,2019-07-13,2f8f3c69522db931,b436dda934059631,KO/TKO,1,187.0,,3,assumed_three_round_early_finish,False,True,False,False
development,2019-07-13,2f8f3c69522db931,9b0de83b4e504bf6,U-DEC,3,900.0,,3,inferred_from_decision_duration,False,True,True,False
development,2019-07-13,2f8f3c69522db931,a7cf716f5d73b558,S-DEC,3,900.0,,3,inferred_from_decision_duration,False,True,True,False
development,2019-07-13,2f8f3c69522db931,138cb102906573f2,KO/TKO,1,265.0,,3,assumed_three_round_early_finish,False,True,False,False
development,2019-07-13,2f8f3c69522db931,75b1533cc3cafae9,KO/TKO,1,46.0,,3,assumed_three_round_early_finish,False,True,False,False
development,2019-07-13,2f8f3c69522db931,edc87836fd998929,KO/TKO,1,16.0,,3,assumed_three_round_early_finish,False,True,False,False
development,2019-07-20,9e0f28d1f639ad73,c5259566abc552b1,S-DEC,3,900.0,,3,inferred_from_decision_duration,False,True,True,False
development,2019-07-20,9e0f28d1f639ad73,24bcade0007c2246,U-DEC,3,900.0,,3,inferred_from_decision_duration,False,True,True,False
development,2019-07-20,9e0f28d1f639ad73,bc01ce748a5723df,U-DEC,3,900.0,,3,inferred_from_decision_duration,False,True,True,False
development,2019-07-20,9e0f28d1f639ad73,dd51d1aed9536da6,U-DEC,3,900.0,,3,inferred_from_decision_duration,False,True,True,False
development,2019-07-20,9e0f28d1f639ad73,f711b3ec6bc3c407,U-DEC,3,900.0,,3,inferred_from_decision_duration,False,True,True,False
development,2019-07-20,9e0f28d1f639ad73,017e0b7e864b0aa3,S-DEC,3,900.0,,3,inferred_from_decision_duration,False,True,True,False
development,2019-07-20,9e0f28d1f639ad73,96d33e46267d4eaf,U-DEC,3,900.0,,3,inferred_from_decision_duration,False,True,True,False
development,2019-07-20,9e0f28d1f639ad73,f065dc596a08a258,U-DEC,3,900.0,,3,inferred_from_decision_duration,False,True,True,False
development,2019-07-20,9e0f28d1f639ad73,c92308bbd6107b11,U-DEC,3,900.0,,3,inferred_from_decision_duration,False,True,True,False
development,2019-07-20,9e0f28d1f639ad73,9d6b46a3cf5ec494,KO/TKO,1,153.0,,3,assumed_three_round_early_finish,False,True,False,False
development,2019-07-20,9e0f28d1f639ad73,88b1d4f951070f83,KO/TKO,1,45.0,,3,assumed_three_round_early_finish,False,True,False,False
development,2019-07-20,9e0f28d1f639ad73,15ce105716441c54,KO/TKO,1,12.0,,3,assumed_three_round_early_finish,False,True,False,False
development,2019-07-20,9e0f28d1f639ad73,816662e622987a14,U-DEC,5,1500.0,,5,inferred_from_decision_duration,True,False,True,False
development,2019-07-27,abcf7e55a0a9ed89,d47fd8fc3886f86c,U-DEC,3,900.0,,3,inferred_from_decision_duration,False,True,True,False
development,2019-07-27,abcf7e55a0a9ed89,68c77a11b2d308dd,KO/TKO,2,553.0,,3,assumed_three_round_early_finish,False,True,False,False
development,2019-07-27,abcf7e55a0a9ed89,bc1787883f9328be,U-DEC,3,900.0,,3,inferred_from_decision_duration,False,True,True,False
development,2019-07-27,abcf7e55a0a9ed89,25c4013fc187762a,SUB,3,797.0,,3,assumed_three_round_early_finish,False,True,False,False
development,2019-07-27,abcf7e55a0a9ed89,10b31e991c2d0d4e,KO/TKO,3,849.0,,3,assumed_three_round_early_finish,False,True,False,False
development,2019-07-27,abcf7e55a0a9ed89,dfa2fda311df08cf,U-DEC,3,900.0,,3,inferred_from_decision_duration,False,True,True,False
development,2019-07-27,abcf7e55a0a9ed89,dbca9f6bb7290c0d,S-DEC,3,900.0,,3,inferred_from_decision_duration,False,True,True,False
development,2019-07-27,abcf7e55a0a9ed89,7ed98f8d1ffae082,U-DEC,3,900.0,,3,inferred_from_decision_duration,False,True,True,False
development,2019-07-27,abcf7e55a0a9ed89,e186bd5e556f1b5e,KO/TKO,2,459.0,,3,assumed_three_round_early_finish,False,True,False,False
development,2019-07-27,abcf7e55a0a9ed89,240e9389cca3bd18,U-DEC,3,900.0,,3,inferred_from_decision_duration,False,True,True,False
development,2019-07-27,abcf7e55a0a9ed89,c4704eab5e2f51b8,U-DEC,5,1500.0,,5,inferred_from_decision_duration,True,False,True,False
development,2019-08-03,03da33a102d9a45f,94560d1dc6248347,U-DEC,3,900.0,,3,inferred_from_decision_duration,False,True,True,False
development,2019-08-03,03da33a102d9a45f,f6ab2eec90980ac0,SUB,1,155.0,,3,assumed_three_round_early_finish,False,True,False,False
development,2019-08-03,03da33a102d9a45f,e3acb789f7dcd34c,KO/TKO,3,706.0,,3,assumed_three_round_early_finish,False,True,False,False
development,2019-08-03,03da33a102d9a45f,60162c95d921d1ae,SUB,1,83.0,,3,assumed_three_round_early_finish,False,True,False,False
development,2019-08-03,03da33a102d9a45f,326de7f7ec9e7035,SUB,2,380.0,,3,assumed_three_round_early_finish,False,True,False,False
development,2019-08-03,03da33a102d9a45f,f4bd11655adeb078,U-DEC,3,900.0,,3,inferred_from_decision_duration,False,True,True,False
development,2019-08-03,03da33a102d9a45f,cd6b799ec79c489a,U-DEC,3,900.0,,3,inferred_from_decision_duration,False,True,True,False
development,2019-08-03,03da33a102d9a45f,1d9f862a47540785,KO/TKO,2,600.0,,3,assumed_three_round_early_finish,False,True,False,False
development,2019-08-03,03da33a102d9a45f,dc49373c52eedaa3,SUB,3,709.0,,3,assumed_three_round_early_finish,False,True,False,False
development,2019-08-03,03da33a102d9a45f,dbbd17b6995f014b,KO/TKO,2,336.0,,3,assumed_three_round_early_finish,False,True,False,False
development,2019-08-03,03da33a102d9a45f,e96d929f8207a3e0,SUB,1,58.0,,3,assumed_three_round_early_finish,False,True,False,False
development,2019-08-03,03da33a102d9a45f,e139628170777bef,U-DEC,5,1500.0,,5,inferred_from_decision_duration,True,False,True,False
development,2019-08-10,e5d03e4d966126bd,494042bf96730bc0,SUB,1,69.0,,3,assumed_three_round_early_finish,False,True,False,False
development,2019-08-10,e5d03e4d966126bd,975159720cfd0103,U-DEC,3,900.0,,3,inferred_from_decision_duration,False,True,True,False
development,2019-08-10,e5d03e4d966126bd,4c489b3c9d14cbc9,S-DEC,3,900.0,,3,inferred_from_decision_duration,False,True,True,False
development,2019-08-10,e5d03e4d966126bd,cb4dd24535ef2d94,KO/TKO,1,176.0,,3,assumed_three_round_early_finish,False,True,False,False
development,2019-08-10,e5d03e4d966126bd,d93b589bcec80ffe,U-DEC,3,900.0,,3,inferred_from_decision_duration,False,True,True,False
development,2019-08-10,e5d03e4d966126bd,1d8a86d37c7ef3d3,SUB,1,252.0,,3,assumed_three_round_early_finish,False,True,False,False
development,2019-08-10,e5d03e4d966126bd,1019f2a9c012e949,U-DEC,3,900.0,,3,inferred_from_decision_duration,False,True,True,False
development,2019-08-10,e5d03e4d966126bd,4dd3035430a5ed43,S-DEC,3,900.0,,3,inferred_from_decision_duration,False,True,True,False
development,2019-08-10,e5d03e4d966126bd,8da94b2c1c0443d4,SUB,2,566.0,,3,assumed_three_round_early_finish,False,True,False,False
development,2019-08-10,e5d03e4d966126bd,f7cce33f6563dd72,KO/TKO,2,571.0,,3,assumed_three_round_early_finish,False,True,False,False
development,2019-08-10,e5d03e4d966126bd,aef94727eb3897df,U-DEC,3,900.0,,3,inferred_from_decision_duration,False,True,True,False
development,2019-08-10,e5d03e4d966126bd,7feadf01c5920285,S-DEC,3,900.0,,3,inferred_from_decision_duration,False,True,True,False
development,2019-08-10,e5d03e4d966126bd,9d80bd1f92d23dfa,U-DEC,5,1500.0,,5,inferred_from_decision_duration,True,False,True,False
development,2019-08-17,70167689d6a01793,51f955029dbf6978,U-DEC,3,900.0,,3,inferred_from_decision_duration,False,True,True,False
development,2019-08-17,70167689d6a01793,445d0d44091b902a,S-DEC,3,900.0,,3,inferred_from_decision_duration,False,True,True,False
development,2019-08-17,70167689d6a01793,8ebd6e9d41a51e31,U-DEC,3,900.0,,3,inferred_from_decision_duration,False,True,True,False
development,2019-08-17,70167689d6a01793,29de6ddc42a2e674,U-DEC,3,900.0,,3,inferred_from_decision_duration,False,True,True,False
development,2019-08-17,70167689d6a01793,25e1d17d072227c6,U-DEC,3,900.0,,3,inferred_from_decision_duration,False,True,True,False
development,2019-08-17,70167689d6a01793,fba7d6a42f137938,U-DEC,3,900.0,,3,inferred_from_decision_duration,False,True,True,False
development,2019-08-17,70167689d6a01793,2671de30a1736f51,KO/TKO,1,255.0,,3,assumed_three_round_early_finish,False,True,False,False
development,2019-08-17,70167689d6a01793,2eb56023c4a54504,U-DEC,3,900.0,,3,inferred_from_decision_duration,False,True,True,False
development,2019-08-17,70167689d6a01793,ea43a5fe4ff9a3c4,KO/TKO,1,254.0,,3,assumed_three_round_early_finish,False,True,False,False
development,2019-08-17,70167689d6a01793,3e16a71836e85212,U-DEC,3,900.0,,3,inferred_from_decision_duration,False,True,True,False
development,2019-08-17,70167689d6a01793,f2ce79565c0820dd,U-DEC,3,900.0,,3,inferred_from_decision_duration,False,True,True,False
development,2019-08-17,70167689d6a01793,6921344f8e706d0f,KO/TKO,4,1149.0,,5,inferred_five_round_late_finish,True,False,False,False
development,2019-08-31,2c104b7e59a72629,a072be4f806d360f,S-DEC,3,900.0,,3,inferred_from_decision_duration,False,True,True,False
development,2019-08-31,2c104b7e59a72629,2e001d8c2f6106fc,U-DEC,3,900.0,,3,inferred_from_decision_duration,False,True,True,False
development,2019-08-31,2c104b7e59a72629,060dfbc982c6c4ef,U-DEC,3,900.0,,3,inferred_from_decision_duration,False,True,True,False
development,2019-08-31,2c104b7e59a72629,5ff390f7bbf2bec8,SUB,3,719.0,,3,assumed_three_round_early_finish,False,True,False,False
development,2019-08-31,2c104b7e59a72629,09b91014bd88f815,U-DEC,3,900.0,,3,inferred_from_decision_duration,False,True,True,False
development,2019-08-31,2c104b7e59a72629,8182dbc752c71137,SUB,2,579.0,,3,assumed_three_round_early_finish,False,True,False,False
development,2019-08-31,2c104b7e59a72629,5f900e4437e079b3,S-DEC,3,900.0,,3,inferred_from_decision_duration,False,True,True,False
development,2019-08-31,2c104b7e59a72629,676561d9690ce31d,U-DEC,3,900.0,,3,inferred_from_decision_duration,False,True,True,False
development,2019-08-31,2c104b7e59a72629,b07188063c49b755,U-DEC,3,900.0,,3,inferred_from_decision_duration,False,True,True,False
development,2019-08-31,2c104b7e59a72629,55480808b1fa1f9c,KO/TKO,3,891.0,,3,assumed_three_round_early_finish,False,True,False,False
development,2019-08-31,2c104b7e59a72629,357cf8a9b6737625,KO/TKO,1,42.0,,3,assumed_three_round_early_finish,False,True,False,False
development,2019-09-07,a79bfbc01b2264d6,84d4b658851b7e0e,U-DEC,3,900.0,,3,inferred_from_decision_duration,False,True,True,False
development,2019-09-07,a79bfbc01b2264d6,9a46f95c1c1e57f0,U-DEC,3,900.0,,3,inferred_from_decision_duration,False,True,True,False
development,2019-09-07,a79bfbc01b2264d6,43496ff308e681a0,KO/TKO,1,266.0,,3,assumed_three_round_early_finish,False,True,False,False
development,2019-09-07,a79bfbc01b2264d6,18aff757c54687f1,SUB,3,715.0,,3,assumed_three_round_early_finish,False,True,False,False
development,2019-09-07,a79bfbc01b2264d6,2c7b788effdc1b4c,KO/TKO,1,213.0,,3,assumed_three_round_early_finish,False,True,False,False
development,2019-09-07,a79bfbc01b2264d6,8e1ae2ae6694b131,KO/TKO,3,746.0,,3,assumed_three_round_early_finish,False,True,False,False
development,2019-09-07,a79bfbc01b2264d6,77f123712368bcbc,S-DEC,3,900.0,,3,inferred_from_decision_duration,False,True,True,False
development,2019-09-07,a79bfbc01b2264d6,8accd04438b91262,U-DEC,3,900.0,,3,inferred_from_decision_duration,False,True,True,False
development,2019-09-07,a79bfbc01b2264d6,066756ea40b134a7,KO/TKO,2,442.0,,3,assumed_three_round_early_finish,False,True,False,False
development,2019-09-07,a79bfbc01b2264d6,849eb47d349f3fe4,U-DEC,3,900.0,,3,inferred_from_decision_duration,False,True,True,False
development,2019-09-07,a79bfbc01b2264d6,357a34207d70da69,S-DEC,3,900.0,,3,inferred_from_decision_duration,False,True,True,False
development,2019-09-07,a79bfbc01b2264d6,01a4827b3596d111,SUB,3,726.0,,3,assumed_three_round_early_finish,False,True,False,False
development,2019-09-14,4834ff149dc9542a,acf658afda38d8af,U-DEC,3,900.0,,3,inferred_from_decision_duration,False,True,True,False
development,2019-09-14,4834ff149dc9542a,241687ff5fe92331,KO/TKO,1,283.0,,3,assumed_three_round_early_finish,False,True,False,False
development,2019-09-14,4834ff149dc9542a,462a95890423d3c6,U-DEC,3,900.0,,3,inferred_from_decision_duration,False,True,True,False
development,2019-09-14,4834ff149dc9542a,14176809bcdafd01,U-DEC,3,900.0,,3,inferred_from_decision_duration,False,True,True,False
development,2019-09-14,4834ff149dc9542a,9de23eb1471e592b,S-DEC,3,900.0,,3,inferred_from_decision_duration,False,True,True,False
development,2019-09-14,4834ff149dc9542a,9d3a38cc18807e10,KO/TKO,1,59.0,,3,assumed_three_round_early_finish,False,True,False,False
development,2019-09-14,4834ff149dc9542a,92b98afec5eb4e05,SUB,1,218.0,,3,assumed_three_round_early_finish,False,True,False,False
development,2019-09-14,4834ff149dc9542a,ece3a7a9e930ef9d,S-DEC,3,900.0,,3,inferred_from_decision_duration,False,True,True,False
development,2019-09-14,4834ff149dc9542a,dadaee9624256e07,U-DEC,3,900.0,,3,inferred_from_decision_duration,False,True,True,False
development,2019-09-14,4834ff149dc9542a,36d90f1812f0d432,S-DEC,3,900.0,,3,inferred_from_decision_duration,False,True,True,False
development,2019-09-14,4834ff149dc9542a,490724f8b3658f67,KO/TKO,1,258.0,,3,assumed_three_round_early_finish,False,True,False,False
development,2019-09-21,94a5aaf573f780ad,4f7ec66199bba232,U-DEC,3,900.0,,3,inferred_from_decision_duration,False,True,True,False
development,2019-09-21,94a5aaf573f780ad,c2b842fae4e9f1dc,U-DEC,3,900.0,,3,inferred_from_decision_duration,False,True,True,False
development,2019-09-21,94a5aaf573f780ad,8cf6b22995c9efb8,SUB,1,199.0,,3,assumed_three_round_early_finish,False,True,False,False
development,2019-09-21,94a5aaf573f780ad,d9c0351cd21e40e0,U-DEC,3,900.0,,3,inferred_from_decision_duration,False,True,True,False
development,2019-09-21,94a5aaf573f780ad,52311c2cd0c84d67,KO/TKO,3,716.0,,3,assumed_three_round_early_finish,False,True,False,False
development,2019-09-21,94a5aaf573f780ad,ad878cdd4fa36a3a,KO/TKO,1,96.0,,3,assumed_three_round_early_finish,False,True,False,False
development,2019-09-21,94a5aaf573f780ad,953c89aa931082e4,U-DEC,3,900.0,,3,inferred_from_decision_duration,False,True,True,False
development,2019-09-21,94a5aaf573f780ad,49b2a6a93d529981,KO/TKO,2,391.0,,3,assumed_three_round_early_finish,False,True,False,False
development,2019-09-21,94a5aaf573f780ad,c163ed45c21c8548,U-DEC,3,900.0,,3,inferred_from_decision_duration,False,True,True,False
development,2019-09-21,94a5aaf573f780ad,b2cdb4c34f37ad37,M-DEC,3,900.0,,3,inferred_from_decision_duration,False,True,True,False
development,2019-09-28,1bf49bf829964144,fc16ccf0994c6e50,SUB,3,771.0,,3,assumed_three_round_early_finish,False,True,False,False
development,2019-09-28,1bf49bf829964144,951968aa52a84928,U-DEC,3,900.0,,3,inferred_from_decision_duration,False,True,True,False
development,2019-09-28,1bf49bf829964144,0a3df9b1918cfc2f,U-DEC,3,900.0,,3,inferred_from_decision_duration,False,True,True,False
development,2019-09-28,1bf49bf829964144,688908886d8ac900,S-DEC,3,900.0,,3,inferred_from_decision_duration,False,True,True,False
development,2019-09-28,1bf49bf829964144,18d84b333b28de36,U-DEC,3,900.0,,3,inferred_from_decision_duration,False,True,True,False
development,2019-09-28,1bf49bf829964144,d5e927306f5d859b,U-DEC,3,900.0,,3,inferred_from_decision_duration,False,True,True,False
development,2019-09-28,1bf49bf829964144,9fa3623172adb4cd,KO/TKO,1,17.0,,3,assumed_three_round_early_finish,False,True,False,False
development,2019-09-28,1bf49bf829964144,9c7b6a20f35fb708,U-DEC,3,900.0,,3,inferred_from_decision_duration,False,True,True,False
development,2019-09-28,1bf49bf829964144,b6dad3a9bf911bfd,SUB,2,466.0,,3,assumed_three_round_early_finish,False,True,False,False
development,2019-09-28,1bf49bf829964144,b44531903be4729a,KO/TKO,1,155.0,,3,assumed_three_round_early_finish,False,True,False,False
development,2019-09-28,1bf49bf829964144,7410ac7e4e5acb74,U-DEC,3,900.0,,3,inferred_from_decision_duration,False,True,True,False
development,2019-09-28,1bf49bf829964144,975840814b233bcd,KO/TKO,1,72.0,,3,assumed_three_round_early_finish,False,True,False,False
development,2019-09-28,1bf49bf829964144,476c31184332698e,KO/TKO,2,327.0,,3,assumed_three_round_early_finish,False,True,False,False
development,2019-10-05,3cf68c1d17f66af7,668d077ac9d7d3c9,KO/TKO,2,599.0,,3,assumed_three_round_early_finish,False,True,False,False
development,2019-10-05,3cf68c1d17f66af7,b8c21a311f3f7953,SUB,1,237.0,,3,assumed_three_round_early_finish,False,True,False,False
development,2019-10-05,3cf68c1d17f66af7,83d59f5e52e0ac46,U-DEC,3,900.0,,3,inferred_from_decision_duration,False,True,True,False
development,2019-10-05,3cf68c1d17f66af7,578987d534a0d205,U-DEC,3,900.0,,3,inferred_from_decision_duration,False,True,True,False
development,2019-10-05,3cf68c1d17f66af7,1cb7138b107b93b5,U-DEC,3,900.0,,3,inferred_from_decision_duration,False,True,True,False
development,2019-10-05,3cf68c1d17f66af7,9dfac33cd3ae4afd,KO/TKO,1,130.0,,3,assumed_three_round_early_finish,False,True,False,False
development,2019-10-05,3cf68c1d17f66af7,fd0fd9a2d6ef8c4f,S-DEC,3,900.0,,3,inferred_from_decision_duration,False,True,True,False
development,2019-10-05,3cf68c1d17f66af7,8cd7ca0e7b861b3d,SUB,2,494.0,,3,assumed_three_round_early_finish,False,True,False,False
development,2019-10-05,3cf68c1d17f66af7,0697d5520b74a8df,U-DEC,3,900.0,,3,inferred_from_decision_duration,False,True,True,False
development,2019-10-05,3cf68c1d17f66af7,2556b7520536ce1d,KO/TKO,2,513.0,,3,assumed_three_round_early_finish,False,True,False,False
development,2019-10-12,0941df56f6ac954b,64bee58391921b4b,U-DEC,3,900.0,,3,inferred_from_decision_duration,False,True,True,False
development,2019-10-12,0941df56f6ac954b,bac178dea57bd545,U-DEC,3,900.0,,3,inferred_from_decision_duration,False,True,True,False
development,2019-10-12,0941df56f6ac954b,1d26ceb1c995655e,KO/TKO,2,452.0,,3,assumed_three_round_early_finish,False,True,False,False
development,2019-10-12,0941df56f6ac954b,70f01e9ff0b4e519,KO/TKO,3,797.0,,3,assumed_three_round_early_finish,False,True,False,False
development,2019-10-12,0941df56f6ac954b,18dde81d45ac2232,SUB,1,188.0,,3,assumed_three_round_early_finish,False,True,False,False
development,2019-10-12,0941df56f6ac954b,c5b8a996eff18540,U-DEC,3,900.0,,3,inferred_from_decision_duration,False,True,True,False
development,2019-10-12,0941df56f6ac954b,6a0217099efee13f,KO/TKO,3,885.0,,3,assumed_three_round_early_finish,False,True,False,False
development,2019-10-12,0941df56f6ac954b,25548d526c3a7587,SUB,2,421.0,,3,assumed_three_round_early_finish,False,True,False,False
development,2019-10-12,0941df56f6ac954b,834f67e96612cd6f,S-DEC,3,900.0,,3,inferred_from_decision_duration,False,True,True,False
development,2019-10-12,0941df56f6ac954b,bed2710e06dabe6a,S-DEC,3,900.0,,3,inferred_from_decision_duration,False,True,True,False
development,2019-10-12,0941df56f6ac954b,2d7f29ec900a8948,U-DEC,3,900.0,,3,inferred_from_decision_duration,False,True,True,False
development,2019-10-12,0941df56f6ac954b,f3169b755afcdc5b,KO/TKO,1,104.0,,3,assumed_three_round_early_finish,False,True,False,False
development,2019-10-12,0941df56f6ac954b,707ba52845d399c9,U-DEC,3,900.0,,3,inferred_from_decision_duration,False,True,True,False
development,2019-10-12,0941df56f6ac954b,f61f5adf7e0a80c4,U-DEC,5,1500.0,,5,inferred_from_decision_duration,True,False,True,False
development,2019-10-18,3ae10ac4df3df05c,1e3d3545b6dd13a7,U-DEC,3,900.0,,3,inferred_from_decision_duration,False,True,True,False
development,2019-10-18,3ae10ac4df3df05c,74b44635535cb290,SUB,2,518.0,,3,assumed_three_round_early_finish,False,True,False,False
development,2019-10-18,3ae10ac4df3df05c,26d75187369ecf2c,U-DEC,3,900.0,,3,inferred_from_decision_duration,False,True,True,False
development,2019-10-18,3ae10ac4df3df05c,38d6c2538ce6ec4c,KO/TKO,1,135.0,,3,assumed_three_round_early_finish,False,True,False,False
development,2019-10-18,3ae10ac4df3df05c,9c3fb95a1558b38d,U-DEC,3,900.0,,3,inferred_from_decision_duration,False,True,True,False
development,2019-10-18,3ae10ac4df3df05c,baf17e5e1fe1c744,U-DEC,3,900.0,,3,inferred_from_decision_duration,False,True,True,False
development,2019-10-18,3ae10ac4df3df05c,076c98ac0561521f,SUB,1,166.0,,3,assumed_three_round_early_finish,False,True,False,False
development,2019-10-18,3ae10ac4df3df05c,93f3e9b9f093ad57,S-DEC,3,900.0,,3,inferred_from_decision_duration,False,True,True,False
development,2019-10-18,3ae10ac4df3df05c,7510b0c96f5707ea,KO/TKO,1,184.0,,3,assumed_three_round_early_finish,False,True,False,False
development,2019-10-18,3ae10ac4df3df05c,57d989702ae72dc1,KO/TKO,1,93.0,,3,assumed_three_round_early_finish,False,True,False,False
development,2019-10-18,3ae10ac4df3df05c,d2dc6fb05ad78d80,U-DEC,3,900.0,,3,inferred_from_decision_duration,False,True,True,False
development,2019-10-18,3ae10ac4df3df05c,0d1d7cfb2a48d5ec,KO/TKO,1,103.0,,3,assumed_three_round_early_finish,False,True,False,False
development,2019-10-26,df05aa15b2d66f57,3d9aeef58dd0b51b,U-DEC,3,900.0,,3,inferred_from_decision_duration,False,True,True,False
development,2019-10-26,df05aa15b2d66f57,4ea4d0a73a90bfb0,S-DEC,3,900.0,,3,inferred_from_decision_duration,False,True,True,False
development,2019-10-26,df05aa15b2d66f57,cc477d322638ba30,KO/TKO,1,131.0,,3,assumed_three_round_early_finish,False,True,False,False
development,2019-10-26,df05aa15b2d66f57,a4527094aa107b55,U-DEC,3,900.0,,3,inferred_from_decision_duration,False,True,True,False
development,2019-10-26,df05aa15b2d66f57,1c91deb42b991d18,U-DEC,3,900.0,,3,inferred_from_decision_duration,False,True,True,False
development,2019-10-26,df05aa15b2d66f57,1f9a6f2120835615,S-DEC,3,900.0,,3,inferred_from_decision_duration,False,True,True,False
development,2019-10-26,df05aa15b2d66f57,89266a872e1f92d9,U-DEC,3,900.0,,3,inferred_from_decision_duration,False,True,True,False
development,2019-10-26,df05aa15b2d66f57,41b75c9222c33cdf,SUB,3,886.0,,3,assumed_three_round_early_finish,False,True,False,False
development,2019-10-26,df05aa15b2d66f57,b2d05ae88f820421,SUB,1,122.0,,3,assumed_three_round_early_finish,False,True,False,False
development,2019-10-26,df05aa15b2d66f57,3162ae3ccbf785ac,M-DEC,3,900.0,,3,inferred_from_decision_duration,False,True,True,False
development,2019-10-26,df05aa15b2d66f57,241a0833e1c76804,SUB,3,834.0,,3,assumed_three_round_early_finish,False,True,False,False
development,2019-11-02,fd87b1bbfcde9d5e,d7cbe2f23d75afd1,S-DEC,3,900.0,,3,inferred_from_decision_duration,False,True,True,False
development,2019-11-02,fd87b1bbfcde9d5e,a6c29d2cb319d923,KO/TKO,3,723.0,,3,assumed_three_round_early_finish,False,True,False,False
development,2019-11-02,fd87b1bbfcde9d5e,515ecc54219bcc4c,U-DEC,3,900.0,,3,inferred_from_decision_duration,False,True,True,False
development,2019-11-02,fd87b1bbfcde9d5e,83f7c3b91a402306,KO/TKO,1,29.0,,3,assumed_three_round_early_finish,False,True,False,False
development,2019-11-02,fd87b1bbfcde9d5e,a3e8ef1ce72a7d02,KO/TKO,1,147.0,,3,assumed_three_round_early_finish,False,True,False,False
development,2019-11-02,fd87b1bbfcde9d5e,216fddf542707629,KO/TKO,3,872.0,,3,assumed_three_round_early_finish,False,True,False,False
development,2019-11-02,fd87b1bbfcde9d5e,a2af14e9dba37b03,KO/TKO,1,127.0,,3,assumed_three_round_early_finish,False,True,False,False
development,2019-11-02,fd87b1bbfcde9d5e,d5955b81c26230ff,KO/TKO,1,167.0,,3,assumed_three_round_early_finish,False,True,False,False
development,2019-11-02,fd87b1bbfcde9d5e,f870cacadb058733,S-DEC,3,900.0,,3,inferred_from_decision_duration,False,True,True,False
development,2019-11-02,fd87b1bbfcde9d5e,28deed0ab55ca350,U-DEC,3,900.0,,3,inferred_from_decision_duration,False,True,True,False
development,2019-11-02,fd87b1bbfcde9d5e,7c40aa2cb6883a91,S-DEC,3,900.0,,3,inferred_from_decision_duration,False,True,True,False
development,2019-11-02,fd87b1bbfcde9d5e,ac0a63ad13897564,KO/TKO,3,900.0,,3,assumed_three_round_early_finish,False,True,False,False
development,2019-11-09,8d5daf67983b65ba,f0418c2c989a5cde,S-DEC,3,900.0,,3,inferred_from_decision_duration,False,True,True,False
development,2019-11-09,8d5daf67983b65ba,c814ef3b3a26e2fe,U-DEC,3,900.0,,3,inferred_from_decision_duration,False,True,True,False
development,2019-11-09,8d5daf67983b65ba,a7807ab56cb49cad,U-DEC,3,900.0,,3,inferred_from_decision_duration,False,True,True,False
development,2019-11-09,8d5daf67983b65ba,1af574c0814429ac,SUB,1,170.0,,3,assumed_three_round_early_finish,False,True,False,False
development,2019-11-09,8d5daf67983b65ba,495e64df4c4ce7a7,SUB,3,841.0,,3,assumed_three_round_early_finish,False,True,False,False
development,2019-11-09,8d5daf67983b65ba,c8dfcbee63266273,U-DEC,3,900.0,,3,inferred_from_decision_duration,False,True,True,False
development,2019-11-09,8d5daf67983b65ba,343749a2f7c5d78b,KO/TKO,3,629.0,,3,assumed_three_round_early_finish,False,True,False,False
development,2019-11-09,8d5daf67983b65ba,f820c6292e19d854,S-DEC,3,900.0,,3,inferred_from_decision_duration,False,True,True,False
development,2019-11-09,8d5daf67983b65ba,1317d7cd79495a0e,U-DEC,3,900.0,,3,inferred_from_decision_duration,False,True,True,False
development,2019-11-09,8d5daf67983b65ba,408fc024d3e91b0e,U-DEC,3,900.0,,3,inferred_from_decision_duration,False,True,True,False
development,2019-11-09,8d5daf67983b65ba,071a1cd551b7b4d5,KO/TKO,2,594.0,,3,assumed_three_round_early_finish,False,True,False,False
development,2019-11-09,8d5daf67983b65ba,3cd1f2c31b4e325a,U-DEC,3,900.0,,3,inferred_from_decision_duration,False,True,True,False
development,2019-11-09,8d5daf67983b65ba,c3bb60dc82345a9f,U-DEC,3,900.0,,3,inferred_from_decision_duration,False,True,True,False
development,2019-11-16,81ca2c245b19b3c5,18e1b0df8da7010e,U-DEC,3,900.0,,3,inferred_from_decision_duration,False,True,True,False
development,2019-11-16,81ca2c245b19b3c5,1800ffbb34ac7ed8,U-DEC,3,900.0,,3,inferred_from_decision_duration,False,True,True,False
development,2019-11-16,81ca2c245b19b3c5,80ce8f7d988d5e57,U-DEC,3,900.0,,3,inferred_from_decision_duration,False,True,True,False
development,2019-11-16,81ca2c245b19b3c5,e6a0f19af995c432,SUB,2,382.0,,3,assumed_three_round_early_finish,False,True,False,False
development,2019-11-16,81ca2c245b19b3c5,22307b580e0c8d0d,U-DEC,3,900.0,,3,inferred_from_decision_duration,False,True,True,False
development,2019-11-16,81ca2c245b19b3c5,094790e50afae55e,SUB,1,237.0,,3,assumed_three_round_early_finish,False,True,False,False
development,2019-11-16,81ca2c245b19b3c5,aa232e53d285cc6d,KO/TKO,3,859.0,,3,assumed_three_round_early_finish,False,True,False,False
development,2019-11-16,81ca2c245b19b3c5,9e1ecdb9a8856a8c,U-DEC,3,900.0,,3,inferred_from_decision_duration,False,True,True,False
development,2019-11-16,81ca2c245b19b3c5,57b111b54a2d2323,U-DEC,3,900.0,,3,inferred_from_decision_duration,False,True,True,False
development,2019-11-16,81ca2c245b19b3c5,7afe2a15ae7359e9,KO/TKO,1,86.0,,3,assumed_three_round_early_finish,False,True,False,False
development,2019-11-16,81ca2c245b19b3c5,c04274c8caa505dd,S-DEC,5,1500.0,,5,inferred_from_decision_duration,True,False,True,False
development,2019-12-07,b09890ba7ce1d1e2,81af3b60203d92df,KO/TKO,3,849.0,,3,assumed_three_round_early_finish,False,True,False,False
development,2019-12-07,b09890ba7ce1d1e2,652a956adab8ad0e,SUB,2,376.0,,3,assumed_three_round_early_finish,False,True,False,False
development,2019-12-07,b09890ba7ce1d1e2,a3f89ad71e1caa81,U-DEC,3,900.0,,3,inferred_from_decision_duration,False,True,True,False
development,2019-12-07,b09890ba7ce1d1e2,fa3f04be9344804b,SUB,1,260.0,,3,assumed_three_round_early_finish,False,True,False,False
development,2019-12-07,b09890ba7ce1d1e2,d9501c6985c1b38d,SUB,2,498.0,,3,assumed_three_round_early_finish,False,True,False,False
development,2019-12-07,b09890ba7ce1d1e2,57d04160f5438654,SUB,1,158.0,,3,assumed_three_round_early_finish,False,True,False,False
development,2019-12-07,b09890ba7ce1d1e2,b9ff9ebe19ae6358,U-DEC,3,900.0,,3,inferred_from_decision_duration,False,True,True,False
development,2019-12-07,b09890ba7ce1d1e2,b5365d22172e414b,KO/TKO,3,633.0,,3,assumed_three_round_early_finish,False,True,False,False
development,2019-12-07,b09890ba7ce1d1e2,bbc8e8a69e9bd106,KO/TKO,2,597.0,,3,assumed_three_round_early_finish,False,True,False,False
development,2019-12-07,b09890ba7ce1d1e2,e91f289f1b9f9519,KO/TKO,5,1496.0,,5,inferred_five_round_late_finish,True,False,False,False
development,2019-12-14,4565d435005319c0,30523303e8d85c25,KO/TKO,1,197.0,,3,assumed_three_round_early_finish,False,True,False,False
development,2019-12-14,4565d435005319c0,35d0ef51fede263c,U-DEC,3,900.0,,3,inferred_from_decision_duration,False,True,True,False
development,2019-12-14,4565d435005319c0,1881b1e85cceee13,U-DEC,3,900.0,,3,inferred_from_decision_duration,False,True,True,False
development,2019-12-14,4565d435005319c0,d42410f6f1039ab5,KO/TKO,1,274.0,,3,assumed_three_round_early_finish,False,True,False,False
development,2019-12-14,4565d435005319c0,98dd88d83f57c17a,KO/TKO,2,595.0,,3,assumed_three_round_early_finish,False,True,False,False
development,2019-12-14,4565d435005319c0,dd88960598219eba,U-DEC,3,900.0,,3,inferred_from_decision_duration,False,True,True,False
development,2019-12-14,4565d435005319c0,c4eaeec8ac778b27,KO/TKO,1,291.0,,3,assumed_three_round_early_finish,False,True,False,False
development,2019-12-14,4565d435005319c0,ad5ef8d8678ff97f,KO/TKO,1,90.0,,3,assumed_three_round_early_finish,False,True,False,False
development,2019-12-14,4565d435005319c0,a0c82ba11a373008,KO/TKO,3,643.0,,3,assumed_three_round_early_finish,False,True,False,False
development,2019-12-14,4565d435005319c0,b5ec939fd1edf048,S-DEC,3,900.0,,3,inferred_from_decision_duration,False,True,True,False
development,2019-12-14,4565d435005319c0,36fcfd186a8d6df7,U-DEC,5,1500.0,,5,inferred_from_decision_duration,True,False,True,False
development,2019-12-14,4565d435005319c0,efc40ec41114d8fa,U-DEC,5,1500.0,,5,inferred_from_decision_duration,True,False,True,False
development,2019-12-14,4565d435005319c0,82177c0f91d9618a,KO/TKO,5,1450.0,,5,inferred_five_round_late_finish,True,False,False,False
development,2019-12-21,74fefd43f073cd2f,15aa55a91cf848cf,S-DEC,3,900.0,,3,inferred_from_decision_duration,False,True,True,False
development,2019-12-21,74fefd43f073cd2f,60e1b3ac3182f5b3,SUB,1,223.0,,3,assumed_three_round_early_finish,False,True,False,False
development,2019-12-21,74fefd43f073cd2f,75523d31940c9344,U-DEC,3,900.0,,3,inferred_from_decision_duration,False,True,True,False
development,2019-12-21,74fefd43f073cd2f,5a5a65d8df176506,KO/TKO,1,257.0,,3,assumed_three_round_early_finish,False,True,False,False
development,2019-12-21,74fefd43f073cd2f,9140e6fdeaa7cd3f,U-DEC,3,900.0,,3,inferred_from_decision_duration,False,True,True,False
development,2019-12-21,74fefd43f073cd2f,6ea23c2c30f85a89,U-DEC,3,900.0,,3,inferred_from_decision_duration,False,True,True,False
development,2019-12-21,74fefd43f073cd2f,3637e661b6854b49,U-DEC,3,900.0,,3,inferred_from_decision_duration,False,True,True,False
development,2019-12-21,74fefd43f073cd2f,f93f794247af708a,S-DEC,3,900.0,,3,inferred_from_decision_duration,False,True,True,False
development,2019-12-21,74fefd43f073cd2f,b3bd27affa038e9c,U-DEC,3,900.0,,3,inferred_from_decision_duration,False,True,True,False
development,2019-12-21,74fefd43f073cd2f,47e49e04e32be7e9,KO/TKO,1,64.0,,3,assumed_three_round_early_finish,False,True,False,False
development,2019-12-21,74fefd43f073cd2f,997ab1ea9fab5643,KO/TKO,2,572.0,,3,assumed_three_round_early_finish,False,True,False,False
development,2019-12-21,74fefd43f073cd2f,2b8cae68963a40a9,S-DEC,3,900.0,,3,inferred_from_decision_duration,False,True,True,False
development,2019-12-21,74fefd43f073cd2f,06f37329b223b451,KO/TKO,1,198.0,,3,assumed_three_round_early_finish,False,True,False,False
development,2020-01-18,0c1773639c795466,96fe84d051847591,S-DEC,3,900.0,,3,inferred_from_decision_duration,False,True,True,False
development,2020-01-18,0c1773639c795466,6087c50c5f95a677,U-DEC,3,900.0,,3,inferred_from_decision_duration,False,True,True,False
development,2020-01-18,0c1773639c795466,63dd38f0dcc2ee88,KO/TKO,1,70.0,,3,assumed_three_round_early_finish,False,True,False,False
development,2020-01-18,0c1773639c795466,ff467a5f06a91a0f,U-DEC,3,900.0,,3,inferred_from_decision_duration,False,True,True,False
development,2020-01-18,0c1773639c795466,5868c154789648f0,U-DEC,3,900.0,,3,inferred_from_decision_duration,False,True,True,False
development,2020-01-18,0c1773639c795466,760b5b16b4931a77,U-DEC,3,900.0,,3,inferred_from_decision_duration,False,True,True,False
development,2020-01-18,0c1773639c795466,32a8f38bd1d46e3e,SUB,2,406.0,,3,assumed_three_round_early_finish,False,True,False,False
development,2020-01-18,0c1773639c795466,4eff0432bd364a23,SUB,1,169.0,,3,assumed_three_round_early_finish,False,True,False,False
development,2020-01-18,0c1773639c795466,702759500d47a059,SUB,2,578.0,,3,assumed_three_round_early_finish,False,True,False,False
development,2020-01-18,0c1773639c795466,36032308b7e86fd0,U-DEC,3,900.0,,3,inferred_from_decision_duration,False,True,True,False
development,2020-01-18,0c1773639c795466,eed6c9aff2234b7a,KO/TKO,1,40.0,,3,assumed_three_round_early_finish,False,True,False,False
development,2020-01-25,44aa652b181bcf68,901dbd1e6463c4ba,KO/TKO,1,163.0,,3,assumed_three_round_early_finish,False,True,False,False
development,2020-01-25,44aa652b181bcf68,918c2efc59c1952e,SUB,3,773.0,,3,assumed_three_round_early_finish,False,True,False,False
development,2020-01-25,44aa652b181bcf68,79161bde28636128,U-DEC,3,900.0,,3,inferred_from_decision_duration,False,True,True,False
development,2020-01-25,44aa652b181bcf68,737e2781e4a7db5c,U-DEC,3,900.0,,3,inferred_from_decision_duration,False,True,True,False
development,2020-01-25,44aa652b181bcf68,151c2bd6dfefb4b5,U-DEC,3,900.0,,3,inferred_from_decision_duration,False,True,True,False
development,2020-01-25,44aa652b181bcf68,ed94cdc0f2b97e15,U-DEC,3,900.0,,3,inferred_from_decision_duration,False,True,True,False
development,2020-01-25,44aa652b181bcf68,3fd3b871e83434c5,U-DEC,3,900.0,,3,inferred_from_decision_duration,False,True,True,False
development,2020-01-25,44aa652b181bcf68,6195d3e7c412c8a2,U-DEC,3,900.0,,3,inferred_from_decision_duration,False,True,True,False
development,2020-01-25,44aa652b181bcf68,b88b170a7fe40544,KO/TKO,2,566.0,,3,assumed_three_round_early_finish,False,True,False,False
development,2020-01-25,44aa652b181bcf68,7dcd5d8a44a284e5,SUB,1,153.0,,3,assumed_three_round_early_finish,False,True,False,False
development,2020-01-25,44aa652b181bcf68,2ef54419defb2364,U-DEC,3,900.0,,3,inferred_from_decision_duration,False,True,True,False
development,2020-01-25,44aa652b181bcf68,037d2f426c916ffc,KO/TKO,2,366.0,,3,assumed_three_round_early_finish,False,True,False,False
development,2020-02-08,b26d3e3746fb4024,a6441acec6718f03,U-DEC,3,900.0,,3,inferred_from_decision_duration,False,True,True,False
development,2020-02-08,b26d3e3746fb4024,326b843cb2b7fd94,S-DEC,3,900.0,,3,inferred_from_decision_duration,False,True,True,False
development,2020-02-08,b26d3e3746fb4024,d3f44fedc561d2d5,KO/TKO,2,401.0,,3,assumed_three_round_early_finish,False,True,False,False
development,2020-02-08,b26d3e3746fb4024,ed499508be1e5532,KO/TKO,1,27.0,,3,assumed_three_round_early_finish,False,True,False,False
development,2020-02-08,b26d3e3746fb4024,cb56e868deaddac4,S-DEC,3,900.0,,3,inferred_from_decision_duration,False,True,True,False
development,2020-02-08,b26d3e3746fb4024,11f7bac5037a184c,S-DEC,3,900.0,,3,inferred_from_decision_duration,False,True,True,False
development,2020-02-08,b26d3e3746fb4024,cefb47bcc04f540e,U-DEC,3,900.0,,3,inferred_from_decision_duration,False,True,True,False
development,2020-02-08,b26d3e3746fb4024,be822403f364fff3,S-DEC,3,900.0,,3,inferred_from_decision_duration,False,True,True,False
development,2020-02-08,b26d3e3746fb4024,57961c6adebfb13d,KO/TKO,1,119.0,,3,assumed_three_round_early_finish,False,True,False,False
development,2020-02-08,b26d3e3746fb4024,05cceae674c81b86,KO/TKO,3,663.0,,3,assumed_three_round_early_finish,False,True,False,False
development,2020-02-08,b26d3e3746fb4024,fae99a4089f8abb0,U-DEC,5,1500.0,,5,inferred_from_decision_duration,True,False,True,False
development,2020-02-15,5df17b3620145578,8725dc88f2e0a6f3,KO/TKO,2,582.0,,3,assumed_three_round_early_finish,False,True,False,False
development,2020-02-15,5df17b3620145578,d629aa5eb31a1e38,U-DEC,3,900.0,,3,inferred_from_decision_duration,False,True,True,False
development,2020-02-15,5df17b3620145578,51218519be104794,U-DEC,3,900.0,,3,inferred_from_decision_duration,False,True,True,False
development,2020-02-15,5df17b3620145578,94c0819fde11364d,U-DEC,3,900.0,,3,inferred_from_decision_duration,False,True,True,False
development,2020-02-15,5df17b3620145578,f3e2038bfb9b5d9d,U-DEC,3,900.0,,3,inferred_from_decision_duration,False,True,True,False
development,2020-02-15,5df17b3620145578,08426f06239d903c,KO/TKO,3,616.0,,3,assumed_three_round_early_finish,False,True,False,False
development,2020-02-15,5df17b3620145578,2dc48a745d6c662b,SUB,2,517.0,,3,assumed_three_round_early_finish,False,True,False,False
development,2020-02-15,5df17b3620145578,eab100e978c730c5,U-DEC,3,900.0,,3,inferred_from_decision_duration,False,True,True,False
development,2020-02-15,5df17b3620145578,b41e3be867afd6fa,U-DEC,3,900.0,,3,inferred_from_decision_duration,False,True,True,False
development,2020-02-15,5df17b3620145578,9d98e1c0d62213cf,DQ,1,242.0,,3,assumed_three_round_early_finish,False,True,False,False
development,2020-02-15,5df17b3620145578,96919cf8d3e988ff,U-DEC,3,900.0,,3,inferred_from_decision_duration,False,True,True,False
development,2020-02-15,5df17b3620145578,a02ffaf1fe462d28,DQ,3,789.0,,3,assumed_three_round_early_finish,False,True,False,False
development,2020-02-15,5df17b3620145578,801b3f24c670f19a,KO/TKO,1,188.0,,3,assumed_three_round_early_finish,False,True,False,False
development,2020-02-22,33b2f68ef95252e0,102fb91414fd24ab,KO/TKO,1,40.0,,3,assumed_three_round_early_finish,False,True,False,False
development,2020-02-22,33b2f68ef95252e0,af5b940f2c686524,U-DEC,3,900.0,,3,inferred_from_decision_duration,False,True,True,False
development,2020-02-22,33b2f68ef95252e0,ecc23234e820458d,U-DEC,3,900.0,,3,inferred_from_decision_duration,False,True,True,False
development,2020-02-22,33b2f68ef95252e0,03c2707563915d7d,KO/TKO,1,140.0,,3,assumed_three_round_early_finish,False,True,False,False
development,2020-02-22,33b2f68ef95252e0,3bd20b66b585d621,U-DEC,3,900.0,,3,inferred_from_decision_duration,False,True,True,False
development,2020-02-22,33b2f68ef95252e0,02bdb7a5b2986571,KO/TKO,2,481.0,,3,assumed_three_round_early_finish,False,True,False,False
development,2020-02-22,33b2f68ef95252e0,f882cf76a8bce308,KO/TKO,1,201.0,,3,assumed_three_round_early_finish,False,True,False,False
development,2020-02-22,33b2f68ef95252e0,6d48f75153e4ad6b,S-DEC,3,900.0,,3,inferred_from_decision_duration,False,True,True,False
development,2020-02-22,33b2f68ef95252e0,9bc18b63b07bb328,KO/TKO,1,88.0,,3,assumed_three_round_early_finish,False,True,False,False
development,2020-02-22,33b2f68ef95252e0,060987bb3025a0a8,U-DEC,3,900.0,,3,inferred_from_decision_duration,False,True,True,False
development,2020-02-22,33b2f68ef95252e0,2b417eb1ffa56ac1,SUB,1,209.0,,3,assumed_three_round_early_finish,False,True,False,False
development,2020-02-22,33b2f68ef95252e0,5fceb95c29d929bc,S-DEC,5,1500.0,,5,inferred_from_decision_duration,True,False,True,False
development,2020-02-29,fc9a9559a05f2704,533d0b5c0adfa15f,U-DEC,3,900.0,,3,inferred_from_decision_duration,False,True,True,False
development,2020-02-29,fc9a9559a05f2704,0bcb04163f8d8ead,KO/TKO,1,85.0,,3,assumed_three_round_early_finish,False,True,False,False
development,2020-02-29,fc9a9559a05f2704,59861c3d19eb46ef,SUB,2,518.0,,3,assumed_three_round_early_finish,False,True,False,False
development,2020-02-29,fc9a9559a05f2704,9d2f7d29bb9c9034,U-DEC,3,900.0,,3,inferred_from_decision_duration,False,True,True,False
development,2020-02-29,fc9a9559a05f2704,e30b9829e42aa4ca,U-DEC,3,900.0,,3,inferred_from_decision_duration,False,True,True,False
development,2020-02-29,fc9a9559a05f2704,d9a218ac3e148541,KO/TKO,1,287.0,,3,assumed_three_round_early_finish,False,True,False,False
development,2020-02-29,fc9a9559a05f2704,0e3af9b5e1b3ae80,U-DEC,3,900.0,,3,inferred_from_decision_duration,False,True,True,False
development,2020-02-29,fc9a9559a05f2704,eba6055d217d5b99,SUB,2,398.0,,3,assumed_three_round_early_finish,False,True,False,False
development,2020-02-29,fc9a9559a05f2704,671f42536454e541,KO/TKO,1,211.0,,3,assumed_three_round_early_finish,False,True,False,False
development,2020-02-29,fc9a9559a05f2704,f5b49f4c5a27e53b,KO/TKO,1,38.0,,3,assumed_three_round_early_finish,False,True,False,False
development,2020-02-29,fc9a9559a05f2704,8a85dffa80e6c7bd,KO/TKO,1,217.0,,3,assumed_three_round_early_finish,False,True,False,False
development,2020-02-29,fc9a9559a05f2704,e8219ea7da46f67f,KO/TKO,2,414.0,,3,assumed_three_round_early_finish,False,True,False,False
development,2020-03-07,0b5b6876c2a4723f,467e08195b29e857,KO/TKO,1,181.0,,3,assumed_three_round_early_finish,False,True,False,False
development,2020-03-07,0b5b6876c2a4723f,daa38964824f1b9f,S-DEC,3,900.0,,3,inferred_from_decision_duration,False,True,True,False
development,2020-03-07,0b5b6876c2a4723f,d671f436fab2a252,SUB,3,733.0,,3,assumed_three_round_early_finish,False,True,False,False
development,2020-03-07,0b5b6876c2a4723f,a70c43cafabc73c3,SUB,1,178.0,,3,assumed_three_round_early_finish,False,True,False,False
development,2020-03-07,0b5b6876c2a4723f,60c441c5838dfac2,U-DEC,3,900.0,,3,inferred_from_decision_duration,False,True,True,False
development,2020-03-07,0b5b6876c2a4723f,cd258394e8d58d04,KO/TKO,1,122.0,,3,assumed_three_round_early_finish,False,True,False,False
development,2020-03-07,0b5b6876c2a4723f,4d607b6ddc77a34c,S-DEC,3,900.0,,3,inferred_from_decision_duration,False,True,True,False
development,2020-03-07,0b5b6876c2a4723f,d66a8591af39ca7b,U-DEC,3,900.0,,3,inferred_from_decision_duration,False,True,True,False
development,2020-03-07,0b5b6876c2a4723f,891470d896b1de5a,KO/TKO,2,360.0,,3,assumed_three_round_early_finish,False,True,False,False
development,2020-03-07,0b5b6876c2a4723f,cf0a6466b762c668,S-DEC,5,1500.0,,5,inferred_from_decision_duration,True,False,True,False
development,2020-03-07,0b5b6876c2a4723f,b46f2f007b622bce,U-DEC,5,1500.0,,5,inferred_from_decision_duration,True,False,True,False
development,2020-03-14,53278852bcd91e11,ef526567c4dcf371,U-DEC,3,900.0,,3,inferred_from_decision_duration,False,True,True,False
development,2020-03-14,53278852bcd91e11,1a2d13834696c4ab,U-DEC,3,900.0,,3,inferred_from_decision_duration,False,True,True,False
development,2020-03-14,53278852bcd91e11,2a1826612a7d739c,U-DEC,3,900.0,,3,inferred_from_decision_duration,False,True,True,False
development,2020-03-14,53278852bcd91e11,9fc6aba53508dc48,U-DEC,3,900.0,,3,inferred_from_decision_duration,False,True,True,False
development,2020-03-14,53278852bcd91e11,ea303a8e6e31f264,U-DEC,3,900.0,,3,inferred_from_decision_duration,False,True,True,False
development,2020-03-14,53278852bcd91e11,b3c74554c871fbf8,U-DEC,3,900.0,,3,inferred_from_decision_duration,False,True,True,False
development,2020-03-14,53278852bcd91e11,dc45c8d70e256749,U-DEC,3,900.0,,3,inferred_from_decision_duration,False,True,True,False
development,2020-03-14,53278852bcd91e11,5bba49d88db7430f,U-DEC,3,900.0,,3,inferred_from_decision_duration,False,True,True,False
development,2020-03-14,53278852bcd91e11,c26a3f4c08333886,SUB,1,44.0,,3,assumed_three_round_early_finish,False,True,False,False
development,2020-03-14,53278852bcd91e11,5cee1d8f1e43d6f5,KO/TKO,1,154.0,,3,assumed_three_round_early_finish,False,True,False,False
development,2020-03-14,53278852bcd91e11,e0b323dae5bf4c90,SUB,3,628.0,,3,assumed_three_round_early_finish,False,True,False,False
development,2020-05-09,898337ef520fe4d3,b70dfff154b135bf,S-DEC,3,900.0,,3,inferred_from_decision_duration,False,True,True,False
development,2020-05-09,898337ef520fe4d3,08244974cf39ae38,U-DEC,3,900.0,,3,inferred_from_decision_duration,False,True,True,False
development,2020-05-09,898337ef520fe4d3,3f810c3433dddb80,KO/TKO,3,817.0,,3,assumed_three_round_early_finish,False,True,False,False
development,2020-05-09,898337ef520fe4d3,f2520dd5457ab293,S-DEC,3,900.0,,3,inferred_from_decision_duration,False,True,True,False
development,2020-05-09,898337ef520fe4d3,593f3b051aa82b0f,S-DEC,3,900.0,,3,inferred_from_decision_duration,False,True,True,False
development,2020-05-09,898337ef520fe4d3,b9abcce29378e5cc,U-DEC,3,900.0,,3,inferred_from_decision_duration,False,True,True,False
development,2020-05-09,898337ef520fe4d3,f0d4652f8edfbe6d,U-DEC,3,900.0,,3,inferred_from_decision_duration,False,True,True,False
development,2020-05-09,898337ef520fe4d3,02f5621f480ad1d4,KO/TKO,2,469.0,,3,assumed_three_round_early_finish,False,True,False,False
development,2020-05-09,898337ef520fe4d3,fcfaa28ed6888088,KO/TKO,1,20.0,,3,assumed_three_round_early_finish,False,True,False,False
development,2020-05-09,898337ef520fe4d3,4e77cc2c8d604241,KO/TKO,2,598.0,,3,assumed_three_round_early_finish,False,True,False,False
development,2020-05-09,898337ef520fe4d3,d395828f5cb045a5,KO/TKO,5,1419.0,,5,inferred_five_round_late_finish,True,False,False,False
development,2020-05-13,5f8e00c27b7e7410,b2ca310c9d0037d3,KO/TKO,2,349.0,,3,assumed_three_round_early_finish,False,True,False,False
development,2020-05-13,5f8e00c27b7e7410,3ce634d03af7e14c,KO/TKO,2,520.0,,3,assumed_three_round_early_finish,False,True,False,False
development,2020-05-13,5f8e00c27b7e7410,918103d82ecbed75,U-DEC,3,900.0,,3,inferred_from_decision_duration,False,True,True,False
development,2020-05-13,5f8e00c27b7e7410,fbbba3da4438cb04,U-DEC,3,900.0,,3,inferred_from_decision_duration,False,True,True,False
development,2020-05-13,5f8e00c27b7e7410,87f58feac6b50367,SUB,2,325.0,,3,assumed_three_round_early_finish,False,True,False,False
development,2020-05-13,5f8e00c27b7e7410,312946f6b72ebd51,U-DEC,3,900.0,,3,inferred_from_decision_duration,False,True,True,False
development,2020-05-13,5f8e00c27b7e7410,3094e82731ec55e7,S-DEC,3,900.0,,3,inferred_from_decision_duration,False,True,True,False
development,2020-05-13,5f8e00c27b7e7410,46c050a827ee83d6,KO/TKO,2,565.0,,3,assumed_three_round_early_finish,False,True,False,False
development,2020-05-13,5f8e00c27b7e7410,394ae51820bedd4c,S-DEC,3,900.0,,3,inferred_from_decision_duration,False,True,True,False
development,2020-05-13,5f8e00c27b7e7410,8539c4b795d33a92,KO/TKO,5,1264.0,,5,inferred_five_round_late_finish,True,False,False,False
development,2020-05-16,dfb965c9824425db,ebe122e962d26fa4,SUB,2,425.0,,3,assumed_three_round_early_finish,False,True,False,False
development,2020-05-16,dfb965c9824425db,906283a2adcbc3e0,SUB,1,216.0,,3,assumed_three_round_early_finish,False,True,False,False
development,2020-05-16,dfb965c9824425db,f039c93516e48253,U-DEC,3,900.0,,3,inferred_from_decision_duration,False,True,True,False
development,2020-05-16,dfb965c9824425db,b1e66cea3a4d4709,U-DEC,3,900.0,,3,inferred_from_decision_duration,False,True,True,False
development,2020-05-16,dfb965c9824425db,51461da4ba467901,KO/TKO,1,39.0,,3,assumed_three_round_early_finish,False,True,False,False
development,2020-05-16,dfb965c9824425db,adac148ee6fa3bf7,KO/TKO,2,318.0,,3,assumed_three_round_early_finish,False,True,False,False
development,2020-05-16,dfb965c9824425db,81f2f2d4b0302590,U-DEC,3,900.0,,3,inferred_from_decision_duration,False,True,True,False
development,2020-05-16,dfb965c9824425db,821a1c6f5d7fab14,U-DEC,3,900.0,,3,inferred_from_decision_duration,False,True,True,False
development,2020-05-16,dfb965c9824425db,58540b24ed77d31b,S-DEC,3,900.0,,3,inferred_from_decision_duration,False,True,True,False
development,2020-05-16,dfb965c9824425db,27bfb9205119f23b,S-DEC,3,900.0,,3,inferred_from_decision_duration,False,True,True,False
development,2020-05-16,dfb965c9824425db,ce0748519d5ea5c6,KO/TKO,2,480.0,,3,assumed_three_round_early_finish,False,True,False,False
development,2020-05-30,14b9e0f2679a2205,2300ad7f87080ad7,KO/TKO,2,567.0,,3,assumed_three_round_early_finish,False,True,False,False
development,2020-05-30,14b9e0f2679a2205,57dec2b07b75dada,SUB,1,183.0,,3,assumed_three_round_early_finish,False,True,False,False
development,2020-05-30,14b9e0f2679a2205,0170db5fad04e4d0,SUB,2,498.0,,3,assumed_three_round_early_finish,False,True,False,False
development,2020-05-30,14b9e0f2679a2205,767819f321431bed,U-DEC,3,900.0,,3,inferred_from_decision_duration,False,True,True,False
development,2020-05-30,14b9e0f2679a2205,a41384da70013373,U-DEC,3,900.0,,3,inferred_from_decision_duration,False,True,True,False
development,2020-05-30,14b9e0f2679a2205,3640defb8294bd37,SUB,1,156.0,,3,assumed_three_round_early_finish,False,True,False,False
development,2020-05-30,14b9e0f2679a2205,03e5127d4832750c,SUB,2,506.0,,3,assumed_three_round_early_finish,False,True,False,False
development,2020-05-30,14b9e0f2679a2205,1e9a2b197ebff074,U-DEC,3,900.0,,3,inferred_from_decision_duration,False,True,True,False
development,2020-05-30,14b9e0f2679a2205,a6743d41b0b95271,S-DEC,3,900.0,,3,inferred_from_decision_duration,False,True,True,False
development,2020-05-30,14b9e0f2679a2205,e9eab0fa03eecd9b,U-DEC,5,1500.0,,5,inferred_from_decision_duration,True,False,True,False
development,2020-06-06,4c12aa7ca246e7a4,20ba608a6e717f05,SUB,1,80.0,,3,assumed_three_round_early_finish,False,True,False,False
development,2020-06-06,4c12aa7ca246e7a4,5fdf6611815efdfb,U-DEC,3,900.0,,3,inferred_from_decision_duration,False,True,True,False
development,2020-06-06,4c12aa7ca246e7a4,de4c4997f1429dd1,KO/TKO,1,246.0,,3,assumed_three_round_early_finish,False,True,False,False
development,2020-06-06,4c12aa7ca246e7a4,1c7ea3928c7d0ad8,KO/TKO,2,370.0,,3,assumed_three_round_early_finish,False,True,False,False
development,2020-06-06,4c12aa7ca246e7a4,c6ca435e24c5f4e4,U-DEC,3,900.0,,3,inferred_from_decision_duration,False,True,True,False
development,2020-06-06,4c12aa7ca246e7a4,6fe8bce03a46350b,KO/TKO,1,74.0,,3,assumed_three_round_early_finish,False,True,False,False
development,2020-06-06,4c12aa7ca246e7a4,f2cd665eab69876a,U-DEC,3,900.0,,3,inferred_from_decision_duration,False,True,True,False
development,2020-06-06,4c12aa7ca246e7a4,58584ccd0f63e3f3,KO/TKO,1,114.0,,3,assumed_three_round_early_finish,False,True,False,False
development,2020-06-06,4c12aa7ca246e7a4,8bede5047e97d602,U-DEC,3,900.0,,3,inferred_from_decision_duration,False,True,True,False
development,2020-06-06,4c12aa7ca246e7a4,c03b6b6ce5d03276,SUB,1,88.0,,3,assumed_three_round_early_finish,False,True,False,False
development,2020-06-06,4c12aa7ca246e7a4,0ddf834a47533d15,KO/TKO,2,599.0,,3,assumed_three_round_early_finish,False,True,False,False
development,2020-06-06,4c12aa7ca246e7a4,dc38c78358e053c3,U-DEC,5,1500.0,,5,inferred_from_decision_duration,True,False,True,False
development,2020-06-13,1e13936d708bcff7,58e72b1a38880ba9,KO/TKO,1,59.0,,3,assumed_three_round_early_finish,False,True,False,False
development,2020-06-13,1e13936d708bcff7,dfbb110855354039,KO/TKO,1,32.0,,3,assumed_three_round_early_finish,False,True,False,False
development,2020-06-13,1e13936d708bcff7,97125cd6a94b6394,KO/TKO,1,22.0,,3,assumed_three_round_early_finish,False,True,False,False
development,2020-06-13,1e13936d708bcff7,05061dd590c9eb34,U-DEC,3,900.0,,3,inferred_from_decision_duration,False,True,True,False
development,2020-06-13,1e13936d708bcff7,7606d2f8d8b0e889,SUB,1,162.0,,3,assumed_three_round_early_finish,False,True,False,False
development,2020-06-13,1e13936d708bcff7,e36b8b88646f72f8,U-DEC,3,900.0,,3,inferred_from_decision_duration,False,True,True,False
development,2020-06-13,1e13936d708bcff7,cab532b4544580bd,S-DEC,3,900.0,,3,inferred_from_decision_duration,False,True,True,False
development,2020-06-13,1e13936d708bcff7,1109a8f2adc81ce0,S-DEC,3,900.0,,3,inferred_from_decision_duration,False,True,True,False
development,2020-06-13,1e13936d708bcff7,e857ca0bc3b9fdcd,SUB,1,257.0,,3,assumed_three_round_early_finish,False,True,False,False
development,2020-06-13,1e13936d708bcff7,b8b692aa2aae3310,U-DEC,5,1500.0,,5,inferred_from_decision_duration,True,False,True,False
development,2020-06-20,2eab7a6c8b0ed8cc,d333a6c34ff16397,KO/TKO,2,600.0,,3,assumed_three_round_early_finish,False,True,False,False
development,2020-06-20,2eab7a6c8b0ed8cc,088b47d890b389e9,U-DEC,3,900.0,,3,inferred_from_decision_duration,False,True,True,False
development,2020-06-20,2eab7a6c8b0ed8cc,7f0175f71481b63d,KO/TKO,1,41.0,,3,assumed_three_round_early_finish,False,True,False,False
development,2020-06-20,2eab7a6c8b0ed8cc,90715135a543b6e3,SUB,3,876.0,,3,assumed_three_round_early_finish,False,True,False,False
development,2020-06-20,2eab7a6c8b0ed8cc,1adee75d6c671cc8,U-DEC,3,900.0,,3,inferred_from_decision_duration,False,True,True,False
development,2020-06-20,2eab7a6c8b0ed8cc,d851cbbbdfd05a49,U-DEC,3,900.0,,3,inferred_from_decision_duration,False,True,True,False
development,2020-06-20,2eab7a6c8b0ed8cc,9b39e15b42422a08,SUB,1,145.0,,3,assumed_three_round_early_finish,False,True,False,False
development,2020-06-20,2eab7a6c8b0ed8cc,f00921c62315be96,U-DEC,3,900.0,,3,inferred_from_decision_duration,False,True,True,False
development,2020-06-20,2eab7a6c8b0ed8cc,8b9e9f283e76b429,U-DEC,3,900.0,,3,inferred_from_decision_duration,False,True,True,False
development,2020-06-20,2eab7a6c8b0ed8cc,4f99b4a39925cb47,U-DEC,3,900.0,,3,inferred_from_decision_duration,False,True,True,False
development,2020-06-20,2eab7a6c8b0ed8cc,0c3622569cd8062a,U-DEC,5,1500.0,,5,inferred_from_decision_duration,True,False,True,False
development,2020-06-27,c32eab6c2119e989,0f369d09416b9e34,U-DEC,3,900.0,,3,inferred_from_decision_duration,False,True,True,False
development,2020-06-27,c32eab6c2119e989,1b8d366ac0f110f3,SUB,3,746.0,,3,assumed_three_round_early_finish,False,True,False,False
development,2020-06-27,c32eab6c2119e989,75570ea2da94a4fb,KO/TKO,1,161.0,,3,assumed_three_round_early_finish,False,True,False,False
development,2020-06-27,c32eab6c2119e989,9025e3c6b6d71253,SUB,3,773.0,,3,assumed_three_round_early_finish,False,True,False,False
development,2020-06-27,c32eab6c2119e989,8a8fea2c10512434,SUB,3,764.0,,3,assumed_three_round_early_finish,False,True,False,False
development,2020-06-27,c32eab6c2119e989,67ed3ad521ef619c,KO/TKO,1,48.0,,3,assumed_three_round_early_finish,False,True,False,False
development,2020-06-27,c32eab6c2119e989,cfd47fddbb705f26,U-DEC,3,900.0,,3,inferred_from_decision_duration,False,True,True,False
development,2020-06-27,c32eab6c2119e989,9ce56acac775d386,SUB,3,824.0,,3,assumed_three_round_early_finish,False,True,False,False
development,2020-06-27,c32eab6c2119e989,f2d9814936a6eb35,U-DEC,3,900.0,,3,inferred_from_decision_duration,False,True,True,False
development,2020-06-27,c32eab6c2119e989,f8dd1e75978a3957,U-DEC,5,1500.0,,5,inferred_from_decision_duration,True,False,True,False
development,2020-07-11,dbd198f780286aca,5d6fb4acfe5cc8a1,KO/TKO,3,758.0,,3,assumed_three_round_early_finish,False,True,False,False
development,2020-07-11,dbd198f780286aca,08e48648e3504638,U-DEC,3,900.0,,3,inferred_from_decision_duration,False,True,True,False
development,2020-07-11,dbd198f780286aca,0e8d5c16eb9cb1cf,U-DEC,3,900.0,,3,inferred_from_decision_duration,False,True,True,False
development,2020-07-11,dbd198f780286aca,137646de0ffd9c35,U-DEC,3,900.0,,3,inferred_from_decision_duration,False,True,True,False
development,2020-07-11,dbd198f780286aca,7c76c752c7abf2e0,U-DEC,3,900.0,,3,inferred_from_decision_duration,False,True,True,False
development,2020-07-11,dbd198f780286aca,159646a9d2ae8ea5,SUB,1,195.0,,3,assumed_three_round_early_finish,False,True,False,False
development,2020-07-11,dbd198f780286aca,ce7cd2ec773bea7f,S-DEC,3,900.0,,3,inferred_from_decision_duration,False,True,True,False
development,2020-07-11,dbd198f780286aca,cd8cdb539deaa47f,KO/TKO,2,349.0,,3,assumed_three_round_early_finish,False,True,False,False
development,2020-07-11,dbd198f780286aca,6e0c1faaf40caf9a,SUB,1,141.0,,3,assumed_three_round_early_finish,False,True,False,False
development,2020-07-11,dbd198f780286aca,e16f42a666e163d8,S-DEC,3,900.0,,3,inferred_from_decision_duration,False,True,True,False
development,2020-07-11,dbd198f780286aca,0f9be7ac405772f8,KO/TKO,5,1404.0,,5,inferred_five_round_late_finish,True,False,False,False
development,2020-07-11,dbd198f780286aca,94b1596c6ff9a25d,S-DEC,5,1500.0,,5,inferred_from_decision_duration,True,False,True,False
development,2020-07-11,dbd198f780286aca,d292243c6499b2fe,U-DEC,5,1500.0,,5,inferred_from_decision_duration,True,False,True,False
development,2020-07-15,18f5669a92e99d92,f3c42ce9fad55eb7,SUB,2,449.0,,3,assumed_three_round_early_finish,False,True,False,False
development,2020-07-15,18f5669a92e99d92,dccea04cc3567955,SUB,1,163.0,,3,assumed_three_round_early_finish,False,True,False,False
development,2020-07-15,18f5669a92e99d92,819f51ef9d945a46,U-DEC,3,900.0,,3,inferred_from_decision_duration,False,True,True,False
development,2020-07-15,18f5669a92e99d92,0e969ae805006d1f,KO/TKO,1,300.0,,3,assumed_three_round_early_finish,False,True,False,False
development,2020-07-15,18f5669a92e99d92,f3efc6121c5323ff,KO/TKO,1,258.0,,3,assumed_three_round_early_finish,False,True,False,False
development,2020-07-15,18f5669a92e99d92,7fd810af30144119,SUB,2,372.0,,3,assumed_three_round_early_finish,False,True,False,False
development,2020-07-15,18f5669a92e99d92,33d2a1dbb8a7fef5,U-DEC,3,900.0,,3,inferred_from_decision_duration,False,True,True,False
development,2020-07-15,18f5669a92e99d92,15def71ff1679e06,U-DEC,3,900.0,,3,inferred_from_decision_duration,False,True,True,False
development,2020-07-15,18f5669a92e99d92,d4c314616eac8f8b,U-DEC,3,900.0,,3,inferred_from_decision_duration,False,True,True,False
development,2020-07-15,18f5669a92e99d92,7dbf23cb872edc9c,U-DEC,3,900.0,,3,inferred_from_decision_duration,False,True,True,False
development,2020-07-15,18f5669a92e99d92,abeaae1a64934178,U-DEC,5,1500.0,,5,inferred_from_decision_duration,True,False,True,False
development,2020-07-18,ddbd0d6259ce57cc,147e31abbe3927d0,M-DEC,3,900.0,,3,inferred_from_decision_duration,False,True,True,False
development,2020-07-18,ddbd0d6259ce57cc,ecb24300bb3bef8c,U-DEC,3,900.0,,3,inferred_from_decision_duration,False,True,True,False
development,2020-07-18,ddbd0d6259ce57cc,b9b0da84b243213f,SUB,1,282.0,,3,assumed_three_round_early_finish,False,True,False,False
development,2020-07-18,ddbd0d6259ce57cc,b5f70d0c88f12645,U-DEC,3,900.0,,3,inferred_from_decision_duration,False,True,True,False
development,2020-07-18,ddbd0d6259ce57cc,b76c0b0ed2926737,SUB,1,145.0,,3,assumed_three_round_early_finish,False,True,False,False
development,2020-07-18,ddbd0d6259ce57cc,bb881d4ee6dfbf86,U-DEC,3,900.0,,3,inferred_from_decision_duration,False,True,True,False
development,2020-07-18,ddbd0d6259ce57cc,e5a9f75b1117d848,KO/TKO,1,255.0,,3,assumed_three_round_early_finish,False,True,False,False
development,2020-07-18,ddbd0d6259ce57cc,ba4485ce4e8e3fe1,U-DEC,3,900.0,,3,inferred_from_decision_duration,False,True,True,False
development,2020-07-18,ddbd0d6259ce57cc,c4c379b8f99fea88,SUB,1,88.0,,3,assumed_three_round_early_finish,False,True,False,False
development,2020-07-18,ddbd0d6259ce57cc,e5872dfa5b93fcbb,U-DEC,3,900.0,,3,inferred_from_decision_duration,False,True,True,False
development,2020-07-18,ddbd0d6259ce57cc,fcfd2e6eed519cb9,SUB,1,78.0,,3,assumed_three_round_early_finish,False,True,False,False
development,2020-07-18,ddbd0d6259ce57cc,4dc5039b21013b3a,SUB,1,288.0,,3,assumed_three_round_early_finish,False,True,False,False
development,2020-07-25,dde70a112e053a6c,67db05bac9165722,U-DEC,3,900.0,,3,inferred_from_decision_duration,False,True,True,False
development,2020-07-25,dde70a112e053a6c,87daaa6db4f6940c,U-DEC,3,900.0,,3,inferred_from_decision_duration,False,True,True,False
development,2020-07-25,dde70a112e053a6c,54bbc7974df586a1,U-DEC,3,900.0,,3,inferred_from_decision_duration,False,True,True,False
development,2020-07-25,dde70a112e053a6c,88d3b6b833e31712,KO/TKO,2,456.0,,3,assumed_three_round_early_finish,False,True,False,False
development,2020-07-25,dde70a112e053a6c,32b0e450b11b32fe,U-DEC,3,900.0,,3,inferred_from_decision_duration,False,True,True,False
development,2020-07-25,dde70a112e053a6c,6cfab1da57d260f4,KO/TKO,1,45.0,,3,assumed_three_round_early_finish,False,True,False,False
development,2020-07-25,dde70a112e053a6c,3b209a2aee014ac2,KO/TKO,3,690.0,,3,assumed_three_round_early_finish,False,True,False,False
development,2020-07-25,dde70a112e053a6c,573d3a6984cbcd29,KO/TKO,1,189.0,,3,assumed_three_round_early_finish,False,True,False,False
development,2020-07-25,dde70a112e053a6c,58e07add007685f8,U-DEC,3,900.0,,3,inferred_from_decision_duration,False,True,True,False
development,2020-07-25,dde70a112e053a6c,74dae3d87a99cf5d,SUB,1,126.0,,3,assumed_three_round_early_finish,False,True,False,False
development,2020-07-25,dde70a112e053a6c,5632f2364016e879,S-DEC,3,900.0,,3,inferred_from_decision_duration,False,True,True,False
development,2020-07-25,dde70a112e053a6c,f786136e55007e17,SUB,1,150.0,,3,assumed_three_round_early_finish,False,True,False,False
development,2020-07-25,dde70a112e053a6c,a3820f1eb82f2ba6,S-DEC,3,900.0,,3,inferred_from_decision_duration,False,True,True,False
development,2020-07-25,dde70a112e053a6c,11f715fa5e825e51,U-DEC,5,1500.0,,5,inferred_from_decision_duration,True,False,True,False
development,2020-08-01,3746e21bb508391a,76b9a338597fc604,U-DEC,3,900.0,,3,inferred_from_decision_duration,False,True,True,False
development,2020-08-01,3746e21bb508391a,6ba9f6a7a9361354,U-DEC,3,900.0,,3,inferred_from_decision_duration,False,True,True,False
development,2020-08-01,3746e21bb508391a,94b48b98d0292720,KO/TKO,3,657.0,,3,assumed_three_round_early_finish,False,True,False,False
development,2020-08-01,3746e21bb508391a,0b21755eb0897396,U-DEC,3,900.0,,3,inferred_from_decision_duration,False,True,True,False
development,2020-08-01,3746e21bb508391a,2fb1abeb337e0ccc,KO/TKO,2,596.0,,3,assumed_three_round_early_finish,False,True,False,False
development,2020-08-01,3746e21bb508391a,5885445f39dac389,SUB,1,269.0,,3,assumed_three_round_early_finish,False,True,False,False
development,2020-08-01,3746e21bb508391a,0b88d0c76f9cd7e4,KO/TKO,3,626.0,,3,assumed_three_round_early_finish,False,True,False,False
development,2020-08-08,7a82635ffa9b59fe,5c8d9d893d163d51,S-DEC,3,900.0,,3,inferred_from_decision_duration,False,True,True,False
development,2020-08-08,7a82635ffa9b59fe,e255fc129f225a55,U-DEC,3,900.0,,3,inferred_from_decision_duration,False,True,True,False
development,2020-08-08,7a82635ffa9b59fe,1308213458d8596b,SUB,3,703.0,,3,assumed_three_round_early_finish,False,True,False,False
development,2020-08-08,7a82635ffa9b59fe,e8f4e8ff49678b44,KO/TKO,1,254.0,,3,assumed_three_round_early_finish,False,True,False,False
development,2020-08-08,7a82635ffa9b59fe,26173f6491300eaa,U-DEC,3,900.0,,3,inferred_from_decision_duration,False,True,True,False
development,2020-08-08,7a82635ffa9b59fe,05f6459d1f3ed13f,KO/TKO,3,632.0,,3,assumed_three_round_early_finish,False,True,False,False
development,2020-08-08,7a82635ffa9b59fe,6f1892ed71d943d7,U-DEC,3,900.0,,3,inferred_from_decision_duration,False,True,True,False
development,2020-08-08,7a82635ffa9b59fe,cfb189e326553f0a,KO/TKO,1,278.0,,3,assumed_three_round_early_finish,False,True,False,False
development,2020-08-08,7a82635ffa9b59fe,ad62675e819e92fc,U-DEC,3,900.0,,3,inferred_from_decision_duration,False,True,True,False
development,2020-08-08,7a82635ffa9b59fe,c2ddadfa1a1056be,SUB,1,221.0,,3,assumed_three_round_early_finish,False,True,False,False
development,2020-08-08,7a82635ffa9b59fe,22e10b23784e5efc,U-DEC,3,900.0,,3,inferred_from_decision_duration,False,True,True,False
development,2020-08-08,7a82635ffa9b59fe,a2e34655a41ba45c,KO/TKO,2,321.0,,3,assumed_three_round_early_finish,False,True,False,False
development,2020-08-15,bda04c573563cc2e,86deadaab9905a03,U-DEC,3,900.0,,3,inferred_from_decision_duration,False,True,True,False
development,2020-08-15,bda04c573563cc2e,2e9ad55f2e2f7c56,KO/TKO,1,268.0,,3,assumed_three_round_early_finish,False,True,False,False
development,2020-08-15,bda04c573563cc2e,745bdd823161da89,U-DEC,3,900.0,,3,inferred_from_decision_duration,False,True,True,False
development,2020-08-15,bda04c573563cc2e,3e4b8bd71e8bceb2,U-DEC,3,900.0,,3,inferred_from_decision_duration,False,True,True,False
development,2020-08-15,bda04c573563cc2e,5081319e58f9759f,SUB,1,104.0,,3,assumed_three_round_early_finish,False,True,False,False
development,2020-08-15,bda04c573563cc2e,054794810817c1cc,U-DEC,3,900.0,,3,inferred_from_decision_duration,False,True,True,False
development,2020-08-15,bda04c573563cc2e,57939328c1214107,U-DEC,3,900.0,,3,inferred_from_decision_duration,False,True,True,False
development,2020-08-15,bda04c573563cc2e,0d9e9127c62811f9,KO/TKO,2,577.0,,3,assumed_three_round_early_finish,False,True,False,False
development,2020-08-15,bda04c573563cc2e,dc24c4759651c6ad,KO/TKO,2,527.0,,3,assumed_three_round_early_finish,False,True,False,False
development,2020-08-15,bda04c573563cc2e,7200343d2e957cf3,KO/TKO,1,280.0,,3,assumed_three_round_early_finish,False,True,False,False
development,2020-08-15,bda04c573563cc2e,3bdacc82209b33f5,U-DEC,5,1500.0,,5,inferred_from_decision_duration,True,False,True,False
development,2020-08-22,af1e5c64b8663aa0,949619e1b1de9e5f,U-DEC,3,900.0,,3,inferred_from_decision_duration,False,True,True,False
development,2020-08-22,af1e5c64b8663aa0,0ccc86f7d0e84c3e,KO/TKO,1,91.0,,3,assumed_three_round_early_finish,False,True,False,False
development,2020-08-22,af1e5c64b8663aa0,0a3e48cdd97267f4,U-DEC,3,900.0,,3,inferred_from_decision_duration,False,True,True,False
development,2020-08-22,af1e5c64b8663aa0,cfa0dbc7534f3545,KO/TKO,1,144.0,,3,assumed_three_round_early_finish,False,True,False,False
development,2020-08-22,af1e5c64b8663aa0,37a6fc5e69a7932d,KO/TKO,2,398.0,,3,assumed_three_round_early_finish,False,True,False,False
development,2020-08-22,af1e5c64b8663aa0,23e548f618dd0e5f,SUB,1,231.0,,3,assumed_three_round_early_finish,False,True,False,False
development,2020-08-22,af1e5c64b8663aa0,5d9a3bfdcd28abb8,KO/TKO,1,137.0,,3,assumed_three_round_early_finish,False,True,False,False
development,2020-08-22,af1e5c64b8663aa0,dfe14e13aa727a0c,S-DEC,5,1500.0,,5,inferred_from_decision_duration,True,False,True,False
development,2020-08-29,e29cf523ebd155c5,e1e31a8dfa9c27f6,SUB,2,393.0,,3,assumed_three_round_early_finish,False,True,False,False
development,2020-08-29,e29cf523ebd155c5,16358c536d739017,SUB,1,113.0,,3,assumed_three_round_early_finish,False,True,False,False
development,2020-08-29,e29cf523ebd155c5,c5ba56d51f6b0171,SUB,2,407.0,,3,assumed_three_round_early_finish,False,True,False,False
development,2020-08-29,e29cf523ebd155c5,d43c007dab9c51b0,SUB,1,218.0,,3,assumed_three_round_early_finish,False,True,False,False
development,2020-08-29,e29cf523ebd155c5,0a7517a16d2d9db6,U-DEC,3,900.0,,3,inferred_from_decision_duration,False,True,True,False
development,2020-08-29,e29cf523ebd155c5,eb9097be07a3c26a,U-DEC,3,900.0,,3,inferred_from_decision_duration,False,True,True,False
development,2020-08-29,e29cf523ebd155c5,3a8e4b830750e9d4,U-DEC,3,900.0,,3,inferred_from_decision_duration,False,True,True,False
development,2020-08-29,e29cf523ebd155c5,0a9f22de8600c762,U-DEC,3,900.0,,3,inferred_from_decision_duration,False,True,True,False
development,2020-08-29,e29cf523ebd155c5,864cddd6e165ea2d,U-DEC,3,900.0,,3,inferred_from_decision_duration,False,True,True,False
development,2020-08-29,e29cf523ebd155c5,1ff4586752ee8a93,U-DEC,3,900.0,,3,inferred_from_decision_duration,False,True,True,False
development,2020-09-05,542db012217ecb83,7340b4cbdbac5863,U-DEC,3,900.0,,3,inferred_from_decision_duration,False,True,True,False
development,2020-09-05,542db012217ecb83,7930c605c6a6ec88,U-DEC,3,900.0,,3,inferred_from_decision_duration,False,True,True,False
development,2020-09-05,542db012217ecb83,7595aabe89020780,SUB,1,39.0,,3,assumed_three_round_early_finish,False,True,False,False
development,2020-09-05,542db012217ecb83,e8206c7380441fbb,SUB,1,162.0,,3,assumed_three_round_early_finish,False,True,False,False
development,2020-09-05,542db012217ecb83,0f279b25ccbecc76,SUB,3,879.0,,3,assumed_three_round_early_finish,False,True,False,False
development,2020-09-05,542db012217ecb83,0e809b7e37681783,KO/TKO,2,547.0,,3,assumed_three_round_early_finish,False,True,False,False
development,2020-09-05,542db012217ecb83,24341a8cf1152c5c,KO/TKO,5,1226.0,,5,inferred_five_round_late_finish,True,False,False,False
development,2020-09-12,9c37681096c6f3a9,ed8fb10b596e6fa4,SUB,3,837.0,,3,assumed_three_round_early_finish,False,True,False,False
development,2020-09-12,9c37681096c6f3a9,463fc1fd1f17befb,U-DEC,3,900.0,,3,inferred_from_decision_duration,False,True,True,False
development,2020-09-12,9c37681096c6f3a9,bcc9dca5136fc765,SUB,2,560.0,,3,assumed_three_round_early_finish,False,True,False,False
development,2020-09-12,9c37681096c6f3a9,2461756d8acd56d2,SUB,2,562.0,,3,assumed_three_round_early_finish,False,True,False,False
development,2020-09-12,9c37681096c6f3a9,cf0e0f95524f187a,U-DEC,3,900.0,,3,inferred_from_decision_duration,False,True,True,False
development,2020-09-12,9c37681096c6f3a9,c58aaabf2c5635d7,KO/TKO,3,607.0,,3,assumed_three_round_early_finish,False,True,False,False
development,2020-09-12,9c37681096c6f3a9,06910bddb0745856,U-DEC,3,900.0,,3,inferred_from_decision_duration,False,True,True,False
development,2020-09-12,9c37681096c6f3a9,3901d9cdbb0949bc,SUB,3,761.0,,3,assumed_three_round_early_finish,False,True,False,False
development,2020-09-12,9c37681096c6f3a9,764012f51c7dc223,U-DEC,3,900.0,,3,inferred_from_decision_duration,False,True,True,False
development,2020-09-12,9c37681096c6f3a9,1ed8776f978a0155,KO/TKO,1,93.0,,3,assumed_three_round_early_finish,False,True,False,False
development,2020-09-12,9c37681096c6f3a9,0ffbf3096a13b47e,S-DEC,5,1500.0,,5,inferred_from_decision_duration,True,False,True,False
development,2020-09-19,831b937811804dad,579f3280456ad450,KO/TKO,2,334.0,,3,assumed_three_round_early_finish,False,True,False,False
development,2020-09-19,831b937811804dad,3a38b0b566f3045d,S-DEC,3,900.0,,3,inferred_from_decision_duration,False,True,True,False
development,2020-09-19,831b937811804dad,42ecb9a94bebc24d,KO/TKO,1,41.0,,3,assumed_three_round_early_finish,False,True,False,False
development,2020-09-19,831b937811804dad,36656dfa32341671,SUB,1,52.0,,3,assumed_three_round_early_finish,False,True,False,False
development,2020-09-19,831b937811804dad,bf614956b28f231c,KO/TKO,3,861.0,,3,assumed_three_round_early_finish,False,True,False,False
development,2020-09-19,831b937811804dad,4f3cd94861c6a876,SUB,1,149.0,,3,assumed_three_round_early_finish,False,True,False,False
development,2020-09-19,831b937811804dad,aa08ebe1a69c76ca,SUB,3,681.0,,3,assumed_three_round_early_finish,False,True,False,False
development,2020-09-19,831b937811804dad,36807d8a7ebc84a5,U-DEC,3,900.0,,3,inferred_from_decision_duration,False,True,True,False
development,2020-09-19,831b937811804dad,78c3ca588e55bf31,S-DEC,3,900.0,,3,inferred_from_decision_duration,False,True,True,False
development,2020-09-19,831b937811804dad,859ca56770ac7672,SUB,1,224.0,,3,assumed_three_round_early_finish,False,True,False,False
development,2020-09-19,831b937811804dad,1a484c452623181e,KO/TKO,1,163.0,,3,assumed_three_round_early_finish,False,True,False,False
development,2020-09-19,831b937811804dad,498766b46b8b4a7f,KO/TKO,1,17.0,,3,assumed_three_round_early_finish,False,True,False,False
development,2020-09-19,831b937811804dad,ca531425f5c042db,KO/TKO,5,1279.0,,5,inferred_five_round_late_finish,True,False,False,False
development,2020-09-26,e69c5ce12f4e762b,e10481ee3fda7080,U-DEC,3,900.0,,3,inferred_from_decision_duration,False,True,True,False
development,2020-09-26,e69c5ce12f4e762b,8e7b2d62f834b417,SUB,1,228.0,,3,assumed_three_round_early_finish,False,True,False,False
development,2020-09-26,e69c5ce12f4e762b,5fb63c34935acce9,U-DEC,3,900.0,,3,inferred_from_decision_duration,False,True,True,False
development,2020-09-26,e69c5ce12f4e762b,eed8c9955cad1e30,KO/TKO,1,76.0,,3,assumed_three_round_early_finish,False,True,False,False
development,2020-09-26,e69c5ce12f4e762b,73dbbdfcf7f989c0,U-DEC,3,900.0,,3,inferred_from_decision_duration,False,True,True,False
development,2020-09-26,e69c5ce12f4e762b,9f4d6d192ab4a027,U-DEC,3,900.0,,3,inferred_from_decision_duration,False,True,True,False
development,2020-09-26,e69c5ce12f4e762b,5a00c73efbcf323e,S-DEC,3,900.0,,3,inferred_from_decision_duration,False,True,True,False
development,2020-09-26,e69c5ce12f4e762b,e842c6f63fa2e27a,U-DEC,3,900.0,,3,inferred_from_decision_duration,False,True,True,False
development,2020-09-26,e69c5ce12f4e762b,9e674a02db6c03c8,SUB,2,348.0,,3,assumed_three_round_early_finish,False,True,False,False
development,2020-09-26,e69c5ce12f4e762b,4c12c9085200121f,KO/TKO,2,576.0,,3,assumed_three_round_early_finish,False,True,False,False
development,2020-09-26,e69c5ce12f4e762b,fd76b75c28dc247a,KO/TKO,2,539.0,,3,assumed_three_round_early_finish,False,True,False,False
development,2020-10-03,805ad1801eb26abb,d866afa89d62a4ae,KO/TKO,1,72.0,,3,assumed_three_round_early_finish,False,True,False,False
development,2020-10-03,805ad1801eb26abb,ac6b2a5f24c2b8bd,U-DEC,3,900.0,,3,inferred_from_decision_duration,False,True,True,False
development,2020-10-03,805ad1801eb26abb,87105c63df95f929,U-DEC,3,900.0,,3,inferred_from_decision_duration,False,True,True,False
development,2020-10-03,805ad1801eb26abb,15a422574c3b89e1,U-DEC,3,900.0,,3,inferred_from_decision_duration,False,True,True,False
development,2020-10-03,805ad1801eb26abb,24ff0bb908095565,U-DEC,3,900.0,,3,inferred_from_decision_duration,False,True,True,False
development,2020-10-03,805ad1801eb26abb,1e7caef3f6dfde10,KO/TKO,2,495.0,,3,assumed_three_round_early_finish,False,True,False,False
development,2020-10-03,805ad1801eb26abb,c00a8682fb5b71bd,KO/TKO,2,344.0,,3,assumed_three_round_early_finish,False,True,False,False
development,2020-10-03,805ad1801eb26abb,81b16b26774be5d1,SUB,3,805.0,,3,assumed_three_round_early_finish,False,True,False,False
development,2020-10-03,805ad1801eb26abb,ba6093c9136f99e9,U-DEC,3,900.0,,3,inferred_from_decision_duration,False,True,True,False
development,2020-10-03,805ad1801eb26abb,0005e00b07cee542,U-DEC,5,1500.0,,5,inferred_from_decision_duration,True,False,True,False
development,2020-10-10,fd4578cac86d75ca,dbb5d682a2d7f584,U-DEC,3,900.0,,3,inferred_from_decision_duration,False,True,True,False
development,2020-10-10,fd4578cac86d75ca,849cc2c331e9b24f,U-DEC,3,900.0,,3,inferred_from_decision_duration,False,True,True,False
development,2020-10-10,fd4578cac86d75ca,89dd4c256ca5d317,U-DEC,3,900.0,,3,inferred_from_decision_duration,False,True,True,False
development,2020-10-10,fd4578cac86d75ca,dfb856d4c80bbf04,U-DEC,3,900.0,,3,inferred_from_decision_duration,False,True,True,False
development,2020-10-10,fd4578cac86d75ca,ee57cbd0b68c689d,KO/TKO,2,423.0,,3,assumed_three_round_early_finish,False,True,False,False
development,2020-10-10,fd4578cac86d75ca,1e525f9857019a2e,KO/TKO,1,45.0,,3,assumed_three_round_early_finish,False,True,False,False
development,2020-10-10,fd4578cac86d75ca,7c4eb0b4845eb0ed,KO/TKO,1,102.0,,3,assumed_three_round_early_finish,False,True,False,False
development,2020-10-10,fd4578cac86d75ca,22fe6779c3fa649d,U-DEC,3,900.0,,3,inferred_from_decision_duration,False,True,True,False
development,2020-10-10,fd4578cac86d75ca,e4d831dc318e4e98,KO/TKO,1,95.0,,3,assumed_three_round_early_finish,False,True,False,False
development,2020-10-10,fd4578cac86d75ca,e64075c104471ff0,KO/TKO,1,202.0,,3,assumed_three_round_early_finish,False,True,False,False
development,2020-10-10,fd4578cac86d75ca,1720a97a2fa261f8,U-DEC,3,900.0,,3,inferred_from_decision_duration,False,True,True,False
development,2020-10-10,fd4578cac86d75ca,db5802643b9fd7d4,U-DEC,3,900.0,,3,inferred_from_decision_duration,False,True,True,False
development,2020-10-10,fd4578cac86d75ca,727ecd251325b6a8,KO/TKO,2,363.0,,3,assumed_three_round_early_finish,False,True,False,False
development,2020-10-17,d4f364dd076bb0e2,024a04f78b37b7d9,KO/TKO,1,51.0,,3,assumed_three_round_early_finish,False,True,False,False
development,2020-10-17,d4f364dd076bb0e2,b3e12698e65cf8d0,KO/TKO,2,598.0,,3,assumed_three_round_early_finish,False,True,False,False
development,2020-10-17,d4f364dd076bb0e2,2735a2ea77ddc0b5,U-DEC,3,900.0,,3,inferred_from_decision_duration,False,True,True,False
development,2020-10-17,d4f364dd076bb0e2,50e0bcba7551a25f,U-DEC,3,900.0,,3,inferred_from_decision_duration,False,True,True,False
development,2020-10-17,d4f364dd076bb0e2,9b6135943a4c8fe7,U-DEC,3,900.0,,3,inferred_from_decision_duration,False,True,True,False
development,2020-10-17,d4f364dd076bb0e2,e5279358b128c2ac,S-DEC,3,900.0,,3,inferred_from_decision_duration,False,True,True,False
development,2020-10-17,d4f364dd076bb0e2,e4d0be5ae320c4ae,U-DEC,3,900.0,,3,inferred_from_decision_duration,False,True,True,False
development,2020-10-17,d4f364dd076bb0e2,4eb5f99202f5fe97,U-DEC,3,900.0,,3,inferred_from_decision_duration,False,True,True,False
development,2020-10-17,d4f364dd076bb0e2,948da1b7ebbb06b3,KO/TKO,1,121.0,,3,assumed_three_round_early_finish,False,True,False,False
development,2020-10-17,d4f364dd076bb0e2,e7a915f39ecf6db0,KO/TKO,1,295.0,,3,assumed_three_round_early_finish,False,True,False,False
development,2020-10-17,d4f364dd076bb0e2,5a440bdee19efaab,U-DEC,5,1500.0,,5,inferred_from_decision_duration,True,False,True,False
development,2020-10-24,c3c38c86f5ab9b5c,2279d909f6e3e552,SUB,1,180.0,,3,assumed_three_round_early_finish,False,True,False,False
development,2020-10-24,c3c38c86f5ab9b5c,47f9c14a7dca1ad7,KO/TKO,1,300.0,,3,assumed_three_round_early_finish,False,True,False,False
development,2020-10-24,c3c38c86f5ab9b5c,5b062be91c65fb73,SUB,1,280.0,,3,assumed_three_round_early_finish,False,True,False,False
development,2020-10-24,c3c38c86f5ab9b5c,de2069fea664c4b7,U-DEC,3,900.0,,3,inferred_from_decision_duration,False,True,True,False
development,2020-10-24,c3c38c86f5ab9b5c,6eaa4981d0335c8a,KO/TKO,1,299.0,,3,assumed_three_round_early_finish,False,True,False,False
development,2020-10-24,c3c38c86f5ab9b5c,eedcb6c5d163e581,KO/TKO,1,259.0,,3,assumed_three_round_early_finish,False,True,False,False
development,2020-10-24,c3c38c86f5ab9b5c,e8ef17c0babcfca5,SUB,2,511.0,,3,assumed_three_round_early_finish,False,True,False,False
development,2020-10-24,c3c38c86f5ab9b5c,a2620cbef573a837,KO/TKO,1,18.0,,3,assumed_three_round_early_finish,False,True,False,False
development,2020-10-24,c3c38c86f5ab9b5c,ccfe7b0d29c5440c,KO/TKO,2,375.0,,3,assumed_three_round_early_finish,False,True,False,False
development,2020-10-24,c3c38c86f5ab9b5c,51108eabae8391ca,U-DEC,3,900.0,,3,inferred_from_decision_duration,False,True,True,False
development,2020-10-24,c3c38c86f5ab9b5c,59eea37af7efb06c,SUB,2,394.0,,3,assumed_three_round_early_finish,False,True,False,False
development,2020-10-31,ad044be25c94dcfd,7e6f12a95c14f9de,KO/TKO,3,771.0,,3,assumed_three_round_early_finish,False,True,False,False
development,2020-10-31,ad044be25c94dcfd,783761d95060ffc4,KO/TKO,1,158.0,,3,assumed_three_round_early_finish,False,True,False,False
development,2020-10-31,ad044be25c94dcfd,696ff200d98fa878,SUB,2,429.0,,3,assumed_three_round_early_finish,False,True,False,False
development,2020-10-31,ad044be25c94dcfd,09f5fb0bec3c948a,U-DEC,3,900.0,,3,inferred_from_decision_duration,False,True,True,False
development,2020-10-31,ad044be25c94dcfd,4e566bd7094b49da,KO/TKO,1,166.0,,3,assumed_three_round_early_finish,False,True,False,False
development,2020-10-31,ad044be25c94dcfd,95beb5ec32718faf,KO/TKO,1,106.0,,3,assumed_three_round_early_finish,False,True,False,False
development,2020-10-31,ad044be25c94dcfd,6915d46b49999f60,U-DEC,3,900.0,,3,inferred_from_decision_duration,False,True,True,False
development,2020-10-31,ad044be25c94dcfd,997dcf5fd2eb0f2f,SUB,1,159.0,,3,assumed_three_round_early_finish,False,True,False,False
development,2020-10-31,ad044be25c94dcfd,d763ad79532b27ff,KO/TKO,2,372.0,,3,assumed_three_round_early_finish,False,True,False,False
development,2020-10-31,ad044be25c94dcfd,83955de599b2d874,U-DEC,3,900.0,,3,inferred_from_decision_duration,False,True,True,False
development,2020-10-31,ad044be25c94dcfd,039c645e8f3ac00f,KO/TKO,4,984.0,,5,inferred_five_round_late_finish,False,False,False,False
development,2020-11-07,41dca66f9dadfc86,cb720b01fd6f9785,SUB,1,163.0,,3,assumed_three_round_early_finish,False,True,False,False
development,2020-11-07,41dca66f9dadfc86,55019da3a4bd5d54,KO/TKO,3,723.0,,3,assumed_three_round_early_finish,False,True,False,False
development,2020-11-07,41dca66f9dadfc86,69fa167ba5d0fd82,SUB,3,742.0,,3,assumed_three_round_early_finish,False,True,False,False
development,2020-11-07,41dca66f9dadfc86,2267d967d1daf08a,SUB,1,288.0,,3,assumed_three_round_early_finish,False,True,False,False
development,2020-11-07,41dca66f9dadfc86,fea7dd5904ab4c91,KO/TKO,3,686.0,,3,assumed_three_round_early_finish,False,True,False,False
development,2020-11-07,41dca66f9dadfc86,b76590c02f86e705,U-DEC,3,900.0,,3,inferred_from_decision_duration,False,True,True,False
development,2020-11-07,41dca66f9dadfc86,0fed97329b78b887,KO/TKO,1,231.0,,3,assumed_three_round_early_finish,False,True,False,False
development,2020-11-07,41dca66f9dadfc86,6ac3d588f9630f0a,U-DEC,3,900.0,,3,inferred_from_decision_duration,False,True,True,False
development,2020-11-07,41dca66f9dadfc86,f0cf92b063735164,U-DEC,3,900.0,,3,inferred_from_decision_duration,False,True,True,False
development,2020-11-07,41dca66f9dadfc86,923e151bd990961b,SUB,3,709.0,,3,assumed_three_round_early_finish,False,True,False,False
development,2020-11-14,3bc27ec15facbcf3,f6472ca263a863d1,U-DEC,3,900.0,,3,inferred_from_decision_duration,False,True,True,False
development,2020-11-14,3bc27ec15facbcf3,d80fd2ec736f7df2,U-DEC,3,900.0,,3,inferred_from_decision_duration,False,True,True,False
development,2020-11-14,3bc27ec15facbcf3,9e4dcac049327529,S-DEC,3,900.0,,3,inferred_from_decision_duration,False,True,True,False
development,2020-11-14,3bc27ec15facbcf3,470391c4067bf49b,U-DEC,3,900.0,,3,inferred_from_decision_duration,False,True,True,False
development,2020-11-14,3bc27ec15facbcf3,742dc4196d329db0,U-DEC,3,900.0,,3,inferred_from_decision_duration,False,True,True,False
development,2020-11-14,3bc27ec15facbcf3,fa6e8fa6c3f05e31,KO/TKO,2,392.0,,3,assumed_three_round_early_finish,False,True,False,False
development,2020-11-14,3bc27ec15facbcf3,34db1e0e2499e7ae,U-DEC,3,900.0,,3,inferred_from_decision_duration,False,True,True,False
development,2020-11-14,3bc27ec15facbcf3,30eb24f7904c2128,KO/TKO,1,30.0,,3,assumed_three_round_early_finish,False,True,False,False
development,2020-11-14,3bc27ec15facbcf3,80cb3cf9134b677c,S-DEC,5,1500.0,,5,inferred_from_decision_duration,True,False,True,False
development,2020-11-21,bbb15f301e4a490a,91afc389191d41fb,KO/TKO,3,767.0,,3,assumed_three_round_early_finish,False,True,False,False
development,2020-11-21,bbb15f301e4a490a,90eb22b9eb6ed2a8,U-DEC,3,900.0,,3,inferred_from_decision_duration,False,True,True,False
development,2020-11-21,bbb15f301e4a490a,a02764f92a84dd36,U-DEC,3,900.0,,3,inferred_from_decision_duration,False,True,True,False
development,2020-11-21,bbb15f301e4a490a,e22d5aab3d099c7c,U-DEC,3,900.0,,3,inferred_from_decision_duration,False,True,True,False
development,2020-11-21,bbb15f301e4a490a,a485281be8e9d2e2,KO/TKO,2,573.0,,3,assumed_three_round_early_finish,False,True,False,False
development,2020-11-21,bbb15f301e4a490a,6c1b38dd918793ff,KO/TKO,2,318.0,,3,assumed_three_round_early_finish,False,True,False,False
development,2020-11-21,bbb15f301e4a490a,8d5ea3bf3be7cb91,KO/TKO,1,299.0,,3,assumed_three_round_early_finish,False,True,False,False
development,2020-11-21,bbb15f301e4a490a,1671723154d8e324,KO/TKO,2,516.0,,3,assumed_three_round_early_finish,False,True,False,False
development,2020-11-21,bbb15f301e4a490a,08ef2ed7393efd24,U-DEC,3,900.0,,3,inferred_from_decision_duration,False,True,True,False
development,2020-11-21,bbb15f301e4a490a,2b13651b97f57b6c,U-DEC,3,900.0,,3,inferred_from_decision_duration,False,True,True,False
development,2020-11-21,bbb15f301e4a490a,c93eebe24aa0299d,U-DEC,5,1500.0,,5,inferred_from_decision_duration,True,False,True,False
development,2020-11-21,bbb15f301e4a490a,3c098e2946b4c824,SUB,1,117.0,,3,assumed_three_round_early_finish,False,True,False,False
development,2020-11-28,992c82450d96f726,e64d80dcc6853ea0,SUB,2,449.0,,3,assumed_three_round_early_finish,False,True,False,False
development,2020-11-28,992c82450d96f726,8868957c1735bcf0,KO/TKO,1,44.0,,3,assumed_three_round_early_finish,False,True,False,False
development,2020-11-28,992c82450d96f726,711f00d287344c77,KO/TKO,3,850.0,,3,assumed_three_round_early_finish,False,True,False,False
development,2020-11-28,992c82450d96f726,0c27552ea7bc8c8a,SUB,1,275.0,,3,assumed_three_round_early_finish,False,True,False,False
development,2020-11-28,992c82450d96f726,4d56bcd82438e632,KO/TKO,2,568.0,,3,assumed_three_round_early_finish,False,True,False,False
development,2020-11-28,992c82450d96f726,2a7909acde26a240,U-DEC,3,900.0,,3,inferred_from_decision_duration,False,True,True,False
development,2020-11-28,992c82450d96f726,181c3312f14de5a8,U-DEC,3,900.0,,3,inferred_from_decision_duration,False,True,True,False
development,2020-11-28,992c82450d96f726,32a7da2f34ae3803,U-DEC,3,900.0,,3,inferred_from_decision_duration,False,True,True,False
development,2020-11-28,992c82450d96f726,28b6ee9c3eb8b753,SUB,2,568.0,,3,assumed_three_round_early_finish,False,True,False,False
development,2020-11-28,992c82450d96f726,09a29fb09fe07559,SUB,1,154.0,,3,assumed_three_round_early_finish,False,True,False,False
development,2020-12-05,398b440e73d55b8b,c4d1c4b82cf34afb,U-DEC,3,900.0,,3,inferred_from_decision_duration,False,True,True,False
development,2020-12-05,398b440e73d55b8b,b1be8b41b1a4fd85,KO/TKO,1,158.0,,3,assumed_three_round_early_finish,False,True,False,False
development,2020-12-05,398b440e73d55b8b,771d8ce136a12a13,KO/TKO,2,435.0,,3,assumed_three_round_early_finish,False,True,False,False
development,2020-12-05,398b440e73d55b8b,856fab879c68ded7,KO/TKO,1,22.0,,3,assumed_three_round_early_finish,False,True,False,False
development,2020-12-05,398b440e73d55b8b,4478ee77a647ae9d,S-DEC,3,900.0,,3,inferred_from_decision_duration,False,True,True,False
development,2020-12-05,398b440e73d55b8b,46860358da8b8d82,KO/TKO,1,246.0,,3,assumed_three_round_early_finish,False,True,False,False
development,2020-12-05,398b440e73d55b8b,8d4a475e48722fea,KO/TKO,2,517.0,,3,assumed_three_round_early_finish,False,True,False,False
development,2020-12-05,398b440e73d55b8b,2723f4d275d3f619,U-DEC,5,1500.0,,5,inferred_from_decision_duration,True,False,True,False
development,2020-12-12,d0d43cb9b14f231c,33d52ac2d70b8415,SUB,3,782.0,,3,assumed_three_round_early_finish,False,True,False,False
development,2020-12-12,d0d43cb9b14f231c,5ddf45e816a50fac,KO/TKO,1,300.0,,3,assumed_three_round_early_finish,False,True,False,False
development,2020-12-12,d0d43cb9b14f231c,87d0b767742d3239,U-DEC,3,900.0,,3,inferred_from_decision_duration,False,True,True,False
development,2020-12-12,d0d43cb9b14f231c,cb7616f92a9a4e5b,KO/TKO,1,245.0,,3,assumed_three_round_early_finish,False,True,False,False
development,2020-12-12,d0d43cb9b14f231c,022bdd58cc6e571d,KO/TKO,2,412.0,,3,assumed_three_round_early_finish,False,True,False,False
development,2020-12-12,d0d43cb9b14f231c,fe3ff5b1d9135add,KO/TKO,2,454.0,,3,assumed_three_round_early_finish,False,True,False,False
development,2020-12-12,d0d43cb9b14f231c,4a172a5191cb8e60,KO/TKO,1,105.0,,3,assumed_three_round_early_finish,False,True,False,False
development,2020-12-12,d0d43cb9b14f231c,27200d53ba9020b8,U-DEC,3,900.0,,3,inferred_from_decision_duration,False,True,True,False
development,2020-12-12,d0d43cb9b14f231c,b7b867eb3c3cf163,U-DEC,3,900.0,,3,inferred_from_decision_duration,False,True,True,False
development,2020-12-19,e49c2db95e572dc8,8da75fd76a9b8e1d,U-DEC,3,900.0,,3,inferred_from_decision_duration,False,True,True,False
development,2020-12-19,e49c2db95e572dc8,62e6eadbb2805760,SUB,1,198.0,,3,assumed_three_round_early_finish,False,True,False,False
development,2020-12-19,e49c2db95e572dc8,0fe4906754b2d0f9,U-DEC,3,900.0,,3,inferred_from_decision_duration,False,True,True,False
development,2020-12-19,e49c2db95e572dc8,f2fb049980631302,U-DEC,3,900.0,,3,inferred_from_decision_duration,False,True,True,False
development,2020-12-19,e49c2db95e572dc8,f004d3d50b78af50,U-DEC,3,900.0,,3,inferred_from_decision_duration,False,True,True,False
development,2020-12-19,e49c2db95e572dc8,4cb249714ff56656,U-DEC,3,900.0,,3,inferred_from_decision_duration,False,True,True,False
development,2020-12-19,e49c2db95e572dc8,1c4602efe5587902,U-DEC,3,900.0,,3,inferred_from_decision_duration,False,True,True,False
development,2020-12-19,e49c2db95e572dc8,cd150cd28738a7c5,KO/TKO,2,571.0,,3,assumed_three_round_early_finish,False,True,False,False
development,2020-12-19,e49c2db95e572dc8,8955ea3c7c332e6c,KO/TKO,1,227.0,,3,assumed_three_round_early_finish,False,True,False,False
development,2020-12-19,e49c2db95e572dc8,3d35eb2d46bf74de,U-DEC,3,900.0,,3,inferred_from_decision_duration,False,True,True,False
development,2020-12-19,e49c2db95e572dc8,014f1da2083ca174,U-DEC,3,900.0,,3,inferred_from_decision_duration,False,True,True,False
development,2020-12-19,e49c2db95e572dc8,c7375d5db21cbaae,U-DEC,5,1500.0,,5,inferred_from_decision_duration,True,False,True,False
development,2021-01-16,307064d3e0f036c2,3d903bc35023f50a,U-DEC,3,900.0,,3,inferred_from_decision_duration,False,True,True,False
development,2021-01-16,307064d3e0f036c2,97c80f69ac312030,U-DEC,3,900.0,,3,inferred_from_decision_duration,False,True,True,False
development,2021-01-16,307064d3e0f036c2,3fcd53eb27945231,S-DEC,3,900.0,,3,inferred_from_decision_duration,False,True,True,False
development,2021-01-16,307064d3e0f036c2,0165bd3c26f0c076,S-DEC,3,900.0,,3,inferred_from_decision_duration,False,True,True,False
development,2021-01-16,307064d3e0f036c2,97ad63e644757cf4,U-DEC,3,900.0,,3,inferred_from_decision_duration,False,True,True,False
development,2021-01-16,307064d3e0f036c2,358f816aff469270,KO/TKO,1,288.0,,3,assumed_three_round_early_finish,False,True,False,False
development,2021-01-16,307064d3e0f036c2,775c1f401815bbd8,KO/TKO,1,132.0,,3,assumed_three_round_early_finish,False,True,False,False
development,2021-01-16,307064d3e0f036c2,aeb7ff8ce6e1beac,KO/TKO,1,265.0,,3,assumed_three_round_early_finish,False,True,False,False
development,2021-01-16,307064d3e0f036c2,6b0da0b1cda7799f,U-DEC,3,900.0,,3,inferred_from_decision_duration,False,True,True,False
development,2021-01-16,307064d3e0f036c2,a4817b7e46028b4a,U-DEC,5,1500.0,,5,inferred_from_decision_duration,True,False,True,False
development,2021-01-20,56116537d71a578c,ae38fb2a6b6a0cc1,KO/TKO,2,548.0,,3,assumed_three_round_early_finish,False,True,False,False
development,2021-01-20,56116537d71a578c,11558384f80f6506,SUB,2,519.0,,3,assumed_three_round_early_finish,False,True,False,False
development,2021-01-20,56116537d71a578c,031e6624f96aceb8,U-DEC,3,900.0,,3,inferred_from_decision_duration,False,True,True,False
development,2021-01-20,56116537d71a578c,4e451881e0e47b05,U-DEC,3,900.0,,3,inferred_from_decision_duration,False,True,True,False
development,2021-01-20,56116537d71a578c,76b61ff4c9760f79,U-DEC,3,900.0,,3,inferred_from_decision_duration,False,True,True,False
development,2021-01-20,56116537d71a578c,ddbe6fd66d7f9e35,U-DEC,3,900.0,,3,inferred_from_decision_duration,False,True,True,False
development,2021-01-20,56116537d71a578c,4abcf14faa7f92f2,SUB,2,540.0,,3,assumed_three_round_early_finish,False,True,False,False
development,2021-01-20,56116537d71a578c,ac475de5a3d0d7e2,SUB,2,401.0,,3,assumed_three_round_early_finish,False,True,False,False
development,2021-01-20,56116537d71a578c,d27ac1bc677b89cf,U-DEC,3,900.0,,3,inferred_from_decision_duration,False,True,True,False
development,2021-01-20,56116537d71a578c,57e784028ef2c17d,S-DEC,3,900.0,,3,inferred_from_decision_duration,False,True,True,False
development,2021-01-20,56116537d71a578c,a003e8305d4dbdc8,U-DEC,3,900.0,,3,inferred_from_decision_duration,False,True,True,False
development,2021-01-20,56116537d71a578c,4f6d3cdf2c77fb57,KO/TKO,2,339.0,,3,assumed_three_round_early_finish,False,True,False,False
development,2021-01-20,56116537d71a578c,dd34dd337e637767,KO/TKO,1,155.0,,3,assumed_three_round_early_finish,False,True,False,False
development,2021-01-20,56116537d71a578c,61bedad39b15db7a,U-DEC,5,1500.0,,5,inferred_from_decision_duration,True,False,True,False
development,2021-01-23,4304992c2acc187b,aaf45b095452be23,U-DEC,3,900.0,,3,inferred_from_decision_duration,False,True,True,False
development,2021-01-23,4304992c2acc187b,f3ccbfd7036f3cf3,S-DEC,3,900.0,,3,inferred_from_decision_duration,False,True,True,False
development,2021-01-23,4304992c2acc187b,c597fd8bb66d54d8,U-DEC,3,900.0,,3,inferred_from_decision_duration,False,True,True,False
development,2021-01-23,4304992c2acc187b,83da743f6dda7dcc,SUB,3,819.0,,3,assumed_three_round_early_finish,False,True,False,False
development,2021-01-23,4304992c2acc187b,92f569a6d9374b86,U-DEC,3,900.0,,3,inferred_from_decision_duration,False,True,True,False
development,2021-01-23,4304992c2acc187b,99dbe9669f31ed91,U-DEC,3,900.0,,3,inferred_from_decision_duration,False,True,True,False
development,2021-01-23,4304992c2acc187b,cd08b68f0bafafbf,KO/TKO,2,354.0,,3,assumed_three_round_early_finish,False,True,False,False
development,2021-01-23,4304992c2acc187b,65352221c0bfe52d,KO/TKO,3,779.0,,3,assumed_three_round_early_finish,False,True,False,False
development,2021-01-23,4304992c2acc187b,c4ea3f6fae702459,U-DEC,3,900.0,,3,inferred_from_decision_duration,False,True,True,False
development,2021-01-23,4304992c2acc187b,a5075f4eaee6036f,KO/TKO,1,150.0,,3,assumed_three_round_early_finish,False,True,False,False
development,2021-01-23,4304992c2acc187b,3d3e7dc7b4bf2bc4,KO/TKO,2,452.0,,3,assumed_three_round_early_finish,False,True,False,False
development,2021-02-06,a1153013cb5f628f,3ac61bcb406e1a0c,KO/TKO,1,26.0,,3,assumed_three_round_early_finish,False,True,False,False
development,2021-02-06,a1153013cb5f628f,eb4e9ec015533ab4,U-DEC,3,900.0,,3,inferred_from_decision_duration,False,True,True,False
development,2021-02-06,a1153013cb5f628f,86d6e09932c5b551,U-DEC,3,900.0,,3,inferred_from_decision_duration,False,True,True,False
development,2021-02-06,a1153013cb5f628f,d65da3a3bc675449,U-DEC,3,900.0,,3,inferred_from_decision_duration,False,True,True,False
development,2021-02-06,a1153013cb5f628f,8c34e1e0d842618d,U-DEC,3,900.0,,3,inferred_from_decision_duration,False,True,True,False
development,2021-02-06,a1153013cb5f628f,464cc19d42446da9,KO/TKO,2,518.0,,3,assumed_three_round_early_finish,False,True,False,False
development,2021-02-06,a1153013cb5f628f,af8ea6db042674ef,SUB,2,592.0,,3,assumed_three_round_early_finish,False,True,False,False
development,2021-02-06,a1153013cb5f628f,bbade63ca780668f,S-DEC,3,900.0,,3,inferred_from_decision_duration,False,True,True,False
development,2021-02-06,a1153013cb5f628f,2c81668d1459991f,U-DEC,3,900.0,,3,inferred_from_decision_duration,False,True,True,False
development,2021-02-06,a1153013cb5f628f,f4fbb11055301e75,U-DEC,3,900.0,,3,inferred_from_decision_duration,False,True,True,False
development,2021-02-06,a1153013cb5f628f,9ef858837dfc65eb,KO/TKO,1,28.0,,3,assumed_three_round_early_finish,False,True,False,False
development,2021-02-06,a1153013cb5f628f,8b9bdacca749ec90,KO/TKO,2,426.0,,3,assumed_three_round_early_finish,False,True,False,False
development,2021-02-13,3f7c14c7eca7195d,357c5b86ec83b826,U-DEC,3,900.0,,3,inferred_from_decision_duration,False,True,True,False
development,2021-02-13,3f7c14c7eca7195d,f98e954823bd6e02,U-DEC,3,900.0,,3,inferred_from_decision_duration,False,True,True,False
development,2021-02-13,3f7c14c7eca7195d,17616514e8fdacb9,SUB,1,198.0,,3,assumed_three_round_early_finish,False,True,False,False
development,2021-02-13,3f7c14c7eca7195d,8cf076524cad5a55,U-DEC,3,900.0,,3,inferred_from_decision_duration,False,True,True,False
development,2021-02-13,3f7c14c7eca7195d,96b1430379c0694a,SUB,2,413.0,,3,assumed_three_round_early_finish,False,True,False,False
development,2021-02-13,3f7c14c7eca7195d,9201312dd860fa5a,SUB,3,857.0,,3,assumed_three_round_early_finish,False,True,False,False
development,2021-02-13,3f7c14c7eca7195d,54e2490959f66dc2,U-DEC,3,900.0,,3,inferred_from_decision_duration,False,True,True,False
development,2021-02-13,3f7c14c7eca7195d,26fbf026beb8e9f8,U-DEC,3,900.0,,3,inferred_from_decision_duration,False,True,True,False
development,2021-02-13,3f7c14c7eca7195d,25b8c932da5e91f4,U-DEC,3,900.0,,3,inferred_from_decision_duration,False,True,True,False
development,2021-02-13,3f7c14c7eca7195d,be94e5b7a35ce5f2,KO/TKO,3,634.0,,3,assumed_three_round_early_finish,False,True,False,False
development,2021-02-20,bfe95ec546692b13,c3b6aa47e7532a7b,KO/TKO,2,572.0,,3,assumed_three_round_early_finish,False,True,False,False
development,2021-02-20,bfe95ec546692b13,b9cd4910f0ecff45,KO/TKO,1,185.0,,3,assumed_three_round_early_finish,False,True,False,False
development,2021-02-20,bfe95ec546692b13,1d892fec31dc7ad7,KO/TKO,2,521.0,,3,assumed_three_round_early_finish,False,True,False,False
development,2021-02-20,bfe95ec546692b13,e175c1a0bff30187,KO/TKO,1,56.0,,3,assumed_three_round_early_finish,False,True,False,False
development,2021-02-20,bfe95ec546692b13,990c2378caec68d4,KO/TKO,1,284.0,,3,assumed_three_round_early_finish,False,True,False,False
development,2021-02-20,bfe95ec546692b13,931fd51ab69fb443,U-DEC,3,900.0,,3,inferred_from_decision_duration,False,True,True,False
development,2021-02-20,bfe95ec546692b13,15b1c7ddc4415fdd,SUB,2,369.0,,3,assumed_three_round_early_finish,False,True,False,False
development,2021-02-20,bfe95ec546692b13,05ceb8b2f93993a6,M-DEC,3,900.0,,3,inferred_from_decision_duration,False,True,True,False
development,2021-02-20,bfe95ec546692b13,8f7328fe18806fb0,KO/TKO,1,115.0,,3,assumed_three_round_early_finish,False,True,False,False
development,2021-02-20,bfe95ec546692b13,82243207b4dfce87,U-DEC,3,900.0,,3,inferred_from_decision_duration,False,True,True,False
development,2021-02-20,bfe95ec546692b13,a4814d682954e8ab,U-DEC,3,900.0,,3,inferred_from_decision_duration,False,True,True,False
development,2021-02-20,bfe95ec546692b13,b12bc15f384ecc42,KO/TKO,2,386.0,,3,assumed_three_round_early_finish,False,True,False,False
development,2021-02-27,81b57acd6975ac06,bc86601cf781a89c,U-DEC,3,900.0,,3,inferred_from_decision_duration,False,True,True,False
development,2021-02-27,81b57acd6975ac06,11a83369d49ad138,KO/TKO,3,758.0,,3,assumed_three_round_early_finish,False,True,False,False
development,2021-02-27,81b57acd6975ac06,a7315147a7022a93,U-DEC,3,900.0,,3,inferred_from_decision_duration,False,True,True,False
development,2021-02-27,81b57acd6975ac06,3eac2d47ac252f4b,U-DEC,3,900.0,,3,inferred_from_decision_duration,False,True,True,False
development,2021-02-27,81b57acd6975ac06,6a0341234ecc4e87,U-DEC,3,900.0,,3,inferred_from_decision_duration,False,True,True,False
development,2021-02-27,81b57acd6975ac06,c2ee423d1f0b4f6f,U-DEC,3,900.0,,3,inferred_from_decision_duration,False,True,True,False
development,2021-02-27,81b57acd6975ac06,3a4e2dffcdd1c838,U-DEC,3,900.0,,3,inferred_from_decision_duration,False,True,True,False
development,2021-02-27,81b57acd6975ac06,4a704dae3091adaf,U-DEC,5,1500.0,,5,inferred_from_decision_duration,True,False,True,False
development,2021-03-06,6e2b1d631832921d,c096342c57a6f2c4,KO/TKO,2,347.0,,3,assumed_three_round_early_finish,False,True,False,False
development,2021-03-06,6e2b1d631832921d,e2abba69c3371618,KO/TKO,1,100.0,,3,assumed_three_round_early_finish,False,True,False,False
development,2021-03-06,6e2b1d631832921d,50ef636148fa6fac,KO/TKO,1,219.0,,3,assumed_three_round_early_finish,False,True,False,False
development,2021-03-06,6e2b1d631832921d,7ad09f889d2cdb6f,SUB,3,808.0,,3,assumed_three_round_early_finish,False,True,False,False
development,2021-03-06,6e2b1d631832921d,d170f6580e1c244f,KO/TKO,2,499.0,,3,assumed_three_round_early_finish,False,True,False,False
development,2021-03-06,6e2b1d631832921d,2704d31de2c2f43b,U-DEC,3,900.0,,3,inferred_from_decision_duration,False,True,True,False
development,2021-03-06,6e2b1d631832921d,873306ad79b62f5e,KO/TKO,1,295.0,,3,assumed_three_round_early_finish,False,True,False,False
development,2021-03-06,6e2b1d631832921d,ae5d14a9fc1ad19c,U-DEC,3,900.0,,3,inferred_from_decision_duration,False,True,True,False
development,2021-03-06,6e2b1d631832921d,5980ab31e4718a83,U-DEC,3,900.0,,3,inferred_from_decision_duration,False,True,True,False
development,2021-03-06,6e2b1d631832921d,f4363f1317b47213,S-DEC,3,900.0,,3,inferred_from_decision_duration,False,True,True,False
development,2021-03-06,6e2b1d631832921d,04a788abbbd1f256,U-DEC,3,900.0,,3,inferred_from_decision_duration,False,True,True,False
development,2021-03-06,6e2b1d631832921d,c06d7bb29bc24d00,SUB,3,697.0,,3,assumed_three_round_early_finish,False,True,False,False
development,2021-03-06,6e2b1d631832921d,15c9cb5f9320c555,DQ,4,1169.0,,5,inferred_five_round_late_finish,True,False,False,False
development,2021-03-06,6e2b1d631832921d,fd92fe0c494d0959,SUB,1,123.0,,3,assumed_three_round_early_finish,False,True,False,False
development,2021-03-06,6e2b1d631832921d,7de9867b7cc2b1b1,U-DEC,5,1500.0,,5,inferred_from_decision_duration,True,False,True,False
development,2021-03-13,8c90c1563972e44d,d0ebb0551377a1c1,KO/TKO,1,16.0,,3,assumed_three_round_early_finish,False,True,False,False
development,2021-03-13,8c90c1563972e44d,8a7b0cd5ad9ca4fe,U-DEC,3,900.0,,3,inferred_from_decision_duration,False,True,True,False
development,2021-03-13,8c90c1563972e44d,e8adfbbe0053c321,S-DEC,3,900.0,,3,inferred_from_decision_duration,False,True,True,False
development,2021-03-13,8c90c1563972e44d,a6828a6dfb21d33c,U-DEC,3,900.0,,3,inferred_from_decision_duration,False,True,True,False
development,2021-03-13,8c90c1563972e44d,03bdbf2d18f3025d,SUB,2,489.0,,3,assumed_three_round_early_finish,False,True,False,False
development,2021-03-13,8c90c1563972e44d,bb7ce8a6ba7f7cc5,KO/TKO,3,871.0,,3,assumed_three_round_early_finish,False,True,False,False
development,2021-03-13,8c90c1563972e44d,18c67631b76c18e5,U-DEC,3,900.0,,3,inferred_from_decision_duration,False,True,True,False
development,2021-03-13,8c90c1563972e44d,01f262b68a6a2223,S-DEC,3,900.0,,3,inferred_from_decision_duration,False,True,True,False
development,2021-03-13,8c90c1563972e44d,70aa6b8f863e6861,KO/TKO,2,483.0,,3,assumed_three_round_early_finish,False,True,False,False
development,2021-03-13,8c90c1563972e44d,d15a87087b6f1452,KO/TKO,1,22.0,,3,assumed_three_round_early_finish,False,True,False,False
development,2021-03-13,8c90c1563972e44d,4944437e73071671,KO/TKO,1,71.0,,3,assumed_three_round_early_finish,False,True,False,False
development,2021-03-20,c36e1f4fa755ffb4,55bf7f19a132e0fc,KO/TKO,2,476.0,,3,assumed_three_round_early_finish,False,True,False,False
development,2021-03-20,c36e1f4fa755ffb4,b8a0047c927faa75,KO/TKO,1,118.0,,3,assumed_three_round_early_finish,False,True,False,False
development,2021-03-20,c36e1f4fa755ffb4,68cf99b6551dc3b3,U-DEC,3,900.0,,3,inferred_from_decision_duration,False,True,True,False
development,2021-03-20,c36e1f4fa755ffb4,a043e279434d5c8c,KO/TKO,3,899.0,,3,assumed_three_round_early_finish,False,True,False,False
development,2021-03-20,c36e1f4fa755ffb4,dcfbbebc0aee6ded,U-DEC,3,900.0,,3,inferred_from_decision_duration,False,True,True,False
development,2021-03-20,c36e1f4fa755ffb4,9e45cc594a5a2506,KO/TKO,1,49.0,,3,assumed_three_round_early_finish,False,True,False,False
development,2021-03-20,c36e1f4fa755ffb4,afc86d1076c4c3a9,KO/TKO,3,627.0,,3,assumed_three_round_early_finish,False,True,False,False
development,2021-03-20,c36e1f4fa755ffb4,dd7f3f91ea6067d4,U-DEC,3,900.0,,3,inferred_from_decision_duration,False,True,True,False
development,2021-03-20,c36e1f4fa755ffb4,edac9fd482177a64,KO/TKO,1,140.0,,3,assumed_three_round_early_finish,False,True,False,False
development,2021-03-20,c36e1f4fa755ffb4,2efbcd870f1f7bc7,U-DEC,5,1500.0,,5,inferred_from_decision_duration,True,False,True,False
development,2021-03-27,6597b611f1c32555,41622791b276ad9e,KO/TKO,3,896.0,,3,assumed_three_round_early_finish,False,True,False,False
development,2021-03-27,6597b611f1c32555,2220b73ece1730c3,U-DEC,3,900.0,,3,inferred_from_decision_duration,False,True,True,False
development,2021-03-27,6597b611f1c32555,6002c24f0b7f8cc7,S-DEC,3,900.0,,3,inferred_from_decision_duration,False,True,True,False
development,2021-03-27,6597b611f1c32555,4b3af85b0df51d09,U-DEC,3,900.0,,3,inferred_from_decision_duration,False,True,True,False
development,2021-03-27,6597b611f1c32555,48292a027df02443,SUB,1,71.0,,3,assumed_three_round_early_finish,False,True,False,False
development,2021-03-27,6597b611f1c32555,390694c179f05c7f,KO/TKO,1,46.0,,3,assumed_three_round_early_finish,False,True,False,False
development,2021-03-27,6597b611f1c32555,8317208cfb030ed3,U-DEC,3,900.0,,3,inferred_from_decision_duration,False,True,True,False
development,2021-03-27,6597b611f1c32555,0aa335dbc4cb3473,KO/TKO,3,832.0,,3,assumed_three_round_early_finish,False,True,False,False
development,2021-03-27,6597b611f1c32555,39d188fa9b95d550,SUB,1,236.0,,3,assumed_three_round_early_finish,False,True,False,False
development,2021-03-27,6597b611f1c32555,b1eff235241e719b,KO/TKO,2,352.0,,3,assumed_three_round_early_finish,False,True,False,False
development,2021-04-10,9114c8ded5ccd71d,3209bcfaf95de90b,SUB,2,326.0,,3,assumed_three_round_early_finish,False,True,False,False
development,2021-04-10,9114c8ded5ccd71d,cd5d9828b278181a,U-DEC,3,900.0,,3,inferred_from_decision_duration,False,True,True,False
development,2021-04-10,9114c8ded5ccd71d,93a1cd50374397c0,U-DEC,3,900.0,,3,inferred_from_decision_duration,False,True,True,False
development,2021-04-10,9114c8ded5ccd71d,1fee9eca658d9808,S-DEC,3,900.0,,3,inferred_from_decision_duration,False,True,True,False
development,2021-04-10,9114c8ded5ccd71d,444f0a732695dc81,KO/TKO,1,182.0,,3,assumed_three_round_early_finish,False,True,False,False
development,2021-04-10,9114c8ded5ccd71d,7aebf01b5afc0109,S-DEC,3,900.0,,3,inferred_from_decision_duration,False,True,True,False
development,2021-04-10,9114c8ded5ccd71d,998296216e7171ed,KO/TKO,2,382.0,,3,assumed_three_round_early_finish,False,True,False,False
development,2021-04-10,9114c8ded5ccd71d,e27c28928ed4390f,U-DEC,3,900.0,,3,inferred_from_decision_duration,False,True,True,False
development,2021-04-10,9114c8ded5ccd71d,ac9a8b73e58f3d71,U-DEC,3,900.0,,3,inferred_from_decision_duration,False,True,True,False
development,2021-04-10,9114c8ded5ccd71d,0992795fd0fa06d0,SUB,1,288.0,,3,assumed_three_round_early_finish,False,True,False,False
development,2021-04-10,9114c8ded5ccd71d,646eeca9447c6965,SUB,2,427.0,,3,assumed_three_round_early_finish,False,True,False,False
development,2021-04-10,9114c8ded5ccd71d,71b81d8199a0fa19,U-DEC,3,900.0,,3,inferred_from_decision_duration,False,True,True,False
development,2021-04-10,9114c8ded5ccd71d,ddd63237f1b857a6,U-DEC,5,1500.0,,5,inferred_from_decision_duration,True,False,True,False
development,2021-04-17,4a35913bd9aa4161,24ff385ca78c80d3,KO/TKO,2,391.0,,3,assumed_three_round_early_finish,False,True,False,False
development,2021-04-17,4a35913bd9aa4161,8d634c9240f161dd,U-DEC,3,900.0,,3,inferred_from_decision_duration,False,True,True,False
development,2021-04-17,4a35913bd9aa4161,627c0a50cff30405,SUB,1,120.0,,3,assumed_three_round_early_finish,False,True,False,False
development,2021-04-17,4a35913bd9aa4161,25d4376e00b16510,S-DEC,3,900.0,,3,inferred_from_decision_duration,False,True,True,False
development,2021-04-17,4a35913bd9aa4161,fdfe4e7cb2d0b665,S-DEC,3,665.0,,3,assumed_three_round_early_finish,False,True,True,False
development,2021-04-17,4a35913bd9aa4161,a33ecd2c88154890,S-DEC,3,900.0,,3,inferred_from_decision_duration,False,True,True,False
development,2021-04-17,4a35913bd9aa4161,0b2c3c4306620d6d,S-DEC,3,900.0,,3,inferred_from_decision_duration,False,True,True,False
development,2021-04-17,4a35913bd9aa4161,a850ba762f3c5334,U-DEC,3,900.0,,3,inferred_from_decision_duration,False,True,True,False
development,2021-04-17,4a35913bd9aa4161,f2c82f027201ba21,U-DEC,3,900.0,,3,inferred_from_decision_duration,False,True,True,False
development,2021-04-17,4a35913bd9aa4161,f67aa0b16e16a9ea,U-DEC,5,1500.0,,5,inferred_from_decision_duration,True,False,True,False
development,2021-04-24,27541033b97c076d,a3cde349c8e018fb,KO/TKO,2,388.0,,3,assumed_three_round_early_finish,False,True,False,False
development,2021-04-24,27541033b97c076d,b5a8323de18f7e95,U-DEC,3,900.0,,3,inferred_from_decision_duration,False,True,True,False
development,2021-04-24,27541033b97c076d,c3b8d8e7d256c307,U-DEC,3,900.0,,3,inferred_from_decision_duration,False,True,True,False
development,2021-04-24,27541033b97c076d,eb5d62bda1581c62,KO/TKO,1,50.0,,3,assumed_three_round_early_finish,False,True,False,False
development,2021-04-24,27541033b97c076d,6a7347d1da8a2b87,U-DEC,3,900.0,,3,inferred_from_decision_duration,False,True,True,False
development,2021-04-24,27541033b97c076d,f5dd0a24a7dba53c,SUB,1,295.0,,3,assumed_three_round_early_finish,False,True,False,False
development,2021-04-24,27541033b97c076d,c5dfce1eaa2dc169,S-DEC,3,900.0,,3,inferred_from_decision_duration,False,True,True,False
development,2021-04-24,27541033b97c076d,512af32553d9bd70,SUB,1,170.0,,3,assumed_three_round_early_finish,False,True,False,False
development,2021-04-24,27541033b97c076d,00bbcd4a6d647fdf,KO/TKO,1,300.0,,3,assumed_three_round_early_finish,False,True,False,False
development,2021-04-24,27541033b97c076d,1820fed0fbcf6294,KO/TKO,1,17.0,,3,assumed_three_round_early_finish,False,True,False,False
development,2021-04-24,27541033b97c076d,34d2632fd26e7078,KO/TKO,2,499.0,,3,assumed_three_round_early_finish,False,True,False,False
development,2021-04-24,27541033b97c076d,6d8da45352344964,KO/TKO,1,78.0,,3,assumed_three_round_early_finish,False,True,False,False
development,2021-04-24,27541033b97c076d,6a5eb525331fa1fc,KO/TKO,2,362.0,,3,assumed_three_round_early_finish,False,True,False,False
development,2021-05-01,d57e6a8971b6d2bd,3d790112d2e6d851,U-DEC,3,900.0,,3,inferred_from_decision_duration,False,True,True,False
development,2021-05-01,d57e6a8971b6d2bd,78dc032441394331,U-DEC,3,900.0,,3,inferred_from_decision_duration,False,True,True,False
development,2021-05-01,d57e6a8971b6d2bd,d6b5a6ad27a730ae,U-DEC,3,900.0,,3,inferred_from_decision_duration,False,True,True,False
development,2021-05-01,d57e6a8971b6d2bd,2ef09c8fe29251ac,S-DEC,3,900.0,,3,inferred_from_decision_duration,False,True,True,False
development,2021-05-01,d57e6a8971b6d2bd,d72f9b3ac742a9e3,S-DEC,3,900.0,,3,inferred_from_decision_duration,False,True,True,False
development,2021-05-01,d57e6a8971b6d2bd,c9c79de21823d941,DQ,1,256.0,,3,assumed_three_round_early_finish,False,True,False,False
development,2021-05-01,d57e6a8971b6d2bd,26202a4bd36d3fd2,U-DEC,3,900.0,,3,inferred_from_decision_duration,False,True,True,False
development,2021-05-01,d57e6a8971b6d2bd,ffd8e8575a551875,U-DEC,3,900.0,,3,inferred_from_decision_duration,False,True,True,False
development,2021-05-01,d57e6a8971b6d2bd,2f82e8079ba354f4,KO/TKO,1,63.0,,3,assumed_three_round_early_finish,False,True,False,False
development,2021-05-01,d57e6a8971b6d2bd,394802bb096b403e,KO/TKO,2,569.0,,3,assumed_three_round_early_finish,False,True,False,False
development,2021-05-08,58a36b4ccf5dc30e,37fda56a435a9b24,SUB,1,172.0,,3,assumed_three_round_early_finish,False,True,False,False
development,2021-05-08,58a36b4ccf5dc30e,8a95f0e3f9111f0c,M-DEC,3,900.0,,3,inferred_from_decision_duration,False,True,True,False
development,2021-05-08,58a36b4ccf5dc30e,4ffbadfb86284af5,U-DEC,3,900.0,,3,inferred_from_decision_duration,False,True,True,False
development,2021-05-08,58a36b4ccf5dc30e,00fbeda449926c13,U-DEC,3,900.0,,3,inferred_from_decision_duration,False,True,True,False
development,2021-05-08,58a36b4ccf5dc30e,295a0bf12a7373c0,KO/TKO,2,591.0,,3,assumed_three_round_early_finish,False,True,False,False
development,2021-05-08,58a36b4ccf5dc30e,3f71ac21472f994c,U-DEC,3,900.0,,3,inferred_from_decision_duration,False,True,True,False
development,2021-05-08,58a36b4ccf5dc30e,178c4926223dca0c,U-DEC,3,900.0,,3,inferred_from_decision_duration,False,True,True,False
development,2021-05-08,58a36b4ccf5dc30e,db2c805201a3116e,KO/TKO,1,280.0,,3,assumed_three_round_early_finish,False,True,False,False
development,2021-05-08,58a36b4ccf5dc30e,b948102c6205af63,U-DEC,5,1500.0,,5,inferred_from_decision_duration,True,False,True,False
development,2021-05-15,744f50016c39c26c,de332779baa1b103,SUB,2,359.0,,3,assumed_three_round_early_finish,False,True,False,False
development,2021-05-15,744f50016c39c26c,1f2f27b36e79da74,U-DEC,3,900.0,,3,inferred_from_decision_duration,False,True,True,False
development,2021-05-15,744f50016c39c26c,bfd672cac0726a9a,KO/TKO,2,591.0,,3,assumed_three_round_early_finish,False,True,False,False
development,2021-05-15,744f50016c39c26c,2b894d87ad9aae05,SUB,2,592.0,,3,assumed_three_round_early_finish,False,True,False,False
development,2021-05-15,744f50016c39c26c,5573d46130d6b967,KO/TKO,1,64.0,,3,assumed_three_round_early_finish,False,True,False,False
development,2021-05-15,744f50016c39c26c,be2e28ba3bdeb400,S-DEC,3,900.0,,3,inferred_from_decision_duration,False,True,True,False
development,2021-05-15,744f50016c39c26c,ca22bafab913aae7,SUB,1,239.0,,3,assumed_three_round_early_finish,False,True,False,False
development,2021-05-15,744f50016c39c26c,6655a8da2655f2d0,KO/TKO,3,676.0,,3,assumed_three_round_early_finish,False,True,False,False
development,2021-05-15,744f50016c39c26c,8cb4e3f056a84b0d,U-DEC,3,900.0,,3,inferred_from_decision_duration,False,True,True,False
development,2021-05-15,744f50016c39c26c,cfbaeb80b5ff7c00,U-DEC,3,900.0,,3,inferred_from_decision_duration,False,True,True,False
development,2021-05-15,744f50016c39c26c,fef29aa73bd5b907,KO/TKO,2,319.0,,3,assumed_three_round_early_finish,False,True,False,False
development,2021-05-22,277ffed20cf07aea,82d48296fd06c27f,U-DEC,3,900.0,,3,inferred_from_decision_duration,False,True,True,False
development,2021-05-22,277ffed20cf07aea,d44a814b106b94ff,SUB,1,138.0,,3,assumed_three_round_early_finish,False,True,False,False
development,2021-05-22,277ffed20cf07aea,c7cf2194fe5c751f,U-DEC,3,900.0,,3,inferred_from_decision_duration,False,True,True,False
development,2021-05-22,277ffed20cf07aea,b381dc272b32ce03,KO/TKO,1,60.0,,3,assumed_three_round_early_finish,False,True,False,False
development,2021-05-22,277ffed20cf07aea,e624d85a0d718578,U-DEC,3,900.0,,3,inferred_from_decision_duration,False,True,True,False
development,2021-05-22,277ffed20cf07aea,3627f5133ce55902,SUB,2,427.0,,3,assumed_three_round_early_finish,False,True,False,False
development,2021-05-22,277ffed20cf07aea,7f8340dfe4220c3e,U-DEC,3,900.0,,3,inferred_from_decision_duration,False,True,True,False
development,2021-05-22,277ffed20cf07aea,ae0afbff5ba07a34,U-DEC,3,900.0,,3,inferred_from_decision_duration,False,True,True,False
development,2021-05-22,277ffed20cf07aea,138f719d370e8ba0,S-DEC,3,900.0,,3,inferred_from_decision_duration,False,True,True,False
development,2021-05-22,277ffed20cf07aea,559c0c3d752f327a,U-DEC,3,900.0,,3,inferred_from_decision_duration,False,True,True,False
development,2021-05-22,277ffed20cf07aea,16369fa06392f6a0,KO/TKO,2,478.0,,3,assumed_three_round_early_finish,False,True,False,False
development,2021-05-22,277ffed20cf07aea,d16f7ab4e28171ea,U-DEC,5,1500.0,,5,inferred_from_decision_duration,True,False,True,False
development,2021-06-05,3b2485c8d5c8b580,58c5d506181812fa,U-DEC,3,900.0,,3,inferred_from_decision_duration,False,True,True,False
development,2021-06-05,3b2485c8d5c8b580,73a83b2595416f0a,S-DEC,3,900.0,,3,inferred_from_decision_duration,False,True,True,False
development,2021-06-05,3b2485c8d5c8b580,419d1e29668b57fb,KO/TKO,2,480.0,,3,assumed_three_round_early_finish,False,True,False,False
development,2021-06-05,3b2485c8d5c8b580,827aacd14f80e8f3,U-DEC,3,900.0,,3,inferred_from_decision_duration,False,True,True,False
development,2021-06-05,3b2485c8d5c8b580,23b943e9ce495f0b,U-DEC,3,900.0,,3,inferred_from_decision_duration,False,True,True,False
development,2021-06-05,3b2485c8d5c8b580,0716a38768a34789,S-DEC,3,900.0,,3,inferred_from_decision_duration,False,True,True,False
development,2021-06-05,3b2485c8d5c8b580,1a50d5c7e1e5c058,KO/TKO,2,567.0,,3,assumed_three_round_early_finish,False,True,False,False
development,2021-06-05,3b2485c8d5c8b580,9252ad2304fd9a26,U-DEC,3,900.0,,3,inferred_from_decision_duration,False,True,True,False
development,2021-06-05,3b2485c8d5c8b580,5c0e5d850d8e661f,U-DEC,3,900.0,,3,inferred_from_decision_duration,False,True,True,False
development,2021-06-05,3b2485c8d5c8b580,bb6438338bb8aebf,U-DEC,3,900.0,,3,inferred_from_decision_duration,False,True,True,False
development,2021-06-05,3b2485c8d5c8b580,f187c7ec92f43828,KO/TKO,1,246.0,,3,assumed_three_round_early_finish,False,True,False,False
development,2021-06-05,3b2485c8d5c8b580,2c0cddd12deb7450,KO/TKO,1,299.0,,3,assumed_three_round_early_finish,False,True,False,False
development,2021-06-12,0b64d0fed453ef7f,1b4d5dbf5f663a97,S-DEC,3,900.0,,3,inferred_from_decision_duration,False,True,True,False
development,2021-06-12,0b64d0fed453ef7f,dedb74ee9d84deab,M-DEC,3,900.0,,3,inferred_from_decision_duration,False,True,True,False
development,2021-06-12,0b64d0fed453ef7f,84cde29aebf6c00c,U-DEC,3,900.0,,3,inferred_from_decision_duration,False,True,True,False
development,2021-06-12,0b64d0fed453ef7f,d4ad90ac58429b64,KO/TKO,1,7.0,,3,assumed_three_round_early_finish,False,True,False,False
development,2021-06-12,0b64d0fed453ef7f,34d38d77c1d3f00e,U-DEC,3,900.0,,3,inferred_from_decision_duration,False,True,True,False
development,2021-06-12,0b64d0fed453ef7f,d66164d2c770da68,U-DEC,3,900.0,,3,inferred_from_decision_duration,False,True,True,False
development,2021-06-12,0b64d0fed453ef7f,34cb6e9952cd30a4,S-DEC,3,900.0,,3,inferred_from_decision_duration,False,True,True,False
development,2021-06-12,0b64d0fed453ef7f,9127a6430e46292c,U-DEC,3,900.0,,3,inferred_from_decision_duration,False,True,True,False
development,2021-06-12,0b64d0fed453ef7f,7d2051c6bae907cb,U-DEC,3,900.0,,3,inferred_from_decision_duration,False,True,True,False
development,2021-06-12,0b64d0fed453ef7f,4560734220b96851,KO/TKO,1,119.0,,3,assumed_three_round_early_finish,False,True,False,False
development,2021-06-12,0b64d0fed453ef7f,43dfb2c1e5fecac9,U-DEC,3,900.0,,3,inferred_from_decision_duration,False,True,True,False
development,2021-06-12,0b64d0fed453ef7f,b070b8c2c489d838,U-DEC,5,1500.0,,5,inferred_from_decision_duration,True,False,True,False
development,2021-06-12,0b64d0fed453ef7f,0f51869f98afa6c0,SUB,3,746.0,,3,assumed_three_round_early_finish,False,True,False,False
development,2021-06-12,0b64d0fed453ef7f,6cd44e1b2d093ea4,U-DEC,5,1500.0,,5,inferred_from_decision_duration,True,False,True,False
development,2021-06-19,9ddfb3369a3b0394,d684d8b02ab53031,SUB,3,774.0,,3,assumed_three_round_early_finish,False,True,False,False
development,2021-06-19,9ddfb3369a3b0394,1e9f081a84e7ec18,KO/TKO,1,37.0,,3,assumed_three_round_early_finish,False,True,False,False
development,2021-06-19,9ddfb3369a3b0394,e8fd128286788a6d,S-DEC,3,900.0,,3,inferred_from_decision_duration,False,True,True,False
development,2021-06-19,9ddfb3369a3b0394,87c8e086c29ae543,U-DEC,3,900.0,,3,inferred_from_decision_duration,False,True,True,False
development,2021-06-19,9ddfb3369a3b0394,53ed3f8f653b37b2,KO/TKO,2,600.0,,3,assumed_three_round_early_finish,False,True,False,False
development,2021-06-19,9ddfb3369a3b0394,744627aec853874e,S-DEC,3,900.0,,3,inferred_from_decision_duration,False,True,True,False
development,2021-06-19,9ddfb3369a3b0394,2bdf774dc8b17504,KO/TKO,2,482.0,,3,assumed_three_round_early_finish,False,True,False,False
development,2021-06-19,9ddfb3369a3b0394,bb1ac382e0277b3f,KO/TKO,1,285.0,,3,assumed_three_round_early_finish,False,True,False,False
development,2021-06-19,9ddfb3369a3b0394,d3c0dfa57950aefd,KO/TKO,1,97.0,,3,assumed_three_round_early_finish,False,True,False,False
development,2021-06-19,9ddfb3369a3b0394,a83ebbf013905949,U-DEC,3,900.0,,3,inferred_from_decision_duration,False,True,True,False
development,2021-06-19,9ddfb3369a3b0394,6fd9a013cea5a403,U-DEC,3,900.0,,3,inferred_from_decision_duration,False,True,True,False
development,2021-06-19,9ddfb3369a3b0394,50cae63d530ede7c,U-DEC,5,1500.0,,5,inferred_from_decision_duration,True,False,True,False
development,2021-06-26,a1d6b308781aa2f5,23c7c6ceee34585f,U-DEC,3,900.0,,3,inferred_from_decision_duration,False,True,True,False
development,2021-06-26,a1d6b308781aa2f5,5357dab4d331eb18,S-DEC,3,900.0,,3,inferred_from_decision_duration,False,True,True,False
development,2021-06-26,a1d6b308781aa2f5,0eac7075bf3d7ab7,SUB,3,859.0,,3,assumed_three_round_early_finish,False,True,False,False
development,2021-06-26,a1d6b308781aa2f5,d988760df61f027c,KO/TKO,2,356.0,,3,assumed_three_round_early_finish,False,True,False,False
development,2021-06-26,a1d6b308781aa2f5,81de3929330076d2,KO/TKO,2,330.0,,3,assumed_three_round_early_finish,False,True,False,False
development,2021-06-26,a1d6b308781aa2f5,086c2a0cae0835c4,SUB,2,430.0,,3,assumed_three_round_early_finish,False,True,False,False
development,2021-06-26,a1d6b308781aa2f5,85099c6378ff87c5,KO/TKO,3,620.0,,3,assumed_three_round_early_finish,False,True,False,False
development,2021-06-26,a1d6b308781aa2f5,4341ebb5a56e6943,SUB,2,574.0,,3,assumed_three_round_early_finish,False,True,False,False
development,2021-06-26,a1d6b308781aa2f5,c9283da5f4d7aaf4,U-DEC,3,900.0,,3,inferred_from_decision_duration,False,True,True,False
development,2021-06-26,a1d6b308781aa2f5,ce0fda34122f3d48,M-DEC,3,900.0,,3,inferred_from_decision_duration,False,True,True,False
development,2021-06-26,a1d6b308781aa2f5,d40eae4425092219,KO/TKO,2,451.0,,3,assumed_three_round_early_finish,False,True,False,False
development,2021-06-26,a1d6b308781aa2f5,78afed76d0e9a639,U-DEC,5,1500.0,,5,inferred_from_decision_duration,True,False,True,False
development,2021-07-10,8a0be41c0380188d,ac0a1d87e9ff4085,SUB,1,122.0,,3,assumed_three_round_early_finish,False,True,False,False
development,2021-07-10,8a0be41c0380188d,1aba46988c9b58f9,S-DEC,3,900.0,,3,inferred_from_decision_duration,False,True,True,False
development,2021-07-10,8a0be41c0380188d,5d5bf07dbfada0e3,U-DEC,3,900.0,,3,inferred_from_decision_duration,False,True,True,False
development,2021-07-10,8a0be41c0380188d,858feabaf429a963,KO/TKO,2,401.0,,3,assumed_three_round_early_finish,False,True,False,False
development,2021-07-10,8a0be41c0380188d,07468b6347ac5e3d,KO/TKO,1,287.0,,3,assumed_three_round_early_finish,False,True,False,False
development,2021-07-10,8a0be41c0380188d,96bbb6c573dac27a,U-DEC,3,900.0,,3,inferred_from_decision_duration,False,True,True,False
development,2021-07-10,8a0be41c0380188d,7070abfa26c079b8,U-DEC,3,900.0,,3,inferred_from_decision_duration,False,True,True,False
development,2021-07-10,8a0be41c0380188d,dbcc5b5d568efa8b,KO/TKO,3,873.0,,3,assumed_three_round_early_finish,False,True,False,False
development,2021-07-10,8a0be41c0380188d,3740c8033e31c90d,KO/TKO,1,275.0,,3,assumed_three_round_early_finish,False,True,False,False
development,2021-07-10,8a0be41c0380188d,53b480b44b0b51f1,KO/TKO,1,67.0,,3,assumed_three_round_early_finish,False,True,False,False
development,2021-07-10,8a0be41c0380188d,8245791a3d3403c6,U-DEC,3,900.0,,3,inferred_from_decision_duration,False,True,True,False
development,2021-07-10,8a0be41c0380188d,7d0ce28ce8a77eb1,KO/TKO,1,300.0,,3,assumed_three_round_early_finish,False,True,False,False
development,2021-07-17,40389d39a92f5bfa,49876b12d440af40,U-DEC,3,900.0,,3,inferred_from_decision_duration,False,True,True,False
development,2021-07-17,40389d39a92f5bfa,93d5452726f5f364,U-DEC,3,900.0,,3,inferred_from_decision_duration,False,True,True,False
development,2021-07-17,40389d39a92f5bfa,c5e71fbf22f669f7,KO/TKO,1,35.0,,3,assumed_three_round_early_finish,False,True,False,False
development,2021-07-17,40389d39a92f5bfa,8151659b2bc16f0e,KO/TKO,1,227.0,,3,assumed_three_round_early_finish,False,True,False,False
development,2021-07-17,40389d39a92f5bfa,940701effe1d2b6c,KO/TKO,3,820.0,,3,assumed_three_round_early_finish,False,True,False,False
development,2021-07-17,40389d39a92f5bfa,813444e109995c97,SUB,3,714.0,,3,assumed_three_round_early_finish,False,True,False,False
development,2021-07-17,40389d39a92f5bfa,72105dd82d964e7a,SUB,1,65.0,,3,assumed_three_round_early_finish,False,True,False,False
development,2021-07-17,40389d39a92f5bfa,f0b83b05f3dd9580,KO/TKO,3,713.0,,3,assumed_three_round_early_finish,False,True,False,False
development,2021-07-17,40389d39a92f5bfa,7d4c160dab6eae73,SUB,4,1058.0,,5,inferred_five_round_late_finish,True,False,False,False
development,2021-07-24,e57f0b06ea39e360,40ce202eaa78860c,U-DEC,3,900.0,,3,inferred_from_decision_duration,False,True,True,False
development,2021-07-24,e57f0b06ea39e360,c13474b85d3ced32,KO/TKO,1,229.0,,3,assumed_three_round_early_finish,False,True,False,False
development,2021-07-24,e57f0b06ea39e360,cade0268dec56f3d,KO/TKO,2,525.0,,3,assumed_three_round_early_finish,False,True,False,False
development,2021-07-24,e57f0b06ea39e360,1be65a0d2c1383f6,SUB,1,177.0,,3,assumed_three_round_early_finish,False,True,False,False
development,2021-07-24,e57f0b06ea39e360,dff1dbb8fe1f31cb,KO/TKO,2,489.0,,3,assumed_three_round_early_finish,False,True,False,False
development,2021-07-24,e57f0b06ea39e360,4911094a4ee26868,U-DEC,3,900.0,,3,inferred_from_decision_duration,False,True,True,False
development,2021-07-24,e57f0b06ea39e360,43c391b251337c9b,KO/TKO,2,431.0,,3,assumed_three_round_early_finish,False,True,False,False
development,2021-07-24,e57f0b06ea39e360,7c3ad06a520b8716,S-DEC,3,900.0,,3,inferred_from_decision_duration,False,True,True,False
development,2021-07-24,e57f0b06ea39e360,1bde9cb65d31cc76,KO/TKO,2,528.0,,3,assumed_three_round_early_finish,False,True,False,False
development,2021-07-24,e57f0b06ea39e360,4bb77b1d8efc53a9,M-DEC,3,900.0,,3,inferred_from_decision_duration,False,True,True,False
development,2021-07-24,e57f0b06ea39e360,214b268e4a92f950,S-DEC,5,1500.0,,5,inferred_from_decision_duration,True,False,True,False
development,2021-07-31,320edfb0332b7073,fb9095887dca34c7,KO/TKO,2,561.0,,3,assumed_three_round_early_finish,False,True,False,False
development,2021-07-31,320edfb0332b7073,1978b44503c3d9ff,U-DEC,3,900.0,,3,inferred_from_decision_duration,False,True,True,False
development,2021-07-31,320edfb0332b7073,96c51bc6316a4b47,U-DEC,3,900.0,,3,inferred_from_decision_duration,False,True,True,False
development,2021-07-31,320edfb0332b7073,12ceec9431fb0827,U-DEC,3,900.0,,3,inferred_from_decision_duration,False,True,True,False
development,2021-07-31,320edfb0332b7073,9eef9b7967991296,M-DEC,3,900.0,,3,inferred_from_decision_duration,False,True,True,False
development,2021-07-31,320edfb0332b7073,6671b567c4eb9982,KO/TKO,2,410.0,,3,assumed_three_round_early_finish,False,True,False,False
development,2021-07-31,320edfb0332b7073,e3ecb94228c2739f,KO/TKO,1,68.0,,3,assumed_three_round_early_finish,False,True,False,False
development,2021-07-31,320edfb0332b7073,b4622ca7cf0e8506,KO/TKO,1,60.0,,3,assumed_three_round_early_finish,False,True,False,False
development,2021-07-31,320edfb0332b7073,8522bc62e8d942ab,U-DEC,5,1500.0,,5,inferred_from_decision_duration,True,False,True,False
development,2021-08-07,972197a8c61ac413,af9927b5589e708b,SUB,2,455.0,,3,assumed_three_round_early_finish,False,True,False,False
development,2021-08-07,972197a8c61ac413,cce232c1b1b2e4a0,KO/TKO,2,600.0,,3,assumed_three_round_early_finish,False,True,False,False
development,2021-08-07,972197a8c61ac413,9a678f346946b6a4,KO/TKO,3,676.0,,3,assumed_three_round_early_finish,False,True,False,False
development,2021-08-07,972197a8c61ac413,85c5dd604d5b3634,KO/TKO,1,284.0,,3,assumed_three_round_early_finish,False,True,False,False
development,2021-08-07,972197a8c61ac413,f2336b7545f5f442,SUB,1,272.0,,3,assumed_three_round_early_finish,False,True,False,False
development,2021-08-07,972197a8c61ac413,dcd0793ff1a43b68,U-DEC,3,900.0,,3,inferred_from_decision_duration,False,True,True,False
development,2021-08-07,972197a8c61ac413,3d75081ce43774ca,U-DEC,3,900.0,,3,inferred_from_decision_duration,False,True,True,False
development,2021-08-07,972197a8c61ac413,76ece0ee2ef5d240,U-DEC,3,900.0,,3,inferred_from_decision_duration,False,True,True,False
development,2021-08-07,972197a8c61ac413,962aab0abdd34173,S-DEC,3,900.0,,3,inferred_from_decision_duration,False,True,True,False
development,2021-08-07,972197a8c61ac413,903d2c361d005b70,U-DEC,3,900.0,,3,inferred_from_decision_duration,False,True,True,False
development,2021-08-07,972197a8c61ac413,efe985e626a0d8c0,SUB,1,205.0,,3,assumed_three_round_early_finish,False,True,False,False
development,2021-08-07,972197a8c61ac413,980927e7dcc131c0,U-DEC,3,900.0,,3,inferred_from_decision_duration,False,True,True,False
development,2021-08-07,972197a8c61ac413,bf732e22055e8634,KO/TKO,3,851.0,,3,assumed_three_round_early_finish,False,True,False,False
development,2021-08-21,2f13e4020cea5b38,47a157222b2c9092,SUB,1,153.0,,3,assumed_three_round_early_finish,False,True,False,False
development,2021-08-21,2f13e4020cea5b38,8badcb2134c1cdaf,KO/TKO,3,895.0,,3,assumed_three_round_early_finish,False,True,False,False
development,2021-08-21,2f13e4020cea5b38,5e2ce5aa3a92c2df,KO/TKO,1,238.0,,3,assumed_three_round_early_finish,False,True,False,False
development,2021-08-21,2f13e4020cea5b38,92d39a17e34cf581,KO/TKO,1,294.0,,3,assumed_three_round_early_finish,False,True,False,False
development,2021-08-21,2f13e4020cea5b38,bfacb44c24bfe0e9,U-DEC,3,900.0,,3,inferred_from_decision_duration,False,True,True,False
development,2021-08-21,2f13e4020cea5b38,12d2b282561b5e5f,U-DEC,3,900.0,,3,inferred_from_decision_duration,False,True,True,False
development,2021-08-21,2f13e4020cea5b38,0b47788da6de735e,SUB,2,406.0,,3,assumed_three_round_early_finish,False,True,False,False
development,2021-08-21,2f13e4020cea5b38,755d84d5f4aa4dbf,U-DEC,3,900.0,,3,inferred_from_decision_duration,False,True,True,False
development,2021-08-21,2f13e4020cea5b38,e1897ff433134cb8,SUB,3,879.0,,3,assumed_three_round_early_finish,False,True,False,False
development,2021-08-21,2f13e4020cea5b38,47230f9b5d7ae037,U-DEC,3,900.0,,3,inferred_from_decision_duration,False,True,True,False
development,2021-08-21,2f13e4020cea5b38,3a9e0fed344fd07d,S-DEC,3,900.0,,3,inferred_from_decision_duration,False,True,True,False
development,2021-08-21,2f13e4020cea5b38,f536ba47f006474a,U-DEC,5,1500.0,,5,inferred_from_decision_duration,True,False,True,False
development,2021-08-28,0db9d2486d564a3c,be4890f4aaadec28,S-DEC,3,900.0,,3,inferred_from_decision_duration,False,True,True,False
development,2021-08-28,0db9d2486d564a3c,ef4484943b1c68a9,SUB,1,113.0,,3,assumed_three_round_early_finish,False,True,False,False
development,2021-08-28,0db9d2486d564a3c,2cb9ba68fc855f33,U-DEC,3,900.0,,3,inferred_from_decision_duration,False,True,True,False
development,2021-08-28,0db9d2486d564a3c,0f3a91caeaa55094,KO/TKO,1,184.0,,3,assumed_three_round_early_finish,False,True,False,False
development,2021-08-28,0db9d2486d564a3c,58d5e4afc2dd35d1,S-DEC,3,900.0,,3,inferred_from_decision_duration,False,True,True,False
development,2021-08-28,0db9d2486d564a3c,e24c8aab497b4fe1,KO/TKO,1,17.0,,3,assumed_three_round_early_finish,False,True,False,False
development,2021-08-28,0db9d2486d564a3c,1de342e9309c5f0f,SUB,2,409.0,,3,assumed_three_round_early_finish,False,True,False,False
development,2021-08-28,0db9d2486d564a3c,ad3aa9520131ff2e,KO/TKO,3,792.0,,3,assumed_three_round_early_finish,False,True,False,False
development,2021-08-28,0db9d2486d564a3c,089a17e450cc98aa,U-DEC,3,900.0,,3,inferred_from_decision_duration,False,True,True,False
development,2021-08-28,0db9d2486d564a3c,ed64e42263bf50bf,S-DEC,3,900.0,,3,inferred_from_decision_duration,False,True,True,False
development,2021-08-28,0db9d2486d564a3c,5086f9fb4fdc2f60,SUB,2,435.0,,3,assumed_three_round_early_finish,False,True,False,False
development,2021-08-28,0db9d2486d564a3c,5cd1869013741767,KO/TKO,3,704.0,,3,assumed_three_round_early_finish,False,True,False,False
development,2021-09-04,b9532d815060de7f,a7c38d4d66abf923,U-DEC,3,900.0,,3,inferred_from_decision_duration,False,True,True,False
development,2021-09-04,b9532d815060de7f,3f76035e52e8819b,SUB,3,776.0,,3,assumed_three_round_early_finish,False,True,False,False
development,2021-09-04,b9532d815060de7f,4fc128b1bdf088b1,U-DEC,3,900.0,,3,inferred_from_decision_duration,False,True,True,False
development,2021-09-04,b9532d815060de7f,06c0c7dda5a5909d,U-DEC,3,900.0,,3,inferred_from_decision_duration,False,True,True,False
development,2021-09-04,b9532d815060de7f,8fc238e84c4624a7,KO/TKO,1,265.0,,3,assumed_three_round_early_finish,False,True,False,False
development,2021-09-04,b9532d815060de7f,ad81be01a461c936,KO/TKO,2,450.0,,3,assumed_three_round_early_finish,False,True,False,False
development,2021-09-04,b9532d815060de7f,f09912e9d8eaa968,U-DEC,3,900.0,,3,inferred_from_decision_duration,False,True,True,False
development,2021-09-04,b9532d815060de7f,b977ffcc6428046f,KO/TKO,1,150.0,,3,assumed_three_round_early_finish,False,True,False,False
development,2021-09-04,b9532d815060de7f,14f2bb86fd888e91,SUB,3,733.0,,3,assumed_three_round_early_finish,False,True,False,False
development,2021-09-18,4c27ca8c8481f79a,eb10feae98ea7d36,SUB,1,257.0,,3,assumed_three_round_early_finish,False,True,False,False
development,2021-09-18,4c27ca8c8481f79a,06b3226c34c17001,KO/TKO,1,158.0,,3,assumed_three_round_early_finish,False,True,False,False
development,2021-09-18,4c27ca8c8481f79a,0ce63c2148e70b4c,U-DEC,3,900.0,,3,inferred_from_decision_duration,False,True,True,False
development,2021-09-18,4c27ca8c8481f79a,dc870fab1e0f15e1,U-DEC,3,900.0,,3,inferred_from_decision_duration,False,True,True,False
development,2021-09-18,4c27ca8c8481f79a,85e5498808346d6b,KO/TKO,3,875.0,,3,assumed_three_round_early_finish,False,True,False,False
development,2021-09-18,4c27ca8c8481f79a,2d42742aade53799,U-DEC,3,900.0,,3,inferred_from_decision_duration,False,True,True,False
development,2021-09-18,4c27ca8c8481f79a,d06495deb1ff1750,U-DEC,3,900.0,,3,inferred_from_decision_duration,False,True,True,False
development,2021-09-18,4c27ca8c8481f79a,401f5f4714132d50,KO/TKO,3,746.0,,3,assumed_three_round_early_finish,False,True,False,False
development,2021-09-18,4c27ca8c8481f79a,576b795e33ddd62d,KO/TKO,2,430.0,,3,assumed_three_round_early_finish,False,True,False,False
development,2021-09-18,4c27ca8c8481f79a,13a8ddb1c3f55ed4,KO/TKO,1,129.0,,3,assumed_three_round_early_finish,False,True,False,False
development,2021-09-18,4c27ca8c8481f79a,ceaf7ed5ade30d9f,U-DEC,3,900.0,,3,inferred_from_decision_duration,False,True,True,False
development,2021-09-18,4c27ca8c8481f79a,4b5f9b7c31d1205d,U-DEC,3,900.0,,3,inferred_from_decision_duration,False,True,True,False
development,2021-09-18,4c27ca8c8481f79a,d1621b3da377f34b,SUB,1,227.0,,3,assumed_three_round_early_finish,False,True,False,False
development,2021-09-25,0eec866a077889f0,7484298ad57099be,SUB,2,511.0,,3,assumed_three_round_early_finish,False,True,False,False
development,2021-09-25,0eec866a077889f0,73f6b72b4889088f,KO/TKO,1,15.0,,3,assumed_three_round_early_finish,False,True,False,False
development,2021-09-25,0eec866a077889f0,d8189169b2c8a2aa,U-DEC,3,900.0,,3,inferred_from_decision_duration,False,True,True,False
development,2021-09-25,0eec866a077889f0,7abc4520f63f2c06,SUB,1,241.0,,3,assumed_three_round_early_finish,False,True,False,False
development,2021-09-25,0eec866a077889f0,e7bb37681652c2c2,U-DEC,3,900.0,,3,inferred_from_decision_duration,False,True,True,False
development,2021-09-25,0eec866a077889f0,f085f32bbb3220e1,KO/TKO,2,383.0,,3,assumed_three_round_early_finish,False,True,False,False
development,2021-09-25,0eec866a077889f0,b3c23fb2d71bba51,U-DEC,3,900.0,,3,inferred_from_decision_duration,False,True,True,False
development,2021-09-25,0eec866a077889f0,bc276e0f07e30a54,KO/TKO,2,565.0,,3,assumed_three_round_early_finish,False,True,False,False
development,2021-09-25,0eec866a077889f0,f4a2806f77ac1cdc,KO/TKO,1,294.0,,3,assumed_three_round_early_finish,False,True,False,False
development,2021-09-25,0eec866a077889f0,f4df74046a1c4364,U-DEC,3,900.0,,3,inferred_from_decision_duration,False,True,True,False
development,2021-09-25,0eec866a077889f0,92e006a93f983fb5,KO/TKO,3,644.0,,3,assumed_three_round_early_finish,False,True,False,False
development,2021-09-25,0eec866a077889f0,7233b2a56438d77a,KO/TKO,4,1140.0,,5,inferred_five_round_late_finish,True,False,False,False
development,2021-09-25,0eec866a077889f0,18f1b88d8977c216,U-DEC,5,1500.0,,5,inferred_from_decision_duration,True,False,True,False
development,2021-10-02,e15d0a2519d6a0b5,e7423a91a253b416,SUB,2,553.0,,3,assumed_three_round_early_finish,False,True,False,False
development,2021-10-02,e15d0a2519d6a0b5,c1e5859053263811,KO/TKO,2,442.0,,3,assumed_three_round_early_finish,False,True,False,False
development,2021-10-02,e15d0a2519d6a0b5,5f444eac11e55161,KO/TKO,1,124.0,,3,assumed_three_round_early_finish,False,True,False,False
development,2021-10-02,e15d0a2519d6a0b5,dfa2f5c821a52c63,KO/TKO,2,471.0,,3,assumed_three_round_early_finish,False,True,False,False
development,2021-10-02,e15d0a2519d6a0b5,16d31775a8dcb31d,U-DEC,3,900.0,,3,inferred_from_decision_duration,False,True,True,False
development,2021-10-02,e15d0a2519d6a0b5,6832e9e62da0f9d3,KO/TKO,2,587.0,,3,assumed_three_round_early_finish,False,True,False,False
development,2021-10-02,e15d0a2519d6a0b5,3b7eb8e56052a2af,S-DEC,3,900.0,,3,inferred_from_decision_duration,False,True,True,False
development,2021-10-02,e15d0a2519d6a0b5,a00b4e82f9d4f92c,KO/TKO,1,80.0,,3,assumed_three_round_early_finish,False,True,False,False
development,2021-10-02,e15d0a2519d6a0b5,dba710edbc3c29ff,S-DEC,3,900.0,,3,inferred_from_decision_duration,False,True,True,False
development,2021-10-02,e15d0a2519d6a0b5,9c33c8d4a381ba70,U-DEC,3,900.0,,3,inferred_from_decision_duration,False,True,True,False
development,2021-10-02,e15d0a2519d6a0b5,37c484012ef24a5b,U-DEC,5,1500.0,,5,inferred_from_decision_duration,True,False,True,False
development,2021-10-09,d247691a6c0e9034,ddb927b0dfcfac2a,KO/TKO,2,411.0,,3,assumed_three_round_early_finish,False,True,False,False
development,2021-10-09,d247691a6c0e9034,f526892a27b50576,SUB,1,254.0,,3,assumed_three_round_early_finish,False,True,False,False
development,2021-10-09,d247691a6c0e9034,df16b9c2fc9722e9,U-DEC,3,900.0,,3,inferred_from_decision_duration,False,True,True,False
development,2021-10-09,d247691a6c0e9034,777c65184aa63894,KO/TKO,2,583.0,,3,assumed_three_round_early_finish,False,True,False,False
development,2021-10-09,d247691a6c0e9034,6101249c2cdd1493,S-DEC,3,900.0,,3,inferred_from_decision_duration,False,True,True,False
development,2021-10-09,d247691a6c0e9034,38957d8eb185391c,SUB,3,653.0,,3,assumed_three_round_early_finish,False,True,False,False
development,2021-10-09,d247691a6c0e9034,20f19439e9b100b0,U-DEC,3,900.0,,3,inferred_from_decision_duration,False,True,True,False
development,2021-10-09,d247691a6c0e9034,d5ffdb5388ffabc6,U-DEC,3,900.0,,3,inferred_from_decision_duration,False,True,True,False
development,2021-10-09,d247691a6c0e9034,149d6b90f33634a4,U-DEC,5,1500.0,,5,inferred_from_decision_duration,True,False,True,False
development,2021-10-16,8f4616698508f24d,814d481e79e9a525,SUB,3,777.0,,3,assumed_three_round_early_finish,False,True,False,False
development,2021-10-16,8f4616698508f24d,cf020c71f1dbfa0b,KO/TKO,1,121.0,,3,assumed_three_round_early_finish,False,True,False,False
development,2021-10-16,8f4616698508f24d,be8bee783d22bee2,U-DEC,3,900.0,,3,inferred_from_decision_duration,False,True,True,False
development,2021-10-16,8f4616698508f24d,e3881a6895be3e9e,S-DEC,3,900.0,,3,inferred_from_decision_duration,False,True,True,False
development,2021-10-16,8f4616698508f24d,fefa96b6d939ffea,KO/TKO,3,755.0,,3,assumed_three_round_early_finish,False,True,False,False
development,2021-10-16,8f4616698508f24d,a2e1116a9fe84aa9,SUB,3,742.0,,3,assumed_three_round_early_finish,False,True,False,False
development,2021-10-16,8f4616698508f24d,b193e2317b21125c,U-DEC,3,900.0,,3,inferred_from_decision_duration,False,True,True,False
development,2021-10-16,8f4616698508f24d,d9ca00b3c62a874d,KO/TKO,2,314.0,,3,assumed_three_round_early_finish,False,True,False,False
development,2021-10-16,8f4616698508f24d,188b63ec6ee1c1c9,U-DEC,3,900.0,,3,inferred_from_decision_duration,False,True,True,False
development,2021-10-16,8f4616698508f24d,330e67abac6e5ce7,U-DEC,5,1500.0,,5,inferred_from_decision_duration,True,False,True,False
development,2021-10-23,8a9c6c4301f6d088,7151ae256e6c181b,U-DEC,3,900.0,,3,inferred_from_decision_duration,False,True,True,False
development,2021-10-23,8a9c6c4301f6d088,61d9eff5fa4c8578,U-DEC,3,900.0,,3,inferred_from_decision_duration,False,True,True,False
development,2021-10-23,8a9c6c4301f6d088,acec5f4c6fee1ae2,KO/TKO,2,346.0,,3,assumed_three_round_early_finish,False,True,False,False
development,2021-10-23,8a9c6c4301f6d088,6d7eecf4acecda2a,KO/TKO,1,167.0,,3,assumed_three_round_early_finish,False,True,False,False
development,2021-10-23,8a9c6c4301f6d088,85f920746c58d0a6,U-DEC,3,900.0,,3,inferred_from_decision_duration,False,True,True,False
development,2021-10-23,8a9c6c4301f6d088,1fe58cdab57d233b,U-DEC,3,900.0,,3,inferred_from_decision_duration,False,True,True,False
development,2021-10-23,8a9c6c4301f6d088,d44d735e5079bfb8,U-DEC,3,900.0,,3,inferred_from_decision_duration,False,True,True,False
development,2021-10-23,8a9c6c4301f6d088,88256dd5a9aef1cc,KO/TKO,2,493.0,,3,assumed_three_round_early_finish,False,True,False,False
development,2021-10-23,8a9c6c4301f6d088,e078d18fa9ed100d,KO/TKO,1,78.0,,3,assumed_three_round_early_finish,False,True,False,False
development,2021-10-23,8a9c6c4301f6d088,587d373f18f6c8c0,S-DEC,3,900.0,,3,inferred_from_decision_duration,False,True,True,False
development,2021-10-23,8a9c6c4301f6d088,98842f17dfe4b4ef,SUB,2,511.0,,3,assumed_three_round_early_finish,False,True,False,False
development,2021-10-23,8a9c6c4301f6d088,69167b996ce7a7e4,U-DEC,3,900.0,,3,inferred_from_decision_duration,False,True,True,False
development,2021-10-23,8a9c6c4301f6d088,860be3cc82895177,U-DEC,5,1500.0,,5,inferred_from_decision_duration,True,False,True,False
development,2021-10-30,3974fa35c917af1d,6163c18411aca830,S-DEC,3,900.0,,3,inferred_from_decision_duration,False,True,True,False
development,2021-10-30,3974fa35c917af1d,4a5e5232346993c7,SUB,3,886.0,,3,assumed_three_round_early_finish,False,True,False,False
development,2021-10-30,3974fa35c917af1d,156f2425a937b22f,KO/TKO,2,314.0,,3,assumed_three_round_early_finish,False,True,False,False
development,2021-10-30,3974fa35c917af1d,92c49cb075f612d7,KO/TKO,1,211.0,,3,assumed_three_round_early_finish,False,True,False,False
development,2021-10-30,3974fa35c917af1d,efc6af0151f72b87,U-DEC,3,900.0,,3,inferred_from_decision_duration,False,True,True,False
development,2021-10-30,3974fa35c917af1d,768c86e307295944,U-DEC,3,900.0,,3,inferred_from_decision_duration,False,True,True,False
development,2021-10-30,3974fa35c917af1d,41cdfea7df63003f,U-DEC,3,900.0,,3,inferred_from_decision_duration,False,True,True,False
development,2021-10-30,3974fa35c917af1d,d84968d7e9fcb4f3,U-DEC,3,900.0,,3,inferred_from_decision_duration,False,True,True,False
development,2021-10-30,3974fa35c917af1d,58b19ba734fe93a3,U-DEC,3,900.0,,3,inferred_from_decision_duration,False,True,True,False
development,2021-10-30,3974fa35c917af1d,987cdcbc809e210d,SUB,1,196.0,,3,assumed_three_round_early_finish,False,True,False,False
development,2021-10-30,3974fa35c917af1d,13e3e41e0c6f4e04,U-DEC,3,900.0,,3,inferred_from_decision_duration,False,True,True,False
development,2021-10-30,3974fa35c917af1d,5ad4c0eae7512878,SUB,1,145.0,,3,assumed_three_round_early_finish,False,True,False,False
development,2021-10-30,3974fa35c917af1d,18edff5447989b3f,U-DEC,5,1500.0,,5,inferred_from_decision_duration,True,False,True,False
development,2021-10-30,3974fa35c917af1d,919fb76d2f3e5827,SUB,2,482.0,,3,assumed_three_round_early_finish,False,True,False,False
development,2021-11-06,48e093ea1f43a053,8081cb92f71401c6,U-DEC,3,900.0,,3,inferred_from_decision_duration,False,True,True,False
development,2021-11-06,48e093ea1f43a053,73d541adc2909dc8,U-DEC,3,900.0,,3,inferred_from_decision_duration,False,True,True,False
development,2021-11-06,48e093ea1f43a053,88cc78d2d5d6bcaa,U-DEC,3,900.0,,3,inferred_from_decision_duration,False,True,True,False
development,2021-11-06,48e093ea1f43a053,e25875165648162b,KO/TKO,2,443.0,,3,assumed_three_round_early_finish,False,True,False,False
development,2021-11-06,48e093ea1f43a053,733dcfec0cc9b439,KO/TKO,1,299.0,,3,assumed_three_round_early_finish,False,True,False,False
development,2021-11-06,48e093ea1f43a053,095a351dd6f09f7e,KO/TKO,2,592.0,,3,assumed_three_round_early_finish,False,True,False,False
development,2021-11-06,48e093ea1f43a053,fa3b28ff3585b4a0,KO/TKO,1,267.0,,3,assumed_three_round_early_finish,False,True,False,False
development,2021-11-06,48e093ea1f43a053,d69e3677060af4c7,KO/TKO,1,145.0,,3,assumed_three_round_early_finish,False,True,False,False
development,2021-11-06,48e093ea1f43a053,385101e8ad828c39,KO/TKO,2,318.0,,3,assumed_three_round_early_finish,False,True,False,False
development,2021-11-06,48e093ea1f43a053,999a0fad4c82148d,U-DEC,3,900.0,,3,inferred_from_decision_duration,False,True,True,False
development,2021-11-06,48e093ea1f43a053,a260238fdb9c47cf,U-DEC,3,900.0,,3,inferred_from_decision_duration,False,True,True,False
development,2021-11-06,48e093ea1f43a053,c634ed84212723ca,KO/TKO,3,830.0,,3,assumed_three_round_early_finish,False,True,False,False
development,2021-11-06,48e093ea1f43a053,19722043e7eb4e39,S-DEC,5,1500.0,,5,inferred_from_decision_duration,True,False,True,False
development,2021-11-06,48e093ea1f43a053,31b3ae9352d9389b,U-DEC,5,1500.0,,5,inferred_from_decision_duration,True,False,True,False
development,2021-11-13,b5abaa65f87938eb,81bb4d9b214adf4b,KO/TKO,1,184.0,,3,assumed_three_round_early_finish,False,True,False,False
development,2021-11-13,b5abaa65f87938eb,2c21abbc28e3876a,SUB,1,108.0,,3,assumed_three_round_early_finish,False,True,False,False
development,2021-11-13,b5abaa65f87938eb,66eee2320e900a8a,U-DEC,3,900.0,,3,inferred_from_decision_duration,False,True,True,False
development,2021-11-13,b5abaa65f87938eb,a27a355f52883f3e,KO/TKO,1,270.0,,3,assumed_three_round_early_finish,False,True,False,False
development,2021-11-13,b5abaa65f87938eb,c0518d213b67e754,KO/TKO,2,600.0,,3,assumed_three_round_early_finish,False,True,False,False
development,2021-11-13,b5abaa65f87938eb,0273dbd5dedbdbe0,KO/TKO,1,181.0,,3,assumed_three_round_early_finish,False,True,False,False
development,2021-11-13,b5abaa65f87938eb,73c97d5c314f1270,KO/TKO,2,395.0,,3,assumed_three_round_early_finish,False,True,False,False
development,2021-11-13,b5abaa65f87938eb,8636b67096df4b27,KO/TKO,3,662.0,,3,assumed_three_round_early_finish,False,True,False,False
development,2021-11-13,b5abaa65f87938eb,e6ce8360ef43891c,KO/TKO,3,865.0,,3,assumed_three_round_early_finish,False,True,False,False
development,2021-11-13,b5abaa65f87938eb,1013cdbb6c9a4a2e,KO/TKO,1,32.0,,3,assumed_three_round_early_finish,False,True,False,False
development,2021-11-13,b5abaa65f87938eb,147e984aa34e3028,U-DEC,5,1500.0,,5,inferred_from_decision_duration,True,False,True,False
development,2021-11-20,c95fbc085e17a532,8dd086e2e70144fd,U-DEC,3,900.0,,3,inferred_from_decision_duration,False,True,True,False
development,2021-11-20,c95fbc085e17a532,1ff89e2a9cc2f2d2,U-DEC,3,900.0,,3,inferred_from_decision_duration,False,True,True,False
development,2021-11-20,c95fbc085e17a532,84c68c4c387d2e32,U-DEC,3,900.0,,3,inferred_from_decision_duration,False,True,True,False
development,2021-11-20,c95fbc085e17a532,450534f9fb9b13cd,U-DEC,3,900.0,,3,inferred_from_decision_duration,False,True,True,False
development,2021-11-20,c95fbc085e17a532,fd60e75303622e5e,U-DEC,3,900.0,,3,inferred_from_decision_duration,False,True,True,False
development,2021-11-20,c95fbc085e17a532,f592f168f3b8b807,U-DEC,3,900.0,,3,inferred_from_decision_duration,False,True,True,False
development,2021-11-20,c95fbc085e17a532,9b9ef12603e820ec,S-DEC,3,900.0,,3,inferred_from_decision_duration,False,True,True,False
development,2021-11-20,c95fbc085e17a532,1cd8f5a107f64e39,U-DEC,3,900.0,,3,inferred_from_decision_duration,False,True,True,False
development,2021-11-20,c95fbc085e17a532,bb15c0a2911043bd,SUB,1,289.0,,3,assumed_three_round_early_finish,False,True,False,False
development,2021-11-20,c95fbc085e17a532,50bf4bb2f8d9aba4,U-DEC,3,900.0,,3,inferred_from_decision_duration,False,True,True,False
development,2021-11-20,c95fbc085e17a532,18f19b1422e8154b,U-DEC,5,1500.0,,5,inferred_from_decision_duration,True,False,True,False
development,2021-12-04,509697e08673d2e5,1ce1a43ef68ffc7d,KO/TKO,1,122.0,,3,assumed_three_round_early_finish,False,True,False,False
development,2021-12-04,509697e08673d2e5,c74b03337a8441ed,SUB,3,805.0,,3,assumed_three_round_early_finish,False,True,False,False
development,2021-12-04,509697e08673d2e5,42b28adbed6966b7,U-DEC,3,900.0,,3,inferred_from_decision_duration,False,True,True,False
development,2021-12-04,509697e08673d2e5,3fc8afbb23b9ac16,U-DEC,3,900.0,,3,inferred_from_decision_duration,False,True,True,False
development,2021-12-04,509697e08673d2e5,405bded9cc7a7c15,U-DEC,3,900.0,,3,inferred_from_decision_duration,False,True,True,False
development,2021-12-04,509697e08673d2e5,376dddfa82debbf4,KO/TKO,1,242.0,,3,assumed_three_round_early_finish,False,True,False,False
development,2021-12-04,509697e08673d2e5,723a8a8c82cab1c8,KO/TKO,1,274.0,,3,assumed_three_round_early_finish,False,True,False,False
development,2021-12-04,509697e08673d2e5,657b7da9c89352fe,U-DEC,3,900.0,,3,inferred_from_decision_duration,False,True,True,False
development,2021-12-04,509697e08673d2e5,9e5bbbacf1d92cb4,KO/TKO,2,418.0,,3,assumed_three_round_early_finish,False,True,False,False
development,2021-12-04,509697e08673d2e5,5d64044b985004e7,SUB,2,381.0,,3,assumed_three_round_early_finish,False,True,False,False
development,2021-12-04,509697e08673d2e5,b3847772199e2639,KO/TKO,1,48.0,,3,assumed_three_round_early_finish,False,True,False,False
development,2021-12-04,509697e08673d2e5,a38648a1c190f9be,KO/TKO,3,740.0,,3,assumed_three_round_early_finish,False,True,False,False
development,2021-12-04,509697e08673d2e5,3109d1151f149aaf,U-DEC,5,1500.0,,5,inferred_from_decision_duration,True,False,True,False
development,2021-12-11,ef927e4fe2117ab8,505397f405e40206,SUB,1,299.0,,3,assumed_three_round_early_finish,False,True,False,False
development,2021-12-11,ef927e4fe2117ab8,8bcdcfb0f93f1409,KO/TKO,2,555.0,,3,assumed_three_round_early_finish,False,True,False,False
development,2021-12-11,ef927e4fe2117ab8,537a5aa4c248830e,U-DEC,3,900.0,,3,inferred_from_decision_duration,False,True,True,False
development,2021-12-11,ef927e4fe2117ab8,fc2a30bfb760bdf8,U-DEC,3,900.0,,3,inferred_from_decision_duration,False,True,True,False
development,2021-12-11,ef927e4fe2117ab8,16243b1470887cb6,SUB,1,193.0,,3,assumed_three_round_early_finish,False,True,False,False
development,2021-12-11,ef927e4fe2117ab8,9039762cb9f4abdb,KO/TKO,1,88.0,,3,assumed_three_round_early_finish,False,True,False,False
development,2021-12-11,ef927e4fe2117ab8,50f2539c73b98eec,KO/TKO,2,326.0,,3,assumed_three_round_early_finish,False,True,False,False
development,2021-12-11,ef927e4fe2117ab8,abb8c6c0a057184e,U-DEC,3,900.0,,3,inferred_from_decision_duration,False,True,True,False
development,2021-12-11,ef927e4fe2117ab8,6537a32e7af905b0,U-DEC,3,900.0,,3,inferred_from_decision_duration,False,True,True,False
development,2021-12-11,ef927e4fe2117ab8,8c01b7dccc4d0926,KO/TKO,1,282.0,,3,assumed_three_round_early_finish,False,True,False,False
development,2021-12-11,ef927e4fe2117ab8,795aa42785a46643,KO/TKO,1,201.0,,3,assumed_three_round_early_finish,False,True,False,False
development,2021-12-11,ef927e4fe2117ab8,2d0d13dfc6c37ba8,S-DEC,3,900.0,,3,inferred_from_decision_duration,False,True,True,False
development,2021-12-11,ef927e4fe2117ab8,0b633295d9e017a3,SUB,2,506.0,,3,assumed_three_round_early_finish,False,True,False,False
development,2021-12-11,ef927e4fe2117ab8,b22eab3aa1522f40,SUB,3,662.0,,3,assumed_three_round_early_finish,False,True,False,False
development,2021-12-18,2a470ad41c22c25a,ea76a3af8c5ecc55,SUB,2,425.0,,3,assumed_three_round_early_finish,False,True,False,False
development,2021-12-18,2a470ad41c22c25a,a760d0f5de2e1aaa,KO/TKO,3,806.0,,3,assumed_three_round_early_finish,False,True,False,False
development,2021-12-18,2a470ad41c22c25a,85d9a516c3c6c205,SUB,2,487.0,,3,assumed_three_round_early_finish,False,True,False,False
development,2021-12-18,2a470ad41c22c25a,b4f88d65b47c2a39,U-DEC,3,900.0,,3,inferred_from_decision_duration,False,True,True,False
development,2021-12-18,2a470ad41c22c25a,dd552b389152636a,KO/TKO,3,645.0,,3,assumed_three_round_early_finish,False,True,False,False
development,2021-12-18,2a470ad41c22c25a,fc0927c657c51622,KO/TKO,1,113.0,,3,assumed_three_round_early_finish,False,True,False,False
development,2021-12-18,2a470ad41c22c25a,bdaca0a96d44438a,SUB,3,778.0,,3,assumed_three_round_early_finish,False,True,False,False
development,2021-12-18,2a470ad41c22c25a,2a5484a6d5e7a2da,KO/TKO,1,132.0,,3,assumed_three_round_early_finish,False,True,False,False
development,2021-12-18,2a470ad41c22c25a,730f14ccff80f3b0,KO/TKO,2,506.0,,3,assumed_three_round_early_finish,False,True,False,False
development,2021-12-18,2a470ad41c22c25a,a43dcd04788d95c7,KO/TKO,2,434.0,,3,assumed_three_round_early_finish,False,True,False,False
development,2021-12-18,2a470ad41c22c25a,2e200563dd7c4922,S-DEC,3,900.0,,3,inferred_from_decision_duration,False,True,True,False
development,2021-12-18,2a470ad41c22c25a,8b3b38167060b1d7,U-DEC,3,900.0,,3,inferred_from_decision_duration,False,True,True,False
development,2021-12-18,2a470ad41c22c25a,4b7ec02b39fc6f70,KO/TKO,1,216.0,,3,assumed_three_round_early_finish,False,True,False,False
development,2022-01-15,f5585e675af7afd4,3a8c0158d910546d,U-DEC,3,900.0,,3,inferred_from_decision_duration,False,True,True,False
development,2022-01-15,f5585e675af7afd4,7c2a02b5ea169b54,U-DEC,3,900.0,,3,inferred_from_decision_duration,False,True,True,False
development,2022-01-15,f5585e675af7afd4,3738135e4c9d8273,U-DEC,3,900.0,,3,inferred_from_decision_duration,False,True,True,False
development,2022-01-15,f5585e675af7afd4,e8517ed0b49abc37,U-DEC,3,900.0,,3,inferred_from_decision_duration,False,True,True,False
development,2022-01-15,f5585e675af7afd4,8693027377658e61,U-DEC,3,900.0,,3,inferred_from_decision_duration,False,True,True,False
development,2022-01-15,f5585e675af7afd4,b5b5156c713c5d47,KO/TKO,1,227.0,,3,assumed_three_round_early_finish,False,True,False,False
development,2022-01-15,f5585e675af7afd4,f9a4e625dffc30d4,U-DEC,3,900.0,,3,inferred_from_decision_duration,False,True,True,False
development,2022-01-15,f5585e675af7afd4,8d89f3b8798f444d,S-DEC,3,900.0,,3,inferred_from_decision_duration,False,True,True,False
development,2022-01-15,f5585e675af7afd4,3bcbb0e039f4f5d8,SUB,1,146.0,,3,assumed_three_round_early_finish,False,True,False,False
development,2022-01-15,f5585e675af7afd4,9dfcf675cf2c1575,U-DEC,5,1500.0,,5,inferred_from_decision_duration,True,False,True,False
development,2022-01-22,335ad945324c3a2e,0a0beb5aa9810de4,U-DEC,3,900.0,,3,inferred_from_decision_duration,False,True,True,False
development,2022-01-22,335ad945324c3a2e,4047c2e259529179,SUB,1,145.0,,3,assumed_three_round_early_finish,False,True,False,False
development,2022-01-22,335ad945324c3a2e,5da7168ac2ff0e1d,KO/TKO,1,195.0,,3,assumed_three_round_early_finish,False,True,False,False
development,2022-01-22,335ad945324c3a2e,9687021e5c4d092a,U-DEC,3,900.0,,3,inferred_from_decision_duration,False,True,True,False
development,2022-01-22,335ad945324c3a2e,0669231ebe3dd560,KO/TKO,1,179.0,,3,assumed_three_round_early_finish,False,True,False,False
development,2022-01-22,335ad945324c3a2e,44a55ba1de2b30e2,U-DEC,3,900.0,,3,inferred_from_decision_duration,False,True,True,False
development,2022-01-22,335ad945324c3a2e,453283e947919ff7,KO/TKO,1,246.0,,3,assumed_three_round_early_finish,False,True,False,False
development,2022-01-22,335ad945324c3a2e,80f65ee9b6f8d63b,SUB,1,47.0,,3,assumed_three_round_early_finish,False,True,False,False
development,2022-01-22,335ad945324c3a2e,5ba543efdce072f5,U-DEC,3,900.0,,3,inferred_from_decision_duration,False,True,True,False
development,2022-01-22,335ad945324c3a2e,cddd3d4febe097f8,U-DEC,5,1500.0,,5,inferred_from_decision_duration,True,False,True,False
development,2022-01-22,335ad945324c3a2e,e786542667fdecf0,U-DEC,5,1500.0,,5,inferred_from_decision_duration,True,False,True,False
development,2022-02-05,883922e5cd6d8473,1765fc442ea03873,KO/TKO,1,82.0,,3,assumed_three_round_early_finish,False,True,False,False
development,2022-02-05,883922e5cd6d8473,342779192b116314,KO/TKO,2,435.0,,3,assumed_three_round_early_finish,False,True,False,False
development,2022-02-05,883922e5cd6d8473,e82f15afac3dac93,KO/TKO,1,177.0,,3,assumed_three_round_early_finish,False,True,False,False
development,2022-02-05,883922e5cd6d8473,673ed36fa5c12d5f,U-DEC,3,900.0,,3,inferred_from_decision_duration,False,True,True,False
development,2022-02-05,883922e5cd6d8473,f9ab966e63968c15,KO/TKO,1,16.0,,3,assumed_three_round_early_finish,False,True,False,False
development,2022-02-05,883922e5cd6d8473,84ebbad426d25713,U-DEC,3,900.0,,3,inferred_from_decision_duration,False,True,True,False
development,2022-02-05,883922e5cd6d8473,c816a969cb001168,SUB,3,698.0,,3,assumed_three_round_early_finish,False,True,False,False
development,2022-02-05,883922e5cd6d8473,208c5dc52ccfd47a,S-DEC,3,900.0,,3,inferred_from_decision_duration,False,True,True,False
development,2022-02-05,883922e5cd6d8473,0489b42ac0ab6d4b,U-DEC,3,900.0,,3,inferred_from_decision_duration,False,True,True,False
development,2022-02-05,883922e5cd6d8473,0730c4e6fb247fa1,SUB,2,430.0,,3,assumed_three_round_early_finish,False,True,False,False
development,2022-02-05,883922e5cd6d8473,6b4c2cc27855506a,KO/TKO,1,250.0,,3,assumed_three_round_early_finish,False,True,False,False
development,2022-02-05,883922e5cd6d8473,ace166f26c2ac2e8,S-DEC,3,900.0,,3,inferred_from_decision_duration,False,True,True,False
development,2022-02-05,883922e5cd6d8473,4b67a1875390e7ad,S-DEC,5,1500.0,,5,inferred_from_decision_duration,True,False,True,False
development,2022-02-12,cbb682f5fcc44bfc,6708f3a32861038a,U-DEC,3,900.0,,3,inferred_from_decision_duration,False,True,True,False
development,2022-02-12,cbb682f5fcc44bfc,507080ccded73591,SUB,1,278.0,,3,assumed_three_round_early_finish,False,True,False,False
development,2022-02-12,cbb682f5fcc44bfc,821bef3a3394dd96,SUB,2,504.0,,3,assumed_three_round_early_finish,False,True,False,False
development,2022-02-12,cbb682f5fcc44bfc,c16bda7548181613,U-DEC,3,900.0,,3,inferred_from_decision_duration,False,True,True,False
development,2022-02-12,cbb682f5fcc44bfc,19e742ccaa09cf08,U-DEC,3,900.0,,3,inferred_from_decision_duration,False,True,True,False
development,2022-02-12,cbb682f5fcc44bfc,3bebd99d5f94bec7,U-DEC,3,900.0,,3,inferred_from_decision_duration,False,True,True,False
development,2022-02-12,cbb682f5fcc44bfc,a0ba726da4a50458,SUB,3,708.0,,3,assumed_three_round_early_finish,False,True,False,False
development,2022-02-12,cbb682f5fcc44bfc,b1e048825b5bbe1c,S-DEC,3,900.0,,3,inferred_from_decision_duration,False,True,True,False
development,2022-02-12,cbb682f5fcc44bfc,81c22cfa22002ea4,S-DEC,3,900.0,,3,inferred_from_decision_duration,False,True,True,False
development,2022-02-12,cbb682f5fcc44bfc,388adad23aaa9d39,U-DEC,3,900.0,,3,inferred_from_decision_duration,False,True,True,False
development,2022-02-12,cbb682f5fcc44bfc,238832b58a66ae07,SUB,2,383.0,,3,assumed_three_round_early_finish,False,True,False,False
development,2022-02-12,cbb682f5fcc44bfc,18a1617ee7356352,KO/TKO,2,569.0,,3,assumed_three_round_early_finish,False,True,False,False
development,2022-02-12,cbb682f5fcc44bfc,bb42336d6417914c,KO/TKO,2,400.0,,3,assumed_three_round_early_finish,False,True,False,False
development,2022-02-12,cbb682f5fcc44bfc,ca8f73d038c4d6e7,U-DEC,5,1500.0,,5,inferred_from_decision_duration,True,False,True,False
development,2022-02-19,77940e45bc86208e,8cd583f6d10692bc,U-DEC,3,900.0,,3,inferred_from_decision_duration,False,True,True,False
development,2022-02-19,77940e45bc86208e,528c208293bdef13,U-DEC,3,900.0,,3,inferred_from_decision_duration,False,True,True,False
development,2022-02-19,77940e45bc86208e,ea63f56779100678,KO/TKO,3,813.0,,3,assumed_three_round_early_finish,False,True,False,False
development,2022-02-19,77940e45bc86208e,33cc40fc1da409d3,U-DEC,3,900.0,,3,inferred_from_decision_duration,False,True,True,False
development,2022-02-19,77940e45bc86208e,2d8db91f91f68069,KO/TKO,2,421.0,,3,assumed_three_round_early_finish,False,True,False,False
development,2022-02-19,77940e45bc86208e,e36a5d4d53b97d4e,SUB,1,224.0,,3,assumed_three_round_early_finish,False,True,False,False
development,2022-02-19,77940e45bc86208e,25da52bc590ef664,KO/TKO,1,264.0,,3,assumed_three_round_early_finish,False,True,False,False
development,2022-02-19,77940e45bc86208e,04e2d50c24a88dbd,S-DEC,3,900.0,,3,inferred_from_decision_duration,False,True,True,False
development,2022-02-19,77940e45bc86208e,958799d957945a3a,KO/TKO,2,418.0,,3,assumed_three_round_early_finish,False,True,False,False
development,2022-02-19,77940e45bc86208e,93026443e5140415,U-DEC,3,900.0,,3,inferred_from_decision_duration,False,True,True,False
development,2022-02-19,77940e45bc86208e,99fd8396cbe1df03,SUB,1,299.0,,3,assumed_three_round_early_finish,False,True,False,False
development,2022-02-19,77940e45bc86208e,f7865e5a6d009a87,KO/TKO,1,175.0,,3,assumed_three_round_early_finish,False,True,False,False
development,2022-02-26,f6a7b02c42e9fc5b,181ceedcacc01d48,S-DEC,3,900.0,,3,inferred_from_decision_duration,False,True,True,False
development,2022-02-26,f6a7b02c42e9fc5b,c5d5fcf290cc029e,SUB,1,122.0,,3,assumed_three_round_early_finish,False,True,False,False
development,2022-02-26,f6a7b02c42e9fc5b,901e62b7af57f559,U-DEC,3,900.0,,3,inferred_from_decision_duration,False,True,True,False
development,2022-02-26,f6a7b02c42e9fc5b,cb1f27818d46af0e,SUB,1,131.0,,3,assumed_three_round_early_finish,False,True,False,False
development,2022-02-26,f6a7b02c42e9fc5b,f087a10a6f2bcc99,U-DEC,3,900.0,,3,inferred_from_decision_duration,False,True,True,False
development,2022-02-26,f6a7b02c42e9fc5b,61a20ff34b6948ba,SUB,3,700.0,,3,assumed_three_round_early_finish,False,True,False,False
development,2022-02-26,f6a7b02c42e9fc5b,84d633d4a9fbf331,S-DEC,3,900.0,,3,inferred_from_decision_duration,False,True,True,False
development,2022-02-26,f6a7b02c42e9fc5b,8515f07911765f89,KO/TKO,2,417.0,,3,assumed_three_round_early_finish,False,True,False,False
development,2022-02-26,f6a7b02c42e9fc5b,c4eb14c3de579842,U-DEC,3,900.0,,3,inferred_from_decision_duration,False,True,True,False
development,2022-02-26,f6a7b02c42e9fc5b,01468f766dd7385c,SUB,2,389.0,,3,assumed_three_round_early_finish,False,True,False,False
development,2022-02-26,f6a7b02c42e9fc5b,2f4d42e0b9696f71,KO/TKO,1,203.0,,3,assumed_three_round_early_finish,False,True,False,False
development,2022-03-05,75e0d3cc2262b732,d5323490163dde0e,U-DEC,3,900.0,,3,inferred_from_decision_duration,False,True,True,False
development,2022-03-05,75e0d3cc2262b732,36d9337a27b71ba9,S-DEC,3,900.0,,3,inferred_from_decision_duration,False,True,True,False
development,2022-03-05,75e0d3cc2262b732,c420c376cc1d149c,U-DEC,3,900.0,,3,inferred_from_decision_duration,False,True,True,False
development,2022-03-05,75e0d3cc2262b732,59d44b6888885500,SUB,1,195.0,,3,assumed_three_round_early_finish,False,True,False,False
development,2022-03-05,75e0d3cc2262b732,c6fc43c351b08bda,SUB,2,507.0,,3,assumed_three_round_early_finish,False,True,False,False
development,2022-03-05,75e0d3cc2262b732,ee278a5a25744cac,S-DEC,3,900.0,,3,inferred_from_decision_duration,False,True,True,False
development,2022-03-05,75e0d3cc2262b732,9321b3c90ea5ca6c,S-DEC,3,900.0,,3,inferred_from_decision_duration,False,True,True,False
development,2022-03-05,75e0d3cc2262b732,fce6ab43b7d09aa4,KO/TKO,2,346.0,,3,assumed_three_round_early_finish,False,True,False,False
development,2022-03-05,75e0d3cc2262b732,cda06ff86cfe4f5f,KO/TKO,1,136.0,,3,assumed_three_round_early_finish,False,True,False,False
development,2022-03-05,75e0d3cc2262b732,43b43c5d439b2f98,KO/TKO,2,338.0,,3,assumed_three_round_early_finish,False,True,False,False
development,2022-03-05,75e0d3cc2262b732,abd45edc07a8d9e3,U-DEC,3,900.0,,3,inferred_from_decision_duration,False,True,True,False
development,2022-03-05,75e0d3cc2262b732,838bb84a5a976a9c,U-DEC,5,1500.0,,5,inferred_from_decision_duration,True,False,True,False
development,2022-03-05,75e0d3cc2262b732,d03d0abf331df751,U-DEC,5,1500.0,,5,inferred_from_decision_duration,True,False,True,False
development,2022-03-12,1f9344211ca7fd60,f10c2c84652ef573,KO/TKO,3,644.0,,3,assumed_three_round_early_finish,False,True,False,False
development,2022-03-12,1f9344211ca7fd60,b400c29fbeee0206,KO/TKO,1,127.0,,3,assumed_three_round_early_finish,False,True,False,False
development,2022-03-12,1f9344211ca7fd60,9cb78122a23e6a7d,SUB,1,221.0,,3,assumed_three_round_early_finish,False,True,False,False
development,2022-03-12,1f9344211ca7fd60,b55de7d791b9f62d,SUB,2,435.0,,3,assumed_three_round_early_finish,False,True,False,False
development,2022-03-12,1f9344211ca7fd60,5cad3ab6553e9ec9,SUB,2,582.0,,3,assumed_three_round_early_finish,False,True,False,False
development,2022-03-12,1f9344211ca7fd60,b70313eae7c24b27,U-DEC,3,900.0,,3,inferred_from_decision_duration,False,True,True,False
development,2022-03-12,1f9344211ca7fd60,26fbee4ed13ff35d,U-DEC,3,900.0,,3,inferred_from_decision_duration,False,True,True,False
development,2022-03-12,1f9344211ca7fd60,3b06c512abfa0494,U-DEC,3,900.0,,3,inferred_from_decision_duration,False,True,True,False
development,2022-03-12,1f9344211ca7fd60,226884e46a10865d,U-DEC,3,900.0,,3,inferred_from_decision_duration,False,True,True,False
development,2022-03-12,1f9344211ca7fd60,463fac0e48505b62,KO/TKO,1,197.0,,3,assumed_three_round_early_finish,False,True,False,False
development,2022-03-12,1f9344211ca7fd60,23eec2d9cb2d78cd,KO/TKO,2,325.0,,3,assumed_three_round_early_finish,False,True,False,False
development,2022-03-12,1f9344211ca7fd60,70b8d357e89383bd,U-DEC,3,900.0,,3,inferred_from_decision_duration,False,True,True,False
development,2022-03-12,1f9344211ca7fd60,9b46a662b8fa1d8d,KO/TKO,1,126.0,,3,assumed_three_round_early_finish,False,True,False,False
development,2022-03-12,1f9344211ca7fd60,8aa16cc1ba99aac1,U-DEC,5,1500.0,,5,inferred_from_decision_duration,True,False,True,False
development,2022-03-19,1d00756835ca67c9,4c7e55061dc3bf89,SUB,1,58.0,,3,assumed_three_round_early_finish,False,True,False,False
development,2022-03-19,1d00756835ca67c9,5e378c52f26935d6,S-DEC,3,900.0,,3,inferred_from_decision_duration,False,True,True,False
development,2022-03-19,1d00756835ca67c9,53d0df57a917c6a0,U-DEC,3,900.0,,3,inferred_from_decision_duration,False,True,True,False
development,2022-03-19,1d00756835ca67c9,766b4f5e77ab0860,SUB,1,237.0,,3,assumed_three_round_early_finish,False,True,False,False
development,2022-03-19,1d00756835ca67c9,ae989e21c3839b49,KO/TKO,1,243.0,,3,assumed_three_round_early_finish,False,True,False,False
development,2022-03-19,1d00756835ca67c9,6e705b2365bc03fa,SUB,1,57.0,,3,assumed_three_round_early_finish,False,True,False,False
development,2022-03-19,1d00756835ca67c9,a200b5dcbdd2506e,KO/TKO,2,367.0,,3,assumed_three_round_early_finish,False,True,False,False
development,2022-03-19,1d00756835ca67c9,5a878a6bebc973d7,KO/TKO,3,712.0,,3,assumed_three_round_early_finish,False,True,False,False
development,2022-03-19,1d00756835ca67c9,bcd1e1d71a172d53,U-DEC,3,900.0,,3,inferred_from_decision_duration,False,True,True,False
development,2022-03-19,1d00756835ca67c9,001441f70c293931,SUB,1,229.0,,3,assumed_three_round_early_finish,False,True,False,False
development,2022-03-19,1d00756835ca67c9,ce3d94186567a684,KO/TKO,1,153.0,,3,assumed_three_round_early_finish,False,True,False,False
development,2022-03-19,1d00756835ca67c9,06641a8c62e45661,SUB,1,225.0,,3,assumed_three_round_early_finish,False,True,False,False
development,2022-03-26,1fac46d466abd5b8,97e522591ac7eb29,U-DEC,3,900.0,,3,inferred_from_decision_duration,False,True,True,False
development,2022-03-26,1fac46d466abd5b8,82b2b97b85c7225c,U-DEC,3,900.0,,3,inferred_from_decision_duration,False,True,True,False
development,2022-03-26,1fac46d466abd5b8,3ecccdab76baa59c,U-DEC,3,900.0,,3,inferred_from_decision_duration,False,True,True,False
development,2022-03-26,1fac46d466abd5b8,6ed495c177d69a3a,SUB,2,418.0,,3,assumed_three_round_early_finish,False,True,False,False
development,2022-03-26,1fac46d466abd5b8,d0b7a79d3e7f3362,KO/TKO,2,454.0,,3,assumed_three_round_early_finish,False,True,False,False
development,2022-03-26,1fac46d466abd5b8,bb31c77bddd1317e,U-DEC,3,900.0,,3,inferred_from_decision_duration,False,True,True,False
development,2022-03-26,1fac46d466abd5b8,f6afaf2a39fa441c,U-DEC,3,900.0,,3,inferred_from_decision_duration,False,True,True,False
development,2022-03-26,1fac46d466abd5b8,3f92025b29e06bfd,S-DEC,3,900.0,,3,inferred_from_decision_duration,False,True,True,False
development,2022-03-26,1fac46d466abd5b8,410e65e4d1782bfc,U-DEC,3,900.0,,3,inferred_from_decision_duration,False,True,True,False
development,2022-03-26,1fac46d466abd5b8,f3c37e23ca30c87d,S-DEC,3,900.0,,3,inferred_from_decision_duration,False,True,True,False
development,2022-03-26,1fac46d466abd5b8,1b650c76387c0f4b,SUB,1,237.0,,3,assumed_three_round_early_finish,False,True,False,False
development,2022-03-26,1fac46d466abd5b8,c4e866d9dd606faa,KO/TKO,2,317.0,,3,assumed_three_round_early_finish,False,True,False,False
development,2022-04-09,3a97fda0de6f1fa4,313c36ce9bde6cf6,U-DEC,3,900.0,,3,inferred_from_decision_duration,False,True,True,False
development,2022-04-09,3a97fda0de6f1fa4,9e52a67410f2c879,U-DEC,3,900.0,,3,inferred_from_decision_duration,False,True,True,False
development,2022-04-09,3a97fda0de6f1fa4,278b965694e563b2,SUB,1,219.0,,3,assumed_three_round_early_finish,False,True,False,False
development,2022-04-09,3a97fda0de6f1fa4,7458a37feabf8788,KO/TKO,1,221.0,,3,assumed_three_round_early_finish,False,True,False,False
development,2022-04-09,3a97fda0de6f1fa4,88c6e7f71b79fd65,U-DEC,3,900.0,,3,inferred_from_decision_duration,False,True,True,False
development,2022-04-09,3a97fda0de6f1fa4,7c6ed5b3d830d0cb,U-DEC,3,900.0,,3,inferred_from_decision_duration,False,True,True,False
development,2022-04-09,3a97fda0de6f1fa4,313b85fe82b2ba80,U-DEC,3,900.0,,3,inferred_from_decision_duration,False,True,True,False
development,2022-04-09,3a97fda0de6f1fa4,15311d4b33d93004,U-DEC,3,900.0,,3,inferred_from_decision_duration,False,True,True,False
development,2022-04-09,3a97fda0de6f1fa4,d8945e21a63e2451,S-DEC,3,900.0,,3,inferred_from_decision_duration,False,True,True,False
development,2022-04-09,3a97fda0de6f1fa4,394b0347b0438622,U-DEC,3,900.0,,3,inferred_from_decision_duration,False,True,True,False
development,2022-04-09,3a97fda0de6f1fa4,9a8964b148cb5923,S-DEC,5,1500.0,,5,inferred_from_decision_duration,True,False,True,False
development,2022-04-09,3a97fda0de6f1fa4,dc0ab34f1952cb48,KO/TKO,4,945.0,,5,inferred_five_round_late_finish,False,False,False,False
development,2022-04-16,8753e125f4499816,fb7ebdda8658fa05,KO/TKO,1,47.0,,3,assumed_three_round_early_finish,False,True,False,False
development,2022-04-16,8753e125f4499816,0daf776bd222daad,M-DEC,3,900.0,,3,inferred_from_decision_duration,False,True,True,False
development,2022-04-16,8753e125f4499816,eac46cfead228e11,S-DEC,3,900.0,,3,inferred_from_decision_duration,False,True,True,False
development,2022-04-16,8753e125f4499816,1ceab8fa45996f51,U-DEC,3,698.0,,3,assumed_three_round_early_finish,False,True,True,False
development,2022-04-16,8753e125f4499816,0987b3f785e26d1c,SUB,2,590.0,,3,assumed_three_round_early_finish,False,True,False,False
development,2022-04-16,8753e125f4499816,74c58b9d638c5eaa,KO/TKO,2,333.0,,3,assumed_three_round_early_finish,False,True,False,False
development,2022-04-16,8753e125f4499816,c20e6697335c3b3d,U-DEC,3,900.0,,3,inferred_from_decision_duration,False,True,True,False
development,2022-04-16,8753e125f4499816,b09f8cd4cbd7ba56,KO/TKO,3,801.0,,3,assumed_three_round_early_finish,False,True,False,False
development,2022-04-16,8753e125f4499816,559031e51ced0b53,U-DEC,3,900.0,,3,inferred_from_decision_duration,False,True,True,False
development,2022-04-16,8753e125f4499816,4f6e7159e77d4215,U-DEC,3,900.0,,3,inferred_from_decision_duration,False,True,True,False
development,2022-04-16,8753e125f4499816,2e94ee4b9f5fddea,U-DEC,3,900.0,,3,inferred_from_decision_duration,False,True,True,False
development,2022-04-16,8753e125f4499816,7c5fc3fc7be4a997,KO/TKO,1,279.0,,3,assumed_three_round_early_finish,False,True,False,False
development,2022-04-16,8753e125f4499816,a0a120c50d93f70a,U-DEC,3,836.0,,3,assumed_three_round_early_finish,False,True,True,False
development,2022-04-16,8753e125f4499816,6d4b6224f26572f9,U-DEC,5,1500.0,,5,inferred_from_decision_duration,True,False,True,False
development,2022-04-23,236a37d96d476164,7cf7960c6ccb5fa1,DQ,1,232.0,,3,assumed_three_round_early_finish,False,True,False,False
development,2022-04-23,236a37d96d476164,6a4ba72b084193b5,U-DEC,3,900.0,,3,inferred_from_decision_duration,False,True,True,False
development,2022-04-23,236a37d96d476164,e4d946470fd150fe,U-DEC,3,900.0,,3,inferred_from_decision_duration,False,True,True,False
development,2022-04-23,236a37d96d476164,926977ec3ed0ebe1,KO/TKO,1,168.0,,3,assumed_three_round_early_finish,False,True,False,False
development,2022-04-23,236a37d96d476164,e8c57c6259193466,KO/TKO,1,295.0,,3,assumed_three_round_early_finish,False,True,False,False
development,2022-04-23,236a37d96d476164,9b8a82276f06829f,KO/TKO,2,555.0,,3,assumed_three_round_early_finish,False,True,False,False
development,2022-04-23,236a37d96d476164,992e84bf59837e21,SUB,1,156.0,,3,assumed_three_round_early_finish,False,True,False,False
development,2022-04-23,236a37d96d476164,173d576e6247a88a,SUB,1,152.0,,3,assumed_three_round_early_finish,False,True,False,False
development,2022-04-23,236a37d96d476164,a45d4327bc82bc28,U-DEC,3,900.0,,3,inferred_from_decision_duration,False,True,True,False
development,2022-04-23,236a37d96d476164,6017351e164dbca3,SUB,1,181.0,,3,assumed_three_round_early_finish,False,True,False,False
development,2022-04-23,236a37d96d476164,3a3ac7b3987f6799,SUB,1,193.0,,3,assumed_three_round_early_finish,False,True,False,False
development,2022-04-30,6bf5a7d3e081ade2,80cf37627a129145,KO/TKO,2,491.0,,3,assumed_three_round_early_finish,False,True,False,False
development,2022-04-30,6bf5a7d3e081ade2,9217ecc287ac482d,U-DEC,3,900.0,,3,inferred_from_decision_duration,False,True,True,False
development,2022-04-30,6bf5a7d3e081ade2,5b731da9e4be4391,KO/TKO,2,542.0,,3,assumed_three_round_early_finish,False,True,False,False
development,2022-04-30,6bf5a7d3e081ade2,7e4b7a70838e5ba4,SUB,1,78.0,,3,assumed_three_round_early_finish,False,True,False,False
development,2022-04-30,6bf5a7d3e081ade2,d2484d74f819d813,SUB,1,131.0,,3,assumed_three_round_early_finish,False,True,False,False
development,2022-04-30,6bf5a7d3e081ade2,6b956992204ec040,U-DEC,3,900.0,,3,inferred_from_decision_duration,False,True,True,False
development,2022-04-30,6bf5a7d3e081ade2,760e3f292b834637,U-DEC,3,900.0,,3,inferred_from_decision_duration,False,True,True,False
development,2022-04-30,6bf5a7d3e081ade2,7c8701bb78cb4de8,SUB,3,851.0,,3,assumed_three_round_early_finish,False,True,False,False
development,2022-04-30,6bf5a7d3e081ade2,632c2d4ed12f2bdf,KO/TKO,1,41.0,,3,assumed_three_round_early_finish,False,True,False,False
development,2022-04-30,6bf5a7d3e081ade2,eb277b5ea2a19124,S-DEC,3,900.0,,3,inferred_from_decision_duration,False,True,True,False
development,2022-04-30,6bf5a7d3e081ade2,5ae5eb729c6bb169,U-DEC,5,1500.0,,5,inferred_from_decision_duration,True,False,True,False
development,2022-05-07,253d3f9e97ca149a,430309e0f8a315d5,U-DEC,3,900.0,,3,inferred_from_decision_duration,False,True,True,False
development,2022-05-07,253d3f9e97ca149a,88455c967a7ef6fc,U-DEC,3,900.0,,3,inferred_from_decision_duration,False,True,True,False
development,2022-05-07,253d3f9e97ca149a,8289033e03b4d9a3,S-DEC,3,900.0,,3,inferred_from_decision_duration,False,True,True,False
development,2022-05-07,253d3f9e97ca149a,60d9d50b763adc62,U-DEC,3,900.0,,3,inferred_from_decision_duration,False,True,True,False
development,2022-05-07,253d3f9e97ca149a,397dd9a8694ef413,KO/TKO,1,155.0,,3,assumed_three_round_early_finish,False,True,False,False
development,2022-05-07,253d3f9e97ca149a,ff6c8dab41efcc09,U-DEC,3,900.0,,3,inferred_from_decision_duration,False,True,True,False
development,2022-05-07,253d3f9e97ca149a,80ac36a9dbc4b1a1,SUB,1,134.0,,3,assumed_three_round_early_finish,False,True,False,False
development,2022-05-07,253d3f9e97ca149a,fc4939b3c9071e66,S-DEC,3,900.0,,3,inferred_from_decision_duration,False,True,True,False
development,2022-05-07,253d3f9e97ca149a,6a902b97ac98c283,U-DEC,3,900.0,,3,inferred_from_decision_duration,False,True,True,False
development,2022-05-07,253d3f9e97ca149a,8390441d93736719,S-DEC,3,900.0,,3,inferred_from_decision_duration,False,True,True,False
development,2022-05-07,253d3f9e97ca149a,c020ccbd7cdefb6e,S-DEC,3,900.0,,3,inferred_from_decision_duration,False,True,True,False
development,2022-05-07,253d3f9e97ca149a,a2ebb5f86eb64f22,KO/TKO,2,317.0,,3,assumed_three_round_early_finish,False,True,False,False
development,2022-05-07,253d3f9e97ca149a,9d61012a6020516e,S-DEC,5,1500.0,,5,inferred_from_decision_duration,True,False,True,False
development,2022-05-07,253d3f9e97ca149a,7d4e49d8a6678157,SUB,1,202.0,,3,assumed_three_round_early_finish,False,True,False,False
development,2022-05-14,60ba33c3f555a7a3,afed0bac5ce5a2f3,SUB,1,76.0,,3,assumed_three_round_early_finish,False,True,False,False
development,2022-05-14,60ba33c3f555a7a3,22f1133d02700bb2,U-DEC,3,900.0,,3,inferred_from_decision_duration,False,True,True,False
development,2022-05-14,60ba33c3f555a7a3,f549164690d723bb,U-DEC,3,900.0,,3,inferred_from_decision_duration,False,True,True,False
development,2022-05-14,60ba33c3f555a7a3,8a1aa64eb1f17913,KO/TKO,2,502.0,,3,assumed_three_round_early_finish,False,True,False,False
development,2022-05-14,60ba33c3f555a7a3,7e047b195135ef06,U-DEC,3,900.0,,3,inferred_from_decision_duration,False,True,True,False
development,2022-05-14,60ba33c3f555a7a3,b3248692dfb954b2,U-DEC,3,900.0,,3,inferred_from_decision_duration,False,True,True,False
development,2022-05-14,60ba33c3f555a7a3,e240d6f77747ec46,KO/TKO,1,207.0,,3,assumed_three_round_early_finish,False,True,False,False
development,2022-05-14,60ba33c3f555a7a3,fad150a0288efbd7,S-DEC,3,900.0,,3,inferred_from_decision_duration,False,True,True,False
development,2022-05-14,60ba33c3f555a7a3,43543a2c1c7a7135,KO/TKO,3,649.0,,3,assumed_three_round_early_finish,False,True,False,False
development,2022-05-14,60ba33c3f555a7a3,2fa88b72973478b6,SUB,1,142.0,,3,assumed_three_round_early_finish,False,True,False,False
development,2022-05-14,60ba33c3f555a7a3,5c281439d20184f1,KO/TKO,3,671.0,,3,assumed_three_round_early_finish,False,True,False,False
development,2022-05-21,a6c32678efd4f434,bc7228d30ff5be46,KO/TKO,3,832.0,,3,assumed_three_round_early_finish,False,True,False,False
development,2022-05-21,a6c32678efd4f434,5136dc566f46daf6,KO/TKO,3,780.0,,3,assumed_three_round_early_finish,False,True,False,False
development,2022-05-21,a6c32678efd4f434,3542f9f30926f364,U-DEC,3,900.0,,3,inferred_from_decision_duration,False,True,True,False
development,2022-05-21,a6c32678efd4f434,534c07488396e124,KO/TKO,2,485.0,,3,assumed_three_round_early_finish,False,True,False,False
development,2022-05-21,a6c32678efd4f434,1b4d0c9e3c59b33b,SUB,1,275.0,,3,assumed_three_round_early_finish,False,True,False,False
development,2022-05-21,a6c32678efd4f434,cbdfb3c648d7bada,SUB,1,64.0,,3,assumed_three_round_early_finish,False,True,False,False
development,2022-05-21,a6c32678efd4f434,4a789cdd5aaf4439,S-DEC,3,900.0,,3,inferred_from_decision_duration,False,True,True,False
development,2022-05-21,a6c32678efd4f434,5eaff5c832430378,U-DEC,3,900.0,,3,inferred_from_decision_duration,False,True,True,False
development,2022-05-21,a6c32678efd4f434,f682118709b4143e,KO/TKO,1,288.0,,3,assumed_three_round_early_finish,False,True,False,False
development,2022-05-21,a6c32678efd4f434,5d4fb748ad246269,S-DEC,3,900.0,,3,inferred_from_decision_duration,False,True,True,False
development,2022-05-21,a6c32678efd4f434,7a2c841693b54dd7,S-DEC,5,1500.0,,5,inferred_from_decision_duration,True,False,True,False
development,2022-06-04,57591bbf1623574e,59b2bbb251968ca9,SUB,2,458.0,,3,assumed_three_round_early_finish,False,True,False,False
development,2022-06-04,57591bbf1623574e,a09447d185a62251,U-DEC,3,900.0,,3,inferred_from_decision_duration,False,True,True,False
development,2022-06-04,57591bbf1623574e,7e20b0536fbbd560,S-DEC,3,900.0,,3,inferred_from_decision_duration,False,True,True,False
development,2022-06-04,57591bbf1623574e,43d7d4b67be48553,KO/TKO,1,68.0,,3,assumed_three_round_early_finish,False,True,False,False
development,2022-06-04,57591bbf1623574e,ed32da52aff68944,SUB,2,392.0,,3,assumed_three_round_early_finish,False,True,False,False
development,2022-06-04,57591bbf1623574e,04e6198326be4857,U-DEC,3,900.0,,3,inferred_from_decision_duration,False,True,True,False
development,2022-06-04,57591bbf1623574e,e5e75d831670b401,M-DEC,3,900.0,,3,inferred_from_decision_duration,False,True,True,False
development,2022-06-04,57591bbf1623574e,4f2501e804c84abe,SUB,2,541.0,,3,assumed_three_round_early_finish,False,True,False,False
development,2022-06-04,57591bbf1623574e,93969a7368dc2e14,KO/TKO,1,280.0,,3,assumed_three_round_early_finish,False,True,False,False
development,2022-06-04,57591bbf1623574e,a679800d2e7c3be2,KO/TKO,1,61.0,,3,assumed_three_round_early_finish,False,True,False,False
development,2022-06-04,57591bbf1623574e,3aa49ed298e4c34f,SUB,1,295.0,,3,assumed_three_round_early_finish,False,True,False,False
development,2022-06-04,57591bbf1623574e,344d60564cd136ff,KO/TKO,3,655.0,,3,assumed_three_round_early_finish,False,True,False,False
development,2022-06-04,57591bbf1623574e,aacb47949a572f25,U-DEC,3,900.0,,3,inferred_from_decision_duration,False,True,True,False
development,2022-06-04,57591bbf1623574e,7a635063e5f1699b,KO/TKO,1,132.0,,3,assumed_three_round_early_finish,False,True,False,False
development,2022-06-11,3a24769a4855040a,5f4a107d930e4852,U-DEC,3,900.0,,3,inferred_from_decision_duration,False,True,True,False
development,2022-06-11,3a24769a4855040a,f466cd99d02644e9,KO/TKO,1,82.0,,3,assumed_three_round_early_finish,False,True,False,False
development,2022-06-11,3a24769a4855040a,029f5c36820fdc09,U-DEC,3,900.0,,3,inferred_from_decision_duration,False,True,True,False
development,2022-06-11,3a24769a4855040a,50eed57ea1390e16,U-DEC,3,900.0,,3,inferred_from_decision_duration,False,True,True,False
development,2022-06-11,3a24769a4855040a,4a116a55ffaa0d64,KO/TKO,1,74.0,,3,assumed_three_round_early_finish,False,True,False,False
development,2022-06-11,3a24769a4855040a,c94b153951be7590,S-DEC,3,900.0,,3,inferred_from_decision_duration,False,True,True,False
development,2022-06-11,3a24769a4855040a,f115a91066a77ee7,KO/TKO,1,152.0,,3,assumed_three_round_early_finish,False,True,False,False
development,2022-06-11,3a24769a4855040a,d7a7ba46c4f075d7,KO/TKO,2,444.0,,3,assumed_three_round_early_finish,False,True,False,False
development,2022-06-11,3a24769a4855040a,4305cb30533dac77,KO/TKO,2,448.0,,3,assumed_three_round_early_finish,False,True,False,False
development,2022-06-11,3a24769a4855040a,049ad6d87b42eba8,S-DEC,5,1500.0,,5,inferred_from_decision_duration,True,False,True,False
development,2022-06-11,3a24769a4855040a,fd49f89b9d97566b,SUB,5,1472.0,,5,inferred_five_round_late_finish,True,False,False,False
development,2022-06-18,a0a680fe2f6cc8e6,e8a5e53ffd33c0f9,KO/TKO,1,73.0,,3,assumed_three_round_early_finish,False,True,False,False
development,2022-06-18,a0a680fe2f6cc8e6,897d9e21c59d0633,KO/TKO,2,565.0,,3,assumed_three_round_early_finish,False,True,False,False
development,2022-06-18,a0a680fe2f6cc8e6,8b5c760f34daafe0,KO/TKO,1,59.0,,3,assumed_three_round_early_finish,False,True,False,False
development,2022-06-18,a0a680fe2f6cc8e6,5b5d7f7ae712c6d8,S-DEC,3,900.0,,3,inferred_from_decision_duration,False,True,True,False
development,2022-06-18,a0a680fe2f6cc8e6,1378fc2be3819b2b,KO/TKO,1,72.0,,3,assumed_three_round_early_finish,False,True,False,False
development,2022-06-18,a0a680fe2f6cc8e6,9a92d376fba2379d,KO/TKO,1,94.0,,3,assumed_three_round_early_finish,False,True,False,False
development,2022-06-18,a0a680fe2f6cc8e6,2c7c7648e847f2e5,U-DEC,3,900.0,,3,inferred_from_decision_duration,False,True,True,False
development,2022-06-18,a0a680fe2f6cc8e6,20cefe64f4b28be8,KO/TKO,1,229.0,,3,assumed_three_round_early_finish,False,True,False,False
development,2022-06-18,a0a680fe2f6cc8e6,5095f6290670009d,KO/TKO,1,198.0,,3,assumed_three_round_early_finish,False,True,False,False
development,2022-06-18,a0a680fe2f6cc8e6,4e6218b6b892b017,S-DEC,3,900.0,,3,inferred_from_decision_duration,False,True,True,False
development,2022-06-18,a0a680fe2f6cc8e6,11e83902f5b8ff63,KO/TKO,2,600.0,,3,assumed_three_round_early_finish,False,True,False,False
development,2022-06-18,a0a680fe2f6cc8e6,1bc662949337a8c4,SUB,2,388.0,,3,assumed_three_round_early_finish,False,True,False,False
development,2022-06-18,a0a680fe2f6cc8e6,6e559181bfbc77e1,S-DEC,5,1500.0,,5,inferred_from_decision_duration,True,False,True,False
development,2022-06-25,eb42d4febfafefd1,2c73bf152247f25a,S-DEC,3,900.0,,3,inferred_from_decision_duration,False,True,True,False
development,2022-06-25,eb42d4febfafefd1,24a9fc95a3112f51,SUB,1,147.0,,3,assumed_three_round_early_finish,False,True,False,False
development,2022-06-25,eb42d4febfafefd1,8cc43d79b61efc25,KO/TKO,1,68.0,,3,assumed_three_round_early_finish,False,True,False,False
development,2022-06-25,eb42d4febfafefd1,a457331c27bce6d5,U-DEC,3,900.0,,3,inferred_from_decision_duration,False,True,True,False
development,2022-06-25,eb42d4febfafefd1,21f79cd40513d075,U-DEC,3,900.0,,3,inferred_from_decision_duration,False,True,True,False
development,2022-06-25,eb42d4febfafefd1,28be3fbe5c377380,KO/TKO,1,75.0,,3,assumed_three_round_early_finish,False,True,False,False
development,2022-06-25,eb42d4febfafefd1,3f38100fd8dae286,U-DEC,3,900.0,,3,inferred_from_decision_duration,False,True,True,False
development,2022-06-25,eb42d4febfafefd1,28bd070f7ab0a0b9,U-DEC,3,900.0,,3,inferred_from_decision_duration,False,True,True,False
development,2022-06-25,eb42d4febfafefd1,029a12d36a4687e1,SUB,1,185.0,,3,assumed_three_round_early_finish,False,True,False,False
development,2022-06-25,eb42d4febfafefd1,c57c8e22a3e8dde2,KO/TKO,2,484.0,,3,assumed_three_round_early_finish,False,True,False,False
development,2022-06-25,eb42d4febfafefd1,3c98739eb42f96bf,SUB,2,598.0,,3,assumed_three_round_early_finish,False,True,False,False
development,2022-06-25,eb42d4febfafefd1,1f5f59924b59408b,U-DEC,5,1500.0,,5,inferred_from_decision_duration,True,False,True,False
development,2022-07-02,4a9e305633f3ef47,0e2c7ec02a095813,SUB,1,42.0,,3,assumed_three_round_early_finish,False,True,False,False
development,2022-07-02,4a9e305633f3ef47,1c85003f6ec59c9d,U-DEC,3,900.0,,3,inferred_from_decision_duration,False,True,True,False
development,2022-07-02,4a9e305633f3ef47,99ac96bb67e5c5e4,U-DEC,3,900.0,,3,inferred_from_decision_duration,False,True,True,False
development,2022-07-02,4a9e305633f3ef47,57775c8af89007c7,U-DEC,3,900.0,,3,inferred_from_decision_duration,False,True,True,False
development,2022-07-02,4a9e305633f3ef47,4d8d1701c43c5fea,U-DEC,3,900.0,,3,inferred_from_decision_duration,False,True,True,False
development,2022-07-02,4a9e305633f3ef47,459bc7c0b47719c3,SUB,2,392.0,,3,assumed_three_round_early_finish,False,True,False,False
development,2022-07-02,4a9e305633f3ef47,98411542ca0e847d,SUB,1,45.0,,3,assumed_three_round_early_finish,False,True,False,False
development,2022-07-02,4a9e305633f3ef47,12a33d16e1d4e2d9,KO/TKO,2,587.0,,3,assumed_three_round_early_finish,False,True,False,False
development,2022-07-02,4a9e305633f3ef47,0308bcdd00cc72e2,KO/TKO,1,156.0,,3,assumed_three_round_early_finish,False,True,False,False
development,2022-07-02,4a9e305633f3ef47,4047e98132306cd5,U-DEC,5,1500.0,,5,inferred_from_decision_duration,True,False,True,False
development,2022-07-02,4a9e305633f3ef47,a7eaf7b101166d3e,U-DEC,5,1500.0,,5,inferred_from_decision_duration,True,False,True,False
development,2022-07-09,31da66df48c0c1a0,fb3f5a65da9f2ac7,U-DEC,3,900.0,,3,inferred_from_decision_duration,False,True,True,False
development,2022-07-09,31da66df48c0c1a0,478bc7d1288e043e,KO/TKO,3,739.0,,3,assumed_three_round_early_finish,False,True,False,False
development,2022-07-09,31da66df48c0c1a0,a652918360fe9a72,SUB,2,493.0,,3,assumed_three_round_early_finish,False,True,False,False
development,2022-07-09,31da66df48c0c1a0,81cbb709dedc914d,S-DEC,3,900.0,,3,inferred_from_decision_duration,False,True,True,False
development,2022-07-09,31da66df48c0c1a0,04e1ff7aeda2a018,KO/TKO,1,230.0,,3,assumed_three_round_early_finish,False,True,False,False
development,2022-07-09,31da66df48c0c1a0,a103b30f6898de7e,S-DEC,3,900.0,,3,inferred_from_decision_duration,False,True,True,False
development,2022-07-09,31da66df48c0c1a0,c58b3223b5caa18a,U-DEC,3,900.0,,3,inferred_from_decision_duration,False,True,True,False
development,2022-07-09,31da66df48c0c1a0,cd63b4144a45b611,KO/TKO,3,790.0,,3,assumed_three_round_early_finish,False,True,False,False
development,2022-07-09,31da66df48c0c1a0,bba6cc8760da34ab,U-DEC,3,900.0,,3,inferred_from_decision_duration,False,True,True,False
development,2022-07-09,31da66df48c0c1a0,6c60e58f8e9e7a4c,U-DEC,3,900.0,,3,inferred_from_decision_duration,False,True,True,False
development,2022-07-09,31da66df48c0c1a0,be69cbf1f1671c8e,KO/TKO,5,1218.0,,5,inferred_five_round_late_finish,True,False,False,False
development,2022-07-16,8fd76e1b49c00ae2,b1af3bd0f8266a90,U-DEC,3,900.0,,3,inferred_from_decision_duration,False,True,True,False
development,2022-07-16,8fd76e1b49c00ae2,9f3326195672c2b9,U-DEC,3,900.0,,3,inferred_from_decision_duration,False,True,True,False
development,2022-07-16,8fd76e1b49c00ae2,a5d2f0fed3ce2899,KO/TKO,1,193.0,,3,assumed_three_round_early_finish,False,True,False,False
development,2022-07-16,8fd76e1b49c00ae2,4dd2bcd2b025204e,KO/TKO,2,410.0,,3,assumed_three_round_early_finish,False,True,False,False
development,2022-07-16,8fd76e1b49c00ae2,74b8a36293758342,SUB,2,508.0,,3,assumed_three_round_early_finish,False,True,False,False
development,2022-07-16,8fd76e1b49c00ae2,ebefe958473b3843,KO/TKO,2,328.0,,3,assumed_three_round_early_finish,False,True,False,False
development,2022-07-16,8fd76e1b49c00ae2,4965d8eab468b839,U-DEC,3,900.0,,3,inferred_from_decision_duration,False,True,True,False
development,2022-07-16,8fd76e1b49c00ae2,d439374c1fc95581,M-DEC,3,900.0,,3,inferred_from_decision_duration,False,True,True,False
development,2022-07-16,8fd76e1b49c00ae2,8e4024cb49c963f2,SUB,2,564.0,,3,assumed_three_round_early_finish,False,True,False,False
development,2022-07-16,8fd76e1b49c00ae2,dd456668731bd52a,KO/TKO,2,578.0,,3,assumed_three_round_early_finish,False,True,False,False
development,2022-07-16,8fd76e1b49c00ae2,e57bfadb506e4f51,SUB,2,408.0,,3,assumed_three_round_early_finish,False,True,False,False
development,2022-07-16,8fd76e1b49c00ae2,7503d5c892f238fb,KO/TKO,1,251.0,,3,assumed_three_round_early_finish,False,True,False,False
development,2022-07-23,319c15b8aac5bfde,1c84dafe38694c05,U-DEC,3,900.0,,3,inferred_from_decision_duration,False,True,True,False
development,2022-07-23,319c15b8aac5bfde,e600b78e5a652dc0,U-DEC,3,900.0,,3,inferred_from_decision_duration,False,True,True,False
development,2022-07-23,319c15b8aac5bfde,a1029686c3f1bead,U-DEC,3,900.0,,3,inferred_from_decision_duration,False,True,True,False
development,2022-07-23,319c15b8aac5bfde,2dbf9d8d6915711e,U-DEC,3,900.0,,3,inferred_from_decision_duration,False,True,True,False
development,2022-07-23,319c15b8aac5bfde,3d35f25d9792a69a,KO/TKO,2,550.0,,3,assumed_three_round_early_finish,False,True,False,False
development,2022-07-23,319c15b8aac5bfde,f6fd50bf69bb59e6,U-DEC,3,900.0,,3,inferred_from_decision_duration,False,True,True,False
development,2022-07-23,319c15b8aac5bfde,dd6dbe644f599795,U-DEC,3,900.0,,3,inferred_from_decision_duration,False,True,True,False
development,2022-07-23,319c15b8aac5bfde,b0d06858fb725654,U-DEC,3,900.0,,3,inferred_from_decision_duration,False,True,True,False
development,2022-07-23,319c15b8aac5bfde,47b1cd4e3e2595f8,U-DEC,3,900.0,,3,inferred_from_decision_duration,False,True,True,False
development,2022-07-23,319c15b8aac5bfde,a57969d4ba7d4a79,KO/TKO,1,232.0,,3,assumed_three_round_early_finish,False,True,False,False
development,2022-07-23,319c15b8aac5bfde,1ff520024da5b3b2,KO/TKO,1,67.0,,3,assumed_three_round_early_finish,False,True,False,False
development,2022-07-23,319c15b8aac5bfde,8e02bdaac8ed50e5,SUB,2,466.0,,3,assumed_three_round_early_finish,False,True,False,False
development,2022-07-23,319c15b8aac5bfde,925a36a4af600291,U-DEC,3,900.0,,3,inferred_from_decision_duration,False,True,True,False
development,2022-07-23,319c15b8aac5bfde,d0fb381cacbb0446,KO/TKO,1,15.0,,3,assumed_three_round_early_finish,False,True,False,False
development,2022-07-30,b0a6124751a56bc4,66f7bb31d24b3b36,U-DEC,3,900.0,,3,inferred_from_decision_duration,False,True,True,False
development,2022-07-30,b0a6124751a56bc4,1ed550f094ca7745,KO/TKO,2,513.0,,3,assumed_three_round_early_finish,False,True,False,False
development,2022-07-30,b0a6124751a56bc4,0366e183296fea07,S-DEC,3,900.0,,3,inferred_from_decision_duration,False,True,True,False
development,2022-07-30,b0a6124751a56bc4,e492dc60d8e44866,KO/TKO,3,669.0,,3,assumed_three_round_early_finish,False,True,False,False
development,2022-07-30,b0a6124751a56bc4,189b9af881b96de6,U-DEC,3,900.0,,3,inferred_from_decision_duration,False,True,True,False
development,2022-07-30,b0a6124751a56bc4,81a18de517a3336a,KO/TKO,3,690.0,,3,assumed_three_round_early_finish,False,True,False,False
development,2022-07-30,b0a6124751a56bc4,579b5770129b328a,U-DEC,3,900.0,,3,inferred_from_decision_duration,False,True,True,False
development,2022-07-30,b0a6124751a56bc4,058c2724dec1add1,KO/TKO,2,489.0,,3,assumed_three_round_early_finish,False,True,False,False
development,2022-07-30,b0a6124751a56bc4,96b62bd56b252bab,SUB,1,91.0,,3,assumed_three_round_early_finish,False,True,False,False
development,2022-07-30,b0a6124751a56bc4,52f87252af59e23b,KO/TKO,1,55.0,,3,assumed_three_round_early_finish,False,True,False,False
development,2022-07-30,b0a6124751a56bc4,5a1ce88ec1f75160,KO/TKO,3,874.0,,3,assumed_three_round_early_finish,False,True,False,False
development,2022-07-30,b0a6124751a56bc4,72c3e5eacde4f0e5,U-DEC,5,1500.0,,5,inferred_from_decision_duration,True,False,True,False
development,2022-08-06,8f6a18831a120817,a274ed04c36d40d4,SUB,1,77.0,,3,assumed_three_round_early_finish,False,True,False,False
development,2022-08-06,8f6a18831a120817,b5274277ef6707c9,SUB,2,363.0,,3,assumed_three_round_early_finish,False,True,False,False
development,2022-08-06,8f6a18831a120817,4adef20ce69217be,KO/TKO,1,44.0,,3,assumed_three_round_early_finish,False,True,False,False
development,2022-08-06,8f6a18831a120817,eda397c27787afa4,KO/TKO,1,116.0,,3,assumed_three_round_early_finish,False,True,False,False
development,2022-08-06,8f6a18831a120817,b530bb13aac1e48b,SUB,1,137.0,,3,assumed_three_round_early_finish,False,True,False,False
development,2022-08-06,8f6a18831a120817,044d210d7b1eb519,KO/TKO,2,522.0,,3,assumed_three_round_early_finish,False,True,False,False
development,2022-08-06,8f6a18831a120817,2b11aa4b90b1dd41,KO/TKO,3,837.0,,3,assumed_three_round_early_finish,False,True,False,False
development,2022-08-06,8f6a18831a120817,36f38c2534ef646b,KO/TKO,2,336.0,,3,assumed_three_round_early_finish,False,True,False,False
development,2022-08-06,8f6a18831a120817,a6b328733d610e2b,KO/TKO,3,721.0,,3,assumed_three_round_early_finish,False,True,False,False
development,2022-08-06,8f6a18831a120817,a8bc6e005077bb0b,KO/TKO,4,1051.0,,5,inferred_five_round_late_finish,True,False,False,False
development,2022-08-13,a23e63184c65f5b8,7f9a331bc3100afd,KO/TKO,1,129.0,,3,assumed_three_round_early_finish,False,True,False,False
development,2022-08-13,a23e63184c65f5b8,0823f97be9c3a62e,KO/TKO,1,179.0,,3,assumed_three_round_early_finish,False,True,False,False
development,2022-08-13,a23e63184c65f5b8,f858f91453555291,KO/TKO,1,213.0,,3,assumed_three_round_early_finish,False,True,False,False
development,2022-08-13,a23e63184c65f5b8,8986373b4a6e90b6,S-DEC,3,900.0,,3,inferred_from_decision_duration,False,True,True,False
development,2022-08-13,a23e63184c65f5b8,b96c8fef6c9f92db,S-DEC,3,900.0,,3,inferred_from_decision_duration,False,True,True,False
development,2022-08-13,a23e63184c65f5b8,5f31f3e32669f5b9,U-DEC,3,900.0,,3,inferred_from_decision_duration,False,True,True,False
development,2022-08-13,a23e63184c65f5b8,38b6ef176439c39b,SUB,3,699.0,,3,assumed_three_round_early_finish,False,True,False,False
development,2022-08-13,a23e63184c65f5b8,abd50fad1e7b030b,KO/TKO,1,65.0,,3,assumed_three_round_early_finish,False,True,False,False
development,2022-08-13,a23e63184c65f5b8,d19e010f071a4b45,KO/TKO,3,678.0,,3,assumed_three_round_early_finish,False,True,False,False
development,2022-08-13,a23e63184c65f5b8,833d67f423315d18,U-DEC,3,900.0,,3,inferred_from_decision_duration,False,True,True,False
development,2022-08-13,a23e63184c65f5b8,efd7efba85092c6f,M-DEC,3,900.0,,3,inferred_from_decision_duration,False,True,True,False
development,2022-08-13,a23e63184c65f5b8,11cc331fa40ede63,KO/TKO,4,1037.0,,5,inferred_five_round_late_finish,False,False,False,False
development,2022-08-20,4f853e98886283cf,06d6cde7479711ee,KO/TKO,1,219.0,,3,assumed_three_round_early_finish,False,True,False,False
development,2022-08-20,4f853e98886283cf,d497d74a0df9e35e,U-DEC,3,900.0,,3,inferred_from_decision_duration,False,True,True,False
development,2022-08-20,4f853e98886283cf,6b9f82291930bfec,SUB,1,274.0,,3,assumed_three_round_early_finish,False,True,False,False
development,2022-08-20,4f853e98886283cf,4dac5258f22be059,U-DEC,3,900.0,,3,inferred_from_decision_duration,False,True,True,False
development,2022-08-20,4f853e98886283cf,0cf7a4593fd44e59,U-DEC,3,900.0,,3,inferred_from_decision_duration,False,True,True,False
development,2022-08-20,4f853e98886283cf,e0b98f3cf4a7cc3b,M-DEC,3,900.0,,3,inferred_from_decision_duration,False,True,True,False
development,2022-08-20,4f853e98886283cf,5abcf9f282983acc,KO/TKO,1,65.0,,3,assumed_three_round_early_finish,False,True,False,False
development,2022-08-20,4f853e98886283cf,2cd9e3796be57a79,KO/TKO,2,544.0,,3,assumed_three_round_early_finish,False,True,False,False
development,2022-08-20,4f853e98886283cf,2ac3ce1f62b3c4b9,U-DEC,3,900.0,,3,inferred_from_decision_duration,False,True,True,False
development,2022-08-20,4f853e98886283cf,2de6652160cc7b9f,U-DEC,3,900.0,,3,inferred_from_decision_duration,False,True,True,False
development,2022-08-20,4f853e98886283cf,f70c817388602681,KO/TKO,5,1444.0,,5,inferred_five_round_late_finish,True,False,False,False
development,2022-09-03,00a905a4a4a2b071,ce62a50e97d497f9,SUB,2,594.0,,3,assumed_three_round_early_finish,False,True,False,False
development,2022-09-03,00a905a4a4a2b071,ca7fd237c16cec84,KO/TKO,1,195.0,,3,assumed_three_round_early_finish,False,True,False,False
development,2022-09-03,00a905a4a4a2b071,3e2f00991f511607,KO/TKO,2,316.0,,3,assumed_three_round_early_finish,False,True,False,False
development,2022-09-03,00a905a4a4a2b071,fd47032108b85cf0,U-DEC,3,900.0,,3,inferred_from_decision_duration,False,True,True,False
development,2022-09-03,00a905a4a4a2b071,7bced112f3229b1b,U-DEC,3,900.0,,3,inferred_from_decision_duration,False,True,True,False
development,2022-09-03,00a905a4a4a2b071,cf9035f2fc2e232f,KO/TKO,1,19.0,,3,assumed_three_round_early_finish,False,True,False,False
development,2022-09-03,00a905a4a4a2b071,acc9a109b00a99e1,U-DEC,3,900.0,,3,inferred_from_decision_duration,False,True,True,False
development,2022-09-03,00a905a4a4a2b071,398db40015b3c81c,M-DEC,3,900.0,,3,inferred_from_decision_duration,False,True,True,False
development,2022-09-03,00a905a4a4a2b071,1a191251620a84ca,KO/TKO,3,669.0,,3,assumed_three_round_early_finish,False,True,False,False
development,2022-09-03,00a905a4a4a2b071,20f316f96c9e4458,U-DEC,3,900.0,,3,inferred_from_decision_duration,False,True,True,False
development,2022-09-03,00a905a4a4a2b071,b8ca1acdf3dc2f58,U-DEC,3,900.0,,3,inferred_from_decision_duration,False,True,True,False
development,2022-09-03,00a905a4a4a2b071,810c9da07970c4a6,KO/TKO,3,863.0,,3,assumed_three_round_early_finish,False,True,False,False
development,2022-09-10,93bf96be327fcd98,86d57e8ef2191316,S-DEC,3,900.0,,3,inferred_from_decision_duration,False,True,True,False
development,2022-09-10,93bf96be327fcd98,a5cf273faa3982b7,U-DEC,3,900.0,,3,inferred_from_decision_duration,False,True,True,False
development,2022-09-10,93bf96be327fcd98,6010f681e54ba2cd,U-DEC,3,900.0,,3,inferred_from_decision_duration,False,True,True,False
development,2022-09-10,93bf96be327fcd98,db3e26d02d790c97,U-DEC,3,900.0,,3,inferred_from_decision_duration,False,True,True,False
development,2022-09-10,93bf96be327fcd98,bf334cb4e63f3430,KO/TKO,2,444.0,,3,assumed_three_round_early_finish,False,True,False,False
development,2022-09-10,93bf96be327fcd98,77acb96700e89c92,KO/TKO,2,592.0,,3,assumed_three_round_early_finish,False,True,False,False
development,2022-09-10,93bf96be327fcd98,301f230c90c4bd7d,SUB,1,267.0,,3,assumed_three_round_early_finish,False,True,False,False
development,2022-09-10,93bf96be327fcd98,0e6d624086f7952e,U-DEC,3,900.0,,3,inferred_from_decision_duration,False,True,True,False
development,2022-09-10,93bf96be327fcd98,d869eaea38426f06,SUB,1,277.0,,3,assumed_three_round_early_finish,False,True,False,False
development,2022-09-10,93bf96be327fcd98,989b8d362742f40b,KO/TKO,3,741.0,,3,assumed_three_round_early_finish,False,True,False,False
development,2022-09-10,93bf96be327fcd98,d3e23d7d207d3ccf,S-DEC,3,900.0,,3,inferred_from_decision_duration,False,True,True,False
development,2022-09-10,93bf96be327fcd98,0111e6a64b5184c6,SUB,1,133.0,,3,assumed_three_round_early_finish,False,True,False,False
development,2022-09-10,93bf96be327fcd98,7e8fd03e070d0c25,SUB,4,1072.0,,5,inferred_five_round_late_finish,True,False,False,False
development,2022-09-17,8d477c3fbe001f9d,8a044e5400b4318f,KO/TKO,1,229.0,,3,assumed_three_round_early_finish,False,True,False,False
development,2022-09-17,8d477c3fbe001f9d,be73f75b52b06f14,U-DEC,3,900.0,,3,inferred_from_decision_duration,False,True,True,False
development,2022-09-17,8d477c3fbe001f9d,d9f5d05b07bae09e,SUB,2,439.0,,3,assumed_three_round_early_finish,False,True,False,False
development,2022-09-17,8d477c3fbe001f9d,35d06627d91b840d,U-DEC,3,900.0,,3,inferred_from_decision_duration,False,True,True,False
development,2022-09-17,8d477c3fbe001f9d,ec0740be19b2ef90,U-DEC,3,900.0,,3,inferred_from_decision_duration,False,True,True,False
development,2022-09-17,8d477c3fbe001f9d,46b9acec12a35d37,U-DEC,3,900.0,,3,inferred_from_decision_duration,False,True,True,False
development,2022-09-17,8d477c3fbe001f9d,f521ecde1e96a1bd,KO/TKO,1,69.0,,3,assumed_three_round_early_finish,False,True,False,False
development,2022-09-17,8d477c3fbe001f9d,ce5ebaf8caf8c4a7,SUB,3,713.0,,3,assumed_three_round_early_finish,False,True,False,False
development,2022-09-17,8d477c3fbe001f9d,3cbd3565dd631cc4,S-DEC,3,900.0,,3,inferred_from_decision_duration,False,True,True,False
development,2022-09-17,8d477c3fbe001f9d,160c17b8fcb0e2a1,KO/TKO,1,235.0,,3,assumed_three_round_early_finish,False,True,False,False
development,2022-09-17,8d477c3fbe001f9d,adb78db5ba8ccc0f,S-DEC,3,900.0,,3,inferred_from_decision_duration,False,True,True,False
development,2022-09-17,8d477c3fbe001f9d,bd06f1c2d7e6c4a0,KO/TKO,2,387.0,,3,assumed_three_round_early_finish,False,True,False,False
development,2022-09-17,8d477c3fbe001f9d,df370b97ea49e6b4,KO/TKO,4,1200.0,,5,inferred_five_round_late_finish,True,False,False,False
development,2022-10-01,4f670b7972fa0a2e,6c79db79da9ae874,SUB,1,64.0,,3,assumed_three_round_early_finish,False,True,False,False
development,2022-10-01,4f670b7972fa0a2e,ad59e2de1ab5c8d2,KO/TKO,1,255.0,,3,assumed_three_round_early_finish,False,True,False,False
development,2022-10-01,4f670b7972fa0a2e,8c9ff13791378784,SUB,1,257.0,,3,assumed_three_round_early_finish,False,True,False,False
development,2022-10-01,4f670b7972fa0a2e,ecc56a86a1eead9d,KO/TKO,2,488.0,,3,assumed_three_round_early_finish,False,True,False,False
development,2022-10-01,4f670b7972fa0a2e,de93fda66d203c26,U-DEC,3,900.0,,3,inferred_from_decision_duration,False,True,True,False
development,2022-10-01,4f670b7972fa0a2e,63f6af6d5f7b82ad,KO/TKO,2,568.0,,3,assumed_three_round_early_finish,False,True,False,False
development,2022-10-01,4f670b7972fa0a2e,330506571d2778b1,U-DEC,3,900.0,,3,inferred_from_decision_duration,False,True,True,False
development,2022-10-01,4f670b7972fa0a2e,1aedd959f1523a27,SUB,1,30.0,,3,assumed_three_round_early_finish,False,True,False,False
development,2022-10-01,4f670b7972fa0a2e,a73e33dfce8fcfd8,U-DEC,3,900.0,,3,inferred_from_decision_duration,False,True,True,False
development,2022-10-01,4f670b7972fa0a2e,7d0d2cecab358ba1,U-DEC,3,900.0,,3,inferred_from_decision_duration,False,True,True,False
development,2022-10-01,4f670b7972fa0a2e,d33814971932422a,M-DEC,5,1500.0,,5,inferred_from_decision_duration,True,False,True,False
development,2022-10-15,49c29e57d4e2be6f,84b04e8d6b251c54,KO/TKO,1,93.0,,3,assumed_three_round_early_finish,False,True,False,False
development,2022-10-15,49c29e57d4e2be6f,fac560495e61d34c,SUB,2,559.0,,3,assumed_three_round_early_finish,False,True,False,False
development,2022-10-15,49c29e57d4e2be6f,60bd4d2878c85f70,U-DEC,3,900.0,,3,inferred_from_decision_duration,False,True,True,False
development,2022-10-15,49c29e57d4e2be6f,b4bbc1b7efa770f5,SUB,1,122.0,,3,assumed_three_round_early_finish,False,True,False,False
development,2022-10-15,49c29e57d4e2be6f,860050f211b44d10,U-DEC,3,900.0,,3,inferred_from_decision_duration,False,True,True,False
development,2022-10-15,49c29e57d4e2be6f,8252a314c778b8e6,S-DEC,3,900.0,,3,inferred_from_decision_duration,False,True,True,False
development,2022-10-15,49c29e57d4e2be6f,59695aae245cca73,KO/TKO,1,88.0,,3,assumed_three_round_early_finish,False,True,False,False
development,2022-10-15,49c29e57d4e2be6f,96d4fe315722d1c1,U-DEC,3,900.0,,3,inferred_from_decision_duration,False,True,True,False
development,2022-10-15,49c29e57d4e2be6f,759c55755d70f7ba,KO/TKO,2,492.0,,3,assumed_three_round_early_finish,False,True,False,False
development,2022-10-15,49c29e57d4e2be6f,1af23e7aa71a1d17,KO/TKO,2,559.0,,3,assumed_three_round_early_finish,False,True,False,False
development,2022-10-15,49c29e57d4e2be6f,904cf687d22bb486,U-DEC,5,1500.0,,5,inferred_from_decision_duration,True,False,True,False
development,2022-10-22,885e7f70dcac0007,4011cdf1f182804c,M-DEC,3,900.0,,3,inferred_from_decision_duration,False,True,True,False
development,2022-10-22,885e7f70dcac0007,1e8c33b1917fe1b7,SUB,3,866.0,,3,assumed_three_round_early_finish,False,True,False,False
development,2022-10-22,885e7f70dcac0007,1b204fc28bb023e6,U-DEC,3,900.0,,3,inferred_from_decision_duration,False,True,True,False
development,2022-10-22,885e7f70dcac0007,cea6760d7bfbe19b,U-DEC,3,900.0,,3,inferred_from_decision_duration,False,True,True,False
development,2022-10-22,885e7f70dcac0007,f4d8266a42a41dff,U-DEC,3,900.0,,3,inferred_from_decision_duration,False,True,True,False
development,2022-10-22,885e7f70dcac0007,2d36e2c10ee349fe,U-DEC,3,900.0,,3,inferred_from_decision_duration,False,True,True,False
development,2022-10-22,885e7f70dcac0007,d325a1483d78ae75,KO/TKO,2,587.0,,3,assumed_three_round_early_finish,False,True,False,False
development,2022-10-22,885e7f70dcac0007,25f3e4fa781c1c8a,U-DEC,3,900.0,,3,inferred_from_decision_duration,False,True,True,False
development,2022-10-22,885e7f70dcac0007,69f39e5d959311b1,U-DEC,3,900.0,,3,inferred_from_decision_duration,False,True,True,False
development,2022-10-22,885e7f70dcac0007,5c3c4bcc6c746ca0,S-DEC,3,900.0,,3,inferred_from_decision_duration,False,True,True,False
development,2022-10-22,885e7f70dcac0007,1f0d4572e0facbea,KO/TKO,2,524.0,,3,assumed_three_round_early_finish,False,True,False,False
development,2022-10-22,885e7f70dcac0007,523815acf1bb2420,SUB,2,496.0,,3,assumed_three_round_early_finish,False,True,False,False
development,2022-10-29,be5aab761c40ef35,fdb9d29cf0edc16a,SUB,1,247.0,,3,assumed_three_round_early_finish,False,True,False,False
development,2022-10-29,be5aab761c40ef35,44abbf6b947be6de,U-DEC,3,900.0,,3,inferred_from_decision_duration,False,True,True,False
development,2022-10-29,be5aab761c40ef35,86dff1593d8b9a1f,KO/TKO,1,92.0,,3,assumed_three_round_early_finish,False,True,False,False
development,2022-10-29,be5aab761c40ef35,d6d141afdd31c3f1,SUB,2,484.0,,3,assumed_three_round_early_finish,False,True,False,False
development,2022-10-29,be5aab761c40ef35,5dcba156bd13e0c3,SUB,1,110.0,,3,assumed_three_round_early_finish,False,True,False,False
development,2022-10-29,be5aab761c40ef35,f32d918ee06cb83b,KO/TKO,1,249.0,,3,assumed_three_round_early_finish,False,True,False,False
development,2022-10-29,be5aab761c40ef35,98b7dd0ddc52cffb,S-DEC,3,900.0,,3,inferred_from_decision_duration,False,True,True,False
development,2022-10-29,be5aab761c40ef35,6a7db3750822d7be,SUB,2,349.0,,3,assumed_three_round_early_finish,False,True,False,False
development,2022-10-29,be5aab761c40ef35,5b6bdaf89e493674,U-DEC,3,900.0,,3,inferred_from_decision_duration,False,True,True,False
development,2022-10-29,be5aab761c40ef35,bf59d9f8bd9536f3,S-DEC,3,900.0,,3,inferred_from_decision_duration,False,True,True,False
development,2022-10-29,be5aab761c40ef35,a554a72bb0377213,KO/TKO,2,308.0,,3,assumed_three_round_early_finish,False,True,False,False
development,2022-11-05,756f45905fb20cb5,b87ac039e3b13940,KO/TKO,1,186.0,,3,assumed_three_round_early_finish,False,True,False,False
development,2022-11-05,756f45905fb20cb5,cfca30d3ef3c86b9,SUB,2,459.0,,3,assumed_three_round_early_finish,False,True,False,False
development,2022-11-05,756f45905fb20cb5,31cb98ce37fd87dd,U-DEC,3,900.0,,3,inferred_from_decision_duration,False,True,True,False
development,2022-11-05,756f45905fb20cb5,5475f5b6bad40989,KO/TKO,1,47.0,,3,assumed_three_round_early_finish,False,True,False,False
development,2022-11-05,756f45905fb20cb5,2ab395e21080b10a,SUB,1,294.0,,3,assumed_three_round_early_finish,False,True,False,False
development,2022-11-05,756f45905fb20cb5,71afa8354da2491e,U-DEC,3,900.0,,3,inferred_from_decision_duration,False,True,True,False
development,2022-11-05,756f45905fb20cb5,1535fb6549fa8bab,SUB,3,725.0,,3,assumed_three_round_early_finish,False,True,False,False
development,2022-11-05,756f45905fb20cb5,3adecfc4727a8d73,SUB,1,131.0,,3,assumed_three_round_early_finish,False,True,False,False
development,2022-11-05,756f45905fb20cb5,2664805fde34fb1b,KO/TKO,1,67.0,,3,assumed_three_round_early_finish,False,True,False,False
development,2022-11-05,756f45905fb20cb5,b279559f15ecf29b,SUB,3,813.0,,3,assumed_three_round_early_finish,False,True,False,False
development,2022-11-05,756f45905fb20cb5,abfc03893551ae73,KO/TKO,3,654.0,,3,assumed_three_round_early_finish,False,True,False,False
development,2022-11-12,b3b6e80b7d5f8f0d,db026ff6eee4d174,KO/TKO,1,224.0,,3,assumed_three_round_early_finish,False,True,False,False
development,2022-11-12,b3b6e80b7d5f8f0d,bee95769a221af9a,U-DEC,3,900.0,,3,inferred_from_decision_duration,False,True,True,False
development,2022-11-12,b3b6e80b7d5f8f0d,7f93b2f38497caec,KO/TKO,1,291.0,,3,assumed_three_round_early_finish,False,True,False,False
development,2022-11-12,b3b6e80b7d5f8f0d,ff2e4b411f695017,U-DEC,3,900.0,,3,inferred_from_decision_duration,False,True,True,False
development,2022-11-12,b3b6e80b7d5f8f0d,40707ddc9fdea500,KO/TKO,1,150.0,,3,assumed_three_round_early_finish,False,True,False,False
development,2022-11-12,b3b6e80b7d5f8f0d,65ce9335b93d9c57,U-DEC,3,900.0,,3,inferred_from_decision_duration,False,True,True,False
development,2022-11-12,b3b6e80b7d5f8f0d,93da91272d4a7ce3,SUB,1,217.0,,3,assumed_three_round_early_finish,False,True,False,False
development,2022-11-12,b3b6e80b7d5f8f0d,6f22afbc5f8e0bd3,KO/TKO,1,80.0,,3,assumed_three_round_early_finish,False,True,False,False
development,2022-11-12,b3b6e80b7d5f8f0d,1f922cfe6178e830,SUB,1,200.0,,3,assumed_three_round_early_finish,False,True,False,False
development,2022-11-12,b3b6e80b7d5f8f0d,77c78d0a71b10692,KO/TKO,2,546.0,,3,assumed_three_round_early_finish,False,True,False,False
development,2022-11-12,b3b6e80b7d5f8f0d,09afa6ce4747a1a2,KO/TKO,1,121.0,,3,assumed_three_round_early_finish,False,True,False,False
development,2022-11-12,b3b6e80b7d5f8f0d,4bf3010fdeea9d93,SUB,3,720.0,,3,assumed_three_round_early_finish,False,True,False,False
development,2022-11-12,b3b6e80b7d5f8f0d,85b5d59f8eea976a,SUB,2,365.0,,3,assumed_three_round_early_finish,False,True,False,False
development,2022-11-12,b3b6e80b7d5f8f0d,04f32bb0c0d3a8cc,KO/TKO,5,1321.0,,5,inferred_five_round_late_finish,True,False,False,False
development,2022-11-19,012fc7cd0779c09a,33719a2d9c69ed17,KO/TKO,3,687.0,,3,assumed_three_round_early_finish,False,True,False,False
development,2022-11-19,012fc7cd0779c09a,a3696c847ef6c7f9,U-DEC,3,900.0,,3,inferred_from_decision_duration,False,True,True,False
development,2022-11-19,012fc7cd0779c09a,bd064deb3494b41a,U-DEC,3,900.0,,3,inferred_from_decision_duration,False,True,True,False
development,2022-11-19,012fc7cd0779c09a,0f2983fe7753403f,S-DEC,3,900.0,,3,inferred_from_decision_duration,False,True,True,False
development,2022-11-19,012fc7cd0779c09a,594435375d641f63,U-DEC,3,900.0,,3,inferred_from_decision_duration,False,True,True,False
development,2022-11-19,012fc7cd0779c09a,144443d4dbf43990,U-DEC,3,900.0,,3,inferred_from_decision_duration,False,True,True,False
development,2022-11-19,012fc7cd0779c09a,b4cfb34e8224fd77,S-DEC,3,900.0,,3,inferred_from_decision_duration,False,True,True,False
development,2022-11-19,012fc7cd0779c09a,d0c01840c72429c6,KO/TKO,1,204.0,,3,assumed_three_round_early_finish,False,True,False,False
development,2022-11-19,012fc7cd0779c09a,c317f85a8266313e,KO/TKO,3,663.0,,3,assumed_three_round_early_finish,False,True,False,False
development,2022-11-19,012fc7cd0779c09a,110f539523a4b571,U-DEC,3,900.0,,3,inferred_from_decision_duration,False,True,True,False
development,2022-11-19,012fc7cd0779c09a,c33257dd0605c7de,KO/TKO,2,362.0,,3,assumed_three_round_early_finish,False,True,False,False
development,2022-12-03,b23388ff8ac6637b,2cec230248d7eb97,KO/TKO,2,546.0,,3,assumed_three_round_early_finish,False,True,False,False
development,2022-12-03,b23388ff8ac6637b,1114cd1515cf3b8f,KO/TKO,2,374.0,,3,assumed_three_round_early_finish,False,True,False,False
development,2022-12-03,b23388ff8ac6637b,30abc50a2e71c576,U-DEC,3,900.0,,3,inferred_from_decision_duration,False,True,True,False
development,2022-12-03,b23388ff8ac6637b,be977e524ef56aa4,U-DEC,3,900.0,,3,inferred_from_decision_duration,False,True,True,False
development,2022-12-03,b23388ff8ac6637b,92c1d9a6d313cb0c,U-DEC,3,900.0,,3,inferred_from_decision_duration,False,True,True,False
development,2022-12-03,b23388ff8ac6637b,7bd6969c4ed979f9,S-DEC,3,900.0,,3,inferred_from_decision_duration,False,True,True,False
development,2022-12-03,b23388ff8ac6637b,0c9faf26efe2cdcc,U-DEC,3,900.0,,3,inferred_from_decision_duration,False,True,True,False
development,2022-12-03,b23388ff8ac6637b,7fbf09533c59e43f,KO/TKO,3,806.0,,3,assumed_three_round_early_finish,False,True,False,False
development,2022-12-03,b23388ff8ac6637b,ca0f0a35a1fcb453,KO/TKO,2,465.0,,3,assumed_three_round_early_finish,False,True,False,False
development,2022-12-03,b23388ff8ac6637b,a71764d5da04e3bc,KO/TKO,2,546.0,,3,assumed_three_round_early_finish,False,True,False,False
development,2022-12-03,b23388ff8ac6637b,972e17c1b98fca06,KO/TKO,1,54.0,,3,assumed_three_round_early_finish,False,True,False,False
development,2022-12-03,b23388ff8ac6637b,5a8f7afc5ea69537,KO/TKO,2,404.0,,3,assumed_three_round_early_finish,False,True,False,False
development,2022-12-03,b23388ff8ac6637b,f17813d03fcd8e7a,SUB,2,500.0,,3,assumed_three_round_early_finish,False,True,False,False
development,2022-12-03,b23388ff8ac6637b,a419e6df765aa755,KO/TKO,4,1200.0,,5,inferred_five_round_late_finish,True,False,False,False
development,2022-12-10,f65a0eb902f9476b,5bc31abb5842942a,KO/TKO,3,853.0,,3,assumed_three_round_early_finish,False,True,False,False
development,2022-12-10,f65a0eb902f9476b,2d9d966e0e8df232,SUB,3,821.0,,3,assumed_three_round_early_finish,False,True,False,False
development,2022-12-10,f65a0eb902f9476b,a1a5d06b0e7ada62,KO/TKO,2,570.0,,3,assumed_three_round_early_finish,False,True,False,False
development,2022-12-10,f65a0eb902f9476b,a346180c8b109469,KO/TKO,2,469.0,,3,assumed_three_round_early_finish,False,True,False,False
development,2022-12-10,f65a0eb902f9476b,4e9d76ed54f1f352,KO/TKO,2,581.0,,3,assumed_three_round_early_finish,False,True,False,False
development,2022-12-10,f65a0eb902f9476b,1779cc4ae925df01,KO/TKO,1,23.0,,3,assumed_three_round_early_finish,False,True,False,False
development,2022-12-10,f65a0eb902f9476b,fd7421f421e802bd,SUB,1,164.0,,3,assumed_three_round_early_finish,False,True,False,False
development,2022-12-10,f65a0eb902f9476b,4a17876e99f6baf3,SUB,2,490.0,,3,assumed_three_round_early_finish,False,True,False,False
development,2022-12-10,f65a0eb902f9476b,ecab8b8b36727b8d,SUB,3,763.0,,3,assumed_three_round_early_finish,False,True,False,False
development,2022-12-10,f65a0eb902f9476b,11f65de5348e4bc4,KO/TKO,3,749.0,,3,assumed_three_round_early_finish,False,True,False,False
development,2022-12-10,f65a0eb902f9476b,144cd3f62591a5fb,U-DEC,3,900.0,,3,inferred_from_decision_duration,False,True,True,False
development,2022-12-17,56ec58954158966a,ccb7e2851319345d,U-DEC,3,900.0,,3,inferred_from_decision_duration,False,True,True,False
development,2022-12-17,56ec58954158966a,f87a7812733f7e8f,U-DEC,3,900.0,,3,inferred_from_decision_duration,False,True,True,False
development,2022-12-17,56ec58954158966a,8f00da6ea8186ce2,U-DEC,3,900.0,,3,inferred_from_decision_duration,False,True,True,False
development,2022-12-17,56ec58954158966a,efc64d8aae5628c9,U-DEC,3,900.0,,3,inferred_from_decision_duration,False,True,True,False
development,2022-12-17,56ec58954158966a,ed6203e849a2bf28,SUB,2,530.0,,3,assumed_three_round_early_finish,False,True,False,False
development,2022-12-17,56ec58954158966a,5f4e944ff1bdcd9c,U-DEC,3,900.0,,3,inferred_from_decision_duration,False,True,True,False
development,2022-12-17,56ec58954158966a,c960184a583f1861,U-DEC,3,900.0,,3,inferred_from_decision_duration,False,True,True,False
development,2022-12-17,56ec58954158966a,e0444752d18fda7f,KO/TKO,1,196.0,,3,assumed_three_round_early_finish,False,True,False,False
development,2022-12-17,56ec58954158966a,c335f44e4f3515ea,KO/TKO,2,465.0,,3,assumed_three_round_early_finish,False,True,False,False
development,2022-12-17,56ec58954158966a,9c1a2ac64c98d2f6,KO/TKO,1,184.0,,3,assumed_three_round_early_finish,False,True,False,False
development,2022-12-17,56ec58954158966a,d95eeba3de7ecac5,KO/TKO,3,733.0,,3,assumed_three_round_early_finish,False,True,False,False
development,2022-12-17,56ec58954158966a,ce7744d45a698aa6,U-DEC,3,900.0,,3,inferred_from_decision_duration,False,True,True,False
development,2022-12-17,56ec58954158966a,4ea48bf2407b405d,S-DEC,5,1500.0,,5,inferred_from_decision_duration,True,False,True,False
development,2023-01-14,2e2cdb6e9eb84bb9,b6723b9c6ff4d594,KO/TKO,1,273.0,,3,assumed_three_round_early_finish,False,True,False,False
development,2023-01-14,2e2cdb6e9eb84bb9,9f09e77e46f15766,U-DEC,3,900.0,,3,inferred_from_decision_duration,False,True,True,False
development,2023-01-14,2e2cdb6e9eb84bb9,c9144a294c73b06f,SUB,1,196.0,,3,assumed_three_round_early_finish,False,True,False,False
development,2023-01-14,2e2cdb6e9eb84bb9,76b6058cddda9238,U-DEC,3,900.0,,3,inferred_from_decision_duration,False,True,True,False
development,2023-01-14,2e2cdb6e9eb84bb9,5305049e4215d263,KO/TKO,2,328.0,,3,assumed_three_round_early_finish,False,True,False,False
development,2023-01-14,2e2cdb6e9eb84bb9,5a2fa552e70958d4,U-DEC,3,900.0,,3,inferred_from_decision_duration,False,True,True,False
development,2023-01-14,2e2cdb6e9eb84bb9,a4c7d59d340794c0,KO/TKO,1,280.0,,3,assumed_three_round_early_finish,False,True,False,False
development,2023-01-14,2e2cdb6e9eb84bb9,622cc4ef46913020,S-DEC,3,900.0,,3,inferred_from_decision_duration,False,True,True,False
development,2023-01-14,2e2cdb6e9eb84bb9,d4420be78065de03,KO/TKO,2,499.0,,3,assumed_three_round_early_finish,False,True,False,False
development,2023-01-14,2e2cdb6e9eb84bb9,c88a7dbe7717d2da,KO/TKO,2,553.0,,3,assumed_three_round_early_finish,False,True,False,False
development,2023-01-14,2e2cdb6e9eb84bb9,868c83e734dbbceb,U-DEC,5,1500.0,,5,inferred_from_decision_duration,True,False,True,False
development,2023-01-21,5717efc6f271cd52,1d35e4c0941d1397,KO/TKO,2,438.0,,3,assumed_three_round_early_finish,False,True,False,False
development,2023-01-21,5717efc6f271cd52,fcf385ae75191b57,U-DEC,3,900.0,,3,inferred_from_decision_duration,False,True,True,False
development,2023-01-21,5717efc6f271cd52,f09c3d8a26806761,S-DEC,3,900.0,,3,inferred_from_decision_duration,False,True,True,False
development,2023-01-21,5717efc6f271cd52,911b73db91738da6,KO/TKO,2,437.0,,3,assumed_three_round_early_finish,False,True,False,False
development,2023-01-21,5717efc6f271cd52,354dc211166a3982,U-DEC,3,900.0,,3,inferred_from_decision_duration,False,True,True,False
development,2023-01-21,5717efc6f271cd52,fffdc57255274be1,KO/TKO,2,476.0,,3,assumed_three_round_early_finish,False,True,False,False
development,2023-01-21,5717efc6f271cd52,7ed9e8f3258446c7,SUB,1,49.0,,3,assumed_three_round_early_finish,False,True,False,False
development,2023-01-21,5717efc6f271cd52,8cdcdfb76d1670dd,SUB,2,545.0,,3,assumed_three_round_early_finish,False,True,False,False
development,2023-01-21,5717efc6f271cd52,5ad8aa57c8d69680,KO/TKO,1,253.0,,3,assumed_three_round_early_finish,False,True,False,False
development,2023-01-21,5717efc6f271cd52,a3ef3d05ddd80a94,KO/TKO,1,245.0,,3,assumed_three_round_early_finish,False,True,False,False
development,2023-01-21,5717efc6f271cd52,2d1ac675e6c1e6ea,KO/TKO,1,136.0,,3,assumed_three_round_early_finish,False,True,False,False
development,2023-01-21,5717efc6f271cd52,0221982930283140,U-DEC,3,900.0,,3,inferred_from_decision_duration,False,True,True,False
development,2023-01-21,5717efc6f271cd52,1c51f405e5c46572,SUB,1,255.0,,3,assumed_three_round_early_finish,False,True,False,False
development,2023-01-21,5717efc6f271cd52,0462bcc27498f7c4,KO/TKO,3,900.0,,3,assumed_three_round_early_finish,False,True,False,False
development,2023-01-21,5717efc6f271cd52,dde7d29cc443e263,U-DEC,5,1500.0,,5,inferred_from_decision_duration,True,False,True,False
development,2023-02-04,d26394fc0e8e880a,a26ca06cce403ce2,SUB,1,260.0,,3,assumed_three_round_early_finish,False,True,False,False
development,2023-02-04,d26394fc0e8e880a,983fab4080743ed0,SUB,1,245.0,,3,assumed_three_round_early_finish,False,True,False,False
development,2023-02-04,d26394fc0e8e880a,98094a500529d442,SUB,3,791.0,,3,assumed_three_round_early_finish,False,True,False,False
development,2023-02-04,d26394fc0e8e880a,a8067e65eb737a09,KO/TKO,1,33.0,,3,assumed_three_round_early_finish,False,True,False,False
development,2023-02-04,d26394fc0e8e880a,765482eb58e8db48,S-DEC,3,900.0,,3,inferred_from_decision_duration,False,True,True,False
development,2023-02-04,d26394fc0e8e880a,b1b20c686dfe3204,KO/TKO,2,524.0,,3,assumed_three_round_early_finish,False,True,False,False
development,2023-02-04,d26394fc0e8e880a,c63d8062c89c4c33,KO/TKO,1,276.0,,3,assumed_three_round_early_finish,False,True,False,False
development,2023-02-04,d26394fc0e8e880a,8741e6a3a5a22a7f,U-DEC,3,900.0,,3,inferred_from_decision_duration,False,True,True,False
development,2023-02-04,d26394fc0e8e880a,7a1abc0230af730c,U-DEC,3,900.0,,3,inferred_from_decision_duration,False,True,True,False
development,2023-02-04,d26394fc0e8e880a,caeeb398f73d213a,SUB,1,185.0,,3,assumed_three_round_early_finish,False,True,False,False
development,2023-02-11,01dd4cdc2446f665,0ac5fc42ba039211,S-DEC,3,900.0,,3,inferred_from_decision_duration,False,True,True,False
development,2023-02-11,01dd4cdc2446f665,5c962ea13cb9b937,U-DEC,3,900.0,,3,inferred_from_decision_duration,False,True,True,False
development,2023-02-11,01dd4cdc2446f665,51a12878b151d67b,SUB,2,344.0,,3,assumed_three_round_early_finish,False,True,False,False
development,2023-02-11,01dd4cdc2446f665,28af78600d6580f1,U-DEC,3,900.0,,3,inferred_from_decision_duration,False,True,True,False
development,2023-02-11,01dd4cdc2446f665,a37a6b6f9551a6e8,U-DEC,3,900.0,,3,inferred_from_decision_duration,False,True,True,False
development,2023-02-11,01dd4cdc2446f665,16dbe70eb7007f17,KO/TKO,1,59.0,,3,assumed_three_round_early_finish,False,True,False,False
development,2023-02-11,01dd4cdc2446f665,8b7bc2af1e15b668,SUB,2,422.0,,3,assumed_three_round_early_finish,False,True,False,False
development,2023-02-11,01dd4cdc2446f665,ca2672e68fedf4b7,U-DEC,3,900.0,,3,inferred_from_decision_duration,False,True,True,False
development,2023-02-11,01dd4cdc2446f665,da22d5a717ae9e35,KO/TKO,1,66.0,,3,assumed_three_round_early_finish,False,True,False,False
development,2023-02-11,01dd4cdc2446f665,4f672dd40867d8c6,SUB,1,133.0,,3,assumed_three_round_early_finish,False,True,False,False
development,2023-02-11,01dd4cdc2446f665,2208b9f471a201d9,SUB,2,559.0,,3,assumed_three_round_early_finish,False,True,False,False
development,2023-02-11,01dd4cdc2446f665,256894b49303537b,U-DEC,5,1500.0,,5,inferred_from_decision_duration,True,False,True,False
development,2023-02-18,f21a3d68fb9df387,40781a64c4cea877,SUB,1,193.0,,3,assumed_three_round_early_finish,False,True,False,False
development,2023-02-18,f21a3d68fb9df387,435ba9b407b844ef,SUB,2,397.0,,3,assumed_three_round_early_finish,False,True,False,False
development,2023-02-18,f21a3d68fb9df387,3d46d635f9ae5e68,KO/TKO,1,49.0,,3,assumed_three_round_early_finish,False,True,False,False
development,2023-02-18,f21a3d68fb9df387,43ec12079ccc371c,U-DEC,3,900.0,,3,inferred_from_decision_duration,False,True,True,False
development,2023-02-18,f21a3d68fb9df387,c3a4187fc821bfff,SUB,2,585.0,,3,assumed_three_round_early_finish,False,True,False,False
development,2023-02-18,f21a3d68fb9df387,d45d9c7d60f332da,KO/TKO,3,638.0,,3,assumed_three_round_early_finish,False,True,False,False
development,2023-02-18,f21a3d68fb9df387,682ff095649c9a5c,U-DEC,3,900.0,,3,inferred_from_decision_duration,False,True,True,False
development,2023-02-18,f21a3d68fb9df387,dc6f69f923744948,U-DEC,3,900.0,,3,inferred_from_decision_duration,False,True,True,False
development,2023-02-18,f21a3d68fb9df387,3e90b7fd1e9f86bd,U-DEC,3,900.0,,3,inferred_from_decision_duration,False,True,True,False
development,2023-02-18,f21a3d68fb9df387,3f837b469ba33c7c,U-DEC,3,900.0,,3,inferred_from_decision_duration,False,True,True,False
development,2023-02-18,f21a3d68fb9df387,dcc3da324eb5f26c,SUB,2,397.0,,3,assumed_three_round_early_finish,False,True,False,False
development,2023-02-25,806975e1b4f47b27,02615499125b4b5d,M-DEC,3,900.0,,3,inferred_from_decision_duration,False,True,True,False
development,2023-02-25,806975e1b4f47b27,12d9b4a3931be5ec,SUB,2,595.0,,3,assumed_three_round_early_finish,False,True,False,False
development,2023-02-25,806975e1b4f47b27,63670e1b8f164d4a,S-DEC,3,900.0,,3,inferred_from_decision_duration,False,True,True,False
development,2023-02-25,806975e1b4f47b27,a7f66f13f953352f,KO/TKO,1,147.0,,3,assumed_three_round_early_finish,False,True,False,False
development,2023-02-25,806975e1b4f47b27,faac24c1b3d6368a,U-DEC,3,900.0,,3,inferred_from_decision_duration,False,True,True,False
development,2023-02-25,806975e1b4f47b27,83fa3a382acc7bdc,KO/TKO,1,299.0,,3,assumed_three_round_early_finish,False,True,False,False
development,2023-02-25,806975e1b4f47b27,00a94d5fc7ce55cf,SUB,1,255.0,,3,assumed_three_round_early_finish,False,True,False,False
development,2023-02-25,806975e1b4f47b27,5737084215c45792,SUB,2,471.0,,3,assumed_three_round_early_finish,False,True,False,False
development,2023-02-25,806975e1b4f47b27,d6357dab7ccdf2db,U-DEC,3,900.0,,3,inferred_from_decision_duration,False,True,True,False
development,2023-02-25,806975e1b4f47b27,2ba11e0bf32829d6,SUB,3,865.0,,3,assumed_three_round_early_finish,False,True,False,False
development,2023-03-04,1ccff7f0cfdf85eb,ee2354d638c078fd,U-DEC,3,900.0,,3,inferred_from_decision_duration,False,True,True,False
development,2023-03-04,1ccff7f0cfdf85eb,cd20dac4daa4f93a,U-DEC,3,900.0,,3,inferred_from_decision_duration,False,True,True,False
development,2023-03-04,1ccff7f0cfdf85eb,c3b9b97467f828d1,SUB,2,434.0,,3,assumed_three_round_early_finish,False,True,False,False
development,2023-03-04,1ccff7f0cfdf85eb,0eb16f1307f66a11,M-DEC,3,900.0,,3,inferred_from_decision_duration,False,True,True,False
development,2023-03-04,1ccff7f0cfdf85eb,ed9f8f702585ed44,KO/TKO,3,862.0,,3,assumed_three_round_early_finish,False,True,False,False
development,2023-03-04,1ccff7f0cfdf85eb,c29e2c49e1e417c8,KO/TKO,2,552.0,,3,assumed_three_round_early_finish,False,True,False,False
development,2023-03-04,1ccff7f0cfdf85eb,009feda296ae589c,U-DEC,3,900.0,,3,inferred_from_decision_duration,False,True,True,False
development,2023-03-04,1ccff7f0cfdf85eb,c2fc4c1e0c769655,KO/TKO,2,599.0,,3,assumed_three_round_early_finish,False,True,False,False
development,2023-03-04,1ccff7f0cfdf85eb,ec490d4224d3bc78,U-DEC,3,900.0,,3,inferred_from_decision_duration,False,True,True,False
development,2023-03-04,1ccff7f0cfdf85eb,2b9daf452ab40b9b,SUB,1,174.0,,3,assumed_three_round_early_finish,False,True,False,False
development,2023-03-04,1ccff7f0cfdf85eb,d6d034e98ce85246,S-DEC,3,900.0,,3,inferred_from_decision_duration,False,True,True,False
development,2023-03-04,1ccff7f0cfdf85eb,22fc6b3f4e48cfa3,SUB,3,857.0,,3,assumed_three_round_early_finish,False,True,False,False
development,2023-03-04,1ccff7f0cfdf85eb,a69afe4a88c0ca12,SUB,4,1174.0,,5,inferred_five_round_late_finish,True,False,False,False
development,2023-03-04,1ccff7f0cfdf85eb,636fd144716a3084,SUB,1,124.0,,3,assumed_three_round_early_finish,False,True,False,False
development,2023-03-11,35080a7f406f9ab3,ccb5e29cd0347110,U-DEC,3,900.0,,3,inferred_from_decision_duration,False,True,True,False
development,2023-03-11,35080a7f406f9ab3,c3af2b6ab1262fef,SUB,2,383.0,,3,assumed_three_round_early_finish,False,True,False,False
development,2023-03-11,35080a7f406f9ab3,8e5ce3308c0e2046,U-DEC,3,900.0,,3,inferred_from_decision_duration,False,True,True,False
development,2023-03-11,35080a7f406f9ab3,c4e4954beb59eca6,S-DEC,3,900.0,,3,inferred_from_decision_duration,False,True,True,False
development,2023-03-11,35080a7f406f9ab3,3cf3771274a4f8b1,SUB,2,480.0,,3,assumed_three_round_early_finish,False,True,False,False
development,2023-03-11,35080a7f406f9ab3,804c350ce714770f,SUB,3,883.0,,3,assumed_three_round_early_finish,False,True,False,False
development,2023-03-11,35080a7f406f9ab3,e9c6bac0d1a5ec0f,U-DEC,3,900.0,,3,inferred_from_decision_duration,False,True,True,False
development,2023-03-11,35080a7f406f9ab3,8d5b88e0ff253617,U-DEC,3,900.0,,3,inferred_from_decision_duration,False,True,True,False
development,2023-03-11,35080a7f406f9ab3,2c58a97f2fe6c985,SUB,1,198.0,,3,assumed_three_round_early_finish,False,True,False,False
development,2023-03-11,35080a7f406f9ab3,b9539d5e379b3edc,U-DEC,3,900.0,,3,inferred_from_decision_duration,False,True,True,False
development,2023-03-11,35080a7f406f9ab3,d6945828f5fa7492,SUB,1,218.0,,3,assumed_three_round_early_finish,False,True,False,False
development,2023-03-11,35080a7f406f9ab3,3b561a154aa2bbb2,KO/TKO,1,136.0,,3,assumed_three_round_early_finish,False,True,False,False
development,2023-03-11,35080a7f406f9ab3,0ccd2593c88209e4,U-DEC,5,1500.0,,5,inferred_from_decision_duration,True,False,True,False
development,2023-03-18,e4bb7e483c4ad318,53d6d5ad08ac0694,U-DEC,3,900.0,,3,inferred_from_decision_duration,False,True,True,False
development,2023-03-18,e4bb7e483c4ad318,8a3e7085e8e5a6e9,S-DEC,3,900.0,,3,inferred_from_decision_duration,False,True,True,False
development,2023-03-18,e4bb7e483c4ad318,6068385c48de6801,KO/TKO,1,61.0,,3,assumed_three_round_early_finish,False,True,False,False
development,2023-03-18,e4bb7e483c4ad318,38094db8e3539cba,KO/TKO,1,112.0,,3,assumed_three_round_early_finish,False,True,False,False
development,2023-03-18,e4bb7e483c4ad318,533984c3ff4b4858,S-DEC,3,900.0,,3,inferred_from_decision_duration,False,True,True,False
development,2023-03-18,e4bb7e483c4ad318,f40ac11da3bd7f8e,SUB,3,872.0,,3,assumed_three_round_early_finish,False,True,False,False
development,2023-03-18,e4bb7e483c4ad318,9f8cf5ac0807d64e,KO/TKO,1,75.0,,3,assumed_three_round_early_finish,False,True,False,False
development,2023-03-18,e4bb7e483c4ad318,cdaf65287d9a0ecb,S-DEC,3,900.0,,3,inferred_from_decision_duration,False,True,True,False
development,2023-03-18,e4bb7e483c4ad318,13f5be7a2ea5577e,SUB,2,567.0,,3,assumed_three_round_early_finish,False,True,False,False
development,2023-03-18,e4bb7e483c4ad318,5e9c027fb24efc2b,U-DEC,3,900.0,,3,inferred_from_decision_duration,False,True,True,False
development,2023-03-18,e4bb7e483c4ad318,dd9cbf6d6284de26,U-DEC,3,900.0,,3,inferred_from_decision_duration,False,True,True,False
development,2023-03-18,e4bb7e483c4ad318,019b4d006800504b,SUB,1,291.0,,3,assumed_three_round_early_finish,False,True,False,False
development,2023-03-18,e4bb7e483c4ad318,90a83875e1d11238,M-DEC,3,900.0,,3,inferred_from_decision_duration,False,True,True,False
development,2023-03-18,e4bb7e483c4ad318,c483ac06b1e33c3b,M-DEC,5,1500.0,,5,inferred_from_decision_duration,True,False,True,False
development,2023-03-25,aec273fcb765330d,6f6fec9c78244174,U-DEC,3,900.0,,3,inferred_from_decision_duration,False,True,True,False
development,2023-03-25,aec273fcb765330d,16bd47ba50891833,KO/TKO,2,544.0,,3,assumed_three_round_early_finish,False,True,False,False
development,2023-03-25,aec273fcb765330d,07e39fd5f4f23270,S-DEC,3,900.0,,3,inferred_from_decision_duration,False,True,True,False
development,2023-03-25,aec273fcb765330d,b9e037a45f8850fb,U-DEC,3,900.0,,3,inferred_from_decision_duration,False,True,True,False
development,2023-03-25,aec273fcb765330d,c6cc6ae23cbf8a27,SUB,2,470.0,,3,assumed_three_round_early_finish,False,True,False,False
development,2023-03-25,aec273fcb765330d,2f382615155e32b9,S-DEC,3,900.0,,3,inferred_from_decision_duration,False,True,True,False
development,2023-03-25,aec273fcb765330d,9433730f95d52fc8,S-DEC,3,900.0,,3,inferred_from_decision_duration,False,True,True,False
development,2023-03-25,aec273fcb765330d,bce8ece2ff26b4d4,SUB,2,551.0,,3,assumed_three_round_early_finish,False,True,False,False
development,2023-03-25,aec273fcb765330d,1c2d0db1c9eed052,U-DEC,3,900.0,,3,inferred_from_decision_duration,False,True,True,False
development,2023-03-25,aec273fcb765330d,33fa6793a7f984ac,S-DEC,5,1500.0,,5,inferred_from_decision_duration,True,False,True,False
development,2023-04-08,3dc3022232b79c7a,355a2f4090c0ca31,U-DEC,3,900.0,,3,inferred_from_decision_duration,False,True,True,False
development,2023-04-08,3dc3022232b79c7a,0810cdbeb9dd4d02,KO/TKO,2,336.0,,3,assumed_three_round_early_finish,False,True,False,False
development,2023-04-08,3dc3022232b79c7a,d7022b6058dbb26b,U-DEC,3,900.0,,3,inferred_from_decision_duration,False,True,True,False
development,2023-04-08,3dc3022232b79c7a,780147f2ed2637d1,S-DEC,3,900.0,,3,inferred_from_decision_duration,False,True,True,False
development,2023-04-08,3dc3022232b79c7a,28e3d939eb043664,KO/TKO,1,195.0,,3,assumed_three_round_early_finish,False,True,False,False
development,2023-04-08,3dc3022232b79c7a,95349402616097cd,S-DEC,3,900.0,,3,inferred_from_decision_duration,False,True,True,False
development,2023-04-08,3dc3022232b79c7a,bbc76ff9e1b1b142,U-DEC,3,900.0,,3,inferred_from_decision_duration,False,True,True,False
development,2023-04-08,3dc3022232b79c7a,2cb34fc074f7a9ae,U-DEC,3,900.0,,3,inferred_from_decision_duration,False,True,True,False
development,2023-04-08,3dc3022232b79c7a,3165b03ddc6d3b6e,KO/TKO,3,796.0,,3,assumed_three_round_early_finish,False,True,False,False
development,2023-04-08,3dc3022232b79c7a,678d27af287476f8,KO/TKO,1,177.0,,3,assumed_three_round_early_finish,False,True,False,False
development,2023-04-08,3dc3022232b79c7a,71ea7d7985dad804,U-DEC,3,900.0,,3,inferred_from_decision_duration,False,True,True,False
development,2023-04-08,3dc3022232b79c7a,fe143cb868adfded,KO/TKO,2,561.0,,3,assumed_three_round_early_finish,False,True,False,False
development,2023-04-15,15b1b21cd743d652,8b2b2562884821a7,S-DEC,3,900.0,,3,inferred_from_decision_duration,False,True,True,False
development,2023-04-15,15b1b21cd743d652,119559fd8124fee3,U-DEC,3,900.0,,3,inferred_from_decision_duration,False,True,True,False
development,2023-04-15,15b1b21cd743d652,5de3a1bbcf705b58,KO/TKO,2,462.0,,3,assumed_three_round_early_finish,False,True,False,False
development,2023-04-15,15b1b21cd743d652,cef255a992ba7af3,U-DEC,3,900.0,,3,inferred_from_decision_duration,False,True,True,False
development,2023-04-15,15b1b21cd743d652,68c1b833ed8849a3,SUB,2,561.0,,3,assumed_three_round_early_finish,False,True,False,False
development,2023-04-15,15b1b21cd743d652,50e675146cda6e7c,KO/TKO,3,853.0,,3,assumed_three_round_early_finish,False,True,False,False
development,2023-04-15,15b1b21cd743d652,bbde45b2c766bb67,KO/TKO,1,129.0,,3,assumed_three_round_early_finish,False,True,False,False
development,2023-04-15,15b1b21cd743d652,b01e6e97d66681c5,SUB,2,400.0,,3,assumed_three_round_early_finish,False,True,False,False
development,2023-04-15,15b1b21cd743d652,bdbddbc00d07dc4b,U-DEC,3,900.0,,3,inferred_from_decision_duration,False,True,True,False
development,2023-04-15,15b1b21cd743d652,d856812dc733690a,U-DEC,3,900.0,,3,inferred_from_decision_duration,False,True,True,False
development,2023-04-15,15b1b21cd743d652,995e79b951da945b,KO/TKO,1,125.0,,3,assumed_three_round_early_finish,False,True,False,False
development,2023-04-15,15b1b21cd743d652,792f139c2b9fd294,U-DEC,3,900.0,,3,inferred_from_decision_duration,False,True,True,False
development,2023-04-15,15b1b21cd743d652,83c81018bb3aeebf,KO/TKO,1,157.0,,3,assumed_three_round_early_finish,False,True,False,False
development,2023-04-15,15b1b21cd743d652,6049301b4deea035,U-DEC,5,1500.0,,5,inferred_from_decision_duration,True,False,True,False
development,2023-04-22,6fb1ba67bef41b37,277233ca9ea25674,KO/TKO,3,861.0,,3,assumed_three_round_early_finish,False,True,False,False
development,2023-04-22,6fb1ba67bef41b37,a941c4e25ddddfff,S-DEC,3,900.0,,3,inferred_from_decision_duration,False,True,True,False
development,2023-04-22,6fb1ba67bef41b37,8beab5f941dae8e0,U-DEC,3,900.0,,3,inferred_from_decision_duration,False,True,True,False
development,2023-04-22,6fb1ba67bef41b37,01aa5949ac6851f3,U-DEC,3,900.0,,3,inferred_from_decision_duration,False,True,True,False
development,2023-04-22,6fb1ba67bef41b37,034cbbec91f67852,KO/TKO,1,222.0,,3,assumed_three_round_early_finish,False,True,False,False
development,2023-04-22,6fb1ba67bef41b37,16628e25a043043a,KO/TKO,1,95.0,,3,assumed_three_round_early_finish,False,True,False,False
development,2023-04-22,6fb1ba67bef41b37,06d9fb9c995f1e4f,S-DEC,3,900.0,,3,inferred_from_decision_duration,False,True,True,False
development,2023-04-22,6fb1ba67bef41b37,20c0f50c11509301,U-DEC,3,900.0,,3,inferred_from_decision_duration,False,True,True,False
development,2023-04-22,6fb1ba67bef41b37,d00d5ef4ae0ac01b,KO/TKO,1,215.0,,3,assumed_three_round_early_finish,False,True,False,False
development,2023-04-22,6fb1ba67bef41b37,856468ba24a37fcc,KO/TKO,1,188.0,,3,assumed_three_round_early_finish,False,True,False,False
development,2023-04-29,51b1e2fd9872005b,e434035be5453be0,U-DEC,3,900.0,,3,inferred_from_decision_duration,False,True,True,False
development,2023-04-29,51b1e2fd9872005b,88a63555728c2025,SUB,2,423.0,,3,assumed_three_round_early_finish,False,True,False,False
development,2023-04-29,51b1e2fd9872005b,f9345fa82bf43847,SUB,1,131.0,,3,assumed_three_round_early_finish,False,True,False,False
development,2023-04-29,51b1e2fd9872005b,ca63933f8c898fa2,U-DEC,3,900.0,,3,inferred_from_decision_duration,False,True,True,False
development,2023-04-29,51b1e2fd9872005b,5d11b618f24082dd,U-DEC,3,900.0,,3,inferred_from_decision_duration,False,True,True,False
development,2023-04-29,51b1e2fd9872005b,c02d44564cb006a9,U-DEC,3,900.0,,3,inferred_from_decision_duration,False,True,True,False
development,2023-04-29,51b1e2fd9872005b,8dbfbd8f8bd0f00b,U-DEC,3,900.0,,3,inferred_from_decision_duration,False,True,True,False
development,2023-04-29,51b1e2fd9872005b,e0e2c1fc1a178d89,KO/TKO,1,101.0,,3,assumed_three_round_early_finish,False,True,False,False
development,2023-04-29,51b1e2fd9872005b,37ae5c09d6f03f33,SUB,2,388.0,,3,assumed_three_round_early_finish,False,True,False,False
development,2023-04-29,51b1e2fd9872005b,ecec1b0dd64ca2ae,SUB,2,469.0,,3,assumed_three_round_early_finish,False,True,False,False
development,2023-04-29,51b1e2fd9872005b,2b1ac5d8f98639bf,KO/TKO,5,1270.0,,5,inferred_five_round_late_finish,True,False,False,False
development,2023-05-06,3c6976f8182d9527,93fb6c7e590487f9,KO/TKO,2,501.0,,3,assumed_three_round_early_finish,False,True,False,False
development,2023-05-06,3c6976f8182d9527,d22de60b7a3d908c,KO/TKO,1,130.0,,3,assumed_three_round_early_finish,False,True,False,False
development,2023-05-06,3c6976f8182d9527,2372578d3f554c65,KO/TKO,1,130.0,,3,assumed_three_round_early_finish,False,True,False,False
development,2023-05-06,3c6976f8182d9527,5f44d6d9e6bbecff,U-DEC,3,900.0,,3,inferred_from_decision_duration,False,True,True,False
development,2023-05-06,3c6976f8182d9527,4c9bbd9758be1168,S-DEC,3,900.0,,3,inferred_from_decision_duration,False,True,True,False
development,2023-05-06,3c6976f8182d9527,c3ca708aaf4262a7,SUB,2,448.0,,3,assumed_three_round_early_finish,False,True,False,False
development,2023-05-06,3c6976f8182d9527,3f8b4aeb3baf4724,KO/TKO,1,248.0,,3,assumed_three_round_early_finish,False,True,False,False
development,2023-05-06,3c6976f8182d9527,0c6e3c1f03cd4061,U-DEC,3,900.0,,3,inferred_from_decision_duration,False,True,True,False
development,2023-05-06,3c6976f8182d9527,069ab7e7b8b5d262,U-DEC,3,900.0,,3,inferred_from_decision_duration,False,True,True,False
development,2023-05-06,3c6976f8182d9527,11a5a852313d1f5b,KO/TKO,1,140.0,,3,assumed_three_round_early_finish,False,True,False,False
development,2023-05-06,3c6976f8182d9527,ed707998b13d0101,U-DEC,5,1500.0,,5,inferred_from_decision_duration,True,False,True,False
development,2023-05-06,3c6976f8182d9527,e3aad51099a23ba4,S-DEC,5,1500.0,,5,inferred_from_decision_duration,True,False,True,False
development,2023-05-13,901cddcbfa079097,acfcf75f0215b7ab,SUB,3,860.0,,3,assumed_three_round_early_finish,False,True,False,False
development,2023-05-13,901cddcbfa079097,81fda78adcaedbc7,KO/TKO,1,14.0,,3,assumed_three_round_early_finish,False,True,False,False
development,2023-05-13,901cddcbfa079097,6ca856d1950d8f7f,S-DEC,3,715.0,,3,assumed_three_round_early_finish,False,True,True,False
development,2023-05-13,901cddcbfa079097,14e689e60419d469,U-DEC,3,900.0,,3,inferred_from_decision_duration,False,True,True,False
development,2023-05-13,901cddcbfa079097,3387f430abb7e39f,U-DEC,3,900.0,,3,inferred_from_decision_duration,False,True,True,False
development,2023-05-13,901cddcbfa079097,f2ced83baf0457fc,KO/TKO,1,249.0,,3,assumed_three_round_early_finish,False,True,False,False
development,2023-05-13,901cddcbfa079097,838a022ca5d99cc1,SUB,2,429.0,,3,assumed_three_round_early_finish,False,True,False,False
development,2023-05-13,901cddcbfa079097,dae2484418631ff5,KO/TKO,1,129.0,,3,assumed_three_round_early_finish,False,True,False,False
development,2023-05-13,901cddcbfa079097,b0f4c7788782e26e,KO/TKO,1,177.0,,3,assumed_three_round_early_finish,False,True,False,False
development,2023-05-13,901cddcbfa079097,c501576b8ec35758,U-DEC,3,900.0,,3,inferred_from_decision_duration,False,True,True,False
development,2023-05-13,901cddcbfa079097,755202fce24b8f83,SUB,1,223.0,,3,assumed_three_round_early_finish,False,True,False,False
development,2023-05-20,6f812143641ceff8,8502f245aabd64ac,U-DEC,3,900.0,,3,inferred_from_decision_duration,False,True,True,False
development,2023-05-20,6f812143641ceff8,744cbe6e49d4f41c,KO/TKO,1,178.0,,3,assumed_three_round_early_finish,False,True,False,False
development,2023-05-20,6f812143641ceff8,eca400aeeb2763d1,U-DEC,3,900.0,,3,inferred_from_decision_duration,False,True,True,False
development,2023-05-20,6f812143641ceff8,fb70b62915fdcec6,S-DEC,3,900.0,,3,inferred_from_decision_duration,False,True,True,False
development,2023-05-20,6f812143641ceff8,7d583e4002622848,KO/TKO,2,475.0,,3,assumed_three_round_early_finish,False,True,False,False
development,2023-05-20,6f812143641ceff8,33007109c9ca1ede,U-DEC,3,900.0,,3,inferred_from_decision_duration,False,True,True,False
development,2023-05-20,6f812143641ceff8,49bd9a2f1fbebd1f,KO/TKO,2,457.0,,3,assumed_three_round_early_finish,False,True,False,False
development,2023-05-20,6f812143641ceff8,12683e06369d1a83,KO/TKO,2,410.0,,3,assumed_three_round_early_finish,False,True,False,False
development,2023-05-20,6f812143641ceff8,73700c8c5107f719,KO/TKO,2,555.0,,3,assumed_three_round_early_finish,False,True,False,False
development,2023-05-20,6f812143641ceff8,924f982f0d9d2142,U-DEC,3,900.0,,3,inferred_from_decision_duration,False,True,True,False
development,2023-05-20,6f812143641ceff8,3638ee66c7d34fe0,KO/TKO,3,661.0,,3,assumed_three_round_early_finish,False,True,False,False
development,2023-05-20,6f812143641ceff8,cb9654746447b934,U-DEC,5,1500.0,,5,inferred_from_decision_duration,True,False,True,False
development,2023-06-03,7abe471b61725980,99808befeece3a8a,U-DEC,3,900.0,,3,inferred_from_decision_duration,False,True,True,False
development,2023-06-03,7abe471b61725980,72bb7605e340a8fe,KO/TKO,2,534.0,,3,assumed_three_round_early_finish,False,True,False,False
development,2023-06-03,7abe471b61725980,dfc62aa72446e4a8,U-DEC,3,900.0,,3,inferred_from_decision_duration,False,True,True,False
development,2023-06-03,7abe471b61725980,ad7bd4b3ee923498,KO/TKO,2,479.0,,3,assumed_three_round_early_finish,False,True,False,False
development,2023-06-03,7abe471b61725980,c98f62eb74e69bcb,U-DEC,3,900.0,,3,inferred_from_decision_duration,False,True,True,False
development,2023-06-03,7abe471b61725980,5459c3bb88d031f9,KO/TKO,2,497.0,,3,assumed_three_round_early_finish,False,True,False,False
development,2023-06-03,7abe471b61725980,84f60cb00b8d4187,U-DEC,3,900.0,,3,inferred_from_decision_duration,False,True,True,False
development,2023-06-03,7abe471b61725980,a122968e96068800,S-DEC,3,900.0,,3,inferred_from_decision_duration,False,True,True,False
development,2023-06-03,7abe471b61725980,4d0029ad31bdd85a,SUB,1,105.0,,3,assumed_three_round_early_finish,False,True,False,False
development,2023-06-03,7abe471b61725980,913d8a35095591d5,U-DEC,3,900.0,,3,inferred_from_decision_duration,False,True,True,False
development,2023-06-03,7abe471b61725980,e2f4cd4a9a579488,KO/TKO,1,23.0,,3,assumed_three_round_early_finish,False,True,False,False
development,2023-06-03,7abe471b61725980,7be3e513a31f6570,U-DEC,3,900.0,,3,inferred_from_decision_duration,False,True,True,False
development,2023-06-03,7abe471b61725980,d7ae0993c7a378ee,S-DEC,5,1500.0,,5,inferred_from_decision_duration,True,False,True,False
development,2023-06-10,b6c6d1731ff00eeb,1676c64a94be0557,U-DEC,3,900.0,,3,inferred_from_decision_duration,False,True,True,False
development,2023-06-10,b6c6d1731ff00eeb,947ea1122c04ba18,U-DEC,3,900.0,,3,inferred_from_decision_duration,False,True,True,False
development,2023-06-10,b6c6d1731ff00eeb,7ee8b91d7f80f8a7,U-DEC,3,900.0,,3,inferred_from_decision_duration,False,True,True,False
development,2023-06-10,b6c6d1731ff00eeb,e24b65cd8721349a,KO/TKO,1,64.0,,3,assumed_three_round_early_finish,False,True,False,False
development,2023-06-10,b6c6d1731ff00eeb,47a5d4bb68352055,U-DEC,3,900.0,,3,inferred_from_decision_duration,False,True,True,False
development,2023-06-10,b6c6d1731ff00eeb,5311298f79414125,U-DEC,3,900.0,,3,inferred_from_decision_duration,False,True,True,False
development,2023-06-10,b6c6d1731ff00eeb,46c67efd68a0b15d,U-DEC,3,900.0,,3,inferred_from_decision_duration,False,True,True,False
development,2023-06-10,b6c6d1731ff00eeb,e9d5ffcacf7d8757,SUB,2,366.0,,3,assumed_three_round_early_finish,False,True,False,False
development,2023-06-10,b6c6d1731ff00eeb,40e8bf8ce508c436,KO/TKO,1,250.0,,3,assumed_three_round_early_finish,False,True,False,False
development,2023-06-10,b6c6d1731ff00eeb,69bc7ca8ce831731,U-DEC,5,1500.0,,5,inferred_from_decision_duration,True,False,True,False
development,2023-06-17,b9415726dc3ec526,8794031c523bf534,U-DEC,3,900.0,,3,inferred_from_decision_duration,False,True,True,False
development,2023-06-17,b9415726dc3ec526,9cfb84817a43b63c,U-DEC,3,900.0,,3,inferred_from_decision_duration,False,True,True,False
development,2023-06-17,b9415726dc3ec526,8ea12c7360fa0f6b,U-DEC,3,899.0,,3,assumed_three_round_early_finish,False,True,True,False
development,2023-06-17,b9415726dc3ec526,7ba54a10f28c9496,SUB,1,145.0,,3,assumed_three_round_early_finish,False,True,False,False
development,2023-06-17,b9415726dc3ec526,bc1be168c064f028,KO/TKO,2,363.0,,3,assumed_three_round_early_finish,False,True,False,False
development,2023-06-17,b9415726dc3ec526,870672b1b443311e,U-DEC,3,900.0,,3,inferred_from_decision_duration,False,True,True,False
development,2023-06-17,b9415726dc3ec526,98458778348ea5d7,KO/TKO,1,110.0,,3,assumed_three_round_early_finish,False,True,False,False
development,2023-06-17,b9415726dc3ec526,76fd6919d828d5c2,SUB,2,408.0,,3,assumed_three_round_early_finish,False,True,False,False
development,2023-06-17,b9415726dc3ec526,5d9b84493f1ed114,U-DEC,3,900.0,,3,inferred_from_decision_duration,False,True,True,False
development,2023-06-17,b9415726dc3ec526,6c2199524d762b11,KO/TKO,3,805.0,,3,assumed_three_round_early_finish,False,True,False,False
development,2023-06-17,b9415726dc3ec526,175d9e1ac0725145,U-DEC,5,1500.0,,5,inferred_from_decision_duration,True,False,True,False
development,2023-06-24,a780d16cf7eed44d,7b909acede0a26eb,U-DEC,3,900.0,,3,inferred_from_decision_duration,False,True,True,False
development,2023-06-24,a780d16cf7eed44d,fcc1191761e365f9,S-DEC,3,900.0,,3,inferred_from_decision_duration,False,True,True,False
development,2023-06-24,a780d16cf7eed44d,f18d44292036d5de,U-DEC,3,900.0,,3,inferred_from_decision_duration,False,True,True,False
development,2023-06-24,a780d16cf7eed44d,c2cdeb207cce5ceb,S-DEC,3,900.0,,3,inferred_from_decision_duration,False,True,True,False
development,2023-06-24,a780d16cf7eed44d,c22de92b9d9030dc,U-DEC,3,900.0,,3,inferred_from_decision_duration,False,True,True,False
development,2023-06-24,a780d16cf7eed44d,8b296724a6844865,KO/TKO,2,456.0,,3,assumed_three_round_early_finish,False,True,False,False
development,2023-06-24,a780d16cf7eed44d,42922bab8a3e1828,U-DEC,3,900.0,,3,inferred_from_decision_duration,False,True,True,False
development,2023-06-24,a780d16cf7eed44d,ced01368259428f5,S-DEC,3,900.0,,3,inferred_from_decision_duration,False,True,True,False
development,2023-06-24,a780d16cf7eed44d,9124740fe7816d70,SUB,1,279.0,,3,assumed_three_round_early_finish,False,True,False,False
development,2023-06-24,a780d16cf7eed44d,582806c33ce6dcf6,KO/TKO,2,553.0,,3,assumed_three_round_early_finish,False,True,False,False
development,2023-06-24,a780d16cf7eed44d,07cb64236ae7aaea,KO/TKO,2,522.0,,3,assumed_three_round_early_finish,False,True,False,False
development,2023-06-24,a780d16cf7eed44d,c3ef3cb03edde8bb,U-DEC,5,1500.0,,5,inferred_from_decision_duration,True,False,True,False
development,2023-07-01,e9e1acc96536bb4f,bd2e14ee959f9b77,U-DEC,3,900.0,,3,inferred_from_decision_duration,False,True,True,False
development,2023-07-01,e9e1acc96536bb4f,dffc65202afb881d,U-DEC,3,900.0,,3,inferred_from_decision_duration,False,True,True,False
development,2023-07-01,e9e1acc96536bb4f,454265014520a3f8,KO/TKO,3,797.0,,3,assumed_three_round_early_finish,False,True,False,False
development,2023-07-01,e9e1acc96536bb4f,fe370c518cf7873e,S-DEC,3,900.0,,3,inferred_from_decision_duration,False,True,True,False
development,2023-07-01,e9e1acc96536bb4f,f5a6acc99bc5c634,KO/TKO,1,174.0,,3,assumed_three_round_early_finish,False,True,False,False
development,2023-07-01,e9e1acc96536bb4f,962e74250884e4c1,SUB,1,55.0,,3,assumed_three_round_early_finish,False,True,False,False
development,2023-07-01,e9e1acc96536bb4f,288f7fb936c1523c,KO/TKO,1,77.0,,3,assumed_three_round_early_finish,False,True,False,False
development,2023-07-01,e9e1acc96536bb4f,cd137988da724076,SUB,1,288.0,,3,assumed_three_round_early_finish,False,True,False,False
development,2023-07-01,e9e1acc96536bb4f,ea29714dcfb07ce2,S-DEC,3,900.0,,3,inferred_from_decision_duration,False,True,True,False
development,2023-07-01,e9e1acc96536bb4f,0548a24a9bf8d7a0,U-DEC,3,900.0,,3,inferred_from_decision_duration,False,True,True,False
development,2023-07-01,e9e1acc96536bb4f,4dc5a41f357a7d85,U-DEC,3,900.0,,3,inferred_from_decision_duration,False,True,True,False
development,2023-07-01,e9e1acc96536bb4f,f557405652165aa3,KO/TKO,2,560.0,,3,assumed_three_round_early_finish,False,True,False,False
development,2023-07-08,6085ceb59087514b,5b71958ee063a6e8,U-DEC,3,900.0,,3,inferred_from_decision_duration,False,True,True,False
development,2023-07-08,6085ceb59087514b,420f7e6530dbc727,KO/TKO,1,17.0,,3,assumed_three_round_early_finish,False,True,False,False
development,2023-07-08,6085ceb59087514b,dbf8a4b0870a47d1,KO/TKO,1,190.0,,3,assumed_three_round_early_finish,False,True,False,False
development,2023-07-08,6085ceb59087514b,69f67a4a690eb15d,SUB,3,822.0,,3,assumed_three_round_early_finish,False,True,False,False
development,2023-07-08,6085ceb59087514b,6ef12db5b099ec81,SUB,2,415.0,,3,assumed_three_round_early_finish,False,True,False,False
development,2023-07-08,6085ceb59087514b,ef270d8cf29d071b,KO/TKO,1,20.0,,3,assumed_three_round_early_finish,False,True,False,False
development,2023-07-08,6085ceb59087514b,d3a9aceeb7e23580,U-DEC,3,900.0,,3,inferred_from_decision_duration,False,True,True,False
development,2023-07-08,6085ceb59087514b,20d8f6b4b7c8bae7,KO/TKO,1,38.0,,3,assumed_three_round_early_finish,False,True,False,False
development,2023-07-08,6085ceb59087514b,1ffe6e8df6dbefd2,KO/TKO,1,38.0,,3,assumed_three_round_early_finish,False,True,False,False
development,2023-07-08,6085ceb59087514b,b6ea8880cc7af439,S-DEC,3,900.0,,3,inferred_from_decision_duration,False,True,True,False
development,2023-07-08,6085ceb59087514b,4ec5d9bd1442e6c1,KO/TKO,2,443.0,,3,assumed_three_round_early_finish,False,True,False,False
development,2023-07-08,6085ceb59087514b,0f24f3bc1b39ea45,S-DEC,5,1500.0,,5,inferred_from_decision_duration,True,False,True,False
development,2023-07-08,6085ceb59087514b,4b12a4b48755cd6b,KO/TKO,3,859.0,,3,assumed_three_round_early_finish,False,True,False,False
development,2023-07-15,c9885b1b7c7055a0,cae7de0873e03947,U-DEC,3,900.0,,3,inferred_from_decision_duration,False,True,True,False
development,2023-07-15,c9885b1b7c7055a0,57785c9be5b4526d,U-DEC,3,900.0,,3,inferred_from_decision_duration,False,True,True,False
development,2023-07-15,c9885b1b7c7055a0,dae80502466c8726,S-DEC,3,900.0,,3,inferred_from_decision_duration,False,True,True,False
development,2023-07-15,c9885b1b7c7055a0,3624f4ae9c1d703e,U-DEC,3,900.0,,3,inferred_from_decision_duration,False,True,True,False
development,2023-07-15,c9885b1b7c7055a0,b4cc389bb4af3707,U-DEC,3,900.0,,3,inferred_from_decision_duration,False,True,True,False
development,2023-07-15,c9885b1b7c7055a0,eb30c9c975e15436,KO/TKO,1,34.0,,3,assumed_three_round_early_finish,False,True,False,False
development,2023-07-15,c9885b1b7c7055a0,8362b372adb2f302,U-DEC,3,900.0,,3,inferred_from_decision_duration,False,True,True,False
development,2023-07-15,c9885b1b7c7055a0,e4620f3fa451a3a4,SUB,2,367.0,,3,assumed_three_round_early_finish,False,True,False,False
development,2023-07-15,c9885b1b7c7055a0,81b7a6aa147bd912,U-DEC,3,900.0,,3,inferred_from_decision_duration,False,True,True,False
development,2023-07-15,c9885b1b7c7055a0,6adfe44b110c1510,SUB,2,585.0,,3,assumed_three_round_early_finish,False,True,False,False
development,2023-07-15,c9885b1b7c7055a0,b52dccbe69864d2a,KO/TKO,1,245.0,,3,assumed_three_round_early_finish,False,True,False,False
development,2023-07-15,c9885b1b7c7055a0,3352c65f3f6d9b2a,S-DEC,3,900.0,,3,inferred_from_decision_duration,False,True,True,False
development,2023-07-22,1174782eacde9b0c,d918da575ee1bc35,SUB,1,206.0,,3,assumed_three_round_early_finish,False,True,False,False
development,2023-07-22,1174782eacde9b0c,c81d1facf185467d,U-DEC,3,900.0,,3,inferred_from_decision_duration,False,True,True,False
development,2023-07-22,1174782eacde9b0c,a8a4c9f98ff73839,U-DEC,3,900.0,,3,inferred_from_decision_duration,False,True,True,False
development,2023-07-22,1174782eacde9b0c,a0bc695b35f155f1,U-DEC,3,900.0,,3,inferred_from_decision_duration,False,True,True,False
development,2023-07-22,1174782eacde9b0c,8b341eb556c97c23,U-DEC,3,900.0,,3,inferred_from_decision_duration,False,True,True,False
development,2023-07-22,1174782eacde9b0c,89b96bc5f3e824c5,U-DEC,3,900.0,,3,inferred_from_decision_duration,False,True,True,False
development,2023-07-22,1174782eacde9b0c,319b96f615a0a154,SUB,2,566.0,,3,assumed_three_round_early_finish,False,True,False,False
development,2023-07-22,1174782eacde9b0c,d54ebd2a3435a357,KO/TKO,2,597.0,,3,assumed_three_round_early_finish,False,True,False,False
development,2023-07-22,1174782eacde9b0c,b4e2037f180c1e0e,S-DEC,3,900.0,,3,inferred_from_decision_duration,False,True,True,False
development,2023-07-22,1174782eacde9b0c,3c4305abc2e302d0,U-DEC,3,900.0,,3,inferred_from_decision_duration,False,True,True,False
development,2023-07-22,1174782eacde9b0c,c4caa8a4f32a0eed,U-DEC,3,900.0,,3,inferred_from_decision_duration,False,True,True,False
development,2023-07-22,1174782eacde9b0c,8104fe27bdc46914,KO/TKO,2,580.0,,3,assumed_three_round_early_finish,False,True,False,False
development,2023-07-22,1174782eacde9b0c,9541cf21e031354c,U-DEC,3,900.0,,3,inferred_from_decision_duration,False,True,True,False
development,2023-07-22,1174782eacde9b0c,743a04674ab72ee0,SUB,1,115.0,,3,assumed_three_round_early_finish,False,True,False,False
development,2023-07-22,1174782eacde9b0c,90e46589a18064bc,KO/TKO,1,73.0,,3,assumed_three_round_early_finish,False,True,False,False
development,2023-07-29,ccd58ff71e260ed5,74fef059e229d217,SUB,3,731.0,,3,assumed_three_round_early_finish,False,True,False,False
development,2023-07-29,ccd58ff71e260ed5,3de326b65aa6245d,KO/TKO,3,756.0,,3,assumed_three_round_early_finish,False,True,False,False
development,2023-07-29,ccd58ff71e260ed5,7a8f218c07347c88,SUB,2,457.0,,3,assumed_three_round_early_finish,False,True,False,False
development,2023-07-29,ccd58ff71e260ed5,5116f9398bfca446,KO/TKO,2,333.0,,3,assumed_three_round_early_finish,False,True,False,False
development,2023-07-29,ccd58ff71e260ed5,e5ac7343b6d45188,U-DEC,3,900.0,,3,inferred_from_decision_duration,False,True,True,False
development,2023-07-29,ccd58ff71e260ed5,4327fe98e1b6f222,SUB,1,73.0,,3,assumed_three_round_early_finish,False,True,False,False
development,2023-07-29,ccd58ff71e260ed5,cbf1e76186a0c8b3,SUB,1,159.0,,3,assumed_three_round_early_finish,False,True,False,False
development,2023-07-29,ccd58ff71e260ed5,f1eca70738ca073e,SUB,3,894.0,,3,assumed_three_round_early_finish,False,True,False,False
development,2023-07-29,ccd58ff71e260ed5,eff6ec2b2f1fb27b,KO/TKO,1,33.0,,3,assumed_three_round_early_finish,False,True,False,False
development,2023-07-29,ccd58ff71e260ed5,800a35b3a7e52308,S-DEC,3,900.0,,3,inferred_from_decision_duration,False,True,True,False
development,2023-07-29,ccd58ff71e260ed5,c27e33ee8ef53866,KO/TKO,2,360.0,,3,assumed_three_round_early_finish,False,True,False,False
development,2023-08-05,6f81b6de2557739a,6b5c225814a924ed,SUB,2,491.0,,3,assumed_three_round_early_finish,False,True,False,False
development,2023-08-05,6f81b6de2557739a,436a1ce6b0c6b4bb,U-DEC,3,900.0,,3,inferred_from_decision_duration,False,True,True,False
development,2023-08-05,6f81b6de2557739a,38901948cff43ff9,U-DEC,3,900.0,,3,inferred_from_decision_duration,False,True,True,False
development,2023-08-05,6f81b6de2557739a,1b0d5e65fdfc62cf,U-DEC,3,900.0,,3,inferred_from_decision_duration,False,True,True,False
development,2023-08-05,6f81b6de2557739a,bda7992779a005fa,SUB,3,710.0,,3,assumed_three_round_early_finish,False,True,False,False
development,2023-08-05,6f81b6de2557739a,e5cb9dfc1189d77d,U-DEC,3,900.0,,3,inferred_from_decision_duration,False,True,True,False
development,2023-08-05,6f81b6de2557739a,531ce3d8011fa1f6,U-DEC,3,900.0,,3,inferred_from_decision_duration,False,True,True,False
development,2023-08-05,6f81b6de2557739a,2c0496a5f39ab8a4,U-DEC,3,900.0,,3,inferred_from_decision_duration,False,True,True,False
development,2023-08-05,6f81b6de2557739a,79bfba62da6242a6,SUB,1,98.0,,3,assumed_three_round_early_finish,False,True,False,False
development,2023-08-05,6f81b6de2557739a,2c54be25b09fce50,KO/TKO,1,82.0,,3,assumed_three_round_early_finish,False,True,False,False
development,2023-08-05,6f81b6de2557739a,ec2358459ffbe7de,SUB,2,391.0,,3,assumed_three_round_early_finish,False,True,False,False
development,2023-08-05,6f81b6de2557739a,554163b1c8c05522,U-DEC,5,1500.0,,5,inferred_from_decision_duration,True,False,True,False
development,2023-08-12,d2fa318f34d0aadc,e3573545220ca4ea,KO/TKO,1,221.0,,3,assumed_three_round_early_finish,False,True,False,False
development,2023-08-12,d2fa318f34d0aadc,91a5480f48bfaa71,SUB,1,227.0,,3,assumed_three_round_early_finish,False,True,False,False
development,2023-08-12,d2fa318f34d0aadc,ca2aa660bea0cb60,KO/TKO,3,821.0,,3,assumed_three_round_early_finish,False,True,False,False
development,2023-08-12,d2fa318f34d0aadc,d5929b7fbc801ce4,SUB,1,251.0,,3,assumed_three_round_early_finish,False,True,False,False
development,2023-08-12,d2fa318f34d0aadc,9479ba3cdcb1e513,KO/TKO,1,288.0,,3,assumed_three_round_early_finish,False,True,False,False
development,2023-08-12,d2fa318f34d0aadc,9576d9cba5cf5c4e,KO/TKO,1,85.0,,3,assumed_three_round_early_finish,False,True,False,False
development,2023-08-12,d2fa318f34d0aadc,2c160a1d1fdbf0b0,KO/TKO,1,139.0,,3,assumed_three_round_early_finish,False,True,False,False
development,2023-08-12,d2fa318f34d0aadc,9a9479663bedf8b4,U-DEC,3,900.0,,3,inferred_from_decision_duration,False,True,True,False
development,2023-08-12,d2fa318f34d0aadc,560a971c6ab8b854,U-DEC,3,900.0,,3,inferred_from_decision_duration,False,True,True,False
development,2023-08-12,d2fa318f34d0aadc,c2f730cb33df5221,SUB,2,522.0,,3,assumed_three_round_early_finish,False,True,False,False
development,2023-08-12,d2fa318f34d0aadc,c57a4810c932b296,KO/TKO,1,160.0,,3,assumed_three_round_early_finish,False,True,False,False
development,2023-08-12,d2fa318f34d0aadc,1b1fd32485861655,U-DEC,3,900.0,,3,inferred_from_decision_duration,False,True,True,False
development,2023-08-12,d2fa318f34d0aadc,e346f2b7af63e804,U-DEC,5,1500.0,,5,inferred_from_decision_duration,True,False,True,False
development,2023-08-19,2719f300b0439039,f329bd89e375d6df,SUB,1,299.0,,3,assumed_three_round_early_finish,False,True,False,False
development,2023-08-19,2719f300b0439039,8c7b5b21b3532027,U-DEC,3,900.0,,3,inferred_from_decision_duration,False,True,True,False
development,2023-08-19,2719f300b0439039,9f7c28381b6913c8,S-DEC,3,900.0,,3,inferred_from_decision_duration,False,True,True,False
development,2023-08-19,2719f300b0439039,e9754f597ec50f6f,U-DEC,3,900.0,,3,inferred_from_decision_duration,False,True,True,False
development,2023-08-19,2719f300b0439039,62d53ad8f8769666,SUB,2,459.0,,3,assumed_three_round_early_finish,False,True,False,False
development,2023-08-19,2719f300b0439039,f995ed679ef8bdf4,KO/TKO,1,103.0,,3,assumed_three_round_early_finish,False,True,False,False
development,2023-08-19,2719f300b0439039,1a95cc401f68f4c8,U-DEC,3,900.0,,3,inferred_from_decision_duration,False,True,True,False
development,2023-08-19,2719f300b0439039,621e6f0929a3dbfc,U-DEC,3,900.0,,3,inferred_from_decision_duration,False,True,True,False
development,2023-08-19,2719f300b0439039,fd4d30036a3f3efb,U-DEC,3,900.0,,3,inferred_from_decision_duration,False,True,True,False
development,2023-08-19,2719f300b0439039,78d2c01dc963f204,U-DEC,3,900.0,,3,inferred_from_decision_duration,False,True,True,False
development,2023-08-19,2719f300b0439039,845e38dfbfea6e53,U-DEC,5,1500.0,,5,inferred_from_decision_duration,True,False,True,False
development,2023-08-19,2719f300b0439039,ee796ecb4ee8680b,KO/TKO,2,351.0,,3,assumed_three_round_early_finish,False,True,False,False
development,2023-08-26,89a407032911e27e,b65b37c0e00074d9,U-DEC,3,900.0,,3,inferred_from_decision_duration,False,True,True,False
development,2023-08-26,89a407032911e27e,23865dfc8361ac62,KO/TKO,2,589.0,,3,assumed_three_round_early_finish,False,True,False,False
development,2023-08-26,89a407032911e27e,977250a28d3b8a3f,KO/TKO,1,229.0,,3,assumed_three_round_early_finish,False,True,False,False
development,2023-08-26,89a407032911e27e,da6b863cf684e0ae,U-DEC,3,900.0,,3,inferred_from_decision_duration,False,True,True,False
development,2023-08-26,89a407032911e27e,293c5f4c9aca5c54,KO/TKO,1,256.0,,3,assumed_three_round_early_finish,False,True,False,False
development,2023-08-26,89a407032911e27e,48231fbd1af53674,KO/TKO,1,256.0,,3,assumed_three_round_early_finish,False,True,False,False
development,2023-08-26,89a407032911e27e,bfc9989751bd0d04,KO/TKO,1,181.0,,3,assumed_three_round_early_finish,False,True,False,False
development,2023-08-26,89a407032911e27e,f7bc845ce74f5fe7,KO/TKO,1,84.0,,3,assumed_three_round_early_finish,False,True,False,False
development,2023-08-26,89a407032911e27e,5531317352862978,U-DEC,3,900.0,,3,inferred_from_decision_duration,False,True,True,False
development,2023-08-26,89a407032911e27e,de89bea7b0dcd2d3,U-DEC,3,900.0,,3,inferred_from_decision_duration,False,True,True,False
development,2023-08-26,89a407032911e27e,dd617f6ab4916ec4,U-DEC,3,900.0,,3,inferred_from_decision_duration,False,True,True,False
development,2023-08-26,89a407032911e27e,c53b0f678fe2f16a,S-DEC,3,900.0,,3,inferred_from_decision_duration,False,True,True,False
development,2023-08-26,89a407032911e27e,96704d7ba3a452d9,KO/TKO,3,623.0,,3,assumed_three_round_early_finish,False,True,False,False
development,2023-09-02,ef61d9f5176b3200,2a48d0a98c21e736,U-DEC,3,900.0,,3,inferred_from_decision_duration,False,True,True,False
development,2023-09-02,ef61d9f5176b3200,ac73c6888ee9322c,SUB,1,255.0,,3,assumed_three_round_early_finish,False,True,False,False
development,2023-09-02,ef61d9f5176b3200,e3a5a7ede88a2555,U-DEC,3,900.0,,3,inferred_from_decision_duration,False,True,True,False
development,2023-09-02,ef61d9f5176b3200,1be27d95bba03f17,U-DEC,3,900.0,,3,inferred_from_decision_duration,False,True,True,False
development,2023-09-02,ef61d9f5176b3200,1b9a127f9dadaad9,U-DEC,3,900.0,,3,inferred_from_decision_duration,False,True,True,False
development,2023-09-02,ef61d9f5176b3200,0d41a3fa5efef91b,KO/TKO,1,231.0,,3,assumed_three_round_early_finish,False,True,False,False
development,2023-09-02,ef61d9f5176b3200,1c29c53ff032c5c1,KO/TKO,3,740.0,,3,assumed_three_round_early_finish,False,True,False,False
development,2023-09-02,ef61d9f5176b3200,5098d052525da54f,SUB,1,226.0,,3,assumed_three_round_early_finish,False,True,False,False
development,2023-09-02,ef61d9f5176b3200,dfa8fd0b82b37fa1,KO/TKO,2,584.0,,3,assumed_three_round_early_finish,False,True,False,False
development,2023-09-02,ef61d9f5176b3200,4eaf54ad3c82b6fa,U-DEC,3,900.0,,3,inferred_from_decision_duration,False,True,True,False
development,2023-09-02,ef61d9f5176b3200,ea006bae605e2a6b,KO/TKO,2,524.0,,3,assumed_three_round_early_finish,False,True,False,False
development,2023-09-09,ece280745f8727b8,65c89e0c92e51bb8,SUB,1,289.0,,3,assumed_three_round_early_finish,False,True,False,False
development,2023-09-09,ece280745f8727b8,5d481ff494bf40da,SUB,1,59.0,,3,assumed_three_round_early_finish,False,True,False,False
development,2023-09-09,ece280745f8727b8,56809feb4fe7ea61,U-DEC,3,900.0,,3,inferred_from_decision_duration,False,True,True,False
development,2023-09-09,ece280745f8727b8,bfff5a3777841344,U-DEC,3,900.0,,3,inferred_from_decision_duration,False,True,True,False
development,2023-09-09,ece280745f8727b8,0aae15358d8606b9,U-DEC,3,900.0,,3,inferred_from_decision_duration,False,True,True,False
development,2023-09-09,ece280745f8727b8,09a7f0979a58e6ea,KO/TKO,2,499.0,,3,assumed_three_round_early_finish,False,True,False,False
development,2023-09-09,ece280745f8727b8,a3d75cc363a6544b,SUB,3,889.0,,3,assumed_three_round_early_finish,False,True,False,False
development,2023-09-09,ece280745f8727b8,3e1c27f17433f9e4,KO/TKO,1,132.0,,3,assumed_three_round_early_finish,False,True,False,False
development,2023-09-09,ece280745f8727b8,f9d2137f380e66bf,KO/TKO,1,82.0,,3,assumed_three_round_early_finish,False,True,False,False
development,2023-09-09,ece280745f8727b8,222bb2c67a87d312,U-DEC,3,900.0,,3,inferred_from_decision_duration,False,True,True,False
development,2023-09-09,ece280745f8727b8,e4ed294e16e16d81,SUB,2,577.0,,3,assumed_three_round_early_finish,False,True,False,False
development,2023-09-09,ece280745f8727b8,7f16e7725245bb2d,U-DEC,5,1500.0,,5,inferred_from_decision_duration,True,False,True,False
development,2023-09-16,8fa2b06572365321,11318a7807cee8ca,U-DEC,3,900.0,,3,inferred_from_decision_duration,False,True,True,False
development,2023-09-16,8fa2b06572365321,58b2fdad7af9be02,KO/TKO,1,218.0,,3,assumed_three_round_early_finish,False,True,False,False
development,2023-09-16,8fa2b06572365321,bcec26b425194e40,U-DEC,3,900.0,,3,inferred_from_decision_duration,False,True,True,False
development,2023-09-16,8fa2b06572365321,7a0813ec0fadc84e,KO/TKO,2,584.0,,3,assumed_three_round_early_finish,False,True,False,False
development,2023-09-16,8fa2b06572365321,79f03eca3fe5cdb3,SUB,2,518.0,,3,assumed_three_round_early_finish,False,True,False,False
development,2023-09-16,8fa2b06572365321,a5d76e93a5052e3f,U-DEC,3,900.0,,3,inferred_from_decision_duration,False,True,True,False
development,2023-09-16,8fa2b06572365321,2e1435c160bfe8b2,SUB,2,506.0,,3,assumed_three_round_early_finish,False,True,False,False
development,2023-09-16,8fa2b06572365321,c0ca4c201d086ea8,KO/TKO,1,54.0,,3,assumed_three_round_early_finish,False,True,False,False
development,2023-09-16,8fa2b06572365321,697efaf0d162e877,S-DEC,3,900.0,,3,inferred_from_decision_duration,False,True,True,False
development,2023-09-23,c945adc22c2bfe8f,0732e6b6eb0a607d,S-DEC,3,900.0,,3,inferred_from_decision_duration,False,True,True,False
development,2023-09-23,c945adc22c2bfe8f,adb411b0f418ce33,U-DEC,3,900.0,,3,inferred_from_decision_duration,False,True,True,False
development,2023-09-23,c945adc22c2bfe8f,49ede01b061cfae3,U-DEC,3,900.0,,3,inferred_from_decision_duration,False,True,True,False
development,2023-09-23,c945adc22c2bfe8f,1496969c1497dc85,DQ,1,255.0,,3,assumed_three_round_early_finish,False,True,False,False
development,2023-09-23,c945adc22c2bfe8f,b3c7a5a97978d156,KO/TKO,3,675.0,,3,assumed_three_round_early_finish,False,True,False,False
development,2023-09-23,c945adc22c2bfe8f,6e1bf1b163b3aeab,SUB,1,192.0,,3,assumed_three_round_early_finish,False,True,False,False
development,2023-09-23,c945adc22c2bfe8f,bf647be41de365e4,SUB,2,572.0,,3,assumed_three_round_early_finish,False,True,False,False
development,2023-09-23,c945adc22c2bfe8f,d8335b728604b222,KO/TKO,2,462.0,,3,assumed_three_round_early_finish,False,True,False,False
development,2023-09-23,c945adc22c2bfe8f,da1b37edb8ccd3e6,U-DEC,3,900.0,,3,inferred_from_decision_duration,False,True,True,False
development,2023-09-23,c945adc22c2bfe8f,23a604f460289271,KO/TKO,2,423.0,,3,assumed_three_round_early_finish,False,True,False,False
development,2023-10-07,c8a49ff2acb6f3c5,cc4fcfede19bc196,U-DEC,3,900.0,,3,inferred_from_decision_duration,False,True,True,False
development,2023-10-07,c8a49ff2acb6f3c5,df146b0592259e5d,U-DEC,3,900.0,,3,inferred_from_decision_duration,False,True,True,False
development,2023-10-07,c8a49ff2acb6f3c5,5ee83e03aaff5fa1,U-DEC,3,900.0,,3,inferred_from_decision_duration,False,True,True,False
development,2023-10-07,c8a49ff2acb6f3c5,eb7b0a6f06dbdb4f,KO/TKO,1,280.0,,3,assumed_three_round_early_finish,False,True,False,False
development,2023-10-07,c8a49ff2acb6f3c5,b6a6ba08898f3b6a,U-DEC,3,900.0,,3,inferred_from_decision_duration,False,True,True,False
development,2023-10-07,c8a49ff2acb6f3c5,b638646fb297228d,U-DEC,3,900.0,,3,inferred_from_decision_duration,False,True,True,False
development,2023-10-07,c8a49ff2acb6f3c5,68095e551ff6bbfd,KO/TKO,1,156.0,,3,assumed_three_round_early_finish,False,True,False,False
development,2023-10-07,c8a49ff2acb6f3c5,eb76a5b76a68e4c4,U-DEC,3,900.0,,3,inferred_from_decision_duration,False,True,True,False
development,2023-10-07,c8a49ff2acb6f3c5,e966de63c8e6b1d5,SUB,2,425.0,,3,assumed_three_round_early_finish,False,True,False,False
development,2023-10-07,c8a49ff2acb6f3c5,1aa4c2fa5ffaff00,KO/TKO,1,33.0,,3,assumed_three_round_early_finish,False,True,False,False
development,2023-10-14,f3a078277b3b8ff4,85a130a4b655c8f5,U-DEC,3,900.0,,3,inferred_from_decision_duration,False,True,True,False
development,2023-10-14,f3a078277b3b8ff4,a74a8c1e0a49070d,U-DEC,3,900.0,,3,inferred_from_decision_duration,False,True,True,False
development,2023-10-14,f3a078277b3b8ff4,1ba282da76ca82ad,U-DEC,3,900.0,,3,inferred_from_decision_duration,False,True,True,False
development,2023-10-14,f3a078277b3b8ff4,7f7d2abc21f171ca,KO/TKO,1,20.0,,3,assumed_three_round_early_finish,False,True,False,False
development,2023-10-14,f3a078277b3b8ff4,5b7b5b01f4dcbd9c,U-DEC,3,900.0,,3,inferred_from_decision_duration,False,True,True,False
development,2023-10-14,f3a078277b3b8ff4,3a8af8ee23444b72,SUB,3,743.0,,3,assumed_three_round_early_finish,False,True,False,False
development,2023-10-14,f3a078277b3b8ff4,0197a61472fc351d,U-DEC,3,900.0,,3,inferred_from_decision_duration,False,True,True,False
development,2023-10-14,f3a078277b3b8ff4,6acd1c591170f597,KO/TKO,1,66.0,,3,assumed_three_round_early_finish,False,True,False,False
development,2023-10-14,f3a078277b3b8ff4,0d6d212fcdf47f2e,KO/TKO,2,446.0,,3,assumed_three_round_early_finish,False,True,False,False
development,2023-10-14,f3a078277b3b8ff4,751cf3d52fce1d1f,U-DEC,3,900.0,,3,inferred_from_decision_duration,False,True,True,False
development,2023-10-14,f3a078277b3b8ff4,824859c7580eb35b,U-DEC,5,1500.0,,5,inferred_from_decision_duration,True,False,True,False
development,2023-10-21,13a0fb8fbdafb54f,539732694ab2c8d6,U-DEC,3,900.0,,3,inferred_from_decision_duration,False,True,True,False
development,2023-10-21,13a0fb8fbdafb54f,18e5af00a8478a0e,U-DEC,3,900.0,,3,inferred_from_decision_duration,False,True,True,False
development,2023-10-21,13a0fb8fbdafb54f,b84c447bb74febe2,U-DEC,3,900.0,,3,inferred_from_decision_duration,False,True,True,False
development,2023-10-21,13a0fb8fbdafb54f,75c5f923f966b53b,KO/TKO,3,780.0,,3,assumed_three_round_early_finish,False,True,False,False
development,2023-10-21,13a0fb8fbdafb54f,43de9ff6064361e1,U-DEC,3,900.0,,3,inferred_from_decision_duration,False,True,True,False
development,2023-10-21,13a0fb8fbdafb54f,3c6fb6bf9b7afd40,U-DEC,3,900.0,,3,inferred_from_decision_duration,False,True,True,False
development,2023-10-21,13a0fb8fbdafb54f,e9256316716499b8,SUB,3,783.0,,3,assumed_three_round_early_finish,False,True,False,False
development,2023-10-21,13a0fb8fbdafb54f,ed3334d108b257a6,SUB,1,73.0,,3,assumed_three_round_early_finish,False,True,False,False
development,2023-10-21,13a0fb8fbdafb54f,7024385b5107bd4b,KO/TKO,1,127.0,,3,assumed_three_round_early_finish,False,True,False,False
development,2023-10-21,13a0fb8fbdafb54f,f23e9729b2b73c27,M-DEC,3,900.0,,3,inferred_from_decision_duration,False,True,True,False
development,2023-10-21,13a0fb8fbdafb54f,0ea435ddf02deb60,KO/TKO,1,186.0,,3,assumed_three_round_early_finish,False,True,False,False
development,2023-11-04,7c4ec656d8fcb867,3c69bed42893da75,S-DEC,3,900.0,,3,inferred_from_decision_duration,False,True,True,False
development,2023-11-04,7c4ec656d8fcb867,9e2bb8d5961b44d4,KO/TKO,2,434.0,,3,assumed_three_round_early_finish,False,True,False,False
development,2023-11-04,7c4ec656d8fcb867,7df5998eca143c04,U-DEC,3,900.0,,3,inferred_from_decision_duration,False,True,True,False
development,2023-11-04,7c4ec656d8fcb867,6532b71560ae39e0,KO/TKO,2,363.0,,3,assumed_three_round_early_finish,False,True,False,False
development,2023-11-04,7c4ec656d8fcb867,ff8f92cf8fb1b76c,KO/TKO,1,241.0,,3,assumed_three_round_early_finish,False,True,False,False
development,2023-11-04,7c4ec656d8fcb867,7d474fbf31894108,U-DEC,3,900.0,,3,inferred_from_decision_duration,False,True,True,False
development,2023-11-04,7c4ec656d8fcb867,119bc264e2bb9877,U-DEC,3,900.0,,3,inferred_from_decision_duration,False,True,True,False
development,2023-11-04,7c4ec656d8fcb867,3a81276a9641c6a1,KO/TKO,2,573.0,,3,assumed_three_round_early_finish,False,True,False,False
development,2023-11-04,7c4ec656d8fcb867,ac37849f627a79c4,U-DEC,5,1500.0,,5,inferred_from_decision_duration,True,False,True,False
development,2023-11-11,5a558ba1ff5e9121,1cf69de0eea46877,KO/TKO,1,49.0,,3,assumed_three_round_early_finish,False,True,False,False
development,2023-11-11,5a558ba1ff5e9121,8a0fc4624578a7e4,U-DEC,3,900.0,,3,inferred_from_decision_duration,False,True,True,False
development,2023-11-11,5a558ba1ff5e9121,57333b7bff20ece0,U-DEC,3,900.0,,3,inferred_from_decision_duration,False,True,True,False
development,2023-11-11,5a558ba1ff5e9121,4c025d1fff9e9fce,KO/TKO,1,282.0,,3,assumed_three_round_early_finish,False,True,False,False
development,2023-11-11,5a558ba1ff5e9121,480c4dbd2e792d86,SUB,1,188.0,,3,assumed_three_round_early_finish,False,True,False,False
development,2023-11-11,5a558ba1ff5e9121,a0362d60d2e1db0d,S-DEC,3,900.0,,3,inferred_from_decision_duration,False,True,True,False
development,2023-11-11,5a558ba1ff5e9121,5704e73f91b9e7f7,U-DEC,3,900.0,,3,inferred_from_decision_duration,False,True,True,False
development,2023-11-11,5a558ba1ff5e9121,128ab9aa4802c73f,KO/TKO,1,90.0,,3,assumed_three_round_early_finish,False,True,False,False
development,2023-11-11,5a558ba1ff5e9121,9fe98de1eac21f2e,KO/TKO,1,91.0,,3,assumed_three_round_early_finish,False,True,False,False
development,2023-11-11,5a558ba1ff5e9121,6fd67582d8adb1c7,KO/TKO,2,495.0,,3,assumed_three_round_early_finish,False,True,False,False
development,2023-11-11,5a558ba1ff5e9121,db49619221b282af,KO/TKO,1,69.0,,3,assumed_three_round_early_finish,False,True,False,False
development,2023-11-11,5a558ba1ff5e9121,b1f2ec122beda7a5,KO/TKO,2,548.0,,3,assumed_three_round_early_finish,False,True,False,False
development,2023-11-18,3feed7d02711d8b7,9abf0b60a44a82d1,U-DEC,3,900.0,,3,inferred_from_decision_duration,False,True,True,False
development,2023-11-18,3feed7d02711d8b7,6997693d552600dd,U-DEC,3,900.0,,3,inferred_from_decision_duration,False,True,True,False
development,2023-11-18,3feed7d02711d8b7,f0fe73e650b746f2,KO/TKO,1,91.0,,3,assumed_three_round_early_finish,False,True,False,False
development,2023-11-18,3feed7d02711d8b7,36f10b949b935b8c,U-DEC,3,900.0,,3,inferred_from_decision_duration,False,True,True,False
development,2023-11-18,3feed7d02711d8b7,16109688429c09de,KO/TKO,2,564.0,,3,assumed_three_round_early_finish,False,True,False,False
development,2023-11-18,3feed7d02711d8b7,c1aef0f60a5b62e3,SUB,3,889.0,,3,assumed_three_round_early_finish,False,True,False,False
development,2023-11-18,3feed7d02711d8b7,62b64802ea49e2fd,SUB,2,534.0,,3,assumed_three_round_early_finish,False,True,False,False
development,2023-11-18,3feed7d02711d8b7,b210b99d9c1c9196,SUB,2,552.0,,3,assumed_three_round_early_finish,False,True,False,False
development,2023-11-18,3feed7d02711d8b7,bd4d2522cb0d1a23,KO/TKO,3,833.0,,3,assumed_three_round_early_finish,False,True,False,False
development,2023-11-18,3feed7d02711d8b7,2ae243f518948794,SUB,3,658.0,,3,assumed_three_round_early_finish,False,True,False,False
development,2023-11-18,3feed7d02711d8b7,5be63144ac46f97e,SUB,1,178.0,,3,assumed_three_round_early_finish,False,True,False,False
development,2023-11-18,3feed7d02711d8b7,73ebbfb998edc1f1,U-DEC,3,900.0,,3,inferred_from_decision_duration,False,True,True,False
development,2023-11-18,3feed7d02711d8b7,7990b6716a53b2cd,SUB,3,638.0,,3,assumed_three_round_early_finish,False,True,False,False
development,2023-12-02,53e4e21f4c688801,d0ac2cc5c57c4e66,S-DEC,3,900.0,,3,inferred_from_decision_duration,False,True,True,False
development,2023-12-02,53e4e21f4c688801,32813f5f46f045e8,SUB,2,371.0,,3,assumed_three_round_early_finish,False,True,False,False
development,2023-12-02,53e4e21f4c688801,0dc2fc8d39e226a3,KO/TKO,2,557.0,,3,assumed_three_round_early_finish,False,True,False,False
development,2023-12-02,53e4e21f4c688801,d0602cdc04d2c159,KO/TKO,1,101.0,,3,assumed_three_round_early_finish,False,True,False,False
development,2023-12-02,53e4e21f4c688801,0320a6a967069571,KO/TKO,1,109.0,,3,assumed_three_round_early_finish,False,True,False,False
development,2023-12-02,53e4e21f4c688801,626c82ed45fdcf59,SUB,3,675.0,,3,assumed_three_round_early_finish,False,True,False,False
development,2023-12-02,53e4e21f4c688801,02713b2d25f74d43,SUB,2,550.0,,3,assumed_three_round_early_finish,False,True,False,False
development,2023-12-02,53e4e21f4c688801,20bfa549cb2cabe7,U-DEC,3,900.0,,3,inferred_from_decision_duration,False,True,True,False
development,2023-12-02,53e4e21f4c688801,39c4ae4624052f9f,SUB,3,703.0,,3,assumed_three_round_early_finish,False,True,False,False
development,2023-12-02,53e4e21f4c688801,246d06693b5ca1e8,U-DEC,3,900.0,,3,inferred_from_decision_duration,False,True,True,False
development,2023-12-02,53e4e21f4c688801,03eecf1926d9c77c,KO/TKO,1,169.0,,3,assumed_three_round_early_finish,False,True,False,False
development,2023-12-02,53e4e21f4c688801,9feb9500b0fedfcd,KO/TKO,1,64.0,,3,assumed_three_round_early_finish,False,True,False,False
development,2023-12-09,5ef0088c1b19beeb,acde7c89bd724af8,S-DEC,3,900.0,,3,inferred_from_decision_duration,False,True,True,False
development,2023-12-09,5ef0088c1b19beeb,84f6de7c99779e5f,KO/TKO,2,355.0,,3,assumed_three_round_early_finish,False,True,False,False
development,2023-12-09,5ef0088c1b19beeb,5a6e894e4b6cc703,U-DEC,3,900.0,,3,inferred_from_decision_duration,False,True,True,False
development,2023-12-09,5ef0088c1b19beeb,5ac1725f775c6f00,KO/TKO,2,361.0,,3,assumed_three_round_early_finish,False,True,False,False
development,2023-12-09,5ef0088c1b19beeb,35addc4646509286,KO/TKO,2,539.0,,3,assumed_three_round_early_finish,False,True,False,False
development,2023-12-09,5ef0088c1b19beeb,3adab28c5c6a9254,U-DEC,3,900.0,,3,inferred_from_decision_duration,False,True,True,False
development,2023-12-09,5ef0088c1b19beeb,1afc4f372a125c74,S-DEC,3,900.0,,3,inferred_from_decision_duration,False,True,True,False
development,2023-12-09,5ef0088c1b19beeb,fbedeb4e4b019b94,SUB,1,242.0,,3,assumed_three_round_early_finish,False,True,False,False
development,2023-12-09,5ef0088c1b19beeb,acc57a9c114b694a,KO/TKO,1,104.0,,3,assumed_three_round_early_finish,False,True,False,False
development,2023-12-09,5ef0088c1b19beeb,91093a019d32af2e,KO/TKO,3,656.0,,3,assumed_three_round_early_finish,False,True,False,False
development,2023-12-09,5ef0088c1b19beeb,f9ec8bedc15ece93,U-DEC,5,1500.0,,5,inferred_from_decision_duration,True,False,True,False
development,2023-12-16,a8e8587a06e73c87,fce6522f42b48f18,KO/TKO,2,356.0,,3,assumed_three_round_early_finish,False,True,False,False
development,2023-12-16,a8e8587a06e73c87,abb6e2169ba580d2,KO/TKO,1,212.0,,3,assumed_three_round_early_finish,False,True,False,False
development,2023-12-16,a8e8587a06e73c87,4ec249e549309b16,SUB,2,565.0,,3,assumed_three_round_early_finish,False,True,False,False
development,2023-12-16,a8e8587a06e73c87,c442899c21d58779,SUB,2,378.0,,3,assumed_three_round_early_finish,False,True,False,False
development,2023-12-16,a8e8587a06e73c87,f8a8871d167fc929,KO/TKO,1,222.0,,3,assumed_three_round_early_finish,False,True,False,False
development,2023-12-16,a8e8587a06e73c87,609d994bfe440ec3,U-DEC,3,900.0,,3,inferred_from_decision_duration,False,True,True,False
development,2023-12-16,a8e8587a06e73c87,521a0e016878d174,U-DEC,3,900.0,,3,inferred_from_decision_duration,False,True,True,False
development,2023-12-16,a8e8587a06e73c87,3b21a9f48bac4a44,KO/TKO,1,117.0,,3,assumed_three_round_early_finish,False,True,False,False
development,2023-12-16,a8e8587a06e73c87,ac8628d945a78b03,U-DEC,3,900.0,,3,inferred_from_decision_duration,False,True,True,False
development,2023-12-16,a8e8587a06e73c87,1efc813ccd7a5aba,SUB,2,596.0,,3,assumed_three_round_early_finish,False,True,False,False
development,2023-12-16,a8e8587a06e73c87,4896b36f1333d25c,U-DEC,5,1500.0,,5,inferred_from_decision_duration,True,False,True,False
development,2023-12-16,a8e8587a06e73c87,3fa8ee3fdc04fe36,U-DEC,5,1500.0,,5,inferred_from_decision_duration,True,False,True,False
development,2024-01-13,010986ee359fb863,fd29123ff92789e4,KO/TKO,2,571.0,,3,assumed_three_round_early_finish,False,True,False,False
development,2024-01-13,010986ee359fb863,5344e76e26503716,KO/TKO,1,63.0,,3,assumed_three_round_early_finish,False,True,False,False
development,2024-01-13,010986ee359fb863,0494ebcee93e717b,KO/TKO,1,252.0,,3,assumed_three_round_early_finish,False,True,False,False
development,2024-01-13,010986ee359fb863,477c3b9de012e4b3,U-DEC,3,900.0,,3,inferred_from_decision_duration,False,True,True,False
development,2024-01-13,010986ee359fb863,03de7404decde12f,KO/TKO,2,509.0,,3,assumed_three_round_early_finish,False,True,False,False
development,2024-01-13,010986ee359fb863,5f622d812b8f407f,U-DEC,3,900.0,,3,inferred_from_decision_duration,False,True,True,False
development,2024-01-13,010986ee359fb863,6f13fe34cb3ca906,U-DEC,3,900.0,,3,inferred_from_decision_duration,False,True,True,False
development,2024-01-13,010986ee359fb863,d0d99889c6abd8e1,KO/TKO,1,295.0,,3,assumed_three_round_early_finish,False,True,False,False
development,2024-01-13,010986ee359fb863,a8239866e1222eae,U-DEC,3,900.0,,3,inferred_from_decision_duration,False,True,True,False
development,2024-01-13,010986ee359fb863,640f2ae3995b3b4f,SUB,3,805.0,,3,assumed_three_round_early_finish,False,True,False,False
development,2024-01-13,010986ee359fb863,f2b407019b2a5c15,KO/TKO,2,462.0,,3,assumed_three_round_early_finish,False,True,False,False
development,2024-01-20,bd85ca0bb4f26cfc,ab105e5a56b5ee90,SUB,2,377.0,,3,assumed_three_round_early_finish,False,True,False,False
development,2024-01-20,bd85ca0bb4f26cfc,7736eb6bd5c1ff4a,SUB,3,861.0,,3,assumed_three_round_early_finish,False,True,False,False
development,2024-01-20,bd85ca0bb4f26cfc,a10e2d5416972b9c,SUB,1,123.0,,3,assumed_three_round_early_finish,False,True,False,False
development,2024-01-20,bd85ca0bb4f26cfc,dff2685afd98ed9e,KO/TKO,2,492.0,,3,assumed_three_round_early_finish,False,True,False,False
development,2024-01-20,bd85ca0bb4f26cfc,43d90683078fcee5,S-DEC,3,900.0,,3,inferred_from_decision_duration,False,True,True,False
development,2024-01-20,bd85ca0bb4f26cfc,331ddc1141e934d1,S-DEC,3,900.0,,3,inferred_from_decision_duration,False,True,True,False
development,2024-01-20,bd85ca0bb4f26cfc,670e4754d8d3d172,U-DEC,3,900.0,,3,inferred_from_decision_duration,False,True,True,False
development,2024-01-20,bd85ca0bb4f26cfc,1a7cd191f0cf160c,U-DEC,3,900.0,,3,inferred_from_decision_duration,False,True,True,False
development,2024-01-20,bd85ca0bb4f26cfc,ba5005d1116fa45f,S-DEC,3,900.0,,3,inferred_from_decision_duration,False,True,True,False
development,2024-01-20,bd85ca0bb4f26cfc,97817609ed46baa0,KO/TKO,3,885.0,,3,assumed_three_round_early_finish,False,True,False,False
development,2024-01-20,bd85ca0bb4f26cfc,faf15b752fb8924c,U-DEC,5,1500.0,,5,inferred_from_decision_duration,True,False,True,False
development,2024-01-20,bd85ca0bb4f26cfc,14e53999507c76a7,S-DEC,5,1500.0,,5,inferred_from_decision_duration,True,False,True,False
development,2024-02-03,cce79e827569f26e,df9847839c73a678,U-DEC,3,900.0,,3,inferred_from_decision_duration,False,True,True,False
development,2024-02-03,cce79e827569f26e,e396c509fb47b037,U-DEC,3,900.0,,3,inferred_from_decision_duration,False,True,True,False
development,2024-02-03,cce79e827569f26e,c28d40498150de90,KO/TKO,3,892.0,,3,assumed_three_round_early_finish,False,True,False,False
development,2024-02-03,cce79e827569f26e,e1930496b33fa636,U-DEC,3,900.0,,3,inferred_from_decision_duration,False,True,True,False
development,2024-02-03,cce79e827569f26e,4cff9aeef3ac75c1,KO/TKO,1,32.0,,3,assumed_three_round_early_finish,False,True,False,False
development,2024-02-03,cce79e827569f26e,ca7d61e167d7789c,U-DEC,3,900.0,,3,inferred_from_decision_duration,False,True,True,False
development,2024-02-03,cce79e827569f26e,d4ace70b3661ee6c,SUB,1,299.0,,3,assumed_three_round_early_finish,False,True,False,False
development,2024-02-03,cce79e827569f26e,330d86bfaa4155fe,KO/TKO,1,287.0,,3,assumed_three_round_early_finish,False,True,False,False
development,2024-02-03,cce79e827569f26e,7b1882dc76786d77,U-DEC,3,900.0,,3,inferred_from_decision_duration,False,True,True,False
development,2024-02-03,cce79e827569f26e,af6d56860ba4d259,KO/TKO,1,197.0,,3,assumed_three_round_early_finish,False,True,False,False
development,2024-02-03,cce79e827569f26e,733e675fd7c0052a,U-DEC,3,900.0,,3,inferred_from_decision_duration,False,True,True,False
development,2024-02-03,cce79e827569f26e,767ceb4a0cb43ade,M-DEC,5,1500.0,,5,inferred_from_decision_duration,True,False,True,False
development,2024-02-10,eaea0fc7b76525a8,478a637045ad49fb,KO/TKO,2,432.0,,3,assumed_three_round_early_finish,False,True,False,False
development,2024-02-10,eaea0fc7b76525a8,ad26bf55ff201f4f,KO/TKO,1,218.0,,3,assumed_three_round_early_finish,False,True,False,False
development,2024-02-10,eaea0fc7b76525a8,08f7a60bd84a6b3c,S-DEC,3,900.0,,3,inferred_from_decision_duration,False,True,True,False
development,2024-02-10,eaea0fc7b76525a8,dbfd7616dec2b6d5,U-DEC,3,900.0,,3,inferred_from_decision_duration,False,True,True,False
development,2024-02-10,eaea0fc7b76525a8,c3986c1a56a6e94d,U-DEC,3,900.0,,3,inferred_from_decision_duration,False,True,True,False
development,2024-02-10,eaea0fc7b76525a8,edf46d6962be7e8d,S-DEC,3,900.0,,3,inferred_from_decision_duration,False,True,True,False
development,2024-02-10,eaea0fc7b76525a8,246fef4b19c3a7ed,KO/TKO,2,543.0,,3,assumed_three_round_early_finish,False,True,False,False
development,2024-02-10,eaea0fc7b76525a8,9d8473ae274ed625,SUB,1,288.0,,3,assumed_three_round_early_finish,False,True,False,False
development,2024-02-10,eaea0fc7b76525a8,5304956aada097e8,U-DEC,3,900.0,,3,inferred_from_decision_duration,False,True,True,False
development,2024-02-10,eaea0fc7b76525a8,e7938bac3ec8b442,KO/TKO,3,655.0,,3,assumed_three_round_early_finish,False,True,False,False
development,2024-02-10,eaea0fc7b76525a8,17050a7b673dc49d,U-DEC,3,900.0,,3,inferred_from_decision_duration,False,True,True,False
development,2024-02-10,eaea0fc7b76525a8,25259e230be9cdc9,KO/TKO,1,163.0,,3,assumed_three_round_early_finish,False,True,False,False
development,2024-02-10,eaea0fc7b76525a8,406f2aacd1d1faf9,U-DEC,5,1500.0,,5,inferred_from_decision_duration,True,False,True,False
development,2024-02-17,dab0e6cb8c932162,b7d238437d6644ce,U-DEC,3,900.0,,3,inferred_from_decision_duration,False,True,True,False
development,2024-02-17,dab0e6cb8c932162,9ddaa62cc806958d,U-DEC,3,900.0,,3,inferred_from_decision_duration,False,True,True,False
development,2024-02-17,dab0e6cb8c932162,ef13ed466e0b42d8,KO/TKO,3,678.0,,3,assumed_three_round_early_finish,False,True,False,False
development,2024-02-17,dab0e6cb8c932162,aeb3e4d9710207a4,KO/TKO,1,101.0,,3,assumed_three_round_early_finish,False,True,False,False
development,2024-02-17,dab0e6cb8c932162,e92fb5c609e20b49,U-DEC,3,900.0,,3,inferred_from_decision_duration,False,True,True,False
development,2024-02-17,dab0e6cb8c932162,1456a3f96ac7e35b,KO/TKO,2,374.0,,3,assumed_three_round_early_finish,False,True,False,False
development,2024-02-17,dab0e6cb8c932162,2aeb3ec2d8c05dc8,U-DEC,3,900.0,,3,inferred_from_decision_duration,False,True,True,False
development,2024-02-17,dab0e6cb8c932162,f87a3fa07f0009c9,SUB,2,503.0,,3,assumed_three_round_early_finish,False,True,False,False
development,2024-02-17,dab0e6cb8c932162,9785420602b452f7,U-DEC,3,900.0,,3,inferred_from_decision_duration,False,True,True,False
development,2024-02-17,dab0e6cb8c932162,8fb0092430448368,S-DEC,3,900.0,,3,inferred_from_decision_duration,False,True,True,False
development,2024-02-17,dab0e6cb8c932162,01432891260084a4,U-DEC,3,900.0,,3,inferred_from_decision_duration,False,True,True,False
development,2024-02-17,dab0e6cb8c932162,bec3154a11df3299,KO/TKO,2,512.0,,3,assumed_three_round_early_finish,False,True,False,False
development,2024-02-24,902ab9197b83d0db,50dae6b76c9c6490,KO/TKO,1,44.0,,3,assumed_three_round_early_finish,False,True,False,False
development,2024-02-24,902ab9197b83d0db,93ddc6b233d1956a,S-DEC,3,900.0,,3,inferred_from_decision_duration,False,True,True,False
development,2024-02-24,902ab9197b83d0db,5e8c710f9f27aff8,SUB,2,599.0,,3,assumed_three_round_early_finish,False,True,False,False
development,2024-02-24,902ab9197b83d0db,a376f6d5806d0c90,S-DEC,3,900.0,,3,inferred_from_decision_duration,False,True,True,False
development,2024-02-24,902ab9197b83d0db,1c03c1bb62f3aed6,SUB,1,137.0,,3,assumed_three_round_early_finish,False,True,False,False
development,2024-02-24,902ab9197b83d0db,d1d3b6ab8a56e973,S-DEC,3,900.0,,3,inferred_from_decision_duration,False,True,True,False
development,2024-02-24,902ab9197b83d0db,063e7ce759c52f81,SUB,3,724.0,,3,assumed_three_round_early_finish,False,True,False,False
development,2024-02-24,902ab9197b83d0db,673a156925dfb31d,SUB,1,106.0,,3,assumed_three_round_early_finish,False,True,False,False
development,2024-02-24,902ab9197b83d0db,6e4acb2aaa2cee56,U-DEC,3,900.0,,3,inferred_from_decision_duration,False,True,True,False
development,2024-02-24,902ab9197b83d0db,ecbece0cbd60029e,U-DEC,3,900.0,,3,inferred_from_decision_duration,False,True,True,False
development,2024-02-24,902ab9197b83d0db,3b05a4ced6dd74f5,SUB,3,658.0,,3,assumed_three_round_early_finish,False,True,False,False
development,2024-02-24,902ab9197b83d0db,74f5cbecac011abb,S-DEC,5,1500.0,,5,inferred_from_decision_duration,True,False,True,False
development,2024-03-02,e4a9dbade7c7e1a7,ba8f219260e212f8,KO/TKO,3,649.0,,3,assumed_three_round_early_finish,False,True,False,False
development,2024-03-02,e4a9dbade7c7e1a7,4e566db7d26df001,KO/TKO,1,276.0,,3,assumed_three_round_early_finish,False,True,False,False
development,2024-03-02,e4a9dbade7c7e1a7,3ea7d69a1238f26a,KO/TKO,2,417.0,,3,assumed_three_round_early_finish,False,True,False,False
development,2024-03-02,e4a9dbade7c7e1a7,a7d397cd0f2ac93a,U-DEC,3,900.0,,3,inferred_from_decision_duration,False,True,True,False
development,2024-03-02,e4a9dbade7c7e1a7,cde2f88251b73305,KO/TKO,3,881.0,,3,assumed_three_round_early_finish,False,True,False,False
development,2024-03-02,e4a9dbade7c7e1a7,32bd7ed48f5aea7e,U-DEC,3,900.0,,3,inferred_from_decision_duration,False,True,True,False
development,2024-03-02,e4a9dbade7c7e1a7,024beecfd3f0ed7a,KO/TKO,2,326.0,,3,assumed_three_round_early_finish,False,True,False,False
development,2024-03-02,e4a9dbade7c7e1a7,dcf5014e56649c2f,U-DEC,3,900.0,,3,inferred_from_decision_duration,False,True,True,False
development,2024-03-02,e4a9dbade7c7e1a7,5a82757b553c40fc,U-DEC,3,900.0,,3,inferred_from_decision_duration,False,True,True,False
development,2024-03-02,e4a9dbade7c7e1a7,df3cc5ec78d05a71,U-DEC,3,900.0,,3,inferred_from_decision_duration,False,True,True,False
development,2024-03-02,e4a9dbade7c7e1a7,838fd9d2b14e0790,KO/TKO,4,1200.0,,5,inferred_five_round_late_finish,True,False,False,False
development,2024-03-09,a9df5ae20a97b090,3677ce6c1ee06a83,S-DEC,3,900.0,,3,inferred_from_decision_duration,False,True,True,False
development,2024-03-09,a9df5ae20a97b090,3d3dde60e3d59c1c,U-DEC,3,900.0,,3,inferred_from_decision_duration,False,True,True,False
development,2024-03-09,a9df5ae20a97b090,cbdf29f36b343f6f,KO/TKO,1,18.0,,3,assumed_three_round_early_finish,False,True,False,False
development,2024-03-09,a9df5ae20a97b090,f0a9dfbb6f6ac852,SUB,1,61.0,,3,assumed_three_round_early_finish,False,True,False,False
development,2024-03-09,a9df5ae20a97b090,7bc7af11050e861b,U-DEC,3,900.0,,3,inferred_from_decision_duration,False,True,True,False
development,2024-03-09,a9df5ae20a97b090,ebb758b49e82d0ed,U-DEC,3,900.0,,3,inferred_from_decision_duration,False,True,True,False
development,2024-03-09,a9df5ae20a97b090,8baff440b82afd2b,U-DEC,3,900.0,,3,inferred_from_decision_duration,False,True,True,False
development,2024-03-09,a9df5ae20a97b090,33658a3ca932d15d,U-DEC,3,900.0,,3,inferred_from_decision_duration,False,True,True,False
development,2024-03-09,a9df5ae20a97b090,0133019a4f1055ee,KO/TKO,2,336.0,,3,assumed_three_round_early_finish,False,True,False,False
development,2024-03-09,a9df5ae20a97b090,9861b6d04e6ed43c,U-DEC,3,900.0,,3,inferred_from_decision_duration,False,True,True,False
development,2024-03-09,a9df5ae20a97b090,68f7f992603192c6,KO/TKO,3,823.0,,3,assumed_three_round_early_finish,False,True,False,False
development,2024-03-09,a9df5ae20a97b090,270edfb687c0d20c,U-DEC,3,900.0,,3,inferred_from_decision_duration,False,True,True,False
development,2024-03-09,a9df5ae20a97b090,6e73ebbd089aff5e,KO/TKO,2,452.0,,3,assumed_three_round_early_finish,False,True,False,False
development,2024-03-09,a9df5ae20a97b090,894c44c3d04aaf6f,U-DEC,5,1500.0,,5,inferred_from_decision_duration,True,False,True,False
development,2024-03-16,c398235fcaf8d71d,f1cbd73e7be64d28,U-DEC,3,900.0,,3,inferred_from_decision_duration,False,True,True,False
development,2024-03-16,c398235fcaf8d71d,537b3cef39d2d573,KO/TKO,3,615.0,,3,assumed_three_round_early_finish,False,True,False,False
development,2024-03-16,c398235fcaf8d71d,66873dde4077bd5d,SUB,1,98.0,,3,assumed_three_round_early_finish,False,True,False,False
development,2024-03-16,c398235fcaf8d71d,c26f27667c230391,S-DEC,3,900.0,,3,inferred_from_decision_duration,False,True,True,False
development,2024-03-16,c398235fcaf8d71d,451df53c13185584,SUB,1,267.0,,3,assumed_three_round_early_finish,False,True,False,False
development,2024-03-16,c398235fcaf8d71d,711ec0545552455b,U-DEC,3,900.0,,3,inferred_from_decision_duration,False,True,True,False
development,2024-03-16,c398235fcaf8d71d,4f20f3ada1489823,SUB,2,403.0,,3,assumed_three_round_early_finish,False,True,False,False
development,2024-03-16,c398235fcaf8d71d,569e0ba18701c305,SUB,2,563.0,,3,assumed_three_round_early_finish,False,True,False,False
development,2024-03-16,c398235fcaf8d71d,2f414494f2b6f426,SUB,1,234.0,,3,assumed_three_round_early_finish,False,True,False,False
development,2024-03-16,c398235fcaf8d71d,acc7392d48cc09a0,S-DEC,3,900.0,,3,inferred_from_decision_duration,False,True,True,False
development,2024-03-16,c398235fcaf8d71d,35f9beb94b4ef9e2,S-DEC,3,900.0,,3,inferred_from_decision_duration,False,True,True,False
development,2024-03-16,c398235fcaf8d71d,8bc0c220f7dcefa7,SUB,1,248.0,,3,assumed_three_round_early_finish,False,True,False,False
development,2024-03-23,79ff6545b0abc685,3223b7e196a07224,U-DEC,3,900.0,,3,inferred_from_decision_duration,False,True,True,False
development,2024-03-23,79ff6545b0abc685,f4ea27d942a390a5,DQ,2,472.0,,3,assumed_three_round_early_finish,False,True,False,False
development,2024-03-23,79ff6545b0abc685,f1c3abce15ef053e,U-DEC,3,900.0,,3,inferred_from_decision_duration,False,True,True,False
development,2024-03-23,79ff6545b0abc685,0e6782b758451063,U-DEC,3,900.0,,3,inferred_from_decision_duration,False,True,True,False
development,2024-03-23,79ff6545b0abc685,48ff3f1bcefbf965,U-DEC,3,900.0,,3,inferred_from_decision_duration,False,True,True,False
development,2024-03-23,79ff6545b0abc685,8c8337ce8437fe2e,SUB,1,135.0,,3,assumed_three_round_early_finish,False,True,False,False
development,2024-03-23,79ff6545b0abc685,de7cb625bdec0f91,U-DEC,3,900.0,,3,inferred_from_decision_duration,False,True,True,False
development,2024-03-23,79ff6545b0abc685,a1294453a28beda3,SUB,1,165.0,,3,assumed_three_round_early_finish,False,True,False,False
development,2024-03-23,79ff6545b0abc685,72f123ddb4cc9d1c,SUB,2,410.0,,3,assumed_three_round_early_finish,False,True,False,False
development,2024-03-23,79ff6545b0abc685,127be512f86618b2,KO/TKO,2,321.0,,3,assumed_three_round_early_finish,False,True,False,False
development,2024-03-23,79ff6545b0abc685,d564e3a6c77d0c85,KO/TKO,1,273.0,,3,assumed_three_round_early_finish,False,True,False,False
development,2024-03-23,79ff6545b0abc685,cd6452a463ec8a28,U-DEC,3,900.0,,3,inferred_from_decision_duration,False,True,True,False
development,2024-03-23,79ff6545b0abc685,faf19712bd7ea41e,U-DEC,5,1500.0,,5,inferred_from_decision_duration,True,False,True,False
development,2024-03-30,dba230fe33011201,17e8ab0065e9085f,U-DEC,3,900.0,,3,inferred_from_decision_duration,False,True,True,False
development,2024-03-30,dba230fe33011201,ce33085fc5205bab,KO/TKO,2,339.0,,3,assumed_three_round_early_finish,False,True,False,False
development,2024-03-30,dba230fe33011201,697e38075fd41819,KO/TKO,3,692.0,,3,assumed_three_round_early_finish,False,True,False,False
development,2024-03-30,dba230fe33011201,f59cefe16905d62c,KO/TKO,3,622.0,,3,assumed_three_round_early_finish,False,True,False,False
development,2024-03-30,dba230fe33011201,976abc27a4e5e26a,KO/TKO,2,420.0,,3,assumed_three_round_early_finish,False,True,False,False
development,2024-03-30,dba230fe33011201,99dc6d45cbdfa322,U-DEC,3,900.0,,3,inferred_from_decision_duration,False,True,True,False
development,2024-03-30,dba230fe33011201,636b01ee49925e49,KO/TKO,1,283.0,,3,assumed_three_round_early_finish,False,True,False,False
development,2024-03-30,dba230fe33011201,eb9f9f61507497a5,S-DEC,3,900.0,,3,inferred_from_decision_duration,False,True,True,False
development,2024-03-30,dba230fe33011201,91aa08e910fb4412,KO/TKO,1,240.0,,3,assumed_three_round_early_finish,False,True,False,False
development,2024-03-30,dba230fe33011201,e30250daa73005a8,KO/TKO,1,198.0,,3,assumed_three_round_early_finish,False,True,False,False
development,2024-03-30,dba230fe33011201,77992b8727382373,U-DEC,3,738.0,,3,assumed_three_round_early_finish,False,True,True,False
development,2024-03-30,dba230fe33011201,de12349f334c964e,KO/TKO,2,497.0,,3,assumed_three_round_early_finish,False,True,False,False
development,2024-03-30,dba230fe33011201,e6d4fdad2b3422d1,U-DEC,5,1500.0,,5,inferred_from_decision_duration,True,False,True,False
development,2024-04-06,899eaba48fa864a6,1685eecc7ef37fb5,KO/TKO,2,486.0,,3,assumed_three_round_early_finish,False,True,False,False
development,2024-04-06,899eaba48fa864a6,3cf5e0ebb5f8322c,KO/TKO,2,433.0,,3,assumed_three_round_early_finish,False,True,False,False
development,2024-04-06,899eaba48fa864a6,1f7566c90343a680,SUB,2,599.0,,3,assumed_three_round_early_finish,False,True,False,False
development,2024-04-06,899eaba48fa864a6,5c3b8819dbe98114,U-DEC,3,900.0,,3,inferred_from_decision_duration,False,True,True,False
development,2024-04-06,899eaba48fa864a6,188e6416157e5a1f,U-DEC,3,900.0,,3,inferred_from_decision_duration,False,True,True,False
development,2024-04-06,899eaba48fa864a6,ff5a8078ea85bbc7,U-DEC,3,900.0,,3,inferred_from_decision_duration,False,True,True,False
development,2024-04-06,899eaba48fa864a6,0b9cd718d7e329e8,U-DEC,3,900.0,,3,inferred_from_decision_duration,False,True,True,False
development,2024-04-06,899eaba48fa864a6,47f8812a335b6ce9,U-DEC,3,900.0,,3,inferred_from_decision_duration,False,True,True,False
development,2024-04-06,899eaba48fa864a6,6ff21ea2c75c48ed,KO/TKO,1,214.0,,3,assumed_three_round_early_finish,False,True,False,False
development,2024-04-06,899eaba48fa864a6,32375b4435fea5e6,S-DEC,3,900.0,,3,inferred_from_decision_duration,False,True,True,False
development,2024-04-06,899eaba48fa864a6,9c22ddb8d8fc1838,S-DEC,3,900.0,,3,inferred_from_decision_duration,False,True,True,False
development,2024-04-06,899eaba48fa864a6,3ce96bb0c69b39be,S-DEC,5,1500.0,,5,inferred_from_decision_duration,True,False,True,False
development,2024-04-13,6750e338922a099d,3ab0d8b344d2ebea,SUB,2,542.0,,3,assumed_three_round_early_finish,False,True,False,False
development,2024-04-13,6750e338922a099d,efdad54c8550e6e0,U-DEC,3,900.0,,3,inferred_from_decision_duration,False,True,True,False
development,2024-04-13,6750e338922a099d,603afedc31d95999,S-DEC,3,900.0,,3,inferred_from_decision_duration,False,True,True,False
development,2024-04-13,6750e338922a099d,18824fa5c15c212f,KO/TKO,2,551.0,,3,assumed_three_round_early_finish,False,True,False,False
development,2024-04-13,6750e338922a099d,538ca98010ed00ec,KO/TKO,1,89.0,,3,assumed_three_round_early_finish,False,True,False,False
development,2024-04-13,6750e338922a099d,b1ac165326d8f29e,SUB,2,407.0,,3,assumed_three_round_early_finish,False,True,False,False
development,2024-04-13,6750e338922a099d,d95f21817a56eb05,U-DEC,3,900.0,,3,inferred_from_decision_duration,False,True,True,False
development,2024-04-13,6750e338922a099d,eda1e8c285a0a788,KO/TKO,2,497.0,,3,assumed_three_round_early_finish,False,True,False,False
development,2024-04-13,6750e338922a099d,0c2e3988793b418c,SUB,2,518.0,,3,assumed_three_round_early_finish,False,True,False,False
development,2024-04-13,6750e338922a099d,01f7c28804746979,S-DEC,3,900.0,,3,inferred_from_decision_duration,False,True,True,False
development,2024-04-13,6750e338922a099d,cf5e8f98159c3971,KO/TKO,5,1499.0,,5,inferred_five_round_late_finish,True,False,False,False
development,2024-04-13,6750e338922a099d,66eddbe35056c06d,U-DEC,5,1500.0,,5,inferred_from_decision_duration,True,False,True,False
development,2024-04-13,6750e338922a099d,e4931f3ab3bf4141,KO/TKO,1,194.0,,3,assumed_three_round_early_finish,False,True,False,False
development,2024-04-27,a16ce18149021139,0976778a6e6cf8a8,S-DEC,3,900.0,,3,inferred_from_decision_duration,False,True,True,False
development,2024-04-27,a16ce18149021139,1631f70535ae5dcc,SUB,3,689.0,,3,assumed_three_round_early_finish,False,True,False,False
development,2024-04-27,a16ce18149021139,0a85b3ad328205ff,SUB,1,273.0,,3,assumed_three_round_early_finish,False,True,False,False
development,2024-04-27,a16ce18149021139,4915c8a588513c22,U-DEC,3,900.0,,3,inferred_from_decision_duration,False,True,True,False
development,2024-04-27,a16ce18149021139,417049c7a3d65ccc,U-DEC,3,900.0,,3,inferred_from_decision_duration,False,True,True,False
development,2024-04-27,a16ce18149021139,681cd3cc6299d652,U-DEC,3,900.0,,3,inferred_from_decision_duration,False,True,True,False
development,2024-04-27,a16ce18149021139,55231cc4112334b4,KO/TKO,3,756.0,,3,assumed_three_round_early_finish,False,True,False,False
development,2024-04-27,a16ce18149021139,6ea77cb62aa2f276,KO/TKO,1,129.0,,3,assumed_three_round_early_finish,False,True,False,False
development,2024-04-27,a16ce18149021139,7ca5604d99220e88,U-DEC,3,900.0,,3,inferred_from_decision_duration,False,True,True,False
development,2024-04-27,a16ce18149021139,dae70ccdf9e7475e,KO/TKO,2,432.0,,3,assumed_three_round_early_finish,False,True,False,False
development,2024-04-27,a16ce18149021139,45de6d0b9cf5451c,U-DEC,3,900.0,,3,inferred_from_decision_duration,False,True,True,False
development,2024-04-27,a16ce18149021139,f41e83de703acf85,KO/TKO,2,496.0,,3,assumed_three_round_early_finish,False,True,False,False
development,2024-04-27,a16ce18149021139,a0cae57eae875820,KO/TKO,2,436.0,,3,assumed_three_round_early_finish,False,True,False,False
development,2024-05-04,981ab7a0576f76a0,fe0f1b418e6d3ecb,KO/TKO,2,395.0,,3,assumed_three_round_early_finish,False,True,False,False
development,2024-05-04,981ab7a0576f76a0,89db7aca37b87711,U-DEC,3,900.0,,3,inferred_from_decision_duration,False,True,True,False
development,2024-05-04,981ab7a0576f76a0,4661e9ca9354021e,U-DEC,3,900.0,,3,inferred_from_decision_duration,False,True,True,False
development,2024-05-04,981ab7a0576f76a0,b9de363e6b406853,KO/TKO,1,282.0,,3,assumed_three_round_early_finish,False,True,False,False
development,2024-05-04,981ab7a0576f76a0,2faf5b8d708f8e94,U-DEC,3,900.0,,3,inferred_from_decision_duration,False,True,True,False
development,2024-05-04,981ab7a0576f76a0,8a121f9c48f3773c,U-DEC,3,900.0,,3,inferred_from_decision_duration,False,True,True,False
development,2024-05-04,981ab7a0576f76a0,c84a29f426f1aab7,U-DEC,3,900.0,,3,inferred_from_decision_duration,False,True,True,False
development,2024-05-04,981ab7a0576f76a0,c456b1950208e0b2,KO/TKO,2,515.0,,3,assumed_three_round_early_finish,False,True,False,False
development,2024-05-04,981ab7a0576f76a0,2db0998b24c11ea0,KO/TKO,2,430.0,,3,assumed_three_round_early_finish,False,True,False,False
development,2024-05-04,981ab7a0576f76a0,3e74caa9fff4a5eb,SUB,1,54.0,,3,assumed_three_round_early_finish,False,True,False,False
development,2024-05-04,981ab7a0576f76a0,a8718a3419a11e15,SUB,1,120.0,,3,assumed_three_round_early_finish,False,True,False,False
development,2024-05-04,981ab7a0576f76a0,b3d88eaea611a4a8,U-DEC,3,900.0,,3,inferred_from_decision_duration,False,True,True,False
development,2024-05-04,981ab7a0576f76a0,3f419fce8ba8aa0e,U-DEC,5,1500.0,,5,inferred_from_decision_duration,True,False,True,False
development,2024-05-11,5dfe71ade71f3a4b,ccf3b6eda4c2a564,U-DEC,3,900.0,,3,inferred_from_decision_duration,False,True,True,False
development,2024-05-11,5dfe71ade71f3a4b,4b45f190122a1ce1,U-DEC,3,900.0,,3,inferred_from_decision_duration,False,True,True,False
development,2024-05-11,5dfe71ade71f3a4b,ec5d705232983b87,U-DEC,3,900.0,,3,inferred_from_decision_duration,False,True,True,False
development,2024-05-11,5dfe71ade71f3a4b,13d8d5cd83e5b57e,S-DEC,3,900.0,,3,inferred_from_decision_duration,False,True,True,False
development,2024-05-11,5dfe71ade71f3a4b,8d9bcbb48888a5a3,KO/TKO,1,37.0,,3,assumed_three_round_early_finish,False,True,False,False
development,2024-05-11,5dfe71ade71f3a4b,420a5e3b4010ebef,SUB,2,480.0,,3,assumed_three_round_early_finish,False,True,False,False
development,2024-05-11,5dfe71ade71f3a4b,e98eb6de29c62c9c,U-DEC,3,900.0,,3,inferred_from_decision_duration,False,True,True,False
development,2024-05-11,5dfe71ade71f3a4b,8aa07b6cc40f0cb2,U-DEC,3,900.0,,3,inferred_from_decision_duration,False,True,True,False
development,2024-05-11,5dfe71ade71f3a4b,6c67aa7063717a0c,KO/TKO,3,891.0,,3,assumed_three_round_early_finish,False,True,False,False
development,2024-05-11,5dfe71ade71f3a4b,a049c12f43914449,KO/TKO,1,12.0,,3,assumed_three_round_early_finish,False,True,False,False
development,2024-05-11,5dfe71ade71f3a4b,b78a222fb448aed4,U-DEC,3,900.0,,3,inferred_from_decision_duration,False,True,True,False
development,2024-05-11,5dfe71ade71f3a4b,6f0f84075fa1a4b0,KO/TKO,3,649.0,,3,assumed_three_round_early_finish,False,True,False,False
development,2024-05-18,46baf0f57edfa4df,069df63733dcf697,S-DEC,3,900.0,,3,inferred_from_decision_duration,False,True,True,False
development,2024-05-18,46baf0f57edfa4df,63605e9f3e71d738,U-DEC,3,900.0,,3,inferred_from_decision_duration,False,True,True,False
development,2024-05-18,46baf0f57edfa4df,28c6de749d0d0e9d,DQ,2,496.0,,3,assumed_three_round_early_finish,False,True,False,False
development,2024-05-18,46baf0f57edfa4df,fc2bdd67c1a056a4,U-DEC,3,900.0,,3,inferred_from_decision_duration,False,True,True,False
development,2024-05-18,46baf0f57edfa4df,3aea9c60d25fc93b,KO/TKO,3,637.0,,3,assumed_three_round_early_finish,False,True,False,False
development,2024-05-18,46baf0f57edfa4df,68ee31dd0853cdc9,SUB,1,223.0,,3,assumed_three_round_early_finish,False,True,False,False
development,2024-05-18,46baf0f57edfa4df,b5df5a0a0bda9256,KO/TKO,1,230.0,,3,assumed_three_round_early_finish,False,True,False,False
development,2024-05-18,46baf0f57edfa4df,2a43df4cc047a28b,SUB,2,552.0,,3,assumed_three_round_early_finish,False,True,False,False
development,2024-05-18,46baf0f57edfa4df,5dcade01fc840da6,KO/TKO,1,167.0,,3,assumed_three_round_early_finish,False,True,False,False
development,2024-05-18,46baf0f57edfa4df,20220ace492af368,U-DEC,3,900.0,,3,inferred_from_decision_duration,False,True,True,False
development,2024-05-18,46baf0f57edfa4df,85ddb65429a9d517,KO/TKO,1,90.0,,3,assumed_three_round_early_finish,False,True,False,False
development,2024-05-18,46baf0f57edfa4df,17aa636aa98678d3,U-DEC,5,1500.0,,5,inferred_from_decision_duration,True,False,True,False
development,2024-06-01,6e4acc2c115215b5,f1d3eec12662d8d7,S-DEC,3,900.0,,3,inferred_from_decision_duration,False,True,True,False
development,2024-06-01,6e4acc2c115215b5,2554b31a07f34e1a,U-DEC,3,900.0,,3,inferred_from_decision_duration,False,True,True,False
development,2024-06-01,6e4acc2c115215b5,7d9bb6fda0ea1ee0,U-DEC,3,900.0,,3,inferred_from_decision_duration,False,True,True,False
development,2024-06-01,6e4acc2c115215b5,b7575b0ec9f81741,U-DEC,3,900.0,,3,inferred_from_decision_duration,False,True,True,False
development,2024-06-01,6e4acc2c115215b5,cf306c4714530f31,U-DEC,3,900.0,,3,inferred_from_decision_duration,False,True,True,False
development,2024-06-01,6e4acc2c115215b5,c0af8cf5befb2dcf,SUB,1,147.0,,3,assumed_three_round_early_finish,False,True,False,False
development,2024-06-01,6e4acc2c115215b5,ee24be90a01f552e,S-DEC,3,900.0,,3,inferred_from_decision_duration,False,True,True,False
development,2024-06-01,6e4acc2c115215b5,fd2d814a8a23798f,U-DEC,3,900.0,,3,inferred_from_decision_duration,False,True,True,False
development,2024-06-01,6e4acc2c115215b5,b5d5b8e06ccb70a3,U-DEC,3,900.0,,3,inferred_from_decision_duration,False,True,True,False
development,2024-06-01,6e4acc2c115215b5,605c16fa5a803b15,SUB,1,94.0,,3,assumed_three_round_early_finish,False,True,False,False
development,2024-06-01,6e4acc2c115215b5,9e7538a788e6d789,S-DEC,5,1500.0,,5,inferred_from_decision_duration,True,False,True,False
development,2024-06-01,6e4acc2c115215b5,1a0031e2072f21b6,SUB,5,1362.0,,5,inferred_five_round_late_finish,True,False,False,False
development,2024-06-08,cba3a2dfbc06ce79,b20640f9b2634de1,S-DEC,3,900.0,,3,inferred_from_decision_duration,False,True,True,False
development,2024-06-08,cba3a2dfbc06ce79,753735b48b1c20b9,U-DEC,3,900.0,,3,inferred_from_decision_duration,False,True,True,False
development,2024-06-08,cba3a2dfbc06ce79,790a8cd528233e50,S-DEC,3,900.0,,3,inferred_from_decision_duration,False,True,True,False
development,2024-06-08,cba3a2dfbc06ce79,e976815e397c40e1,U-DEC,3,900.0,,3,inferred_from_decision_duration,False,True,True,False
development,2024-06-08,cba3a2dfbc06ce79,a91fdb21a7ff52e5,S-DEC,3,900.0,,3,inferred_from_decision_duration,False,True,True,False
development,2024-06-08,cba3a2dfbc06ce79,4c0adccb34c1d995,U-DEC,3,900.0,,3,inferred_from_decision_duration,False,True,True,False
development,2024-06-08,cba3a2dfbc06ce79,8afe89f5c451b372,KO/TKO,1,287.0,,3,assumed_three_round_early_finish,False,True,False,False
development,2024-06-08,cba3a2dfbc06ce79,251983e1bdae20fe,U-DEC,3,900.0,,3,inferred_from_decision_duration,False,True,True,False
development,2024-06-08,cba3a2dfbc06ce79,393f9bc7b51791a6,U-DEC,3,900.0,,3,inferred_from_decision_duration,False,True,True,False
development,2024-06-08,cba3a2dfbc06ce79,3b12094dd48c2dc5,KO/TKO,1,20.0,,3,assumed_three_round_early_finish,False,True,False,False
development,2024-06-08,cba3a2dfbc06ce79,dcc0c53100fa1dd2,KO/TKO,1,291.0,,3,assumed_three_round_early_finish,False,True,False,False
development,2024-06-08,cba3a2dfbc06ce79,b34abcfe4c2e8a57,SUB,2,442.0,,3,assumed_three_round_early_finish,False,True,False,False
development,2024-06-08,cba3a2dfbc06ce79,2d12ae4683bbf433,KO/TKO,1,120.0,,3,assumed_three_round_early_finish,False,True,False,False
development,2024-06-08,cba3a2dfbc06ce79,052f53e006b28132,KO/TKO,4,994.0,,5,inferred_five_round_late_finish,False,False,False,False
development,2024-06-15,9c5828c6fd9dc948,06713afc60301c0c,U-DEC,3,900.0,,3,inferred_from_decision_duration,False,True,True,False
development,2024-06-15,9c5828c6fd9dc948,94f5b35b2b6c72b1,SUB,3,710.0,,3,assumed_three_round_early_finish,False,True,False,False
development,2024-06-15,9c5828c6fd9dc948,e47523ac32bfa24c,SUB,1,109.0,,3,assumed_three_round_early_finish,False,True,False,False
development,2024-06-15,9c5828c6fd9dc948,19ef5890b20f903a,S-DEC,3,900.0,,3,inferred_from_decision_duration,False,True,True,False
development,2024-06-15,9c5828c6fd9dc948,6f31285305881fe3,U-DEC,3,900.0,,3,inferred_from_decision_duration,False,True,True,False
development,2024-06-15,9c5828c6fd9dc948,ab7bc93bdf4132c4,S-DEC,3,900.0,,3,inferred_from_decision_duration,False,True,True,False
development,2024-06-15,9c5828c6fd9dc948,3b1438e9ec64990e,U-DEC,3,900.0,,3,inferred_from_decision_duration,False,True,True,False
development,2024-06-15,9c5828c6fd9dc948,fea3a0643218e16b,SUB,3,712.0,,3,assumed_three_round_early_finish,False,True,False,False
development,2024-06-15,9c5828c6fd9dc948,78a7bf038e56881d,U-DEC,3,900.0,,3,inferred_from_decision_duration,False,True,True,False
development,2024-06-15,9c5828c6fd9dc948,6bdb93f9b4581bf6,U-DEC,3,900.0,,3,inferred_from_decision_duration,False,True,True,False
development,2024-06-15,9c5828c6fd9dc948,7f14be4e45bca6bd,KO/TKO,2,479.0,,3,assumed_three_round_early_finish,False,True,False,False
development,2024-06-22,b12a1d19ee383b7c,c0d6feef69ccb330,S-DEC,3,900.0,,3,inferred_from_decision_duration,False,True,True,False
development,2024-06-22,b12a1d19ee383b7c,0ac2da3dbaf2fce2,M-DEC,3,900.0,,3,inferred_from_decision_duration,False,True,True,False
development,2024-06-22,b12a1d19ee383b7c,8db5cf5df713a7e9,U-DEC,3,900.0,,3,inferred_from_decision_duration,False,True,True,False
development,2024-06-22,b12a1d19ee383b7c,de1acb6803ab3f14,S-DEC,3,900.0,,3,inferred_from_decision_duration,False,True,True,False
development,2024-06-22,b12a1d19ee383b7c,8bd5f20f49434c65,SUB,3,675.0,,3,assumed_three_round_early_finish,False,True,False,False
development,2024-06-22,b12a1d19ee383b7c,774fb0c0c1c2bc6a,S-DEC,3,900.0,,3,inferred_from_decision_duration,False,True,True,False
development,2024-06-22,b12a1d19ee383b7c,9d5f562e0572058c,KO/TKO,1,148.0,,3,assumed_three_round_early_finish,False,True,False,False
development,2024-06-22,b12a1d19ee383b7c,fbbf5391ea25521b,KO/TKO,3,747.0,,3,assumed_three_round_early_finish,False,True,False,False
development,2024-06-22,b12a1d19ee383b7c,8ddd53a7ed3754d5,U-DEC,3,900.0,,3,inferred_from_decision_duration,False,True,True,False
development,2024-06-22,b12a1d19ee383b7c,cd3bb8a2824fbf22,U-DEC,3,900.0,,3,inferred_from_decision_duration,False,True,True,False
development,2024-06-22,b12a1d19ee383b7c,eba46dbf9cdd83c0,KO/TKO,1,109.0,,3,assumed_three_round_early_finish,False,True,False,False
development,2024-06-29,f3743d8ef5dde970,bbe3d8a37a276511,U-DEC,3,900.0,,3,inferred_from_decision_duration,False,True,True,False
development,2024-06-29,f3743d8ef5dde970,7856621db043423d,U-DEC,3,900.0,,3,inferred_from_decision_duration,False,True,True,False
development,2024-06-29,f3743d8ef5dde970,3bbc222130d9dac7,S-DEC,3,900.0,,3,inferred_from_decision_duration,False,True,True,False
development,2024-06-29,f3743d8ef5dde970,2517029ff9c1a1a2,U-DEC,3,900.0,,3,inferred_from_decision_duration,False,True,True,False
development,2024-06-29,f3743d8ef5dde970,5f8a92f10e5451ce,KO/TKO,1,19.0,,3,assumed_three_round_early_finish,False,True,False,False
development,2024-06-29,f3743d8ef5dde970,2b7883b304b3df1c,KO/TKO,2,382.0,,3,assumed_three_round_early_finish,False,True,False,False
development,2024-06-29,f3743d8ef5dde970,08489fdfb56ee19c,S-DEC,3,900.0,,3,inferred_from_decision_duration,False,True,True,False
development,2024-06-29,f3743d8ef5dde970,daa6b47be304ec86,KO/TKO,1,85.0,,3,assumed_three_round_early_finish,False,True,False,False
development,2024-06-29,f3743d8ef5dde970,fbf77262d8da342b,U-DEC,3,900.0,,3,inferred_from_decision_duration,False,True,True,False
development,2024-06-29,f3743d8ef5dde970,a571c622ab89b3d9,KO/TKO,2,418.0,,3,assumed_three_round_early_finish,False,True,False,False
development,2024-06-29,f3743d8ef5dde970,bf878c083a6b30ad,U-DEC,3,900.0,,3,inferred_from_decision_duration,False,True,True,False
development,2024-06-29,f3743d8ef5dde970,fc8ad0c7fc70dde7,U-DEC,3,900.0,,3,inferred_from_decision_duration,False,True,True,False
development,2024-06-29,f3743d8ef5dde970,bca5d01f8775f852,KO/TKO,2,313.0,,3,assumed_three_round_early_finish,False,True,False,False
development,2024-07-13,66e0a70352fef46a,25747d81ae5c6564,SUB,2,406.0,,3,assumed_three_round_early_finish,False,True,False,False
development,2024-07-13,66e0a70352fef46a,d8e8d41282fc90dc,U-DEC,3,900.0,,3,inferred_from_decision_duration,False,True,True,False
development,2024-07-13,66e0a70352fef46a,e06bfd0100eccbad,SUB,1,207.0,,3,assumed_three_round_early_finish,False,True,False,False
development,2024-07-13,66e0a70352fef46a,5eebde8fb4d67259,KO/TKO,1,18.0,,3,assumed_three_round_early_finish,False,True,False,False
development,2024-07-13,66e0a70352fef46a,582afc25875911d1,U-DEC,3,900.0,,3,inferred_from_decision_duration,False,True,True,False
development,2024-07-13,66e0a70352fef46a,80108a70c4afa6c2,KO/TKO,3,620.0,,3,assumed_three_round_early_finish,False,True,False,False
development,2024-07-13,66e0a70352fef46a,a63bb85cc39389c7,SUB,1,289.0,,3,assumed_three_round_early_finish,False,True,False,False
development,2024-07-13,66e0a70352fef46a,dad759ec50508147,U-DEC,3,900.0,,3,inferred_from_decision_duration,False,True,True,False
development,2024-07-13,66e0a70352fef46a,54de03e04f571735,KO/TKO,3,688.0,,3,assumed_three_round_early_finish,False,True,False,False
development,2024-07-13,66e0a70352fef46a,dff8e4ef87d69516,S-DEC,3,900.0,,3,inferred_from_decision_duration,False,True,True,False
development,2024-07-13,66e0a70352fef46a,1394ce1832ddefe0,U-DEC,5,1500.0,,5,inferred_from_decision_duration,True,False,True,False
development,2024-07-20,c11036da9162cb5f,836e9bc5c1f6acd3,U-DEC,3,900.0,,3,inferred_from_decision_duration,False,True,True,False
development,2024-07-20,c11036da9162cb5f,c3ef9edf73626521,U-DEC,3,900.0,,3,inferred_from_decision_duration,False,True,True,False
development,2024-07-20,c11036da9162cb5f,b3f1253d0a991791,U-DEC,3,900.0,,3,inferred_from_decision_duration,False,True,True,False
development,2024-07-20,c11036da9162cb5f,e655774643881e6c,U-DEC,3,900.0,,3,inferred_from_decision_duration,False,True,True,False
development,2024-07-20,c11036da9162cb5f,40c18c6d64463809,SUB,1,238.0,,3,assumed_three_round_early_finish,False,True,False,False
development,2024-07-20,c11036da9162cb5f,6e6567a98ea78891,KO/TKO,1,65.0,,3,assumed_three_round_early_finish,False,True,False,False
development,2024-07-20,c11036da9162cb5f,ec8bc554a0646638,KO/TKO,2,518.0,,3,assumed_three_round_early_finish,False,True,False,False
development,2024-07-20,c11036da9162cb5f,94541dd979e0b4bd,KO/TKO,2,478.0,,3,assumed_three_round_early_finish,False,True,False,False
development,2024-07-20,c11036da9162cb5f,9eaa33f874bbb999,U-DEC,3,900.0,,3,inferred_from_decision_duration,False,True,True,False
development,2024-07-20,c11036da9162cb5f,120ec60ad18cf6c5,KO/TKO,1,96.0,,3,assumed_three_round_early_finish,False,True,False,False
development,2024-07-20,c11036da9162cb5f,4a00db8aeff200a2,SUB,2,588.0,,3,assumed_three_round_early_finish,False,True,False,False
development,2024-07-27,026b4f7049085842,dff2ef8fdde8c502,S-DEC,3,900.0,,3,inferred_from_decision_duration,False,True,True,False
development,2024-07-27,026b4f7049085842,a5558e8fec59a687,KO/TKO,1,203.0,,3,assumed_three_round_early_finish,False,True,False,False
development,2024-07-27,026b4f7049085842,3183dfe66fcdd25f,SUB,1,170.0,,3,assumed_three_round_early_finish,False,True,False,False
development,2024-07-27,026b4f7049085842,026bb9fd1b3f239d,SUB,3,792.0,,3,assumed_three_round_early_finish,False,True,False,False
development,2024-07-27,026b4f7049085842,16b0a16ab2e20fdb,U-DEC,3,900.0,,3,inferred_from_decision_duration,False,True,True,False
development,2024-07-27,026b4f7049085842,d6e240c47ba6034d,U-DEC,3,900.0,,3,inferred_from_decision_duration,False,True,True,False
development,2024-07-27,026b4f7049085842,9d8c32c60df0e287,U-DEC,3,900.0,,3,inferred_from_decision_duration,False,True,True,False
development,2024-07-27,026b4f7049085842,678eda89a096dde8,U-DEC,3,900.0,,3,inferred_from_decision_duration,False,True,True,False
development,2024-07-27,026b4f7049085842,45e6a9b56ee3a9d1,U-DEC,3,900.0,,3,inferred_from_decision_duration,False,True,True,False
development,2024-07-27,026b4f7049085842,8a2e28da18ba6a25,U-DEC,3,900.0,,3,inferred_from_decision_duration,False,True,True,False
development,2024-07-27,026b4f7049085842,f02fed4e98048471,U-DEC,3,900.0,,3,inferred_from_decision_duration,False,True,True,False
development,2024-07-27,026b4f7049085842,3e2bde19e752f64b,SUB,1,202.0,,3,assumed_three_round_early_finish,False,True,False,False
development,2024-07-27,026b4f7049085842,ec434314c5438fc7,KO/TKO,1,60.0,,3,assumed_three_round_early_finish,False,True,False,False
development,2024-07-27,026b4f7049085842,ec5163539a133f17,U-DEC,5,1500.0,,5,inferred_from_decision_duration,True,False,True,False
development,2024-08-03,fe435e440b5de0ff,e6851877e33d343f,U-DEC,3,900.0,,3,inferred_from_decision_duration,False,True,True,False
development,2024-08-03,fe435e440b5de0ff,d038ff5ac21094f3,U-DEC,3,900.0,,3,inferred_from_decision_duration,False,True,True,False
development,2024-08-03,fe435e440b5de0ff,f80143e1f3c3d319,S-DEC,3,900.0,,3,inferred_from_decision_duration,False,True,True,False
development,2024-08-03,fe435e440b5de0ff,77df662671ce11c5,U-DEC,3,900.0,,3,inferred_from_decision_duration,False,True,True,False
development,2024-08-03,fe435e440b5de0ff,637f792270a0c746,U-DEC,3,900.0,,3,inferred_from_decision_duration,False,True,True,False
development,2024-08-03,fe435e440b5de0ff,1cd63899011c4bf6,KO/TKO,1,285.0,,3,assumed_three_round_early_finish,False,True,False,False
development,2024-08-03,fe435e440b5de0ff,fbbb703581440496,KO/TKO,2,498.0,,3,assumed_three_round_early_finish,False,True,False,False
development,2024-08-03,fe435e440b5de0ff,de767dd5216bcad9,KO/TKO,3,816.0,,3,assumed_three_round_early_finish,False,True,False,False
development,2024-08-03,fe435e440b5de0ff,d0d74672150ddea3,U-DEC,3,900.0,,3,inferred_from_decision_duration,False,True,True,False
development,2024-08-03,fe435e440b5de0ff,2d39c26876246223,SUB,1,224.0,,3,assumed_three_round_early_finish,False,True,False,False
development,2024-08-03,fe435e440b5de0ff,bb85e207eba236bc,U-DEC,3,900.0,,3,inferred_from_decision_duration,False,True,True,False
development,2024-08-03,fe435e440b5de0ff,b38450d9aa0f52b8,U-DEC,3,900.0,,3,inferred_from_decision_duration,False,True,True,False
development,2024-08-03,fe435e440b5de0ff,33655fd07cfbe034,U-DEC,5,1500.0,,5,inferred_from_decision_duration,True,False,True,False
development,2024-08-10,2c733e059462c1dc,1b5d5af1bc0a34c7,U-DEC,3,900.0,,3,inferred_from_decision_duration,False,True,True,False
development,2024-08-10,2c733e059462c1dc,cd9851b8eadb53a9,SUB,1,232.0,,3,assumed_three_round_early_finish,False,True,False,False
development,2024-08-10,2c733e059462c1dc,6bcaa0de4003cc41,U-DEC,3,900.0,,3,inferred_from_decision_duration,False,True,True,False
development,2024-08-10,2c733e059462c1dc,a7ac1dfcdc083694,U-DEC,3,900.0,,3,inferred_from_decision_duration,False,True,True,False
development,2024-08-10,2c733e059462c1dc,1332c1037c955d82,SUB,2,415.0,,3,assumed_three_round_early_finish,False,True,False,False
development,2024-08-10,2c733e059462c1dc,e0b14afd93af5638,U-DEC,3,900.0,,3,inferred_from_decision_duration,False,True,True,False
development,2024-08-10,2c733e059462c1dc,6aa89b7b5350b8e2,U-DEC,3,900.0,,3,inferred_from_decision_duration,False,True,True,False
development,2024-08-10,2c733e059462c1dc,7b4284bd3033a319,S-DEC,3,900.0,,3,inferred_from_decision_duration,False,True,True,False
development,2024-08-10,2c733e059462c1dc,e72a2130e7387637,U-DEC,3,900.0,,3,inferred_from_decision_duration,False,True,True,False
development,2024-08-10,2c733e059462c1dc,84973bbdffaf0d0e,SUB,1,104.0,,3,assumed_three_round_early_finish,False,True,False,False
development,2024-08-17,32ba186f4b0e3267,075a102456080ab2,SUB,1,159.0,,3,assumed_three_round_early_finish,False,True,False,False
development,2024-08-17,32ba186f4b0e3267,ea824ac4b8ed8a35,U-DEC,3,900.0,,3,inferred_from_decision_duration,False,True,True,False
development,2024-08-17,32ba186f4b0e3267,ce75f5ecbc0d3dfd,U-DEC,3,900.0,,3,inferred_from_decision_duration,False,True,True,False
development,2024-08-17,32ba186f4b0e3267,bfff6cf22c1c569c,KO/TKO,3,648.0,,3,assumed_three_round_early_finish,False,True,False,False
development,2024-08-17,32ba186f4b0e3267,b9d5c77ae7a8109b,U-DEC,3,900.0,,3,inferred_from_decision_duration,False,True,True,False
development,2024-08-17,32ba186f4b0e3267,43ebfc8914a39061,S-DEC,3,900.0,,3,inferred_from_decision_duration,False,True,True,False
development,2024-08-17,32ba186f4b0e3267,ea4ff1d77928b029,SUB,1,296.0,,3,assumed_three_round_early_finish,False,True,False,False
development,2024-08-17,32ba186f4b0e3267,3c319d4659e6c8fd,KO/TKO,2,542.0,,3,assumed_three_round_early_finish,False,True,False,False
development,2024-08-17,32ba186f4b0e3267,dd3d8f7066c145b7,S-DEC,3,900.0,,3,inferred_from_decision_duration,False,True,True,False
development,2024-08-17,32ba186f4b0e3267,059f5cf0e9e37627,S-DEC,3,900.0,,3,inferred_from_decision_duration,False,True,True,False
development,2024-08-17,32ba186f4b0e3267,bf8c5effd23f69c4,KO/TKO,1,244.0,,3,assumed_three_round_early_finish,False,True,False,False
development,2024-08-17,32ba186f4b0e3267,6c44af21414e4143,SUB,4,1118.0,,5,inferred_five_round_late_finish,True,False,False,False
development,2024-08-24,be8ad887e4d674b0,d4127baf74b0e791,KO/TKO,1,62.0,,3,assumed_three_round_early_finish,False,True,False,False
development,2024-08-24,be8ad887e4d674b0,903d588b30a471e8,S-DEC,3,900.0,,3,inferred_from_decision_duration,False,True,True,False
development,2024-08-24,be8ad887e4d674b0,ba8eda6993922ba0,S-DEC,3,900.0,,3,inferred_from_decision_duration,False,True,True,False
development,2024-08-24,be8ad887e4d674b0,d2caa1ddb9de7481,U-DEC,3,900.0,,3,inferred_from_decision_duration,False,True,True,False
development,2024-08-24,be8ad887e4d674b0,560f1e26c2a6690a,S-DEC,3,900.0,,3,inferred_from_decision_duration,False,True,True,False
development,2024-08-24,be8ad887e4d674b0,2cbd53e43d3f606b,SUB,2,552.0,,3,assumed_three_round_early_finish,False,True,False,False
development,2024-08-24,be8ad887e4d674b0,ae50a1a655b1a8f6,KO/TKO,1,279.0,,3,assumed_three_round_early_finish,False,True,False,False
development,2024-08-24,be8ad887e4d674b0,bad06a5380d762b8,KO/TKO,2,390.0,,3,assumed_three_round_early_finish,False,True,False,False
development,2024-08-24,be8ad887e4d674b0,5c5523a6bf83e44f,KO/TKO,2,409.0,,3,assumed_three_round_early_finish,False,True,False,False
development,2024-08-24,be8ad887e4d674b0,70afe9e0d2422252,U-DEC,3,900.0,,3,inferred_from_decision_duration,False,True,True,False
development,2024-08-24,be8ad887e4d674b0,15805ae1eea3343e,U-DEC,5,1500.0,,5,inferred_from_decision_duration,True,False,True,False
development,2024-09-07,ee0b69e307c857e5,0c418b9cdfd525c9,SUB,2,374.0,,3,assumed_three_round_early_finish,False,True,False,False
development,2024-09-07,ee0b69e307c857e5,f734b497add754af,U-DEC,3,900.0,,3,inferred_from_decision_duration,False,True,True,False
development,2024-09-07,ee0b69e307c857e5,f1613b372748c8bb,SUB,1,208.0,,3,assumed_three_round_early_finish,False,True,False,False
development,2024-09-07,ee0b69e307c857e5,6e9876d2be2bbd02,U-DEC,3,900.0,,3,inferred_from_decision_duration,False,True,True,False
development,2024-09-07,ee0b69e307c857e5,69bde5bae0d6ec4f,U-DEC,3,900.0,,3,inferred_from_decision_duration,False,True,True,False
development,2024-09-07,ee0b69e307c857e5,abfd5ac6cf186d8a,SUB,2,559.0,,3,assumed_three_round_early_finish,False,True,False,False
development,2024-09-07,ee0b69e307c857e5,b80c6eba11c54778,KO/TKO,2,554.0,,3,assumed_three_round_early_finish,False,True,False,False
development,2024-09-07,ee0b69e307c857e5,75fa9c0bb31caaa3,U-DEC,3,900.0,,3,inferred_from_decision_duration,False,True,True,False
development,2024-09-07,ee0b69e307c857e5,fe59646ebad8b6e4,SUB,2,329.0,,3,assumed_three_round_early_finish,False,True,False,False
development,2024-09-07,ee0b69e307c857e5,453e6f2665c85fd7,KO/TKO,1,239.0,,3,assumed_three_round_early_finish,False,True,False,False
development,2024-09-07,ee0b69e307c857e5,bcfaf1dd78f12f97,U-DEC,3,900.0,,3,inferred_from_decision_duration,False,True,True,False
development,2024-09-07,ee0b69e307c857e5,ee9ade72b44dfa06,U-DEC,5,1500.0,,5,inferred_from_decision_duration,True,False,True,False
development,2024-09-14,0c01568b1ac77bff,3cdc6fea724be133,U-DEC,3,900.0,,3,inferred_from_decision_duration,False,True,True,False
development,2024-09-14,0c01568b1ac77bff,dae8ad2e03aa4a9a,U-DEC,3,900.0,,3,inferred_from_decision_duration,False,True,True,False
development,2024-09-14,0c01568b1ac77bff,c60a317c7767abb7,SUB,1,182.0,,3,assumed_three_round_early_finish,False,True,False,False
development,2024-09-14,0c01568b1ac77bff,3733d100f7bd5590,KO/TKO,1,242.0,,3,assumed_three_round_early_finish,False,True,False,False
development,2024-09-14,0c01568b1ac77bff,2397e2a92710705a,U-DEC,3,900.0,,3,inferred_from_decision_duration,False,True,True,False
development,2024-09-14,0c01568b1ac77bff,78b506e5092a27fd,U-DEC,3,900.0,,3,inferred_from_decision_duration,False,True,True,False
development,2024-09-14,0c01568b1ac77bff,27d98a8ee6608e27,S-DEC,3,900.0,,3,inferred_from_decision_duration,False,True,True,False
development,2024-09-14,0c01568b1ac77bff,2335e75ce63805b6,U-DEC,3,900.0,,3,inferred_from_decision_duration,False,True,True,False
development,2024-09-14,0c01568b1ac77bff,6f83cfae0c800ef8,U-DEC,5,1500.0,,5,inferred_from_decision_duration,True,False,True,False
development,2024-09-14,0c01568b1ac77bff,3146e5a47a922976,U-DEC,5,1500.0,,5,inferred_from_decision_duration,True,False,True,False
development,2024-09-28,079488710f012779,eedc7fccf7037949,SUB,1,214.0,,3,assumed_three_round_early_finish,False,True,False,False
development,2024-09-28,079488710f012779,a187670c5ee1ec5f,S-DEC,3,900.0,,3,inferred_from_decision_duration,False,True,True,False
development,2024-09-28,079488710f012779,47d978a984a163aa,U-DEC,3,900.0,,3,inferred_from_decision_duration,False,True,True,False
development,2024-09-28,079488710f012779,7ba432e218edc17d,SUB,1,232.0,,3,assumed_three_round_early_finish,False,True,False,False
development,2024-09-28,079488710f012779,d063d46208c560b1,U-DEC,3,900.0,,3,inferred_from_decision_duration,False,True,True,False
development,2024-09-28,079488710f012779,e01019fbfe0e9528,U-DEC,3,900.0,,3,inferred_from_decision_duration,False,True,True,False
development,2024-09-28,079488710f012779,3599e9de4ae0e171,U-DEC,3,900.0,,3,inferred_from_decision_duration,False,True,True,False
development,2024-09-28,079488710f012779,89b772f864acb637,S-DEC,3,900.0,,3,inferred_from_decision_duration,False,True,True,False
development,2024-09-28,079488710f012779,d806aacf5b6ba7f6,KO/TKO,3,779.0,,3,assumed_three_round_early_finish,False,True,False,False
development,2024-09-28,079488710f012779,f114929ed709606e,KO/TKO,2,327.0,,3,assumed_three_round_early_finish,False,True,False,False
development,2024-09-28,079488710f012779,45f00a42a17f8e2a,KO/TKO,2,527.0,,3,assumed_three_round_early_finish,False,True,False,False
development,2024-09-28,079488710f012779,19706d8ba0edf9cd,S-DEC,3,900.0,,3,inferred_from_decision_duration,False,True,True,False
development,2024-09-28,079488710f012779,62ff1e5deb124ff5,U-DEC,3,900.0,,3,inferred_from_decision_duration,False,True,True,False
development,2024-09-28,079488710f012779,7ca4c91bab696b89,KO/TKO,2,600.0,,3,assumed_three_round_early_finish,False,True,False,False
holdout,2024-10-05,eee8efec7b951d84,84b3577229880760,SUB,1,199.0,,3,assumed_three_round_early_finish,False,True,False,False
holdout,2024-10-05,eee8efec7b951d84,58e5fc1914c4e641,U-DEC,3,900.0,,3,inferred_from_decision_duration,False,True,True,False
holdout,2024-10-05,eee8efec7b951d84,58dec0a39cdefa3f,SUB,1,95.0,,3,assumed_three_round_early_finish,False,True,False,False
holdout,2024-10-05,eee8efec7b951d84,ed5b6681ab4e83e5,U-DEC,3,900.0,,3,inferred_from_decision_duration,False,True,True,False
holdout,2024-10-05,eee8efec7b951d84,e8aad69aace1d31f,S-DEC,3,900.0,,3,inferred_from_decision_duration,False,True,True,False
holdout,2024-10-05,eee8efec7b951d84,eb73b63bbd7b88a7,S-DEC,3,900.0,,3,inferred_from_decision_duration,False,True,True,False
holdout,2024-10-05,eee8efec7b951d84,69bca5091b2a31f6,KO/TKO,3,737.0,,3,assumed_three_round_early_finish,False,True,False,False
holdout,2024-10-05,eee8efec7b951d84,9ea124a13d071186,U-DEC,3,900.0,,3,inferred_from_decision_duration,False,True,True,False
holdout,2024-10-05,eee8efec7b951d84,5931cd9cf5da5f75,KO/TKO,1,300.0,,3,assumed_three_round_early_finish,False,True,False,False
holdout,2024-10-05,eee8efec7b951d84,3d7d82fff71e395a,S-DEC,3,900.0,,3,inferred_from_decision_duration,False,True,True,False
holdout,2024-10-05,eee8efec7b951d84,1d68bb733de24b06,S-DEC,5,1500.0,,5,inferred_from_decision_duration,True,False,True,False
holdout,2024-10-05,eee8efec7b951d84,8c5e06c71f392f33,KO/TKO,4,1172.0,,5,inferred_five_round_late_finish,True,False,False,False
holdout,2024-10-12,5bdcbd8dd681a257,de484433eef22e1d,SUB,2,432.0,,3,assumed_three_round_early_finish,False,True,False,False
holdout,2024-10-12,5bdcbd8dd681a257,b23554da35a84fbc,U-DEC,3,900.0,,3,inferred_from_decision_duration,False,True,True,False
holdout,2024-10-12,5bdcbd8dd681a257,48dd2c9cb39bd2d4,S-DEC,3,900.0,,3,inferred_from_decision_duration,False,True,True,False
holdout,2024-10-12,5bdcbd8dd681a257,85854504ce1aa97a,KO/TKO,2,435.0,,3,assumed_three_round_early_finish,False,True,False,False
holdout,2024-10-12,5bdcbd8dd681a257,57415110bd494c79,U-DEC,3,900.0,,3,inferred_from_decision_duration,False,True,True,False
holdout,2024-10-12,5bdcbd8dd681a257,69a5895fde58432c,SUB,1,246.0,,3,assumed_three_round_early_finish,False,True,False,False
holdout,2024-10-12,5bdcbd8dd681a257,f1cc9169813c4a3e,KO/TKO,1,170.0,,3,assumed_three_round_early_finish,False,True,False,False
holdout,2024-10-12,5bdcbd8dd681a257,f690949d90ff1dee,S-DEC,3,900.0,,3,inferred_from_decision_duration,False,True,True,False
holdout,2024-10-12,5bdcbd8dd681a257,98c29ba02cee5ba3,KO/TKO,2,402.0,,3,assumed_three_round_early_finish,False,True,False,False
holdout,2024-10-12,5bdcbd8dd681a257,ee5c0b8a757992af,U-DEC,3,900.0,,3,inferred_from_decision_duration,False,True,True,False
holdout,2024-10-12,5bdcbd8dd681a257,6fa2dae90bda4742,S-DEC,3,900.0,,3,inferred_from_decision_duration,False,True,True,False
holdout,2024-10-12,5bdcbd8dd681a257,998bde5639c61adb,S-DEC,5,1500.0,,5,inferred_from_decision_duration,True,False,True,False
holdout,2024-10-19,6a0047ac8c99fece,32b8c6c4b735d712,U-DEC,3,900.0,,3,inferred_from_decision_duration,False,True,True,False
holdout,2024-10-19,6a0047ac8c99fece,4277b02a4dadac40,U-DEC,3,900.0,,3,inferred_from_decision_duration,False,True,True,False
holdout,2024-10-19,6a0047ac8c99fece,53f7f1b4834387a8,U-DEC,3,900.0,,3,inferred_from_decision_duration,False,True,True,False
holdout,2024-10-19,6a0047ac8c99fece,fc73ecbd83b7f159,SUB,3,873.0,,3,assumed_three_round_early_finish,False,True,False,False
holdout,2024-10-19,6a0047ac8c99fece,308f6cb830019ea9,U-DEC,3,900.0,,3,inferred_from_decision_duration,False,True,True,False
holdout,2024-10-19,6a0047ac8c99fece,c61923255389e67c,U-DEC,3,900.0,,3,inferred_from_decision_duration,False,True,True,False
holdout,2024-10-19,6a0047ac8c99fece,0599f35e6679de02,U-DEC,3,900.0,,3,inferred_from_decision_duration,False,True,True,False
holdout,2024-10-19,6a0047ac8c99fece,a2f46e94aa6b0c64,U-DEC,3,900.0,,3,inferred_from_decision_duration,False,True,True,False
holdout,2024-10-19,6a0047ac8c99fece,503d7342cc08109f,U-DEC,3,900.0,,3,inferred_from_decision_duration,False,True,True,False
holdout,2024-10-19,6a0047ac8c99fece,f01b97e864cb4b8b,U-DEC,3,900.0,,3,inferred_from_decision_duration,False,True,True,False
holdout,2024-10-19,6a0047ac8c99fece,a2f2c64f9fb3fb1c,KO/TKO,5,1342.0,,5,inferred_five_round_late_finish,True,False,False,False
holdout,2024-10-26,221b2a3070c7ce3e,6114076c689e8457,U-DEC,3,900.0,,3,inferred_from_decision_duration,False,True,True,False
holdout,2024-10-26,221b2a3070c7ce3e,bde635a4f345bc3e,U-DEC,3,900.0,,3,inferred_from_decision_duration,False,True,True,False
holdout,2024-10-26,221b2a3070c7ce3e,5c783cd188425783,U-DEC,3,900.0,,3,inferred_from_decision_duration,False,True,True,False
holdout,2024-10-26,221b2a3070c7ce3e,df7928de73fc2fe8,KO/TKO,1,267.0,,3,assumed_three_round_early_finish,False,True,False,False
holdout,2024-10-26,221b2a3070c7ce3e,af6eeea1cfe33240,SUB,3,794.0,,3,assumed_three_round_early_finish,False,True,False,False
holdout,2024-10-26,221b2a3070c7ce3e,919e3c5cc6999cb3,S-DEC,3,900.0,,3,inferred_from_decision_duration,False,True,True,False
holdout,2024-10-26,221b2a3070c7ce3e,1d65c141776949d6,KO/TKO,1,90.0,,3,assumed_three_round_early_finish,False,True,False,False
holdout,2024-10-26,221b2a3070c7ce3e,781a2ea50f5ae68f,KO/TKO,1,51.0,,3,assumed_three_round_early_finish,False,True,False,False
holdout,2024-10-26,221b2a3070c7ce3e,108434acbbd75d26,KO/TKO,2,592.0,,3,assumed_three_round_early_finish,False,True,False,False
holdout,2024-10-26,221b2a3070c7ce3e,cc11a0762f246fa4,U-DEC,3,900.0,,3,inferred_from_decision_duration,False,True,True,False
holdout,2024-10-26,221b2a3070c7ce3e,b09f54654b0f95f5,U-DEC,3,900.0,,3,inferred_from_decision_duration,False,True,True,False
holdout,2024-10-26,221b2a3070c7ce3e,b8bf186f884678ea,SUB,1,214.0,,3,assumed_three_round_early_finish,False,True,False,False
holdout,2024-10-26,221b2a3070c7ce3e,ebf7cea27b83c432,KO/TKO,3,694.0,,3,assumed_three_round_early_finish,False,True,False,False
holdout,2024-11-02,3ab0df1ddd5f1dc2,f0723cda67db3954,S-DEC,3,900.0,,3,inferred_from_decision_duration,False,True,True,False
holdout,2024-11-02,3ab0df1ddd5f1dc2,c9cef59a5de32219,U-DEC,3,900.0,,3,inferred_from_decision_duration,False,True,True,False
holdout,2024-11-02,3ab0df1ddd5f1dc2,f93b074dfd47b4b4,S-DEC,3,900.0,,3,inferred_from_decision_duration,False,True,True,False
holdout,2024-11-02,3ab0df1ddd5f1dc2,de084f0d65421cfa,U-DEC,3,900.0,,3,inferred_from_decision_duration,False,True,True,False
holdout,2024-11-02,3ab0df1ddd5f1dc2,5256ba94641a4284,SUB,2,359.0,,3,assumed_three_round_early_finish,False,True,False,False
holdout,2024-11-02,3ab0df1ddd5f1dc2,24581e2b39fe3319,SUB,2,523.0,,3,assumed_three_round_early_finish,False,True,False,False
holdout,2024-11-02,3ab0df1ddd5f1dc2,b989d4d7e220b3c1,U-DEC,3,900.0,,3,inferred_from_decision_duration,False,True,True,False
holdout,2024-11-02,3ab0df1ddd5f1dc2,d29a82322bb083d9,U-DEC,3,900.0,,3,inferred_from_decision_duration,False,True,True,False
holdout,2024-11-02,3ab0df1ddd5f1dc2,6ad594777cce2d7d,KO/TKO,1,268.0,,3,assumed_three_round_early_finish,False,True,False,False
holdout,2024-11-02,3ab0df1ddd5f1dc2,eaa885cf7ae31e0b,SUB,3,748.0,,3,assumed_three_round_early_finish,False,True,False,False
holdout,2024-11-02,3ab0df1ddd5f1dc2,7edf2fe3a8776a44,S-DEC,3,900.0,,3,inferred_from_decision_duration,False,True,True,False
holdout,2024-11-02,3ab0df1ddd5f1dc2,18729b11614406bf,U-DEC,5,1500.0,,5,inferred_from_decision_duration,True,False,True,False
holdout,2024-11-02,3ab0df1ddd5f1dc2,799acf3ae8a5df0a,U-DEC,5,1500.0,,5,inferred_from_decision_duration,True,False,True,False
holdout,2024-11-09,585f9ffdb0cd0466,32f2965b4f4c4ebf,KO/TKO,2,380.0,,3,assumed_three_round_early_finish,False,True,False,False
holdout,2024-11-09,585f9ffdb0cd0466,582846744e379178,SUB,1,83.0,,3,assumed_three_round_early_finish,False,True,False,False
holdout,2024-11-09,585f9ffdb0cd0466,6fd1edb58d271f7c,SUB,1,259.0,,3,assumed_three_round_early_finish,False,True,False,False
holdout,2024-11-09,585f9ffdb0cd0466,6b9ed3867dd42b3b,KO/TKO,1,51.0,,3,assumed_three_round_early_finish,False,True,False,False
holdout,2024-11-09,585f9ffdb0cd0466,c9d2a718f39274c0,KO/TKO,1,75.0,,3,assumed_three_round_early_finish,False,True,False,False
holdout,2024-11-09,585f9ffdb0cd0466,e62033cb1e79aa81,U-DEC,3,900.0,,3,inferred_from_decision_duration,False,True,True,False
holdout,2024-11-09,585f9ffdb0cd0466,ea6427379a83bd01,KO/TKO,1,164.0,,3,assumed_three_round_early_finish,False,True,False,False
holdout,2024-11-09,585f9ffdb0cd0466,c31d9cac7534d879,U-DEC,3,900.0,,3,inferred_from_decision_duration,False,True,True,False
holdout,2024-11-09,585f9ffdb0cd0466,e6685759ed2af90d,U-DEC,3,900.0,,3,inferred_from_decision_duration,False,True,True,False
holdout,2024-11-09,585f9ffdb0cd0466,154138c8fc89c315,SUB,3,704.0,,3,assumed_three_round_early_finish,False,True,False,False
holdout,2024-11-09,585f9ffdb0cd0466,73f451d894a1d4ca,KO/TKO,1,290.0,,3,assumed_three_round_early_finish,False,True,False,False
holdout,2024-11-16,daff32bc96d1eabf,40e2a7b65794ac05,U-DEC,3,900.0,,3,inferred_from_decision_duration,False,True,True,False
holdout,2024-11-16,daff32bc96d1eabf,9676a4e9362e4bfd,KO/TKO,3,640.0,,3,assumed_three_round_early_finish,False,True,False,False
holdout,2024-11-16,daff32bc96d1eabf,00414fc5519233b4,KO/TKO,1,175.0,,3,assumed_three_round_early_finish,False,True,False,False
holdout,2024-11-16,daff32bc96d1eabf,6c1faa6284428e5d,KO/TKO,2,600.0,,3,assumed_three_round_early_finish,False,True,False,False
holdout,2024-11-16,daff32bc96d1eabf,c565e2baa27cc7e5,U-DEC,3,900.0,,3,inferred_from_decision_duration,False,True,True,False
holdout,2024-11-16,daff32bc96d1eabf,35c8223cc967fe0a,SUB,1,164.0,,3,assumed_three_round_early_finish,False,True,False,False
holdout,2024-11-16,daff32bc96d1eabf,2a930e2d7e1f87a9,U-DEC,3,900.0,,3,inferred_from_decision_duration,False,True,True,False
holdout,2024-11-16,daff32bc96d1eabf,55eebc2ee92bf00a,U-DEC,3,900.0,,3,inferred_from_decision_duration,False,True,True,False
holdout,2024-11-16,daff32bc96d1eabf,8545a2495db16538,U-DEC,3,900.0,,3,inferred_from_decision_duration,False,True,True,False
holdout,2024-11-16,daff32bc96d1eabf,cfd3e62c638fbd1f,U-DEC,3,900.0,,3,inferred_from_decision_duration,False,True,True,False
holdout,2024-11-16,daff32bc96d1eabf,4f4189009a190e35,U-DEC,5,1500.0,,5,inferred_from_decision_duration,True,False,True,False
holdout,2024-11-16,daff32bc96d1eabf,b35e47f2f58ef026,KO/TKO,3,869.0,,3,assumed_three_round_early_finish,False,True,False,False
holdout,2024-11-23,e955046551f8c7dd,86a2f07e0bf20297,U-DEC,3,900.0,,3,inferred_from_decision_duration,False,True,True,False
holdout,2024-11-23,e955046551f8c7dd,f5f28a8b472b8012,KO/TKO,3,688.0,,3,assumed_three_round_early_finish,False,True,False,False
holdout,2024-11-23,e955046551f8c7dd,38f1c83c19e99fa2,U-DEC,3,900.0,,3,inferred_from_decision_duration,False,True,True,False
holdout,2024-11-23,e955046551f8c7dd,5dab54e34c2cfe01,S-DEC,3,900.0,,3,inferred_from_decision_duration,False,True,True,False
holdout,2024-11-23,e955046551f8c7dd,baee9b2491c986e2,KO/TKO,3,646.0,,3,assumed_three_round_early_finish,False,True,False,False
holdout,2024-11-23,e955046551f8c7dd,828de4f5585c908c,KO/TKO,1,156.0,,3,assumed_three_round_early_finish,False,True,False,False
holdout,2024-11-23,e955046551f8c7dd,9c207acb12c17a67,U-DEC,3,900.0,,3,inferred_from_decision_duration,False,True,True,False
holdout,2024-11-23,e955046551f8c7dd,56d2c00dfd391fcf,KO/TKO,1,145.0,,3,assumed_three_round_early_finish,False,True,False,False
holdout,2024-11-23,e955046551f8c7dd,02ec66f311dce539,U-DEC,3,900.0,,3,inferred_from_decision_duration,False,True,True,False
holdout,2024-11-23,e955046551f8c7dd,64d6d51219e0664c,SUB,2,529.0,,3,assumed_three_round_early_finish,False,True,False,False
holdout,2024-11-23,e955046551f8c7dd,bec57d7cce0e6257,KO/TKO,1,229.0,,3,assumed_three_round_early_finish,False,True,False,False
holdout,2024-11-23,e955046551f8c7dd,f0c4aff7dd1ec4e9,U-DEC,3,900.0,,3,inferred_from_decision_duration,False,True,True,False
holdout,2024-11-23,e955046551f8c7dd,f53573316a4f349f,U-DEC,5,1500.0,,5,inferred_from_decision_duration,True,False,True,False
holdout,2024-12-07,ad23903ef3af7406,eb94412f15c62650,KO/TKO,1,291.0,,3,assumed_three_round_early_finish,False,True,False,False
holdout,2024-12-07,ad23903ef3af7406,72b12a837290b327,SUB,1,221.0,,3,assumed_three_round_early_finish,False,True,False,False
holdout,2024-12-07,ad23903ef3af7406,a5c57b0f49e9f61c,SUB,3,716.0,,3,assumed_three_round_early_finish,False,True,False,False
holdout,2024-12-07,ad23903ef3af7406,d38029cf47e54cf7,U-DEC,3,900.0,,3,inferred_from_decision_duration,False,True,True,False
holdout,2024-12-07,ad23903ef3af7406,0f16d83859d608c7,KO/TKO,2,591.0,,3,assumed_three_round_early_finish,False,True,False,False
holdout,2024-12-07,ad23903ef3af7406,7c0d0a28a8fba102,S-DEC,3,900.0,,3,inferred_from_decision_duration,False,True,True,False
holdout,2024-12-07,ad23903ef3af7406,df30514e0674d598,U-DEC,3,900.0,,3,inferred_from_decision_duration,False,True,True,False
holdout,2024-12-07,ad23903ef3af7406,4914f7bd073c6359,SUB,1,52.0,,3,assumed_three_round_early_finish,False,True,False,False
holdout,2024-12-07,ad23903ef3af7406,97caf8fca9d9603b,KO/TKO,2,586.0,,3,assumed_three_round_early_finish,False,True,False,False
holdout,2024-12-07,ad23903ef3af7406,089388c9f00ce9c6,KO/TKO,3,801.0,,3,assumed_three_round_early_finish,False,True,False,False
holdout,2024-12-07,ad23903ef3af7406,0292b9c31c0089ac,KO/TKO,3,639.0,,3,assumed_three_round_early_finish,False,True,False,False
holdout,2024-12-07,ad23903ef3af7406,f706508c52f337a6,S-DEC,3,900.0,,3,inferred_from_decision_duration,False,True,True,False
holdout,2024-12-07,ad23903ef3af7406,1569186ee820ea87,U-DEC,5,1500.0,,5,inferred_from_decision_duration,True,False,True,False
holdout,2024-12-07,ad23903ef3af7406,e761c5009c09b295,SUB,2,425.0,,3,assumed_three_round_early_finish,False,True,False,False
holdout,2024-12-14,72c9c2eadfc3277e,edf7ce89ad672e85,U-DEC,3,900.0,,3,inferred_from_decision_duration,False,True,True,False
holdout,2024-12-14,72c9c2eadfc3277e,b40e4deb48658851,U-DEC,3,900.0,,3,inferred_from_decision_duration,False,True,True,False
holdout,2024-12-14,72c9c2eadfc3277e,e5f9d59d00fe3c73,U-DEC,3,900.0,,3,inferred_from_decision_duration,False,True,True,False
holdout,2024-12-14,72c9c2eadfc3277e,cf258c17234d649e,U-DEC,3,900.0,,3,inferred_from_decision_duration,False,True,True,False
holdout,2024-12-14,72c9c2eadfc3277e,ebeeed2595266bbc,KO/TKO,1,298.0,,3,assumed_three_round_early_finish,False,True,False,False
holdout,2024-12-14,72c9c2eadfc3277e,b0be38110c2d8b84,KO/TKO,1,168.0,,3,assumed_three_round_early_finish,False,True,False,False
holdout,2024-12-14,72c9c2eadfc3277e,9c24c03131d5b49a,KO/TKO,2,423.0,,3,assumed_three_round_early_finish,False,True,False,False
holdout,2024-12-14,72c9c2eadfc3277e,2b6a75175bbca4e9,U-DEC,3,900.0,,3,inferred_from_decision_duration,False,True,True,False
holdout,2024-12-14,72c9c2eadfc3277e,5238f6470d0557fb,S-DEC,3,900.0,,3,inferred_from_decision_duration,False,True,True,False
holdout,2024-12-14,72c9c2eadfc3277e,7b1bc4ff776f12c1,KO/TKO,3,824.0,,3,assumed_three_round_early_finish,False,True,False,False
holdout,2024-12-14,72c9c2eadfc3277e,1a635a5e4551e7d5,KO/TKO,3,717.0,,3,assumed_three_round_early_finish,False,True,False,False
holdout,2024-12-14,72c9c2eadfc3277e,7521015554088962,KO/TKO,3,696.0,,3,assumed_three_round_early_finish,False,True,False,False
holdout,2024-12-14,72c9c2eadfc3277e,00c6a2ef07ca51da,KO/TKO,3,882.0,,3,assumed_three_round_early_finish,False,True,False,False
holdout,2025-01-11,81ddc98fceb30086,192619174bd1ad77,U-DEC,3,900.0,,3,inferred_from_decision_duration,False,True,True,False
holdout,2025-01-11,81ddc98fceb30086,f01851055b8309e0,KO/TKO,2,567.0,,3,assumed_three_round_early_finish,False,True,False,False
holdout,2025-01-11,81ddc98fceb30086,817cd15077a9419e,U-DEC,3,900.0,,3,inferred_from_decision_duration,False,True,True,False
holdout,2025-01-11,81ddc98fceb30086,b33e3a6d15700bb1,S-DEC,3,900.0,,3,inferred_from_decision_duration,False,True,True,False
holdout,2025-01-11,81ddc98fceb30086,58eda5a58a89f739,KO/TKO,1,73.0,,3,assumed_three_round_early_finish,False,True,False,False
holdout,2025-01-11,81ddc98fceb30086,54fa6e32330a8cca,U-DEC,3,900.0,,3,inferred_from_decision_duration,False,True,True,False
holdout,2025-01-11,81ddc98fceb30086,8d68863242695224,KO/TKO,1,184.0,,3,assumed_three_round_early_finish,False,True,False,False
holdout,2025-01-11,81ddc98fceb30086,8a3281b0d7c168af,SUB,1,124.0,,3,assumed_three_round_early_finish,False,True,False,False
holdout,2025-01-11,81ddc98fceb30086,32cc31b76b32ade1,KO/TKO,1,31.0,,3,assumed_three_round_early_finish,False,True,False,False
holdout,2025-01-11,81ddc98fceb30086,03c1865919daeaa4,U-DEC,3,900.0,,3,inferred_from_decision_duration,False,True,True,False
holdout,2025-01-11,81ddc98fceb30086,aa38e39397dbea72,KO/TKO,3,899.0,,3,assumed_three_round_early_finish,False,True,False,False
holdout,2025-01-11,81ddc98fceb30086,a2a5809ed8a01b45,KO/TKO,1,256.0,,3,assumed_three_round_early_finish,False,True,False,False
holdout,2025-01-11,81ddc98fceb30086,ce4fc800a7456d18,KO/TKO,3,793.0,,3,assumed_three_round_early_finish,False,True,False,False
holdout,2025-01-11,81ddc98fceb30086,f46308108eb9261a,SUB,3,896.0,,3,assumed_three_round_early_finish,False,True,False,False
holdout,2025-01-18,39f68882def7a507,e294a1e5723011db,U-DEC,3,900.0,,3,inferred_from_decision_duration,False,True,True,False
holdout,2025-01-18,39f68882def7a507,95ba27bea09cd84e,U-DEC,3,900.0,,3,inferred_from_decision_duration,False,True,True,False
holdout,2025-01-18,39f68882def7a507,e5e3d396a9b1c5ae,U-DEC,3,900.0,,3,inferred_from_decision_duration,False,True,True,False
holdout,2025-01-18,39f68882def7a507,340fcdcabc49f142,U-DEC,3,900.0,,3,inferred_from_decision_duration,False,True,True,False
holdout,2025-01-18,39f68882def7a507,aa3fca085d476636,U-DEC,3,900.0,,3,inferred_from_decision_duration,False,True,True,False
holdout,2025-01-18,39f68882def7a507,a6db8eb1fb3eebf2,SUB,2,513.0,,3,assumed_three_round_early_finish,False,True,False,False
holdout,2025-01-18,39f68882def7a507,938081fae11dcbbf,KO/TKO,1,184.0,,3,assumed_three_round_early_finish,False,True,False,False
holdout,2025-01-18,39f68882def7a507,d14f98b24691d082,U-DEC,3,900.0,,3,inferred_from_decision_duration,False,True,True,False
holdout,2025-01-18,39f68882def7a507,69d63c057aebffaf,SUB,1,211.0,,3,assumed_three_round_early_finish,False,True,False,False
holdout,2025-01-18,39f68882def7a507,54d48b33e7240452,KO/TKO,1,293.0,,3,assumed_three_round_early_finish,False,True,False,False
holdout,2025-01-18,39f68882def7a507,959fea398ffa5778,KO/TKO,3,781.0,,3,assumed_three_round_early_finish,False,True,False,False
holdout,2025-01-18,39f68882def7a507,f39941b3743bf18c,U-DEC,5,1500.0,,5,inferred_from_decision_duration,True,False,True,False
holdout,2025-01-18,39f68882def7a507,daef1691c7d6b1e4,SUB,1,245.0,,3,assumed_three_round_early_finish,False,True,False,False
holdout,2025-02-01,80dbeb1dd5b53e64,984ce1062186f3ce,S-DEC,3,900.0,,3,inferred_from_decision_duration,False,True,True,False
holdout,2025-02-01,80dbeb1dd5b53e64,750257171ad29a2c,KO/TKO,2,562.0,,3,assumed_three_round_early_finish,False,True,False,False
holdout,2025-02-01,80dbeb1dd5b53e64,91bf33ada75d6061,U-DEC,3,900.0,,3,inferred_from_decision_duration,False,True,True,False
holdout,2025-02-01,80dbeb1dd5b53e64,e97e71a593e4c28d,KO/TKO,1,121.0,,3,assumed_three_round_early_finish,False,True,False,False
holdout,2025-02-01,80dbeb1dd5b53e64,43bbaf06603b0f0c,KO/TKO,1,192.0,,3,assumed_three_round_early_finish,False,True,False,False
holdout,2025-02-01,80dbeb1dd5b53e64,940f586104bf8bc8,U-DEC,3,900.0,,3,inferred_from_decision_duration,False,True,True,False
holdout,2025-02-01,80dbeb1dd5b53e64,775788423f5eeb99,U-DEC,3,900.0,,3,inferred_from_decision_duration,False,True,True,False
holdout,2025-02-01,80dbeb1dd5b53e64,70b8dca3addcf4de,U-DEC,3,900.0,,3,inferred_from_decision_duration,False,True,True,False
holdout,2025-02-01,80dbeb1dd5b53e64,3c00f34f20c8a189,U-DEC,3,900.0,,3,inferred_from_decision_duration,False,True,True,False
holdout,2025-02-01,80dbeb1dd5b53e64,426e7a3de68117b0,U-DEC,3,900.0,,3,inferred_from_decision_duration,False,True,True,False
holdout,2025-02-01,80dbeb1dd5b53e64,85e79748b75eb30e,KO/TKO,2,330.0,,3,assumed_three_round_early_finish,False,True,False,False
holdout,2025-02-08,e6015889f50075d2,4218d1d1ce6d322c,KO/TKO,1,19.0,,3,assumed_three_round_early_finish,False,True,False,False
holdout,2025-02-08,e6015889f50075d2,8bc8bb0021337de7,U-DEC,3,900.0,,3,inferred_from_decision_duration,False,True,True,False
holdout,2025-02-08,e6015889f50075d2,1f70a4516a70abf2,U-DEC,3,900.0,,3,inferred_from_decision_duration,False,True,True,False
holdout,2025-02-08,e6015889f50075d2,c7fadbdfdc14c282,U-DEC,3,900.0,,3,inferred_from_decision_duration,False,True,True,False
holdout,2025-02-08,e6015889f50075d2,946cae1beed2baec,U-DEC,3,900.0,,3,inferred_from_decision_duration,False,True,True,False
holdout,2025-02-08,e6015889f50075d2,64641156360b1b81,U-DEC,3,900.0,,3,inferred_from_decision_duration,False,True,True,False
holdout,2025-02-08,e6015889f50075d2,c35a53be30bfd066,SUB,3,726.0,,3,assumed_three_round_early_finish,False,True,False,False
holdout,2025-02-08,e6015889f50075d2,4ce53d8a26693f06,U-DEC,3,900.0,,3,inferred_from_decision_duration,False,True,True,False
holdout,2025-02-08,e6015889f50075d2,8435f90fbd50c7a5,KO/TKO,1,35.0,,3,assumed_three_round_early_finish,False,True,False,False
holdout,2025-02-08,e6015889f50075d2,03c2a836d033be8f,U-DEC,5,1500.0,,5,inferred_from_decision_duration,True,False,True,False
holdout,2025-02-08,e6015889f50075d2,d13849f49f99bf01,U-DEC,5,1500.0,,5,inferred_from_decision_duration,True,False,True,False
holdout,2025-02-15,ce7871949b0ed2bf,58668a0736602842,U-DEC,3,900.0,,3,inferred_from_decision_duration,False,True,True,False
holdout,2025-02-15,ce7871949b0ed2bf,3b2a24db4eeaeede,SUB,1,77.0,,3,assumed_three_round_early_finish,False,True,False,False
holdout,2025-02-15,ce7871949b0ed2bf,07b357090cc91c2c,U-DEC,3,900.0,,3,inferred_from_decision_duration,False,True,True,False
holdout,2025-02-15,ce7871949b0ed2bf,7b9f169016746f81,SUB,2,598.0,,3,assumed_three_round_early_finish,False,True,False,False
holdout,2025-02-15,ce7871949b0ed2bf,2ae33fce63a75df9,U-DEC,3,900.0,,3,inferred_from_decision_duration,False,True,True,False
holdout,2025-02-15,ce7871949b0ed2bf,f4817d5cbe9be532,S-DEC,3,900.0,,3,inferred_from_decision_duration,False,True,True,False
holdout,2025-02-15,ce7871949b0ed2bf,2a493f15e079a7ff,KO/TKO,1,178.0,,3,assumed_three_round_early_finish,False,True,False,False
holdout,2025-02-15,ce7871949b0ed2bf,875b249ebe45a66b,U-DEC,3,900.0,,3,inferred_from_decision_duration,False,True,True,False
holdout,2025-02-15,ce7871949b0ed2bf,ce1436a9b58902a7,KO/TKO,1,300.0,,3,assumed_three_round_early_finish,False,True,False,False
holdout,2025-02-15,ce7871949b0ed2bf,f5386c98fea7f5d4,KO/TKO,1,95.0,,3,assumed_three_round_early_finish,False,True,False,False
holdout,2025-02-15,ce7871949b0ed2bf,68913a422f548ccc,U-DEC,3,900.0,,3,inferred_from_decision_duration,False,True,True,False
holdout,2025-02-15,ce7871949b0ed2bf,365e2d891b98b86d,KO/TKO,4,921.0,,5,inferred_five_round_late_finish,False,False,False,False
holdout,2025-02-22,c50ea21fe9ef478d,b6475543ab6d20c9,KO/TKO,1,132.0,,3,assumed_three_round_early_finish,False,True,False,False
holdout,2025-02-22,c50ea21fe9ef478d,e9dfc2f009a77a8d,KO/TKO,2,333.0,,3,assumed_three_round_early_finish,False,True,False,False
holdout,2025-02-22,c50ea21fe9ef478d,615f7f894bafad82,KO/TKO,2,553.0,,3,assumed_three_round_early_finish,False,True,False,False
holdout,2025-02-22,c50ea21fe9ef478d,bc6d70ab959dce70,KO/TKO,1,238.0,,3,assumed_three_round_early_finish,False,True,False,False
holdout,2025-02-22,c50ea21fe9ef478d,e011819e721c4a2a,KO/TKO,2,504.0,,3,assumed_three_round_early_finish,False,True,False,False
holdout,2025-02-22,c50ea21fe9ef478d,3ded9bfdfb75f39b,SUB,1,270.0,,3,assumed_three_round_early_finish,False,True,False,False
holdout,2025-02-22,c50ea21fe9ef478d,08763e87e10b9709,SUB,1,171.0,,3,assumed_three_round_early_finish,False,True,False,False
holdout,2025-02-22,c50ea21fe9ef478d,c0d8a231d2f1d1af,S-DEC,3,900.0,,3,inferred_from_decision_duration,False,True,True,False
holdout,2025-02-22,c50ea21fe9ef478d,8ef7723b6a8b45e1,KO/TKO,1,255.0,,3,assumed_three_round_early_finish,False,True,False,False
holdout,2025-02-22,c50ea21fe9ef478d,19c8092496e94b85,S-DEC,3,900.0,,3,inferred_from_decision_duration,False,True,True,False
holdout,2025-02-22,c50ea21fe9ef478d,0cdca4c22b8d3ab5,U-DEC,3,900.0,,3,inferred_from_decision_duration,False,True,True,False
holdout,2025-02-22,c50ea21fe9ef478d,b959e2c1d16ff832,U-DEC,3,900.0,,3,inferred_from_decision_duration,False,True,True,False
holdout,2025-03-01,9766ed20b68c7c33,206b8c14546d71f1,U-DEC,3,900.0,,3,inferred_from_decision_duration,False,True,True,False
holdout,2025-03-01,9766ed20b68c7c33,1ada4b9ee5810e0f,U-DEC,3,900.0,,3,inferred_from_decision_duration,False,True,True,False
holdout,2025-03-01,9766ed20b68c7c33,1de799f17556b501,S-DEC,3,900.0,,3,inferred_from_decision_duration,False,True,True,False
holdout,2025-03-01,9766ed20b68c7c33,dd1df7f5a54fd9fc,U-DEC,3,900.0,,3,inferred_from_decision_duration,False,True,True,False
holdout,2025-03-01,9766ed20b68c7c33,a857acedb53ee959,KO/TKO,2,339.0,,3,assumed_three_round_early_finish,False,True,False,False
holdout,2025-03-01,9766ed20b68c7c33,d6c3b730dc9f21a5,KO/TKO,1,190.0,,3,assumed_three_round_early_finish,False,True,False,False
holdout,2025-03-01,9766ed20b68c7c33,0dfdc94c1da32e20,S-DEC,3,900.0,,3,inferred_from_decision_duration,False,True,True,False
holdout,2025-03-01,9766ed20b68c7c33,061990783b9bdb36,S-DEC,3,900.0,,3,inferred_from_decision_duration,False,True,True,False
holdout,2025-03-01,9766ed20b68c7c33,6bdf0756fb57aced,KO/TKO,1,285.0,,3,assumed_three_round_early_finish,False,True,False,False
holdout,2025-03-01,9766ed20b68c7c33,9d8a37f130db13e5,KO/TKO,3,736.0,,3,assumed_three_round_early_finish,False,True,False,False
holdout,2025-03-08,ca936c67687789e9,96c2f85b46e98e91,U-DEC,3,900.0,,3,inferred_from_decision_duration,False,True,True,False
holdout,2025-03-08,ca936c67687789e9,19fe7177254802d1,S-DEC,3,900.0,,3,inferred_from_decision_duration,False,True,True,False
holdout,2025-03-08,ca936c67687789e9,cab4937435d081d0,KO/TKO,1,256.0,,3,assumed_three_round_early_finish,False,True,False,False
holdout,2025-03-08,ca936c67687789e9,e61cb905f6152183,SUB,2,567.0,,3,assumed_three_round_early_finish,False,True,False,False
holdout,2025-03-08,ca936c67687789e9,af3e43049bc86fe9,U-DEC,3,900.0,,3,inferred_from_decision_duration,False,True,True,False
holdout,2025-03-08,ca936c67687789e9,231968c02cdfe65e,KO/TKO,1,127.0,,3,assumed_three_round_early_finish,False,True,False,False
holdout,2025-03-08,ca936c67687789e9,79f1c9f97d83ec83,U-DEC,3,900.0,,3,inferred_from_decision_duration,False,True,True,False
holdout,2025-03-08,ca936c67687789e9,a3cd6a65aaa9f104,SUB,1,149.0,,3,assumed_three_round_early_finish,False,True,False,False
holdout,2025-03-08,ca936c67687789e9,a2f31cf3a28a7730,U-DEC,3,900.0,,3,inferred_from_decision_duration,False,True,True,False
holdout,2025-03-08,ca936c67687789e9,9e05fe95a4fc63bc,U-DEC,5,1500.0,,5,inferred_from_decision_duration,True,False,True,False
holdout,2025-03-15,39f62b833e4cf126,a8f8245096eaf0cd,KO/TKO,1,100.0,,3,assumed_three_round_early_finish,False,True,False,False
holdout,2025-03-15,39f62b833e4cf126,1c62a7444808d97f,KO/TKO,1,166.0,,3,assumed_three_round_early_finish,False,True,False,False
holdout,2025-03-15,39f62b833e4cf126,5d8af316413ea2f7,SUB,3,785.0,,3,assumed_three_round_early_finish,False,True,False,False
holdout,2025-03-15,39f62b833e4cf126,5fa6543868367f4b,S-DEC,3,900.0,,3,inferred_from_decision_duration,False,True,True,False
holdout,2025-03-15,39f62b833e4cf126,cb3eb07b7152366e,SUB,1,196.0,,3,assumed_three_round_early_finish,False,True,False,False
holdout,2025-03-15,39f62b833e4cf126,29d9c5a3f2b78903,U-DEC,3,900.0,,3,inferred_from_decision_duration,False,True,True,False
holdout,2025-03-15,39f62b833e4cf126,74bc22b367cca118,KO/TKO,2,588.0,,3,assumed_three_round_early_finish,False,True,False,False
holdout,2025-03-15,39f62b833e4cf126,36db86c39ed09997,KO/TKO,1,189.0,,3,assumed_three_round_early_finish,False,True,False,False
holdout,2025-03-15,39f62b833e4cf126,e56403718205b494,SUB,2,388.0,,3,assumed_three_round_early_finish,False,True,False,False
holdout,2025-03-15,39f62b833e4cf126,ab1aa23060d4e87b,SUB,2,549.0,,3,assumed_three_round_early_finish,False,True,False,False
holdout,2025-03-15,39f62b833e4cf126,d8f40b82364b6411,U-DEC,3,900.0,,3,inferred_from_decision_duration,False,True,True,False
holdout,2025-03-15,39f62b833e4cf126,c83133ee114945ed,KO/TKO,2,439.0,,3,assumed_three_round_early_finish,False,True,False,False
holdout,2025-03-15,39f62b833e4cf126,67f7163e536d62e2,U-DEC,5,1500.0,,5,inferred_from_decision_duration,True,False,True,False
holdout,2025-03-22,cc2ad11b1f9d818b,265dbd9be8caa7de,U-DEC,3,900.0,,3,inferred_from_decision_duration,False,True,True,False
holdout,2025-03-22,cc2ad11b1f9d818b,1b02588149d126bf,S-DEC,3,900.0,,3,inferred_from_decision_duration,False,True,True,False
holdout,2025-03-22,cc2ad11b1f9d818b,a693622ad8c0d672,SUB,2,502.0,,3,assumed_three_round_early_finish,False,True,False,False
holdout,2025-03-22,cc2ad11b1f9d818b,8af2b589d5e9c1ae,U-DEC,3,900.0,,3,inferred_from_decision_duration,False,True,True,False
holdout,2025-03-22,cc2ad11b1f9d818b,dd229687cb62c871,U-DEC,3,900.0,,3,inferred_from_decision_duration,False,True,True,False
holdout,2025-03-22,cc2ad11b1f9d818b,e5a88f5c686173c4,U-DEC,3,900.0,,3,inferred_from_decision_duration,False,True,True,False
holdout,2025-03-22,cc2ad11b1f9d818b,2a1071689c3af9df,S-DEC,3,900.0,,3,inferred_from_decision_duration,False,True,True,False
holdout,2025-03-22,cc2ad11b1f9d818b,9779eb1aae1d4654,U-DEC,3,900.0,,3,inferred_from_decision_duration,False,True,True,False
holdout,2025-03-22,cc2ad11b1f9d818b,8e6640c007ad603d,SUB,2,522.0,,3,assumed_three_round_early_finish,False,True,False,False
holdout,2025-03-22,cc2ad11b1f9d818b,b5b4b69bccb9ff4a,SUB,1,272.0,,3,assumed_three_round_early_finish,False,True,False,False
holdout,2025-03-22,cc2ad11b1f9d818b,96c6be6b22385967,U-DEC,3,900.0,,3,inferred_from_decision_duration,False,True,True,False
holdout,2025-03-22,cc2ad11b1f9d818b,6d9ea9f436ed354d,U-DEC,3,900.0,,3,inferred_from_decision_duration,False,True,True,False
holdout,2025-03-22,cc2ad11b1f9d818b,371ed8497799998e,SUB,4,999.0,,5,inferred_five_round_late_finish,False,False,False,False
holdout,2025-03-29,0f7210aa8d61af8d,9f66d450af690df5,S-DEC,3,900.0,,3,inferred_from_decision_duration,False,True,True,False
holdout,2025-03-29,0f7210aa8d61af8d,e2e2537a345367d4,KO/TKO,1,246.0,,3,assumed_three_round_early_finish,False,True,False,False
holdout,2025-03-29,0f7210aa8d61af8d,7e3fc760b26b6ae4,U-DEC,3,900.0,,3,inferred_from_decision_duration,False,True,True,False
holdout,2025-03-29,0f7210aa8d61af8d,7efca050bc7be8ac,U-DEC,3,900.0,,3,inferred_from_decision_duration,False,True,True,False
holdout,2025-03-29,0f7210aa8d61af8d,41cdbcc0f3635b8f,U-DEC,3,900.0,,3,inferred_from_decision_duration,False,True,True,False
holdout,2025-03-29,0f7210aa8d61af8d,64fe6e61a24dbf39,KO/TKO,1,212.0,,3,assumed_three_round_early_finish,False,True,False,False
holdout,2025-03-29,0f7210aa8d61af8d,5ba7dd466e30169f,U-DEC,3,900.0,,3,inferred_from_decision_duration,False,True,True,False
holdout,2025-03-29,0f7210aa8d61af8d,55376d5c205fa844,KO/TKO,1,278.0,,3,assumed_three_round_early_finish,False,True,False,False
holdout,2025-03-29,0f7210aa8d61af8d,0f20c1d7c44fa5fe,U-DEC,3,900.0,,3,inferred_from_decision_duration,False,True,True,False
holdout,2025-03-29,0f7210aa8d61af8d,ab4a91a59c01d6b6,SUB,1,150.0,,3,assumed_three_round_early_finish,False,True,False,False
holdout,2025-03-29,0f7210aa8d61af8d,8fc8d66ad0074ab0,KO/TKO,1,105.0,,3,assumed_three_round_early_finish,False,True,False,False
holdout,2025-03-29,0f7210aa8d61af8d,33e301872e2b5680,U-DEC,5,1500.0,,5,inferred_from_decision_duration,True,False,True,False
holdout,2025-04-05,86b30a86664cb6e4,cca4d763b1c6de0a,U-DEC,3,900.0,,3,inferred_from_decision_duration,False,True,True,False
holdout,2025-04-05,86b30a86664cb6e4,96cc199d78732d11,U-DEC,3,900.0,,3,inferred_from_decision_duration,False,True,True,False
holdout,2025-04-05,86b30a86664cb6e4,4b1aec2395ebca14,U-DEC,3,900.0,,3,inferred_from_decision_duration,False,True,True,False
holdout,2025-04-05,86b30a86664cb6e4,fd088ce1481315a5,U-DEC,3,900.0,,3,inferred_from_decision_duration,False,True,True,False
holdout,2025-04-05,86b30a86664cb6e4,58811a4e36c53b89,KO/TKO,1,300.0,,3,assumed_three_round_early_finish,False,True,False,False
holdout,2025-04-05,86b30a86664cb6e4,76641669c1607b7a,SUB,1,253.0,,3,assumed_three_round_early_finish,False,True,False,False
holdout,2025-04-05,86b30a86664cb6e4,d1368ca941c1fefc,S-DEC,3,900.0,,3,inferred_from_decision_duration,False,True,True,False
holdout,2025-04-05,86b30a86664cb6e4,de9422207df2de64,KO/TKO,2,414.0,,3,assumed_three_round_early_finish,False,True,False,False
holdout,2025-04-05,86b30a86664cb6e4,0c80eef2f4570543,U-DEC,3,900.0,,3,inferred_from_decision_duration,False,True,True,False
holdout,2025-04-05,86b30a86664cb6e4,fc3825dd1b67e39d,KO/TKO,2,528.0,,3,assumed_three_round_early_finish,False,True,False,False
holdout,2025-04-05,86b30a86664cb6e4,a160e94fdb66de17,U-DEC,3,900.0,,3,inferred_from_decision_duration,False,True,True,False
holdout,2025-04-05,86b30a86664cb6e4,86a1be10255eea4e,U-DEC,5,1500.0,,5,inferred_from_decision_duration,True,False,True,False
holdout,2025-04-12,22f4b6cb6b1bd7fd,0e71e69359db4d1e,SUB,2,412.0,,3,assumed_three_round_early_finish,False,True,False,False
holdout,2025-04-12,22f4b6cb6b1bd7fd,b87d6f71d901355b,KO/TKO,2,496.0,,3,assumed_three_round_early_finish,False,True,False,False
holdout,2025-04-12,22f4b6cb6b1bd7fd,fd98843926965cbd,S-DEC,3,900.0,,3,inferred_from_decision_duration,False,True,True,False
holdout,2025-04-12,22f4b6cb6b1bd7fd,4bbda6c1f6cf9d4e,KO/TKO,1,169.0,,3,assumed_three_round_early_finish,False,True,False,False
holdout,2025-04-12,22f4b6cb6b1bd7fd,08e7a39eb7482ebf,KO/TKO,1,255.0,,3,assumed_three_round_early_finish,False,True,False,False
holdout,2025-04-12,22f4b6cb6b1bd7fd,11eb27a1ac74d225,U-DEC,3,900.0,,3,inferred_from_decision_duration,False,True,True,False
holdout,2025-04-12,22f4b6cb6b1bd7fd,0eccebee160137b1,U-DEC,3,900.0,,3,inferred_from_decision_duration,False,True,True,False
holdout,2025-04-12,22f4b6cb6b1bd7fd,fc43d60cbd6b0e6a,KO/TKO,3,672.0,,3,assumed_three_round_early_finish,False,True,False,False
holdout,2025-04-12,22f4b6cb6b1bd7fd,b2d731415bd367df,KO/TKO,1,144.0,,3,assumed_three_round_early_finish,False,True,False,False
holdout,2025-04-12,22f4b6cb6b1bd7fd,8c540eb4afe8c43e,SUB,2,532.0,,3,assumed_three_round_early_finish,False,True,False,False
holdout,2025-04-12,22f4b6cb6b1bd7fd,d3be5a4e0ec273e2,U-DEC,3,900.0,,3,inferred_from_decision_duration,False,True,True,False
holdout,2025-04-12,22f4b6cb6b1bd7fd,d05cb4c4135ce402,KO/TKO,3,787.0,,3,assumed_three_round_early_finish,False,True,False,False
holdout,2025-04-12,22f4b6cb6b1bd7fd,e733f148060bef2a,U-DEC,5,1500.0,,5,inferred_from_decision_duration,True,False,True,False
holdout,2025-04-26,b2e3aca4cd363477,7fd6770fe2d4f258,KO/TKO,1,151.0,,3,assumed_three_round_early_finish,False,True,False,False
holdout,2025-04-26,b2e3aca4cd363477,23201d09a78d446d,KO/TKO,2,535.0,,3,assumed_three_round_early_finish,False,True,False,False
holdout,2025-04-26,b2e3aca4cd363477,e7b3ca036835b7c2,SUB,2,409.0,,3,assumed_three_round_early_finish,False,True,False,False
holdout,2025-04-26,b2e3aca4cd363477,c2c20a04a78d9143,KO/TKO,1,119.0,,3,assumed_three_round_early_finish,False,True,False,False
holdout,2025-04-26,b2e3aca4cd363477,7d51649373d42571,U-DEC,3,900.0,,3,inferred_from_decision_duration,False,True,True,False
holdout,2025-04-26,b2e3aca4cd363477,6f3cb7ce84185dd3,S-DEC,3,900.0,,3,inferred_from_decision_duration,False,True,True,False
holdout,2025-04-26,b2e3aca4cd363477,97770b38df67b276,U-DEC,3,900.0,,3,inferred_from_decision_duration,False,True,True,False
holdout,2025-04-26,b2e3aca4cd363477,d8d22dcc1f6912e7,U-DEC,3,900.0,,3,inferred_from_decision_duration,False,True,True,False
holdout,2025-04-26,b2e3aca4cd363477,62fbdd4f0bcd3c2a,KO/TKO,1,294.0,,3,assumed_three_round_early_finish,False,True,False,False
holdout,2025-04-26,b2e3aca4cd363477,fbf83609dc96f32e,KO/TKO,2,399.0,,3,assumed_three_round_early_finish,False,True,False,False
holdout,2025-04-26,b2e3aca4cd363477,9bbd45774fb4a6eb,U-DEC,3,900.0,,3,inferred_from_decision_duration,False,True,True,False
holdout,2025-04-26,b2e3aca4cd363477,4072abf0b0c179f2,U-DEC,3,900.0,,3,inferred_from_decision_duration,False,True,True,False
holdout,2025-04-26,b2e3aca4cd363477,a526a72ade275f46,KO/TKO,1,243.0,,3,assumed_three_round_early_finish,False,True,False,False
holdout,2025-04-26,b2e3aca4cd363477,633f4b5ec767769d,U-DEC,5,1500.0,,5,inferred_from_decision_duration,True,False,True,False
holdout,2025-05-03,de20ffb3fc2e7629,469f887278324e63,U-DEC,3,900.0,,3,inferred_from_decision_duration,False,True,True,False
holdout,2025-05-03,de20ffb3fc2e7629,c445401709421fa4,U-DEC,3,900.0,,3,inferred_from_decision_duration,False,True,True,False
holdout,2025-05-03,de20ffb3fc2e7629,97b32ff27fd457a8,SUB,2,414.0,,3,assumed_three_round_early_finish,False,True,False,False
holdout,2025-05-03,de20ffb3fc2e7629,6e26a6293ea6ba62,KO/TKO,2,427.0,,3,assumed_three_round_early_finish,False,True,False,False
holdout,2025-05-03,de20ffb3fc2e7629,77ed474dfc5359ea,KO/TKO,1,164.0,,3,assumed_three_round_early_finish,False,True,False,False
holdout,2025-05-03,de20ffb3fc2e7629,2707dc2245335cc1,U-DEC,3,900.0,,3,inferred_from_decision_duration,False,True,True,False
holdout,2025-05-03,de20ffb3fc2e7629,9039959b41901412,U-DEC,3,900.0,,3,inferred_from_decision_duration,False,True,True,False
holdout,2025-05-03,de20ffb3fc2e7629,6ccd10adc968e1f0,U-DEC,3,900.0,,3,inferred_from_decision_duration,False,True,True,False
holdout,2025-05-03,de20ffb3fc2e7629,5ce29056e0cd2df9,U-DEC,3,900.0,,3,inferred_from_decision_duration,False,True,True,False
holdout,2025-05-03,de20ffb3fc2e7629,191ee545160a4e09,KO/TKO,3,672.0,,3,assumed_three_round_early_finish,False,True,False,False
holdout,2025-05-03,de20ffb3fc2e7629,380242601a2c5991,KO/TKO,2,413.0,,3,assumed_three_round_early_finish,False,True,False,False
holdout,2025-05-03,de20ffb3fc2e7629,9b3bade95e1dd484,KO/TKO,2,548.0,,3,assumed_three_round_early_finish,False,True,False,False
holdout,2025-05-10,118463dd8db16e7f,c20bd12ae7f04eff,KO/TKO,1,64.0,,3,assumed_three_round_early_finish,False,True,False,False
holdout,2025-05-10,118463dd8db16e7f,0e0a4282cd6c86d7,U-DEC,3,900.0,,3,inferred_from_decision_duration,False,True,True,False
holdout,2025-05-10,118463dd8db16e7f,6ecfa439ef900bcc,KO/TKO,1,87.0,,3,assumed_three_round_early_finish,False,True,False,False
holdout,2025-05-10,118463dd8db16e7f,99aa1f28e22bb6dd,U-DEC,3,900.0,,3,inferred_from_decision_duration,False,True,True,False
holdout,2025-05-10,118463dd8db16e7f,c812457a810dde39,S-DEC,3,900.0,,3,inferred_from_decision_duration,False,True,True,False
holdout,2025-05-10,118463dd8db16e7f,4db2d86ebe8c8abd,SUB,1,160.0,,3,assumed_three_round_early_finish,False,True,False,False
holdout,2025-05-10,118463dd8db16e7f,2521234a4bf7c615,KO/TKO,2,326.0,,3,assumed_three_round_early_finish,False,True,False,False
holdout,2025-05-10,118463dd8db16e7f,c7190cd03e53fb61,SUB,2,455.0,,3,assumed_three_round_early_finish,False,True,False,False
holdout,2025-05-10,118463dd8db16e7f,0f53eb509d0ffeb9,U-DEC,3,900.0,,3,inferred_from_decision_duration,False,True,True,False
holdout,2025-05-10,118463dd8db16e7f,891b2faf1bff38ee,U-DEC,3,900.0,,3,inferred_from_decision_duration,False,True,True,False
holdout,2025-05-10,118463dd8db16e7f,9e9d1764a015f313,U-DEC,5,1500.0,,5,inferred_from_decision_duration,True,False,True,False
holdout,2025-05-10,118463dd8db16e7f,b873c116e39c9920,U-DEC,5,1500.0,,5,inferred_from_decision_duration,True,False,True,False
holdout,2025-05-17,8ad022dd81224f61,afdd95ae7b7cdb0c,U-DEC,3,900.0,,3,inferred_from_decision_duration,False,True,True,False
holdout,2025-05-17,8ad022dd81224f61,18a7dc86279066f8,SUB,1,146.0,,3,assumed_three_round_early_finish,False,True,False,False
holdout,2025-05-17,8ad022dd81224f61,66887532be2de5ee,KO/TKO,2,330.0,,3,assumed_three_round_early_finish,False,True,False,False
holdout,2025-05-17,8ad022dd81224f61,f75fe8b384b0db11,SUB,2,599.0,,3,assumed_three_round_early_finish,False,True,False,False
holdout,2025-05-17,8ad022dd81224f61,d6e2bc6e6c0cc4fe,SUB,1,174.0,,3,assumed_three_round_early_finish,False,True,False,False
holdout,2025-05-17,8ad022dd81224f61,8ba31cf0b3164b72,KO/TKO,1,217.0,,3,assumed_three_round_early_finish,False,True,False,False
holdout,2025-05-17,8ad022dd81224f61,a9a6cca4bbf7a5db,SUB,2,523.0,,3,assumed_three_round_early_finish,False,True,False,False
holdout,2025-05-17,8ad022dd81224f61,fe2acfdaaaec3dba,U-DEC,3,900.0,,3,inferred_from_decision_duration,False,True,True,False
holdout,2025-05-17,8ad022dd81224f61,b3044bf646306e7f,U-DEC,3,900.0,,3,inferred_from_decision_duration,False,True,True,False
holdout,2025-05-17,8ad022dd81224f61,dcb27eef6441268c,U-DEC,3,900.0,,3,inferred_from_decision_duration,False,True,True,False
holdout,2025-05-17,8ad022dd81224f61,a81ad236a2f221f2,KO/TKO,1,219.0,,3,assumed_three_round_early_finish,False,True,False,False
holdout,2025-05-31,2a898bf9fb7710b3,73240bea13ed5e71,U-DEC,3,900.0,,3,inferred_from_decision_duration,False,True,True,False
holdout,2025-05-31,2a898bf9fb7710b3,ae89ba793121fe0c,U-DEC,3,900.0,,3,inferred_from_decision_duration,False,True,True,False
holdout,2025-05-31,2a898bf9fb7710b3,2521fed000747f47,SUB,1,99.0,,3,assumed_three_round_early_finish,False,True,False,False
holdout,2025-05-31,2a898bf9fb7710b3,baa2ee0bf7f97079,U-DEC,3,900.0,,3,inferred_from_decision_duration,False,True,True,False
holdout,2025-05-31,2a898bf9fb7710b3,ad68450307a21ab1,U-DEC,3,900.0,,3,inferred_from_decision_duration,False,True,True,False
holdout,2025-05-31,2a898bf9fb7710b3,106918bfbe24335d,U-DEC,3,900.0,,3,inferred_from_decision_duration,False,True,True,False
holdout,2025-05-31,2a898bf9fb7710b3,7aaa810540132a4b,KO/TKO,1,110.0,,3,assumed_three_round_early_finish,False,True,False,False
holdout,2025-05-31,2a898bf9fb7710b3,305d8c85b35a7d4e,SUB,1,196.0,,3,assumed_three_round_early_finish,False,True,False,False
holdout,2025-05-31,2a898bf9fb7710b3,212527d462690304,U-DEC,3,900.0,,3,inferred_from_decision_duration,False,True,True,False
holdout,2025-06-07,18c49685296c60e6,0e8599eca8ccfa32,U-DEC,3,900.0,,3,inferred_from_decision_duration,False,True,True,False
holdout,2025-06-07,18c49685296c60e6,2e4064e0e6d4d92e,U-DEC,3,900.0,,3,inferred_from_decision_duration,False,True,True,False
holdout,2025-06-07,18c49685296c60e6,9f4a0de31375ba04,KO/TKO,1,28.0,,3,assumed_three_round_early_finish,False,True,False,False
holdout,2025-06-07,18c49685296c60e6,d078e9046aa86307,U-DEC,3,900.0,,3,inferred_from_decision_duration,False,True,True,False
holdout,2025-06-07,18c49685296c60e6,f0488a4486a64af0,U-DEC,3,900.0,,3,inferred_from_decision_duration,False,True,True,False
holdout,2025-06-07,18c49685296c60e6,ac977a0389682124,U-DEC,3,900.0,,3,inferred_from_decision_duration,False,True,True,False
holdout,2025-06-07,18c49685296c60e6,01100a90b584215d,KO/TKO,1,205.0,,3,assumed_three_round_early_finish,False,True,False,False
holdout,2025-06-07,18c49685296c60e6,b6a87389bdc36a00,KO/TKO,3,841.0,,3,assumed_three_round_early_finish,False,True,False,False
holdout,2025-06-07,18c49685296c60e6,2129acab2280bd29,SUB,2,363.0,,3,assumed_three_round_early_finish,False,True,False,False
holdout,2025-06-07,18c49685296c60e6,df5dac45fc585fb0,U-DEC,3,900.0,,3,inferred_from_decision_duration,False,True,True,False
holdout,2025-06-07,18c49685296c60e6,e28e829800466aca,U-DEC,3,900.0,,3,inferred_from_decision_duration,False,True,True,False
holdout,2025-06-07,18c49685296c60e6,81b84b34f0357fa5,SUB,2,595.0,,3,assumed_three_round_early_finish,False,True,False,False
holdout,2025-06-07,18c49685296c60e6,e61d83e4e1f9c4d7,SUB,3,882.0,,3,assumed_three_round_early_finish,False,True,False,False
holdout,2025-06-14,de277a4abcfeea46,ab325ea526824723,U-DEC,3,900.0,,3,inferred_from_decision_duration,False,True,True,False
holdout,2025-06-14,de277a4abcfeea46,2ae7404681deb3b3,KO/TKO,3,843.0,,3,assumed_three_round_early_finish,False,True,False,False
holdout,2025-06-14,de277a4abcfeea46,59c4fdb3c0673066,U-DEC,3,900.0,,3,inferred_from_decision_duration,False,True,True,False
holdout,2025-06-14,de277a4abcfeea46,b39b8ff0d7de211a,KO/TKO,2,311.0,,3,assumed_three_round_early_finish,False,True,False,False
holdout,2025-06-14,de277a4abcfeea46,f6454f2e508626ec,KO/TKO,1,157.0,,3,assumed_three_round_early_finish,False,True,False,False
holdout,2025-06-14,de277a4abcfeea46,e861e9cc0118c670,U-DEC,3,900.0,,3,inferred_from_decision_duration,False,True,True,False
holdout,2025-06-14,de277a4abcfeea46,ec2034b134ae71cd,U-DEC,3,900.0,,3,inferred_from_decision_duration,False,True,True,False
holdout,2025-06-14,de277a4abcfeea46,08c04f18b0f58d71,U-DEC,3,636.0,,3,assumed_three_round_early_finish,False,True,True,False
holdout,2025-06-14,de277a4abcfeea46,1714950933f88ab9,U-DEC,3,900.0,,3,inferred_from_decision_duration,False,True,True,False
holdout,2025-06-14,de277a4abcfeea46,e5bd7e6e2a50a843,U-DEC,3,900.0,,3,inferred_from_decision_duration,False,True,True,False
holdout,2025-06-14,de277a4abcfeea46,79dfbbdd14fbbd11,U-DEC,3,900.0,,3,inferred_from_decision_duration,False,True,True,False
holdout,2025-06-14,de277a4abcfeea46,d75b3d3c2b209b75,U-DEC,5,1500.0,,5,inferred_from_decision_duration,True,False,True,False
holdout,2025-06-21,400c7b43c86d27d3,a12d3a6c8aaf87ca,U-DEC,3,900.0,,3,inferred_from_decision_duration,False,True,True,False
holdout,2025-06-21,400c7b43c86d27d3,8c140756bf43dcc2,U-DEC,3,900.0,,3,inferred_from_decision_duration,False,True,True,False
holdout,2025-06-21,400c7b43c86d27d3,2bfc0212f2cae65b,U-DEC,3,900.0,,3,inferred_from_decision_duration,False,True,True,False
holdout,2025-06-21,400c7b43c86d27d3,fff3218758c513b8,U-DEC,3,900.0,,3,inferred_from_decision_duration,False,True,True,False
holdout,2025-06-21,400c7b43c86d27d3,5fcf18bcd2a020f1,U-DEC,3,900.0,,3,inferred_from_decision_duration,False,True,True,False
holdout,2025-06-21,400c7b43c86d27d3,e512b80bbaea36c2,U-DEC,3,900.0,,3,inferred_from_decision_duration,False,True,True,False
holdout,2025-06-21,400c7b43c86d27d3,19764211af05674c,U-DEC,3,900.0,,3,inferred_from_decision_duration,False,True,True,False
holdout,2025-06-21,400c7b43c86d27d3,7513a00037094075,KO/TKO,2,557.0,,3,assumed_three_round_early_finish,False,True,False,False
holdout,2025-06-21,400c7b43c86d27d3,36ec204f47e4d613,SUB,1,275.0,,3,assumed_three_round_early_finish,False,True,False,False
holdout,2025-06-21,400c7b43c86d27d3,8e5744c664fec3e9,S-DEC,3,900.0,,3,inferred_from_decision_duration,False,True,True,False
holdout,2025-06-21,400c7b43c86d27d3,a1afc16e21d1a807,U-DEC,3,900.0,,3,inferred_from_decision_duration,False,True,True,False
holdout,2025-06-21,400c7b43c86d27d3,03bc32bdb5a33496,U-DEC,5,1500.0,,5,inferred_from_decision_duration,True,False,True,False
holdout,2025-06-28,66766984842c13dc,043172689e415438,U-DEC,3,900.0,,3,inferred_from_decision_duration,False,True,True,False
holdout,2025-06-28,66766984842c13dc,9bff9fe298e63357,SUB,2,543.0,,3,assumed_three_round_early_finish,False,True,False,False
holdout,2025-06-28,66766984842c13dc,d7be78c400e7e0f9,SUB,1,55.0,,3,assumed_three_round_early_finish,False,True,False,False
holdout,2025-06-28,66766984842c13dc,815ff62ca8e217be,U-DEC,3,900.0,,3,inferred_from_decision_duration,False,True,True,False
holdout,2025-06-28,66766984842c13dc,2f523b757f7f33a2,KO/TKO,1,26.0,,3,assumed_three_round_early_finish,False,True,False,False
holdout,2025-06-28,66766984842c13dc,958522de54ccc536,KO/TKO,1,261.0,,3,assumed_three_round_early_finish,False,True,False,False
holdout,2025-06-28,66766984842c13dc,f6a3c78f15ff26c7,U-DEC,3,900.0,,3,inferred_from_decision_duration,False,True,True,False
holdout,2025-06-28,66766984842c13dc,1ea9ad3b6e1cba79,U-DEC,3,900.0,,3,inferred_from_decision_duration,False,True,True,False
holdout,2025-06-28,66766984842c13dc,f722b96ae6862843,U-DEC,3,900.0,,3,inferred_from_decision_duration,False,True,True,False
holdout,2025-06-28,66766984842c13dc,8308464729ea7c40,SUB,3,715.0,,3,assumed_three_round_early_finish,False,True,False,False
holdout,2025-06-28,66766984842c13dc,7a64d63e12618ba7,KO/TKO,1,147.0,,3,assumed_three_round_early_finish,False,True,False,False
holdout,2025-07-12,7b03d9df5910917d,120d66cb0da0f3c3,KO/TKO,3,756.0,,3,assumed_three_round_early_finish,False,True,False,False
holdout,2025-07-12,7b03d9df5910917d,7f33fbdc35afd721,KO/TKO,2,548.0,,3,assumed_three_round_early_finish,False,True,False,False
holdout,2025-07-12,7b03d9df5910917d,5c650ae2193ab1bc,SUB,1,54.0,,3,assumed_three_round_early_finish,False,True,False,False
holdout,2025-07-12,7b03d9df5910917d,46bc1338a50cbeac,U-DEC,3,900.0,,3,inferred_from_decision_duration,False,True,True,False
holdout,2025-07-12,7b03d9df5910917d,d5e3be7a07c48b08,SUB,1,69.0,,3,assumed_three_round_early_finish,False,True,False,False
holdout,2025-07-12,7b03d9df5910917d,236f811290163dca,S-DEC,3,900.0,,3,inferred_from_decision_duration,False,True,True,False
holdout,2025-07-12,7b03d9df5910917d,b19bf99c7eb796bc,SUB,2,565.0,,3,assumed_three_round_early_finish,False,True,False,False
holdout,2025-07-12,7b03d9df5910917d,4b75d3b7738cb278,SUB,1,256.0,,3,assumed_three_round_early_finish,False,True,False,False
holdout,2025-07-12,7b03d9df5910917d,4e5d4a36eaaa3a78,KO/TKO,3,627.0,,3,assumed_three_round_early_finish,False,True,False,False
holdout,2025-07-12,7b03d9df5910917d,f368475c366c6d85,U-DEC,3,900.0,,3,inferred_from_decision_duration,False,True,True,False
holdout,2025-07-12,7b03d9df5910917d,2a03bc4c491b4c9a,S-DEC,3,900.0,,3,inferred_from_decision_duration,False,True,True,False
holdout,2025-07-12,7b03d9df5910917d,0adfc21045c02555,KO/TKO,1,35.0,,3,assumed_three_round_early_finish,False,True,False,False
holdout,2025-07-19,b8e2f10efb6eca85,a602c68147b752b2,KO/TKO,3,690.0,,3,assumed_three_round_early_finish,False,True,False,False
holdout,2025-07-19,b8e2f10efb6eca85,74099d470e8d2765,SUB,1,215.0,,3,assumed_three_round_early_finish,False,True,False,False
holdout,2025-07-19,b8e2f10efb6eca85,182ee320edb1b5ed,SUB,1,167.0,,3,assumed_three_round_early_finish,False,True,False,False
holdout,2025-07-19,b8e2f10efb6eca85,798652dbea086910,SUB,1,282.0,,3,assumed_three_round_early_finish,False,True,False,False
holdout,2025-07-19,b8e2f10efb6eca85,37bc72d5d211b189,KO/TKO,1,246.0,,3,assumed_three_round_early_finish,False,True,False,False
holdout,2025-07-19,b8e2f10efb6eca85,72e477b41f44e358,KO/TKO,1,70.0,,3,assumed_three_round_early_finish,False,True,False,False
holdout,2025-07-19,b8e2f10efb6eca85,df2ed8b509fbdbdc,S-DEC,3,900.0,,3,inferred_from_decision_duration,False,True,True,False
holdout,2025-07-19,b8e2f10efb6eca85,8e1feda9141602f1,U-DEC,3,900.0,,3,inferred_from_decision_duration,False,True,True,False
holdout,2025-07-19,b8e2f10efb6eca85,d2cb92fdf6a497e9,U-DEC,3,900.0,,3,inferred_from_decision_duration,False,True,True,False
holdout,2025-07-19,b8e2f10efb6eca85,a95b03e9b5a91e47,U-DEC,3,900.0,,3,inferred_from_decision_duration,False,True,True,False
holdout,2025-07-19,b8e2f10efb6eca85,acc961fd5cf5c62e,U-DEC,3,900.0,,3,inferred_from_decision_duration,False,True,True,False
holdout,2025-07-19,b8e2f10efb6eca85,5dde61734080ac4a,U-DEC,3,900.0,,3,inferred_from_decision_duration,False,True,True,False
holdout,2025-07-19,b8e2f10efb6eca85,23c963be9de38205,U-DEC,3,900.0,,3,inferred_from_decision_duration,False,True,True,False
holdout,2025-07-19,b8e2f10efb6eca85,d7507e2741fd4d05,U-DEC,5,1500.0,,5,inferred_from_decision_duration,True,False,True,False
holdout,2025-07-26,28d8638ea0a71908,0a598768f5c8d540,U-DEC,3,900.0,,3,inferred_from_decision_duration,False,True,True,False
holdout,2025-07-26,28d8638ea0a71908,23ddf51ce630028d,KO/TKO,2,600.0,,3,assumed_three_round_early_finish,False,True,False,False
holdout,2025-07-26,28d8638ea0a71908,f9dac7702609669f,U-DEC,3,900.0,,3,inferred_from_decision_duration,False,True,True,False
holdout,2025-07-26,28d8638ea0a71908,3e6067763978d862,KO/TKO,2,479.0,,3,assumed_three_round_early_finish,False,True,False,False
holdout,2025-07-26,28d8638ea0a71908,017a825c7820d12e,U-DEC,3,900.0,,3,inferred_from_decision_duration,False,True,True,False
holdout,2025-07-26,28d8638ea0a71908,7c075e3383198e14,KO/TKO,1,42.0,,3,assumed_three_round_early_finish,False,True,False,False
holdout,2025-07-26,28d8638ea0a71908,e72c691b7c68b03a,U-DEC,3,900.0,,3,inferred_from_decision_duration,False,True,True,False
holdout,2025-07-26,28d8638ea0a71908,77f960d82cda0b76,KO/TKO,1,258.0,,3,assumed_three_round_early_finish,False,True,False,False
holdout,2025-07-26,28d8638ea0a71908,887c61da1a78a5e1,U-DEC,3,900.0,,3,inferred_from_decision_duration,False,True,True,False
holdout,2025-07-26,28d8638ea0a71908,582d66ce97309e29,U-DEC,3,900.0,,3,inferred_from_decision_duration,False,True,True,False
holdout,2025-07-26,28d8638ea0a71908,d4d4ee045b0ca695,U-DEC,3,900.0,,3,inferred_from_decision_duration,False,True,True,False
holdout,2025-07-26,28d8638ea0a71908,6b8be0ee3e569ad2,S-DEC,5,1500.0,,5,inferred_from_decision_duration,True,False,True,False
holdout,2025-08-02,f2c934689243fe4e,d98d6b2c13557a87,S-DEC,3,900.0,,3,inferred_from_decision_duration,False,True,True,False
holdout,2025-08-02,f2c934689243fe4e,b47db03affb279c3,U-DEC,3,900.0,,3,inferred_from_decision_duration,False,True,True,False
holdout,2025-08-02,f2c934689243fe4e,07c2af68b6dbc4ec,SUB,1,219.0,,3,assumed_three_round_early_finish,False,True,False,False
holdout,2025-08-02,f2c934689243fe4e,b3c695728e177fd4,KO/TKO,2,391.0,,3,assumed_three_round_early_finish,False,True,False,False
holdout,2025-08-02,f2c934689243fe4e,45781930d64da456,U-DEC,3,900.0,,3,inferred_from_decision_duration,False,True,True,False
holdout,2025-08-02,f2c934689243fe4e,eeeffa7f514e0c0e,KO/TKO,1,62.0,,3,assumed_three_round_early_finish,False,True,False,False
holdout,2025-08-02,f2c934689243fe4e,111e66eb922449e4,U-DEC,3,900.0,,3,inferred_from_decision_duration,False,True,True,False
holdout,2025-08-02,f2c934689243fe4e,ac57250e3de89d5d,KO/TKO,2,579.0,,3,assumed_three_round_early_finish,False,True,False,False
holdout,2025-08-02,f2c934689243fe4e,c62ed8a6002b5360,U-DEC,3,900.0,,3,inferred_from_decision_duration,False,True,True,False
holdout,2025-08-02,f2c934689243fe4e,878941394f9e3538,U-DEC,3,900.0,,3,inferred_from_decision_duration,False,True,True,False
holdout,2025-08-02,f2c934689243fe4e,426a69e343822ab3,U-DEC,3,900.0,,3,inferred_from_decision_duration,False,True,True,False
holdout,2025-08-02,f2c934689243fe4e,282c8c6c1ed82bfb,SUB,2,366.0,,3,assumed_three_round_early_finish,False,True,False,False
holdout,2025-08-09,6cd3dfc54f01287f,857e8facd8ff7c36,S-DEC,3,900.0,,3,inferred_from_decision_duration,False,True,True,False
holdout,2025-08-09,6cd3dfc54f01287f,6ef50ed03b116b60,U-DEC,3,900.0,,3,inferred_from_decision_duration,False,True,True,False
holdout,2025-08-09,6cd3dfc54f01287f,7d923267c44dd93b,KO/TKO,1,63.0,,3,assumed_three_round_early_finish,False,True,False,False
holdout,2025-08-09,6cd3dfc54f01287f,aef44145740741b3,KO/TKO,1,144.0,,3,assumed_three_round_early_finish,False,True,False,False
holdout,2025-08-09,6cd3dfc54f01287f,ae7a8f19743e8154,KO/TKO,1,250.0,,3,assumed_three_round_early_finish,False,True,False,False
holdout,2025-08-09,6cd3dfc54f01287f,3d6571790c21527c,U-DEC,3,900.0,,3,inferred_from_decision_duration,False,True,True,False
holdout,2025-08-09,6cd3dfc54f01287f,75a84211f50c53f5,KO/TKO,1,233.0,,3,assumed_three_round_early_finish,False,True,False,False
holdout,2025-08-09,6cd3dfc54f01287f,ed5383b50ffcdded,S-DEC,3,900.0,,3,inferred_from_decision_duration,False,True,True,False
holdout,2025-08-09,6cd3dfc54f01287f,98d6771af9b0ebe5,S-DEC,3,900.0,,3,inferred_from_decision_duration,False,True,True,False
holdout,2025-08-09,6cd3dfc54f01287f,646c79a7ecd12e5f,U-DEC,3,900.0,,3,inferred_from_decision_duration,False,True,True,False
holdout,2025-08-09,6cd3dfc54f01287f,37d58369782cb86b,U-DEC,3,900.0,,3,inferred_from_decision_duration,False,True,True,False
holdout,2025-08-09,6cd3dfc54f01287f,68fe62bac7fd8bb0,SUB,4,1065.0,,5,inferred_five_round_late_finish,True,False,False,False
holdout,2025-08-16,421ccfc6ddb17958,68c423c7119004f3,SUB,2,484.0,,3,assumed_three_round_early_finish,False,True,False,False
holdout,2025-08-16,421ccfc6ddb17958,88020d22cf905792,U-DEC,3,900.0,,3,inferred_from_decision_duration,False,True,True,False
holdout,2025-08-16,421ccfc6ddb17958,bc63f1b2e52f603e,U-DEC,3,900.0,,3,inferred_from_decision_duration,False,True,True,False
holdout,2025-08-16,421ccfc6ddb17958,1d8dc0fb5d47357f,KO/TKO,1,298.0,,3,assumed_three_round_early_finish,False,True,False,False
holdout,2025-08-16,421ccfc6ddb17958,a2eafd9e1d5031b1,U-DEC,3,900.0,,3,inferred_from_decision_duration,False,True,True,False
holdout,2025-08-16,421ccfc6ddb17958,5b880d10b0ed7acc,KO/TKO,1,183.0,,3,assumed_three_round_early_finish,False,True,False,False
holdout,2025-08-16,421ccfc6ddb17958,5efd13a12be06706,SUB,2,421.0,,3,assumed_three_round_early_finish,False,True,False,False
holdout,2025-08-16,421ccfc6ddb17958,82338ba457fbe87f,SUB,2,579.0,,3,assumed_three_round_early_finish,False,True,False,False
holdout,2025-08-16,421ccfc6ddb17958,9939d7073462e07e,U-DEC,3,900.0,,3,inferred_from_decision_duration,False,True,True,False
holdout,2025-08-16,421ccfc6ddb17958,42585ce706c086de,KO/TKO,1,299.0,,3,assumed_three_round_early_finish,False,True,False,False
holdout,2025-08-16,421ccfc6ddb17958,9fa6a029f7f8241c,KO/TKO,1,201.0,,3,assumed_three_round_early_finish,False,True,False,False
holdout,2025-08-16,421ccfc6ddb17958,12cedec11b37ddc0,U-DEC,5,1500.0,,5,inferred_from_decision_duration,True,False,True,False
holdout,2025-08-23,754968e325d6f60d,7fc5f1dc2df84ac7,SUB,1,165.0,,3,assumed_three_round_early_finish,False,True,False,False
holdout,2025-08-23,754968e325d6f60d,2f6065fe0804d1d8,U-DEC,3,900.0,,3,inferred_from_decision_duration,False,True,True,False
holdout,2025-08-23,754968e325d6f60d,f0b7caa90faf47e5,KO/TKO,1,37.0,,3,assumed_three_round_early_finish,False,True,False,False
holdout,2025-08-23,754968e325d6f60d,130e622d4d2aee3e,KO/TKO,1,43.0,,3,assumed_three_round_early_finish,False,True,False,False
holdout,2025-08-23,754968e325d6f60d,f55749e32ce5c6f3,U-DEC,3,900.0,,3,inferred_from_decision_duration,False,True,True,False
holdout,2025-08-23,754968e325d6f60d,1ab1ed99a4bc5494,KO/TKO,2,575.0,,3,assumed_three_round_early_finish,False,True,False,False
holdout,2025-08-23,754968e325d6f60d,0b1460c666e66d39,U-DEC,3,900.0,,3,inferred_from_decision_duration,False,True,True,False
holdout,2025-08-23,754968e325d6f60d,1452c20d964c0a63,KO/TKO,1,213.0,,3,assumed_three_round_early_finish,False,True,False,False
holdout,2025-08-23,754968e325d6f60d,ce6bd165bef82bd7,U-DEC,3,900.0,,3,inferred_from_decision_duration,False,True,True,False
holdout,2025-08-23,754968e325d6f60d,5538d15c4eeac3b3,U-DEC,3,900.0,,3,inferred_from_decision_duration,False,True,True,False
holdout,2025-08-23,754968e325d6f60d,58080e8989927500,U-DEC,5,1500.0,,5,inferred_from_decision_duration,True,False,True,False
holdout,2025-08-23,754968e325d6f60d,2eecf0c36192e40c,KO/TKO,2,457.0,,3,assumed_three_round_early_finish,False,True,False,False
holdout,2025-09-06,6e380a4d73ab4f0e,a38010639e61885c,SUB,2,418.0,,3,assumed_three_round_early_finish,False,True,False,False
holdout,2025-09-06,6e380a4d73ab4f0e,d56a59a4c79cf515,KO/TKO,1,54.0,,3,assumed_three_round_early_finish,False,True,False,False
holdout,2025-09-06,6e380a4d73ab4f0e,b3253e2c2d111030,KO/TKO,3,703.0,,3,assumed_three_round_early_finish,False,True,False,False
holdout,2025-09-06,6e380a4d73ab4f0e,420211200a35c1d1,KO/TKO,1,181.0,,3,assumed_three_round_early_finish,False,True,False,False
holdout,2025-09-06,6e380a4d73ab4f0e,5cd2dd6075fadcce,KO/TKO,1,201.0,,3,assumed_three_round_early_finish,False,True,False,False
holdout,2025-09-06,6e380a4d73ab4f0e,23dbe713c4294c66,KO/TKO,1,123.0,,3,assumed_three_round_early_finish,False,True,False,False
holdout,2025-09-06,6e380a4d73ab4f0e,4080b4310d82b42d,KO/TKO,1,282.0,,3,assumed_three_round_early_finish,False,True,False,False
holdout,2025-09-06,6e380a4d73ab4f0e,b53031bf4bd0a330,U-DEC,3,900.0,,3,inferred_from_decision_duration,False,True,True,False
holdout,2025-09-06,6e380a4d73ab4f0e,a47123ae6e048f11,KO/TKO,3,722.0,,3,assumed_three_round_early_finish,False,True,False,False
holdout,2025-09-06,6e380a4d73ab4f0e,69b31593175f77ec,KO/TKO,2,498.0,,3,assumed_three_round_early_finish,False,True,False,False
holdout,2025-09-06,6e380a4d73ab4f0e,0149e875b31e57f8,KO/TKO,1,300.0,,3,assumed_three_round_early_finish,False,True,False,False
holdout,2025-09-06,6e380a4d73ab4f0e,d14fea43712707f0,SUB,2,476.0,,3,assumed_three_round_early_finish,False,True,False,False
holdout,2025-09-06,6e380a4d73ab4f0e,5bcd8abf6da01dae,U-DEC,5,1500.0,,5,inferred_from_decision_duration,True,False,True,False
holdout,2025-09-13,5efaaf313b652dd7,3dd2fde7bff79c51,KO/TKO,1,267.0,,3,assumed_three_round_early_finish,False,True,False,False
holdout,2025-09-13,5efaaf313b652dd7,c4a6174b0698652e,S-DEC,3,900.0,,3,inferred_from_decision_duration,False,True,True,False
holdout,2025-09-13,5efaaf313b652dd7,a1e193425e716b42,KO/TKO,3,647.0,,3,assumed_three_round_early_finish,False,True,False,False
holdout,2025-09-13,5efaaf313b652dd7,3dc1a6335d890650,U-DEC,3,900.0,,3,inferred_from_decision_duration,False,True,True,False
holdout,2025-09-13,5efaaf313b652dd7,9474f64347aade7a,U-DEC,3,900.0,,3,inferred_from_decision_duration,False,True,True,False
holdout,2025-09-13,5efaaf313b652dd7,352839a03b428e74,S-DEC,3,900.0,,3,inferred_from_decision_duration,False,True,True,False
holdout,2025-09-13,5efaaf313b652dd7,07a378b257aad5a9,SUB,1,261.0,,3,assumed_three_round_early_finish,False,True,False,False
holdout,2025-09-13,5efaaf313b652dd7,8a884a7930d75ca9,KO/TKO,1,168.0,,3,assumed_three_round_early_finish,False,True,False,False
holdout,2025-09-13,5efaaf313b652dd7,202c47db69768356,KO/TKO,2,526.0,,3,assumed_three_round_early_finish,False,True,False,False
holdout,2025-09-13,5efaaf313b652dd7,114d2f6fcd3f6f00,U-DEC,3,900.0,,3,inferred_from_decision_duration,False,True,True,False
holdout,2025-09-13,5efaaf313b652dd7,7cbfeba85f86d1bf,KO/TKO,3,747.0,,3,assumed_three_round_early_finish,False,True,False,False
holdout,2025-09-13,5efaaf313b652dd7,944b929130b23c2a,U-DEC,3,900.0,,3,inferred_from_decision_duration,False,True,True,False
holdout,2025-09-13,5efaaf313b652dd7,de1a3734be60e6a1,KO/TKO,2,588.0,,3,assumed_three_round_early_finish,False,True,False,False
holdout,2025-09-27,ed220e87bef0cc64,e35f7504d83b8b07,U-DEC,3,900.0,,3,inferred_from_decision_duration,False,True,True,False
holdout,2025-09-27,ed220e87bef0cc64,140937779a2466a7,KO/TKO,1,115.0,,3,assumed_three_round_early_finish,False,True,False,False
holdout,2025-09-27,ed220e87bef0cc64,44cd8c9f622e155f,U-DEC,3,900.0,,3,inferred_from_decision_duration,False,True,True,False
holdout,2025-09-27,ed220e87bef0cc64,81127436605d3c88,U-DEC,3,900.0,,3,inferred_from_decision_duration,False,True,True,False
holdout,2025-09-27,ed220e87bef0cc64,e2dc4fb7b5c0ce76,U-DEC,3,900.0,,3,inferred_from_decision_duration,False,True,True,False
holdout,2025-09-27,ed220e87bef0cc64,93a0a19c2c1cfe66,KO/TKO,1,161.0,,3,assumed_three_round_early_finish,False,True,False,False
holdout,2025-09-27,ed220e87bef0cc64,dc31d3260dea7dcf,U-DEC,3,900.0,,3,inferred_from_decision_duration,False,True,True,False
holdout,2025-09-27,ed220e87bef0cc64,8abad36b4c5e4070,SUB,1,248.0,,3,assumed_three_round_early_finish,False,True,False,False
holdout,2025-09-27,ed220e87bef0cc64,1ff24d5f760e0491,SUB,3,788.0,,3,assumed_three_round_early_finish,False,True,False,False
holdout,2025-09-27,ed220e87bef0cc64,38248c5d13f273e6,U-DEC,3,900.0,,3,inferred_from_decision_duration,False,True,True,False
holdout,2025-09-27,ed220e87bef0cc64,f5fb8b182020c59d,SUB,1,199.0,,3,assumed_three_round_early_finish,False,True,False,False
holdout,2025-09-27,ed220e87bef0cc64,a3ee907c77544cde,KO/TKO,1,267.0,,3,assumed_three_round_early_finish,False,True,False,False
holdout,2025-10-04,8944a0f9b2f0ce6d,98883348ddb3be33,U-DEC,3,900.0,,3,inferred_from_decision_duration,False,True,True,False
holdout,2025-10-04,8944a0f9b2f0ce6d,b98bc1ecb94ef4a5,SUB,2,444.0,,3,assumed_three_round_early_finish,False,True,False,False
holdout,2025-10-04,8944a0f9b2f0ce6d,e53fd165a3bc1f8e,U-DEC,3,900.0,,3,inferred_from_decision_duration,False,True,True,False
holdout,2025-10-04,8944a0f9b2f0ce6d,8353b491afa7bc32,U-DEC,3,900.0,,3,inferred_from_decision_duration,False,True,True,False
holdout,2025-10-04,8944a0f9b2f0ce6d,a951090fb402fd20,U-DEC,3,900.0,,3,inferred_from_decision_duration,False,True,True,False
holdout,2025-10-04,8944a0f9b2f0ce6d,1c7cc3a22ab7d907,KO/TKO,1,298.0,,3,assumed_three_round_early_finish,False,True,False,False
holdout,2025-10-04,8944a0f9b2f0ce6d,b09ecdc8ef0f0d20,S-DEC,3,900.0,,3,inferred_from_decision_duration,False,True,True,False
holdout,2025-10-04,8944a0f9b2f0ce6d,7b34aa1eb09b8301,KO/TKO,2,321.0,,3,assumed_three_round_early_finish,False,True,False,False
holdout,2025-10-04,8944a0f9b2f0ce6d,9418ebb3db2a4bae,KO/TKO,1,101.0,,3,assumed_three_round_early_finish,False,True,False,False
holdout,2025-10-04,8944a0f9b2f0ce6d,d006dd2513bd376d,SUB,2,406.0,,3,assumed_three_round_early_finish,False,True,False,False
holdout,2025-10-04,8944a0f9b2f0ce6d,84ebd144d5e79c88,SUB,1,98.0,,3,assumed_three_round_early_finish,False,True,False,False
holdout,2025-10-04,8944a0f9b2f0ce6d,2560ea97b2cce4ef,KO/TKO,3,784.0,,3,assumed_three_round_early_finish,False,True,False,False
holdout,2025-10-04,8944a0f9b2f0ce6d,a8511df8285f5c91,U-DEC,5,1500.0,,5,inferred_from_decision_duration,True,False,True,False
holdout,2025-10-04,8944a0f9b2f0ce6d,0de1ef0b9f3a79c0,KO/TKO,1,80.0,,3,assumed_three_round_early_finish,False,True,False,False
holdout,2025-10-11,9336e86cfd4ceaa1,0f9e7d0d04e24b74,SUB,2,535.0,,3,assumed_three_round_early_finish,False,True,False,False
holdout,2025-10-11,9336e86cfd4ceaa1,c547b3e95bcc5f24,KO/TKO,3,776.0,,3,assumed_three_round_early_finish,False,True,False,False
holdout,2025-10-11,9336e86cfd4ceaa1,434abaea90ccd299,U-DEC,3,900.0,,3,inferred_from_decision_duration,False,True,True,False
holdout,2025-10-11,9336e86cfd4ceaa1,546f971f9d8e0a33,SUB,2,434.0,,3,assumed_three_round_early_finish,False,True,False,False
holdout,2025-10-11,9336e86cfd4ceaa1,a815dafc89adf33b,KO/TKO,3,626.0,,3,assumed_three_round_early_finish,False,True,False,False
holdout,2025-10-11,9336e86cfd4ceaa1,766b0b26c40525de,SUB,1,282.0,,3,assumed_three_round_early_finish,False,True,False,False
holdout,2025-10-11,9336e86cfd4ceaa1,cff0abc02974fb4a,KO/TKO,1,102.0,,3,assumed_three_round_early_finish,False,True,False,False
holdout,2025-10-11,9336e86cfd4ceaa1,2aef1a91d26dde42,SUB,1,182.0,,3,assumed_three_round_early_finish,False,True,False,False
holdout,2025-10-11,9336e86cfd4ceaa1,03377f7bf8a2d5ff,KO/TKO,2,550.0,,3,assumed_three_round_early_finish,False,True,False,False
holdout,2025-10-11,9336e86cfd4ceaa1,6188b7fb3f8daacc,U-DEC,3,900.0,,3,inferred_from_decision_duration,False,True,True,False
holdout,2025-10-11,9336e86cfd4ceaa1,f295eb2a7b0ba4b7,S-DEC,3,900.0,,3,inferred_from_decision_duration,False,True,True,False
holdout,2025-10-11,9336e86cfd4ceaa1,79865287be90e4be,SUB,2,468.0,,3,assumed_three_round_early_finish,False,True,False,False
holdout,2025-10-18,38e5d9dcb0fddc42,dec301fd5e99ca46,KO/TKO,3,872.0,,3,assumed_three_round_early_finish,False,True,False,False
holdout,2025-10-18,38e5d9dcb0fddc42,87ac0e5face106b4,KO/TKO,3,655.0,,3,assumed_three_round_early_finish,False,True,False,False
holdout,2025-10-18,38e5d9dcb0fddc42,8d9458121f0c4b95,SUB,3,770.0,,3,assumed_three_round_early_finish,False,True,False,False
holdout,2025-10-18,38e5d9dcb0fddc42,096e00355c8c84ac,U-DEC,3,900.0,,3,inferred_from_decision_duration,False,True,True,False
holdout,2025-10-18,38e5d9dcb0fddc42,668a44403a130043,SUB,3,735.0,,3,assumed_three_round_early_finish,False,True,False,False
holdout,2025-10-18,38e5d9dcb0fddc42,970f083af8368f57,KO/TKO,1,21.0,,3,assumed_three_round_early_finish,False,True,False,False
holdout,2025-10-18,38e5d9dcb0fddc42,ecdbb3a5216b815e,KO/TKO,3,676.0,,3,assumed_three_round_early_finish,False,True,False,False
holdout,2025-10-18,38e5d9dcb0fddc42,3af1bdc5a510bba9,U-DEC,3,900.0,,3,inferred_from_decision_duration,False,True,True,False
holdout,2025-10-18,38e5d9dcb0fddc42,a18edcb638ba7e39,SUB,1,185.0,,3,assumed_three_round_early_finish,False,True,False,False
holdout,2025-10-18,38e5d9dcb0fddc42,c82acd7b17915591,KO/TKO,1,74.0,,3,assumed_three_round_early_finish,False,True,False,False
holdout,2025-10-18,38e5d9dcb0fddc42,857d274e47aa8c4e,S-DEC,3,900.0,,3,inferred_from_decision_duration,False,True,True,False
holdout,2025-10-18,38e5d9dcb0fddc42,cdd565a16975c711,U-DEC,3,900.0,,3,inferred_from_decision_duration,False,True,True,False
holdout,2025-10-18,38e5d9dcb0fddc42,d61373d9fdf01a12,KO/TKO,4,1200.0,,5,inferred_five_round_late_finish,True,False,False,False
holdout,2025-10-25,7956f026e2672c47,ef1519c8c1d20977,U-DEC,3,900.0,,3,inferred_from_decision_duration,False,True,True,False
holdout,2025-10-25,7956f026e2672c47,22dd728012944f0a,U-DEC,3,900.0,,3,inferred_from_decision_duration,False,True,True,False
holdout,2025-10-25,7956f026e2672c47,3fdb4c4b39218cf4,U-DEC,3,900.0,,3,inferred_from_decision_duration,False,True,True,False
holdout,2025-10-25,7956f026e2672c47,bd7394f07247d9ca,U-DEC,3,900.0,,3,inferred_from_decision_duration,False,True,True,False
holdout,2025-10-25,7956f026e2672c47,f2c2a49fed32bd75,SUB,1,84.0,,3,assumed_three_round_early_finish,False,True,False,False
holdout,2025-10-25,7956f026e2672c47,e9c034cec33b3479,M-DEC,3,900.0,,3,inferred_from_decision_duration,False,True,True,False
holdout,2025-10-25,7956f026e2672c47,0230a9dd2739add4,U-DEC,3,900.0,,3,inferred_from_decision_duration,False,True,True,False
holdout,2025-10-25,7956f026e2672c47,cb902d73389ed34b,KO/TKO,1,150.0,,3,assumed_three_round_early_finish,False,True,False,False
holdout,2025-10-25,7956f026e2672c47,ef12d2aaaadaf6d0,KO/TKO,1,191.0,,3,assumed_three_round_early_finish,False,True,False,False
holdout,2025-10-25,7956f026e2672c47,b42a3386a7dccb3d,S-DEC,3,900.0,,3,inferred_from_decision_duration,False,True,True,False
holdout,2025-10-25,7956f026e2672c47,e69f9b4b9cae12a4,U-DEC,3,900.0,,3,inferred_from_decision_duration,False,True,True,False
holdout,2025-10-25,7956f026e2672c47,7d3da3c4153717de,U-DEC,5,1500.0,,5,inferred_from_decision_duration,True,False,True,False
holdout,2025-11-01,0e2c2daf11b5d8f2,7add5901fac6ab82,SUB,3,876.0,,3,assumed_three_round_early_finish,False,True,False,False
holdout,2025-11-01,0e2c2daf11b5d8f2,e6031b5937294176,U-DEC,3,900.0,,3,inferred_from_decision_duration,False,True,True,False
holdout,2025-11-01,0e2c2daf11b5d8f2,32927d50acedb507,U-DEC,3,900.0,,3,inferred_from_decision_duration,False,True,True,False
holdout,2025-11-01,0e2c2daf11b5d8f2,760150e9951e65fa,S-DEC,3,900.0,,3,inferred_from_decision_duration,False,True,True,False
holdout,2025-11-01,0e2c2daf11b5d8f2,c245be6698c1e378,SUB,2,385.0,,3,assumed_three_round_early_finish,False,True,False,False
holdout,2025-11-01,0e2c2daf11b5d8f2,58f6248da3cdf3ce,U-DEC,3,900.0,,3,inferred_from_decision_duration,False,True,True,False
holdout,2025-11-01,0e2c2daf11b5d8f2,f063bcccbbb9edc5,SUB,1,213.0,,3,assumed_three_round_early_finish,False,True,False,False
holdout,2025-11-01,0e2c2daf11b5d8f2,f41c2c82d5117230,SUB,2,493.0,,3,assumed_three_round_early_finish,False,True,False,False
holdout,2025-11-01,0e2c2daf11b5d8f2,71c8ca7442bcb757,SUB,3,869.0,,3,assumed_three_round_early_finish,False,True,False,False
holdout,2025-11-01,0e2c2daf11b5d8f2,767b78b67c7da17c,SUB,1,221.0,,3,assumed_three_round_early_finish,False,True,False,False
holdout,2025-11-01,0e2c2daf11b5d8f2,b0f68344e01884ff,U-DEC,3,900.0,,3,inferred_from_decision_duration,False,True,True,False
holdout,2025-11-01,0e2c2daf11b5d8f2,9d9390b550d77e06,KO/TKO,1,239.0,,3,assumed_three_round_early_finish,False,True,False,False
holdout,2025-11-01,0e2c2daf11b5d8f2,747d922b329b7f30,KO/TKO,1,214.0,,3,assumed_three_round_early_finish,False,True,False,False
holdout,2025-11-08,6436029b50a9c255,84b66bf7fba2d59d,SUB,2,398.0,,3,assumed_three_round_early_finish,False,True,False,False
holdout,2025-11-08,6436029b50a9c255,238c274c90587e21,SUB,2,563.0,,3,assumed_three_round_early_finish,False,True,False,False
holdout,2025-11-08,6436029b50a9c255,9126633d921afb57,U-DEC,3,900.0,,3,inferred_from_decision_duration,False,True,True,False
holdout,2025-11-08,6436029b50a9c255,87dcb3eab20f6ac1,KO/TKO,1,56.0,,3,assumed_three_round_early_finish,False,True,False,False
holdout,2025-11-08,6436029b50a9c255,80eae31bc0a94a65,U-DEC,3,900.0,,3,inferred_from_decision_duration,False,True,True,False
holdout,2025-11-08,6436029b50a9c255,c6d56aad93f98249,U-DEC,3,900.0,,3,inferred_from_decision_duration,False,True,True,False
holdout,2025-11-08,6436029b50a9c255,e3d657dd88864ba7,U-DEC,3,900.0,,3,inferred_from_decision_duration,False,True,True,False
holdout,2025-11-08,6436029b50a9c255,ac4343150638b635,KO/TKO,2,500.0,,3,assumed_three_round_early_finish,False,True,False,False
holdout,2025-11-08,6436029b50a9c255,20971ed9a842b0cb,KO/TKO,2,570.0,,3,assumed_three_round_early_finish,False,True,False,False
holdout,2025-11-08,6436029b50a9c255,b23fa678cc65cf5b,KO/TKO,1,63.0,,3,assumed_three_round_early_finish,False,True,False,False
holdout,2025-11-08,6436029b50a9c255,f7e9bd2d6f81aeae,SUB,1,174.0,,3,assumed_three_round_early_finish,False,True,False,False
holdout,2025-11-08,6436029b50a9c255,4e224ebb6394611d,KO/TKO,2,400.0,,3,assumed_three_round_early_finish,False,True,False,False
holdout,2025-11-15,8db1b36dde268ef6,1a5378e32e8519ef,U-DEC,3,900.0,,3,inferred_from_decision_duration,False,True,True,False
holdout,2025-11-15,8db1b36dde268ef6,c037cf1f7b429d5e,KO/TKO,3,698.0,,3,assumed_three_round_early_finish,False,True,False,False
holdout,2025-11-15,8db1b36dde268ef6,6c2c6a6e3f4d04db,U-DEC,3,900.0,,3,inferred_from_decision_duration,False,True,True,False
holdout,2025-11-15,8db1b36dde268ef6,e3cbd663732f4a98,U-DEC,3,900.0,,3,inferred_from_decision_duration,False,True,True,False
holdout,2025-11-15,8db1b36dde268ef6,9bbdc2a2ab334541,SUB,1,50.0,,3,assumed_three_round_early_finish,False,True,False,False
holdout,2025-11-15,8db1b36dde268ef6,e313286b307334a7,U-DEC,3,900.0,,3,inferred_from_decision_duration,False,True,True,False
holdout,2025-11-15,8db1b36dde268ef6,909cd8633507a0c8,SUB,2,584.0,,3,assumed_three_round_early_finish,False,True,False,False
holdout,2025-11-15,8db1b36dde268ef6,ebb012c5f3fd0cbb,U-DEC,3,900.0,,3,inferred_from_decision_duration,False,True,True,False
holdout,2025-11-15,8db1b36dde268ef6,292b83afa418635f,KO/TKO,3,744.0,,3,assumed_three_round_early_finish,False,True,False,False
holdout,2025-11-15,8db1b36dde268ef6,9b5f190cd3f5ce16,KO/TKO,1,16.0,,3,assumed_three_round_early_finish,False,True,False,False
holdout,2025-11-15,8db1b36dde268ef6,3c60884853766487,KO/TKO,2,388.0,,3,assumed_three_round_early_finish,False,True,False,False
holdout,2025-11-15,8db1b36dde268ef6,477af74ea3cbba8b,KO/TKO,1,207.0,,3,assumed_three_round_early_finish,False,True,False,False
holdout,2025-11-15,8db1b36dde268ef6,7606f6b6c19f2d73,U-DEC,5,1500.0,,5,inferred_from_decision_duration,True,False,True,False
holdout,2025-11-15,8db1b36dde268ef6,856f6ee049373843,U-DEC,5,1500.0,,5,inferred_from_decision_duration,True,False,True,False
holdout,2025-11-22,92c96df8bdab5fea,9027e156c6f1988a,U-DEC,3,900.0,,3,inferred_from_decision_duration,False,True,True,False
holdout,2025-11-22,92c96df8bdab5fea,46f81d5ecd974c1c,U-DEC,3,900.0,,3,inferred_from_decision_duration,False,True,True,False
holdout,2025-11-22,92c96df8bdab5fea,335064c3380e2f10,KO/TKO,1,86.0,,3,assumed_three_round_early_finish,False,True,False,False
holdout,2025-11-22,92c96df8bdab5fea,6f0231915cc28507,U-DEC,3,900.0,,3,inferred_from_decision_duration,False,True,True,False
holdout,2025-11-22,92c96df8bdab5fea,f5564a9eeebd4ea0,SUB,1,33.0,,3,assumed_three_round_early_finish,False,True,False,False
holdout,2025-11-22,92c96df8bdab5fea,443f30a4a856584a,SUB,3,622.0,,3,assumed_three_round_early_finish,False,True,False,False
holdout,2025-11-22,92c96df8bdab5fea,c49485cedb878cf0,S-DEC,3,900.0,,3,inferred_from_decision_duration,False,True,True,False
holdout,2025-11-22,92c96df8bdab5fea,5e6a74db89f5410c,KO/TKO,2,330.0,,3,assumed_three_round_early_finish,False,True,False,False
holdout,2025-11-22,92c96df8bdab5fea,00ee51bba08b7a08,SUB,3,738.0,,3,assumed_three_round_early_finish,False,True,False,False
holdout,2025-11-22,92c96df8bdab5fea,e8307c7686c42d8c,KO/TKO,1,82.0,,3,assumed_three_round_early_finish,False,True,False,False
holdout,2025-11-22,92c96df8bdab5fea,8ed609d80e135d94,KO/TKO,1,166.0,,3,assumed_three_round_early_finish,False,True,False,False
holdout,2025-11-22,92c96df8bdab5fea,870d374f8d9af65a,KO/TKO,1,87.0,,3,assumed_three_round_early_finish,False,True,False,False
holdout,2025-11-22,92c96df8bdab5fea,b2218930b982d9b6,U-DEC,3,900.0,,3,inferred_from_decision_duration,False,True,True,False
holdout,2025-11-22,92c96df8bdab5fea,5f5b626e67529056,SUB,2,514.0,,3,assumed_three_round_early_finish,False,True,False,False
holdout,2025-12-06,bd92cf5da5413d2a,40fa4f8b4b93884e,KO/TKO,3,621.0,,3,assumed_three_round_early_finish,False,True,False,False
holdout,2025-12-06,bd92cf5da5413d2a,964ea1777695851b,SUB,1,69.0,,3,assumed_three_round_early_finish,False,True,False,False
holdout,2025-12-06,bd92cf5da5413d2a,ea660db65bfa998f,KO/TKO,1,89.0,,3,assumed_three_round_early_finish,False,True,False,False
holdout,2025-12-06,bd92cf5da5413d2a,7af407397532f7cf,KO/TKO,1,144.0,,3,assumed_three_round_early_finish,False,True,False,False
holdout,2025-12-06,bd92cf5da5413d2a,3c683da1924b6c44,U-DEC,3,900.0,,3,inferred_from_decision_duration,False,True,True,False
holdout,2025-12-06,bd92cf5da5413d2a,10a57b983e59f727,KO/TKO,2,599.0,,3,assumed_three_round_early_finish,False,True,False,False
holdout,2025-12-06,bd92cf5da5413d2a,2417cc7bc1eea75b,U-DEC,3,900.0,,3,inferred_from_decision_duration,False,True,True,False
holdout,2025-12-06,bd92cf5da5413d2a,b3d2ac2244e4f791,SUB,1,150.0,,3,assumed_three_round_early_finish,False,True,False,False
holdout,2025-12-06,bd92cf5da5413d2a,c797b58d85c840a4,KO/TKO,1,145.0,,3,assumed_three_round_early_finish,False,True,False,False
holdout,2025-12-06,bd92cf5da5413d2a,1dc29f4c6fcdd356,U-DEC,3,900.0,,3,inferred_from_decision_duration,False,True,True,False
holdout,2025-12-06,bd92cf5da5413d2a,fbbb9e72900b71f5,KO/TKO,2,444.0,,3,assumed_three_round_early_finish,False,True,False,False
holdout,2025-12-06,bd92cf5da5413d2a,dfa692db6d39330c,KO/TKO,1,26.0,,3,assumed_three_round_early_finish,False,True,False,False
holdout,2025-12-06,bd92cf5da5413d2a,4a0db214d9721d6e,U-DEC,5,1500.0,,5,inferred_from_decision_duration,True,False,True,False
holdout,2025-12-13,bc0f994de0521926,71170fb7ade3e1f4,KO/TKO,1,125.0,,3,assumed_three_round_early_finish,False,True,False,False
holdout,2025-12-13,bc0f994de0521926,ac56a1052c4c8f63,U-DEC,3,900.0,,3,inferred_from_decision_duration,False,True,True,False
holdout,2025-12-13,bc0f994de0521926,ceb5b0f1f6daddf6,U-DEC,3,900.0,,3,inferred_from_decision_duration,False,True,True,False
holdout,2025-12-13,bc0f994de0521926,a2523a8565fe4361,KO/TKO,2,529.0,,3,assumed_three_round_early_finish,False,True,False,False
holdout,2025-12-13,bc0f994de0521926,225e93ebed9b71b8,U-DEC,3,900.0,,3,inferred_from_decision_duration,False,True,True,False
holdout,2025-12-13,bc0f994de0521926,0fca825e14429c1f,SUB,1,194.0,,3,assumed_three_round_early_finish,False,True,False,False
holdout,2025-12-13,bc0f994de0521926,fc4ab243d21b795d,S-DEC,3,900.0,,3,inferred_from_decision_duration,False,True,True,False
holdout,2025-12-13,bc0f994de0521926,93ca562453f65b8d,KO/TKO,1,74.0,,3,assumed_three_round_early_finish,False,True,False,False
holdout,2025-12-13,bc0f994de0521926,d000cb692343cdcd,U-DEC,3,900.0,,3,inferred_from_decision_duration,False,True,True,False
holdout,2025-12-13,bc0f994de0521926,24bb03f0a3415fbe,KO/TKO,2,389.0,,3,assumed_three_round_early_finish,False,True,False,False
holdout,2025-12-13,bc0f994de0521926,a5a81a39ccf9b680,KO/TKO,1,198.0,,3,assumed_three_round_early_finish,False,True,False,False
holdout,2026-01-24,00e11b5c8b7bfeeb,210fc45074fba464,KO/TKO,1,299.0,,3,assumed_three_round_early_finish,False,True,False,False
holdout,2026-01-24,00e11b5c8b7bfeeb,abfb3ed6dcb0e1f0,KO/TKO,1,299.0,,3,assumed_three_round_early_finish,False,True,False,False
holdout,2026-01-24,00e11b5c8b7bfeeb,b5aafe149bec4306,KO/TKO,1,196.0,,3,assumed_three_round_early_finish,False,True,False,False
holdout,2026-01-24,00e11b5c8b7bfeeb,780cab0cd07589e4,KO/TKO,3,897.0,,3,assumed_three_round_early_finish,False,True,False,False
holdout,2026-01-24,00e11b5c8b7bfeeb,33be2456161c14c3,U-DEC,3,900.0,,3,inferred_from_decision_duration,False,True,True,False
holdout,2026-01-24,00e11b5c8b7bfeeb,6c9f4799990c3c33,U-DEC,3,900.0,,3,inferred_from_decision_duration,False,True,True,False
holdout,2026-01-24,00e11b5c8b7bfeeb,836a188a90e479a5,U-DEC,3,900.0,,3,inferred_from_decision_duration,False,True,True,False
holdout,2026-01-24,00e11b5c8b7bfeeb,d63c9aa4f4873001,U-DEC,3,900.0,,3,inferred_from_decision_duration,False,True,True,False
holdout,2026-01-24,00e11b5c8b7bfeeb,d93ee3860196c4ae,KO/TKO,2,494.0,,3,assumed_three_round_early_finish,False,True,False,False
holdout,2026-01-24,00e11b5c8b7bfeeb,007e8e0d4a39d82c,U-DEC,3,900.0,,3,inferred_from_decision_duration,False,True,True,False
holdout,2026-01-24,00e11b5c8b7bfeeb,fa4b3f5ce8055921,U-DEC,5,1500.0,,5,inferred_from_decision_duration,True,False,True,False
holdout,2026-01-31,30ad2050273d016a,5c73e0013b859664,S-DEC,3,900.0,,3,inferred_from_decision_duration,False,True,True,False
holdout,2026-01-31,30ad2050273d016a,780bae82bdfc7112,KO/TKO,3,828.0,,3,assumed_three_round_early_finish,False,True,False,False
holdout,2026-01-31,30ad2050273d016a,ad14c502c9c5a7e9,U-DEC,3,900.0,,3,inferred_from_decision_duration,False,True,True,False
holdout,2026-01-31,30ad2050273d016a,4c1e7e1765a5438a,M-DEC,3,900.0,,3,inferred_from_decision_duration,False,True,True,False
holdout,2026-01-31,30ad2050273d016a,78912b78aa946375,SUB,2,511.0,,3,assumed_three_round_early_finish,False,True,False,False
holdout,2026-01-31,30ad2050273d016a,0047f8aadca1936f,U-DEC,3,900.0,,3,inferred_from_decision_duration,False,True,True,False
holdout,2026-01-31,30ad2050273d016a,47362cae6ba0e077,KO/TKO,2,548.0,,3,assumed_three_round_early_finish,False,True,False,False
holdout,2026-01-31,30ad2050273d016a,d94f1b32a81e3fa1,SUB,2,498.0,,3,assumed_three_round_early_finish,False,True,False,False
holdout,2026-01-31,30ad2050273d016a,32e9bc4d0a19a923,SUB,1,182.0,,3,assumed_three_round_early_finish,False,True,False,False
holdout,2026-01-31,30ad2050273d016a,67765535bd0b6bdf,U-DEC,3,900.0,,3,inferred_from_decision_duration,False,True,True,False
holdout,2026-01-31,30ad2050273d016a,57d7a683b85bb87b,KO/TKO,2,570.0,,3,assumed_three_round_early_finish,False,True,False,False
holdout,2026-01-31,30ad2050273d016a,a7ae8f6eb5fc3a79,KO/TKO,2,585.0,,3,assumed_three_round_early_finish,False,True,False,False
holdout,2026-01-31,30ad2050273d016a,b06b43670238c2d8,U-DEC,5,1500.0,,5,inferred_from_decision_duration,True,False,True,False
holdout,2026-02-07,c337c3c85b1871e0,2bbfbb234c255249,U-DEC,3,900.0,,3,inferred_from_decision_duration,False,True,True,False
holdout,2026-02-07,c337c3c85b1871e0,9d30c887e8bd8824,SUB,3,899.0,,3,assumed_three_round_early_finish,False,True,False,False
holdout,2026-02-07,c337c3c85b1871e0,84e8ccc3c97c2b4c,U-DEC,3,900.0,,3,inferred_from_decision_duration,False,True,True,False
holdout,2026-02-07,c337c3c85b1871e0,86df0e75f41784d8,U-DEC,3,900.0,,3,inferred_from_decision_duration,False,True,True,False
holdout,2026-02-07,c337c3c85b1871e0,cc5c5a8cff4c1ae9,U-DEC,3,900.0,,3,inferred_from_decision_duration,False,True,True,False
holdout,2026-02-07,c337c3c85b1871e0,abefaf1807941ee4,KO/TKO,1,102.0,,3,assumed_three_round_early_finish,False,True,False,False
holdout,2026-02-07,c337c3c85b1871e0,f964d2dda87f25f0,U-DEC,3,900.0,,3,inferred_from_decision_duration,False,True,True,False
holdout,2026-02-07,c337c3c85b1871e0,6cca11f353a2b42d,KO/TKO,2,402.0,,3,assumed_three_round_early_finish,False,True,False,False
holdout,2026-02-07,c337c3c85b1871e0,2a26c0cfa06265b7,S-DEC,3,900.0,,3,inferred_from_decision_duration,False,True,True,False
holdout,2026-02-07,c337c3c85b1871e0,8fea32ab0445859c,U-DEC,3,900.0,,3,inferred_from_decision_duration,False,True,True,False
holdout,2026-02-07,c337c3c85b1871e0,a5c5f76cf0a7c784,U-DEC,3,900.0,,3,inferred_from_decision_duration,False,True,True,False
holdout,2026-02-07,c337c3c85b1871e0,dbbf8334a2600895,U-DEC,3,900.0,,3,inferred_from_decision_duration,False,True,True,False
holdout,2026-02-07,c337c3c85b1871e0,fb4b1754d510b0d0,SUB,2,586.0,,3,assumed_three_round_early_finish,False,True,False,False
holdout,2026-02-21,79ab17db3b40831a,6e78d874097a3d22,U-DEC,3,900.0,3 Rnd (5-5-5),3,explicit_time_format,False,True,True,True
holdout,2026-02-21,79ab17db3b40831a,5b97f47cdd355cbe,U-DEC,3,900.0,3 Rnd (5-5-5),3,explicit_time_format,False,True,True,True
holdout,2026-02-21,79ab17db3b40831a,508e622130b0a84d,S-DEC,3,900.0,3 Rnd (5-5-5),3,explicit_time_format,False,True,True,True
holdout,2026-02-21,79ab17db3b40831a,8f9896e60047007f,U-DEC,3,900.0,3 Rnd (5-5-5),3,explicit_time_format,False,True,True,True
holdout,2026-02-21,79ab17db3b40831a,fd56a469e4589ebc,SUB,2,464.0,3 Rnd (5-5-5),3,explicit_time_format,False,True,False,True
holdout,2026-02-21,79ab17db3b40831a,ac39c1f00ae31e58,U-DEC,3,900.0,3 Rnd (5-5-5),3,explicit_time_format,False,True,True,True
holdout,2026-02-21,79ab17db3b40831a,202d3277e569ad03,U-DEC,3,900.0,3 Rnd (5-5-5),3,explicit_time_format,False,True,True,True
holdout,2026-02-21,79ab17db3b40831a,372d1dee0db8dbee,S-DEC,3,900.0,3 Rnd (5-5-5),3,explicit_time_format,False,True,True,True
holdout,2026-02-21,79ab17db3b40831a,54437b8dba3a6110,KO/TKO,1,181.0,3 Rnd (5-5-5),3,explicit_time_format,False,True,False,True
holdout,2026-02-21,79ab17db3b40831a,04b7bcc0e8488604,U-DEC,3,900.0,3 Rnd (5-5-5),3,explicit_time_format,False,True,True,True
holdout,2026-02-21,79ab17db3b40831a,dc6f6c8228390ebb,KO/TKO,1,296.0,3 Rnd (5-5-5),3,explicit_time_format,False,True,False,True
holdout,2026-02-21,79ab17db3b40831a,dd12bf51c5ed7f1e,KO/TKO,1,79.0,3 Rnd (5-5-5),3,explicit_time_format,False,True,False,True
holdout,2026-02-21,79ab17db3b40831a,8d740c844353ae0e,KO/TKO,3,743.0,5 Rnd (5-5-5-5-5),5,explicit_time_format,False,True,False,True
holdout,2026-02-28,0cfbbfa0ba6d9855,c6a85b67fdd2ef3d,KO/TKO,1,150.0,3 Rnd (5-5-5),3,explicit_time_format,False,True,False,True
holdout,2026-02-28,0cfbbfa0ba6d9855,581292ffe5b09344,SUB,1,149.0,3 Rnd (5-5-5),3,explicit_time_format,False,True,False,True
holdout,2026-02-28,0cfbbfa0ba6d9855,44d58943ac8e47e1,U-DEC,3,900.0,3 Rnd (5-5-5),3,explicit_time_format,False,True,True,True
holdout,2026-02-28,0cfbbfa0ba6d9855,6154ee95d3f4fc32,KO/TKO,1,299.0,3 Rnd (5-5-5),3,explicit_time_format,False,True,False,True
holdout,2026-02-28,0cfbbfa0ba6d9855,25ab195cefbce1d0,U-DEC,3,900.0,3 Rnd (5-5-5),3,explicit_time_format,False,True,True,True
holdout,2026-02-28,0cfbbfa0ba6d9855,c40b934d2666e351,U-DEC,3,900.0,3 Rnd (5-5-5),3,explicit_time_format,False,True,True,True
holdout,2026-02-28,0cfbbfa0ba6d9855,45ec0c5f19c9adbe,KO/TKO,1,41.0,3 Rnd (5-5-5),3,explicit_time_format,False,True,False,True
holdout,2026-02-28,0cfbbfa0ba6d9855,3b76a00f5d0400eb,U-DEC,3,900.0,3 Rnd (5-5-5),3,explicit_time_format,False,True,True,True
holdout,2026-02-28,0cfbbfa0ba6d9855,15068d7b095ca9bd,KO/TKO,2,561.0,3 Rnd (5-5-5),3,explicit_time_format,False,True,False,True
holdout,2026-02-28,0cfbbfa0ba6d9855,7df505d8260ba680,S-DEC,3,900.0,3 Rnd (5-5-5),3,explicit_time_format,False,True,True,True
holdout,2026-02-28,0cfbbfa0ba6d9855,81f3d28d30d17378,KO/TKO,2,595.0,3 Rnd (5-5-5),3,explicit_time_format,False,True,False,True
holdout,2026-02-28,0cfbbfa0ba6d9855,36d12b31957e94db,U-DEC,3,900.0,3 Rnd (5-5-5),3,explicit_time_format,False,True,True,True
holdout,2026-02-28,0cfbbfa0ba6d9855,1330b5c21269fe92,U-DEC,5,1500.0,5 Rnd (5-5-5-5-5),5,explicit_time_format,True,False,True,True
holdout,2026-03-07,15ec018d144710db,a5abdc461cb1538e,KO/TKO,1,162.0,3 Rnd (5-5-5),3,explicit_time_format,False,True,False,True
holdout,2026-03-07,15ec018d144710db,cc03e698c4b7da52,U-DEC,3,900.0,3 Rnd (5-5-5),3,explicit_time_format,False,True,True,True
holdout,2026-03-07,15ec018d144710db,a22fd3735819d858,U-DEC,3,900.0,3 Rnd (5-5-5),3,explicit_time_format,False,True,True,True
holdout,2026-03-07,15ec018d144710db,f661ef429055f8c1,U-DEC,3,900.0,3 Rnd (5-5-5),3,explicit_time_format,False,True,True,True
holdout,2026-03-07,15ec018d144710db,6feb49a6b7e8433c,SUB,2,340.0,3 Rnd (5-5-5),3,explicit_time_format,False,True,False,True
holdout,2026-03-07,15ec018d144710db,9c8d5dbd8905a715,S-DEC,3,900.0,3 Rnd (5-5-5),3,explicit_time_format,False,True,True,True
holdout,2026-03-07,15ec018d144710db,ecd16d14a138d7fb,U-DEC,3,900.0,3 Rnd (5-5-5),3,explicit_time_format,False,True,True,True
holdout,2026-03-07,15ec018d144710db,6a4738656c493ee9,KO/TKO,1,107.0,3 Rnd (5-5-5),3,explicit_time_format,False,True,False,True
holdout,2026-03-07,15ec018d144710db,f02c0adc4ae629c6,KO/TKO,2,413.0,3 Rnd (5-5-5),3,explicit_time_format,False,True,False,True
holdout,2026-03-07,15ec018d144710db,bed89a91da9d04c1,U-DEC,3,900.0,3 Rnd (5-5-5),3,explicit_time_format,False,True,True,True
holdout,2026-03-07,15ec018d144710db,d564db29997e1371,U-DEC,3,900.0,3 Rnd (5-5-5),3,explicit_time_format,False,True,True,True
holdout,2026-03-07,15ec018d144710db,f030febede41c661,U-DEC,5,1500.0,5 Rnd (5-5-5-5-5),5,explicit_time_format,True,False,True,True
holdout,2026-03-14,babc6b5745335f18,244285b7fd0ddece,U-DEC,3,900.0,3 Rnd (5-5-5),3,explicit_time_format,False,True,True,True
holdout,2026-03-14,babc6b5745335f18,32d371462c539bee,U-DEC,3,900.0,3 Rnd (5-5-5),3,explicit_time_format,False,True,True,True
holdout,2026-03-14,babc6b5745335f18,8cab057e6549afd0,SUB,1,127.0,3 Rnd (5-5-5),3,explicit_time_format,False,True,False,True
holdout,2026-03-14,babc6b5745335f18,cff81d681a01ae18,U-DEC,3,900.0,3 Rnd (5-5-5),3,explicit_time_format,False,True,True,True
holdout,2026-03-14,babc6b5745335f18,c769dd861357af9f,KO/TKO,3,852.0,3 Rnd (5-5-5),3,explicit_time_format,False,True,False,True
holdout,2026-03-14,babc6b5745335f18,f44b4e998b6829f6,SUB,2,364.0,3 Rnd (5-5-5),3,explicit_time_format,False,True,False,True
holdout,2026-03-14,babc6b5745335f18,2c330a6f7f1e55f0,U-DEC,3,900.0,3 Rnd (5-5-5),3,explicit_time_format,False,True,True,True
holdout,2026-03-14,babc6b5745335f18,f26c0bdf7689aea2,U-DEC,3,900.0,3 Rnd (5-5-5),3,explicit_time_format,False,True,True,True
holdout,2026-03-14,babc6b5745335f18,fc9168fd102e2e66,S-DEC,3,900.0,3 Rnd (5-5-5),3,explicit_time_format,False,True,True,True
holdout,2026-03-14,babc6b5745335f18,db7694f4513120d5,SUB,1,264.0,3 Rnd (5-5-5),3,explicit_time_format,False,True,False,True
holdout,2026-03-14,babc6b5745335f18,e0acd0cf4930671b,KO/TKO,2,600.0,3 Rnd (5-5-5),3,explicit_time_format,False,True,False,True
holdout,2026-03-14,babc6b5745335f18,8bee5192baec71d8,S-DEC,3,900.0,3 Rnd (5-5-5),3,explicit_time_format,False,True,True,True
holdout,2026-03-14,babc6b5745335f18,3b7b771b9578383d,U-DEC,3,900.0,3 Rnd (5-5-5),3,explicit_time_format,False,True,True,True
holdout,2026-03-14,babc6b5745335f18,f594fc5c2bc6237e,KO/TKO,1,213.0,5 Rnd (5-5-5-5-5),5,explicit_time_format,False,True,False,True
holdout,2026-03-21,69108cb8b32efe04,216bc9b661485017,KO/TKO,2,377.0,3 Rnd (5-5-5),3,explicit_time_format,False,True,False,True
holdout,2026-03-21,69108cb8b32efe04,bbe0f3653de9f6a8,U-DEC,3,900.0,3 Rnd (5-5-5),3,explicit_time_format,False,True,True,True
holdout,2026-03-21,69108cb8b32efe04,bfd17ed83ec5b598,KO/TKO,1,108.0,3 Rnd (5-5-5),3,explicit_time_format,False,True,False,True
holdout,2026-03-21,69108cb8b32efe04,8817bd21b6d0a989,U-DEC,3,900.0,3 Rnd (5-5-5),3,explicit_time_format,False,True,True,True
holdout,2026-03-21,69108cb8b32efe04,90187edeeda7e6d6,U-DEC,3,900.0,3 Rnd (5-5-5),3,explicit_time_format,False,True,True,True
holdout,2026-03-21,69108cb8b32efe04,3b9f50f07d9a1601,S-DEC,3,900.0,3 Rnd (5-5-5),3,explicit_time_format,False,True,True,True
holdout,2026-03-21,69108cb8b32efe04,3ee578ddd071ad4c,U-DEC,3,900.0,3 Rnd (5-5-5),3,explicit_time_format,False,True,True,True
holdout,2026-03-21,69108cb8b32efe04,4e58bcc0d27042fd,KO/TKO,2,331.0,3 Rnd (5-5-5),3,explicit_time_format,False,True,False,True
holdout,2026-03-21,69108cb8b32efe04,562d916f55918901,U-DEC,3,900.0,3 Rnd (5-5-5),3,explicit_time_format,False,True,True,True
holdout,2026-03-21,69108cb8b32efe04,43e26b46cbb51985,KO/TKO,1,28.0,3 Rnd (5-5-5),3,explicit_time_format,False,True,False,True
holdout,2026-03-21,69108cb8b32efe04,5ee11b727e89e8ad,U-DEC,3,900.0,3 Rnd (5-5-5),3,explicit_time_format,False,True,True,True
holdout,2026-03-21,69108cb8b32efe04,fa534aaa5b997a69,U-DEC,3,900.0,3 Rnd (5-5-5),3,explicit_time_format,False,True,True,True
holdout,2026-03-21,69108cb8b32efe04,346e3897c2ead99a,M-DEC,5,1500.0,5 Rnd (5-5-5-5-5),5,explicit_time_format,True,False,True,True
holdout,2026-03-28,5c38639f860a5542,796e1151896195aa,U-DEC,3,900.0,3 Rnd (5-5-5),3,explicit_time_format,False,True,True,True
holdout,2026-03-28,5c38639f860a5542,dbf1ee1a1912c735,KO/TKO,2,545.0,3 Rnd (5-5-5),3,explicit_time_format,False,True,False,True
holdout,2026-03-28,5c38639f860a5542,1c50e43770ba84fc,KO/TKO,1,191.0,3 Rnd (5-5-5),3,explicit_time_format,False,True,False,True
holdout,2026-03-28,5c38639f860a5542,08d4e3864c44f8a5,U-DEC,3,900.0,3 Rnd (5-5-5),3,explicit_time_format,False,True,True,True
holdout,2026-03-28,5c38639f860a5542,689384b01b40ef5c,KO/TKO,1,176.0,3 Rnd (5-5-5),3,explicit_time_format,False,True,False,True
holdout,2026-03-28,5c38639f860a5542,fa96d6252579b51e,U-DEC,3,900.0,3 Rnd (5-5-5),3,explicit_time_format,False,True,True,True
holdout,2026-03-28,5c38639f860a5542,a76e14495e61cf19,KO/TKO,1,24.0,3 Rnd (5-5-5),3,explicit_time_format,False,True,False,True
holdout,2026-03-28,5c38639f860a5542,e32dc26b11d1f81d,KO/TKO,3,819.0,3 Rnd (5-5-5),3,explicit_time_format,False,True,False,True
holdout,2026-03-28,5c38639f860a5542,f9f5071b993a5f4b,KO/TKO,1,213.0,3 Rnd (5-5-5),3,explicit_time_format,False,True,False,True
holdout,2026-03-28,5c38639f860a5542,6102e7a6dcbc62f0,SUB,1,63.0,3 Rnd (5-5-5),3,explicit_time_format,False,True,False,True
holdout,2026-03-28,5c38639f860a5542,9a0ecee6e8ca173f,KO/TKO,1,162.0,3 Rnd (5-5-5),3,explicit_time_format,False,True,False,True
holdout,2026-03-28,5c38639f860a5542,85e94a6c071fd9fa,KO/TKO,2,558.0,5 Rnd (5-5-5-5-5),5,explicit_time_format,False,True,False,True
holdout,2026-04-04,9a70f67ad2187fa3,a5a749aa0061fdb4,S-DEC,3,900.0,3 Rnd (5-5-5),3,explicit_time_format,False,True,True,True
holdout,2026-04-04,9a70f67ad2187fa3,caf13346cbcfdb03,M-DEC,3,900.0,3 Rnd (5-5-5),3,explicit_time_format,False,True,True,True
holdout,2026-04-04,9a70f67ad2187fa3,e284a194fb4648a9,SUB,3,807.0,3 Rnd (5-5-5),3,explicit_time_format,False,True,False,True
holdout,2026-04-04,9a70f67ad2187fa3,74bb036ef0493bf7,KO/TKO,2,564.0,3 Rnd (5-5-5),3,explicit_time_format,False,True,False,True
holdout,2026-04-04,9a70f67ad2187fa3,9c9c26679701b84d,KO/TKO,2,352.0,3 Rnd (5-5-5),3,explicit_time_format,False,True,False,True
holdout,2026-04-04,9a70f67ad2187fa3,af2a9d47ca8115e4,KO/TKO,2,596.0,3 Rnd (5-5-5),3,explicit_time_format,False,True,False,True
holdout,2026-04-04,9a70f67ad2187fa3,0760bc02280574dd,M-DEC,3,900.0,3 Rnd (5-5-5),3,explicit_time_format,False,True,True,True
holdout,2026-04-04,9a70f67ad2187fa3,7924f10aac3543de,U-DEC,3,900.0,3 Rnd (5-5-5),3,explicit_time_format,False,True,True,True
holdout,2026-04-04,9a70f67ad2187fa3,c27bec45d5a29a2c,KO/TKO,1,237.0,3 Rnd (5-5-5),3,explicit_time_format,False,True,False,True
holdout,2026-04-04,9a70f67ad2187fa3,fef80c98b2fba70c,KO/TKO,3,704.0,3 Rnd (5-5-5),3,explicit_time_format,False,True,False,True
holdout,2026-04-04,9a70f67ad2187fa3,ad487d1c6141d90a,SUB,1,172.0,3 Rnd (5-5-5),3,explicit_time_format,False,True,False,True
holdout,2026-04-04,9a70f67ad2187fa3,721642e7de112e9e,U-DEC,3,900.0,3 Rnd (5-5-5),3,explicit_time_format,False,True,True,True
holdout,2026-04-04,9a70f67ad2187fa3,d69bd8e53ec858dc,SUB,2,494.0,5 Rnd (5-5-5-5-5),5,explicit_time_format,False,True,False,True
holdout,2026-04-11,f3eb664db7fb1df3,5b49c3d36907c6df,U-DEC,3,900.0,3 Rnd (5-5-5),3,explicit_time_format,False,True,True,True
holdout,2026-04-11,f3eb664db7fb1df3,20868a67bea63129,SUB,1,248.0,3 Rnd (5-5-5),3,explicit_time_format,False,True,False,True
holdout,2026-04-11,f3eb664db7fb1df3,f506977877074aa6,SUB,2,449.0,3 Rnd (5-5-5),3,explicit_time_format,False,True,False,True
holdout,2026-04-11,f3eb664db7fb1df3,62b5ce408c150fa8,SUB,2,559.0,3 Rnd (5-5-5),3,explicit_time_format,False,True,False,True
holdout,2026-04-11,f3eb664db7fb1df3,b4e16fb13153efdc,U-DEC,3,900.0,3 Rnd (5-5-5),3,explicit_time_format,False,True,True,True
holdout,2026-04-11,f3eb664db7fb1df3,10ab34056720b6b4,U-DEC,3,900.0,3 Rnd (5-5-5),3,explicit_time_format,False,True,True,True
holdout,2026-04-11,f3eb664db7fb1df3,60949f33201415ca,KO/TKO,1,246.0,3 Rnd (5-5-5),3,explicit_time_format,False,True,False,True
holdout,2026-04-11,f3eb664db7fb1df3,c4d060cff018979a,S-DEC,3,900.0,3 Rnd (5-5-5),3,explicit_time_format,False,True,True,True
holdout,2026-04-11,f3eb664db7fb1df3,903552edaba48f4a,U-DEC,3,900.0,3 Rnd (5-5-5),3,explicit_time_format,False,True,True,True
holdout,2026-04-11,f3eb664db7fb1df3,aade9d76ac6c6aef,KO/TKO,3,683.0,3 Rnd (5-5-5),3,explicit_time_format,False,True,False,True
holdout,2026-04-11,f3eb664db7fb1df3,a031f062b7ffefee,KO/TKO,1,225.0,5 Rnd (5-5-5-5-5),5,explicit_time_format,False,True,False,True
holdout,2026-04-18,c3ac8d0da7b05772,32087c183dffcae0,KO/TKO,1,163.0,3 Rnd (5-5-5),3,explicit_time_format,False,True,False,True
holdout,2026-04-18,c3ac8d0da7b05772,0b6c13ab8ad7f82b,U-DEC,3,900.0,3 Rnd (5-5-5),3,explicit_time_format,False,True,True,True
holdout,2026-04-18,c3ac8d0da7b05772,bae4de7ef8c0769e,U-DEC,3,900.0,3 Rnd (5-5-5),3,explicit_time_format,False,True,True,True
holdout,2026-04-18,c3ac8d0da7b05772,85c7a0f44aa3e10a,KO/TKO,2,583.0,3 Rnd (5-5-5),3,explicit_time_format,False,True,False,True
holdout,2026-04-18,c3ac8d0da7b05772,9fab4b0ad082f670,SUB,1,142.0,3 Rnd (5-5-5),3,explicit_time_format,False,True,False,True
holdout,2026-04-18,c3ac8d0da7b05772,678440bd8274a18e,KO/TKO,1,80.0,3 Rnd (5-5-5),3,explicit_time_format,False,True,False,True
holdout,2026-04-18,c3ac8d0da7b05772,a661c0bee7c8d5af,S-DEC,3,900.0,3 Rnd (5-5-5),3,explicit_time_format,False,True,True,True
holdout,2026-04-18,c3ac8d0da7b05772,5a209522211d7530,U-DEC,3,900.0,3 Rnd (5-5-5),3,explicit_time_format,False,True,True,True
holdout,2026-04-18,c3ac8d0da7b05772,e644218737c1a778,KO/TKO,1,125.0,3 Rnd (5-5-5),3,explicit_time_format,False,True,False,True
holdout,2026-04-18,c3ac8d0da7b05772,b5299e5b946015e5,U-DEC,3,900.0,3 Rnd (5-5-5),3,explicit_time_format,False,True,True,True
holdout,2026-04-18,c3ac8d0da7b05772,32054bf2b36b0e47,KO/TKO,3,728.0,5 Rnd (5-5-5-5-5),5,explicit_time_format,False,True,False,True
holdout,2026-04-25,e60d773a0a42048a,0df4f4ac27cf2d26,U-DEC,3,900.0,3 Rnd (5-5-5),3,explicit_time_format,False,True,True,True
holdout,2026-04-25,e60d773a0a42048a,2e7f8d0ad385876d,U-DEC,3,900.0,3 Rnd (5-5-5),3,explicit_time_format,False,True,True,True
holdout,2026-04-25,e60d773a0a42048a,c7fb90f1355291e4,U-DEC,3,900.0,3 Rnd (5-5-5),3,explicit_time_format,False,True,True,True
holdout,2026-04-25,e60d773a0a42048a,d421f3cd158fd055,U-DEC,3,900.0,3 Rnd (5-5-5),3,explicit_time_format,False,True,True,True
holdout,2026-04-25,e60d773a0a42048a,dcfd594b68ff5ae1,U-DEC,3,900.0,3 Rnd (5-5-5),3,explicit_time_format,False,True,True,True
holdout,2026-04-25,e60d773a0a42048a,ef1cd6371a3f18e0,SUB,1,134.0,3 Rnd (5-5-5),3,explicit_time_format,False,True,False,True
holdout,2026-04-25,e60d773a0a42048a,67f24cf244134661,U-DEC,3,900.0,3 Rnd (5-5-5),3,explicit_time_format,False,True,True,True
holdout,2026-04-25,e60d773a0a42048a,7e551ddb1494a45f,KO/TKO,2,430.0,3 Rnd (5-5-5),3,explicit_time_format,False,True,False,True
holdout,2026-04-25,e60d773a0a42048a,348de8e364ecf041,S-DEC,3,900.0,3 Rnd (5-5-5),3,explicit_time_format,False,True,True,True
holdout,2026-04-25,e60d773a0a42048a,f5aff2f858311fbc,U-DEC,3,900.0,3 Rnd (5-5-5),3,explicit_time_format,False,True,True,True
holdout,2026-04-25,e60d773a0a42048a,84951374e4cdc679,U-DEC,3,900.0,3 Rnd (5-5-5),3,explicit_time_format,False,True,True,True
holdout,2026-04-25,e60d773a0a42048a,cb745968bd16bf56,U-DEC,3,900.0,3 Rnd (5-5-5),3,explicit_time_format,False,True,True,True
holdout,2026-04-25,e60d773a0a42048a,f524e42c36028de0,U-DEC,5,1500.0,5 Rnd (5-5-5-5-5),5,explicit_time_format,True,False,True,True
holdout,2026-05-02,872b018076f831b0,610a640a0cd81ce5,SUB,1,236.0,3 Rnd (5-5-5),3,explicit_time_format,False,True,False,True
holdout,2026-05-02,872b018076f831b0,7ac4ae301ed699ab,S-DEC,3,900.0,3 Rnd (5-5-5),3,explicit_time_format,False,True,True,True
holdout,2026-05-02,872b018076f831b0,827c64369b374989,SUB,3,710.0,3 Rnd (5-5-5),3,explicit_time_format,False,True,False,True
holdout,2026-05-02,872b018076f831b0,00bde62cac38e5e9,U-DEC,3,900.0,3 Rnd (5-5-5),3,explicit_time_format,False,True,True,True
holdout,2026-05-02,872b018076f831b0,edff38661bf2866b,U-DEC,3,900.0,3 Rnd (5-5-5),3,explicit_time_format,False,True,True,True
holdout,2026-05-02,872b018076f831b0,1cb0711cd49dd95e,KO/TKO,1,162.0,3 Rnd (5-5-5),3,explicit_time_format,False,True,False,True
holdout,2026-05-02,872b018076f831b0,46181797eb543a0b,U-DEC,3,900.0,3 Rnd (5-5-5),3,explicit_time_format,False,True,True,True
holdout,2026-05-02,872b018076f831b0,2afaa97901d5587c,U-DEC,3,900.0,3 Rnd (5-5-5),3,explicit_time_format,False,True,True,True
holdout,2026-05-02,872b018076f831b0,a564219e7a964aa6,KO/TKO,2,524.0,3 Rnd (5-5-5),3,explicit_time_format,False,True,False,True
holdout,2026-05-02,872b018076f831b0,cfc884a249141cba,KO/TKO,1,167.0,3 Rnd (5-5-5),3,explicit_time_format,False,True,False,True
holdout,2026-05-02,872b018076f831b0,afec383a96893ec5,U-DEC,3,900.0,3 Rnd (5-5-5),3,explicit_time_format,False,True,True,True
holdout,2026-05-02,872b018076f831b0,5c7c38dece435cde,KO/TKO,1,209.0,3 Rnd (5-5-5),3,explicit_time_format,False,True,False,True
holdout,2026-05-02,872b018076f831b0,eb6d9fef6c374830,KO/TKO,3,797.0,5 Rnd (5-5-5-5-5),5,explicit_time_format,False,True,False,True
holdout,2026-05-09,9eedac48b497de5a,e92d89cb2d69235e,U-DEC,3,900.0,3 Rnd (5-5-5),3,explicit_time_format,False,True,True,True
holdout,2026-05-09,9eedac48b497de5a,1f5d0b106385b2ac,SUB,3,852.0,3 Rnd (5-5-5),3,explicit_time_format,False,True,False,True
holdout,2026-05-09,9eedac48b497de5a,303018d7459323b4,U-DEC,3,900.0,3 Rnd (5-5-5),3,explicit_time_format,False,True,True,True
holdout,2026-05-09,9eedac48b497de5a,9d35723a53749931,U-DEC,3,900.0,3 Rnd (5-5-5),3,explicit_time_format,False,True,True,True
holdout,2026-05-09,9eedac48b497de5a,e50857173607d631,SUB,1,209.0,3 Rnd (5-5-5),3,explicit_time_format,False,True,False,True
holdout,2026-05-09,9eedac48b497de5a,ffcb47e17eebe6a6,SUB,3,882.0,3 Rnd (5-5-5),3,explicit_time_format,False,True,False,True
holdout,2026-05-09,9eedac48b497de5a,f88dc6e0c29cff1d,SUB,2,373.0,3 Rnd (5-5-5),3,explicit_time_format,False,True,False,True
holdout,2026-05-09,9eedac48b497de5a,770c5302e32916ea,KO/TKO,2,370.0,3 Rnd (5-5-5),3,explicit_time_format,False,True,False,True
holdout,2026-05-09,9eedac48b497de5a,1158a27a1a04b971,SUB,1,260.0,3 Rnd (5-5-5),3,explicit_time_format,False,True,False,True
holdout,2026-05-09,9eedac48b497de5a,845b8653f9cf839c,U-DEC,3,900.0,3 Rnd (5-5-5),3,explicit_time_format,False,True,True,True
holdout,2026-05-09,9eedac48b497de5a,22ba4f1b0aafbf82,U-DEC,3,900.0,3 Rnd (5-5-5),3,explicit_time_format,False,True,True,True
holdout,2026-05-09,9eedac48b497de5a,c85b530861145935,KO/TKO,5,1292.0,5 Rnd (5-5-5-5-5),5,explicit_time_format,True,False,False,True
holdout,2026-05-09,9eedac48b497de5a,70f1621080b3435c,S-DEC,5,1500.0,5 Rnd (5-5-5-5-5),5,explicit_time_format,True,False,True,True
holdout,2026-05-16,73abb7a5c57fb443,39417b7d07c2fd83,SUB,3,788.0,3 Rnd (5-5-5),3,explicit_time_format,False,True,False,True
holdout,2026-05-16,73abb7a5c57fb443,b482d4452e4d0eee,U-DEC,3,900.0,3 Rnd (5-5-5),3,explicit_time_format,False,True,True,True
holdout,2026-05-16,73abb7a5c57fb443,b98ead4eff6bf872,SUB,2,576.0,3 Rnd (5-5-5),3,explicit_time_format,False,True,False,True
holdout,2026-05-16,73abb7a5c57fb443,48cb604345f11766,KO/TKO,2,344.0,3 Rnd (5-5-5),3,explicit_time_format,False,True,False,True
holdout,2026-05-16,73abb7a5c57fb443,5f7111b982bcf6e3,U-DEC,3,900.0,3 Rnd (5-5-5),3,explicit_time_format,False,True,True,True
holdout,2026-05-16,73abb7a5c57fb443,c9e0aa88afb81dab,KO/TKO,2,471.0,3 Rnd (5-5-5),3,explicit_time_format,False,True,False,True
holdout,2026-05-16,73abb7a5c57fb443,6242cda790f2085d,U-DEC,3,900.0,3 Rnd (5-5-5),3,explicit_time_format,False,True,True,True
holdout,2026-05-16,73abb7a5c57fb443,ec32745308e2b055,KO/TKO,1,211.0,3 Rnd (5-5-5),3,explicit_time_format,False,True,False,True
holdout,2026-05-16,73abb7a5c57fb443,a6ec8573a9d38c51,SUB,2,445.0,3 Rnd (5-5-5),3,explicit_time_format,False,True,False,True
holdout,2026-05-16,73abb7a5c57fb443,57bd683efc797fc1,S-DEC,3,900.0,3 Rnd (5-5-5),3,explicit_time_format,False,True,True,True
holdout,2026-05-16,73abb7a5c57fb443,ecb7ff543dd41bf8,SUB,2,548.0,3 Rnd (5-5-5),3,explicit_time_format,False,True,False,True
holdout,2026-05-16,73abb7a5c57fb443,fc1266e2892ed111,KO/TKO,2,569.0,3 Rnd (5-5-5),3,explicit_time_format,False,True,False,True
holdout,2026-05-16,73abb7a5c57fb443,e4aa608124896794,U-DEC,5,1500.0,5 Rnd (5-5-5-5-5),5,explicit_time_format,True,False,True,True
holdout,2026-05-30,1e75e6c9de99fa76,370ff29489150560,SUB,1,244.0,3 Rnd (5-5-5),3,explicit_time_format,False,True,False,True
holdout,2026-05-30,1e75e6c9de99fa76,34d5ec676fb5bce3,KO/TKO,1,110.0,3 Rnd (5-5-5),3,explicit_time_format,False,True,False,True
holdout,2026-05-30,1e75e6c9de99fa76,3f719885c9916e06,U-DEC,3,900.0,3 Rnd (5-5-5),3,explicit_time_format,False,True,True,True
holdout,2026-05-30,1e75e6c9de99fa76,224dce2c0b03e7eb,SUB,1,199.0,3 Rnd (5-5-5),3,explicit_time_format,False,True,False,True
holdout,2026-05-30,1e75e6c9de99fa76,3bc0190fb17ba42f,KO/TKO,2,431.0,3 Rnd (5-5-5),3,explicit_time_format,False,True,False,True
holdout,2026-05-30,1e75e6c9de99fa76,bc0b3c16246e0d1d,S-DEC,3,900.0,3 Rnd (5-5-5),3,explicit_time_format,False,True,True,True
holdout,2026-05-30,1e75e6c9de99fa76,f6d09973de0f83e7,KO/TKO,1,220.0,3 Rnd (5-5-5),3,explicit_time_format,False,True,False,True
holdout,2026-05-30,1e75e6c9de99fa76,c1c9dfd0c0952f18,U-DEC,3,900.0,3 Rnd (5-5-5),3,explicit_time_format,False,True,True,True
holdout,2026-05-30,1e75e6c9de99fa76,00959e29e4a10e26,KO/TKO,1,110.0,3 Rnd (5-5-5),3,explicit_time_format,False,True,False,True
holdout,2026-05-30,1e75e6c9de99fa76,f74e4afdf6ae29d1,KO/TKO,1,39.0,3 Rnd (5-5-5),3,explicit_time_format,False,True,False,True
holdout,2026-05-30,1e75e6c9de99fa76,a23d84f15207e459,KO/TKO,1,255.0,3 Rnd (5-5-5),3,explicit_time_format,False,True,False,True
holdout,2026-05-30,1e75e6c9de99fa76,423f32dd018ac218,SUB,2,582.0,5 Rnd (5-5-5-5-5),5,explicit_time_format,False,True,False,True
holdout,2026-06-06,ba17afef01ed78b6,b0474597b2c60482,KO/TKO,1,94.0,3 Rnd (5-5-5),3,explicit_time_format,False,True,False,True
holdout,2026-06-06,ba17afef01ed78b6,a6b211d8dab5edec,S-DEC,3,900.0,3 Rnd (5-5-5),3,explicit_time_format,False,True,True,True
holdout,2026-06-06,ba17afef01ed78b6,44cfbb8c3c356c65,SUB,1,259.0,3 Rnd (5-5-5),3,explicit_time_format,False,True,False,True
holdout,2026-06-06,ba17afef01ed78b6,98e77712f99956ff,SUB,1,222.0,3 Rnd (5-5-5),3,explicit_time_format,False,True,False,True
holdout,2026-06-06,ba17afef01ed78b6,20d74ed23d3e9b3a,SUB,1,253.0,3 Rnd (5-5-5),3,explicit_time_format,False,True,False,True
holdout,2026-06-06,ba17afef01ed78b6,90940d93d6e0998f,U-DEC,3,900.0,3 Rnd (5-5-5),3,explicit_time_format,False,True,True,True
holdout,2026-06-06,ba17afef01ed78b6,5d2eedd05081ed23,KO/TKO,1,148.0,3 Rnd (5-5-5),3,explicit_time_format,False,True,False,True
holdout,2026-06-06,ba17afef01ed78b6,bfe4950b3de83e9c,KO/TKO,1,85.0,3 Rnd (5-5-5),3,explicit_time_format,False,True,False,True
holdout,2026-06-06,ba17afef01ed78b6,c47796e11a801e12,SUB,3,892.0,3 Rnd (5-5-5),3,explicit_time_format,False,True,False,True
holdout,2026-06-06,ba17afef01ed78b6,58ffa2dac4f2e7d0,U-DEC,3,900.0,3 Rnd (5-5-5),3,explicit_time_format,False,True,True,True
holdout,2026-06-06,ba17afef01ed78b6,419fff06f338f5c6,U-DEC,3,900.0,3 Rnd (5-5-5),3,explicit_time_format,False,True,True,True
holdout,2026-06-06,ba17afef01ed78b6,5c69b019e6deee41,U-DEC,5,1500.0,5 Rnd (5-5-5-5-5),5,explicit_time_format,True,False,True,True
holdout,2026-06-14,48544433372ecfa6,127ba4a1ccb3d4a6,KO/TKO,2,462.0,3 Rnd (5-5-5),3,explicit_time_format,False,True,False,True
holdout,2026-06-14,48544433372ecfa6,00e8d4b961a65d21,KO/TKO,1,274.0,3 Rnd (5-5-5),3,explicit_time_format,False,True,False,True
holdout,2026-06-14,48544433372ecfa6,9a9b30b3165b62e4,KO/TKO,1,269.0,3 Rnd (5-5-5),3,explicit_time_format,False,True,False,True
holdout,2026-06-14,48544433372ecfa6,30cdb851f6c63444,KO/TKO,2,549.0,3 Rnd (5-5-5),3,explicit_time_format,False,True,False,True
holdout,2026-06-14,48544433372ecfa6,60de0423ae6ed097,KO/TKO,2,542.0,3 Rnd (5-5-5),3,explicit_time_format,False,True,False,True
holdout,2026-06-14,48544433372ecfa6,5727d5be8c373346,KO/TKO,2,387.0,5 Rnd (5-5-5-5-5),5,explicit_time_format,False,True,False,True
holdout,2026-06-14,48544433372ecfa6,7208e40818401e88,KO/TKO,4,1200.0,5 Rnd (5-5-5-5-5),5,explicit_time_format,True,False,False,True
holdout,2026-06-20,c8661e204c66f325,9efa4de316b8bf43,U-DEC,3,900.0,3 Rnd (5-5-5),3,explicit_time_format,False,True,True,True
holdout,2026-06-20,c8661e204c66f325,b23a1a5d35eb438a,U-DEC,3,900.0,3 Rnd (5-5-5),3,explicit_time_format,False,True,True,True
holdout,2026-06-20,c8661e204c66f325,6658fe4531c86674,KO/TKO,1,23.0,3 Rnd (5-5-5),3,explicit_time_format,False,True,False,True
holdout,2026-06-20,c8661e204c66f325,8b809ba1880aded0,U-DEC,3,900.0,3 Rnd (5-5-5),3,explicit_time_format,False,True,True,True
holdout,2026-06-20,c8661e204c66f325,3b4803afa824fea3,S-DEC,3,900.0,3 Rnd (5-5-5),3,explicit_time_format,False,True,True,True
holdout,2026-06-20,c8661e204c66f325,c0980a613f24accd,SUB,1,196.0,3 Rnd (5-5-5),3,explicit_time_format,False,True,False,True
holdout,2026-06-20,c8661e204c66f325,17d31249c9ab18af,U-DEC,3,900.0,3 Rnd (5-5-5),3,explicit_time_format,False,True,True,True
holdout,2026-06-20,c8661e204c66f325,571a3eabff5c7ba7,KO/TKO,2,596.0,3 Rnd (5-5-5),3,explicit_time_format,False,True,False,True
holdout,2026-06-20,c8661e204c66f325,e4849375d1949c74,SUB,1,77.0,3 Rnd (5-5-5),3,explicit_time_format,False,True,False,True
holdout,2026-06-20,c8661e204c66f325,aaec28fa3c0c576d,SUB,1,223.0,3 Rnd (5-5-5),3,explicit_time_format,False,True,False,True
holdout,2026-06-20,c8661e204c66f325,afc021700481ac4e,KO/TKO,2,503.0,3 Rnd (5-5-5),3,explicit_time_format,False,True,False,True
holdout,2026-06-20,c8661e204c66f325,33afdd7ad43a2756,KO/TKO,3,762.0,5 Rnd (5-5-5-5-5),5,explicit_time_format,False,True,False,True
holdout,2026-06-27,31e1ea6fe6b682f8,f1cb2e7ef096ec7c,KO/TKO,3,868.0,3 Rnd (5-5-5),3,explicit_time_format,False,True,False,True
holdout,2026-06-27,31e1ea6fe6b682f8,ae0a91c8f92f4758,U-DEC,3,900.0,3 Rnd (5-5-5),3,explicit_time_format,False,True,True,True
holdout,2026-06-27,31e1ea6fe6b682f8,0e60ab32f3d03929,KO/TKO,2,395.0,3 Rnd (5-5-5),3,explicit_time_format,False,True,False,True
holdout,2026-06-27,31e1ea6fe6b682f8,1a7119f3996b5635,SUB,1,256.0,3 Rnd (5-5-5),3,explicit_time_format,False,True,False,True
holdout,2026-06-27,31e1ea6fe6b682f8,5e7f4ba1210f433d,SUB,1,238.0,3 Rnd (5-5-5),3,explicit_time_format,False,True,False,True
holdout,2026-06-27,31e1ea6fe6b682f8,48b1ee7ab45add4c,KO/TKO,1,8.0,3 Rnd (5-5-5),3,explicit_time_format,False,True,False,True
holdout,2026-06-27,31e1ea6fe6b682f8,6a35ff33b8597904,U-DEC,3,900.0,3 Rnd (5-5-5),3,explicit_time_format,False,True,True,True
holdout,2026-06-27,31e1ea6fe6b682f8,35985895d4ef321e,SUB,1,205.0,3 Rnd (5-5-5),3,explicit_time_format,False,True,False,True
holdout,2026-06-27,31e1ea6fe6b682f8,d83294b031502177,U-DEC,3,900.0,3 Rnd (5-5-5),3,explicit_time_format,False,True,True,True
holdout,2026-06-27,31e1ea6fe6b682f8,81cde317c156723b,SUB,3,813.0,3 Rnd (5-5-5),3,explicit_time_format,False,True,False,True
holdout,2026-06-27,31e1ea6fe6b682f8,809814f03ff3140c,KO/TKO,1,91.0,3 Rnd (5-5-5),3,explicit_time_format,False,True,False,True
holdout,2026-06-27,31e1ea6fe6b682f8,012c307c9d446c4d,U-DEC,3,900.0,3 Rnd (5-5-5),3,explicit_time_format,False,True,True,True
holdout,2026-06-27,31e1ea6fe6b682f8,c13dc0cccef263f7,KO/TKO,2,315.0,5 Rnd (5-5-5-5-5),5,explicit_time_format,False,True,False,True
holdout,2026-07-11,fccb0fee256b7b4d,1b6a3b0d27654d3e,SUB,2,439.0,3 Rnd (5-5-5),3,explicit_time_format,False,True,False,True
holdout,2026-07-11,fccb0fee256b7b4d,1162a74e3604c488,KO/TKO,1,75.0,3 Rnd (5-5-5),3,explicit_time_format,False,True,False,True
holdout,2026-07-11,fccb0fee256b7b4d,9e00ee7644774e18,U-DEC,3,900.0,3 Rnd (5-5-5),3,explicit_time_format,False,True,True,True
holdout,2026-07-11,fccb0fee256b7b4d,b223b10ef19f912c,KO/TKO,1,284.0,3 Rnd (5-5-5),3,explicit_time_format,False,True,False,True
holdout,2026-07-11,fccb0fee256b7b4d,e84c3f1f9a33fa90,U-DEC,3,900.0,3 Rnd (5-5-5),3,explicit_time_format,False,True,True,True
holdout,2026-07-11,fccb0fee256b7b4d,930317fde9dbc55e,KO/TKO,1,183.0,3 Rnd (5-5-5),3,explicit_time_format,False,True,False,True
holdout,2026-07-11,fccb0fee256b7b4d,e9f389ba3a1e33c4,KO/TKO,1,167.0,3 Rnd (5-5-5),3,explicit_time_format,False,True,False,True
holdout,2026-07-11,fccb0fee256b7b4d,118c25bda9392140,KO/TKO,1,151.0,3 Rnd (5-5-5),3,explicit_time_format,False,True,False,True
holdout,2026-07-11,fccb0fee256b7b4d,7765e5e779dd7dc9,KO/TKO,3,661.0,3 Rnd (5-5-5),3,explicit_time_format,False,True,False,True
holdout,2026-07-11,fccb0fee256b7b4d,a26ea74f2e908842,KO/TKO,1,299.0,3 Rnd (5-5-5),3,explicit_time_format,False,True,False,True
holdout,2026-07-11,fccb0fee256b7b4d,a3ab1979192b647c,SUB,3,820.0,3 Rnd (5-5-5),3,explicit_time_format,False,True,False,True
holdout,2026-07-11,fccb0fee256b7b4d,c572daedf2012a49,U-DEC,3,900.0,3 Rnd (5-5-5),3,explicit_time_format,False,True,True,True
holdout,2026-07-11,fccb0fee256b7b4d,130b325610c54a64,SUB,1,52.0,3 Rnd (5-5-5),3,explicit_time_format,False,True,False,True
holdout,2026-07-11,fccb0fee256b7b4d,989760fa75321d69,KO/TKO,1,69.0,5 Rnd (5-5-5-5-5),5,explicit_time_format,False,True,False,True
holdout,2026-07-18,f354c50b8d63d9b3,307ea95ad7ebe466,SUB,1,244.0,3 Rnd (5-5-5),3,explicit_time_format,False,True,False,True
holdout,2026-07-18,f354c50b8d63d9b3,e05155c1b5c2dc74,KO/TKO,1,100.0,3 Rnd (5-5-5),3,explicit_time_format,False,True,False,True
holdout,2026-07-18,f354c50b8d63d9b3,410e6b9e01660b35,U-DEC,3,900.0,3 Rnd (5-5-5),3,explicit_time_format,False,True,True,True
holdout,2026-07-18,f354c50b8d63d9b3,9e525f939fba3e73,U-DEC,3,900.0,3 Rnd (5-5-5),3,explicit_time_format,False,True,True,True
holdout,2026-07-18,f354c50b8d63d9b3,46d800ce45fdd3e6,KO/TKO,2,400.0,3 Rnd (5-5-5),3,explicit_time_format,False,True,False,True
holdout,2026-07-18,f354c50b8d63d9b3,f2eb569176e46edf,U-DEC,3,900.0,3 Rnd (5-5-5),3,explicit_time_format,False,True,True,True
holdout,2026-07-18,f354c50b8d63d9b3,3bd159c1bed14700,U-DEC,3,900.0,3 Rnd (5-5-5),3,explicit_time_format,False,True,True,True
holdout,2026-07-18,f354c50b8d63d9b3,c64c6ba6eb1e1d06,KO/TKO,3,809.0,3 Rnd (5-5-5),3,explicit_time_format,False,True,False,True
holdout,2026-07-18,f354c50b8d63d9b3,52ddf20a10890b41,U-DEC,3,900.0,3 Rnd (5-5-5),3,explicit_time_format,False,True,True,True
holdout,2026-07-18,f354c50b8d63d9b3,f2abca7379982d4f,SUB,1,135.0,3 Rnd (5-5-5),3,explicit_time_format,False,True,False,True
holdout,2026-07-18,f354c50b8d63d9b3,4eff5a845db17572,U-DEC,3,900.0,3 Rnd (5-5-5),3,explicit_time_format,False,True,True,True
holdout,2026-07-18,f354c50b8d63d9b3,701c97405da76603,U-DEC,5,1500.0,5 Rnd (5-5-5-5-5),5,explicit_time_format,True,False,True,True
holdout,2026-07-25,681d07e328798ec0,532340708f0500bd,SUB,3,787.0,3 Rnd (5-5-5),3,explicit_time_format,False,True,False,True
holdout,2026-07-25,681d07e328798ec0,3859314324918eeb,U-DEC,3,900.0,3 Rnd (5-5-5),3,explicit_time_format,False,True,True,True
holdout,2026-07-25,681d07e328798ec0,3ac870d6e7d323b7,U-DEC,3,900.0,3 Rnd (5-5-5),3,explicit_time_format,False,True,True,True
holdout,2026-07-25,681d07e328798ec0,a122306d0ce5fbfb,SUB,1,284.0,3 Rnd (5-5-5),3,explicit_time_format,False,True,False,True
holdout,2026-07-25,681d07e328798ec0,f6e6b004f07363e9,KO/TKO,2,486.0,3 Rnd (5-5-5),3,explicit_time_format,False,True,False,True
holdout,2026-07-25,681d07e328798ec0,05bc7a042156b6f6,KO/TKO,2,589.0,3 Rnd (5-5-5),3,explicit_time_format,False,True,False,True
holdout,2026-07-25,681d07e328798ec0,d7070ab1b2144f8d,SUB,1,92.0,3 Rnd (5-5-5),3,explicit_time_format,False,True,False,True
holdout,2026-07-25,681d07e328798ec0,61280e5644189c61,U-DEC,3,900.0,3 Rnd (5-5-5),3,explicit_time_format,False,True,True,True
holdout,2026-07-25,681d07e328798ec0,5ffb251c6ea48b65,KO/TKO,3,672.0,3 Rnd (5-5-5),3,explicit_time_format,False,True,False,True
holdout,2026-07-25,681d07e328798ec0,4ace64aa144389c5,U-DEC,3,900.0,3 Rnd (5-5-5),3,explicit_time_format,False,True,True,True
holdout,2026-07-25,681d07e328798ec0,c36cd04f8f560f0a,KO/TKO,1,261.0,3 Rnd (5-5-5),3,explicit_time_format,False,True,False,True
holdout,2026-07-25,681d07e328798ec0,9009ec7b91f2be14,KO/TKO,5,1361.0,5 Rnd (5-5-5-5-5),5,explicit_time_format,True,False,False,True
holdout,2026-08-01,1a50e734bb54861a,878a7e6fec3e4573,SUB,1,200.0,3 Rnd (5-5-5),3,explicit_time_format,False,True,False,True
holdout,2026-08-01,1a50e734bb54861a,94cef172179c9778,KO/TKO,1,142.0,3 Rnd (5-5-5),3,explicit_time_format,False,True,False,True
holdout,2026-08-01,1a50e734bb54861a,f78f34ef2ee7b02c,KO/TKO,1,221.0,3 Rnd (5-5-5),3,explicit_time_format,False,True,False,True
holdout,2026-08-01,1a50e734bb54861a,5425c577ed4f50b3,KO/TKO,1,281.0,3 Rnd (5-5-5),3,explicit_time_format,False,True,False,True
holdout,2026-08-01,1a50e734bb54861a,13aa6688d0538095,SUB,2,573.0,3 Rnd (5-5-5),3,explicit_time_format,False,True,False,True
holdout,2026-08-01,1a50e734bb54861a,4350abb4f1933f88,U-DEC,3,900.0,3 Rnd (5-5-5),3,explicit_time_format,False,True,True,True
holdout,2026-08-01,1a50e734bb54861a,f1bce0c9a3fa4bcb,KO/TKO,1,109.0,3 Rnd (5-5-5),3,explicit_time_format,False,True,False,True
holdout,2026-08-01,1a50e734bb54861a,fbd99ae7e1ff993a,KO/TKO,2,547.0,3 Rnd (5-5-5),3,explicit_time_format,False,True,False,True
holdout,2026-08-01,1a50e734bb54861a,fec91da886d80200,SUB,1,81.0,3 Rnd (5-5-5),3,explicit_time_format,False,True,False,True
holdout,2026-08-01,1a50e734bb54861a,7ecb154439aca0f9,KO/TKO,1,61.0,3 Rnd (5-5-5),3,explicit_time_format,False,True,False,True
holdout,2026-08-01,1a50e734bb54861a,f425b7a527dd53aa,SUB,1,254.0,3 Rnd (5-5-5),3,explicit_time_format,False,True,False,True
holdout,2026-08-01,1a50e734bb54861a,eb8753ed0476b3d1,U-DEC,3,900.0,3 Rnd (5-5-5),3,explicit_time_format,False,True,True,True
holdout,2026-08-01,1a50e734bb54861a,0c3c835e681972d3,KO/TKO,1,176.0,3 Rnd (5-5-5),3,explicit_time_format,False,True,False,True
holdout,2026-08-01,1a50e734bb54861a,68ae50dbf98dc15f,KO/TKO,1,30.0,5 Rnd (5-5-5-5-5),5,explicit_time_format,False,True,False,True
holdout,2026-08-08,495add4fbede0a44,ded584e13276cbcb,U-DEC,3,900.0,3 Rnd (5-5-5),3,explicit_time_format,False,True,True,True
holdout,2026-08-08,495add4fbede0a44,d463229133909215,SUB,2,398.0,3 Rnd (5-5-5),3,explicit_time_format,False,True,False,True
holdout,2026-08-08,495add4fbede0a44,1168a8e59aacfd72,KO/TKO,1,189.0,3 Rnd (5-5-5),3,explicit_time_format,False,True,False,True
holdout,2026-08-08,495add4fbede0a44,81ae2a465e0dfa4f,U-DEC,3,900.0,3 Rnd (5-5-5),3,explicit_time_format,False,True,True,True
holdout,2026-08-08,495add4fbede0a44,64829a32c78ab656,SUB,1,110.0,3 Rnd (5-5-5),3,explicit_time_format,False,True,False,True
holdout,2026-08-08,495add4fbede0a44,13380a8d6cdbb381,KO/TKO,1,299.0,3 Rnd (5-5-5),3,explicit_time_format,False,True,False,True
holdout,2026-08-08,495add4fbede0a44,3050549d19395f6f,U-DEC,3,900.0,3 Rnd (5-5-5),3,explicit_time_format,False,True,True,True
holdout,2026-08-08,495add4fbede0a44,f44ab9e9e4a89735,KO/TKO,3,615.0,3 Rnd (5-5-5),3,explicit_time_format,False,True,False,True
holdout,2026-08-08,495add4fbede0a44,13f31f7a784013a3,U-DEC,3,900.0,3 Rnd (5-5-5),3,explicit_time_format,False,True,True,True
holdout,2026-08-08,495add4fbede0a44,06bfde3e3577906f,KO/TKO,1,35.0,3 Rnd (5-5-5),3,explicit_time_format,False,True,False,True
holdout,2026-08-08,495add4fbede0a44,d5245f5b96b8afdf,U-DEC,3,900.0,3 Rnd (5-5-5),3,explicit_time_format,False,True,True,True
holdout,2026-08-08,495add4fbede0a44,a10deecfb8558335,SUB,1,265.0,5 Rnd (5-5-5-5-5),5,explicit_time_format,False,True,False,True
holdout,2026-08-15,b96619b3acd7d9da,d5ebdf462c9b59b3,SUB,3,684.0,3 Rnd (5-5-5),3,explicit_time_format,False,True,False,True
holdout,2026-08-15,b96619b3acd7d9da,e7077d030d5fc15f,KO/TKO,2,500.0,3 Rnd (5-5-5),3,explicit_time_format,False,True,False,True
holdout,2026-08-15,b96619b3acd7d9da,360b13f97e7ca703,KO/TKO,3,670.0,3 Rnd (5-5-5),3,explicit_time_format,False,True,False,True
holdout,2026-08-15,b96619b3acd7d9da,e79e4d13546d2360,U-DEC,3,900.0,3 Rnd (5-5-5),3,explicit_time_format,False,True,True,True
holdout,2026-08-15,b96619b3acd7d9da,9c5da658c76da7c0,KO/TKO,1,98.0,3 Rnd (5-5-5),3,explicit_time_format,False,True,False,True
holdout,2026-08-15,b96619b3acd7d9da,e7c11d1b22d50ba0,SUB,3,696.0,3 Rnd (5-5-5),3,explicit_time_format,False,True,False,True
holdout,2026-08-15,b96619b3acd7d9da,6e495deac1f57169,U-DEC,3,900.0,3 Rnd (5-5-5),3,explicit_time_format,False,True,True,True
holdout,2026-08-15,b96619b3acd7d9da,8e482cead0c7eb15,KO/TKO,2,392.0,3 Rnd (5-5-5),3,explicit_time_format,False,True,False,True
holdout,2026-08-15,b96619b3acd7d9da,53902dcb3e213b18,SUB,2,565.0,3 Rnd (5-5-5),3,explicit_time_format,False,True,False,True
holdout,2026-08-15,b96619b3acd7d9da,d4bd456d70965734,KO/TKO,1,39.0,3 Rnd (5-5-5),3,explicit_time_format,False,True,False,True
holdout,2026-08-15,b96619b3acd7d9da,4700d42c9869674a,U-DEC,5,1500.0,5 Rnd (5-5-5-5-5),5,explicit_time_format,True,False,True,True
holdout,2026-08-15,b96619b3acd7d9da,365fd759c03e93cf,U-DEC,5,1500.0,5 Rnd (5-5-5-5-5),5,explicit_time_format,True,False,True,True
holdout,2026-08-22,a0a69dc9914ef6e1,97fb716bc7b8751a,KO/TKO,3,702.0,3 Rnd (5-5-5),3,explicit_time_format,False,True,False,True
holdout,2026-08-22,a0a69dc9914ef6e1,11e4a448ce1ae5e3,KO/TKO,1,253.0,3 Rnd (5-5-5),3,explicit_time_format,False,True,False,True
holdout,2026-08-22,a0a69dc9914ef6e1,116dc88b63113f61,U-DEC,3,900.0,3 Rnd (5-5-5),3,explicit_time_format,False,True,True,True
holdout,2026-08-22,a0a69dc9914ef6e1,7e86f774f19e5e59,KO/TKO,1,167.0,3 Rnd (5-5-5),3,explicit_time_format,False,True,False,True
holdout,2026-08-22,a0a69dc9914ef6e1,bbd05484f8c8d739,SUB,3,899.0,3 Rnd (5-5-5),3,explicit_time_format,False,True,False,True
holdout,2026-08-22,a0a69dc9914ef6e1,5d2c1c4dd444772f,KO/TKO,1,80.0,3 Rnd (5-5-5),3,explicit_time_format,False,True,False,True
holdout,2026-08-22,a0a69dc9914ef6e1,2bbacf9ed3c64184,KO/TKO,1,218.0,3 Rnd (5-5-5),3,explicit_time_format,False,True,False,True
holdout,2026-08-22,a0a69dc9914ef6e1,a6873fd459587d17,SUB,1,269.0,3 Rnd (5-5-5),3,explicit_time_format,False,True,False,True
holdout,2026-08-22,a0a69dc9914ef6e1,a4b3becc0cc394d7,KO/TKO,1,99.0,3 Rnd (5-5-5),3,explicit_time_format,False,True,False,True
holdout,2026-08-22,a0a69dc9914ef6e1,bf70d01518c80fba,KO/TKO,2,427.0,3 Rnd (5-5-5),3,explicit_time_format,False,True,False,True
holdout,2026-08-22,a0a69dc9914ef6e1,0eba299c9b6760fa,KO/TKO,1,241.0,3 Rnd (5-5-5),3,explicit_time_format,False,True,False,True
holdout,2026-08-22,a0a69dc9914ef6e1,a57ccf31c5f6f82b,U-DEC,3,900.0,3 Rnd (5-5-5),3,explicit_time_format,False,True,True,True
holdout,2026-08-22,a0a69dc9914ef6e1,fb77b08a90b92d5b,U-DEC,5,1500.0,5 Rnd (5-5-5-5-5),5,explicit_time_format,True,False,True,True
holdout,2026-08-29,9d61d8cb1c354867,6cd4457edf4089f9,U-DEC,3,900.0,3 Rnd (5-5-5),3,explicit_time_format,False,True,True,True
holdout,2026-08-29,9d61d8cb1c354867,6206c62fc8f0b71b,KO/TKO,1,186.0,3 Rnd (5-5-5),3,explicit_time_format,False,True,False,True
holdout,2026-08-29,9d61d8cb1c354867,ab5922e10699e869,KO/TKO,2,353.0,3 Rnd (5-5-5),3,explicit_time_format,False,True,False,True
holdout,2026-08-29,9d61d8cb1c354867,636867bbc9f96739,KO/TKO,1,60.0,3 Rnd (5-5-5),3,explicit_time_format,False,True,False,True
holdout,2026-08-29,9d61d8cb1c354867,8a980234dab7ae43,S-DEC,3,900.0,3 Rnd (5-5-5),3,explicit_time_format,False,True,True,True
holdout,2026-08-29,9d61d8cb1c354867,ec5281a72f09d8ac,SUB,1,254.0,3 Rnd (5-5-5),3,explicit_time_format,False,True,False,True
holdout,2026-08-29,9d61d8cb1c354867,80f7f5405d5ffca0,SUB,3,783.0,3 Rnd (5-5-5),3,explicit_time_format,False,True,False,True
holdout,2026-08-29,9d61d8cb1c354867,1fe768d599c159dc,KO/TKO,2,448.0,3 Rnd (5-5-5),3,explicit_time_format,False,True,False,True
holdout,2026-08-29,9d61d8cb1c354867,f894989058f2bb05,KO/TKO,1,266.0,3 Rnd (5-5-5),3,explicit_time_format,False,True,False,True
holdout,2026-08-29,9d61d8cb1c354867,48a5d9c4592d2f2a,U-DEC,3,900.0,3 Rnd (5-5-5),3,explicit_time_format,False,True,True,True
holdout,2026-08-29,9d61d8cb1c354867,4af8cb715ac0d459,KO/TKO,2,334.0,3 Rnd (5-5-5),3,explicit_time_format,False,True,False,True
holdout,2026-08-29,9d61d8cb1c354867,73cb6c4e060c4ee9,KO/TKO,1,289.0,3 Rnd (5-5-5),3,explicit_time_format,False,True,False,True
holdout,2026-08-29,9d61d8cb1c354867,228fefc6923c40a5,KO/TKO,2,408.0,5 Rnd (5-5-5-5-5),5,explicit_time_format,False,True,False,True
