schema_version,forecast_capture_id,capture_id,matchup_id,fight_id,event_id,fighter_id,opponent_id,fighter_name,opponent_name,event_date,timing_precision,event_start_utc,forecast_issued_at_utc,model_probability,model_id,model_version,model_trained_through,model_training_cutoff_precision,source_commit_sha,probability_provenance,legacy_predicted_american_odds
1,23d78b66d37ecab04d1f2bdf09fd8f840e5e6edcb17ef75eccc87442548a79be,capture_20260821T040952153014Z_32445877287_1_21d2fbdf2fb6,matchup_fed9bd92cf25bf722674809712169440431c7630ef62bc2874998709ca4801e9,,a0a69dc9914ef6e1,23a81656507b56a3,b34976c022b24568,Terrance Chatman,Anthony Wint,2026-08-22,date,,2026-08-21T02:44:22.000000Z,0.5,884f16017d0a76684c5a,point-in-time-elo-logistic-v2,2026-08-15,date,dac9a5823f1713cd5a4f7e0a6ae4328f4852ad5d,native_probability,
1,3a5370eb16ab49c4725b6247c830a7a92f49b52fc9b8be8c020297c45da4001c,capture_20260821T040952153014Z_32445877287_1_21d2fbdf2fb6,matchup_240a006adfc1849d47645e66ebc57cbc6f91d7c8144d48635ac4007950c16f48,,a0a69dc9914ef6e1,6747ccd6d1acd266,8667caa0451d245b,Shamil Gaziev,Kennedy Nzechukwu,2026-08-22,date,,2026-08-21T02:44:22.000000Z,0.3612782997999999,884f16017d0a76684c5a,point-in-time-elo-logistic-v2,2026-08-15,date,dac9a5823f1713cd5a4f7e0a6ae4328f4852ad5d,native_probability,
1,5c65c65cf5e17a78f9237f03db1fc644f3ac1ef3667193b268b6fa1cac5db7b3,capture_20260821T040952153014Z_32445877287_1_21d2fbdf2fb6,matchup_f02d13336e28fd11d4d67ce3b551ef79a82807effcfdfa6987ffff00233b14ae,,a0a69dc9914ef6e1,8061a3136026a673,f1ab6f37492c630a,Jeisla Chaves,Carli Judice,2026-08-22,date,,2026-08-21T02:44:22.000000Z,0.3118591111,884f16017d0a76684c5a,point-in-time-elo-logistic-v2,2026-08-15,date,dac9a5823f1713cd5a4f7e0a6ae4328f4852ad5d,native_probability,
1,70023825197757136e5e1b9944dfdf984f60d16ead14c950db70ebe104214711,capture_20260821T040952153014Z_32445877287_1_21d2fbdf2fb6,matchup_b8b3107093e97e3246a7af79a6851dcba8bd810a295a6759bd6d28b78f753335,,a0a69dc9914ef6e1,3eeec2f53cebdf12,b4443fae47e7eb9d,Jackson McVey,Wes Schultz,2026-08-22,date,,2026-08-21T02:44:22.000000Z,0.5929755742,884f16017d0a76684c5a,point-in-time-elo-logistic-v2,2026-08-15,date,dac9a5823f1713cd5a4f7e0a6ae4328f4852ad5d,native_probability,
1,7656647f7926bd7aeaae9065614a339b429d6c794382ef28674e081f7d8f518a,capture_20260821T040952153014Z_32445877287_1_21d2fbdf2fb6,matchup_d628bb58b0c90e5d3f480b744bc8679bc4858110672f89746bbd8d85f07e21f6,,a0a69dc9914ef6e1,71171fc96445bf65,e2f6b2769aaedd6c,Vitor Petrino,Serghei Spivac,2026-08-22,date,,2026-08-21T02:44:22.000000Z,0.6563377165,884f16017d0a76684c5a,point-in-time-elo-logistic-v2,2026-08-15,date,dac9a5823f1713cd5a4f7e0a6ae4328f4852ad5d,native_probability,
1,799d844b1a21cfe1ff3dbf6ce97b5903d38d8fb79c75da423640760a258fc207,capture_20260821T040952153014Z_32445877287_1_21d2fbdf2fb6,matchup_564b24b09c16a5d3d71c2e1db2bb03effe03df5c7e291ae2c10b973d56f78dfa,,a0a69dc9914ef6e1,5be51426ff3c1929,b2a78df161bd67f9,Stan Dorsainvil,Gauge Young,2026-08-22,date,,2026-08-21T02:44:22.000000Z,0.05888191349999994,884f16017d0a76684c5a,point-in-time-elo-logistic-v2,2026-08-15,date,dac9a5823f1713cd5a4f7e0a6ae4328f4852ad5d,native_probability,
1,86c20843363d96c50b49dcde0f79321df84d64129aed4bcbf46201fd921ac6a3,capture_20260821T040952153014Z_32445877287_1_21d2fbdf2fb6,matchup_1b9d090be42bc9cbe7c6977d3323219dc57a10c1cb31157b44ed89d760b0a8d7,,a0a69dc9914ef6e1,327d5f279895110d,d549cefc7c54ab78,Roman Dolidze,Reinier de Ridder,2026-08-22,date,,2026-08-21T02:44:22.000000Z,0.30376055049999995,884f16017d0a76684c5a,point-in-time-elo-logistic-v2,2026-08-15,date,dac9a5823f1713cd5a4f7e0a6ae4328f4852ad5d,native_probability,
1,98f05c757e99b59eef4e908d54db9723a7f77f4ff410efdcf0e9e523702f7798,capture_20260821T040952153014Z_32445877287_1_21d2fbdf2fb6,matchup_b04f10f44923c1dd86777d35d18bf07dc4299e65e48d7b713d20daceb3137f2e,,a0a69dc9914ef6e1,ac7c765882f2c68c,cfbb3edab781dfd2,Elise Reed,Shanelle Dyer,2026-08-22,date,,2026-08-21T02:44:22.000000Z,0.16430110190000002,884f16017d0a76684c5a,point-in-time-elo-logistic-v2,2026-08-15,date,dac9a5823f1713cd5a4f7e0a6ae4328f4852ad5d,native_probability,
1,b6806683f203449cbcfd006954202ae0866d8c86cc5563f878fbce451e49f880,capture_20260821T040952153014Z_32445877287_1_21d2fbdf2fb6,matchup_68e6abbd2402f75a27fca169bbb4b6b4bd8efdf38b2c6172adc63c57c031d894,,a0a69dc9914ef6e1,e2be0c1a9b886d92,f6ad6a1e4d600e0d,MarQuel Mederos,Mason Jones,2026-08-22,date,,2026-08-21T02:44:22.000000Z,0.5063413588,884f16017d0a76684c5a,point-in-time-elo-logistic-v2,2026-08-15,date,dac9a5823f1713cd5a4f7e0a6ae4328f4852ad5d,native_probability,
1,b846af61098f8b9c9276b312916d7a98e69f01f43aa542ad06c05aa2a6ba1bee,capture_20260821T040952153014Z_32445877287_1_21d2fbdf2fb6,matchup_ff8fe821f0bf7db65c0f5918339e7534290ecc001f4a1ccd0cd954294f76f759,,a0a69dc9914ef6e1,093e1f5bb73850be,d1c65d2cf2925ddd,Anthony Hernandez,Gregory Rodrigues,2026-08-22,date,,2026-08-21T02:44:22.000000Z,0.7227240645,884f16017d0a76684c5a,point-in-time-elo-logistic-v2,2026-08-15,date,dac9a5823f1713cd5a4f7e0a6ae4328f4852ad5d,native_probability,
1,cb14eba6465307a041d3a68cb0b064a4d4094b0e9a1db81300128d2c6cbd3a07,capture_20260821T040952153014Z_32445877287_1_21d2fbdf2fb6,matchup_d3057e06ce72d9d426192e08d0d671361d06fc52181a58554253d713bb947db0,,a0a69dc9914ef6e1,c85bad793cd14e28,d958ed9e5a08c849,Marcio Barbosa,Ryan Kuse,2026-08-22,date,,2026-08-21T02:44:22.000000Z,0.9241369229,884f16017d0a76684c5a,point-in-time-elo-logistic-v2,2026-08-15,date,dac9a5823f1713cd5a4f7e0a6ae4328f4852ad5d,native_probability,
1,cef0d058f5d85a98066ce2e3a07d7081cfca25afe5702ae49668f87d4ef1feef,capture_20260821T040952153014Z_32445877287_1_21d2fbdf2fb6,matchup_4c03993f07ac33b8ae81fd66c8b4c39f26474009ae11e6dcbcb4c942c33e8f6f,,a0a69dc9914ef6e1,06626b6287e1ae1e,b7b84ccd221be298,Chris Padilla,Nasrat Haqparast,2026-08-22,date,,2026-08-21T02:44:22.000000Z,0.6266864566,884f16017d0a76684c5a,point-in-time-elo-logistic-v2,2026-08-15,date,dac9a5823f1713cd5a4f7e0a6ae4328f4852ad5d,native_probability,
1,fa7444abe1162463060ab303a0c332957f3b2ddffc441f426135a30739d0e50b,capture_20260821T040952153014Z_32445877287_1_21d2fbdf2fb6,matchup_5730dbcc9e78781d742f558f3f53256730837650eeeaf894ac53e8987a994db1,,a0a69dc9914ef6e1,640a0f838f057a81,e00a3dee329a51f7,Lerryan Douglas,Jamall Emmers,2026-08-22,date,,2026-08-21T02:44:22.000000Z,0.6263897344,884f16017d0a76684c5a,point-in-time-elo-logistic-v2,2026-08-15,date,dac9a5823f1713cd5a4f7e0a6ae4328f4852ad5d,native_probability,
1,03464aa1ce191bc59784183d4c7fa3fc4a054607f1660590efa13004c8479e78,capture_20260821T052556461259Z_32450424795_1_6e1ea6a43b57,matchup_1b9d090be42bc9cbe7c6977d3323219dc57a10c1cb31157b44ed89d760b0a8d7,,a0a69dc9914ef6e1,327d5f279895110d,d549cefc7c54ab78,Roman Dolidze,Reinier de Ridder,2026-08-22,timestamp,2026-08-22T21:00:00.000000Z,2026-08-21T02:44:22.000000Z,0.30376055049999995,884f16017d0a76684c5a,point-in-time-elo-logistic-v2,2026-08-15,date,dac9a5823f1713cd5a4f7e0a6ae4328f4852ad5d,native_probability,
1,0e3012b92d164f11cba501c4a54feef6e87cf82e371c2ccdc1fae7e053e96ca6,capture_20260821T052556461259Z_32450424795_1_6e1ea6a43b57,matchup_68e6abbd2402f75a27fca169bbb4b6b4bd8efdf38b2c6172adc63c57c031d894,,a0a69dc9914ef6e1,e2be0c1a9b886d92,f6ad6a1e4d600e0d,MarQuel Mederos,Mason Jones,2026-08-22,timestamp,2026-08-22T21:00:00.000000Z,2026-08-21T02:44:22.000000Z,0.5063413588,884f16017d0a76684c5a,point-in-time-elo-logistic-v2,2026-08-15,date,dac9a5823f1713cd5a4f7e0a6ae4328f4852ad5d,native_probability,
1,1172b44b0af7d11f11731214f790e27943e06a2da70625f3854eef7d2e6ec4e6,capture_20260821T052556461259Z_32450424795_1_6e1ea6a43b57,matchup_240a006adfc1849d47645e66ebc57cbc6f91d7c8144d48635ac4007950c16f48,,a0a69dc9914ef6e1,6747ccd6d1acd266,8667caa0451d245b,Shamil Gaziev,Kennedy Nzechukwu,2026-08-22,timestamp,2026-08-22T21:00:00.000000Z,2026-08-21T02:44:22.000000Z,0.3612782997999999,884f16017d0a76684c5a,point-in-time-elo-logistic-v2,2026-08-15,date,dac9a5823f1713cd5a4f7e0a6ae4328f4852ad5d,native_probability,
1,2cf9554fc4f72648a551846fe8d3975cb83e67f8fc896f7d2fc454729bd4f1c0,capture_20260821T052556461259Z_32450424795_1_6e1ea6a43b57,matchup_f02d13336e28fd11d4d67ce3b551ef79a82807effcfdfa6987ffff00233b14ae,,a0a69dc9914ef6e1,8061a3136026a673,f1ab6f37492c630a,Jeisla Chaves,Carli Judice,2026-08-22,timestamp,2026-08-22T21:00:00.000000Z,2026-08-21T02:44:22.000000Z,0.3118591111,884f16017d0a76684c5a,point-in-time-elo-logistic-v2,2026-08-15,date,dac9a5823f1713cd5a4f7e0a6ae4328f4852ad5d,native_probability,
1,3567355a52e5b003005a6f2e38090e25f1a183f47869319239b82087bcc96017,capture_20260821T052556461259Z_32450424795_1_6e1ea6a43b57,matchup_5730dbcc9e78781d742f558f3f53256730837650eeeaf894ac53e8987a994db1,,a0a69dc9914ef6e1,640a0f838f057a81,e00a3dee329a51f7,Lerryan Douglas,Jamall Emmers,2026-08-22,timestamp,2026-08-22T21:00:00.000000Z,2026-08-21T02:44:22.000000Z,0.6263897344,884f16017d0a76684c5a,point-in-time-elo-logistic-v2,2026-08-15,date,dac9a5823f1713cd5a4f7e0a6ae4328f4852ad5d,native_probability,
1,3c9c8cad80e98809c3cd0879ad8c4d27071dd5a7ac61d7ac29470064cd391604,capture_20260821T052556461259Z_32450424795_1_6e1ea6a43b57,matchup_b8b3107093e97e3246a7af79a6851dcba8bd810a295a6759bd6d28b78f753335,,a0a69dc9914ef6e1,3eeec2f53cebdf12,b4443fae47e7eb9d,Jackson McVey,Wes Schultz,2026-08-22,timestamp,2026-08-22T21:00:00.000000Z,2026-08-21T02:44:22.000000Z,0.5929755742,884f16017d0a76684c5a,point-in-time-elo-logistic-v2,2026-08-15,date,dac9a5823f1713cd5a4f7e0a6ae4328f4852ad5d,native_probability,
1,5349b77c0d531371f17899543051b8027a3837a95c08775d4a25e00dff3606fb,capture_20260821T052556461259Z_32450424795_1_6e1ea6a43b57,matchup_b04f10f44923c1dd86777d35d18bf07dc4299e65e48d7b713d20daceb3137f2e,,a0a69dc9914ef6e1,ac7c765882f2c68c,cfbb3edab781dfd2,Elise Reed,Shanelle Dyer,2026-08-22,timestamp,2026-08-22T21:00:00.000000Z,2026-08-21T02:44:22.000000Z,0.16430110190000002,884f16017d0a76684c5a,point-in-time-elo-logistic-v2,2026-08-15,date,dac9a5823f1713cd5a4f7e0a6ae4328f4852ad5d,native_probability,
1,7cc9860932bb61ff7cc19204dccbea4a4adc2162eb582413b95698cf1bbac9b2,capture_20260821T052556461259Z_32450424795_1_6e1ea6a43b57,matchup_d3057e06ce72d9d426192e08d0d671361d06fc52181a58554253d713bb947db0,,a0a69dc9914ef6e1,c85bad793cd14e28,d958ed9e5a08c849,Marcio Barbosa,Ryan Kuse,2026-08-22,timestamp,2026-08-22T21:00:00.000000Z,2026-08-21T02:44:22.000000Z,0.9241369229,884f16017d0a76684c5a,point-in-time-elo-logistic-v2,2026-08-15,date,dac9a5823f1713cd5a4f7e0a6ae4328f4852ad5d,native_probability,
1,984a1a3684fb4d59196133589d2593c3c857742654ae01a68d9dca87878b9df9,capture_20260821T052556461259Z_32450424795_1_6e1ea6a43b57,matchup_ff8fe821f0bf7db65c0f5918339e7534290ecc001f4a1ccd0cd954294f76f759,,a0a69dc9914ef6e1,093e1f5bb73850be,d1c65d2cf2925ddd,Anthony Hernandez,Gregory Rodrigues,2026-08-22,timestamp,2026-08-22T21:00:00.000000Z,2026-08-21T02:44:22.000000Z,0.7227240645,884f16017d0a76684c5a,point-in-time-elo-logistic-v2,2026-08-15,date,dac9a5823f1713cd5a4f7e0a6ae4328f4852ad5d,native_probability,
1,ba95a8612e163fdc08a6f690934dc297343d3f1cc082c37eb04c480c7f7e5a02,capture_20260821T052556461259Z_32450424795_1_6e1ea6a43b57,matchup_d628bb58b0c90e5d3f480b744bc8679bc4858110672f89746bbd8d85f07e21f6,,a0a69dc9914ef6e1,71171fc96445bf65,e2f6b2769aaedd6c,Vitor Petrino,Serghei Spivac,2026-08-22,timestamp,2026-08-22T21:00:00.000000Z,2026-08-21T02:44:22.000000Z,0.6563377165,884f16017d0a76684c5a,point-in-time-elo-logistic-v2,2026-08-15,date,dac9a5823f1713cd5a4f7e0a6ae4328f4852ad5d,native_probability,
1,ccfcea2b52c663b320e60d65a3eebca5f0fac1fc996e5d7e8af3efbc66097c75,capture_20260821T052556461259Z_32450424795_1_6e1ea6a43b57,matchup_fed9bd92cf25bf722674809712169440431c7630ef62bc2874998709ca4801e9,,a0a69dc9914ef6e1,23a81656507b56a3,b34976c022b24568,Terrance Chatman,Anthony Wint,2026-08-22,timestamp,2026-08-22T21:00:00.000000Z,2026-08-21T02:44:22.000000Z,0.5,884f16017d0a76684c5a,point-in-time-elo-logistic-v2,2026-08-15,date,dac9a5823f1713cd5a4f7e0a6ae4328f4852ad5d,native_probability,
1,f5863c88fe39d01a55b774a3748fc62b42d0e3d7756118ff290986aae9918368,capture_20260821T052556461259Z_32450424795_1_6e1ea6a43b57,matchup_4c03993f07ac33b8ae81fd66c8b4c39f26474009ae11e6dcbcb4c942c33e8f6f,,a0a69dc9914ef6e1,06626b6287e1ae1e,b7b84ccd221be298,Chris Padilla,Nasrat Haqparast,2026-08-22,timestamp,2026-08-22T21:00:00.000000Z,2026-08-21T02:44:22.000000Z,0.6266864566,884f16017d0a76684c5a,point-in-time-elo-logistic-v2,2026-08-15,date,dac9a5823f1713cd5a4f7e0a6ae4328f4852ad5d,native_probability,
1,fccaf866133077adb96d0e79576e1502a2e9337cfb93cc618c85aacdb1b808cd,capture_20260821T052556461259Z_32450424795_1_6e1ea6a43b57,matchup_564b24b09c16a5d3d71c2e1db2bb03effe03df5c7e291ae2c10b973d56f78dfa,,a0a69dc9914ef6e1,5be51426ff3c1929,b2a78df161bd67f9,Stan Dorsainvil,Gauge Young,2026-08-22,timestamp,2026-08-22T21:00:00.000000Z,2026-08-21T02:44:22.000000Z,0.05888191349999994,884f16017d0a76684c5a,point-in-time-elo-logistic-v2,2026-08-15,date,dac9a5823f1713cd5a4f7e0a6ae4328f4852ad5d,native_probability,
1,0a593efbb3261453f30c2f22b3848a7314bdc9577a63e2bdbaff39f1b02ce8b7,capture_20260821T060843112032Z_32453137504_1_f9c74ee34fd2,matchup_5730dbcc9e78781d742f558f3f53256730837650eeeaf894ac53e8987a994db1,,a0a69dc9914ef6e1,640a0f838f057a81,e00a3dee329a51f7,Lerryan Douglas,Jamall Emmers,2026-08-22,timestamp,2026-08-22T21:00:00.000000Z,2026-08-21T06:05:38.000000Z,0.6263897344,ff04994f509057072ee9,point-in-time-elo-logistic-v2,2026-08-15,date,e5680afb314dcdfa970d0878f6724ebf08aa30df,native_probability,
1,12824c16f0ebcc15010bdab06e071dd335b077296ccb8ee0ce766d2a383f0c21,capture_20260821T060843112032Z_32453137504_1_f9c74ee34fd2,matchup_4c03993f07ac33b8ae81fd66c8b4c39f26474009ae11e6dcbcb4c942c33e8f6f,,a0a69dc9914ef6e1,06626b6287e1ae1e,b7b84ccd221be298,Chris Padilla,Nasrat Haqparast,2026-08-22,timestamp,2026-08-22T21:00:00.000000Z,2026-08-21T06:05:38.000000Z,0.6266864566,ff04994f509057072ee9,point-in-time-elo-logistic-v2,2026-08-15,date,e5680afb314dcdfa970d0878f6724ebf08aa30df,native_probability,
1,22f7dea7d715f6c2489fe34cfecfa915898b704154ef8c55e8a72b17e812fe6d,capture_20260821T060843112032Z_32453137504_1_f9c74ee34fd2,matchup_b04f10f44923c1dd86777d35d18bf07dc4299e65e48d7b713d20daceb3137f2e,,a0a69dc9914ef6e1,ac7c765882f2c68c,cfbb3edab781dfd2,Elise Reed,Shanelle Dyer,2026-08-22,timestamp,2026-08-22T21:00:00.000000Z,2026-08-21T06:05:38.000000Z,0.16430110190000002,ff04994f509057072ee9,point-in-time-elo-logistic-v2,2026-08-15,date,e5680afb314dcdfa970d0878f6724ebf08aa30df,native_probability,
1,7551a01b7dfb79865a5604210a2fb1219a35957b460afddccbbbee333cdb2bb7,capture_20260821T060843112032Z_32453137504_1_f9c74ee34fd2,matchup_ff8fe821f0bf7db65c0f5918339e7534290ecc001f4a1ccd0cd954294f76f759,,a0a69dc9914ef6e1,093e1f5bb73850be,d1c65d2cf2925ddd,Anthony Hernandez,Gregory Rodrigues,2026-08-22,timestamp,2026-08-22T21:00:00.000000Z,2026-08-21T06:05:38.000000Z,0.7227240645,ff04994f509057072ee9,point-in-time-elo-logistic-v2,2026-08-15,date,e5680afb314dcdfa970d0878f6724ebf08aa30df,native_probability,
1,7b14bcd52cafd2dadbbf4af7bdaabe30d9bac55be8e0c93438bd50bfc478e137,capture_20260821T060843112032Z_32453137504_1_f9c74ee34fd2,matchup_d628bb58b0c90e5d3f480b744bc8679bc4858110672f89746bbd8d85f07e21f6,,a0a69dc9914ef6e1,71171fc96445bf65,e2f6b2769aaedd6c,Vitor Petrino,Serghei Spivac,2026-08-22,timestamp,2026-08-22T21:00:00.000000Z,2026-08-21T06:05:38.000000Z,0.6563377165,ff04994f509057072ee9,point-in-time-elo-logistic-v2,2026-08-15,date,e5680afb314dcdfa970d0878f6724ebf08aa30df,native_probability,
1,8cf0fe9135514a2720aa5d9cd930fa55b295b899893647d9808ee1fe0281a38c,capture_20260821T060843112032Z_32453137504_1_f9c74ee34fd2,matchup_fed9bd92cf25bf722674809712169440431c7630ef62bc2874998709ca4801e9,,a0a69dc9914ef6e1,23a81656507b56a3,b34976c022b24568,Terrance Chatman,Anthony Wint,2026-08-22,timestamp,2026-08-22T21:00:00.000000Z,2026-08-21T06:05:38.000000Z,0.5,ff04994f509057072ee9,point-in-time-elo-logistic-v2,2026-08-15,date,e5680afb314dcdfa970d0878f6724ebf08aa30df,native_probability,
1,9d9dce77d97c46944dc8252e59c59b28392c95bb2511ad8516997c873614c3fa,capture_20260821T060843112032Z_32453137504_1_f9c74ee34fd2,matchup_b8b3107093e97e3246a7af79a6851dcba8bd810a295a6759bd6d28b78f753335,,a0a69dc9914ef6e1,3eeec2f53cebdf12,b4443fae47e7eb9d,Jackson McVey,Wes Schultz,2026-08-22,timestamp,2026-08-22T21:00:00.000000Z,2026-08-21T06:05:38.000000Z,0.5929755742,ff04994f509057072ee9,point-in-time-elo-logistic-v2,2026-08-15,date,e5680afb314dcdfa970d0878f6724ebf08aa30df,native_probability,
1,a2e2ef73c38c3467f33038a47ce739f26fd26f1ee8530f8dfdc91cdc42f0c0f2,capture_20260821T060843112032Z_32453137504_1_f9c74ee34fd2,matchup_1b9d090be42bc9cbe7c6977d3323219dc57a10c1cb31157b44ed89d760b0a8d7,,a0a69dc9914ef6e1,327d5f279895110d,d549cefc7c54ab78,Roman Dolidze,Reinier de Ridder,2026-08-22,timestamp,2026-08-22T21:00:00.000000Z,2026-08-21T06:05:38.000000Z,0.30376055049999995,ff04994f509057072ee9,point-in-time-elo-logistic-v2,2026-08-15,date,e5680afb314dcdfa970d0878f6724ebf08aa30df,native_probability,
1,a974bc3ccc608123ae7008e180b24cec3e070b6f1d2d76f9350c3a5984aac46c,capture_20260821T060843112032Z_32453137504_1_f9c74ee34fd2,matchup_68e6abbd2402f75a27fca169bbb4b6b4bd8efdf38b2c6172adc63c57c031d894,,a0a69dc9914ef6e1,e2be0c1a9b886d92,f6ad6a1e4d600e0d,MarQuel Mederos,Mason Jones,2026-08-22,timestamp,2026-08-22T21:00:00.000000Z,2026-08-21T06:05:38.000000Z,0.5063413588,ff04994f509057072ee9,point-in-time-elo-logistic-v2,2026-08-15,date,e5680afb314dcdfa970d0878f6724ebf08aa30df,native_probability,
1,ce2e52c72016470c32347f833773268a3f1ed5b46bb054445f686e8cf9c21ffd,capture_20260821T060843112032Z_32453137504_1_f9c74ee34fd2,matchup_f02d13336e28fd11d4d67ce3b551ef79a82807effcfdfa6987ffff00233b14ae,,a0a69dc9914ef6e1,8061a3136026a673,f1ab6f37492c630a,Jeisla Chaves,Carli Judice,2026-08-22,timestamp,2026-08-22T21:00:00.000000Z,2026-08-21T06:05:38.000000Z,0.3118591111,ff04994f509057072ee9,point-in-time-elo-logistic-v2,2026-08-15,date,e5680afb314dcdfa970d0878f6724ebf08aa30df,native_probability,
1,ea48c16b8dffa3a7ae71babf0d1712d83f439e2458a992a7da493e525d1bde1e,capture_20260821T060843112032Z_32453137504_1_f9c74ee34fd2,matchup_d3057e06ce72d9d426192e08d0d671361d06fc52181a58554253d713bb947db0,,a0a69dc9914ef6e1,c85bad793cd14e28,d958ed9e5a08c849,Marcio Barbosa,Ryan Kuse,2026-08-22,timestamp,2026-08-22T21:00:00.000000Z,2026-08-21T06:05:38.000000Z,0.9241369229,ff04994f509057072ee9,point-in-time-elo-logistic-v2,2026-08-15,date,e5680afb314dcdfa970d0878f6724ebf08aa30df,native_probability,
1,ee2f43928eef576ef433b56aeb7dd73885e56ad11a6f65c2cdce64dc46d79783,capture_20260821T060843112032Z_32453137504_1_f9c74ee34fd2,matchup_240a006adfc1849d47645e66ebc57cbc6f91d7c8144d48635ac4007950c16f48,,a0a69dc9914ef6e1,6747ccd6d1acd266,8667caa0451d245b,Shamil Gaziev,Kennedy Nzechukwu,2026-08-22,timestamp,2026-08-22T21:00:00.000000Z,2026-08-21T06:05:38.000000Z,0.3612782997999999,ff04994f509057072ee9,point-in-time-elo-logistic-v2,2026-08-15,date,e5680afb314dcdfa970d0878f6724ebf08aa30df,native_probability,
1,f3ee696eedf72c7c00b7e67f47fefa496720b064ba8a06248d747a1d6867f8b9,capture_20260821T060843112032Z_32453137504_1_f9c74ee34fd2,matchup_564b24b09c16a5d3d71c2e1db2bb03effe03df5c7e291ae2c10b973d56f78dfa,,a0a69dc9914ef6e1,5be51426ff3c1929,b2a78df161bd67f9,Stan Dorsainvil,Gauge Young,2026-08-22,timestamp,2026-08-22T21:00:00.000000Z,2026-08-21T06:05:38.000000Z,0.05888191349999994,ff04994f509057072ee9,point-in-time-elo-logistic-v2,2026-08-15,date,e5680afb314dcdfa970d0878f6724ebf08aa30df,native_probability,
1,2027f177b340210357ac76a7c6dff7bccab6170ae8aef7ee1425ed1c9cac7de1,capture_20260821T173019873337Z_32508390117_1_563545415cd6,matchup_564b24b09c16a5d3d71c2e1db2bb03effe03df5c7e291ae2c10b973d56f78dfa,,a0a69dc9914ef6e1,5be51426ff3c1929,b2a78df161bd67f9,Stan Dorsainvil,Gauge Young,2026-08-22,timestamp,2026-08-22T21:15:00.000000Z,2026-08-21T06:05:38.000000Z,0.05888191349999994,ff04994f509057072ee9,point-in-time-elo-logistic-v2,2026-08-15,date,e5680afb314dcdfa970d0878f6724ebf08aa30df,native_probability,
1,2f4a2d281ab5575d3a788edd53fc4a2e1c52390a573562eafc49d1297af1e480,capture_20260821T173019873337Z_32508390117_1_563545415cd6,matchup_4c03993f07ac33b8ae81fd66c8b4c39f26474009ae11e6dcbcb4c942c33e8f6f,,a0a69dc9914ef6e1,06626b6287e1ae1e,b7b84ccd221be298,Chris Padilla,Nasrat Haqparast,2026-08-22,timestamp,2026-08-22T21:15:00.000000Z,2026-08-21T06:05:38.000000Z,0.6266864566,ff04994f509057072ee9,point-in-time-elo-logistic-v2,2026-08-15,date,e5680afb314dcdfa970d0878f6724ebf08aa30df,native_probability,
1,39104db1bbf5645852a8b792aa13d226ba89a64ee5cac2bd69dfceef4b95ade0,capture_20260821T173019873337Z_32508390117_1_563545415cd6,matchup_b8b3107093e97e3246a7af79a6851dcba8bd810a295a6759bd6d28b78f753335,,a0a69dc9914ef6e1,3eeec2f53cebdf12,b4443fae47e7eb9d,Jackson McVey,Wes Schultz,2026-08-22,timestamp,2026-08-22T21:15:00.000000Z,2026-08-21T06:05:38.000000Z,0.5929755742,ff04994f509057072ee9,point-in-time-elo-logistic-v2,2026-08-15,date,e5680afb314dcdfa970d0878f6724ebf08aa30df,native_probability,
1,66eb566b0c5efa41e2f80d471b131b8bedecf1b2a94baaa9f69b02c6ab2e162a,capture_20260821T173019873337Z_32508390117_1_563545415cd6,matchup_b04f10f44923c1dd86777d35d18bf07dc4299e65e48d7b713d20daceb3137f2e,,a0a69dc9914ef6e1,ac7c765882f2c68c,cfbb3edab781dfd2,Elise Reed,Shanelle Dyer,2026-08-22,timestamp,2026-08-22T21:15:00.000000Z,2026-08-21T06:05:38.000000Z,0.16430110190000002,ff04994f509057072ee9,point-in-time-elo-logistic-v2,2026-08-15,date,e5680afb314dcdfa970d0878f6724ebf08aa30df,native_probability,
1,6b4ea5de640de54c6bb5de2e97c973fe938cc551045e9b265aa245ad99ae1100,capture_20260821T173019873337Z_32508390117_1_563545415cd6,matchup_fed9bd92cf25bf722674809712169440431c7630ef62bc2874998709ca4801e9,,a0a69dc9914ef6e1,23a81656507b56a3,b34976c022b24568,Terrance Chatman,Anthony Wint,2026-08-22,timestamp,2026-08-22T21:15:00.000000Z,2026-08-21T06:05:38.000000Z,0.5,ff04994f509057072ee9,point-in-time-elo-logistic-v2,2026-08-15,date,e5680afb314dcdfa970d0878f6724ebf08aa30df,native_probability,
1,72f6c1a19d1f21318f9ac438128a34d940fbca48d9e81dcbc0f77460bae068e2,capture_20260821T173019873337Z_32508390117_1_563545415cd6,matchup_f02d13336e28fd11d4d67ce3b551ef79a82807effcfdfa6987ffff00233b14ae,,a0a69dc9914ef6e1,8061a3136026a673,f1ab6f37492c630a,Jeisla Chaves,Carli Judice,2026-08-22,timestamp,2026-08-22T21:15:00.000000Z,2026-08-21T06:05:38.000000Z,0.3118591111,ff04994f509057072ee9,point-in-time-elo-logistic-v2,2026-08-15,date,e5680afb314dcdfa970d0878f6724ebf08aa30df,native_probability,
1,8f74732a2e6a9613a3c4761a8bd9f752bb416437b986736d6f94dcaa346cc061,capture_20260821T173019873337Z_32508390117_1_563545415cd6,matchup_d628bb58b0c90e5d3f480b744bc8679bc4858110672f89746bbd8d85f07e21f6,,a0a69dc9914ef6e1,71171fc96445bf65,e2f6b2769aaedd6c,Vitor Petrino,Serghei Spivac,2026-08-22,timestamp,2026-08-22T21:15:00.000000Z,2026-08-21T06:05:38.000000Z,0.6563377165,ff04994f509057072ee9,point-in-time-elo-logistic-v2,2026-08-15,date,e5680afb314dcdfa970d0878f6724ebf08aa30df,native_probability,
1,914e947e6f8d7dd72453af472c6c44fc36f66e5d674c98aa7cc858ed52df2800,capture_20260821T173019873337Z_32508390117_1_563545415cd6,matchup_68e6abbd2402f75a27fca169bbb4b6b4bd8efdf38b2c6172adc63c57c031d894,,a0a69dc9914ef6e1,e2be0c1a9b886d92,f6ad6a1e4d600e0d,MarQuel Mederos,Mason Jones,2026-08-22,timestamp,2026-08-22T21:15:00.000000Z,2026-08-21T06:05:38.000000Z,0.5063413588,ff04994f509057072ee9,point-in-time-elo-logistic-v2,2026-08-15,date,e5680afb314dcdfa970d0878f6724ebf08aa30df,native_probability,
1,9cb297d2cb90e0bc75bf8ea86e3c934fba713eb25d6691e71bd64c20e724ac13,capture_20260821T173019873337Z_32508390117_1_563545415cd6,matchup_240a006adfc1849d47645e66ebc57cbc6f91d7c8144d48635ac4007950c16f48,,a0a69dc9914ef6e1,6747ccd6d1acd266,8667caa0451d245b,Shamil Gaziev,Kennedy Nzechukwu,2026-08-22,timestamp,2026-08-22T21:15:00.000000Z,2026-08-21T06:05:38.000000Z,0.3612782997999999,ff04994f509057072ee9,point-in-time-elo-logistic-v2,2026-08-15,date,e5680afb314dcdfa970d0878f6724ebf08aa30df,native_probability,
1,9e3f5fb3fe7b282e63ff0e6f80fc58a04b6c0aa95d483eee08460b6f3efabeb8,capture_20260821T173019873337Z_32508390117_1_563545415cd6,matchup_5730dbcc9e78781d742f558f3f53256730837650eeeaf894ac53e8987a994db1,,a0a69dc9914ef6e1,640a0f838f057a81,e00a3dee329a51f7,Lerryan Douglas,Jamall Emmers,2026-08-22,timestamp,2026-08-22T21:15:00.000000Z,2026-08-21T06:05:38.000000Z,0.6263897344,ff04994f509057072ee9,point-in-time-elo-logistic-v2,2026-08-15,date,e5680afb314dcdfa970d0878f6724ebf08aa30df,native_probability,
1,c898810f2e95d183fe93ac0e8e2b5f70fa2b60cfac49ec46ba705974f5fa2368,capture_20260821T173019873337Z_32508390117_1_563545415cd6,matchup_d3057e06ce72d9d426192e08d0d671361d06fc52181a58554253d713bb947db0,,a0a69dc9914ef6e1,c85bad793cd14e28,d958ed9e5a08c849,Marcio Barbosa,Ryan Kuse,2026-08-22,timestamp,2026-08-22T21:15:00.000000Z,2026-08-21T06:05:38.000000Z,0.9241369229,ff04994f509057072ee9,point-in-time-elo-logistic-v2,2026-08-15,date,e5680afb314dcdfa970d0878f6724ebf08aa30df,native_probability,
1,db00635894f8de0a667b36f114fe346d8776cf362f127234189d56061eb86b65,capture_20260821T173019873337Z_32508390117_1_563545415cd6,matchup_1b9d090be42bc9cbe7c6977d3323219dc57a10c1cb31157b44ed89d760b0a8d7,,a0a69dc9914ef6e1,327d5f279895110d,d549cefc7c54ab78,Roman Dolidze,Reinier de Ridder,2026-08-22,timestamp,2026-08-22T21:15:00.000000Z,2026-08-21T06:05:38.000000Z,0.30376055049999995,ff04994f509057072ee9,point-in-time-elo-logistic-v2,2026-08-15,date,e5680afb314dcdfa970d0878f6724ebf08aa30df,native_probability,
1,f1f91d99761162ccb83c78fae6f6649f82915e9d65e7328f729082a0fa0c2515,capture_20260821T173019873337Z_32508390117_1_563545415cd6,matchup_ff8fe821f0bf7db65c0f5918339e7534290ecc001f4a1ccd0cd954294f76f759,,a0a69dc9914ef6e1,093e1f5bb73850be,d1c65d2cf2925ddd,Anthony Hernandez,Gregory Rodrigues,2026-08-22,timestamp,2026-08-22T21:15:00.000000Z,2026-08-21T06:05:38.000000Z,0.7227240645,ff04994f509057072ee9,point-in-time-elo-logistic-v2,2026-08-15,date,e5680afb314dcdfa970d0878f6724ebf08aa30df,native_probability,
1,146f55cb9fbadabbb674640bbbc9a2990d6b7440cd8ec58f7777751b7948fa8d,capture_20260821T232925413980Z_32536957239_1_d6777f91c3a5,matchup_68e6abbd2402f75a27fca169bbb4b6b4bd8efdf38b2c6172adc63c57c031d894,,a0a69dc9914ef6e1,e2be0c1a9b886d92,f6ad6a1e4d600e0d,MarQuel Mederos,Mason Jones,2026-08-22,timestamp,2026-08-22T21:15:00.000000Z,2026-08-21T06:05:38.000000Z,0.5063413588,ff04994f509057072ee9,point-in-time-elo-logistic-v2,2026-08-15,date,e5680afb314dcdfa970d0878f6724ebf08aa30df,native_probability,
1,15fd5ad8fe25ace9a7cfd1cb5ab77b539d518db118feafeb7f9e804809232b7c,capture_20260821T232925413980Z_32536957239_1_d6777f91c3a5,matchup_240a006adfc1849d47645e66ebc57cbc6f91d7c8144d48635ac4007950c16f48,,a0a69dc9914ef6e1,6747ccd6d1acd266,8667caa0451d245b,Shamil Gaziev,Kennedy Nzechukwu,2026-08-22,timestamp,2026-08-22T21:15:00.000000Z,2026-08-21T06:05:38.000000Z,0.3612782997999999,ff04994f509057072ee9,point-in-time-elo-logistic-v2,2026-08-15,date,e5680afb314dcdfa970d0878f6724ebf08aa30df,native_probability,
1,19040acf2f183da59e77f16bf52a6d6c3ab0bc91e96d6240a83bb3b442351710,capture_20260821T232925413980Z_32536957239_1_d6777f91c3a5,matchup_ff8fe821f0bf7db65c0f5918339e7534290ecc001f4a1ccd0cd954294f76f759,,a0a69dc9914ef6e1,093e1f5bb73850be,d1c65d2cf2925ddd,Anthony Hernandez,Gregory Rodrigues,2026-08-22,timestamp,2026-08-22T21:15:00.000000Z,2026-08-21T06:05:38.000000Z,0.7227240645,ff04994f509057072ee9,point-in-time-elo-logistic-v2,2026-08-15,date,e5680afb314dcdfa970d0878f6724ebf08aa30df,native_probability,
1,25edd15900105791744e1e14d141daad4f13eb41e6f5f6b41b972b87a2ecb873,capture_20260821T232925413980Z_32536957239_1_d6777f91c3a5,matchup_b8b3107093e97e3246a7af79a6851dcba8bd810a295a6759bd6d28b78f753335,,a0a69dc9914ef6e1,3eeec2f53cebdf12,b4443fae47e7eb9d,Jackson McVey,Wes Schultz,2026-08-22,timestamp,2026-08-22T21:15:00.000000Z,2026-08-21T06:05:38.000000Z,0.5929755742,ff04994f509057072ee9,point-in-time-elo-logistic-v2,2026-08-15,date,e5680afb314dcdfa970d0878f6724ebf08aa30df,native_probability,
1,2b48566950350a2e31921ac85c492aeb08bbceb5cd021f8ad1238a727e888b6a,capture_20260821T232925413980Z_32536957239_1_d6777f91c3a5,matchup_fed9bd92cf25bf722674809712169440431c7630ef62bc2874998709ca4801e9,,a0a69dc9914ef6e1,23a81656507b56a3,b34976c022b24568,Terrance Chatman,Anthony Wint,2026-08-22,timestamp,2026-08-22T21:15:00.000000Z,2026-08-21T06:05:38.000000Z,0.5,ff04994f509057072ee9,point-in-time-elo-logistic-v2,2026-08-15,date,e5680afb314dcdfa970d0878f6724ebf08aa30df,native_probability,
1,34f7d185eaae217dc9c19d5a6ac55376b7d77c01c265f30c02f1b4405f9dfa36,capture_20260821T232925413980Z_32536957239_1_d6777f91c3a5,matchup_4c03993f07ac33b8ae81fd66c8b4c39f26474009ae11e6dcbcb4c942c33e8f6f,,a0a69dc9914ef6e1,06626b6287e1ae1e,b7b84ccd221be298,Chris Padilla,Nasrat Haqparast,2026-08-22,timestamp,2026-08-22T21:15:00.000000Z,2026-08-21T06:05:38.000000Z,0.6266864566,ff04994f509057072ee9,point-in-time-elo-logistic-v2,2026-08-15,date,e5680afb314dcdfa970d0878f6724ebf08aa30df,native_probability,
1,51c616176e99f33ef223a2da47481d238add15e05a772dc0a5842a43ab573683,capture_20260821T232925413980Z_32536957239_1_d6777f91c3a5,matchup_5730dbcc9e78781d742f558f3f53256730837650eeeaf894ac53e8987a994db1,,a0a69dc9914ef6e1,640a0f838f057a81,e00a3dee329a51f7,Lerryan Douglas,Jamall Emmers,2026-08-22,timestamp,2026-08-22T21:15:00.000000Z,2026-08-21T06:05:38.000000Z,0.6263897344,ff04994f509057072ee9,point-in-time-elo-logistic-v2,2026-08-15,date,e5680afb314dcdfa970d0878f6724ebf08aa30df,native_probability,
1,611713fb8139abe56dc71b348508368f01911ffefd9c414fd3ea8e486ddfac39,capture_20260821T232925413980Z_32536957239_1_d6777f91c3a5,matchup_1b9d090be42bc9cbe7c6977d3323219dc57a10c1cb31157b44ed89d760b0a8d7,,a0a69dc9914ef6e1,327d5f279895110d,d549cefc7c54ab78,Roman Dolidze,Reinier de Ridder,2026-08-22,timestamp,2026-08-22T21:15:00.000000Z,2026-08-21T06:05:38.000000Z,0.30376055049999995,ff04994f509057072ee9,point-in-time-elo-logistic-v2,2026-08-15,date,e5680afb314dcdfa970d0878f6724ebf08aa30df,native_probability,
1,62d26edb7fbbc93b04e109f9eeee7658c296f29a53907fcf4f712dec731ed751,capture_20260821T232925413980Z_32536957239_1_d6777f91c3a5,matchup_d3057e06ce72d9d426192e08d0d671361d06fc52181a58554253d713bb947db0,,a0a69dc9914ef6e1,c85bad793cd14e28,d958ed9e5a08c849,Marcio Barbosa,Ryan Kuse,2026-08-22,timestamp,2026-08-22T21:15:00.000000Z,2026-08-21T06:05:38.000000Z,0.9241369229,ff04994f509057072ee9,point-in-time-elo-logistic-v2,2026-08-15,date,e5680afb314dcdfa970d0878f6724ebf08aa30df,native_probability,
1,7398380654a70df4c8a09e527135c2402980c5c18fe2d39f50e0d4f539836980,capture_20260821T232925413980Z_32536957239_1_d6777f91c3a5,matchup_d628bb58b0c90e5d3f480b744bc8679bc4858110672f89746bbd8d85f07e21f6,,a0a69dc9914ef6e1,71171fc96445bf65,e2f6b2769aaedd6c,Vitor Petrino,Serghei Spivac,2026-08-22,timestamp,2026-08-22T21:15:00.000000Z,2026-08-21T06:05:38.000000Z,0.6563377165,ff04994f509057072ee9,point-in-time-elo-logistic-v2,2026-08-15,date,e5680afb314dcdfa970d0878f6724ebf08aa30df,native_probability,
1,b3233e9c9042a9496fd1a96d74bb51c361ae4ae86dd578efc469c8d1be526ad7,capture_20260821T232925413980Z_32536957239_1_d6777f91c3a5,matchup_b04f10f44923c1dd86777d35d18bf07dc4299e65e48d7b713d20daceb3137f2e,,a0a69dc9914ef6e1,ac7c765882f2c68c,cfbb3edab781dfd2,Elise Reed,Shanelle Dyer,2026-08-22,timestamp,2026-08-22T21:15:00.000000Z,2026-08-21T06:05:38.000000Z,0.16430110190000002,ff04994f509057072ee9,point-in-time-elo-logistic-v2,2026-08-15,date,e5680afb314dcdfa970d0878f6724ebf08aa30df,native_probability,
1,c8eb34d208b51d61d1bc452d490af5555c4c30b0b1787605ed9c9fb73e57ae96,capture_20260821T232925413980Z_32536957239_1_d6777f91c3a5,matchup_f02d13336e28fd11d4d67ce3b551ef79a82807effcfdfa6987ffff00233b14ae,,a0a69dc9914ef6e1,8061a3136026a673,f1ab6f37492c630a,Jeisla Chaves,Carli Judice,2026-08-22,timestamp,2026-08-22T21:15:00.000000Z,2026-08-21T06:05:38.000000Z,0.3118591111,ff04994f509057072ee9,point-in-time-elo-logistic-v2,2026-08-15,date,e5680afb314dcdfa970d0878f6724ebf08aa30df,native_probability,
1,ddeaf0e3d88c57157cdbc392f63f11010e5024db8d65b4ae7c06f4433095f38e,capture_20260821T232925413980Z_32536957239_1_d6777f91c3a5,matchup_564b24b09c16a5d3d71c2e1db2bb03effe03df5c7e291ae2c10b973d56f78dfa,,a0a69dc9914ef6e1,5be51426ff3c1929,b2a78df161bd67f9,Stan Dorsainvil,Gauge Young,2026-08-22,timestamp,2026-08-22T21:15:00.000000Z,2026-08-21T06:05:38.000000Z,0.05888191349999994,ff04994f509057072ee9,point-in-time-elo-logistic-v2,2026-08-15,date,e5680afb314dcdfa970d0878f6724ebf08aa30df,native_probability,
1,1d87643819bb6f5e3fb81239a55b9b5b10bdeb37f0dfc69f83bd69e3b743754d,capture_20260822T043135812853Z_32551832914_1_1b740bc1e03c,matchup_d628bb58b0c90e5d3f480b744bc8679bc4858110672f89746bbd8d85f07e21f6,,a0a69dc9914ef6e1,71171fc96445bf65,e2f6b2769aaedd6c,Vitor Petrino,Serghei Spivac,2026-08-22,timestamp,2026-08-22T21:15:00.000000Z,2026-08-21T06:05:38.000000Z,0.6563377165,ff04994f509057072ee9,point-in-time-elo-logistic-v2,2026-08-15,date,e5680afb314dcdfa970d0878f6724ebf08aa30df,native_probability,
1,31c8b5db093f4a3f2ec6be0a0ea366df799f7d55c11c47ebb1853d9dbd2f4982,capture_20260822T043135812853Z_32551832914_1_1b740bc1e03c,matchup_b8b3107093e97e3246a7af79a6851dcba8bd810a295a6759bd6d28b78f753335,,a0a69dc9914ef6e1,3eeec2f53cebdf12,b4443fae47e7eb9d,Jackson McVey,Wes Schultz,2026-08-22,timestamp,2026-08-22T21:15:00.000000Z,2026-08-21T06:05:38.000000Z,0.5929755742,ff04994f509057072ee9,point-in-time-elo-logistic-v2,2026-08-15,date,e5680afb314dcdfa970d0878f6724ebf08aa30df,native_probability,
1,31f3381fcb297fea43ac4534006dbca2982c8e19ed3263c170fccf6473602977,capture_20260822T043135812853Z_32551832914_1_1b740bc1e03c,matchup_b04f10f44923c1dd86777d35d18bf07dc4299e65e48d7b713d20daceb3137f2e,,a0a69dc9914ef6e1,ac7c765882f2c68c,cfbb3edab781dfd2,Elise Reed,Shanelle Dyer,2026-08-22,timestamp,2026-08-22T21:15:00.000000Z,2026-08-21T06:05:38.000000Z,0.16430110190000002,ff04994f509057072ee9,point-in-time-elo-logistic-v2,2026-08-15,date,e5680afb314dcdfa970d0878f6724ebf08aa30df,native_probability,
1,5bfa393dc35d5fb05e6ea703efcda2f289e92e0bfdd256477690e242c8bacfc7,capture_20260822T043135812853Z_32551832914_1_1b740bc1e03c,matchup_ff8fe821f0bf7db65c0f5918339e7534290ecc001f4a1ccd0cd954294f76f759,,a0a69dc9914ef6e1,093e1f5bb73850be,d1c65d2cf2925ddd,Anthony Hernandez,Gregory Rodrigues,2026-08-22,timestamp,2026-08-22T21:15:00.000000Z,2026-08-21T06:05:38.000000Z,0.7227240645,ff04994f509057072ee9,point-in-time-elo-logistic-v2,2026-08-15,date,e5680afb314dcdfa970d0878f6724ebf08aa30df,native_probability,
1,85228103ca625435cffb42dc708b5c815cb7ddb80a88c4f5580a506717086b20,capture_20260822T043135812853Z_32551832914_1_1b740bc1e03c,matchup_5730dbcc9e78781d742f558f3f53256730837650eeeaf894ac53e8987a994db1,,a0a69dc9914ef6e1,640a0f838f057a81,e00a3dee329a51f7,Lerryan Douglas,Jamall Emmers,2026-08-22,timestamp,2026-08-22T21:15:00.000000Z,2026-08-21T06:05:38.000000Z,0.6263897344,ff04994f509057072ee9,point-in-time-elo-logistic-v2,2026-08-15,date,e5680afb314dcdfa970d0878f6724ebf08aa30df,native_probability,
1,95c8c90ddb822e31ef7c29a00262b34aba0b65cfe98d0d8e5f18460ea9e402b7,capture_20260822T043135812853Z_32551832914_1_1b740bc1e03c,matchup_1b9d090be42bc9cbe7c6977d3323219dc57a10c1cb31157b44ed89d760b0a8d7,,a0a69dc9914ef6e1,327d5f279895110d,d549cefc7c54ab78,Roman Dolidze,Reinier de Ridder,2026-08-22,timestamp,2026-08-22T21:15:00.000000Z,2026-08-21T06:05:38.000000Z,0.30376055049999995,ff04994f509057072ee9,point-in-time-elo-logistic-v2,2026-08-15,date,e5680afb314dcdfa970d0878f6724ebf08aa30df,native_probability,
1,a22be2156342fb9f754f1b113d9e053517ee2a7ba7c7cd58a4223ecf37eb5757,capture_20260822T043135812853Z_32551832914_1_1b740bc1e03c,matchup_68e6abbd2402f75a27fca169bbb4b6b4bd8efdf38b2c6172adc63c57c031d894,,a0a69dc9914ef6e1,e2be0c1a9b886d92,f6ad6a1e4d600e0d,MarQuel Mederos,Mason Jones,2026-08-22,timestamp,2026-08-22T21:15:00.000000Z,2026-08-21T06:05:38.000000Z,0.5063413588,ff04994f509057072ee9,point-in-time-elo-logistic-v2,2026-08-15,date,e5680afb314dcdfa970d0878f6724ebf08aa30df,native_probability,
1,b44c4155523a7828ed9d91726869e0f5a96c104e989500515474b90b7a34c777,capture_20260822T043135812853Z_32551832914_1_1b740bc1e03c,matchup_564b24b09c16a5d3d71c2e1db2bb03effe03df5c7e291ae2c10b973d56f78dfa,,a0a69dc9914ef6e1,5be51426ff3c1929,b2a78df161bd67f9,Stan Dorsainvil,Gauge Young,2026-08-22,timestamp,2026-08-22T21:15:00.000000Z,2026-08-21T06:05:38.000000Z,0.05888191349999994,ff04994f509057072ee9,point-in-time-elo-logistic-v2,2026-08-15,date,e5680afb314dcdfa970d0878f6724ebf08aa30df,native_probability,
1,c994c039561bbef318e38809c6543df1668af7b9f8018803c17e8ea6b384cac0,capture_20260822T043135812853Z_32551832914_1_1b740bc1e03c,matchup_f02d13336e28fd11d4d67ce3b551ef79a82807effcfdfa6987ffff00233b14ae,,a0a69dc9914ef6e1,8061a3136026a673,f1ab6f37492c630a,Jeisla Chaves,Carli Judice,2026-08-22,timestamp,2026-08-22T21:15:00.000000Z,2026-08-21T06:05:38.000000Z,0.3118591111,ff04994f509057072ee9,point-in-time-elo-logistic-v2,2026-08-15,date,e5680afb314dcdfa970d0878f6724ebf08aa30df,native_probability,
1,d1effff93a8c4f9c81b2a14308e71b8700997a754453ad1992b4bae06c872809,capture_20260822T043135812853Z_32551832914_1_1b740bc1e03c,matchup_d3057e06ce72d9d426192e08d0d671361d06fc52181a58554253d713bb947db0,,a0a69dc9914ef6e1,c85bad793cd14e28,d958ed9e5a08c849,Marcio Barbosa,Ryan Kuse,2026-08-22,timestamp,2026-08-22T21:15:00.000000Z,2026-08-21T06:05:38.000000Z,0.9241369229,ff04994f509057072ee9,point-in-time-elo-logistic-v2,2026-08-15,date,e5680afb314dcdfa970d0878f6724ebf08aa30df,native_probability,
1,e5e513c4931cdd3f9a8467d12c459be218eb2dc1a868981c84d634e4f1518757,capture_20260822T043135812853Z_32551832914_1_1b740bc1e03c,matchup_4c03993f07ac33b8ae81fd66c8b4c39f26474009ae11e6dcbcb4c942c33e8f6f,,a0a69dc9914ef6e1,06626b6287e1ae1e,b7b84ccd221be298,Chris Padilla,Nasrat Haqparast,2026-08-22,timestamp,2026-08-22T21:15:00.000000Z,2026-08-21T06:05:38.000000Z,0.6266864566,ff04994f509057072ee9,point-in-time-elo-logistic-v2,2026-08-15,date,e5680afb314dcdfa970d0878f6724ebf08aa30df,native_probability,
1,f3e08e1d4bc1e4ea9b140ff4eeb80a9186546831cf85ee86e4d3d09770b01c6b,capture_20260822T043135812853Z_32551832914_1_1b740bc1e03c,matchup_fed9bd92cf25bf722674809712169440431c7630ef62bc2874998709ca4801e9,,a0a69dc9914ef6e1,23a81656507b56a3,b34976c022b24568,Terrance Chatman,Anthony Wint,2026-08-22,timestamp,2026-08-22T21:15:00.000000Z,2026-08-21T06:05:38.000000Z,0.5,ff04994f509057072ee9,point-in-time-elo-logistic-v2,2026-08-15,date,e5680afb314dcdfa970d0878f6724ebf08aa30df,native_probability,
1,feee7374d9c9f1a9fd45c405774fbb9aa0028a9a620e9c4f24a0e5d780ca781f,capture_20260822T043135812853Z_32551832914_1_1b740bc1e03c,matchup_240a006adfc1849d47645e66ebc57cbc6f91d7c8144d48635ac4007950c16f48,,a0a69dc9914ef6e1,6747ccd6d1acd266,8667caa0451d245b,Shamil Gaziev,Kennedy Nzechukwu,2026-08-22,timestamp,2026-08-22T21:15:00.000000Z,2026-08-21T06:05:38.000000Z,0.3612782997999999,ff04994f509057072ee9,point-in-time-elo-logistic-v2,2026-08-15,date,e5680afb314dcdfa970d0878f6724ebf08aa30df,native_probability,
1,02591075cf44e8a0cfec1d2a296ffbe96b3b0f1e3e504869879945556aec81be,capture_20260822T142752972276Z_32578708824_1_c6ca54118159,matchup_240a006adfc1849d47645e66ebc57cbc6f91d7c8144d48635ac4007950c16f48,,a0a69dc9914ef6e1,6747ccd6d1acd266,8667caa0451d245b,Shamil Gaziev,Kennedy Nzechukwu,2026-08-22,timestamp,2026-08-22T21:15:00.000000Z,2026-08-21T06:05:38.000000Z,0.3612782997999999,ff04994f509057072ee9,point-in-time-elo-logistic-v2,2026-08-15,date,e5680afb314dcdfa970d0878f6724ebf08aa30df,native_probability,
1,25bdcd79425748075c138ccb7bcd16807c0d8acb6361f7fa167ebbb96aa0775f,capture_20260822T142752972276Z_32578708824_1_c6ca54118159,matchup_f02d13336e28fd11d4d67ce3b551ef79a82807effcfdfa6987ffff00233b14ae,,a0a69dc9914ef6e1,8061a3136026a673,f1ab6f37492c630a,Jeisla Chaves,Carli Judice,2026-08-22,timestamp,2026-08-22T21:15:00.000000Z,2026-08-21T06:05:38.000000Z,0.3118591111,ff04994f509057072ee9,point-in-time-elo-logistic-v2,2026-08-15,date,e5680afb314dcdfa970d0878f6724ebf08aa30df,native_probability,
1,4f75fe2f4f36c795a5639f081883ac97806345ecf4067ffcde3349000f55c8ae,capture_20260822T142752972276Z_32578708824_1_c6ca54118159,matchup_1b9d090be42bc9cbe7c6977d3323219dc57a10c1cb31157b44ed89d760b0a8d7,,a0a69dc9914ef6e1,327d5f279895110d,d549cefc7c54ab78,Roman Dolidze,Reinier de Ridder,2026-08-22,timestamp,2026-08-22T21:15:00.000000Z,2026-08-21T06:05:38.000000Z,0.30376055049999995,ff04994f509057072ee9,point-in-time-elo-logistic-v2,2026-08-15,date,e5680afb314dcdfa970d0878f6724ebf08aa30df,native_probability,
1,51b6c1ac6802fb9e7b65b3a79d7ec19de2716bcd169dd3e2771f835e77d8be8f,capture_20260822T142752972276Z_32578708824_1_c6ca54118159,matchup_d3057e06ce72d9d426192e08d0d671361d06fc52181a58554253d713bb947db0,,a0a69dc9914ef6e1,c85bad793cd14e28,d958ed9e5a08c849,Marcio Barbosa,Ryan Kuse,2026-08-22,timestamp,2026-08-22T21:15:00.000000Z,2026-08-21T06:05:38.000000Z,0.9241369229,ff04994f509057072ee9,point-in-time-elo-logistic-v2,2026-08-15,date,e5680afb314dcdfa970d0878f6724ebf08aa30df,native_probability,
1,5c52a107e66e2a5982ef710bed373adb6e3646f108a876cb24a0e5e4f43735e1,capture_20260822T142752972276Z_32578708824_1_c6ca54118159,matchup_b04f10f44923c1dd86777d35d18bf07dc4299e65e48d7b713d20daceb3137f2e,,a0a69dc9914ef6e1,ac7c765882f2c68c,cfbb3edab781dfd2,Elise Reed,Shanelle Dyer,2026-08-22,timestamp,2026-08-22T21:15:00.000000Z,2026-08-21T06:05:38.000000Z,0.16430110190000002,ff04994f509057072ee9,point-in-time-elo-logistic-v2,2026-08-15,date,e5680afb314dcdfa970d0878f6724ebf08aa30df,native_probability,
1,6a660f16786a3bc07655ec4bb52c7072d36b0bebc4f1dc113dacee452de49b89,capture_20260822T142752972276Z_32578708824_1_c6ca54118159,matchup_fed9bd92cf25bf722674809712169440431c7630ef62bc2874998709ca4801e9,,a0a69dc9914ef6e1,23a81656507b56a3,b34976c022b24568,Terrance Chatman,Anthony Wint,2026-08-22,timestamp,2026-08-22T21:15:00.000000Z,2026-08-21T06:05:38.000000Z,0.5,ff04994f509057072ee9,point-in-time-elo-logistic-v2,2026-08-15,date,e5680afb314dcdfa970d0878f6724ebf08aa30df,native_probability,
1,95c7b0905ac12f9bf56e4c1108962ff5d5be7da3e8deb73f92c014a944476c03,capture_20260822T142752972276Z_32578708824_1_c6ca54118159,matchup_4c03993f07ac33b8ae81fd66c8b4c39f26474009ae11e6dcbcb4c942c33e8f6f,,a0a69dc9914ef6e1,06626b6287e1ae1e,b7b84ccd221be298,Chris Padilla,Nasrat Haqparast,2026-08-22,timestamp,2026-08-22T21:15:00.000000Z,2026-08-21T06:05:38.000000Z,0.6266864566,ff04994f509057072ee9,point-in-time-elo-logistic-v2,2026-08-15,date,e5680afb314dcdfa970d0878f6724ebf08aa30df,native_probability,
1,b852abb047cbd5d556e7a613a1d5ad057ac5c4f96221fa37c3808784385772ff,capture_20260822T142752972276Z_32578708824_1_c6ca54118159,matchup_68e6abbd2402f75a27fca169bbb4b6b4bd8efdf38b2c6172adc63c57c031d894,,a0a69dc9914ef6e1,e2be0c1a9b886d92,f6ad6a1e4d600e0d,MarQuel Mederos,Mason Jones,2026-08-22,timestamp,2026-08-22T21:15:00.000000Z,2026-08-21T06:05:38.000000Z,0.5063413588,ff04994f509057072ee9,point-in-time-elo-logistic-v2,2026-08-15,date,e5680afb314dcdfa970d0878f6724ebf08aa30df,native_probability,
1,bb1aec9ce2f5483a2c6ff46b38c5c30b70fc43a8c085b996e62b1c6461616e17,capture_20260822T142752972276Z_32578708824_1_c6ca54118159,matchup_b8b3107093e97e3246a7af79a6851dcba8bd810a295a6759bd6d28b78f753335,,a0a69dc9914ef6e1,3eeec2f53cebdf12,b4443fae47e7eb9d,Jackson McVey,Wes Schultz,2026-08-22,timestamp,2026-08-22T21:15:00.000000Z,2026-08-21T06:05:38.000000Z,0.5929755742,ff04994f509057072ee9,point-in-time-elo-logistic-v2,2026-08-15,date,e5680afb314dcdfa970d0878f6724ebf08aa30df,native_probability,
1,c26d9109e49f4b8b14ac39c4adea566f3d0fa9c9eb3bbf60a7c885507ba1db11,capture_20260822T142752972276Z_32578708824_1_c6ca54118159,matchup_d628bb58b0c90e5d3f480b744bc8679bc4858110672f89746bbd8d85f07e21f6,,a0a69dc9914ef6e1,71171fc96445bf65,e2f6b2769aaedd6c,Vitor Petrino,Serghei Spivac,2026-08-22,timestamp,2026-08-22T21:15:00.000000Z,2026-08-21T06:05:38.000000Z,0.6563377165,ff04994f509057072ee9,point-in-time-elo-logistic-v2,2026-08-15,date,e5680afb314dcdfa970d0878f6724ebf08aa30df,native_probability,
1,c8d60b823933087b1f619ebde303f115ae2e821556e90fedc972be4c7b833822,capture_20260822T142752972276Z_32578708824_1_c6ca54118159,matchup_564b24b09c16a5d3d71c2e1db2bb03effe03df5c7e291ae2c10b973d56f78dfa,,a0a69dc9914ef6e1,5be51426ff3c1929,b2a78df161bd67f9,Stan Dorsainvil,Gauge Young,2026-08-22,timestamp,2026-08-22T21:15:00.000000Z,2026-08-21T06:05:38.000000Z,0.05888191349999994,ff04994f509057072ee9,point-in-time-elo-logistic-v2,2026-08-15,date,e5680afb314dcdfa970d0878f6724ebf08aa30df,native_probability,
1,cfe8e851863d4c1526f4d942f3f4b0a5336659625444f8c2d00b0c9ee608116c,capture_20260822T142752972276Z_32578708824_1_c6ca54118159,matchup_ff8fe821f0bf7db65c0f5918339e7534290ecc001f4a1ccd0cd954294f76f759,,a0a69dc9914ef6e1,093e1f5bb73850be,d1c65d2cf2925ddd,Anthony Hernandez,Gregory Rodrigues,2026-08-22,timestamp,2026-08-22T21:15:00.000000Z,2026-08-21T06:05:38.000000Z,0.7227240645,ff04994f509057072ee9,point-in-time-elo-logistic-v2,2026-08-15,date,e5680afb314dcdfa970d0878f6724ebf08aa30df,native_probability,
1,d946965832879a1e151ea3544bdb9da4ee3008664c06751c66cf794c58df73f3,capture_20260822T142752972276Z_32578708824_1_c6ca54118159,matchup_5730dbcc9e78781d742f558f3f53256730837650eeeaf894ac53e8987a994db1,,a0a69dc9914ef6e1,640a0f838f057a81,e00a3dee329a51f7,Lerryan Douglas,Jamall Emmers,2026-08-22,timestamp,2026-08-22T21:15:00.000000Z,2026-08-21T06:05:38.000000Z,0.6263897344,ff04994f509057072ee9,point-in-time-elo-logistic-v2,2026-08-15,date,e5680afb314dcdfa970d0878f6724ebf08aa30df,native_probability,
1,05c259f065e1b85e457cee7c52076be24623b0af5dc59dd30f2c4acf36233cfe,capture_20260822T172707575464Z_32587712763_1_f445a955cdb1,matchup_68e6abbd2402f75a27fca169bbb4b6b4bd8efdf38b2c6172adc63c57c031d894,,a0a69dc9914ef6e1,e2be0c1a9b886d92,f6ad6a1e4d600e0d,MarQuel Mederos,Mason Jones,2026-08-22,timestamp,2026-08-22T21:15:00.000000Z,2026-08-21T06:05:38.000000Z,0.5063413588,ff04994f509057072ee9,point-in-time-elo-logistic-v2,2026-08-15,date,e5680afb314dcdfa970d0878f6724ebf08aa30df,native_probability,
1,06d4f17c36d7c6f3e86a299c2dc9b3d32dac204036876b6d5d8c59caa6f58443,capture_20260822T172707575464Z_32587712763_1_f445a955cdb1,matchup_b8b3107093e97e3246a7af79a6851dcba8bd810a295a6759bd6d28b78f753335,,a0a69dc9914ef6e1,3eeec2f53cebdf12,b4443fae47e7eb9d,Jackson McVey,Wes Schultz,2026-08-22,timestamp,2026-08-22T21:15:00.000000Z,2026-08-21T06:05:38.000000Z,0.5929755742,ff04994f509057072ee9,point-in-time-elo-logistic-v2,2026-08-15,date,e5680afb314dcdfa970d0878f6724ebf08aa30df,native_probability,
1,133ac01fa1a43abbdca171e7642bb2ccf9a20c78a3cb1ac4768dc6ed624ebcf8,capture_20260822T172707575464Z_32587712763_1_f445a955cdb1,matchup_564b24b09c16a5d3d71c2e1db2bb03effe03df5c7e291ae2c10b973d56f78dfa,,a0a69dc9914ef6e1,5be51426ff3c1929,b2a78df161bd67f9,Stan Dorsainvil,Gauge Young,2026-08-22,timestamp,2026-08-22T21:15:00.000000Z,2026-08-21T06:05:38.000000Z,0.05888191349999994,ff04994f509057072ee9,point-in-time-elo-logistic-v2,2026-08-15,date,e5680afb314dcdfa970d0878f6724ebf08aa30df,native_probability,
1,137aff14e945dca88d737750b7eeeea7ade7615622cee750fb1328385e49d12e,capture_20260822T172707575464Z_32587712763_1_f445a955cdb1,matchup_d3057e06ce72d9d426192e08d0d671361d06fc52181a58554253d713bb947db0,,a0a69dc9914ef6e1,c85bad793cd14e28,d958ed9e5a08c849,Marcio Barbosa,Ryan Kuse,2026-08-22,timestamp,2026-08-22T21:15:00.000000Z,2026-08-21T06:05:38.000000Z,0.9241369229,ff04994f509057072ee9,point-in-time-elo-logistic-v2,2026-08-15,date,e5680afb314dcdfa970d0878f6724ebf08aa30df,native_probability,
1,1e19c3328bf53e3fe3e04cc5ead4a248d9297b5cdfb37c4adabe56330f58af6f,capture_20260822T172707575464Z_32587712763_1_f445a955cdb1,matchup_240a006adfc1849d47645e66ebc57cbc6f91d7c8144d48635ac4007950c16f48,,a0a69dc9914ef6e1,6747ccd6d1acd266,8667caa0451d245b,Shamil Gaziev,Kennedy Nzechukwu,2026-08-22,timestamp,2026-08-22T21:15:00.000000Z,2026-08-21T06:05:38.000000Z,0.3612782997999999,ff04994f509057072ee9,point-in-time-elo-logistic-v2,2026-08-15,date,e5680afb314dcdfa970d0878f6724ebf08aa30df,native_probability,
1,598ccecf96b79faa1045e0ef0561da7eebd33ba0d90034351d9191ffd23877f5,capture_20260822T172707575464Z_32587712763_1_f445a955cdb1,matchup_1b9d090be42bc9cbe7c6977d3323219dc57a10c1cb31157b44ed89d760b0a8d7,,a0a69dc9914ef6e1,327d5f279895110d,d549cefc7c54ab78,Roman Dolidze,Reinier de Ridder,2026-08-22,timestamp,2026-08-22T21:15:00.000000Z,2026-08-21T06:05:38.000000Z,0.30376055049999995,ff04994f509057072ee9,point-in-time-elo-logistic-v2,2026-08-15,date,e5680afb314dcdfa970d0878f6724ebf08aa30df,native_probability,
1,5ef765785d13d66f0dcfc6d926d948c5730d8cdd0147778fad4d437013b24e26,capture_20260822T172707575464Z_32587712763_1_f445a955cdb1,matchup_fed9bd92cf25bf722674809712169440431c7630ef62bc2874998709ca4801e9,,a0a69dc9914ef6e1,23a81656507b56a3,b34976c022b24568,Terrance Chatman,Anthony Wint,2026-08-22,timestamp,2026-08-22T21:15:00.000000Z,2026-08-21T06:05:38.000000Z,0.5,ff04994f509057072ee9,point-in-time-elo-logistic-v2,2026-08-15,date,e5680afb314dcdfa970d0878f6724ebf08aa30df,native_probability,
1,7611281a06780a3495239d07d630666bfd9900759d875217f594a2c17ee93485,capture_20260822T172707575464Z_32587712763_1_f445a955cdb1,matchup_d628bb58b0c90e5d3f480b744bc8679bc4858110672f89746bbd8d85f07e21f6,,a0a69dc9914ef6e1,71171fc96445bf65,e2f6b2769aaedd6c,Vitor Petrino,Serghei Spivac,2026-08-22,timestamp,2026-08-22T21:15:00.000000Z,2026-08-21T06:05:38.000000Z,0.6563377165,ff04994f509057072ee9,point-in-time-elo-logistic-v2,2026-08-15,date,e5680afb314dcdfa970d0878f6724ebf08aa30df,native_probability,
1,7723e6a3a582fe63f6c24b6934132091f5a3b4c1e9cdbf298f768b92e1815fce,capture_20260822T172707575464Z_32587712763_1_f445a955cdb1,matchup_f02d13336e28fd11d4d67ce3b551ef79a82807effcfdfa6987ffff00233b14ae,,a0a69dc9914ef6e1,8061a3136026a673,f1ab6f37492c630a,Jeisla Chaves,Carli Judice,2026-08-22,timestamp,2026-08-22T21:15:00.000000Z,2026-08-21T06:05:38.000000Z,0.3118591111,ff04994f509057072ee9,point-in-time-elo-logistic-v2,2026-08-15,date,e5680afb314dcdfa970d0878f6724ebf08aa30df,native_probability,
1,979570fcb08be99b1fa968d05222527d67d8e7fa38818ae51724c2a1c8669bec,capture_20260822T172707575464Z_32587712763_1_f445a955cdb1,matchup_ff8fe821f0bf7db65c0f5918339e7534290ecc001f4a1ccd0cd954294f76f759,,a0a69dc9914ef6e1,093e1f5bb73850be,d1c65d2cf2925ddd,Anthony Hernandez,Gregory Rodrigues,2026-08-22,timestamp,2026-08-22T21:15:00.000000Z,2026-08-21T06:05:38.000000Z,0.7227240645,ff04994f509057072ee9,point-in-time-elo-logistic-v2,2026-08-15,date,e5680afb314dcdfa970d0878f6724ebf08aa30df,native_probability,
1,ba59b5f9c1140a9fa02f9755ca8f20004dc270b47630b862eae2969986600ee7,capture_20260822T172707575464Z_32587712763_1_f445a955cdb1,matchup_4c03993f07ac33b8ae81fd66c8b4c39f26474009ae11e6dcbcb4c942c33e8f6f,,a0a69dc9914ef6e1,06626b6287e1ae1e,b7b84ccd221be298,Chris Padilla,Nasrat Haqparast,2026-08-22,timestamp,2026-08-22T21:15:00.000000Z,2026-08-21T06:05:38.000000Z,0.6266864566,ff04994f509057072ee9,point-in-time-elo-logistic-v2,2026-08-15,date,e5680afb314dcdfa970d0878f6724ebf08aa30df,native_probability,
1,bfb6f1bdfc52a745449d4e1579d7e9064ae1ee844f7d13dd430081de51abba28,capture_20260822T172707575464Z_32587712763_1_f445a955cdb1,matchup_b04f10f44923c1dd86777d35d18bf07dc4299e65e48d7b713d20daceb3137f2e,,a0a69dc9914ef6e1,ac7c765882f2c68c,cfbb3edab781dfd2,Elise Reed,Shanelle Dyer,2026-08-22,timestamp,2026-08-22T21:15:00.000000Z,2026-08-21T06:05:38.000000Z,0.16430110190000002,ff04994f509057072ee9,point-in-time-elo-logistic-v2,2026-08-15,date,e5680afb314dcdfa970d0878f6724ebf08aa30df,native_probability,
1,d04cdaef7a92519a6b3104e2c5f1a8b0b884059adf331822e1109c57f72a18fd,capture_20260822T172707575464Z_32587712763_1_f445a955cdb1,matchup_5730dbcc9e78781d742f558f3f53256730837650eeeaf894ac53e8987a994db1,,a0a69dc9914ef6e1,640a0f838f057a81,e00a3dee329a51f7,Lerryan Douglas,Jamall Emmers,2026-08-22,timestamp,2026-08-22T21:15:00.000000Z,2026-08-21T06:05:38.000000Z,0.6263897344,ff04994f509057072ee9,point-in-time-elo-logistic-v2,2026-08-15,date,e5680afb314dcdfa970d0878f6724ebf08aa30df,native_probability,
1,1670ede1558baca4469d50a631e76988a7297cacbbe9a81274f3c3ee48c8df02,capture_20260825T011006049286Z_32796383860_1_8a58232ef6eb,matchup_e61f9a55914091d7622712ef84540890dd4ebb88a4aac498188817c9afcff0b5,,9d61d8cb1c354867,7d420039bbfe7c1a,d33da8a3d82bdb62,Aoriqileng,Kai Asakura,2026-08-29,timestamp,2026-08-29T10:00:00.000000Z,2026-08-25T00:12:34.000000Z,0.30558612690000003,1ebbd6ce0fc00570f085,point-in-time-elo-logistic-v2,2026-08-22,date,edff048ed0a656812ac2d9fdc1f7df3d091b207d,native_probability,
1,30d81ac76dac8fbcd7054072544fdad5d9feead34841032528530998b73c37ef,capture_20260825T011006049286Z_32796383860_1_8a58232ef6eb,matchup_3f9998cf552d693a33fb9a4f175d13960075bb7373e376abb8b51a1abb51b356,,9d61d8cb1c354867,c41d426cc7326d1b,cffb87059e645bd1,Yan Xiaonan,Denise Gomes,2026-08-29,timestamp,2026-08-29T10:00:00.000000Z,2026-08-25T00:12:34.000000Z,0.2513055987,1ebbd6ce0fc00570f085,point-in-time-elo-logistic-v2,2026-08-22,date,edff048ed0a656812ac2d9fdc1f7df3d091b207d,native_probability,
1,43dcc785ab3c4b54b51a6d29ce1a142769577a1771877b80bb6ae75cefbd71a9,capture_20260825T011006049286Z_32796383860_1_8a58232ef6eb,matchup_2e7ecfa4cf636c685bb4b274cad9c799cdb45c485fc9463c9f057b014ede92e2,,9d61d8cb1c354867,9ac4e43ed56429ed,a9936818d709e2d7,Levi Rodrigues Jr.,Liu Ce,2026-08-29,timestamp,2026-08-29T10:00:00.000000Z,2026-08-25T00:12:34.000000Z,0.8367146992,1ebbd6ce0fc00570f085,point-in-time-elo-logistic-v2,2026-08-22,date,edff048ed0a656812ac2d9fdc1f7df3d091b207d,native_probability,
1,48f85ed920b09d413e4259b75de52a0e0e82d594e3a679eb82c6798c720a01e8,capture_20260825T011006049286Z_32796383860_1_8a58232ef6eb,matchup_fe882adb53c9e40d42c3fb9e530f1c9634fb66cf626222156d002a5014c30b56,,9d61d8cb1c354867,2b6fc1c02736833d,efb96bf3e9ada36f,Umar Nurmagomedov,Song Yadong,2026-08-29,timestamp,2026-08-29T10:00:00.000000Z,2026-08-25T00:12:34.000000Z,0.7250796118,1ebbd6ce0fc00570f085,point-in-time-elo-logistic-v2,2026-08-22,date,edff048ed0a656812ac2d9fdc1f7df3d091b207d,native_probability,
1,7d6447b2f02c210e3e99eede036e89664c8f3819d0b87b26ad63cb2487159fed,capture_20260825T011006049286Z_32796383860_1_8a58232ef6eb,matchup_f593d6bfd53b8a1bd4b33f94a3d784a98c2c53d4161a5587ec7eb6917b243c99,,9d61d8cb1c354867,86bace9e4ad85542,874cfc98877daecd,Xiao Long,Francesco Nuzzi,2026-08-29,timestamp,2026-08-29T10:00:00.000000Z,2026-08-25T00:12:34.000000Z,0.9179402081,1ebbd6ce0fc00570f085,point-in-time-elo-logistic-v2,2026-08-22,date,edff048ed0a656812ac2d9fdc1f7df3d091b207d,native_probability,
1,83fb2f0403f3200931eaa9789344fcc692c2dc69db9225963b70cef04e9d4e61,capture_20260825T011006049286Z_32796383860_1_8a58232ef6eb,matchup_389c1ce1797683bddb624227d64640e8a62ab358736501837929bd80cfa4e3fa,,9d61d8cb1c354867,4682bc59d5f55145,a9da3158dd2c2b5a,Sean Woodson,Jack Jenkins,2026-08-29,timestamp,2026-08-29T10:00:00.000000Z,2026-08-25T00:12:34.000000Z,0.627311855,1ebbd6ce0fc00570f085,point-in-time-elo-logistic-v2,2026-08-22,date,edff048ed0a656812ac2d9fdc1f7df3d091b207d,native_probability,
1,8bc9378d4b8c5b367debde31f9820979c12f6cc271b065d9d8acfaeee1bc6faf,capture_20260825T011006049286Z_32796383860_1_8a58232ef6eb,matchup_c4951970b3f56e47b53fbee8e9543eaacb50773c034c68932a2ef149e0c1cd18,,9d61d8cb1c354867,b1f21ce050035d58,e1f8beeb6d2d871a,Andre Lima,Namsrai Batbayar,2026-08-29,timestamp,2026-08-29T10:00:00.000000Z,2026-08-25T00:12:34.000000Z,0.9504581913,1ebbd6ce0fc00570f085,point-in-time-elo-logistic-v2,2026-08-22,date,edff048ed0a656812ac2d9fdc1f7df3d091b207d,native_probability,
1,c3a9e8fed3d650c47b4465972d91af3e859463a4a8ed6f93be5b654c7fad3d43,capture_20260825T011006049286Z_32796383860_1_8a58232ef6eb,matchup_d9b7e67887f117b7d52f7ddf124e1aec94ae0954605b34bceb2737065151e087,,9d61d8cb1c354867,2f43a3e82661fa99,34b96d52db1d26e6,Rei Tsuruya,Kevin Borjas,2026-08-29,timestamp,2026-08-29T10:00:00.000000Z,2026-08-25T00:12:34.000000Z,0.7718655784,1ebbd6ce0fc00570f085,point-in-time-elo-logistic-v2,2026-08-22,date,edff048ed0a656812ac2d9fdc1f7df3d091b207d,native_probability,
1,d581070f23642ebf727215d257641fc8ca0acbcc779c255591d160f66919e5ed,capture_20260825T011006049286Z_32796383860_1_8a58232ef6eb,matchup_443225c1e560d888001c2519d5a4e68297c2ac5ddaa7415a82cf763130041fac,,9d61d8cb1c354867,2cdb479a0ef0ee1d,abb68e3c7ca128f2,Xiong Jingnan,Julia Polastri,2026-08-29,timestamp,2026-08-29T10:00:00.000000Z,2026-08-25T00:12:34.000000Z,0.15516365610000002,1ebbd6ce0fc00570f085,point-in-time-elo-logistic-v2,2026-08-22,date,edff048ed0a656812ac2d9fdc1f7df3d091b207d,native_probability,
1,e78f41542788c7a0a8278484f22f079e745817853be2c1336a8047cd53d7318e,capture_20260825T011006049286Z_32796383860_1_8a58232ef6eb,matchup_6d0e5bb6cd688e9b7033b078cb103003b4b3c87c7aba84890186cc0080df1d8b,,9d61d8cb1c354867,3cf18e01cb6cbde3,ab2b4ff41d6ebe0f,Sumudaerji,Alex Perez,2026-08-29,timestamp,2026-08-29T10:00:00.000000Z,2026-08-25T00:12:34.000000Z,0.5959281105,1ebbd6ce0fc00570f085,point-in-time-elo-logistic-v2,2026-08-22,date,edff048ed0a656812ac2d9fdc1f7df3d091b207d,native_probability,
1,e86283416c3fdf7649a8edff6cc87b420c68be776b36c6ac88b685d49da9e719,capture_20260825T011006049286Z_32796383860_1_8a58232ef6eb,matchup_2f0ed1a2aa1334637a7b4a77062b4189a9b2516bcc0b3f7df253f93c7d0bf560,,9d61d8cb1c354867,8e4902b4a8045070,a1ad35b98a9136e5,Hector Santiago,Lawrence Lui,2026-08-29,timestamp,2026-08-29T10:00:00.000000Z,2026-08-25T00:12:34.000000Z,0.07440970499999999,1ebbd6ce0fc00570f085,point-in-time-elo-logistic-v2,2026-08-22,date,edff048ed0a656812ac2d9fdc1f7df3d091b207d,native_probability,
1,f4386c9f0c25a94e02500611b85e66121ff2ebb2b5006c3d6012531d7fcd67e6,capture_20260825T011006049286Z_32796383860_1_8a58232ef6eb,matchup_228ab0d3e5153efa04bef071bfc37650479a59f22b1ca840ddbee8508e9fba3c,,9d61d8cb1c354867,5182316da3c1d891,bf60dd3256801649,Bilal Hasan,Nilson Rojas,2026-08-29,timestamp,2026-08-29T10:00:00.000000Z,2026-08-25T00:12:34.000000Z,0.5,1ebbd6ce0fc00570f085,point-in-time-elo-logistic-v2,2026-08-22,date,edff048ed0a656812ac2d9fdc1f7df3d091b207d,native_probability,
1,fccbff239445172db94b983caf2084386e6cfa368edb5dcc7ef6a60cf5566b40,capture_20260825T011006049286Z_32796383860_1_8a58232ef6eb,matchup_029f26ab659c3569314741c22d58b255c7623e8d8913641f9c4a2bdbe5972726,,9d61d8cb1c354867,34d4cae19105eb68,e0664abaa023fd6f,Cameron Nelson,Ding Meng,2026-08-29,timestamp,2026-08-29T10:00:00.000000Z,2026-08-25T00:12:34.000000Z,0.10719345839999994,1ebbd6ce0fc00570f085,point-in-time-elo-logistic-v2,2026-08-22,date,edff048ed0a656812ac2d9fdc1f7df3d091b207d,native_probability,
1,13d0378a53be325adceb33e2f55b3e5f197224c70b17f988769b024abf04244b,capture_20260825T043114775219Z_32809155767_1_e2dc1fa47fa1,matchup_f593d6bfd53b8a1bd4b33f94a3d784a98c2c53d4161a5587ec7eb6917b243c99,,9d61d8cb1c354867,86bace9e4ad85542,874cfc98877daecd,Xiao Long,Francesco Nuzzi,2026-08-29,timestamp,2026-08-29T10:00:00.000000Z,2026-08-25T00:12:34.000000Z,0.9179402081,1ebbd6ce0fc00570f085,point-in-time-elo-logistic-v2,2026-08-22,date,edff048ed0a656812ac2d9fdc1f7df3d091b207d,native_probability,
1,2e42f04787f86f3c33787fbe0750efdb389ad972d8f61320ba9ae07e4059a8af,capture_20260825T043114775219Z_32809155767_1_e2dc1fa47fa1,matchup_2e7ecfa4cf636c685bb4b274cad9c799cdb45c485fc9463c9f057b014ede92e2,,9d61d8cb1c354867,9ac4e43ed56429ed,a9936818d709e2d7,Levi Rodrigues Jr.,Liu Ce,2026-08-29,timestamp,2026-08-29T10:00:00.000000Z,2026-08-25T00:12:34.000000Z,0.8367146992,1ebbd6ce0fc00570f085,point-in-time-elo-logistic-v2,2026-08-22,date,edff048ed0a656812ac2d9fdc1f7df3d091b207d,native_probability,
1,4dc69d486cfe3fe27e9d351c85fcb8be3053975e94ad21bab7a4a9c3da52f0c6,capture_20260825T043114775219Z_32809155767_1_e2dc1fa47fa1,matchup_fe882adb53c9e40d42c3fb9e530f1c9634fb66cf626222156d002a5014c30b56,,9d61d8cb1c354867,2b6fc1c02736833d,efb96bf3e9ada36f,Umar Nurmagomedov,Song Yadong,2026-08-29,timestamp,2026-08-29T10:00:00.000000Z,2026-08-25T00:12:34.000000Z,0.7250796118,1ebbd6ce0fc00570f085,point-in-time-elo-logistic-v2,2026-08-22,date,edff048ed0a656812ac2d9fdc1f7df3d091b207d,native_probability,
1,670daeb8c5316317c2e4ae8884e2f6e48c621c365bac86b1fa79a369d4690ad0,capture_20260825T043114775219Z_32809155767_1_e2dc1fa47fa1,matchup_389c1ce1797683bddb624227d64640e8a62ab358736501837929bd80cfa4e3fa,,9d61d8cb1c354867,4682bc59d5f55145,a9da3158dd2c2b5a,Sean Woodson,Jack Jenkins,2026-08-29,timestamp,2026-08-29T10:00:00.000000Z,2026-08-25T00:12:34.000000Z,0.627311855,1ebbd6ce0fc00570f085,point-in-time-elo-logistic-v2,2026-08-22,date,edff048ed0a656812ac2d9fdc1f7df3d091b207d,native_probability,
1,6870b06757134b7788ad6d49479594dce04b9637140e7ddf10efb143fad5721e,capture_20260825T043114775219Z_32809155767_1_e2dc1fa47fa1,matchup_d9b7e67887f117b7d52f7ddf124e1aec94ae0954605b34bceb2737065151e087,,9d61d8cb1c354867,2f43a3e82661fa99,34b96d52db1d26e6,Rei Tsuruya,Kevin Borjas,2026-08-29,timestamp,2026-08-29T10:00:00.000000Z,2026-08-25T00:12:34.000000Z,0.7718655784,1ebbd6ce0fc00570f085,point-in-time-elo-logistic-v2,2026-08-22,date,edff048ed0a656812ac2d9fdc1f7df3d091b207d,native_probability,
1,68f4886119fbbdbba56353c52b50fc817426554957d304804e1c389d35f2a8b9,capture_20260825T043114775219Z_32809155767_1_e2dc1fa47fa1,matchup_029f26ab659c3569314741c22d58b255c7623e8d8913641f9c4a2bdbe5972726,,9d61d8cb1c354867,34d4cae19105eb68,e0664abaa023fd6f,Cameron Nelson,Ding Meng,2026-08-29,timestamp,2026-08-29T10:00:00.000000Z,2026-08-25T00:12:34.000000Z,0.10719345839999994,1ebbd6ce0fc00570f085,point-in-time-elo-logistic-v2,2026-08-22,date,edff048ed0a656812ac2d9fdc1f7df3d091b207d,native_probability,
1,7b3567d7488c580001d4c6bf28e689fa765f8c0dad95006833dbd9c5966b8255,capture_20260825T043114775219Z_32809155767_1_e2dc1fa47fa1,matchup_443225c1e560d888001c2519d5a4e68297c2ac5ddaa7415a82cf763130041fac,,9d61d8cb1c354867,2cdb479a0ef0ee1d,abb68e3c7ca128f2,Xiong Jingnan,Julia Polastri,2026-08-29,timestamp,2026-08-29T10:00:00.000000Z,2026-08-25T00:12:34.000000Z,0.15516365610000002,1ebbd6ce0fc00570f085,point-in-time-elo-logistic-v2,2026-08-22,date,edff048ed0a656812ac2d9fdc1f7df3d091b207d,native_probability,
1,81fd80d80e971821a865a8109886c10425c39dc956e390fd3790c01043fa8c0f,capture_20260825T043114775219Z_32809155767_1_e2dc1fa47fa1,matchup_3f9998cf552d693a33fb9a4f175d13960075bb7373e376abb8b51a1abb51b356,,9d61d8cb1c354867,c41d426cc7326d1b,cffb87059e645bd1,Yan Xiaonan,Denise Gomes,2026-08-29,timestamp,2026-08-29T10:00:00.000000Z,2026-08-25T00:12:34.000000Z,0.2513055987,1ebbd6ce0fc00570f085,point-in-time-elo-logistic-v2,2026-08-22,date,edff048ed0a656812ac2d9fdc1f7df3d091b207d,native_probability,
1,a01dc655fcd1dc5a3537b4eb0998cd33e5b5f8c237b537141c35eba017814385,capture_20260825T043114775219Z_32809155767_1_e2dc1fa47fa1,matchup_2f0ed1a2aa1334637a7b4a77062b4189a9b2516bcc0b3f7df253f93c7d0bf560,,9d61d8cb1c354867,8e4902b4a8045070,a1ad35b98a9136e5,Hector Santiago,Lawrence Lui,2026-08-29,timestamp,2026-08-29T10:00:00.000000Z,2026-08-25T00:12:34.000000Z,0.07440970499999999,1ebbd6ce0fc00570f085,point-in-time-elo-logistic-v2,2026-08-22,date,edff048ed0a656812ac2d9fdc1f7df3d091b207d,native_probability,
1,b8b292d2131c56cdfbc4077ad5bac246327d95f82f9be0106e9f6c8eb44b4617,capture_20260825T043114775219Z_32809155767_1_e2dc1fa47fa1,matchup_228ab0d3e5153efa04bef071bfc37650479a59f22b1ca840ddbee8508e9fba3c,,9d61d8cb1c354867,5182316da3c1d891,bf60dd3256801649,Bilal Hasan,Nilson Rojas,2026-08-29,timestamp,2026-08-29T10:00:00.000000Z,2026-08-25T00:12:34.000000Z,0.5,1ebbd6ce0fc00570f085,point-in-time-elo-logistic-v2,2026-08-22,date,edff048ed0a656812ac2d9fdc1f7df3d091b207d,native_probability,
1,c8bf33a4e0d9b4938aa444858c16851bcb37d56515e29543f7f86878efa00279,capture_20260825T043114775219Z_32809155767_1_e2dc1fa47fa1,matchup_c4951970b3f56e47b53fbee8e9543eaacb50773c034c68932a2ef149e0c1cd18,,9d61d8cb1c354867,b1f21ce050035d58,e1f8beeb6d2d871a,Andre Lima,Namsrai Batbayar,2026-08-29,timestamp,2026-08-29T10:00:00.000000Z,2026-08-25T00:12:34.000000Z,0.9504581913,1ebbd6ce0fc00570f085,point-in-time-elo-logistic-v2,2026-08-22,date,edff048ed0a656812ac2d9fdc1f7df3d091b207d,native_probability,
1,dfa7ff758f625dfdeb6abf4c75235b65a95f175c0f4246adc3a0322d8a61180f,capture_20260825T043114775219Z_32809155767_1_e2dc1fa47fa1,matchup_6d0e5bb6cd688e9b7033b078cb103003b4b3c87c7aba84890186cc0080df1d8b,,9d61d8cb1c354867,3cf18e01cb6cbde3,ab2b4ff41d6ebe0f,Sumudaerji,Alex Perez,2026-08-29,timestamp,2026-08-29T10:00:00.000000Z,2026-08-25T00:12:34.000000Z,0.5959281105,1ebbd6ce0fc00570f085,point-in-time-elo-logistic-v2,2026-08-22,date,edff048ed0a656812ac2d9fdc1f7df3d091b207d,native_probability,
1,e259aca20cb69c6f76c27230556ed840a1d49fa08fd9ffad4411b33d374364b4,capture_20260825T043114775219Z_32809155767_1_e2dc1fa47fa1,matchup_e61f9a55914091d7622712ef84540890dd4ebb88a4aac498188817c9afcff0b5,,9d61d8cb1c354867,7d420039bbfe7c1a,d33da8a3d82bdb62,Aoriqileng,Kai Asakura,2026-08-29,timestamp,2026-08-29T10:00:00.000000Z,2026-08-25T00:12:34.000000Z,0.30558612690000003,1ebbd6ce0fc00570f085,point-in-time-elo-logistic-v2,2026-08-22,date,edff048ed0a656812ac2d9fdc1f7df3d091b207d,native_probability,
1,12d80ff3b8979633b5562c1c64d28ccf9e8c2c05e71e5bab10114ea1d9fb454a,capture_20260825T173202188254Z_32878095456_1_99f427bf4f9c,matchup_e61f9a55914091d7622712ef84540890dd4ebb88a4aac498188817c9afcff0b5,,9d61d8cb1c354867,7d420039bbfe7c1a,d33da8a3d82bdb62,Aoriqileng,Kai Asakura,2026-08-29,timestamp,2026-08-29T10:00:00.000000Z,2026-08-25T00:12:34.000000Z,0.30558612690000003,1ebbd6ce0fc00570f085,point-in-time-elo-logistic-v2,2026-08-22,date,edff048ed0a656812ac2d9fdc1f7df3d091b207d,native_probability,
1,2463d49c1d9f0a8648f4288314a935c32308326b8db517d38688bba296d6f8fa,capture_20260825T173202188254Z_32878095456_1_99f427bf4f9c,matchup_6d0e5bb6cd688e9b7033b078cb103003b4b3c87c7aba84890186cc0080df1d8b,,9d61d8cb1c354867,3cf18e01cb6cbde3,ab2b4ff41d6ebe0f,Sumudaerji,Alex Perez,2026-08-29,timestamp,2026-08-29T10:00:00.000000Z,2026-08-25T00:12:34.000000Z,0.5959281105,1ebbd6ce0fc00570f085,point-in-time-elo-logistic-v2,2026-08-22,date,edff048ed0a656812ac2d9fdc1f7df3d091b207d,native_probability,
1,2b90c1d388c67249cdc29b68929d00fb2d422fc948574d3795ea8cce3dd405e4,capture_20260825T173202188254Z_32878095456_1_99f427bf4f9c,matchup_029f26ab659c3569314741c22d58b255c7623e8d8913641f9c4a2bdbe5972726,,9d61d8cb1c354867,34d4cae19105eb68,e0664abaa023fd6f,Cameron Nelson,Ding Meng,2026-08-29,timestamp,2026-08-29T10:00:00.000000Z,2026-08-25T00:12:34.000000Z,0.10719345839999994,1ebbd6ce0fc00570f085,point-in-time-elo-logistic-v2,2026-08-22,date,edff048ed0a656812ac2d9fdc1f7df3d091b207d,native_probability,
1,2cc00d99466890d3a9fc37dbc69594979b9cca3fa3fd9e739c2907b70d86c057,capture_20260825T173202188254Z_32878095456_1_99f427bf4f9c,matchup_c4951970b3f56e47b53fbee8e9543eaacb50773c034c68932a2ef149e0c1cd18,,9d61d8cb1c354867,b1f21ce050035d58,e1f8beeb6d2d871a,Andre Lima,Namsrai Batbayar,2026-08-29,timestamp,2026-08-29T10:00:00.000000Z,2026-08-25T00:12:34.000000Z,0.9504581913,1ebbd6ce0fc00570f085,point-in-time-elo-logistic-v2,2026-08-22,date,edff048ed0a656812ac2d9fdc1f7df3d091b207d,native_probability,
1,339783e39ea7308b40173d596462e9827ef644ae18f5185850cfc38b5e466c67,capture_20260825T173202188254Z_32878095456_1_99f427bf4f9c,matchup_f593d6bfd53b8a1bd4b33f94a3d784a98c2c53d4161a5587ec7eb6917b243c99,,9d61d8cb1c354867,86bace9e4ad85542,874cfc98877daecd,Xiao Long,Francesco Nuzzi,2026-08-29,timestamp,2026-08-29T10:00:00.000000Z,2026-08-25T00:12:34.000000Z,0.9179402081,1ebbd6ce0fc00570f085,point-in-time-elo-logistic-v2,2026-08-22,date,edff048ed0a656812ac2d9fdc1f7df3d091b207d,native_probability,
1,35cdbd4495c504e11ffa3b6ede7bc8cb36587aebae63a9dd2bb2d70c582e4e03,capture_20260825T173202188254Z_32878095456_1_99f427bf4f9c,matchup_228ab0d3e5153efa04bef071bfc37650479a59f22b1ca840ddbee8508e9fba3c,,9d61d8cb1c354867,5182316da3c1d891,bf60dd3256801649,Bilal Hasan,Nilson Rojas,2026-08-29,timestamp,2026-08-29T10:00:00.000000Z,2026-08-25T00:12:34.000000Z,0.5,1ebbd6ce0fc00570f085,point-in-time-elo-logistic-v2,2026-08-22,date,edff048ed0a656812ac2d9fdc1f7df3d091b207d,native_probability,
1,39cdb90cac700a4fbf1b1345a325483f710b531adc5a50d8825a663fa874860f,capture_20260825T173202188254Z_32878095456_1_99f427bf4f9c,matchup_d9b7e67887f117b7d52f7ddf124e1aec94ae0954605b34bceb2737065151e087,,9d61d8cb1c354867,2f43a3e82661fa99,34b96d52db1d26e6,Rei Tsuruya,Kevin Borjas,2026-08-29,timestamp,2026-08-29T10:00:00.000000Z,2026-08-25T00:12:34.000000Z,0.7718655784,1ebbd6ce0fc00570f085,point-in-time-elo-logistic-v2,2026-08-22,date,edff048ed0a656812ac2d9fdc1f7df3d091b207d,native_probability,
1,3fe82e67d22c7d95676150fb03f9f47842aeef62e832e1ab6f49e290abaf1607,capture_20260825T173202188254Z_32878095456_1_99f427bf4f9c,matchup_fe882adb53c9e40d42c3fb9e530f1c9634fb66cf626222156d002a5014c30b56,,9d61d8cb1c354867,2b6fc1c02736833d,efb96bf3e9ada36f,Umar Nurmagomedov,Song Yadong,2026-08-29,timestamp,2026-08-29T10:00:00.000000Z,2026-08-25T00:12:34.000000Z,0.7250796118,1ebbd6ce0fc00570f085,point-in-time-elo-logistic-v2,2026-08-22,date,edff048ed0a656812ac2d9fdc1f7df3d091b207d,native_probability,
1,715b384a6c3cd9484a84ca0d6835a434af6ac1922a5d7f9c2b1eef710e5092e1,capture_20260825T173202188254Z_32878095456_1_99f427bf4f9c,matchup_2f0ed1a2aa1334637a7b4a77062b4189a9b2516bcc0b3f7df253f93c7d0bf560,,9d61d8cb1c354867,8e4902b4a8045070,a1ad35b98a9136e5,Hector Santiago,Lawrence Lui,2026-08-29,timestamp,2026-08-29T10:00:00.000000Z,2026-08-25T00:12:34.000000Z,0.07440970499999999,1ebbd6ce0fc00570f085,point-in-time-elo-logistic-v2,2026-08-22,date,edff048ed0a656812ac2d9fdc1f7df3d091b207d,native_probability,
1,716f0da91f0bd6d198b64038c95104379aa0bf82d05d34d4c2ff1acab75bbed3,capture_20260825T173202188254Z_32878095456_1_99f427bf4f9c,matchup_443225c1e560d888001c2519d5a4e68297c2ac5ddaa7415a82cf763130041fac,,9d61d8cb1c354867,2cdb479a0ef0ee1d,abb68e3c7ca128f2,Xiong Jingnan,Julia Polastri,2026-08-29,timestamp,2026-08-29T10:00:00.000000Z,2026-08-25T00:12:34.000000Z,0.15516365610000002,1ebbd6ce0fc00570f085,point-in-time-elo-logistic-v2,2026-08-22,date,edff048ed0a656812ac2d9fdc1f7df3d091b207d,native_probability,
1,db29aa450b1892358668b3df150d02202dfff50e1b3448313ca533a6c95e89d4,capture_20260825T173202188254Z_32878095456_1_99f427bf4f9c,matchup_2e7ecfa4cf636c685bb4b274cad9c799cdb45c485fc9463c9f057b014ede92e2,,9d61d8cb1c354867,9ac4e43ed56429ed,a9936818d709e2d7,Levi Rodrigues Jr.,Liu Ce,2026-08-29,timestamp,2026-08-29T10:00:00.000000Z,2026-08-25T00:12:34.000000Z,0.8367146992,1ebbd6ce0fc00570f085,point-in-time-elo-logistic-v2,2026-08-22,date,edff048ed0a656812ac2d9fdc1f7df3d091b207d,native_probability,
1,eeae1eed13f48ee89389e4a41354d4dbaa4aa5bfb1f5b1f387c20de014b5200c,capture_20260825T173202188254Z_32878095456_1_99f427bf4f9c,matchup_3f9998cf552d693a33fb9a4f175d13960075bb7373e376abb8b51a1abb51b356,,9d61d8cb1c354867,c41d426cc7326d1b,cffb87059e645bd1,Yan Xiaonan,Denise Gomes,2026-08-29,timestamp,2026-08-29T10:00:00.000000Z,2026-08-25T00:12:34.000000Z,0.2513055987,1ebbd6ce0fc00570f085,point-in-time-elo-logistic-v2,2026-08-22,date,edff048ed0a656812ac2d9fdc1f7df3d091b207d,native_probability,
1,f0fe51c76ce00b996cc2a1a286076bc6c1d1a06498264ebc8e800bebacd0111c,capture_20260825T173202188254Z_32878095456_1_99f427bf4f9c,matchup_389c1ce1797683bddb624227d64640e8a62ab358736501837929bd80cfa4e3fa,,9d61d8cb1c354867,4682bc59d5f55145,a9da3158dd2c2b5a,Sean Woodson,Jack Jenkins,2026-08-29,timestamp,2026-08-29T10:00:00.000000Z,2026-08-25T00:12:34.000000Z,0.627311855,1ebbd6ce0fc00570f085,point-in-time-elo-logistic-v2,2026-08-22,date,edff048ed0a656812ac2d9fdc1f7df3d091b207d,native_probability,
1,17a9abd229c68c86f93825b3cd3f83cef44bf30b49e8b4a7de28d58a0d691b2c,capture_20260825T233017215755Z_32910823202_1_45824cbd3286,matchup_e61f9a55914091d7622712ef84540890dd4ebb88a4aac498188817c9afcff0b5,,9d61d8cb1c354867,7d420039bbfe7c1a,d33da8a3d82bdb62,Aoriqileng,Kai Asakura,2026-08-29,timestamp,2026-08-29T10:00:00.000000Z,2026-08-25T00:12:34.000000Z,0.30558612690000003,1ebbd6ce0fc00570f085,point-in-time-elo-logistic-v2,2026-08-22,date,edff048ed0a656812ac2d9fdc1f7df3d091b207d,native_probability,
1,259c6de0affb8bd44738557bfea8bf14feb00d4f61b0f602588c87c6abbed2e4,capture_20260825T233017215755Z_32910823202_1_45824cbd3286,matchup_6d0e5bb6cd688e9b7033b078cb103003b4b3c87c7aba84890186cc0080df1d8b,,9d61d8cb1c354867,3cf18e01cb6cbde3,ab2b4ff41d6ebe0f,Sumudaerji,Alex Perez,2026-08-29,timestamp,2026-08-29T10:00:00.000000Z,2026-08-25T00:12:34.000000Z,0.5959281105,1ebbd6ce0fc00570f085,point-in-time-elo-logistic-v2,2026-08-22,date,edff048ed0a656812ac2d9fdc1f7df3d091b207d,native_probability,
1,2963569da0b6b5916356a093c27fa68634562d673fbadc6e2feb4f5d3d4bba6e,capture_20260825T233017215755Z_32910823202_1_45824cbd3286,matchup_228ab0d3e5153efa04bef071bfc37650479a59f22b1ca840ddbee8508e9fba3c,,9d61d8cb1c354867,5182316da3c1d891,bf60dd3256801649,Bilal Hasan,Nilson Rojas,2026-08-29,timestamp,2026-08-29T10:00:00.000000Z,2026-08-25T00:12:34.000000Z,0.5,1ebbd6ce0fc00570f085,point-in-time-elo-logistic-v2,2026-08-22,date,edff048ed0a656812ac2d9fdc1f7df3d091b207d,native_probability,
1,407b6d7959f98bea15300572544df55675ad4cf65b55fa0171eb162d1c75a028,capture_20260825T233017215755Z_32910823202_1_45824cbd3286,matchup_389c1ce1797683bddb624227d64640e8a62ab358736501837929bd80cfa4e3fa,,9d61d8cb1c354867,4682bc59d5f55145,a9da3158dd2c2b5a,Sean Woodson,Jack Jenkins,2026-08-29,timestamp,2026-08-29T10:00:00.000000Z,2026-08-25T00:12:34.000000Z,0.627311855,1ebbd6ce0fc00570f085,point-in-time-elo-logistic-v2,2026-08-22,date,edff048ed0a656812ac2d9fdc1f7df3d091b207d,native_probability,
1,487b9de808a28343efd2e3d5242cf87fdd30c80a703e9896e96f74a6252a5e8d,capture_20260825T233017215755Z_32910823202_1_45824cbd3286,matchup_2f0ed1a2aa1334637a7b4a77062b4189a9b2516bcc0b3f7df253f93c7d0bf560,,9d61d8cb1c354867,8e4902b4a8045070,a1ad35b98a9136e5,Hector Santiago,Lawrence Lui,2026-08-29,timestamp,2026-08-29T10:00:00.000000Z,2026-08-25T00:12:34.000000Z,0.07440970499999999,1ebbd6ce0fc00570f085,point-in-time-elo-logistic-v2,2026-08-22,date,edff048ed0a656812ac2d9fdc1f7df3d091b207d,native_probability,
1,65fe89d748f39bd3399c76747b4bb2cfe228f1468ce07ebc4be4c13731279043,capture_20260825T233017215755Z_32910823202_1_45824cbd3286,matchup_d9b7e67887f117b7d52f7ddf124e1aec94ae0954605b34bceb2737065151e087,,9d61d8cb1c354867,2f43a3e82661fa99,34b96d52db1d26e6,Rei Tsuruya,Kevin Borjas,2026-08-29,timestamp,2026-08-29T10:00:00.000000Z,2026-08-25T00:12:34.000000Z,0.7718655784,1ebbd6ce0fc00570f085,point-in-time-elo-logistic-v2,2026-08-22,date,edff048ed0a656812ac2d9fdc1f7df3d091b207d,native_probability,
1,70a5174e244b0831b22f65cb714f292ff3040523c116d1cb2d6aa7f127a83130,capture_20260825T233017215755Z_32910823202_1_45824cbd3286,matchup_f593d6bfd53b8a1bd4b33f94a3d784a98c2c53d4161a5587ec7eb6917b243c99,,9d61d8cb1c354867,86bace9e4ad85542,874cfc98877daecd,Xiao Long,Francesco Nuzzi,2026-08-29,timestamp,2026-08-29T10:00:00.000000Z,2026-08-25T00:12:34.000000Z,0.9179402081,1ebbd6ce0fc00570f085,point-in-time-elo-logistic-v2,2026-08-22,date,edff048ed0a656812ac2d9fdc1f7df3d091b207d,native_probability,
1,7eee875c0f1d14ed2e2cf02239a9446129419717ce3e88abad350b631dcd29b9,capture_20260825T233017215755Z_32910823202_1_45824cbd3286,matchup_029f26ab659c3569314741c22d58b255c7623e8d8913641f9c4a2bdbe5972726,,9d61d8cb1c354867,34d4cae19105eb68,e0664abaa023fd6f,Cameron Nelson,Ding Meng,2026-08-29,timestamp,2026-08-29T10:00:00.000000Z,2026-08-25T00:12:34.000000Z,0.10719345839999994,1ebbd6ce0fc00570f085,point-in-time-elo-logistic-v2,2026-08-22,date,edff048ed0a656812ac2d9fdc1f7df3d091b207d,native_probability,
1,89a6bd86be68f3893e5a84e7d3846bac06af8816944285679c6411a8ca197ce9,capture_20260825T233017215755Z_32910823202_1_45824cbd3286,matchup_fe882adb53c9e40d42c3fb9e530f1c9634fb66cf626222156d002a5014c30b56,,9d61d8cb1c354867,2b6fc1c02736833d,efb96bf3e9ada36f,Umar Nurmagomedov,Song Yadong,2026-08-29,timestamp,2026-08-29T10:00:00.000000Z,2026-08-25T00:12:34.000000Z,0.7250796118,1ebbd6ce0fc00570f085,point-in-time-elo-logistic-v2,2026-08-22,date,edff048ed0a656812ac2d9fdc1f7df3d091b207d,native_probability,
1,8e08571abd2baa3a4d9d85f9c3058033e5c932c032893143f2af47152aa4cc3e,capture_20260825T233017215755Z_32910823202_1_45824cbd3286,matchup_443225c1e560d888001c2519d5a4e68297c2ac5ddaa7415a82cf763130041fac,,9d61d8cb1c354867,2cdb479a0ef0ee1d,abb68e3c7ca128f2,Xiong Jingnan,Julia Polastri,2026-08-29,timestamp,2026-08-29T10:00:00.000000Z,2026-08-25T00:12:34.000000Z,0.15516365610000002,1ebbd6ce0fc00570f085,point-in-time-elo-logistic-v2,2026-08-22,date,edff048ed0a656812ac2d9fdc1f7df3d091b207d,native_probability,
1,aa5136cdb5cf3789f7c8f8d251d0bff994001b9b220b80f79d272a59d07c3835,capture_20260825T233017215755Z_32910823202_1_45824cbd3286,matchup_2e7ecfa4cf636c685bb4b274cad9c799cdb45c485fc9463c9f057b014ede92e2,,9d61d8cb1c354867,9ac4e43ed56429ed,a9936818d709e2d7,Levi Rodrigues Jr.,Liu Ce,2026-08-29,timestamp,2026-08-29T10:00:00.000000Z,2026-08-25T00:12:34.000000Z,0.8367146992,1ebbd6ce0fc00570f085,point-in-time-elo-logistic-v2,2026-08-22,date,edff048ed0a656812ac2d9fdc1f7df3d091b207d,native_probability,
1,cab64781749c3369732f3a6a8a39db3a7a801aa309a5cc1a981d4d6e479ed1e9,capture_20260825T233017215755Z_32910823202_1_45824cbd3286,matchup_3f9998cf552d693a33fb9a4f175d13960075bb7373e376abb8b51a1abb51b356,,9d61d8cb1c354867,c41d426cc7326d1b,cffb87059e645bd1,Yan Xiaonan,Denise Gomes,2026-08-29,timestamp,2026-08-29T10:00:00.000000Z,2026-08-25T00:12:34.000000Z,0.2513055987,1ebbd6ce0fc00570f085,point-in-time-elo-logistic-v2,2026-08-22,date,edff048ed0a656812ac2d9fdc1f7df3d091b207d,native_probability,
1,e8386297749a07ac7525bf6e83e18d7111597bf20d90886b867457e5286cfa55,capture_20260825T233017215755Z_32910823202_1_45824cbd3286,matchup_c4951970b3f56e47b53fbee8e9543eaacb50773c034c68932a2ef149e0c1cd18,,9d61d8cb1c354867,b1f21ce050035d58,e1f8beeb6d2d871a,Andre Lima,Namsrai Batbayar,2026-08-29,timestamp,2026-08-29T10:00:00.000000Z,2026-08-25T00:12:34.000000Z,0.9504581913,1ebbd6ce0fc00570f085,point-in-time-elo-logistic-v2,2026-08-22,date,edff048ed0a656812ac2d9fdc1f7df3d091b207d,native_probability,
1,05e5f2aab07c1af104240147a98fcd7d2cc5a3877debec364524c3c1e0a1f159,capture_20260826T180839178741Z_32997784944_1_a624d5895cc7,matchup_6d0e5bb6cd688e9b7033b078cb103003b4b3c87c7aba84890186cc0080df1d8b,,9d61d8cb1c354867,3cf18e01cb6cbde3,ab2b4ff41d6ebe0f,Sumudaerji,Alex Perez,2026-08-29,timestamp,2026-08-29T07:10:00.000000Z,2026-08-25T00:12:34.000000Z,0.5959281105,1ebbd6ce0fc00570f085,point-in-time-elo-logistic-v2,2026-08-22,date,edff048ed0a656812ac2d9fdc1f7df3d091b207d,native_probability,
1,0be477fb78bcae230cc6e276636a6257f3de927fe0ad55510afbea11ead01803,capture_20260826T180839178741Z_32997784944_1_a624d5895cc7,matchup_3f9998cf552d693a33fb9a4f175d13960075bb7373e376abb8b51a1abb51b356,,9d61d8cb1c354867,c41d426cc7326d1b,cffb87059e645bd1,Yan Xiaonan,Denise Gomes,2026-08-29,timestamp,2026-08-29T07:10:00.000000Z,2026-08-25T00:12:34.000000Z,0.2513055987,1ebbd6ce0fc00570f085,point-in-time-elo-logistic-v2,2026-08-22,date,edff048ed0a656812ac2d9fdc1f7df3d091b207d,native_probability,
1,0bf57c3b7b4568067574f74fc88214384c4ed370ddf1f994dd9b3c5a7d50c48b,capture_20260826T180839178741Z_32997784944_1_a624d5895cc7,matchup_389c1ce1797683bddb624227d64640e8a62ab358736501837929bd80cfa4e3fa,,9d61d8cb1c354867,4682bc59d5f55145,a9da3158dd2c2b5a,Sean Woodson,Jack Jenkins,2026-08-29,timestamp,2026-08-29T07:10:00.000000Z,2026-08-25T00:12:34.000000Z,0.627311855,1ebbd6ce0fc00570f085,point-in-time-elo-logistic-v2,2026-08-22,date,edff048ed0a656812ac2d9fdc1f7df3d091b207d,native_probability,
1,68b7e4e13438927cea060331823843474c86dacc8cb67d9c1ddaa5f9d604c3df,capture_20260826T180839178741Z_32997784944_1_a624d5895cc7,matchup_029f26ab659c3569314741c22d58b255c7623e8d8913641f9c4a2bdbe5972726,,9d61d8cb1c354867,34d4cae19105eb68,e0664abaa023fd6f,Cameron Nelson,Ding Meng,2026-08-29,timestamp,2026-08-29T07:10:00.000000Z,2026-08-25T00:12:34.000000Z,0.10719345839999994,1ebbd6ce0fc00570f085,point-in-time-elo-logistic-v2,2026-08-22,date,edff048ed0a656812ac2d9fdc1f7df3d091b207d,native_probability,
1,a6ecc2ddf11de61f1024ebc49854bd4d525aa1f5846951276f438c597114962e,capture_20260826T180839178741Z_32997784944_1_a624d5895cc7,matchup_2f0ed1a2aa1334637a7b4a77062b4189a9b2516bcc0b3f7df253f93c7d0bf560,,9d61d8cb1c354867,8e4902b4a8045070,a1ad35b98a9136e5,Hector Santiago,Lawrence Lui,2026-08-29,timestamp,2026-08-29T07:10:00.000000Z,2026-08-25T00:12:34.000000Z,0.07440970499999999,1ebbd6ce0fc00570f085,point-in-time-elo-logistic-v2,2026-08-22,date,edff048ed0a656812ac2d9fdc1f7df3d091b207d,native_probability,
1,abd8e769df860ba0ddee5d95e5bc2bf594afd321037794f6cccbcb3c68c7a893,capture_20260826T180839178741Z_32997784944_1_a624d5895cc7,matchup_2e7ecfa4cf636c685bb4b274cad9c799cdb45c485fc9463c9f057b014ede92e2,,9d61d8cb1c354867,9ac4e43ed56429ed,a9936818d709e2d7,Levi Rodrigues Jr.,Liu Ce,2026-08-29,timestamp,2026-08-29T07:10:00.000000Z,2026-08-25T00:12:34.000000Z,0.8367146992,1ebbd6ce0fc00570f085,point-in-time-elo-logistic-v2,2026-08-22,date,edff048ed0a656812ac2d9fdc1f7df3d091b207d,native_probability,
1,b8ccfb5a5c3ed07393eab251c7f15ee67bc7ed550403e1962d5462c546a6f84e,capture_20260826T180839178741Z_32997784944_1_a624d5895cc7,matchup_443225c1e560d888001c2519d5a4e68297c2ac5ddaa7415a82cf763130041fac,,9d61d8cb1c354867,2cdb479a0ef0ee1d,abb68e3c7ca128f2,Xiong Jingnan,Julia Polastri,2026-08-29,timestamp,2026-08-29T07:10:00.000000Z,2026-08-25T00:12:34.000000Z,0.15516365610000002,1ebbd6ce0fc00570f085,point-in-time-elo-logistic-v2,2026-08-22,date,edff048ed0a656812ac2d9fdc1f7df3d091b207d,native_probability,
1,ba17d0fd42b59a4ae383b9e5769bb2c966b74e476ddc4a304af0fec27d2bf4bc,capture_20260826T180839178741Z_32997784944_1_a624d5895cc7,matchup_fe882adb53c9e40d42c3fb9e530f1c9634fb66cf626222156d002a5014c30b56,,9d61d8cb1c354867,2b6fc1c02736833d,efb96bf3e9ada36f,Umar Nurmagomedov,Song Yadong,2026-08-29,timestamp,2026-08-29T07:10:00.000000Z,2026-08-25T00:12:34.000000Z,0.7250796118,1ebbd6ce0fc00570f085,point-in-time-elo-logistic-v2,2026-08-22,date,edff048ed0a656812ac2d9fdc1f7df3d091b207d,native_probability,
1,c7abf5ccd4e8739fa28a6a22ed21b250d028fc731291fa17806b21ca7998d763,capture_20260826T180839178741Z_32997784944_1_a624d5895cc7,matchup_e61f9a55914091d7622712ef84540890dd4ebb88a4aac498188817c9afcff0b5,,9d61d8cb1c354867,7d420039bbfe7c1a,d33da8a3d82bdb62,Aoriqileng,Kai Asakura,2026-08-29,timestamp,2026-08-29T07:10:00.000000Z,2026-08-25T00:12:34.000000Z,0.30558612690000003,1ebbd6ce0fc00570f085,point-in-time-elo-logistic-v2,2026-08-22,date,edff048ed0a656812ac2d9fdc1f7df3d091b207d,native_probability,
1,d179227833b8300814829a34db154def0483ea79c5fa91179d5df9d342550ab5,capture_20260826T180839178741Z_32997784944_1_a624d5895cc7,matchup_c4951970b3f56e47b53fbee8e9543eaacb50773c034c68932a2ef149e0c1cd18,,9d61d8cb1c354867,b1f21ce050035d58,e1f8beeb6d2d871a,Andre Lima,Namsrai Batbayar,2026-08-29,timestamp,2026-08-29T07:10:00.000000Z,2026-08-25T00:12:34.000000Z,0.9504581913,1ebbd6ce0fc00570f085,point-in-time-elo-logistic-v2,2026-08-22,date,edff048ed0a656812ac2d9fdc1f7df3d091b207d,native_probability,
1,d4d9890f753a2c02ec0dd8ef8e557cf6cdcd43e58bd94c766214098883fe9f22,capture_20260826T180839178741Z_32997784944_1_a624d5895cc7,matchup_d9b7e67887f117b7d52f7ddf124e1aec94ae0954605b34bceb2737065151e087,,9d61d8cb1c354867,2f43a3e82661fa99,34b96d52db1d26e6,Rei Tsuruya,Kevin Borjas,2026-08-29,timestamp,2026-08-29T07:10:00.000000Z,2026-08-25T00:12:34.000000Z,0.7718655784,1ebbd6ce0fc00570f085,point-in-time-elo-logistic-v2,2026-08-22,date,edff048ed0a656812ac2d9fdc1f7df3d091b207d,native_probability,
1,d67749a6b0a178df211e98a080213e066c771e46896c01eaf42869885deddd6d,capture_20260826T180839178741Z_32997784944_1_a624d5895cc7,matchup_f593d6bfd53b8a1bd4b33f94a3d784a98c2c53d4161a5587ec7eb6917b243c99,,9d61d8cb1c354867,86bace9e4ad85542,874cfc98877daecd,Xiao Long,Francesco Nuzzi,2026-08-29,timestamp,2026-08-29T07:10:00.000000Z,2026-08-25T00:12:34.000000Z,0.9179402081,1ebbd6ce0fc00570f085,point-in-time-elo-logistic-v2,2026-08-22,date,edff048ed0a656812ac2d9fdc1f7df3d091b207d,native_probability,
1,de4578b9cfc89cdc11145c4deeb4cc3050b4cce013514b45541ebc2d9502d5a4,capture_20260826T180839178741Z_32997784944_1_a624d5895cc7,matchup_228ab0d3e5153efa04bef071bfc37650479a59f22b1ca840ddbee8508e9fba3c,,9d61d8cb1c354867,5182316da3c1d891,bf60dd3256801649,Bilal Hasan,Nilson Rojas,2026-08-29,timestamp,2026-08-29T07:10:00.000000Z,2026-08-25T00:12:34.000000Z,0.5,1ebbd6ce0fc00570f085,point-in-time-elo-logistic-v2,2026-08-22,date,edff048ed0a656812ac2d9fdc1f7df3d091b207d,native_probability,
1,0b4a9f485eb585dfd51dde934d475a2b23c5fe1ffd661f9e42e9aa6a6eab3f5f,capture_20260827T003033460238Z_33026879006_1_648f508d78ad,matchup_f593d6bfd53b8a1bd4b33f94a3d784a98c2c53d4161a5587ec7eb6917b243c99,,9d61d8cb1c354867,86bace9e4ad85542,874cfc98877daecd,Xiao Long,Francesco Nuzzi,2026-08-29,timestamp,2026-08-29T07:10:00.000000Z,2026-08-25T00:12:34.000000Z,0.9179402081,1ebbd6ce0fc00570f085,point-in-time-elo-logistic-v2,2026-08-22,date,edff048ed0a656812ac2d9fdc1f7df3d091b207d,native_probability,
1,252c9b4241debc031396eff7c6cbe31a7c53cfd950864216702ad5528f3b46e4,capture_20260827T003033460238Z_33026879006_1_648f508d78ad,matchup_3f9998cf552d693a33fb9a4f175d13960075bb7373e376abb8b51a1abb51b356,,9d61d8cb1c354867,c41d426cc7326d1b,cffb87059e645bd1,Yan Xiaonan,Denise Gomes,2026-08-29,timestamp,2026-08-29T07:10:00.000000Z,2026-08-25T00:12:34.000000Z,0.2513055987,1ebbd6ce0fc00570f085,point-in-time-elo-logistic-v2,2026-08-22,date,edff048ed0a656812ac2d9fdc1f7df3d091b207d,native_probability,
1,3c6cac0b5a547e7388e6fcf2e7592f21e4de689c7873aa4a7e1dcb8d2ed826a9,capture_20260827T003033460238Z_33026879006_1_648f508d78ad,matchup_fe882adb53c9e40d42c3fb9e530f1c9634fb66cf626222156d002a5014c30b56,,9d61d8cb1c354867,2b6fc1c02736833d,efb96bf3e9ada36f,Umar Nurmagomedov,Song Yadong,2026-08-29,timestamp,2026-08-29T07:10:00.000000Z,2026-08-25T00:12:34.000000Z,0.7250796118,1ebbd6ce0fc00570f085,point-in-time-elo-logistic-v2,2026-08-22,date,edff048ed0a656812ac2d9fdc1f7df3d091b207d,native_probability,
1,52a71be922c1638ec2a8a63445aa7ab4745518f6e268dba5f9a4a9f84b2b80b3,capture_20260827T003033460238Z_33026879006_1_648f508d78ad,matchup_389c1ce1797683bddb624227d64640e8a62ab358736501837929bd80cfa4e3fa,,9d61d8cb1c354867,4682bc59d5f55145,a9da3158dd2c2b5a,Sean Woodson,Jack Jenkins,2026-08-29,timestamp,2026-08-29T07:10:00.000000Z,2026-08-25T00:12:34.000000Z,0.627311855,1ebbd6ce0fc00570f085,point-in-time-elo-logistic-v2,2026-08-22,date,edff048ed0a656812ac2d9fdc1f7df3d091b207d,native_probability,
1,685867d786dd1d89e5969f9ef41d4efbd3ac1998bb74175857df14ead2e54de7,capture_20260827T003033460238Z_33026879006_1_648f508d78ad,matchup_228ab0d3e5153efa04bef071bfc37650479a59f22b1ca840ddbee8508e9fba3c,,9d61d8cb1c354867,5182316da3c1d891,bf60dd3256801649,Bilal Hasan,Nilson Rojas,2026-08-29,timestamp,2026-08-29T07:10:00.000000Z,2026-08-25T00:12:34.000000Z,0.5,1ebbd6ce0fc00570f085,point-in-time-elo-logistic-v2,2026-08-22,date,edff048ed0a656812ac2d9fdc1f7df3d091b207d,native_probability,
1,91b4fe6e35b901db94974d96644bfce2554c52dc51482545262dcaa1ad279e2c,capture_20260827T003033460238Z_33026879006_1_648f508d78ad,matchup_d9b7e67887f117b7d52f7ddf124e1aec94ae0954605b34bceb2737065151e087,,9d61d8cb1c354867,2f43a3e82661fa99,34b96d52db1d26e6,Rei Tsuruya,Kevin Borjas,2026-08-29,timestamp,2026-08-29T07:10:00.000000Z,2026-08-25T00:12:34.000000Z,0.7718655784,1ebbd6ce0fc00570f085,point-in-time-elo-logistic-v2,2026-08-22,date,edff048ed0a656812ac2d9fdc1f7df3d091b207d,native_probability,
1,95e749511c3880c5c8f1cf84c6bd6d076ba141ead9ad952b2ae74df31b7d95ec,capture_20260827T003033460238Z_33026879006_1_648f508d78ad,matchup_443225c1e560d888001c2519d5a4e68297c2ac5ddaa7415a82cf763130041fac,,9d61d8cb1c354867,2cdb479a0ef0ee1d,abb68e3c7ca128f2,Xiong Jingnan,Julia Polastri,2026-08-29,timestamp,2026-08-29T07:10:00.000000Z,2026-08-25T00:12:34.000000Z,0.15516365610000002,1ebbd6ce0fc00570f085,point-in-time-elo-logistic-v2,2026-08-22,date,edff048ed0a656812ac2d9fdc1f7df3d091b207d,native_probability,
1,ba4565e8fdf6b3a4093ced040301ae870d7fcfb1ecb3c69448ad48bc57da13db,capture_20260827T003033460238Z_33026879006_1_648f508d78ad,matchup_e61f9a55914091d7622712ef84540890dd4ebb88a4aac498188817c9afcff0b5,,9d61d8cb1c354867,7d420039bbfe7c1a,d33da8a3d82bdb62,Aoriqileng,Kai Asakura,2026-08-29,timestamp,2026-08-29T07:10:00.000000Z,2026-08-25T00:12:34.000000Z,0.30558612690000003,1ebbd6ce0fc00570f085,point-in-time-elo-logistic-v2,2026-08-22,date,edff048ed0a656812ac2d9fdc1f7df3d091b207d,native_probability,
1,defea5201e7d3a47fe1e7792ce3ffcd3bd79e3f2afc10ec277144461be7e77f7,capture_20260827T003033460238Z_33026879006_1_648f508d78ad,matchup_2e7ecfa4cf636c685bb4b274cad9c799cdb45c485fc9463c9f057b014ede92e2,,9d61d8cb1c354867,9ac4e43ed56429ed,a9936818d709e2d7,Levi Rodrigues Jr.,Liu Ce,2026-08-29,timestamp,2026-08-29T07:10:00.000000Z,2026-08-25T00:12:34.000000Z,0.8367146992,1ebbd6ce0fc00570f085,point-in-time-elo-logistic-v2,2026-08-22,date,edff048ed0a656812ac2d9fdc1f7df3d091b207d,native_probability,
1,e7332b2d5b45d3d10a61bac33f365d8cf15afa4fbccc2d8bed58a341219b22c6,capture_20260827T003033460238Z_33026879006_1_648f508d78ad,matchup_c4951970b3f56e47b53fbee8e9543eaacb50773c034c68932a2ef149e0c1cd18,,9d61d8cb1c354867,b1f21ce050035d58,e1f8beeb6d2d871a,Andre Lima,Namsrai Batbayar,2026-08-29,timestamp,2026-08-29T07:10:00.000000Z,2026-08-25T00:12:34.000000Z,0.9504581913,1ebbd6ce0fc00570f085,point-in-time-elo-logistic-v2,2026-08-22,date,edff048ed0a656812ac2d9fdc1f7df3d091b207d,native_probability,
1,f6e9b50f277a62ad95aae9913403ea29435294299efb066da86f7dd7b54cc523,capture_20260827T003033460238Z_33026879006_1_648f508d78ad,matchup_6d0e5bb6cd688e9b7033b078cb103003b4b3c87c7aba84890186cc0080df1d8b,,9d61d8cb1c354867,3cf18e01cb6cbde3,ab2b4ff41d6ebe0f,Sumudaerji,Alex Perez,2026-08-29,timestamp,2026-08-29T07:10:00.000000Z,2026-08-25T00:12:34.000000Z,0.5959281105,1ebbd6ce0fc00570f085,point-in-time-elo-logistic-v2,2026-08-22,date,edff048ed0a656812ac2d9fdc1f7df3d091b207d,native_probability,
1,f732e4ae1c6cc4a69a7bd66a530f96483112311e34b0874c3790544cb5269024,capture_20260827T003033460238Z_33026879006_1_648f508d78ad,matchup_029f26ab659c3569314741c22d58b255c7623e8d8913641f9c4a2bdbe5972726,,9d61d8cb1c354867,34d4cae19105eb68,e0664abaa023fd6f,Cameron Nelson,Ding Meng,2026-08-29,timestamp,2026-08-29T07:10:00.000000Z,2026-08-25T00:12:34.000000Z,0.10719345839999994,1ebbd6ce0fc00570f085,point-in-time-elo-logistic-v2,2026-08-22,date,edff048ed0a656812ac2d9fdc1f7df3d091b207d,native_probability,
1,f78d99ec30a821bd4cc99ab509117d50fc2a527f02a35bb6dd22fb6345c6cd95,capture_20260827T003033460238Z_33026879006_1_648f508d78ad,matchup_2f0ed1a2aa1334637a7b4a77062b4189a9b2516bcc0b3f7df253f93c7d0bf560,,9d61d8cb1c354867,8e4902b4a8045070,a1ad35b98a9136e5,Hector Santiago,Lawrence Lui,2026-08-29,timestamp,2026-08-29T07:10:00.000000Z,2026-08-25T00:12:34.000000Z,0.07440970499999999,1ebbd6ce0fc00570f085,point-in-time-elo-logistic-v2,2026-08-22,date,edff048ed0a656812ac2d9fdc1f7df3d091b207d,native_probability,
1,0a65a78414a679c7778069df98aec78ae43920ce7e04c6c28ba981d68339a523,capture_20260827T204418504130Z_33114534712_1_2936e25b0af4,matchup_3f9998cf552d693a33fb9a4f175d13960075bb7373e376abb8b51a1abb51b356,,9d61d8cb1c354867,c41d426cc7326d1b,cffb87059e645bd1,Yan Xiaonan,Denise Gomes,2026-08-29,timestamp,2026-08-29T07:10:00.000000Z,2026-08-25T00:12:34.000000Z,0.2513055987,1ebbd6ce0fc00570f085,point-in-time-elo-logistic-v2,2026-08-22,date,edff048ed0a656812ac2d9fdc1f7df3d091b207d,native_probability,
1,1307f4c34856fa05c89b46506442b0668ba00a86bd56bac4e3e4946c75aa0f96,capture_20260827T204418504130Z_33114534712_1_2936e25b0af4,matchup_228ab0d3e5153efa04bef071bfc37650479a59f22b1ca840ddbee8508e9fba3c,,9d61d8cb1c354867,5182316da3c1d891,bf60dd3256801649,Bilal Hasan,Nilson Rojas,2026-08-29,timestamp,2026-08-29T07:10:00.000000Z,2026-08-25T00:12:34.000000Z,0.5,1ebbd6ce0fc00570f085,point-in-time-elo-logistic-v2,2026-08-22,date,edff048ed0a656812ac2d9fdc1f7df3d091b207d,native_probability,
1,26ced3eb2cb795aa7236d9e883c670acf033d68412a9fbc8c64114a8bdde47ce,capture_20260827T204418504130Z_33114534712_1_2936e25b0af4,matchup_e61f9a55914091d7622712ef84540890dd4ebb88a4aac498188817c9afcff0b5,,9d61d8cb1c354867,7d420039bbfe7c1a,d33da8a3d82bdb62,Aoriqileng,Kai Asakura,2026-08-29,timestamp,2026-08-29T07:10:00.000000Z,2026-08-25T00:12:34.000000Z,0.30558612690000003,1ebbd6ce0fc00570f085,point-in-time-elo-logistic-v2,2026-08-22,date,edff048ed0a656812ac2d9fdc1f7df3d091b207d,native_probability,
1,3c29113b86f1023f3e8076c60569435d1a0d6724b2b238ef7ac9d517688a0d3a,capture_20260827T204418504130Z_33114534712_1_2936e25b0af4,matchup_d9b7e67887f117b7d52f7ddf124e1aec94ae0954605b34bceb2737065151e087,,9d61d8cb1c354867,2f43a3e82661fa99,34b96d52db1d26e6,Rei Tsuruya,Kevin Borjas,2026-08-29,timestamp,2026-08-29T07:10:00.000000Z,2026-08-25T00:12:34.000000Z,0.7718655784,1ebbd6ce0fc00570f085,point-in-time-elo-logistic-v2,2026-08-22,date,edff048ed0a656812ac2d9fdc1f7df3d091b207d,native_probability,
1,48a2ed2d55c6ba8cd22293bd5193279ff8d81f45ecac2e3b42e37a8f72b3090b,capture_20260827T204418504130Z_33114534712_1_2936e25b0af4,matchup_2f0ed1a2aa1334637a7b4a77062b4189a9b2516bcc0b3f7df253f93c7d0bf560,,9d61d8cb1c354867,8e4902b4a8045070,a1ad35b98a9136e5,Hector Santiago,Lawrence Lui,2026-08-29,timestamp,2026-08-29T07:10:00.000000Z,2026-08-25T00:12:34.000000Z,0.07440970499999999,1ebbd6ce0fc00570f085,point-in-time-elo-logistic-v2,2026-08-22,date,edff048ed0a656812ac2d9fdc1f7df3d091b207d,native_probability,
1,55a0c4c7de5cc6cf344d7f6f795ecec93c8b5f861989c523244817a8ff7097c3,capture_20260827T204418504130Z_33114534712_1_2936e25b0af4,matchup_f593d6bfd53b8a1bd4b33f94a3d784a98c2c53d4161a5587ec7eb6917b243c99,,9d61d8cb1c354867,86bace9e4ad85542,874cfc98877daecd,Xiao Long,Francesco Nuzzi,2026-08-29,timestamp,2026-08-29T07:10:00.000000Z,2026-08-25T00:12:34.000000Z,0.9179402081,1ebbd6ce0fc00570f085,point-in-time-elo-logistic-v2,2026-08-22,date,edff048ed0a656812ac2d9fdc1f7df3d091b207d,native_probability,
1,582488c89d0bd1b5d0cbc630c03b121958360157e27544fdb30c0495cabee740,capture_20260827T204418504130Z_33114534712_1_2936e25b0af4,matchup_c4951970b3f56e47b53fbee8e9543eaacb50773c034c68932a2ef149e0c1cd18,,9d61d8cb1c354867,b1f21ce050035d58,e1f8beeb6d2d871a,Andre Lima,Namsrai Batbayar,2026-08-29,timestamp,2026-08-29T07:10:00.000000Z,2026-08-25T00:12:34.000000Z,0.9504581913,1ebbd6ce0fc00570f085,point-in-time-elo-logistic-v2,2026-08-22,date,edff048ed0a656812ac2d9fdc1f7df3d091b207d,native_probability,
1,69f44e93e915a397c694c1147601853b98e3c94f0377fd4161ecf88ed78b1e96,capture_20260827T204418504130Z_33114534712_1_2936e25b0af4,matchup_389c1ce1797683bddb624227d64640e8a62ab358736501837929bd80cfa4e3fa,,9d61d8cb1c354867,4682bc59d5f55145,a9da3158dd2c2b5a,Sean Woodson,Jack Jenkins,2026-08-29,timestamp,2026-08-29T07:10:00.000000Z,2026-08-25T00:12:34.000000Z,0.627311855,1ebbd6ce0fc00570f085,point-in-time-elo-logistic-v2,2026-08-22,date,edff048ed0a656812ac2d9fdc1f7df3d091b207d,native_probability,
1,884c2a87f4e6a6d9d9a296b10382d98a436f42cfb4007473496e9e0cd3f6f197,capture_20260827T204418504130Z_33114534712_1_2936e25b0af4,matchup_6d0e5bb6cd688e9b7033b078cb103003b4b3c87c7aba84890186cc0080df1d8b,,9d61d8cb1c354867,3cf18e01cb6cbde3,ab2b4ff41d6ebe0f,Sumudaerji,Alex Perez,2026-08-29,timestamp,2026-08-29T07:10:00.000000Z,2026-08-25T00:12:34.000000Z,0.5959281105,1ebbd6ce0fc00570f085,point-in-time-elo-logistic-v2,2026-08-22,date,edff048ed0a656812ac2d9fdc1f7df3d091b207d,native_probability,
1,9395f2c1e100d77b098f3fb02b133936d1caa95aa98950de4e46921b77ca3b07,capture_20260827T204418504130Z_33114534712_1_2936e25b0af4,matchup_443225c1e560d888001c2519d5a4e68297c2ac5ddaa7415a82cf763130041fac,,9d61d8cb1c354867,2cdb479a0ef0ee1d,abb68e3c7ca128f2,Xiong Jingnan,Julia Polastri,2026-08-29,timestamp,2026-08-29T07:10:00.000000Z,2026-08-25T00:12:34.000000Z,0.15516365610000002,1ebbd6ce0fc00570f085,point-in-time-elo-logistic-v2,2026-08-22,date,edff048ed0a656812ac2d9fdc1f7df3d091b207d,native_probability,
1,a3c2f24351657f80ad8861cdffc1ee14f61a1994b50dbc1fda58bfdd9c2afc4f,capture_20260827T204418504130Z_33114534712_1_2936e25b0af4,matchup_029f26ab659c3569314741c22d58b255c7623e8d8913641f9c4a2bdbe5972726,,9d61d8cb1c354867,34d4cae19105eb68,e0664abaa023fd6f,Cameron Nelson,Ding Meng,2026-08-29,timestamp,2026-08-29T07:10:00.000000Z,2026-08-25T00:12:34.000000Z,0.10719345839999994,1ebbd6ce0fc00570f085,point-in-time-elo-logistic-v2,2026-08-22,date,edff048ed0a656812ac2d9fdc1f7df3d091b207d,native_probability,
1,e40d92565a5fd3e6549e48a0d97094d2f60354e838726c54109666c9a070093d,capture_20260827T204418504130Z_33114534712_1_2936e25b0af4,matchup_2e7ecfa4cf636c685bb4b274cad9c799cdb45c485fc9463c9f057b014ede92e2,,9d61d8cb1c354867,9ac4e43ed56429ed,a9936818d709e2d7,Levi Rodrigues Jr.,Liu Ce,2026-08-29,timestamp,2026-08-29T07:10:00.000000Z,2026-08-25T00:12:34.000000Z,0.8367146992,1ebbd6ce0fc00570f085,point-in-time-elo-logistic-v2,2026-08-22,date,edff048ed0a656812ac2d9fdc1f7df3d091b207d,native_probability,
1,e9e13b622bea7f69dbdfbc346decbef073b555a5f42a76e30fc736c9157d8c59,capture_20260827T204418504130Z_33114534712_1_2936e25b0af4,matchup_fe882adb53c9e40d42c3fb9e530f1c9634fb66cf626222156d002a5014c30b56,,9d61d8cb1c354867,2b6fc1c02736833d,efb96bf3e9ada36f,Umar Nurmagomedov,Song Yadong,2026-08-29,timestamp,2026-08-29T07:10:00.000000Z,2026-08-25T00:12:34.000000Z,0.7250796118,1ebbd6ce0fc00570f085,point-in-time-elo-logistic-v2,2026-08-22,date,edff048ed0a656812ac2d9fdc1f7df3d091b207d,native_probability,
1,04a61bc7935fa776bababef2fcbf89b3d2f31fba96d3a6eae200f731e7bf4689,capture_20260829T043147980876Z_33233889523_1_bbe55676d3bb,matchup_2e7ecfa4cf636c685bb4b274cad9c799cdb45c485fc9463c9f057b014ede92e2,,9d61d8cb1c354867,9ac4e43ed56429ed,a9936818d709e2d7,Levi Rodrigues Jr.,Liu Ce,2026-08-29,timestamp,2026-08-29T07:10:00.000000Z,2026-08-25T00:12:34.000000Z,0.8367146992,1ebbd6ce0fc00570f085,point-in-time-elo-logistic-v2,2026-08-22,date,edff048ed0a656812ac2d9fdc1f7df3d091b207d,native_probability,
1,14c354c2834378b7317116623eb5b1350224fb8bdf792fd8d2a99d56776b6ad3,capture_20260829T043147980876Z_33233889523_1_bbe55676d3bb,matchup_c4951970b3f56e47b53fbee8e9543eaacb50773c034c68932a2ef149e0c1cd18,,9d61d8cb1c354867,b1f21ce050035d58,e1f8beeb6d2d871a,Andre Lima,Namsrai Batbayar,2026-08-29,timestamp,2026-08-29T07:10:00.000000Z,2026-08-25T00:12:34.000000Z,0.9504581913,1ebbd6ce0fc00570f085,point-in-time-elo-logistic-v2,2026-08-22,date,edff048ed0a656812ac2d9fdc1f7df3d091b207d,native_probability,
1,2ebaf6c22c4d33a21ee28ab96fefd5ce82ef3afadabca732b30275177990b4b2,capture_20260829T043147980876Z_33233889523_1_bbe55676d3bb,matchup_228ab0d3e5153efa04bef071bfc37650479a59f22b1ca840ddbee8508e9fba3c,,9d61d8cb1c354867,5182316da3c1d891,bf60dd3256801649,Bilal Hasan,Nilson Rojas,2026-08-29,timestamp,2026-08-29T07:10:00.000000Z,2026-08-25T00:12:34.000000Z,0.5,1ebbd6ce0fc00570f085,point-in-time-elo-logistic-v2,2026-08-22,date,edff048ed0a656812ac2d9fdc1f7df3d091b207d,native_probability,
1,2fcf1eff80a69b2e25f07fd9158050047ba6b3725f168f941de3c51b365c5801,capture_20260829T043147980876Z_33233889523_1_bbe55676d3bb,matchup_fe882adb53c9e40d42c3fb9e530f1c9634fb66cf626222156d002a5014c30b56,,9d61d8cb1c354867,2b6fc1c02736833d,efb96bf3e9ada36f,Umar Nurmagomedov,Song Yadong,2026-08-29,timestamp,2026-08-29T07:10:00.000000Z,2026-08-25T00:12:34.000000Z,0.7250796118,1ebbd6ce0fc00570f085,point-in-time-elo-logistic-v2,2026-08-22,date,edff048ed0a656812ac2d9fdc1f7df3d091b207d,native_probability,
1,576284e669ba81ae3fe279afcfa6c82383e0712393382299f4e52f16894e89f5,capture_20260829T043147980876Z_33233889523_1_bbe55676d3bb,matchup_f593d6bfd53b8a1bd4b33f94a3d784a98c2c53d4161a5587ec7eb6917b243c99,,9d61d8cb1c354867,86bace9e4ad85542,874cfc98877daecd,Xiao Long,Francesco Nuzzi,2026-08-29,timestamp,2026-08-29T07:10:00.000000Z,2026-08-25T00:12:34.000000Z,0.9179402081,1ebbd6ce0fc00570f085,point-in-time-elo-logistic-v2,2026-08-22,date,edff048ed0a656812ac2d9fdc1f7df3d091b207d,native_probability,
1,68750b73075c7283e5edaa30634c81062592e07ef858e820dc37dd168dc6d631,capture_20260829T043147980876Z_33233889523_1_bbe55676d3bb,matchup_3f9998cf552d693a33fb9a4f175d13960075bb7373e376abb8b51a1abb51b356,,9d61d8cb1c354867,c41d426cc7326d1b,cffb87059e645bd1,Yan Xiaonan,Denise Gomes,2026-08-29,timestamp,2026-08-29T07:10:00.000000Z,2026-08-25T00:12:34.000000Z,0.2513055987,1ebbd6ce0fc00570f085,point-in-time-elo-logistic-v2,2026-08-22,date,edff048ed0a656812ac2d9fdc1f7df3d091b207d,native_probability,
1,b0476a7deff70b7d9ae8542327f23709fedafbed262862c202bbf824d85923c6,capture_20260829T043147980876Z_33233889523_1_bbe55676d3bb,matchup_029f26ab659c3569314741c22d58b255c7623e8d8913641f9c4a2bdbe5972726,,9d61d8cb1c354867,34d4cae19105eb68,e0664abaa023fd6f,Cameron Nelson,Ding Meng,2026-08-29,timestamp,2026-08-29T07:10:00.000000Z,2026-08-25T00:12:34.000000Z,0.10719345839999994,1ebbd6ce0fc00570f085,point-in-time-elo-logistic-v2,2026-08-22,date,edff048ed0a656812ac2d9fdc1f7df3d091b207d,native_probability,
1,c0016dc8021b64ab5ea8edfcef1e490ddf205cac23fbe2bf66810b75d5178e22,capture_20260829T043147980876Z_33233889523_1_bbe55676d3bb,matchup_389c1ce1797683bddb624227d64640e8a62ab358736501837929bd80cfa4e3fa,,9d61d8cb1c354867,4682bc59d5f55145,a9da3158dd2c2b5a,Sean Woodson,Jack Jenkins,2026-08-29,timestamp,2026-08-29T07:10:00.000000Z,2026-08-25T00:12:34.000000Z,0.627311855,1ebbd6ce0fc00570f085,point-in-time-elo-logistic-v2,2026-08-22,date,edff048ed0a656812ac2d9fdc1f7df3d091b207d,native_probability,
1,c066db806195e9500c05de0e54d023548709d81794dcbb09550982a2e9e180bf,capture_20260829T043147980876Z_33233889523_1_bbe55676d3bb,matchup_d9b7e67887f117b7d52f7ddf124e1aec94ae0954605b34bceb2737065151e087,,9d61d8cb1c354867,2f43a3e82661fa99,34b96d52db1d26e6,Rei Tsuruya,Kevin Borjas,2026-08-29,timestamp,2026-08-29T07:10:00.000000Z,2026-08-25T00:12:34.000000Z,0.7718655784,1ebbd6ce0fc00570f085,point-in-time-elo-logistic-v2,2026-08-22,date,edff048ed0a656812ac2d9fdc1f7df3d091b207d,native_probability,
1,dc40329be27254c9acbc5b10bf0d9af57d452d5375544878c6cb997726f3d60c,capture_20260829T043147980876Z_33233889523_1_bbe55676d3bb,matchup_e61f9a55914091d7622712ef84540890dd4ebb88a4aac498188817c9afcff0b5,,9d61d8cb1c354867,7d420039bbfe7c1a,d33da8a3d82bdb62,Aoriqileng,Kai Asakura,2026-08-29,timestamp,2026-08-29T07:10:00.000000Z,2026-08-25T00:12:34.000000Z,0.30558612690000003,1ebbd6ce0fc00570f085,point-in-time-elo-logistic-v2,2026-08-22,date,edff048ed0a656812ac2d9fdc1f7df3d091b207d,native_probability,
1,e485f9d3f8d58937c25b84d06304e10094f57a302996ad84d1ecc6d30742d427,capture_20260829T043147980876Z_33233889523_1_bbe55676d3bb,matchup_2f0ed1a2aa1334637a7b4a77062b4189a9b2516bcc0b3f7df253f93c7d0bf560,,9d61d8cb1c354867,8e4902b4a8045070,a1ad35b98a9136e5,Hector Santiago,Lawrence Lui,2026-08-29,timestamp,2026-08-29T07:10:00.000000Z,2026-08-25T00:12:34.000000Z,0.07440970499999999,1ebbd6ce0fc00570f085,point-in-time-elo-logistic-v2,2026-08-22,date,edff048ed0a656812ac2d9fdc1f7df3d091b207d,native_probability,
1,ed260a0d7c114bc957ef02606a064fe33c7847159ef36790455fa5f6d07a4a1e,capture_20260829T043147980876Z_33233889523_1_bbe55676d3bb,matchup_443225c1e560d888001c2519d5a4e68297c2ac5ddaa7415a82cf763130041fac,,9d61d8cb1c354867,2cdb479a0ef0ee1d,abb68e3c7ca128f2,Xiong Jingnan,Julia Polastri,2026-08-29,timestamp,2026-08-29T07:10:00.000000Z,2026-08-25T00:12:34.000000Z,0.15516365610000002,1ebbd6ce0fc00570f085,point-in-time-elo-logistic-v2,2026-08-22,date,edff048ed0a656812ac2d9fdc1f7df3d091b207d,native_probability,
1,f5e30b6beb556f842699a7613bee5bca80dbd75ddd2805dffa8876897bdfdf3b,capture_20260829T043147980876Z_33233889523_1_bbe55676d3bb,matchup_6d0e5bb6cd688e9b7033b078cb103003b4b3c87c7aba84890186cc0080df1d8b,,9d61d8cb1c354867,3cf18e01cb6cbde3,ab2b4ff41d6ebe0f,Sumudaerji,Alex Perez,2026-08-29,timestamp,2026-08-29T07:10:00.000000Z,2026-08-25T00:12:34.000000Z,0.5959281105,1ebbd6ce0fc00570f085,point-in-time-elo-logistic-v2,2026-08-22,date,edff048ed0a656812ac2d9fdc1f7df3d091b207d,native_probability,
1,0759d742d08071ac942b33a3958790f70904542bc459107c7e48960304f31bc8,capture_20260902T003125625388Z_local_1_933a092000fd,matchup_c4fdd2478b8f9bfba7f679889348ae3848153f5d11360f550d52e07349e29e17,,2144954270be834d,39d309957c5c210d,a67f5afa8d6a1b80,Mario Pinto,Ryan Spann,2026-09-05,date,,2026-09-02T00:18:14.000000Z,0.8380788126000001,35d1c5eb8e126b3c9563,point-in-time-elo-logistic-v2,2026-08-29,date,cfd9bb7bba47fcd36e634f9ae443f30749331131,native_probability,
1,1f94364e0b8464d99da459ff5267cc2493d455859343e6f59ca80bb192a95172,capture_20260902T003125625388Z_local_1_933a092000fd,matchup_efceb8a2cf0faca403b487b7f86a45ed53496d69cfb44431d1fce10df1751431,,2144954270be834d,5b43d68174b6e2ab,8d11d9c13e2ccdf7,Losene Keita,Muhammad Naimov,2026-09-05,date,,2026-09-02T00:18:14.000000Z,0.6449791242,35d1c5eb8e126b3c9563,point-in-time-elo-logistic-v2,2026-08-29,date,cfd9bb7bba47fcd36e634f9ae443f30749331131,native_probability,
1,3d6f934a397070c52c40550b0d375beb661ceb9ed61749f0ec79ee46faa2241b,capture_20260902T003125625388Z_local_1_933a092000fd,matchup_e77fa0e4f3862227418eef40fbbb1a99437034414985a81107bee615f9da08ca,,2144954270be834d,5b03b61f9d90125e,9256f591b30c073e,Morgan Charriere,Felipe Lima,2026-09-05,date,,2026-09-02T00:18:14.000000Z,0.35023962750000004,35d1c5eb8e126b3c9563,point-in-time-elo-logistic-v2,2026-08-29,date,cfd9bb7bba47fcd36e634f9ae443f30749331131,native_probability,
1,6899c7c605782f02acae00c0ad1b10a182d22358e150572ab55af899b4d15fc4,capture_20260902T003125625388Z_local_1_933a092000fd,matchup_cf3205b162a0dde589038b55f4225ba43c70eea4bcc574f1ed3694825204d030,,2144954270be834d,0bc697c5936a2d0a,9d51798e61f2e0c7,Trevor Peek,Kurtis Campbell,2026-09-05,date,,2026-09-02T00:18:14.000000Z,0.35991107059999994,35d1c5eb8e126b3c9563,point-in-time-elo-logistic-v2,2026-08-29,date,cfd9bb7bba47fcd36e634f9ae443f30749331131,native_probability,
1,79f79eb176e1e46b137dea71d6f9ff0893ab7e4929015c0c13916cca2586228e,capture_20260902T003125625388Z_local_1_933a092000fd,matchup_59d3204bd6591089d45ebe3e85e99fc60ec6d3301eb3884ceb1d0451d9599614,,2144954270be834d,1d2d98ddd05b38fb,1e4f273069fb9e85,Axel Sola,Fares Ziam,2026-09-05,date,,2026-09-02T00:18:14.000000Z,0.33654160329999994,35d1c5eb8e126b3c9563,point-in-time-elo-logistic-v2,2026-08-29,date,cfd9bb7bba47fcd36e634f9ae443f30749331131,native_probability,
1,81dcac18af33178a141e5949ccbe2df9458cd4871d05634ea09d05a358d14af2,capture_20260902T003125625388Z_local_1_933a092000fd,matchup_0dc64302fb9aa1e8a2fefa3fcd256374a63542df95f08a12b53d18c5af710d5b,,2144954270be834d,193b9d1858bc4df3,b3cb9dfccff3be76,Dan Hooker,Salahdine Parnasse,2026-09-05,date,,2026-09-02T00:18:14.000000Z,0.8890807601,35d1c5eb8e126b3c9563,point-in-time-elo-logistic-v2,2026-08-29,date,cfd9bb7bba47fcd36e634f9ae443f30749331131,native_probability,
1,a0cbb79b1479ac33d090f2f97d07eec9501d900d2d950a4d97d0422ab495f2f9,capture_20260902T003125625388Z_local_1_933a092000fd,matchup_86b2eb61db67ca8fa121533f6e961a913c37fc9cd4cd9b044b5534cfa1159816,,2144954270be834d,64facb6cc564262d,70dd69b6a703257e,Punahele Soriano,Daniil Donchenko,2026-09-05,date,,2026-09-02T00:18:14.000000Z,0.24202491169999996,35d1c5eb8e126b3c9563,point-in-time-elo-logistic-v2,2026-08-29,date,cfd9bb7bba47fcd36e634f9ae443f30749331131,native_probability,
1,b4be998cc69eb2aa1f72af715efcd80874551ccdb4858dac6ed50b16f9785580,capture_20260902T003125625388Z_local_1_933a092000fd,matchup_1fce52baf78bc8d3d8b338f10139cc7aeb18fe188c5bae17140a9dcc62f262e6,,2144954270be834d,9f5e3c20ce40b344,f2b3f4ef3f780168,Klaudia Sygula,Nora Cornolle,2026-09-05,date,,2026-09-02T00:18:14.000000Z,0.6553684336,35d1c5eb8e126b3c9563,point-in-time-elo-logistic-v2,2026-08-29,date,cfd9bb7bba47fcd36e634f9ae443f30749331131,native_probability,
1,b87bc7699142651a4dba5250c6e8e30551864f0c5d9a7a30b0bb050e1aa3d775,capture_20260902T003125625388Z_local_1_933a092000fd,matchup_c6f99d827d99147ec40154996f5cd9c439402f8c1fe7b0c6d927bd3c81990c61,,2144954270be834d,3138df4d117ebc12,8b1b051038354655,Delphine Benouaich,Sofia Montenegro,2026-09-05,date,,2026-09-02T00:18:14.000000Z,0.5,35d1c5eb8e126b3c9563,point-in-time-elo-logistic-v2,2026-08-29,date,cfd9bb7bba47fcd36e634f9ae443f30749331131,native_probability,
1,bfb0e58188eef4c3d5751067ea54564ddee66d4aaa0df935555d328072f6e68e,capture_20260902T003125625388Z_local_1_933a092000fd,matchup_4b14d6546c8101cf4e7844a682d653e6a80eb09ed63c589aec54a33e149df254,,2144954270be834d,22e3458965d5d08a,9911989cf48b195d,Michael Aljarouj,Fabia Sintes,2026-09-05,date,,2026-09-02T00:18:14.000000Z,0.5,35d1c5eb8e126b3c9563,point-in-time-elo-logistic-v2,2026-08-29,date,cfd9bb7bba47fcd36e634f9ae443f30749331131,native_probability,
1,d267b5a1bad39f1497dc14083d9b0293e6b14cb7aa8a05da5d106c4d5553968f,capture_20260902T003125625388Z_local_1_933a092000fd,matchup_a98b162dd2ff1d5415a572a5a20b0f37599fc71cd28b0ac30b961720373d1199,,2144954270be834d,46e2011d92463b7e,476fe566d2df676e,Oumar Sy,Modestas Bukauskas,2026-09-05,date,,2026-09-02T00:18:14.000000Z,0.7513614164,35d1c5eb8e126b3c9563,point-in-time-elo-logistic-v2,2026-08-29,date,cfd9bb7bba47fcd36e634f9ae443f30749331131,native_probability,
1,11372ce190c3ac20808e8c553387f46f3512fb353fcb8213ed30ee8ce8b00cae,capture_20260902T172753987187Z_33660857080_1_225a01f962bd,matchup_e77fa0e4f3862227418eef40fbbb1a99437034414985a81107bee615f9da08ca,,2144954270be834d,5b03b61f9d90125e,9256f591b30c073e,Morgan Charriere,Felipe Lima,2026-09-05,timestamp,2026-09-05T16:00:00.000000Z,2026-09-02T00:18:14.000000Z,0.35023962750000004,35d1c5eb8e126b3c9563,point-in-time-elo-logistic-v2,2026-08-29,date,cfd9bb7bba47fcd36e634f9ae443f30749331131,native_probability,
1,205b5e573380160701f15ac69d2ceec94641327332ebd70710cf5ea4de859371,capture_20260902T172753987187Z_33660857080_1_225a01f962bd,matchup_1fce52baf78bc8d3d8b338f10139cc7aeb18fe188c5bae17140a9dcc62f262e6,,2144954270be834d,9f5e3c20ce40b344,f2b3f4ef3f780168,Klaudia Sygula,Nora Cornolle,2026-09-05,timestamp,2026-09-05T16:00:00.000000Z,2026-09-02T00:18:14.000000Z,0.6553684336,35d1c5eb8e126b3c9563,point-in-time-elo-logistic-v2,2026-08-29,date,cfd9bb7bba47fcd36e634f9ae443f30749331131,native_probability,
1,2e3c6f0fecc27156de6583eb35aac30b85fb6a965e42e5e85d2eaaa57b541fbd,capture_20260902T172753987187Z_33660857080_1_225a01f962bd,matchup_a98b162dd2ff1d5415a572a5a20b0f37599fc71cd28b0ac30b961720373d1199,,2144954270be834d,46e2011d92463b7e,476fe566d2df676e,Oumar Sy,Modestas Bukauskas,2026-09-05,timestamp,2026-09-05T16:00:00.000000Z,2026-09-02T00:18:14.000000Z,0.7513614164,35d1c5eb8e126b3c9563,point-in-time-elo-logistic-v2,2026-08-29,date,cfd9bb7bba47fcd36e634f9ae443f30749331131,native_probability,
1,4d242bd235914ec2c2309c88d9d6c733f29174bcee547757c5eb3fc770092826,capture_20260902T172753987187Z_33660857080_1_225a01f962bd,matchup_86b2eb61db67ca8fa121533f6e961a913c37fc9cd4cd9b044b5534cfa1159816,,2144954270be834d,64facb6cc564262d,70dd69b6a703257e,Punahele Soriano,Daniil Donchenko,2026-09-05,timestamp,2026-09-05T16:00:00.000000Z,2026-09-02T00:18:14.000000Z,0.24202491169999996,35d1c5eb8e126b3c9563,point-in-time-elo-logistic-v2,2026-08-29,date,cfd9bb7bba47fcd36e634f9ae443f30749331131,native_probability,
1,636b340b3adb4081ca5e507923f01ebf0441bc6173b0a19c04745bdec8a4b267,capture_20260902T172753987187Z_33660857080_1_225a01f962bd,matchup_0dc64302fb9aa1e8a2fefa3fcd256374a63542df95f08a12b53d18c5af710d5b,,2144954270be834d,193b9d1858bc4df3,b3cb9dfccff3be76,Dan Hooker,Salahdine Parnasse,2026-09-05,timestamp,2026-09-05T16:00:00.000000Z,2026-09-02T00:18:14.000000Z,0.8890807601,35d1c5eb8e126b3c9563,point-in-time-elo-logistic-v2,2026-08-29,date,cfd9bb7bba47fcd36e634f9ae443f30749331131,native_probability,
1,6fb852a126cbe634e274ef4786b74836f13be8582d8fd34e94a3e00b4e8615de,capture_20260902T172753987187Z_33660857080_1_225a01f962bd,matchup_c4fdd2478b8f9bfba7f679889348ae3848153f5d11360f550d52e07349e29e17,,2144954270be834d,39d309957c5c210d,a67f5afa8d6a1b80,Mario Pinto,Ryan Spann,2026-09-05,timestamp,2026-09-05T16:00:00.000000Z,2026-09-02T00:18:14.000000Z,0.8380788126000001,35d1c5eb8e126b3c9563,point-in-time-elo-logistic-v2,2026-08-29,date,cfd9bb7bba47fcd36e634f9ae443f30749331131,native_probability,
1,c36a8622f3ed4f4fcca6adeb2680d90ec068a4619687bdd5cc2a62bc2c5f58a8,capture_20260902T172753987187Z_33660857080_1_225a01f962bd,matchup_efceb8a2cf0faca403b487b7f86a45ed53496d69cfb44431d1fce10df1751431,,2144954270be834d,5b43d68174b6e2ab,8d11d9c13e2ccdf7,Losene Keita,Muhammad Naimov,2026-09-05,timestamp,2026-09-05T16:00:00.000000Z,2026-09-02T00:18:14.000000Z,0.6449791242,35d1c5eb8e126b3c9563,point-in-time-elo-logistic-v2,2026-08-29,date,cfd9bb7bba47fcd36e634f9ae443f30749331131,native_probability,
1,c6d74842391a99020f1c5d0b71633a94c2daecd10cd2650e2885c8435b799d5f,capture_20260902T172753987187Z_33660857080_1_225a01f962bd,matchup_c6f99d827d99147ec40154996f5cd9c439402f8c1fe7b0c6d927bd3c81990c61,,2144954270be834d,3138df4d117ebc12,8b1b051038354655,Delphine Benouaich,Sofia Montenegro,2026-09-05,timestamp,2026-09-05T16:00:00.000000Z,2026-09-02T00:18:14.000000Z,0.5,35d1c5eb8e126b3c9563,point-in-time-elo-logistic-v2,2026-08-29,date,cfd9bb7bba47fcd36e634f9ae443f30749331131,native_probability,
1,c6f2a96b9cc47a9a4721897a318787e383de6cce108a11b9b49b261fc323b303,capture_20260902T172753987187Z_33660857080_1_225a01f962bd,matchup_4b14d6546c8101cf4e7844a682d653e6a80eb09ed63c589aec54a33e149df254,,2144954270be834d,22e3458965d5d08a,9911989cf48b195d,Michael Aljarouj,Fabia Sintes,2026-09-05,timestamp,2026-09-05T16:00:00.000000Z,2026-09-02T00:18:14.000000Z,0.5,35d1c5eb8e126b3c9563,point-in-time-elo-logistic-v2,2026-08-29,date,cfd9bb7bba47fcd36e634f9ae443f30749331131,native_probability,
1,cd186a54a65d5146d1fd70f7209b3f8e447917ad4a17ed29f8dd82d984e35bbe,capture_20260902T172753987187Z_33660857080_1_225a01f962bd,matchup_59d3204bd6591089d45ebe3e85e99fc60ec6d3301eb3884ceb1d0451d9599614,,2144954270be834d,1d2d98ddd05b38fb,1e4f273069fb9e85,Axel Sola,Fares Ziam,2026-09-05,timestamp,2026-09-05T16:00:00.000000Z,2026-09-02T00:18:14.000000Z,0.33654160329999994,35d1c5eb8e126b3c9563,point-in-time-elo-logistic-v2,2026-08-29,date,cfd9bb7bba47fcd36e634f9ae443f30749331131,native_probability,
1,dfc522162e7feb2b385516b84fe0acfb89b63b0da606a8f8acbf6b33fdb9f7c4,capture_20260902T172753987187Z_33660857080_1_225a01f962bd,matchup_28fea7b40a742271baa73e0e4459f1d5777e4498f310623c111e7397e38f7183,,2144954270be834d,33a86e839ad202d8,ec322adbabbfa6e7,Luis Felipe Dias,Matthieu Duclos,2026-09-05,timestamp,2026-09-05T16:00:00.000000Z,2026-09-02T00:18:14.000000Z,0.9247972707,35d1c5eb8e126b3c9563,point-in-time-elo-logistic-v2,2026-08-29,date,cfd9bb7bba47fcd36e634f9ae443f30749331131,native_probability,
1,f6892e42a0271f52f16922e7d19d8612b5c303c3119b77596df96756ca15af2c,capture_20260902T172753987187Z_33660857080_1_225a01f962bd,matchup_cf3205b162a0dde589038b55f4225ba43c70eea4bcc574f1ed3694825204d030,,2144954270be834d,0bc697c5936a2d0a,9d51798e61f2e0c7,Trevor Peek,Kurtis Campbell,2026-09-05,timestamp,2026-09-05T16:00:00.000000Z,2026-09-02T00:18:14.000000Z,0.35991107059999994,35d1c5eb8e126b3c9563,point-in-time-elo-logistic-v2,2026-08-29,date,cfd9bb7bba47fcd36e634f9ae443f30749331131,native_probability,
1,1566a76d65c5adf0943286bb6ee21d226773dba4754a4d67644cfb661b0b558a,capture_20260902T232647549677Z_33694851135_1_501060e71dbe,matchup_4b14d6546c8101cf4e7844a682d653e6a80eb09ed63c589aec54a33e149df254,,2144954270be834d,22e3458965d5d08a,9911989cf48b195d,Michael Aljarouj,Fabia Sintes,2026-09-05,timestamp,2026-09-05T16:00:00.000000Z,2026-09-02T00:18:14.000000Z,0.5,35d1c5eb8e126b3c9563,point-in-time-elo-logistic-v2,2026-08-29,date,cfd9bb7bba47fcd36e634f9ae443f30749331131,native_probability,
1,54cf5d713ceda2ddaa100a812c6f8f0e608e5b7cc034a7e887f4280cb3164bdd,capture_20260902T232647549677Z_33694851135_1_501060e71dbe,matchup_28fea7b40a742271baa73e0e4459f1d5777e4498f310623c111e7397e38f7183,,2144954270be834d,33a86e839ad202d8,ec322adbabbfa6e7,Luis Felipe Dias,Matthieu Duclos,2026-09-05,timestamp,2026-09-05T16:00:00.000000Z,2026-09-02T00:18:14.000000Z,0.9247972707,35d1c5eb8e126b3c9563,point-in-time-elo-logistic-v2,2026-08-29,date,cfd9bb7bba47fcd36e634f9ae443f30749331131,native_probability,
1,5957d90ba30ee85df199f30256e4e14bf9300b8852aac5b654a23c0358e9f14d,capture_20260902T232647549677Z_33694851135_1_501060e71dbe,matchup_a98b162dd2ff1d5415a572a5a20b0f37599fc71cd28b0ac30b961720373d1199,,2144954270be834d,46e2011d92463b7e,476fe566d2df676e,Oumar Sy,Modestas Bukauskas,2026-09-05,timestamp,2026-09-05T16:00:00.000000Z,2026-09-02T00:18:14.000000Z,0.7513614164,35d1c5eb8e126b3c9563,point-in-time-elo-logistic-v2,2026-08-29,date,cfd9bb7bba47fcd36e634f9ae443f30749331131,native_probability,
1,6decc1262e0be610492a1225751bc7472ed22ddd67b2f0d8b6a34ded0d488a70,capture_20260902T232647549677Z_33694851135_1_501060e71dbe,matchup_e77fa0e4f3862227418eef40fbbb1a99437034414985a81107bee615f9da08ca,,2144954270be834d,5b03b61f9d90125e,9256f591b30c073e,Morgan Charriere,Felipe Lima,2026-09-05,timestamp,2026-09-05T16:00:00.000000Z,2026-09-02T00:18:14.000000Z,0.35023962750000004,35d1c5eb8e126b3c9563,point-in-time-elo-logistic-v2,2026-08-29,date,cfd9bb7bba47fcd36e634f9ae443f30749331131,native_probability,
1,8db3e5b9758aaec922b9f8eb503b1ad246ee6252f33caf600f9a104ff4017b33,capture_20260902T232647549677Z_33694851135_1_501060e71dbe,matchup_c6f99d827d99147ec40154996f5cd9c439402f8c1fe7b0c6d927bd3c81990c61,,2144954270be834d,3138df4d117ebc12,8b1b051038354655,Delphine Benouaich,Sofia Montenegro,2026-09-05,timestamp,2026-09-05T16:00:00.000000Z,2026-09-02T00:18:14.000000Z,0.5,35d1c5eb8e126b3c9563,point-in-time-elo-logistic-v2,2026-08-29,date,cfd9bb7bba47fcd36e634f9ae443f30749331131,native_probability,
1,99a9a9f0827a80b1c85b595ef92c073192eda1923589caea3fac0ca0df900c2b,capture_20260902T232647549677Z_33694851135_1_501060e71dbe,matchup_c4fdd2478b8f9bfba7f679889348ae3848153f5d11360f550d52e07349e29e17,,2144954270be834d,39d309957c5c210d,a67f5afa8d6a1b80,Mario Pinto,Ryan Spann,2026-09-05,timestamp,2026-09-05T16:00:00.000000Z,2026-09-02T00:18:14.000000Z,0.8380788126000001,35d1c5eb8e126b3c9563,point-in-time-elo-logistic-v2,2026-08-29,date,cfd9bb7bba47fcd36e634f9ae443f30749331131,native_probability,
1,a6841b4931291b8872877853934542c756ca3f8a53a0aafa43ec24a4473ef6ad,capture_20260902T232647549677Z_33694851135_1_501060e71dbe,matchup_cf3205b162a0dde589038b55f4225ba43c70eea4bcc574f1ed3694825204d030,,2144954270be834d,0bc697c5936a2d0a,9d51798e61f2e0c7,Trevor Peek,Kurtis Campbell,2026-09-05,timestamp,2026-09-05T16:00:00.000000Z,2026-09-02T00:18:14.000000Z,0.35991107059999994,35d1c5eb8e126b3c9563,point-in-time-elo-logistic-v2,2026-08-29,date,cfd9bb7bba47fcd36e634f9ae443f30749331131,native_probability,
1,c390810a07f7d956f6b32f8c1093ad117c439db40a3dc9bf711ac70a79c5127a,capture_20260902T232647549677Z_33694851135_1_501060e71dbe,matchup_1fce52baf78bc8d3d8b338f10139cc7aeb18fe188c5bae17140a9dcc62f262e6,,2144954270be834d,9f5e3c20ce40b344,f2b3f4ef3f780168,Klaudia Sygula,Nora Cornolle,2026-09-05,timestamp,2026-09-05T16:00:00.000000Z,2026-09-02T00:18:14.000000Z,0.6553684336,35d1c5eb8e126b3c9563,point-in-time-elo-logistic-v2,2026-08-29,date,cfd9bb7bba47fcd36e634f9ae443f30749331131,native_probability,
1,e0fd85a5974cb1d66d125be7f12202d60e555eb7c4d26331b3017f45ba15a118,capture_20260902T232647549677Z_33694851135_1_501060e71dbe,matchup_59d3204bd6591089d45ebe3e85e99fc60ec6d3301eb3884ceb1d0451d9599614,,2144954270be834d,1d2d98ddd05b38fb,1e4f273069fb9e85,Axel Sola,Fares Ziam,2026-09-05,timestamp,2026-09-05T16:00:00.000000Z,2026-09-02T00:18:14.000000Z,0.33654160329999994,35d1c5eb8e126b3c9563,point-in-time-elo-logistic-v2,2026-08-29,date,cfd9bb7bba47fcd36e634f9ae443f30749331131,native_probability,
1,e2ecd09e86cbb3800082eb86e40283bfa04501f0dca36743209cbdcf21abb7da,capture_20260902T232647549677Z_33694851135_1_501060e71dbe,matchup_86b2eb61db67ca8fa121533f6e961a913c37fc9cd4cd9b044b5534cfa1159816,,2144954270be834d,64facb6cc564262d,70dd69b6a703257e,Punahele Soriano,Daniil Donchenko,2026-09-05,timestamp,2026-09-05T16:00:00.000000Z,2026-09-02T00:18:14.000000Z,0.24202491169999996,35d1c5eb8e126b3c9563,point-in-time-elo-logistic-v2,2026-08-29,date,cfd9bb7bba47fcd36e634f9ae443f30749331131,native_probability,
1,ea06f13ed5c7f25d34873c39dc2b4026ea60746a8f129c5c39d9457714edc5e3,capture_20260902T232647549677Z_33694851135_1_501060e71dbe,matchup_efceb8a2cf0faca403b487b7f86a45ed53496d69cfb44431d1fce10df1751431,,2144954270be834d,5b43d68174b6e2ab,8d11d9c13e2ccdf7,Losene Keita,Muhammad Naimov,2026-09-05,timestamp,2026-09-05T16:00:00.000000Z,2026-09-02T00:18:14.000000Z,0.6449791242,35d1c5eb8e126b3c9563,point-in-time-elo-logistic-v2,2026-08-29,date,cfd9bb7bba47fcd36e634f9ae443f30749331131,native_probability,
1,ed38fbc93ecdcad2eaecd678c19222584bd875f0ddb6570c492c655aad18896c,capture_20260902T232647549677Z_33694851135_1_501060e71dbe,matchup_0dc64302fb9aa1e8a2fefa3fcd256374a63542df95f08a12b53d18c5af710d5b,,2144954270be834d,193b9d1858bc4df3,b3cb9dfccff3be76,Dan Hooker,Salahdine Parnasse,2026-09-05,timestamp,2026-09-05T16:00:00.000000Z,2026-09-02T00:18:14.000000Z,0.8890807601,35d1c5eb8e126b3c9563,point-in-time-elo-logistic-v2,2026-08-29,date,cfd9bb7bba47fcd36e634f9ae443f30749331131,native_probability,
1,5b0d91ca7125be995e499b83a9abeaa461ce98745905276142b4917613514513,capture_20260903T172810099053Z_33784441292_1_1199c180c261,matchup_1fce52baf78bc8d3d8b338f10139cc7aeb18fe188c5bae17140a9dcc62f262e6,,2144954270be834d,9f5e3c20ce40b344,f2b3f4ef3f780168,Klaudia Sygula,Nora Cornolle,2026-09-05,timestamp,2026-09-05T16:00:00.000000Z,2026-09-02T00:18:14.000000Z,0.6553684336,35d1c5eb8e126b3c9563,point-in-time-elo-logistic-v2,2026-08-29,date,cfd9bb7bba47fcd36e634f9ae443f30749331131,native_probability,
1,60cbfa5c52be1b2bd38357a592c6c8d05fe538868c1fbf63784796d82e97a0e1,capture_20260903T172810099053Z_33784441292_1_1199c180c261,matchup_cf3205b162a0dde589038b55f4225ba43c70eea4bcc574f1ed3694825204d030,,2144954270be834d,0bc697c5936a2d0a,9d51798e61f2e0c7,Trevor Peek,Kurtis Campbell,2026-09-05,timestamp,2026-09-05T16:00:00.000000Z,2026-09-02T00:18:14.000000Z,0.35991107059999994,35d1c5eb8e126b3c9563,point-in-time-elo-logistic-v2,2026-08-29,date,cfd9bb7bba47fcd36e634f9ae443f30749331131,native_probability,
1,8750cc4b0b9270a9b1b008044bca20b4662453904f96437cbd2e7b655c8a6b32,capture_20260903T172810099053Z_33784441292_1_1199c180c261,matchup_5ba9978871b848d5b7445f82c33ad8b233afd688c6347983e72b3aec7be3e696,,2144954270be834d,329e403448756217,93f9c19ae41d2a97,Nathaniel Wood,Pavel Andrusca,2026-09-05,timestamp,2026-09-05T16:00:00.000000Z,2026-09-02T00:18:14.000000Z,0.9371078453,35d1c5eb8e126b3c9563,point-in-time-elo-logistic-v2,2026-08-29,date,cfd9bb7bba47fcd36e634f9ae443f30749331131,native_probability,
1,89b84fd21d2e1b67c77e37efbe10cf5edd85e92f2629c550190cd07570a4f560,capture_20260903T172810099053Z_33784441292_1_1199c180c261,matchup_0dc64302fb9aa1e8a2fefa3fcd256374a63542df95f08a12b53d18c5af710d5b,,2144954270be834d,193b9d1858bc4df3,b3cb9dfccff3be76,Dan Hooker,Salahdine Parnasse,2026-09-05,timestamp,2026-09-05T16:00:00.000000Z,2026-09-02T00:18:14.000000Z,0.8890807601,35d1c5eb8e126b3c9563,point-in-time-elo-logistic-v2,2026-08-29,date,cfd9bb7bba47fcd36e634f9ae443f30749331131,native_probability,
1,97e841070b1024e7c990c48852b5d8aab72d7547f4cb1e3ad35949326a0f7382,capture_20260903T172810099053Z_33784441292_1_1199c180c261,matchup_a98b162dd2ff1d5415a572a5a20b0f37599fc71cd28b0ac30b961720373d1199,,2144954270be834d,46e2011d92463b7e,476fe566d2df676e,Oumar Sy,Modestas Bukauskas,2026-09-05,timestamp,2026-09-05T16:00:00.000000Z,2026-09-02T00:18:14.000000Z,0.7513614164,35d1c5eb8e126b3c9563,point-in-time-elo-logistic-v2,2026-08-29,date,cfd9bb7bba47fcd36e634f9ae443f30749331131,native_probability,
1,ab8f0803eb6ac2f71f3d6bebb0dbb0ca1eb5fec202c702ef3156a974c6665170,capture_20260903T172810099053Z_33784441292_1_1199c180c261,matchup_e77fa0e4f3862227418eef40fbbb1a99437034414985a81107bee615f9da08ca,,2144954270be834d,5b03b61f9d90125e,9256f591b30c073e,Morgan Charriere,Felipe Lima,2026-09-05,timestamp,2026-09-05T16:00:00.000000Z,2026-09-02T00:18:14.000000Z,0.35023962750000004,35d1c5eb8e126b3c9563,point-in-time-elo-logistic-v2,2026-08-29,date,cfd9bb7bba47fcd36e634f9ae443f30749331131,native_probability,
1,ae86c650cf2c28213555f7de86ab9354a0056039bfd5b5813d5c04e0f9d00420,capture_20260903T172810099053Z_33784441292_1_1199c180c261,matchup_86b2eb61db67ca8fa121533f6e961a913c37fc9cd4cd9b044b5534cfa1159816,,2144954270be834d,64facb6cc564262d,70dd69b6a703257e,Punahele Soriano,Daniil Donchenko,2026-09-05,timestamp,2026-09-05T16:00:00.000000Z,2026-09-02T00:18:14.000000Z,0.24202491169999996,35d1c5eb8e126b3c9563,point-in-time-elo-logistic-v2,2026-08-29,date,cfd9bb7bba47fcd36e634f9ae443f30749331131,native_probability,
1,c304e6c62bbfd5671aaa8e1c1b09f5fa831dc39f23e3cf15439d56faf35a9744,capture_20260903T172810099053Z_33784441292_1_1199c180c261,matchup_4b14d6546c8101cf4e7844a682d653e6a80eb09ed63c589aec54a33e149df254,,2144954270be834d,22e3458965d5d08a,9911989cf48b195d,Michael Aljarouj,Fabia Sintes,2026-09-05,timestamp,2026-09-05T16:00:00.000000Z,2026-09-02T00:18:14.000000Z,0.5,35d1c5eb8e126b3c9563,point-in-time-elo-logistic-v2,2026-08-29,date,cfd9bb7bba47fcd36e634f9ae443f30749331131,native_probability,
1,c8b0bb75f3b4edefcfdc0072dc9b2c920b1ee48dc072c77454c0c6324671c0b4,capture_20260903T172810099053Z_33784441292_1_1199c180c261,matchup_28fea7b40a742271baa73e0e4459f1d5777e4498f310623c111e7397e38f7183,,2144954270be834d,33a86e839ad202d8,ec322adbabbfa6e7,Luis Felipe Dias,Matthieu Duclos,2026-09-05,timestamp,2026-09-05T16:00:00.000000Z,2026-09-02T00:18:14.000000Z,0.9247972707,35d1c5eb8e126b3c9563,point-in-time-elo-logistic-v2,2026-08-29,date,cfd9bb7bba47fcd36e634f9ae443f30749331131,native_probability,
1,cff453d577777764efb8389c0c3e70d41b05e2bb84c350b8ddcc078a9e428c2c,capture_20260903T172810099053Z_33784441292_1_1199c180c261,matchup_59d3204bd6591089d45ebe3e85e99fc60ec6d3301eb3884ceb1d0451d9599614,,2144954270be834d,1d2d98ddd05b38fb,1e4f273069fb9e85,Axel Sola,Fares Ziam,2026-09-05,timestamp,2026-09-05T16:00:00.000000Z,2026-09-02T00:18:14.000000Z,0.33654160329999994,35d1c5eb8e126b3c9563,point-in-time-elo-logistic-v2,2026-08-29,date,cfd9bb7bba47fcd36e634f9ae443f30749331131,native_probability,
1,e0771acf3f1b95d7d1f551cccb4c64d8e15e2c6d43212284eb5cb819c72ec2b2,capture_20260903T172810099053Z_33784441292_1_1199c180c261,matchup_efceb8a2cf0faca403b487b7f86a45ed53496d69cfb44431d1fce10df1751431,,2144954270be834d,5b43d68174b6e2ab,8d11d9c13e2ccdf7,Losene Keita,Muhammad Naimov,2026-09-05,timestamp,2026-09-05T16:00:00.000000Z,2026-09-02T00:18:14.000000Z,0.6449791242,35d1c5eb8e126b3c9563,point-in-time-elo-logistic-v2,2026-08-29,date,cfd9bb7bba47fcd36e634f9ae443f30749331131,native_probability,
1,f1b3b0b9689cc98858fb5fe721edea5959f459af029b3d70795632a69dcbf585,capture_20260903T172810099053Z_33784441292_1_1199c180c261,matchup_c4fdd2478b8f9bfba7f679889348ae3848153f5d11360f550d52e07349e29e17,,2144954270be834d,39d309957c5c210d,a67f5afa8d6a1b80,Mario Pinto,Ryan Spann,2026-09-05,timestamp,2026-09-05T16:00:00.000000Z,2026-09-02T00:18:14.000000Z,0.8380788126000001,35d1c5eb8e126b3c9563,point-in-time-elo-logistic-v2,2026-08-29,date,cfd9bb7bba47fcd36e634f9ae443f30749331131,native_probability,
1,fd06350876c10592d35e80ca3c7699acdd05d41faba18fa27f28227d89ff4eb2,capture_20260903T172810099053Z_33784441292_1_1199c180c261,matchup_c6f99d827d99147ec40154996f5cd9c439402f8c1fe7b0c6d927bd3c81990c61,,2144954270be834d,3138df4d117ebc12,8b1b051038354655,Delphine Benouaich,Sofia Montenegro,2026-09-05,timestamp,2026-09-05T16:00:00.000000Z,2026-09-02T00:18:14.000000Z,0.5,35d1c5eb8e126b3c9563,point-in-time-elo-logistic-v2,2026-08-29,date,cfd9bb7bba47fcd36e634f9ae443f30749331131,native_probability,
1,21c900004093fdc8b84ea3610ec84f88f1aaabc34cfd5db3d1de7b15e534f91c,capture_20260903T232550941846Z_33817312213_1_2ab25e15c307,matchup_efceb8a2cf0faca403b487b7f86a45ed53496d69cfb44431d1fce10df1751431,,2144954270be834d,5b43d68174b6e2ab,8d11d9c13e2ccdf7,Losene Keita,Muhammad Naimov,2026-09-05,timestamp,2026-09-05T16:10:00.000000Z,2026-09-02T00:18:14.000000Z,0.6449791242,35d1c5eb8e126b3c9563,point-in-time-elo-logistic-v2,2026-08-29,date,cfd9bb7bba47fcd36e634f9ae443f30749331131,native_probability,
1,23f8341cf9c4092ed6b8f0228baeb8c34e9c7e7b526b8ab16dc0985e7d2dec06,capture_20260903T232550941846Z_33817312213_1_2ab25e15c307,matchup_4b14d6546c8101cf4e7844a682d653e6a80eb09ed63c589aec54a33e149df254,,2144954270be834d,22e3458965d5d08a,9911989cf48b195d,Michael Aljarouj,Fabia Sintes,2026-09-05,timestamp,2026-09-05T16:10:00.000000Z,2026-09-02T00:18:14.000000Z,0.5,35d1c5eb8e126b3c9563,point-in-time-elo-logistic-v2,2026-08-29,date,cfd9bb7bba47fcd36e634f9ae443f30749331131,native_probability,
1,39cc11a256c5f59678b37d27f50794a1e8bf909dff4020abe81c13432cc91000,capture_20260903T232550941846Z_33817312213_1_2ab25e15c307,matchup_5ba9978871b848d5b7445f82c33ad8b233afd688c6347983e72b3aec7be3e696,,2144954270be834d,329e403448756217,93f9c19ae41d2a97,Nathaniel Wood,Pavel Andrusca,2026-09-05,timestamp,2026-09-05T16:10:00.000000Z,2026-09-02T00:18:14.000000Z,0.9371078453,35d1c5eb8e126b3c9563,point-in-time-elo-logistic-v2,2026-08-29,date,cfd9bb7bba47fcd36e634f9ae443f30749331131,native_probability,
1,44c4a2aa5dadc2103d31e65097fdfd65d21d78d2ba8b5cde9667a15320bb1687,capture_20260903T232550941846Z_33817312213_1_2ab25e15c307,matchup_a98b162dd2ff1d5415a572a5a20b0f37599fc71cd28b0ac30b961720373d1199,,2144954270be834d,46e2011d92463b7e,476fe566d2df676e,Oumar Sy,Modestas Bukauskas,2026-09-05,timestamp,2026-09-05T16:10:00.000000Z,2026-09-02T00:18:14.000000Z,0.7513614164,35d1c5eb8e126b3c9563,point-in-time-elo-logistic-v2,2026-08-29,date,cfd9bb7bba47fcd36e634f9ae443f30749331131,native_probability,
1,52956d80f72339dc35f4152ded6e8aa405ed884e049868f7c53e22c0733e59b4,capture_20260903T232550941846Z_33817312213_1_2ab25e15c307,matchup_0dc64302fb9aa1e8a2fefa3fcd256374a63542df95f08a12b53d18c5af710d5b,,2144954270be834d,193b9d1858bc4df3,b3cb9dfccff3be76,Dan Hooker,Salahdine Parnasse,2026-09-05,timestamp,2026-09-05T16:10:00.000000Z,2026-09-02T00:18:14.000000Z,0.8890807601,35d1c5eb8e126b3c9563,point-in-time-elo-logistic-v2,2026-08-29,date,cfd9bb7bba47fcd36e634f9ae443f30749331131,native_probability,
1,548afe4044148872f790ad4c5753f93e4fcc4b7d62024a1791accc8b8b6fd1c1,capture_20260903T232550941846Z_33817312213_1_2ab25e15c307,matchup_1fce52baf78bc8d3d8b338f10139cc7aeb18fe188c5bae17140a9dcc62f262e6,,2144954270be834d,9f5e3c20ce40b344,f2b3f4ef3f780168,Klaudia Sygula,Nora Cornolle,2026-09-05,timestamp,2026-09-05T16:10:00.000000Z,2026-09-02T00:18:14.000000Z,0.6553684336,35d1c5eb8e126b3c9563,point-in-time-elo-logistic-v2,2026-08-29,date,cfd9bb7bba47fcd36e634f9ae443f30749331131,native_probability,
1,7216bc8deeb84c364362b760068f5aab9c698c4992b5a953c140ca8879f4efb1,capture_20260903T232550941846Z_33817312213_1_2ab25e15c307,matchup_59d3204bd6591089d45ebe3e85e99fc60ec6d3301eb3884ceb1d0451d9599614,,2144954270be834d,1d2d98ddd05b38fb,1e4f273069fb9e85,Axel Sola,Fares Ziam,2026-09-05,timestamp,2026-09-05T16:10:00.000000Z,2026-09-02T00:18:14.000000Z,0.33654160329999994,35d1c5eb8e126b3c9563,point-in-time-elo-logistic-v2,2026-08-29,date,cfd9bb7bba47fcd36e634f9ae443f30749331131,native_probability,
1,7a0361326d0c14e529f31ede6cf1b5150ae3e5fd4a909adf6d7d79cc38a2cfc3,capture_20260903T232550941846Z_33817312213_1_2ab25e15c307,matchup_c6f99d827d99147ec40154996f5cd9c439402f8c1fe7b0c6d927bd3c81990c61,,2144954270be834d,3138df4d117ebc12,8b1b051038354655,Delphine Benouaich,Sofia Montenegro,2026-09-05,timestamp,2026-09-05T16:10:00.000000Z,2026-09-02T00:18:14.000000Z,0.5,35d1c5eb8e126b3c9563,point-in-time-elo-logistic-v2,2026-08-29,date,cfd9bb7bba47fcd36e634f9ae443f30749331131,native_probability,
1,7c013f49296a5f34aaa4fd3931740e8cca6238884ee5674d9db96e93b0174070,capture_20260903T232550941846Z_33817312213_1_2ab25e15c307,matchup_c4fdd2478b8f9bfba7f679889348ae3848153f5d11360f550d52e07349e29e17,,2144954270be834d,39d309957c5c210d,a67f5afa8d6a1b80,Mario Pinto,Ryan Spann,2026-09-05,timestamp,2026-09-05T16:10:00.000000Z,2026-09-02T00:18:14.000000Z,0.8380788126000001,35d1c5eb8e126b3c9563,point-in-time-elo-logistic-v2,2026-08-29,date,cfd9bb7bba47fcd36e634f9ae443f30749331131,native_probability,
1,9b53055911ca451391644fd61216e0913d260d0809d0a3d3e65ffd5fc653e6e9,capture_20260903T232550941846Z_33817312213_1_2ab25e15c307,matchup_86b2eb61db67ca8fa121533f6e961a913c37fc9cd4cd9b044b5534cfa1159816,,2144954270be834d,64facb6cc564262d,70dd69b6a703257e,Punahele Soriano,Daniil Donchenko,2026-09-05,timestamp,2026-09-05T16:10:00.000000Z,2026-09-02T00:18:14.000000Z,0.24202491169999996,35d1c5eb8e126b3c9563,point-in-time-elo-logistic-v2,2026-08-29,date,cfd9bb7bba47fcd36e634f9ae443f30749331131,native_probability,
1,9df45b9b88186f39d65de76aa649d5f0dfe0f0d4c76ce952bce8c80f550468f9,capture_20260903T232550941846Z_33817312213_1_2ab25e15c307,matchup_e77fa0e4f3862227418eef40fbbb1a99437034414985a81107bee615f9da08ca,,2144954270be834d,5b03b61f9d90125e,9256f591b30c073e,Morgan Charriere,Felipe Lima,2026-09-05,timestamp,2026-09-05T16:10:00.000000Z,2026-09-02T00:18:14.000000Z,0.35023962750000004,35d1c5eb8e126b3c9563,point-in-time-elo-logistic-v2,2026-08-29,date,cfd9bb7bba47fcd36e634f9ae443f30749331131,native_probability,
1,c233e9e57b1555d450510400e74dfe0b01d96d9e4feffe7a811c97d69c6c272a,capture_20260903T232550941846Z_33817312213_1_2ab25e15c307,matchup_28fea7b40a742271baa73e0e4459f1d5777e4498f310623c111e7397e38f7183,,2144954270be834d,33a86e839ad202d8,ec322adbabbfa6e7,Luis Felipe Dias,Matthieu Duclos,2026-09-05,timestamp,2026-09-05T16:10:00.000000Z,2026-09-02T00:18:14.000000Z,0.9247972707,35d1c5eb8e126b3c9563,point-in-time-elo-logistic-v2,2026-08-29,date,cfd9bb7bba47fcd36e634f9ae443f30749331131,native_probability,
1,e5110daf42aaa94442d608bbb36d2d92dee399f5c172b2842ca860295eb75120,capture_20260903T232550941846Z_33817312213_1_2ab25e15c307,matchup_cf3205b162a0dde589038b55f4225ba43c70eea4bcc574f1ed3694825204d030,,2144954270be834d,0bc697c5936a2d0a,9d51798e61f2e0c7,Trevor Peek,Kurtis Campbell,2026-09-05,timestamp,2026-09-05T16:10:00.000000Z,2026-09-02T00:18:14.000000Z,0.35991107059999994,35d1c5eb8e126b3c9563,point-in-time-elo-logistic-v2,2026-08-29,date,cfd9bb7bba47fcd36e634f9ae443f30749331131,native_probability,
1,21cf5479dec6c27213e8b4f8993019d23ea6450a364a6c89d61dec8c2fe99bca,capture_20260904T172656316630Z_33900328517_1_edfac4e1ad8c,matchup_c6f99d827d99147ec40154996f5cd9c439402f8c1fe7b0c6d927bd3c81990c61,,2144954270be834d,3138df4d117ebc12,8b1b051038354655,Delphine Benouaich,Sofia Montenegro,2026-09-05,timestamp,2026-09-05T16:10:00.000000Z,2026-09-04T01:42:10.000000Z,0.5,a045d30a0223107ddda6,point-in-time-elo-logistic-v2,2026-08-29,date,1f4a8ad34858c0c9a5030ad0c73d7fd5067576c9,native_probability,
1,2366927c569f71f02c9d02a66630d9945f6b9a2cd211b8e5b6b00b605e2600a8,capture_20260904T172656316630Z_33900328517_1_edfac4e1ad8c,matchup_59d3204bd6591089d45ebe3e85e99fc60ec6d3301eb3884ceb1d0451d9599614,,2144954270be834d,1d2d98ddd05b38fb,1e4f273069fb9e85,Axel Sola,Fares Ziam,2026-09-05,timestamp,2026-09-05T16:10:00.000000Z,2026-09-04T01:42:10.000000Z,0.33654160329999994,a045d30a0223107ddda6,point-in-time-elo-logistic-v2,2026-08-29,date,1f4a8ad34858c0c9a5030ad0c73d7fd5067576c9,native_probability,
1,3c4a935ce6313eed68f2c5159d2cbbc07789655fd2d2a60f29e6fbfcce818dd6,capture_20260904T172656316630Z_33900328517_1_edfac4e1ad8c,matchup_86b2eb61db67ca8fa121533f6e961a913c37fc9cd4cd9b044b5534cfa1159816,,2144954270be834d,64facb6cc564262d,70dd69b6a703257e,Punahele Soriano,Daniil Donchenko,2026-09-05,timestamp,2026-09-05T16:10:00.000000Z,2026-09-04T01:42:10.000000Z,0.24202491169999996,a045d30a0223107ddda6,point-in-time-elo-logistic-v2,2026-08-29,date,1f4a8ad34858c0c9a5030ad0c73d7fd5067576c9,native_probability,
1,450511f05a1c601d5bcacf612ce5ca9fa1c4a088613159e4a3d829063b82fd85,capture_20260904T172656316630Z_33900328517_1_edfac4e1ad8c,matchup_28fea7b40a742271baa73e0e4459f1d5777e4498f310623c111e7397e38f7183,,2144954270be834d,33a86e839ad202d8,ec322adbabbfa6e7,Luis Felipe Dias,Matthieu Duclos,2026-09-05,timestamp,2026-09-05T16:10:00.000000Z,2026-09-04T01:42:10.000000Z,0.9247972707,a045d30a0223107ddda6,point-in-time-elo-logistic-v2,2026-08-29,date,1f4a8ad34858c0c9a5030ad0c73d7fd5067576c9,native_probability,
1,583876fada7d6d9a9dd49dccf1d739365ea1522dcb91adad2be9852bbe767d5e,capture_20260904T172656316630Z_33900328517_1_edfac4e1ad8c,matchup_cf3205b162a0dde589038b55f4225ba43c70eea4bcc574f1ed3694825204d030,,2144954270be834d,0bc697c5936a2d0a,9d51798e61f2e0c7,Trevor Peek,Kurtis Campbell,2026-09-05,timestamp,2026-09-05T16:10:00.000000Z,2026-09-04T01:42:10.000000Z,0.35991107059999994,a045d30a0223107ddda6,point-in-time-elo-logistic-v2,2026-08-29,date,1f4a8ad34858c0c9a5030ad0c73d7fd5067576c9,native_probability,
1,6a6bb7152dbbed88a6147b2cb307dd33bc754c5e932e1dad2f5f6373bc8a5535,capture_20260904T172656316630Z_33900328517_1_edfac4e1ad8c,matchup_4b14d6546c8101cf4e7844a682d653e6a80eb09ed63c589aec54a33e149df254,,2144954270be834d,22e3458965d5d08a,9911989cf48b195d,Michael Aljarouj,Fabia Sintes,2026-09-05,timestamp,2026-09-05T16:10:00.000000Z,2026-09-04T01:42:10.000000Z,0.5,a045d30a0223107ddda6,point-in-time-elo-logistic-v2,2026-08-29,date,1f4a8ad34858c0c9a5030ad0c73d7fd5067576c9,native_probability,
1,7dc0a9f4058757389e30b782bf03828f8bb4079eaf83458ddadd4a77802edbd9,capture_20260904T172656316630Z_33900328517_1_edfac4e1ad8c,matchup_1fce52baf78bc8d3d8b338f10139cc7aeb18fe188c5bae17140a9dcc62f262e6,,2144954270be834d,9f5e3c20ce40b344,f2b3f4ef3f780168,Klaudia Sygula,Nora Cornolle,2026-09-05,timestamp,2026-09-05T16:10:00.000000Z,2026-09-04T01:42:10.000000Z,0.6553684336,a045d30a0223107ddda6,point-in-time-elo-logistic-v2,2026-08-29,date,1f4a8ad34858c0c9a5030ad0c73d7fd5067576c9,native_probability,
1,a511b13a32079d2953b1574f088ebb808e3bc93062237eeea05bed2a9c36eda2,capture_20260904T172656316630Z_33900328517_1_edfac4e1ad8c,matchup_a98b162dd2ff1d5415a572a5a20b0f37599fc71cd28b0ac30b961720373d1199,,2144954270be834d,46e2011d92463b7e,476fe566d2df676e,Oumar Sy,Modestas Bukauskas,2026-09-05,timestamp,2026-09-05T16:10:00.000000Z,2026-09-04T01:42:10.000000Z,0.7513614164,a045d30a0223107ddda6,point-in-time-elo-logistic-v2,2026-08-29,date,1f4a8ad34858c0c9a5030ad0c73d7fd5067576c9,native_probability,
1,b19b070410e1ea36e8b706fbf6dc1241b327ba8be9efb28b0e5e6f37c36dc2ef,capture_20260904T172656316630Z_33900328517_1_edfac4e1ad8c,matchup_5ba9978871b848d5b7445f82c33ad8b233afd688c6347983e72b3aec7be3e696,,2144954270be834d,329e403448756217,93f9c19ae41d2a97,Nathaniel Wood,Pavel Andrusca,2026-09-05,timestamp,2026-09-05T16:10:00.000000Z,2026-09-04T01:42:10.000000Z,0.9371078453,a045d30a0223107ddda6,point-in-time-elo-logistic-v2,2026-08-29,date,1f4a8ad34858c0c9a5030ad0c73d7fd5067576c9,native_probability,
1,ba0c9a57a8a4850dd6540857d7811fead64c32fec7bc866074bc3903ea88fab3,capture_20260904T172656316630Z_33900328517_1_edfac4e1ad8c,matchup_c4fdd2478b8f9bfba7f679889348ae3848153f5d11360f550d52e07349e29e17,,2144954270be834d,39d309957c5c210d,a67f5afa8d6a1b80,Mario Pinto,Ryan Spann,2026-09-05,timestamp,2026-09-05T16:10:00.000000Z,2026-09-04T01:42:10.000000Z,0.8380788126000001,a045d30a0223107ddda6,point-in-time-elo-logistic-v2,2026-08-29,date,1f4a8ad34858c0c9a5030ad0c73d7fd5067576c9,native_probability,
1,c4cd924d93066d7f589015f752c3fd59530e8756b69962776fc425aa5f3b3778,capture_20260904T172656316630Z_33900328517_1_edfac4e1ad8c,matchup_efceb8a2cf0faca403b487b7f86a45ed53496d69cfb44431d1fce10df1751431,,2144954270be834d,5b43d68174b6e2ab,8d11d9c13e2ccdf7,Losene Keita,Muhammad Naimov,2026-09-05,timestamp,2026-09-05T16:10:00.000000Z,2026-09-04T01:42:10.000000Z,0.6449791242,a045d30a0223107ddda6,point-in-time-elo-logistic-v2,2026-08-29,date,1f4a8ad34858c0c9a5030ad0c73d7fd5067576c9,native_probability,
1,ec6125e0b0ce5f77685dfb0d5f7117c2baa6e49e388720d4e210931139ec1bf0,capture_20260904T172656316630Z_33900328517_1_edfac4e1ad8c,matchup_0dc64302fb9aa1e8a2fefa3fcd256374a63542df95f08a12b53d18c5af710d5b,,2144954270be834d,193b9d1858bc4df3,b3cb9dfccff3be76,Dan Hooker,Salahdine Parnasse,2026-09-05,timestamp,2026-09-05T16:10:00.000000Z,2026-09-04T01:42:10.000000Z,0.8890807601,a045d30a0223107ddda6,point-in-time-elo-logistic-v2,2026-08-29,date,1f4a8ad34858c0c9a5030ad0c73d7fd5067576c9,native_probability,
1,ef32c3cbb8b11562420fc017ca5e888c502373e0677d502c85beaf38b94448a5,capture_20260904T172656316630Z_33900328517_1_edfac4e1ad8c,matchup_e77fa0e4f3862227418eef40fbbb1a99437034414985a81107bee615f9da08ca,,2144954270be834d,5b03b61f9d90125e,9256f591b30c073e,Morgan Charriere,Felipe Lima,2026-09-05,timestamp,2026-09-05T16:10:00.000000Z,2026-09-04T01:42:10.000000Z,0.35023962750000004,a045d30a0223107ddda6,point-in-time-elo-logistic-v2,2026-08-29,date,1f4a8ad34858c0c9a5030ad0c73d7fd5067576c9,native_probability,
1,20bc87b4544abaf88522996d6526d1d6902fb63da71ff92766ee074516bf4c46,capture_20260906T152736600585Z_34042159855_1_fc9de2c24085,matchup_66db0c6413cc98507cd0e1876233d66b36cf6017b3a96e40b1fd60441fcffa0f,,638cfec7ec559d6e,52ef95b5860fb28c,7d6ceff6747f2de2,Jean Silva,Jose Delgado,2026-09-12,timestamp,2026-09-12T19:15:00.000000Z,2026-09-06T14:43:14.000000Z,0.452494084,47629589f1b2a613c3cd,point-in-time-elo-logistic-v2,2026-09-05,date,f062b187c1dfad68c4511d2d560c2af3a5daec84,native_probability,
1,2b7f87e9a7727f1d883ec2c647fdde247a2cd2c5e7bf83b5356efbc184ecfed2,capture_20260906T152736600585Z_34042159855_1_fc9de2c24085,matchup_abc39e40cf108721027025feb07e881cfd6cdcf3cbb5ac9f60e3b80d0b606c6b,,638cfec7ec559d6e,fa6796c55d6c5440,fc08099550072fe4,Curtis Blaydes,Waldo Cortes Acosta,2026-09-12,timestamp,2026-09-12T19:15:00.000000Z,2026-09-06T14:43:14.000000Z,0.5948746443999999,47629589f1b2a613c3cd,point-in-time-elo-logistic-v2,2026-09-05,date,f062b187c1dfad68c4511d2d560c2af3a5daec84,native_probability,
1,37ebd292ce131a72c77360dda5a3d199726e63b45a1d44f3caf4574a2cf7de09,capture_20260906T152736600585Z_34042159855_1_fc9de2c24085,matchup_d2991ba39eeb0b23aafb0230892c0807c82ad3247da4834b997399065a0f2efb,,638cfec7ec559d6e,2fe9032955c2e013,792be9a24df82ed6,Joseph Morales,Brandon Moreno,2026-09-12,timestamp,2026-09-12T19:15:00.000000Z,2026-09-06T14:43:14.000000Z,0.3307602419,47629589f1b2a613c3cd,point-in-time-elo-logistic-v2,2026-09-05,date,f062b187c1dfad68c4511d2d560c2af3a5daec84,native_probability,
1,46544ea774ad4c6b915ec8bcd2fa622d35f3227ee619bd96c575d5ff4210118d,capture_20260906T152736600585Z_34042159855_1_fc9de2c24085,matchup_efc52791a801f4be7db8f27634cf0bb8892c9d043aa415db2ff02c6293d01725,,638cfec7ec559d6e,6fd953151d981979,9f5609dba6584ab2,JJ Aldrich,Regina Tarin,2026-09-12,timestamp,2026-09-12T19:15:00.000000Z,2026-09-06T14:43:14.000000Z,0.37247479,47629589f1b2a613c3cd,point-in-time-elo-logistic-v2,2026-09-05,date,f062b187c1dfad68c4511d2d560c2af3a5daec84,native_probability,
1,46d07a99a076b87a2dc09dce33c3c68315e745d667a9a6a2bb1146ef7e741b90,capture_20260906T152736600585Z_34042159855_1_fc9de2c24085,matchup_8b54193e4f8a1587878a18998f44d167604b46e87b456e16b350cf7661b60711,,638cfec7ec559d6e,a13d755965a4ec9f,e132d47bd9efbbe0,Rongzhu,Rafa Garcia,2026-09-12,timestamp,2026-09-12T19:15:00.000000Z,2026-09-06T14:43:14.000000Z,0.3694565193,47629589f1b2a613c3cd,point-in-time-elo-logistic-v2,2026-09-05,date,f062b187c1dfad68c4511d2d560c2af3a5daec84,native_probability,
1,6d494c08d3131e43d5da42a225834824215f1edc16fcd197454890a2800cd062,capture_20260906T152736600585Z_34042159855_1_fc9de2c24085,matchup_9c495107c2bd33322a572d2016024690b02d02d2d0cc09fb890650971126b860,,638cfec7ec559d6e,312f7d7b2b2f7de4,7674b836ce0698a0,Djorden Santos,Yousri Belgaroui,2026-09-12,timestamp,2026-09-12T19:15:00.000000Z,2026-09-06T14:43:14.000000Z,0.10785917010000001,47629589f1b2a613c3cd,point-in-time-elo-logistic-v2,2026-09-05,date,f062b187c1dfad68c4511d2d560c2af3a5daec84,native_probability,
1,9333919328ef5d580dfac91184578c5529706159cc8d6b904229514c2d37246f,capture_20260906T152736600585Z_34042159855_1_fc9de2c24085,matchup_1795f0f9b8401650217d3518f508681af01a56f2d856f666f6a286be6bb24b4e,,638cfec7ec559d6e,447f9858ae78f921,e4a47b07044ddd72,Muslim Salikhov,Ignacio Bahamondes,2026-09-12,timestamp,2026-09-12T19:15:00.000000Z,2026-09-06T14:43:14.000000Z,0.31574734409999994,47629589f1b2a613c3cd,point-in-time-elo-logistic-v2,2026-09-05,date,f062b187c1dfad68c4511d2d560c2af3a5daec84,native_probability,
1,b9b2ad755926aea759090415219949b3acbcba9001e7ff76cbbb94a2d26293a1,capture_20260906T152736600585Z_34042159855_1_fc9de2c24085,matchup_c64265c64920cec9a00bd1f9240a24eed73020e493f2b7d88bb0c8477a8eaf14,,638cfec7ec559d6e,5ef94841c4bc3f86,c96d9178c9ed9e62,Edgar Chairez,Tim Elliott,2026-09-12,timestamp,2026-09-12T19:15:00.000000Z,2026-09-06T14:43:14.000000Z,0.5435981336,47629589f1b2a613c3cd,point-in-time-elo-logistic-v2,2026-09-05,date,f062b187c1dfad68c4511d2d560c2af3a5daec84,native_probability,
1,d091d4b468c5c5b61af8d91bc212c343b80d64578a27ff526a573a1c7a757405,capture_20260906T152736600585Z_34042159855_1_fc9de2c24085,matchup_f3409c8960623b60db41650f26f238caea2b314befb8164c73c2b21187a7deb4,,638cfec7ec559d6e,82a5152216251682,9a97acbfd5a08bfa,Dan Ige,David Martinez,2026-09-12,timestamp,2026-09-12T19:15:00.000000Z,2026-09-06T14:43:14.000000Z,0.22477196109999997,47629589f1b2a613c3cd,point-in-time-elo-logistic-v2,2026-09-05,date,f062b187c1dfad68c4511d2d560c2af3a5daec84,native_probability,
1,ed498c584b043acc2e08a0ebe8972bbbb02b4d3a7af8674335f72694d572f6a2,capture_20260906T152736600585Z_34042159855_1_fc9de2c24085,matchup_937f5cfa3486c033c8191c9de80a2cc81dec1d3ce7f087edbd9121364a4239a3,,638cfec7ec559d6e,6b0a6def604de298,6eedb757f13b9978,Tommy McMillen,Marwan Rahiki,2026-09-12,timestamp,2026-09-12T19:15:00.000000Z,2026-09-06T14:43:14.000000Z,0.6099133219,47629589f1b2a613c3cd,point-in-time-elo-logistic-v2,2026-09-05,date,f062b187c1dfad68c4511d2d560c2af3a5daec84,native_probability,
1,fa3781ba9e7ae9e1bcc14450c941934dcd4e63a12354e9086e64ecf742f2dead,capture_20260906T152736600585Z_34042159855_1_fc9de2c24085,matchup_b464e7f36dcad5cc9c276270b36003a7ccb1aa0ec8407c2b3ef8618a633f4a75,,638cfec7ec559d6e,34ff304266360297,e8b731feff72294b,Manon Fiorot,Alexa Grasso,2026-09-12,timestamp,2026-09-12T19:15:00.000000Z,2026-09-06T14:43:14.000000Z,0.6586839008,47629589f1b2a613c3cd,point-in-time-elo-logistic-v2,2026-09-05,date,f062b187c1dfad68c4511d2d560c2af3a5daec84,native_probability,
1,0a2f7d2b8142eaf26426aaa0cdfa7df2207e501e62ce6605a93b4f4c2932cc61,capture_20260907T024046547538Z_34076894728_1_c8f44f7af460,matchup_8b54193e4f8a1587878a18998f44d167604b46e87b456e16b350cf7661b60711,,638cfec7ec559d6e,a13d755965a4ec9f,e132d47bd9efbbe0,Rongzhu,Rafa Garcia,2026-09-12,timestamp,2026-09-12T19:15:00.000000Z,2026-09-07T01:57:34.000000Z,0.3694565193,47629589f1b2a613c3cd,point-in-time-elo-logistic-v2,2026-09-05,date,3689313332292f6897fc0d74272a2c35f42b6ad7,native_probability,
1,0d6e22ddae85ee8387529a27c8e22bf8c88223ea8f4cfb8378a011319d8c146b,capture_20260907T024046547538Z_34076894728_1_c8f44f7af460,matchup_66db0c6413cc98507cd0e1876233d66b36cf6017b3a96e40b1fd60441fcffa0f,,638cfec7ec559d6e,52ef95b5860fb28c,7d6ceff6747f2de2,Jean Silva,Jose Delgado,2026-09-12,timestamp,2026-09-12T19:15:00.000000Z,2026-09-07T01:57:34.000000Z,0.452494084,47629589f1b2a613c3cd,point-in-time-elo-logistic-v2,2026-09-05,date,3689313332292f6897fc0d74272a2c35f42b6ad7,native_probability,
1,18d09c33b5d41f14b79357dc0b7faeda4432e51a0dd6da31a40900b18725436c,capture_20260907T024046547538Z_34076894728_1_c8f44f7af460,matchup_d2991ba39eeb0b23aafb0230892c0807c82ad3247da4834b997399065a0f2efb,,638cfec7ec559d6e,2fe9032955c2e013,792be9a24df82ed6,Joseph Morales,Brandon Moreno,2026-09-12,timestamp,2026-09-12T19:15:00.000000Z,2026-09-07T01:57:34.000000Z,0.3307602419,47629589f1b2a613c3cd,point-in-time-elo-logistic-v2,2026-09-05,date,3689313332292f6897fc0d74272a2c35f42b6ad7,native_probability,
1,1befda97848af586b08b025f286607dc24fd725c340cd3660e12f613249178e3,capture_20260907T024046547538Z_34076894728_1_c8f44f7af460,matchup_9c495107c2bd33322a572d2016024690b02d02d2d0cc09fb890650971126b860,,638cfec7ec559d6e,312f7d7b2b2f7de4,7674b836ce0698a0,Djorden Santos,Yousri Belgaroui,2026-09-12,timestamp,2026-09-12T19:15:00.000000Z,2026-09-07T01:57:34.000000Z,0.10785917010000001,47629589f1b2a613c3cd,point-in-time-elo-logistic-v2,2026-09-05,date,3689313332292f6897fc0d74272a2c35f42b6ad7,native_probability,
1,23746acd2851f0226f67207c7e850a9fc63896f84dbf1deacd6f60b3736f64c0,capture_20260907T024046547538Z_34076894728_1_c8f44f7af460,matchup_1795f0f9b8401650217d3518f508681af01a56f2d856f666f6a286be6bb24b4e,,638cfec7ec559d6e,447f9858ae78f921,e4a47b07044ddd72,Muslim Salikhov,Ignacio Bahamondes,2026-09-12,timestamp,2026-09-12T19:15:00.000000Z,2026-09-07T01:57:34.000000Z,0.31574734409999994,47629589f1b2a613c3cd,point-in-time-elo-logistic-v2,2026-09-05,date,3689313332292f6897fc0d74272a2c35f42b6ad7,native_probability,
1,2d12e1215d89ddccc5ede890ebff22003799f38957448fa1640ae0b96b0f7741,capture_20260907T024046547538Z_34076894728_1_c8f44f7af460,matchup_937f5cfa3486c033c8191c9de80a2cc81dec1d3ce7f087edbd9121364a4239a3,,638cfec7ec559d6e,6b0a6def604de298,6eedb757f13b9978,Tommy McMillen,Marwan Rahiki,2026-09-12,timestamp,2026-09-12T19:15:00.000000Z,2026-09-07T01:57:34.000000Z,0.6099133219,47629589f1b2a613c3cd,point-in-time-elo-logistic-v2,2026-09-05,date,3689313332292f6897fc0d74272a2c35f42b6ad7,native_probability,
1,604e9fd363c69916b35d3b78350be195018abe06b53e599d0957f763ca023ce4,capture_20260907T024046547538Z_34076894728_1_c8f44f7af460,matchup_efc52791a801f4be7db8f27634cf0bb8892c9d043aa415db2ff02c6293d01725,,638cfec7ec559d6e,6fd953151d981979,9f5609dba6584ab2,JJ Aldrich,Regina Tarin,2026-09-12,timestamp,2026-09-12T19:15:00.000000Z,2026-09-07T01:57:34.000000Z,0.37247479,47629589f1b2a613c3cd,point-in-time-elo-logistic-v2,2026-09-05,date,3689313332292f6897fc0d74272a2c35f42b6ad7,native_probability,
1,735d1f1674aeade73dc34523f33abe5e5ffe9a404e2d5460b15c27e55f776fd3,capture_20260907T024046547538Z_34076894728_1_c8f44f7af460,matchup_c64265c64920cec9a00bd1f9240a24eed73020e493f2b7d88bb0c8477a8eaf14,,638cfec7ec559d6e,5ef94841c4bc3f86,c96d9178c9ed9e62,Edgar Chairez,Tim Elliott,2026-09-12,timestamp,2026-09-12T19:15:00.000000Z,2026-09-07T01:57:34.000000Z,0.5435981336,47629589f1b2a613c3cd,point-in-time-elo-logistic-v2,2026-09-05,date,3689313332292f6897fc0d74272a2c35f42b6ad7,native_probability,
1,a18892e9b9423e79b8bd249bcc514173fe8b710cb8ffb679fe00e375a22a26fb,capture_20260907T024046547538Z_34076894728_1_c8f44f7af460,matchup_f3409c8960623b60db41650f26f238caea2b314befb8164c73c2b21187a7deb4,,638cfec7ec559d6e,82a5152216251682,9a97acbfd5a08bfa,Dan Ige,David Martinez,2026-09-12,timestamp,2026-09-12T19:15:00.000000Z,2026-09-07T01:57:34.000000Z,0.22477196109999997,47629589f1b2a613c3cd,point-in-time-elo-logistic-v2,2026-09-05,date,3689313332292f6897fc0d74272a2c35f42b6ad7,native_probability,
1,c705be45445f6ce7bc722c393eba2455fbd48f062389459a32daf8fc16c60f41,capture_20260907T024046547538Z_34076894728_1_c8f44f7af460,matchup_b464e7f36dcad5cc9c276270b36003a7ccb1aa0ec8407c2b3ef8618a633f4a75,,638cfec7ec559d6e,34ff304266360297,e8b731feff72294b,Manon Fiorot,Alexa Grasso,2026-09-12,timestamp,2026-09-12T19:15:00.000000Z,2026-09-07T01:57:34.000000Z,0.6586839008,47629589f1b2a613c3cd,point-in-time-elo-logistic-v2,2026-09-05,date,3689313332292f6897fc0d74272a2c35f42b6ad7,native_probability,
1,ceac7b17f4060aa268de260f3479505a1696c3dd467ea0c9694066b0a67a62cd,capture_20260907T024046547538Z_34076894728_1_c8f44f7af460,matchup_abc39e40cf108721027025feb07e881cfd6cdcf3cbb5ac9f60e3b80d0b606c6b,,638cfec7ec559d6e,fa6796c55d6c5440,fc08099550072fe4,Curtis Blaydes,Waldo Cortes Acosta,2026-09-12,timestamp,2026-09-12T19:15:00.000000Z,2026-09-07T01:57:34.000000Z,0.5948746443999999,47629589f1b2a613c3cd,point-in-time-elo-logistic-v2,2026-09-05,date,3689313332292f6897fc0d74272a2c35f42b6ad7,native_probability,
1,16630f754d4b7321d0b01f60ba89447d9b8149c1bacab84e282f4ae9ead19af5,capture_20260908T043410628785Z_34187213392_1_f59f20d5d95a,matchup_1795f0f9b8401650217d3518f508681af01a56f2d856f666f6a286be6bb24b4e,,638cfec7ec559d6e,447f9858ae78f921,e4a47b07044ddd72,Muslim Salikhov,Ignacio Bahamondes,2026-09-12,timestamp,2026-09-12T19:15:00.000000Z,2026-09-07T01:57:34.000000Z,0.31574734409999994,47629589f1b2a613c3cd,point-in-time-elo-logistic-v2,2026-09-05,date,3689313332292f6897fc0d74272a2c35f42b6ad7,native_probability,
1,2427533fdb93f2b2123a8f95a30ccd717014c20a246bdaba363fdd1d88fe121b,capture_20260908T043410628785Z_34187213392_1_f59f20d5d95a,matchup_8b54193e4f8a1587878a18998f44d167604b46e87b456e16b350cf7661b60711,,638cfec7ec559d6e,a13d755965a4ec9f,e132d47bd9efbbe0,Rongzhu,Rafa Garcia,2026-09-12,timestamp,2026-09-12T19:15:00.000000Z,2026-09-07T01:57:34.000000Z,0.3694565193,47629589f1b2a613c3cd,point-in-time-elo-logistic-v2,2026-09-05,date,3689313332292f6897fc0d74272a2c35f42b6ad7,native_probability,
1,7aa8e5f4434300b3a20f0a05ff5fda749a969bb5f24d2602ded62374dcfd80bb,capture_20260908T043410628785Z_34187213392_1_f59f20d5d95a,matchup_d2991ba39eeb0b23aafb0230892c0807c82ad3247da4834b997399065a0f2efb,,638cfec7ec559d6e,2fe9032955c2e013,792be9a24df82ed6,Joseph Morales,Brandon Moreno,2026-09-12,timestamp,2026-09-12T19:15:00.000000Z,2026-09-07T01:57:34.000000Z,0.3307602419,47629589f1b2a613c3cd,point-in-time-elo-logistic-v2,2026-09-05,date,3689313332292f6897fc0d74272a2c35f42b6ad7,native_probability,
1,b350f051cee71175556b0e3a530d1935a0fc18c27bc7785e492cb335d93f0940,capture_20260908T043410628785Z_34187213392_1_f59f20d5d95a,matchup_c64265c64920cec9a00bd1f9240a24eed73020e493f2b7d88bb0c8477a8eaf14,,638cfec7ec559d6e,5ef94841c4bc3f86,c96d9178c9ed9e62,Edgar Chairez,Tim Elliott,2026-09-12,timestamp,2026-09-12T19:15:00.000000Z,2026-09-07T01:57:34.000000Z,0.5435981336,47629589f1b2a613c3cd,point-in-time-elo-logistic-v2,2026-09-05,date,3689313332292f6897fc0d74272a2c35f42b6ad7,native_probability,
1,b3905087266feac6358d9c93d3f189bcf4b675706dd5de945eb5f9ca152ca660,capture_20260908T043410628785Z_34187213392_1_f59f20d5d95a,matchup_abc39e40cf108721027025feb07e881cfd6cdcf3cbb5ac9f60e3b80d0b606c6b,,638cfec7ec559d6e,fa6796c55d6c5440,fc08099550072fe4,Curtis Blaydes,Waldo Cortes Acosta,2026-09-12,timestamp,2026-09-12T19:15:00.000000Z,2026-09-07T01:57:34.000000Z,0.5948746443999999,47629589f1b2a613c3cd,point-in-time-elo-logistic-v2,2026-09-05,date,3689313332292f6897fc0d74272a2c35f42b6ad7,native_probability,
1,b52a829694cf57aeb6e4263a964d1703025d644e587b13c4e4d2551b7ea0c275,capture_20260908T043410628785Z_34187213392_1_f59f20d5d95a,matchup_b464e7f36dcad5cc9c276270b36003a7ccb1aa0ec8407c2b3ef8618a633f4a75,,638cfec7ec559d6e,34ff304266360297,e8b731feff72294b,Manon Fiorot,Alexa Grasso,2026-09-12,timestamp,2026-09-12T19:15:00.000000Z,2026-09-07T01:57:34.000000Z,0.6586839008,47629589f1b2a613c3cd,point-in-time-elo-logistic-v2,2026-09-05,date,3689313332292f6897fc0d74272a2c35f42b6ad7,native_probability,
1,bc72c416e1e143cb6a211ff23a355884f9f8df652e6c152614bc3f3892c2ad30,capture_20260908T043410628785Z_34187213392_1_f59f20d5d95a,matchup_66db0c6413cc98507cd0e1876233d66b36cf6017b3a96e40b1fd60441fcffa0f,,638cfec7ec559d6e,52ef95b5860fb28c,7d6ceff6747f2de2,Jean Silva,Jose Delgado,2026-09-12,timestamp,2026-09-12T19:15:00.000000Z,2026-09-07T01:57:34.000000Z,0.452494084,47629589f1b2a613c3cd,point-in-time-elo-logistic-v2,2026-09-05,date,3689313332292f6897fc0d74272a2c35f42b6ad7,native_probability,
1,c75145cd5532487959ba5be2c1811d25c7afb2344c3326f769d4d461b62a866c,capture_20260908T043410628785Z_34187213392_1_f59f20d5d95a,matchup_efc52791a801f4be7db8f27634cf0bb8892c9d043aa415db2ff02c6293d01725,,638cfec7ec559d6e,6fd953151d981979,9f5609dba6584ab2,JJ Aldrich,Regina Tarin,2026-09-12,timestamp,2026-09-12T19:15:00.000000Z,2026-09-07T01:57:34.000000Z,0.37247479,47629589f1b2a613c3cd,point-in-time-elo-logistic-v2,2026-09-05,date,3689313332292f6897fc0d74272a2c35f42b6ad7,native_probability,
1,d52bc9fe8d6dfef75af2572e5f05d469be3a0ba74584d21618d184a9f4cf4f1e,capture_20260908T043410628785Z_34187213392_1_f59f20d5d95a,matchup_937f5cfa3486c033c8191c9de80a2cc81dec1d3ce7f087edbd9121364a4239a3,,638cfec7ec559d6e,6b0a6def604de298,6eedb757f13b9978,Tommy McMillen,Marwan Rahiki,2026-09-12,timestamp,2026-09-12T19:15:00.000000Z,2026-09-07T01:57:34.000000Z,0.6099133219,47629589f1b2a613c3cd,point-in-time-elo-logistic-v2,2026-09-05,date,3689313332292f6897fc0d74272a2c35f42b6ad7,native_probability,
1,d9b2d7e275528e1e8e416d1dc18dc28dc6fd51a362fd5ac25a3780ba06b50026,capture_20260908T043410628785Z_34187213392_1_f59f20d5d95a,matchup_9c495107c2bd33322a572d2016024690b02d02d2d0cc09fb890650971126b860,,638cfec7ec559d6e,312f7d7b2b2f7de4,7674b836ce0698a0,Djorden Santos,Yousri Belgaroui,2026-09-12,timestamp,2026-09-12T19:15:00.000000Z,2026-09-07T01:57:34.000000Z,0.10785917010000001,47629589f1b2a613c3cd,point-in-time-elo-logistic-v2,2026-09-05,date,3689313332292f6897fc0d74272a2c35f42b6ad7,native_probability,
1,e790d71743f8cee3234ae77b36ed064a9f93abf77155fbf4d9c2ef76e3e3aec6,capture_20260908T043410628785Z_34187213392_1_f59f20d5d95a,matchup_f3409c8960623b60db41650f26f238caea2b314befb8164c73c2b21187a7deb4,,638cfec7ec559d6e,82a5152216251682,9a97acbfd5a08bfa,Dan Ige,David Martinez,2026-09-12,timestamp,2026-09-12T19:15:00.000000Z,2026-09-07T01:57:34.000000Z,0.22477196109999997,47629589f1b2a613c3cd,point-in-time-elo-logistic-v2,2026-09-05,date,3689313332292f6897fc0d74272a2c35f42b6ad7,native_probability,
1,01fd74e8e829d23d42e1124d8cceb285df99d0ae4b6c5a97278c704dc79fd38a,capture_20260908T172902153664Z_34257014604_1_8cf8769ab883,matchup_1795f0f9b8401650217d3518f508681af01a56f2d856f666f6a286be6bb24b4e,,638cfec7ec559d6e,447f9858ae78f921,e4a47b07044ddd72,Muslim Salikhov,Ignacio Bahamondes,2026-09-12,timestamp,2026-09-12T19:15:00.000000Z,2026-09-07T01:57:34.000000Z,0.31574734409999994,47629589f1b2a613c3cd,point-in-time-elo-logistic-v2,2026-09-05,date,3689313332292f6897fc0d74272a2c35f42b6ad7,native_probability,
1,0576c566eb02be271f79d18a364fcbd8e154839e8450832ad36c94846d083e0d,capture_20260908T172902153664Z_34257014604_1_8cf8769ab883,matchup_b464e7f36dcad5cc9c276270b36003a7ccb1aa0ec8407c2b3ef8618a633f4a75,,638cfec7ec559d6e,34ff304266360297,e8b731feff72294b,Manon Fiorot,Alexa Grasso,2026-09-12,timestamp,2026-09-12T19:15:00.000000Z,2026-09-07T01:57:34.000000Z,0.6586839008,47629589f1b2a613c3cd,point-in-time-elo-logistic-v2,2026-09-05,date,3689313332292f6897fc0d74272a2c35f42b6ad7,native_probability,
1,147bb5d137da6c22524afd45e9d1f26613d316eafb04e6eb40a475a810257441,capture_20260908T172902153664Z_34257014604_1_8cf8769ab883,matchup_8b54193e4f8a1587878a18998f44d167604b46e87b456e16b350cf7661b60711,,638cfec7ec559d6e,a13d755965a4ec9f,e132d47bd9efbbe0,Rongzhu,Rafa Garcia,2026-09-12,timestamp,2026-09-12T19:15:00.000000Z,2026-09-07T01:57:34.000000Z,0.3694565193,47629589f1b2a613c3cd,point-in-time-elo-logistic-v2,2026-09-05,date,3689313332292f6897fc0d74272a2c35f42b6ad7,native_probability,
1,2295f93a22254403b08c7ec3e9c52d1b5420e90d09f6eb644039ed48a125cda1,capture_20260908T172902153664Z_34257014604_1_8cf8769ab883,matchup_efc52791a801f4be7db8f27634cf0bb8892c9d043aa415db2ff02c6293d01725,,638cfec7ec559d6e,6fd953151d981979,9f5609dba6584ab2,JJ Aldrich,Regina Tarin,2026-09-12,timestamp,2026-09-12T19:15:00.000000Z,2026-09-07T01:57:34.000000Z,0.37247479,47629589f1b2a613c3cd,point-in-time-elo-logistic-v2,2026-09-05,date,3689313332292f6897fc0d74272a2c35f42b6ad7,native_probability,
1,3dea6c019107f0fdadbc9d1bbf64e20f3af41a02910bc8e954e643e3da50810c,capture_20260908T172902153664Z_34257014604_1_8cf8769ab883,matchup_9c495107c2bd33322a572d2016024690b02d02d2d0cc09fb890650971126b860,,638cfec7ec559d6e,312f7d7b2b2f7de4,7674b836ce0698a0,Djorden Santos,Yousri Belgaroui,2026-09-12,timestamp,2026-09-12T19:15:00.000000Z,2026-09-07T01:57:34.000000Z,0.10785917010000001,47629589f1b2a613c3cd,point-in-time-elo-logistic-v2,2026-09-05,date,3689313332292f6897fc0d74272a2c35f42b6ad7,native_probability,
1,46049c6950e1d0a6cbdb417fe49c1f4db5bb42bf73ee4a3ecfff68ca2b05b1b4,capture_20260908T172902153664Z_34257014604_1_8cf8769ab883,matchup_f3409c8960623b60db41650f26f238caea2b314befb8164c73c2b21187a7deb4,,638cfec7ec559d6e,82a5152216251682,9a97acbfd5a08bfa,Dan Ige,David Martinez,2026-09-12,timestamp,2026-09-12T19:15:00.000000Z,2026-09-07T01:57:34.000000Z,0.22477196109999997,47629589f1b2a613c3cd,point-in-time-elo-logistic-v2,2026-09-05,date,3689313332292f6897fc0d74272a2c35f42b6ad7,native_probability,
1,69b273a03be96eb3f6b4d17fbe760ac323710983a0c6f5feee20f5afd57395bf,capture_20260908T172902153664Z_34257014604_1_8cf8769ab883,matchup_c64265c64920cec9a00bd1f9240a24eed73020e493f2b7d88bb0c8477a8eaf14,,638cfec7ec559d6e,5ef94841c4bc3f86,c96d9178c9ed9e62,Edgar Chairez,Tim Elliott,2026-09-12,timestamp,2026-09-12T19:15:00.000000Z,2026-09-07T01:57:34.000000Z,0.5435981336,47629589f1b2a613c3cd,point-in-time-elo-logistic-v2,2026-09-05,date,3689313332292f6897fc0d74272a2c35f42b6ad7,native_probability,
1,9cd8525706ccfabc80a3eb67aafbf633f791ee9cb2a196f499f4eace9564e84e,capture_20260908T172902153664Z_34257014604_1_8cf8769ab883,matchup_d2991ba39eeb0b23aafb0230892c0807c82ad3247da4834b997399065a0f2efb,,638cfec7ec559d6e,2fe9032955c2e013,792be9a24df82ed6,Joseph Morales,Brandon Moreno,2026-09-12,timestamp,2026-09-12T19:15:00.000000Z,2026-09-07T01:57:34.000000Z,0.3307602419,47629589f1b2a613c3cd,point-in-time-elo-logistic-v2,2026-09-05,date,3689313332292f6897fc0d74272a2c35f42b6ad7,native_probability,
1,a59ae152aff0d39f9fea1e3a4481e69bdb10f192ae281eb0a5ef029943d2647f,capture_20260908T172902153664Z_34257014604_1_8cf8769ab883,matchup_abc39e40cf108721027025feb07e881cfd6cdcf3cbb5ac9f60e3b80d0b606c6b,,638cfec7ec559d6e,fa6796c55d6c5440,fc08099550072fe4,Curtis Blaydes,Waldo Cortes Acosta,2026-09-12,timestamp,2026-09-12T19:15:00.000000Z,2026-09-07T01:57:34.000000Z,0.5948746443999999,47629589f1b2a613c3cd,point-in-time-elo-logistic-v2,2026-09-05,date,3689313332292f6897fc0d74272a2c35f42b6ad7,native_probability,
1,b272cad10e3eaa6082a30fe08ecefd9374a8e0412131e9a7439a7c690f246fa1,capture_20260908T172902153664Z_34257014604_1_8cf8769ab883,matchup_66db0c6413cc98507cd0e1876233d66b36cf6017b3a96e40b1fd60441fcffa0f,,638cfec7ec559d6e,52ef95b5860fb28c,7d6ceff6747f2de2,Jean Silva,Jose Delgado,2026-09-12,timestamp,2026-09-12T19:15:00.000000Z,2026-09-07T01:57:34.000000Z,0.452494084,47629589f1b2a613c3cd,point-in-time-elo-logistic-v2,2026-09-05,date,3689313332292f6897fc0d74272a2c35f42b6ad7,native_probability,
1,fee21407a5723c4449a2acc603361c8aecd71c3f761e26188a72e7c437e82e75,capture_20260908T172902153664Z_34257014604_1_8cf8769ab883,matchup_937f5cfa3486c033c8191c9de80a2cc81dec1d3ce7f087edbd9121364a4239a3,,638cfec7ec559d6e,6b0a6def604de298,6eedb757f13b9978,Tommy McMillen,Marwan Rahiki,2026-09-12,timestamp,2026-09-12T19:15:00.000000Z,2026-09-07T01:57:34.000000Z,0.6099133219,47629589f1b2a613c3cd,point-in-time-elo-logistic-v2,2026-09-05,date,3689313332292f6897fc0d74272a2c35f42b6ad7,native_probability,
1,14b395e354d9b582c7ac8914fecf2a3035c7402ade63dc2cf02e13131c633183,capture_20260908T232711512699Z_34290406872_1_1688c802af41,matchup_1795f0f9b8401650217d3518f508681af01a56f2d856f666f6a286be6bb24b4e,,638cfec7ec559d6e,447f9858ae78f921,e4a47b07044ddd72,Muslim Salikhov,Ignacio Bahamondes,2026-09-12,timestamp,2026-09-12T19:15:00.000000Z,2026-09-07T01:57:34.000000Z,0.31574734409999994,47629589f1b2a613c3cd,point-in-time-elo-logistic-v2,2026-09-05,date,3689313332292f6897fc0d74272a2c35f42b6ad7,native_probability,
1,2abffe109da25ce262002d4520376270586f70d612c540e6451fcf0ae8d93a6a,capture_20260908T232711512699Z_34290406872_1_1688c802af41,matchup_9c495107c2bd33322a572d2016024690b02d02d2d0cc09fb890650971126b860,,638cfec7ec559d6e,312f7d7b2b2f7de4,7674b836ce0698a0,Djorden Santos,Yousri Belgaroui,2026-09-12,timestamp,2026-09-12T19:15:00.000000Z,2026-09-07T01:57:34.000000Z,0.10785917010000001,47629589f1b2a613c3cd,point-in-time-elo-logistic-v2,2026-09-05,date,3689313332292f6897fc0d74272a2c35f42b6ad7,native_probability,
1,2b45afce59b86cf99585ef33687f692611ee73c8a7a6b20404745eac9b70cad4,capture_20260908T232711512699Z_34290406872_1_1688c802af41,matchup_937f5cfa3486c033c8191c9de80a2cc81dec1d3ce7f087edbd9121364a4239a3,,638cfec7ec559d6e,6b0a6def604de298,6eedb757f13b9978,Tommy McMillen,Marwan Rahiki,2026-09-12,timestamp,2026-09-12T19:15:00.000000Z,2026-09-07T01:57:34.000000Z,0.6099133219,47629589f1b2a613c3cd,point-in-time-elo-logistic-v2,2026-09-05,date,3689313332292f6897fc0d74272a2c35f42b6ad7,native_probability,
1,498500c8f238ae0fa0843d6c2951dc48ada7413968e545e9002700e8a7b5cf69,capture_20260908T232711512699Z_34290406872_1_1688c802af41,matchup_abc39e40cf108721027025feb07e881cfd6cdcf3cbb5ac9f60e3b80d0b606c6b,,638cfec7ec559d6e,fa6796c55d6c5440,fc08099550072fe4,Curtis Blaydes,Waldo Cortes Acosta,2026-09-12,timestamp,2026-09-12T19:15:00.000000Z,2026-09-07T01:57:34.000000Z,0.5948746443999999,47629589f1b2a613c3cd,point-in-time-elo-logistic-v2,2026-09-05,date,3689313332292f6897fc0d74272a2c35f42b6ad7,native_probability,
1,6ed796547f66f0cbc272172d497c3e376bf0aa0cbfbbcf3fcfa6256a4846b8dc,capture_20260908T232711512699Z_34290406872_1_1688c802af41,matchup_c64265c64920cec9a00bd1f9240a24eed73020e493f2b7d88bb0c8477a8eaf14,,638cfec7ec559d6e,5ef94841c4bc3f86,c96d9178c9ed9e62,Edgar Chairez,Tim Elliott,2026-09-12,timestamp,2026-09-12T19:15:00.000000Z,2026-09-07T01:57:34.000000Z,0.5435981336,47629589f1b2a613c3cd,point-in-time-elo-logistic-v2,2026-09-05,date,3689313332292f6897fc0d74272a2c35f42b6ad7,native_probability,
1,7ab235bd10af06d15c3e1869e3a7d34f29389f27b7bdc25ddf3905cc13cec6ba,capture_20260908T232711512699Z_34290406872_1_1688c802af41,matchup_b464e7f36dcad5cc9c276270b36003a7ccb1aa0ec8407c2b3ef8618a633f4a75,,638cfec7ec559d6e,34ff304266360297,e8b731feff72294b,Manon Fiorot,Alexa Grasso,2026-09-12,timestamp,2026-09-12T19:15:00.000000Z,2026-09-07T01:57:34.000000Z,0.6586839008,47629589f1b2a613c3cd,point-in-time-elo-logistic-v2,2026-09-05,date,3689313332292f6897fc0d74272a2c35f42b6ad7,native_probability,
1,a64a336c99e6bf8c03e00cd7e798d7d6379170936e1aaeaa87b3f144d2cb1014,capture_20260908T232711512699Z_34290406872_1_1688c802af41,matchup_f3409c8960623b60db41650f26f238caea2b314befb8164c73c2b21187a7deb4,,638cfec7ec559d6e,82a5152216251682,9a97acbfd5a08bfa,Dan Ige,David Martinez,2026-09-12,timestamp,2026-09-12T19:15:00.000000Z,2026-09-07T01:57:34.000000Z,0.22477196109999997,47629589f1b2a613c3cd,point-in-time-elo-logistic-v2,2026-09-05,date,3689313332292f6897fc0d74272a2c35f42b6ad7,native_probability,
1,b683589bbe8fffb7ea2c5106a6403d86275c0194b04d20dd320cc196532fd7cc,capture_20260908T232711512699Z_34290406872_1_1688c802af41,matchup_d2991ba39eeb0b23aafb0230892c0807c82ad3247da4834b997399065a0f2efb,,638cfec7ec559d6e,2fe9032955c2e013,792be9a24df82ed6,Joseph Morales,Brandon Moreno,2026-09-12,timestamp,2026-09-12T19:15:00.000000Z,2026-09-07T01:57:34.000000Z,0.3307602419,47629589f1b2a613c3cd,point-in-time-elo-logistic-v2,2026-09-05,date,3689313332292f6897fc0d74272a2c35f42b6ad7,native_probability,
1,bd039ca0199429cb418f98ccecbf653324ab94f25df2011bab4f9ce642c0732f,capture_20260908T232711512699Z_34290406872_1_1688c802af41,matchup_66db0c6413cc98507cd0e1876233d66b36cf6017b3a96e40b1fd60441fcffa0f,,638cfec7ec559d6e,52ef95b5860fb28c,7d6ceff6747f2de2,Jean Silva,Jose Delgado,2026-09-12,timestamp,2026-09-12T19:15:00.000000Z,2026-09-07T01:57:34.000000Z,0.452494084,47629589f1b2a613c3cd,point-in-time-elo-logistic-v2,2026-09-05,date,3689313332292f6897fc0d74272a2c35f42b6ad7,native_probability,
1,d6551744ac693861ef32c3c75ce652ae0f71eab1f03825d1863217de8e50db1b,capture_20260908T232711512699Z_34290406872_1_1688c802af41,matchup_efc52791a801f4be7db8f27634cf0bb8892c9d043aa415db2ff02c6293d01725,,638cfec7ec559d6e,6fd953151d981979,9f5609dba6584ab2,JJ Aldrich,Regina Tarin,2026-09-12,timestamp,2026-09-12T19:15:00.000000Z,2026-09-07T01:57:34.000000Z,0.37247479,47629589f1b2a613c3cd,point-in-time-elo-logistic-v2,2026-09-05,date,3689313332292f6897fc0d74272a2c35f42b6ad7,native_probability,
1,f8ec03661852173e173e00c26763b01e1384df72d37cf16398aed389370dda38,capture_20260908T232711512699Z_34290406872_1_1688c802af41,matchup_8b54193e4f8a1587878a18998f44d167604b46e87b456e16b350cf7661b60711,,638cfec7ec559d6e,a13d755965a4ec9f,e132d47bd9efbbe0,Rongzhu,Rafa Garcia,2026-09-12,timestamp,2026-09-12T19:15:00.000000Z,2026-09-07T01:57:34.000000Z,0.3694565193,47629589f1b2a613c3cd,point-in-time-elo-logistic-v2,2026-09-05,date,3689313332292f6897fc0d74272a2c35f42b6ad7,native_probability,
1,11ad0da0baf696be1a417c611acde05e635b12523ed68fa3d7d720e546c53067,capture_20260909T172828677092Z_34382717355_1_16b8b5d33e82,matchup_66db0c6413cc98507cd0e1876233d66b36cf6017b3a96e40b1fd60441fcffa0f,,638cfec7ec559d6e,52ef95b5860fb28c,7d6ceff6747f2de2,Jean Silva,Jose Delgado,2026-09-12,timestamp,2026-09-12T18:10:00.000000Z,2026-09-07T01:57:34.000000Z,0.452494084,47629589f1b2a613c3cd,point-in-time-elo-logistic-v2,2026-09-05,date,3689313332292f6897fc0d74272a2c35f42b6ad7,native_probability,
1,17e48be6a8de9a7597ebdbf82539cd6d4693b9ae79688ee3906b3e3660e0e337,capture_20260909T172828677092Z_34382717355_1_16b8b5d33e82,matchup_d2991ba39eeb0b23aafb0230892c0807c82ad3247da4834b997399065a0f2efb,,638cfec7ec559d6e,2fe9032955c2e013,792be9a24df82ed6,Joseph Morales,Brandon Moreno,2026-09-12,timestamp,2026-09-12T18:10:00.000000Z,2026-09-07T01:57:34.000000Z,0.3307602419,47629589f1b2a613c3cd,point-in-time-elo-logistic-v2,2026-09-05,date,3689313332292f6897fc0d74272a2c35f42b6ad7,native_probability,
1,22e3a64d18f39f232ae60c4f884a7d4e372ff3dbd53bcb103d16f57ad92c0616,capture_20260909T172828677092Z_34382717355_1_16b8b5d33e82,matchup_f3409c8960623b60db41650f26f238caea2b314befb8164c73c2b21187a7deb4,,638cfec7ec559d6e,82a5152216251682,9a97acbfd5a08bfa,Dan Ige,David Martinez,2026-09-12,timestamp,2026-09-12T18:10:00.000000Z,2026-09-07T01:57:34.000000Z,0.22477196109999997,47629589f1b2a613c3cd,point-in-time-elo-logistic-v2,2026-09-05,date,3689313332292f6897fc0d74272a2c35f42b6ad7,native_probability,
1,2d6cfb2934e1f90959ea69ac3607c4b30747cde72ee2b75563e22eda12b06657,capture_20260909T172828677092Z_34382717355_1_16b8b5d33e82,matchup_1795f0f9b8401650217d3518f508681af01a56f2d856f666f6a286be6bb24b4e,,638cfec7ec559d6e,447f9858ae78f921,e4a47b07044ddd72,Muslim Salikhov,Ignacio Bahamondes,2026-09-12,timestamp,2026-09-12T18:10:00.000000Z,2026-09-07T01:57:34.000000Z,0.31574734409999994,47629589f1b2a613c3cd,point-in-time-elo-logistic-v2,2026-09-05,date,3689313332292f6897fc0d74272a2c35f42b6ad7,native_probability,
1,307cc5d3012f55663984c1bb7e5a805b44bd24ec9fef8af8eee4b4679731a8df,capture_20260909T172828677092Z_34382717355_1_16b8b5d33e82,matchup_efc52791a801f4be7db8f27634cf0bb8892c9d043aa415db2ff02c6293d01725,,638cfec7ec559d6e,6fd953151d981979,9f5609dba6584ab2,JJ Aldrich,Regina Tarin,2026-09-12,timestamp,2026-09-12T18:10:00.000000Z,2026-09-07T01:57:34.000000Z,0.37247479,47629589f1b2a613c3cd,point-in-time-elo-logistic-v2,2026-09-05,date,3689313332292f6897fc0d74272a2c35f42b6ad7,native_probability,
1,535e66d3d6f490e6e47ae1c935a28001267eb1e0a657c489ffefe9d23835fc20,capture_20260909T172828677092Z_34382717355_1_16b8b5d33e82,matchup_9c495107c2bd33322a572d2016024690b02d02d2d0cc09fb890650971126b860,,638cfec7ec559d6e,312f7d7b2b2f7de4,7674b836ce0698a0,Djorden Santos,Yousri Belgaroui,2026-09-12,timestamp,2026-09-12T18:10:00.000000Z,2026-09-07T01:57:34.000000Z,0.10785917010000001,47629589f1b2a613c3cd,point-in-time-elo-logistic-v2,2026-09-05,date,3689313332292f6897fc0d74272a2c35f42b6ad7,native_probability,
1,56c83093709a624495b4b6a9c4a7dec0f4e91723940f8d182cdf3fb3a140f8f9,capture_20260909T172828677092Z_34382717355_1_16b8b5d33e82,matchup_abc39e40cf108721027025feb07e881cfd6cdcf3cbb5ac9f60e3b80d0b606c6b,,638cfec7ec559d6e,fa6796c55d6c5440,fc08099550072fe4,Curtis Blaydes,Waldo Cortes Acosta,2026-09-12,timestamp,2026-09-12T18:10:00.000000Z,2026-09-07T01:57:34.000000Z,0.5948746443999999,47629589f1b2a613c3cd,point-in-time-elo-logistic-v2,2026-09-05,date,3689313332292f6897fc0d74272a2c35f42b6ad7,native_probability,
1,6f6ba2863c63a64e67e06b07547d7bd1e9f1c6d0f4c9abe8f758b3ca8f7c7655,capture_20260909T172828677092Z_34382717355_1_16b8b5d33e82,matchup_b464e7f36dcad5cc9c276270b36003a7ccb1aa0ec8407c2b3ef8618a633f4a75,,638cfec7ec559d6e,34ff304266360297,e8b731feff72294b,Manon Fiorot,Alexa Grasso,2026-09-12,timestamp,2026-09-12T18:10:00.000000Z,2026-09-07T01:57:34.000000Z,0.6586839008,47629589f1b2a613c3cd,point-in-time-elo-logistic-v2,2026-09-05,date,3689313332292f6897fc0d74272a2c35f42b6ad7,native_probability,
1,965d05e98eb36f517e5099cd7b1aff422edf5fcbbc08b78945642d5ded738eef,capture_20260909T172828677092Z_34382717355_1_16b8b5d33e82,matchup_937f5cfa3486c033c8191c9de80a2cc81dec1d3ce7f087edbd9121364a4239a3,,638cfec7ec559d6e,6b0a6def604de298,6eedb757f13b9978,Tommy McMillen,Marwan Rahiki,2026-09-12,timestamp,2026-09-12T18:10:00.000000Z,2026-09-07T01:57:34.000000Z,0.6099133219,47629589f1b2a613c3cd,point-in-time-elo-logistic-v2,2026-09-05,date,3689313332292f6897fc0d74272a2c35f42b6ad7,native_probability,
1,9993a8d8ad857cdd34215f3d93563b3d76b4332b732b909112a3c3d2ea728a7e,capture_20260909T172828677092Z_34382717355_1_16b8b5d33e82,matchup_c64265c64920cec9a00bd1f9240a24eed73020e493f2b7d88bb0c8477a8eaf14,,638cfec7ec559d6e,5ef94841c4bc3f86,c96d9178c9ed9e62,Edgar Chairez,Tim Elliott,2026-09-12,timestamp,2026-09-12T18:10:00.000000Z,2026-09-07T01:57:34.000000Z,0.5435981336,47629589f1b2a613c3cd,point-in-time-elo-logistic-v2,2026-09-05,date,3689313332292f6897fc0d74272a2c35f42b6ad7,native_probability,
1,b2d4e22c84d7d756308cc189323a74ec6e3a92336ca76480725ac3393ef90231,capture_20260909T172828677092Z_34382717355_1_16b8b5d33e82,matchup_8b54193e4f8a1587878a18998f44d167604b46e87b456e16b350cf7661b60711,,638cfec7ec559d6e,a13d755965a4ec9f,e132d47bd9efbbe0,Rongzhu,Rafa Garcia,2026-09-12,timestamp,2026-09-12T18:10:00.000000Z,2026-09-07T01:57:34.000000Z,0.3694565193,47629589f1b2a613c3cd,point-in-time-elo-logistic-v2,2026-09-05,date,3689313332292f6897fc0d74272a2c35f42b6ad7,native_probability,
1,17989f4a64156e7a2280cbec21af82404b7df6eed3c137bd4de9934c1a441899,capture_20260909T232731822793Z_34416726371_1_f001c0702a55,matchup_abc39e40cf108721027025feb07e881cfd6cdcf3cbb5ac9f60e3b80d0b606c6b,,638cfec7ec559d6e,fa6796c55d6c5440,fc08099550072fe4,Curtis Blaydes,Waldo Cortes Acosta,2026-09-12,timestamp,2026-09-12T18:10:00.000000Z,2026-09-07T01:57:34.000000Z,0.5948746443999999,47629589f1b2a613c3cd,point-in-time-elo-logistic-v2,2026-09-05,date,3689313332292f6897fc0d74272a2c35f42b6ad7,native_probability,
1,74403fd3c2d3e52c3a7118db8e735c8866c302264fa9ed83c887f9ea20197a89,capture_20260909T232731822793Z_34416726371_1_f001c0702a55,matchup_f3409c8960623b60db41650f26f238caea2b314befb8164c73c2b21187a7deb4,,638cfec7ec559d6e,82a5152216251682,9a97acbfd5a08bfa,Dan Ige,David Martinez,2026-09-12,timestamp,2026-09-12T18:10:00.000000Z,2026-09-07T01:57:34.000000Z,0.22477196109999997,47629589f1b2a613c3cd,point-in-time-elo-logistic-v2,2026-09-05,date,3689313332292f6897fc0d74272a2c35f42b6ad7,native_probability,
1,8359a7f3696f5ae595d9a0f50c9a0f5a124852ff5c3c078821463676c73710f3,capture_20260909T232731822793Z_34416726371_1_f001c0702a55,matchup_c64265c64920cec9a00bd1f9240a24eed73020e493f2b7d88bb0c8477a8eaf14,,638cfec7ec559d6e,5ef94841c4bc3f86,c96d9178c9ed9e62,Edgar Chairez,Tim Elliott,2026-09-12,timestamp,2026-09-12T18:10:00.000000Z,2026-09-07T01:57:34.000000Z,0.5435981336,47629589f1b2a613c3cd,point-in-time-elo-logistic-v2,2026-09-05,date,3689313332292f6897fc0d74272a2c35f42b6ad7,native_probability,
1,89c52959d5781a07435552fd35e09343c95a359721431f769ead2b1de552dcef,capture_20260909T232731822793Z_34416726371_1_f001c0702a55,matchup_d2991ba39eeb0b23aafb0230892c0807c82ad3247da4834b997399065a0f2efb,,638cfec7ec559d6e,2fe9032955c2e013,792be9a24df82ed6,Joseph Morales,Brandon Moreno,2026-09-12,timestamp,2026-09-12T18:10:00.000000Z,2026-09-07T01:57:34.000000Z,0.3307602419,47629589f1b2a613c3cd,point-in-time-elo-logistic-v2,2026-09-05,date,3689313332292f6897fc0d74272a2c35f42b6ad7,native_probability,
1,9986b8c1c8405abfe67d45d511eef24e20e3046473ceb47f59617a0072bd29ef,capture_20260909T232731822793Z_34416726371_1_f001c0702a55,matchup_9c495107c2bd33322a572d2016024690b02d02d2d0cc09fb890650971126b860,,638cfec7ec559d6e,312f7d7b2b2f7de4,7674b836ce0698a0,Djorden Santos,Yousri Belgaroui,2026-09-12,timestamp,2026-09-12T18:10:00.000000Z,2026-09-07T01:57:34.000000Z,0.10785917010000001,47629589f1b2a613c3cd,point-in-time-elo-logistic-v2,2026-09-05,date,3689313332292f6897fc0d74272a2c35f42b6ad7,native_probability,
1,a3dcb1ff4d03e8f8c94a9a77a50f58cb64ed0b2ebb72ffd2751c903c786f5b9d,capture_20260909T232731822793Z_34416726371_1_f001c0702a55,matchup_66db0c6413cc98507cd0e1876233d66b36cf6017b3a96e40b1fd60441fcffa0f,,638cfec7ec559d6e,52ef95b5860fb28c,7d6ceff6747f2de2,Jean Silva,Jose Delgado,2026-09-12,timestamp,2026-09-12T18:10:00.000000Z,2026-09-07T01:57:34.000000Z,0.452494084,47629589f1b2a613c3cd,point-in-time-elo-logistic-v2,2026-09-05,date,3689313332292f6897fc0d74272a2c35f42b6ad7,native_probability,
1,bb943fa7b8e140574b4457325af1e18cad4dcce27bd3f6b4109cbf6224a22b14,capture_20260909T232731822793Z_34416726371_1_f001c0702a55,matchup_1795f0f9b8401650217d3518f508681af01a56f2d856f666f6a286be6bb24b4e,,638cfec7ec559d6e,447f9858ae78f921,e4a47b07044ddd72,Muslim Salikhov,Ignacio Bahamondes,2026-09-12,timestamp,2026-09-12T18:10:00.000000Z,2026-09-07T01:57:34.000000Z,0.31574734409999994,47629589f1b2a613c3cd,point-in-time-elo-logistic-v2,2026-09-05,date,3689313332292f6897fc0d74272a2c35f42b6ad7,native_probability,
1,cb304bd2d4c87ef292fe938cbfb5e5c0af09f6e996b49e8a0215864e4829d464,capture_20260909T232731822793Z_34416726371_1_f001c0702a55,matchup_b464e7f36dcad5cc9c276270b36003a7ccb1aa0ec8407c2b3ef8618a633f4a75,,638cfec7ec559d6e,34ff304266360297,e8b731feff72294b,Manon Fiorot,Alexa Grasso,2026-09-12,timestamp,2026-09-12T18:10:00.000000Z,2026-09-07T01:57:34.000000Z,0.6586839008,47629589f1b2a613c3cd,point-in-time-elo-logistic-v2,2026-09-05,date,3689313332292f6897fc0d74272a2c35f42b6ad7,native_probability,
1,d14bc74151418a6518690960ae833f1c4eeeaf0f81d14e5aa271d38f0dd354e7,capture_20260909T232731822793Z_34416726371_1_f001c0702a55,matchup_937f5cfa3486c033c8191c9de80a2cc81dec1d3ce7f087edbd9121364a4239a3,,638cfec7ec559d6e,6b0a6def604de298,6eedb757f13b9978,Tommy McMillen,Marwan Rahiki,2026-09-12,timestamp,2026-09-12T18:10:00.000000Z,2026-09-07T01:57:34.000000Z,0.6099133219,47629589f1b2a613c3cd,point-in-time-elo-logistic-v2,2026-09-05,date,3689313332292f6897fc0d74272a2c35f42b6ad7,native_probability,
1,d561fec3c6b9fa615027425139b5825c03a881a3af03afadd11c7836a98ac55b,capture_20260909T232731822793Z_34416726371_1_f001c0702a55,matchup_efc52791a801f4be7db8f27634cf0bb8892c9d043aa415db2ff02c6293d01725,,638cfec7ec559d6e,6fd953151d981979,9f5609dba6584ab2,JJ Aldrich,Regina Tarin,2026-09-12,timestamp,2026-09-12T18:10:00.000000Z,2026-09-07T01:57:34.000000Z,0.37247479,47629589f1b2a613c3cd,point-in-time-elo-logistic-v2,2026-09-05,date,3689313332292f6897fc0d74272a2c35f42b6ad7,native_probability,
1,deca67a912c87c78f119ff2596b280c4dc28698de626f3a1732ad09703a413aa,capture_20260909T232731822793Z_34416726371_1_f001c0702a55,matchup_8b54193e4f8a1587878a18998f44d167604b46e87b456e16b350cf7661b60711,,638cfec7ec559d6e,a13d755965a4ec9f,e132d47bd9efbbe0,Rongzhu,Rafa Garcia,2026-09-12,timestamp,2026-09-12T18:10:00.000000Z,2026-09-07T01:57:34.000000Z,0.3694565193,47629589f1b2a613c3cd,point-in-time-elo-logistic-v2,2026-09-05,date,3689313332292f6897fc0d74272a2c35f42b6ad7,native_probability,
1,1be1d2b0aecc17af9a704eeddab9cf2b5bb555a3a8e8077803e1997c60f90c71,capture_20260911T232744927329Z_34657892356_1_ff4bac27be49,matchup_efc52791a801f4be7db8f27634cf0bb8892c9d043aa415db2ff02c6293d01725,,638cfec7ec559d6e,6fd953151d981979,9f5609dba6584ab2,JJ Aldrich,Regina Tarin,2026-09-12,timestamp,2026-09-12T18:10:00.000000Z,2026-09-10T02:49:49.000000Z,0.37247479,398d253731ab18721c89,point-in-time-elo-logistic-v2,2026-09-05,date,b561bf611f2b36be66be15cbfc59195690ded379,native_probability,
1,21cf2dfb5738d9955df1b2c831109ffbb5730d34e8148e90e46d02ea1006747a,capture_20260911T232744927329Z_34657892356_1_ff4bac27be49,matchup_b464e7f36dcad5cc9c276270b36003a7ccb1aa0ec8407c2b3ef8618a633f4a75,,638cfec7ec559d6e,34ff304266360297,e8b731feff72294b,Manon Fiorot,Alexa Grasso,2026-09-12,timestamp,2026-09-12T18:10:00.000000Z,2026-09-10T02:49:49.000000Z,0.6586839008,398d253731ab18721c89,point-in-time-elo-logistic-v2,2026-09-05,date,b561bf611f2b36be66be15cbfc59195690ded379,native_probability,
1,2f9cd18d059bc270628081004b4559eded84bdb51eeae173007e9363fc511a75,capture_20260911T232744927329Z_34657892356_1_ff4bac27be49,matchup_f3409c8960623b60db41650f26f238caea2b314befb8164c73c2b21187a7deb4,,638cfec7ec559d6e,82a5152216251682,9a97acbfd5a08bfa,Dan Ige,David Martinez,2026-09-12,timestamp,2026-09-12T18:10:00.000000Z,2026-09-10T02:49:49.000000Z,0.22477196109999997,398d253731ab18721c89,point-in-time-elo-logistic-v2,2026-09-05,date,b561bf611f2b36be66be15cbfc59195690ded379,native_probability,
1,5b61d7efe3b0f78f27f41cecd4b09bd9f45099f94db9810077b1f8db30934d08,capture_20260911T232744927329Z_34657892356_1_ff4bac27be49,matchup_1795f0f9b8401650217d3518f508681af01a56f2d856f666f6a286be6bb24b4e,,638cfec7ec559d6e,447f9858ae78f921,e4a47b07044ddd72,Muslim Salikhov,Ignacio Bahamondes,2026-09-12,timestamp,2026-09-12T18:10:00.000000Z,2026-09-10T02:49:49.000000Z,0.31574734409999994,398d253731ab18721c89,point-in-time-elo-logistic-v2,2026-09-05,date,b561bf611f2b36be66be15cbfc59195690ded379,native_probability,
1,6893a2e57bb8d0aca17e3dbaa5fa7e5b541c275cf64d4b8338e36dbc5553eb4b,capture_20260911T232744927329Z_34657892356_1_ff4bac27be49,matchup_c64265c64920cec9a00bd1f9240a24eed73020e493f2b7d88bb0c8477a8eaf14,,638cfec7ec559d6e,5ef94841c4bc3f86,c96d9178c9ed9e62,Edgar Chairez,Tim Elliott,2026-09-12,timestamp,2026-09-12T18:10:00.000000Z,2026-09-10T02:49:49.000000Z,0.5191369625,398d253731ab18721c89,point-in-time-elo-logistic-v2,2026-09-05,date,b561bf611f2b36be66be15cbfc59195690ded379,native_probability,
1,80c08a669fea9250102f8e3ee5c46ff8f338c1a2e60f9bd5c12e42eeca3a2561,capture_20260911T232744927329Z_34657892356_1_ff4bac27be49,matchup_9c495107c2bd33322a572d2016024690b02d02d2d0cc09fb890650971126b860,,638cfec7ec559d6e,312f7d7b2b2f7de4,7674b836ce0698a0,Djorden Santos,Yousri Belgaroui,2026-09-12,timestamp,2026-09-12T18:10:00.000000Z,2026-09-10T02:49:49.000000Z,0.10785917010000001,398d253731ab18721c89,point-in-time-elo-logistic-v2,2026-09-05,date,b561bf611f2b36be66be15cbfc59195690ded379,native_probability,
1,89d3b2695830777de239e623a39fb115d8f071eb9e90a4d10b105162a53754ad,capture_20260911T232744927329Z_34657892356_1_ff4bac27be49,matchup_d2991ba39eeb0b23aafb0230892c0807c82ad3247da4834b997399065a0f2efb,,638cfec7ec559d6e,2fe9032955c2e013,792be9a24df82ed6,Joseph Morales,Brandon Moreno,2026-09-12,timestamp,2026-09-12T18:10:00.000000Z,2026-09-10T02:49:49.000000Z,0.3307602419,398d253731ab18721c89,point-in-time-elo-logistic-v2,2026-09-05,date,b561bf611f2b36be66be15cbfc59195690ded379,native_probability,
1,a668ed3ec57747c5031a1740b9d1a6dad3932ece1189c7cd99e2f72595475663,capture_20260911T232744927329Z_34657892356_1_ff4bac27be49,matchup_66db0c6413cc98507cd0e1876233d66b36cf6017b3a96e40b1fd60441fcffa0f,,638cfec7ec559d6e,52ef95b5860fb28c,7d6ceff6747f2de2,Jean Silva,Jose Delgado,2026-09-12,timestamp,2026-09-12T18:10:00.000000Z,2026-09-10T02:49:49.000000Z,0.452494084,398d253731ab18721c89,point-in-time-elo-logistic-v2,2026-09-05,date,b561bf611f2b36be66be15cbfc59195690ded379,native_probability,
1,b821a1308e15ff8dafb5e7f9f074feb13ce456be60a130622a5d1e59a5ea7abe,capture_20260911T232744927329Z_34657892356_1_ff4bac27be49,matchup_abc39e40cf108721027025feb07e881cfd6cdcf3cbb5ac9f60e3b80d0b606c6b,,638cfec7ec559d6e,fa6796c55d6c5440,fc08099550072fe4,Curtis Blaydes,Waldo Cortes Acosta,2026-09-12,timestamp,2026-09-12T18:10:00.000000Z,2026-09-10T02:49:49.000000Z,0.5948746443999999,398d253731ab18721c89,point-in-time-elo-logistic-v2,2026-09-05,date,b561bf611f2b36be66be15cbfc59195690ded379,native_probability,
1,c8050fe6a461c606c513b87bacd33d97a66c8408494c7735cba2553a7a281621,capture_20260911T232744927329Z_34657892356_1_ff4bac27be49,matchup_937f5cfa3486c033c8191c9de80a2cc81dec1d3ce7f087edbd9121364a4239a3,,638cfec7ec559d6e,6b0a6def604de298,6eedb757f13b9978,Tommy McMillen,Marwan Rahiki,2026-09-12,timestamp,2026-09-12T18:10:00.000000Z,2026-09-10T02:49:49.000000Z,0.6099133219,398d253731ab18721c89,point-in-time-elo-logistic-v2,2026-09-05,date,b561bf611f2b36be66be15cbfc59195690ded379,native_probability,
1,d43cc3f9ce57d19f96ddc4452f0ca2af1e93a4552da5bc11454919fc3d10f9ac,capture_20260911T232744927329Z_34657892356_1_ff4bac27be49,matchup_8b54193e4f8a1587878a18998f44d167604b46e87b456e16b350cf7661b60711,,638cfec7ec559d6e,a13d755965a4ec9f,e132d47bd9efbbe0,Rongzhu,Rafa Garcia,2026-09-12,timestamp,2026-09-12T18:10:00.000000Z,2026-09-10T02:49:49.000000Z,0.3694565193,398d253731ab18721c89,point-in-time-elo-logistic-v2,2026-09-05,date,b561bf611f2b36be66be15cbfc59195690ded379,native_probability,
1,1538512278572946746416332ce26ffd1cc6ad50fe4708033ba076d9fdd6a8fc,capture_20260912T043257821130Z_34673136645_1_1c9a41fa039d,matchup_c64265c64920cec9a00bd1f9240a24eed73020e493f2b7d88bb0c8477a8eaf14,,638cfec7ec559d6e,5ef94841c4bc3f86,c96d9178c9ed9e62,Edgar Chairez,Tim Elliott,2026-09-12,timestamp,2026-09-12T18:10:00.000000Z,2026-09-10T02:49:49.000000Z,0.5191369625,398d253731ab18721c89,point-in-time-elo-logistic-v2,2026-09-05,date,b561bf611f2b36be66be15cbfc59195690ded379,native_probability,
1,6c89c0e63605e98b364c43423ab1e6399899523838fb7cdb2325a7ceba4456b1,capture_20260912T043257821130Z_34673136645_1_1c9a41fa039d,matchup_efc52791a801f4be7db8f27634cf0bb8892c9d043aa415db2ff02c6293d01725,,638cfec7ec559d6e,6fd953151d981979,9f5609dba6584ab2,JJ Aldrich,Regina Tarin,2026-09-12,timestamp,2026-09-12T18:10:00.000000Z,2026-09-10T02:49:49.000000Z,0.37247479,398d253731ab18721c89,point-in-time-elo-logistic-v2,2026-09-05,date,b561bf611f2b36be66be15cbfc59195690ded379,native_probability,
1,6d66973d9742395ec7c273b0a38c7654f06706c0f0b134056086d5bbb96e1980,capture_20260912T043257821130Z_34673136645_1_1c9a41fa039d,matchup_b464e7f36dcad5cc9c276270b36003a7ccb1aa0ec8407c2b3ef8618a633f4a75,,638cfec7ec559d6e,34ff304266360297,e8b731feff72294b,Manon Fiorot,Alexa Grasso,2026-09-12,timestamp,2026-09-12T18:10:00.000000Z,2026-09-10T02:49:49.000000Z,0.6586839008,398d253731ab18721c89,point-in-time-elo-logistic-v2,2026-09-05,date,b561bf611f2b36be66be15cbfc59195690ded379,native_probability,
1,811cd82c53ff6b82cd4c49761d7589311770240f52b68057f50710d9f8a436c0,capture_20260912T043257821130Z_34673136645_1_1c9a41fa039d,matchup_abc39e40cf108721027025feb07e881cfd6cdcf3cbb5ac9f60e3b80d0b606c6b,,638cfec7ec559d6e,fa6796c55d6c5440,fc08099550072fe4,Curtis Blaydes,Waldo Cortes Acosta,2026-09-12,timestamp,2026-09-12T18:10:00.000000Z,2026-09-10T02:49:49.000000Z,0.5948746443999999,398d253731ab18721c89,point-in-time-elo-logistic-v2,2026-09-05,date,b561bf611f2b36be66be15cbfc59195690ded379,native_probability,
1,89fc8d2eb03b8b605d434f845e383f977b0a977a2c09e1c85a1f4422fbc42d39,capture_20260912T043257821130Z_34673136645_1_1c9a41fa039d,matchup_1795f0f9b8401650217d3518f508681af01a56f2d856f666f6a286be6bb24b4e,,638cfec7ec559d6e,447f9858ae78f921,e4a47b07044ddd72,Muslim Salikhov,Ignacio Bahamondes,2026-09-12,timestamp,2026-09-12T18:10:00.000000Z,2026-09-10T02:49:49.000000Z,0.31574734409999994,398d253731ab18721c89,point-in-time-elo-logistic-v2,2026-09-05,date,b561bf611f2b36be66be15cbfc59195690ded379,native_probability,
1,a4a6e9c5f478432a1191d1fe2deb9022cc756a50be3f90362abafdaae17174bc,capture_20260912T043257821130Z_34673136645_1_1c9a41fa039d,matchup_937f5cfa3486c033c8191c9de80a2cc81dec1d3ce7f087edbd9121364a4239a3,,638cfec7ec559d6e,6b0a6def604de298,6eedb757f13b9978,Tommy McMillen,Marwan Rahiki,2026-09-12,timestamp,2026-09-12T18:10:00.000000Z,2026-09-10T02:49:49.000000Z,0.6099133219,398d253731ab18721c89,point-in-time-elo-logistic-v2,2026-09-05,date,b561bf611f2b36be66be15cbfc59195690ded379,native_probability,
1,a9ca226dcc0e251b81be2e55d819cf7e4b4f9090937073d4013d458fd8de1e09,capture_20260912T043257821130Z_34673136645_1_1c9a41fa039d,matchup_66db0c6413cc98507cd0e1876233d66b36cf6017b3a96e40b1fd60441fcffa0f,,638cfec7ec559d6e,52ef95b5860fb28c,7d6ceff6747f2de2,Jean Silva,Jose Delgado,2026-09-12,timestamp,2026-09-12T18:10:00.000000Z,2026-09-10T02:49:49.000000Z,0.452494084,398d253731ab18721c89,point-in-time-elo-logistic-v2,2026-09-05,date,b561bf611f2b36be66be15cbfc59195690ded379,native_probability,
1,c60f4a8d759a4bba3148f598a6f03a19f2d73649351d2bb9dc21622ec29b25d2,capture_20260912T043257821130Z_34673136645_1_1c9a41fa039d,matchup_9c495107c2bd33322a572d2016024690b02d02d2d0cc09fb890650971126b860,,638cfec7ec559d6e,312f7d7b2b2f7de4,7674b836ce0698a0,Djorden Santos,Yousri Belgaroui,2026-09-12,timestamp,2026-09-12T18:10:00.000000Z,2026-09-10T02:49:49.000000Z,0.10785917010000001,398d253731ab18721c89,point-in-time-elo-logistic-v2,2026-09-05,date,b561bf611f2b36be66be15cbfc59195690ded379,native_probability,
1,cebad3700b613d4e2e81f252d86df43b74d17dc01739960a4e1b6c001a85a5ac,capture_20260912T043257821130Z_34673136645_1_1c9a41fa039d,matchup_8b54193e4f8a1587878a18998f44d167604b46e87b456e16b350cf7661b60711,,638cfec7ec559d6e,a13d755965a4ec9f,e132d47bd9efbbe0,Rongzhu,Rafa Garcia,2026-09-12,timestamp,2026-09-12T18:10:00.000000Z,2026-09-10T02:49:49.000000Z,0.3694565193,398d253731ab18721c89,point-in-time-elo-logistic-v2,2026-09-05,date,b561bf611f2b36be66be15cbfc59195690ded379,native_probability,
1,d0773e3fe3f63abdf1156a76e6bbe2bae9d03e28db1fedef1e30e1f146afa055,capture_20260912T043257821130Z_34673136645_1_1c9a41fa039d,matchup_d2991ba39eeb0b23aafb0230892c0807c82ad3247da4834b997399065a0f2efb,,638cfec7ec559d6e,2fe9032955c2e013,792be9a24df82ed6,Joseph Morales,Brandon Moreno,2026-09-12,timestamp,2026-09-12T18:10:00.000000Z,2026-09-10T02:49:49.000000Z,0.3307602419,398d253731ab18721c89,point-in-time-elo-logistic-v2,2026-09-05,date,b561bf611f2b36be66be15cbfc59195690ded379,native_probability,
1,d3ddb7f113d4e5dac4038d2efe98bfae928af98f8fc20d67bf7f72c7a8d1c85d,capture_20260912T043257821130Z_34673136645_1_1c9a41fa039d,matchup_f3409c8960623b60db41650f26f238caea2b314befb8164c73c2b21187a7deb4,,638cfec7ec559d6e,82a5152216251682,9a97acbfd5a08bfa,Dan Ige,David Martinez,2026-09-12,timestamp,2026-09-12T18:10:00.000000Z,2026-09-10T02:49:49.000000Z,0.22477196109999997,398d253731ab18721c89,point-in-time-elo-logistic-v2,2026-09-05,date,b561bf611f2b36be66be15cbfc59195690ded379,native_probability,
1,03008e5abb7f0a628ea7d3e7935e77a36b22b1204def28330d5eb187ceab4870,capture_20260912T142858709854Z_34699187509_1_74bb9936a4c1,matchup_d2991ba39eeb0b23aafb0230892c0807c82ad3247da4834b997399065a0f2efb,,638cfec7ec559d6e,2fe9032955c2e013,792be9a24df82ed6,Joseph Morales,Brandon Moreno,2026-09-12,timestamp,2026-09-12T18:10:00.000000Z,2026-09-10T02:49:49.000000Z,0.3307602419,398d253731ab18721c89,point-in-time-elo-logistic-v2,2026-09-05,date,b561bf611f2b36be66be15cbfc59195690ded379,native_probability,
1,1c0b33afeefccbd8a8dd6d12ca097b87c0481e4806c743494e15732e0b773aad,capture_20260912T142858709854Z_34699187509_1_74bb9936a4c1,matchup_9c495107c2bd33322a572d2016024690b02d02d2d0cc09fb890650971126b860,,638cfec7ec559d6e,312f7d7b2b2f7de4,7674b836ce0698a0,Djorden Santos,Yousri Belgaroui,2026-09-12,timestamp,2026-09-12T18:10:00.000000Z,2026-09-10T02:49:49.000000Z,0.10785917010000001,398d253731ab18721c89,point-in-time-elo-logistic-v2,2026-09-05,date,b561bf611f2b36be66be15cbfc59195690ded379,native_probability,
1,5eb8b74227707bfcdbf6d2e2c520207364a7181f1b91ad44d78b0da5228a11db,capture_20260912T142858709854Z_34699187509_1_74bb9936a4c1,matchup_efc52791a801f4be7db8f27634cf0bb8892c9d043aa415db2ff02c6293d01725,,638cfec7ec559d6e,6fd953151d981979,9f5609dba6584ab2,JJ Aldrich,Regina Tarin,2026-09-12,timestamp,2026-09-12T18:10:00.000000Z,2026-09-10T02:49:49.000000Z,0.37247479,398d253731ab18721c89,point-in-time-elo-logistic-v2,2026-09-05,date,b561bf611f2b36be66be15cbfc59195690ded379,native_probability,
1,884a64463e6127e3fcd477c9ae7b4fccdbeeeb4cf3fa1deb34fbfb854ba1770f,capture_20260912T142858709854Z_34699187509_1_74bb9936a4c1,matchup_937f5cfa3486c033c8191c9de80a2cc81dec1d3ce7f087edbd9121364a4239a3,,638cfec7ec559d6e,6b0a6def604de298,6eedb757f13b9978,Tommy McMillen,Marwan Rahiki,2026-09-12,timestamp,2026-09-12T18:10:00.000000Z,2026-09-10T02:49:49.000000Z,0.6099133219,398d253731ab18721c89,point-in-time-elo-logistic-v2,2026-09-05,date,b561bf611f2b36be66be15cbfc59195690ded379,native_probability,
1,99857e6ab85ed3edd1ffc50bfbeb69f81d4aad9d26a0bbcfba516dadd4bdf915,capture_20260912T142858709854Z_34699187509_1_74bb9936a4c1,matchup_f3409c8960623b60db41650f26f238caea2b314befb8164c73c2b21187a7deb4,,638cfec7ec559d6e,82a5152216251682,9a97acbfd5a08bfa,Dan Ige,David Martinez,2026-09-12,timestamp,2026-09-12T18:10:00.000000Z,2026-09-10T02:49:49.000000Z,0.22477196109999997,398d253731ab18721c89,point-in-time-elo-logistic-v2,2026-09-05,date,b561bf611f2b36be66be15cbfc59195690ded379,native_probability,
1,9dd45121460fda46391f8d72aa9cfd8bf908591782587799dd85eb770b9e665d,capture_20260912T142858709854Z_34699187509_1_74bb9936a4c1,matchup_1795f0f9b8401650217d3518f508681af01a56f2d856f666f6a286be6bb24b4e,,638cfec7ec559d6e,447f9858ae78f921,e4a47b07044ddd72,Muslim Salikhov,Ignacio Bahamondes,2026-09-12,timestamp,2026-09-12T18:10:00.000000Z,2026-09-10T02:49:49.000000Z,0.31574734409999994,398d253731ab18721c89,point-in-time-elo-logistic-v2,2026-09-05,date,b561bf611f2b36be66be15cbfc59195690ded379,native_probability,
1,b26eebe613e060162ae705fdeae9d65176bd311bcb034279561c6148ee4ef35b,capture_20260912T142858709854Z_34699187509_1_74bb9936a4c1,matchup_c64265c64920cec9a00bd1f9240a24eed73020e493f2b7d88bb0c8477a8eaf14,,638cfec7ec559d6e,5ef94841c4bc3f86,c96d9178c9ed9e62,Edgar Chairez,Tim Elliott,2026-09-12,timestamp,2026-09-12T18:10:00.000000Z,2026-09-10T02:49:49.000000Z,0.5191369625,398d253731ab18721c89,point-in-time-elo-logistic-v2,2026-09-05,date,b561bf611f2b36be66be15cbfc59195690ded379,native_probability,
1,b36695bc3a41af4531314c60d58ad01eaae84fba990c217535d58b484763c8d6,capture_20260912T142858709854Z_34699187509_1_74bb9936a4c1,matchup_abc39e40cf108721027025feb07e881cfd6cdcf3cbb5ac9f60e3b80d0b606c6b,,638cfec7ec559d6e,fa6796c55d6c5440,fc08099550072fe4,Curtis Blaydes,Waldo Cortes Acosta,2026-09-12,timestamp,2026-09-12T18:10:00.000000Z,2026-09-10T02:49:49.000000Z,0.5948746443999999,398d253731ab18721c89,point-in-time-elo-logistic-v2,2026-09-05,date,b561bf611f2b36be66be15cbfc59195690ded379,native_probability,
1,b61189fc2be124035da6b66d4837ef97446bb0eda86c26ca0bf5779f96994c81,capture_20260912T142858709854Z_34699187509_1_74bb9936a4c1,matchup_b464e7f36dcad5cc9c276270b36003a7ccb1aa0ec8407c2b3ef8618a633f4a75,,638cfec7ec559d6e,34ff304266360297,e8b731feff72294b,Manon Fiorot,Alexa Grasso,2026-09-12,timestamp,2026-09-12T18:10:00.000000Z,2026-09-10T02:49:49.000000Z,0.6586839008,398d253731ab18721c89,point-in-time-elo-logistic-v2,2026-09-05,date,b561bf611f2b36be66be15cbfc59195690ded379,native_probability,
1,ca72c2c3b2dcad794a3edbb96e64abd5f04763a037f83cfce59cb387418cb46e,capture_20260912T142858709854Z_34699187509_1_74bb9936a4c1,matchup_66db0c6413cc98507cd0e1876233d66b36cf6017b3a96e40b1fd60441fcffa0f,,638cfec7ec559d6e,52ef95b5860fb28c,7d6ceff6747f2de2,Jean Silva,Jose Delgado,2026-09-12,timestamp,2026-09-12T18:10:00.000000Z,2026-09-10T02:49:49.000000Z,0.452494084,398d253731ab18721c89,point-in-time-elo-logistic-v2,2026-09-05,date,b561bf611f2b36be66be15cbfc59195690ded379,native_probability,
1,cea724cef647eee304b4bdab0ffebfab3e38c1eca9faee97b7b336feac36aaba,capture_20260912T142858709854Z_34699187509_1_74bb9936a4c1,matchup_8b54193e4f8a1587878a18998f44d167604b46e87b456e16b350cf7661b60711,,638cfec7ec559d6e,a13d755965a4ec9f,e132d47bd9efbbe0,Rongzhu,Rafa Garcia,2026-09-12,timestamp,2026-09-12T18:10:00.000000Z,2026-09-10T02:49:49.000000Z,0.3694565193,398d253731ab18721c89,point-in-time-elo-logistic-v2,2026-09-05,date,b561bf611f2b36be66be15cbfc59195690ded379,native_probability,
1,1152c1dbe7e6c7ab0fb5cd9707274db074b052c4fde34c0d36be5ee337cc01a0,capture_20260912T172406419052Z_34707999018_1_df297d1b88da,matchup_c64265c64920cec9a00bd1f9240a24eed73020e493f2b7d88bb0c8477a8eaf14,,638cfec7ec559d6e,5ef94841c4bc3f86,c96d9178c9ed9e62,Edgar Chairez,Tim Elliott,2026-09-12,timestamp,2026-09-12T18:10:00.000000Z,2026-09-10T02:49:49.000000Z,0.5191369625,398d253731ab18721c89,point-in-time-elo-logistic-v2,2026-09-05,date,b561bf611f2b36be66be15cbfc59195690ded379,native_probability,
1,2e9739d9909bb8cc85a8a8777d91c7c3a620add8f59fa82a2e4abaa97663ab45,capture_20260912T172406419052Z_34707999018_1_df297d1b88da,matchup_f3409c8960623b60db41650f26f238caea2b314befb8164c73c2b21187a7deb4,,638cfec7ec559d6e,82a5152216251682,9a97acbfd5a08bfa,Dan Ige,David Martinez,2026-09-12,timestamp,2026-09-12T18:10:00.000000Z,2026-09-10T02:49:49.000000Z,0.22477196109999997,398d253731ab18721c89,point-in-time-elo-logistic-v2,2026-09-05,date,b561bf611f2b36be66be15cbfc59195690ded379,native_probability,
1,38dec1882b811d219d68871a0da095c66239b850e9a6e75e26a1cff2bc0bd8b5,capture_20260912T172406419052Z_34707999018_1_df297d1b88da,matchup_66db0c6413cc98507cd0e1876233d66b36cf6017b3a96e40b1fd60441fcffa0f,,638cfec7ec559d6e,52ef95b5860fb28c,7d6ceff6747f2de2,Jean Silva,Jose Delgado,2026-09-12,timestamp,2026-09-12T18:10:00.000000Z,2026-09-10T02:49:49.000000Z,0.452494084,398d253731ab18721c89,point-in-time-elo-logistic-v2,2026-09-05,date,b561bf611f2b36be66be15cbfc59195690ded379,native_probability,
1,4fa502b965383d71b3b47afb8c6db8d72f350a1c0b1b0d11df2b629e4ba7f914,capture_20260912T172406419052Z_34707999018_1_df297d1b88da,matchup_8b54193e4f8a1587878a18998f44d167604b46e87b456e16b350cf7661b60711,,638cfec7ec559d6e,a13d755965a4ec9f,e132d47bd9efbbe0,Rongzhu,Rafa Garcia,2026-09-12,timestamp,2026-09-12T18:10:00.000000Z,2026-09-10T02:49:49.000000Z,0.3694565193,398d253731ab18721c89,point-in-time-elo-logistic-v2,2026-09-05,date,b561bf611f2b36be66be15cbfc59195690ded379,native_probability,
1,6e31cf621b004b87f644fcb8295af3769dde0fd836f72b6232bf7514a9237de3,capture_20260912T172406419052Z_34707999018_1_df297d1b88da,matchup_9c495107c2bd33322a572d2016024690b02d02d2d0cc09fb890650971126b860,,638cfec7ec559d6e,312f7d7b2b2f7de4,7674b836ce0698a0,Djorden Santos,Yousri Belgaroui,2026-09-12,timestamp,2026-09-12T18:10:00.000000Z,2026-09-10T02:49:49.000000Z,0.10785917010000001,398d253731ab18721c89,point-in-time-elo-logistic-v2,2026-09-05,date,b561bf611f2b36be66be15cbfc59195690ded379,native_probability,
1,78de8b85dbda383a73fcdca3b102004bad190b951fe3ed3db1232f7efba40df7,capture_20260912T172406419052Z_34707999018_1_df297d1b88da,matchup_937f5cfa3486c033c8191c9de80a2cc81dec1d3ce7f087edbd9121364a4239a3,,638cfec7ec559d6e,6b0a6def604de298,6eedb757f13b9978,Tommy McMillen,Marwan Rahiki,2026-09-12,timestamp,2026-09-12T18:10:00.000000Z,2026-09-10T02:49:49.000000Z,0.6099133219,398d253731ab18721c89,point-in-time-elo-logistic-v2,2026-09-05,date,b561bf611f2b36be66be15cbfc59195690ded379,native_probability,
1,8141ee9a2bab4c3c00d30e0a2fc2921bb4d7bc223c865f5071ef4a3083884168,capture_20260912T172406419052Z_34707999018_1_df297d1b88da,matchup_efc52791a801f4be7db8f27634cf0bb8892c9d043aa415db2ff02c6293d01725,,638cfec7ec559d6e,6fd953151d981979,9f5609dba6584ab2,JJ Aldrich,Regina Tarin,2026-09-12,timestamp,2026-09-12T18:10:00.000000Z,2026-09-10T02:49:49.000000Z,0.37247479,398d253731ab18721c89,point-in-time-elo-logistic-v2,2026-09-05,date,b561bf611f2b36be66be15cbfc59195690ded379,native_probability,
1,876cded6e47b9bf4701786b9f0cca22c434b08a5ba16b534421e3e725db707e4,capture_20260912T172406419052Z_34707999018_1_df297d1b88da,matchup_1795f0f9b8401650217d3518f508681af01a56f2d856f666f6a286be6bb24b4e,,638cfec7ec559d6e,447f9858ae78f921,e4a47b07044ddd72,Muslim Salikhov,Ignacio Bahamondes,2026-09-12,timestamp,2026-09-12T18:10:00.000000Z,2026-09-10T02:49:49.000000Z,0.31574734409999994,398d253731ab18721c89,point-in-time-elo-logistic-v2,2026-09-05,date,b561bf611f2b36be66be15cbfc59195690ded379,native_probability,
1,966126d8f6414a3ada93a2574c54cea2644c76a450956dd22bb11ed9bba5b146,capture_20260912T172406419052Z_34707999018_1_df297d1b88da,matchup_d2991ba39eeb0b23aafb0230892c0807c82ad3247da4834b997399065a0f2efb,,638cfec7ec559d6e,2fe9032955c2e013,792be9a24df82ed6,Joseph Morales,Brandon Moreno,2026-09-12,timestamp,2026-09-12T18:10:00.000000Z,2026-09-10T02:49:49.000000Z,0.3307602419,398d253731ab18721c89,point-in-time-elo-logistic-v2,2026-09-05,date,b561bf611f2b36be66be15cbfc59195690ded379,native_probability,
1,b3d99093df33ed7b6aa839fd5bca6ea99e436c2f21a2d498821ea4c96ea81b7d,capture_20260912T172406419052Z_34707999018_1_df297d1b88da,matchup_b464e7f36dcad5cc9c276270b36003a7ccb1aa0ec8407c2b3ef8618a633f4a75,,638cfec7ec559d6e,34ff304266360297,e8b731feff72294b,Manon Fiorot,Alexa Grasso,2026-09-12,timestamp,2026-09-12T18:10:00.000000Z,2026-09-10T02:49:49.000000Z,0.6586839008,398d253731ab18721c89,point-in-time-elo-logistic-v2,2026-09-05,date,b561bf611f2b36be66be15cbfc59195690ded379,native_probability,
1,d2a7e4bc65d72793bacefb67ef8956df0725262b2d310a0d2edd1502e158d466,capture_20260912T172406419052Z_34707999018_1_df297d1b88da,matchup_abc39e40cf108721027025feb07e881cfd6cdcf3cbb5ac9f60e3b80d0b606c6b,,638cfec7ec559d6e,fa6796c55d6c5440,fc08099550072fe4,Curtis Blaydes,Waldo Cortes Acosta,2026-09-12,timestamp,2026-09-12T18:10:00.000000Z,2026-09-10T02:49:49.000000Z,0.5948746443999999,398d253731ab18721c89,point-in-time-elo-logistic-v2,2026-09-05,date,b561bf611f2b36be66be15cbfc59195690ded379,native_probability,
1,0336c69a7087375d68aff1c75cffad82e4abce88a1cb436482d4bd507df049de,capture_20260913T152812157990Z_34765489329_1_591acddd7a69,matchup_24d2abb788a1cd512c495fdc548d6e73ba97540b84f658b9ddefdfce49e378d6,,8a0a35e7c74bebcc,0f3a990526c5e706,f7e856a73c96048e,Sean Sharaf,Gable Steveson,2026-09-19,timestamp,2026-09-19T21:15:00.000000Z,2026-09-13T14:44:13.000000Z,0.08680082619999996,35e4ecfdff7cbda98fa3,point-in-time-elo-logistic-v2,2026-09-12,date,fd25fd9b3a84a37ba9b2d66d84c30dda47437dce,native_probability,
1,209ba4543ab5ea87b5e85123c1e412560bdd3aeb9ea439823bf61cae63d5a32d,capture_20260913T152812157990Z_34765489329_1_591acddd7a69,matchup_730df33900ec43538f5d7a9c368cd8fc9d91aef0d76aae08a2e109ea2630641f,,8a0a35e7c74bebcc,791c8437b341fba5,9560ff14eb3129f7,Joanderson Brito,Giga Chikadze,2026-09-19,timestamp,2026-09-19T21:15:00.000000Z,2026-09-13T14:44:13.000000Z,0.7508323863999999,35e4ecfdff7cbda98fa3,point-in-time-elo-logistic-v2,2026-09-12,date,fd25fd9b3a84a37ba9b2d66d84c30dda47437dce,native_probability,
1,4dc8f34dea1f7282e766bd49cb782c8ac5b7a54b816fbf35a6ffd3df6b903e3b,capture_20260913T152812157990Z_34765489329_1_591acddd7a69,matchup_41ba239087a241674fcd8f74181fb92a25ca542b10d45301b7c21c7489209f99,,8a0a35e7c74bebcc,140567899d98978a,c62fbc117d57b943,Robelis Despaigne,Tai Tuivasa,2026-09-19,timestamp,2026-09-19T21:15:00.000000Z,2026-09-13T14:44:13.000000Z,0.5353771359999999,35e4ecfdff7cbda98fa3,point-in-time-elo-logistic-v2,2026-09-12,date,fd25fd9b3a84a37ba9b2d66d84c30dda47437dce,native_probability,
1,57049af3e91c6a406b6b36da0b0488d1e62b51548753b1545741d0aa571ba301,capture_20260913T152812157990Z_34765489329_1_591acddd7a69,matchup_6e355a8ad7d197cbe29ce642d75d50d2a8e45844e42d87852e64e4bf6ec40b9c,,8a0a35e7c74bebcc,17e97649403ba428,a0f0004aadf10b71,Joshua Van,Alexandre Pantoja,2026-09-19,timestamp,2026-09-19T21:15:00.000000Z,2026-09-13T14:44:13.000000Z,0.7779829299000001,35e4ecfdff7cbda98fa3,point-in-time-elo-logistic-v2,2026-09-12,date,fd25fd9b3a84a37ba9b2d66d84c30dda47437dce,native_probability,
1,6cfdf3e6c6ec20d5b31d7ca87456d6db2fb3775902df509f77f8a9acc96fa0f3,capture_20260913T152812157990Z_34765489329_1_591acddd7a69,matchup_ae4469d6e6c383f48dab6d33688d521769dc4791855bdb3c6cf4abaa090c38c7,,8a0a35e7c74bebcc,7c7332319c14094c,f1d64ae34e088832,Marlon Vera,Charles Jourdain,2026-09-19,timestamp,2026-09-19T21:15:00.000000Z,2026-09-13T14:44:13.000000Z,0.2723364243,35e4ecfdff7cbda98fa3,point-in-time-elo-logistic-v2,2026-09-12,date,fd25fd9b3a84a37ba9b2d66d84c30dda47437dce,native_probability,
1,6d78d2c1fa37170a41d2be76438474997412d82431d446a5ad17ca6245095e64,capture_20260913T152812157990Z_34765489329_1_591acddd7a69,matchup_476907300c352a3007df1648d5891307dad34b5ffaf7f0940510328bb5dda3c1,,8a0a35e7c74bebcc,1c23ec2f1b71be40,a495f599e787614f,Iwo Baraniewski,Alonzo Menifield,2026-09-19,timestamp,2026-09-19T21:15:00.000000Z,2026-09-13T14:44:13.000000Z,0.7084329221,35e4ecfdff7cbda98fa3,point-in-time-elo-logistic-v2,2026-09-12,date,fd25fd9b3a84a37ba9b2d66d84c30dda47437dce,native_probability,
1,6e6130e870ba445472eeeb964864af6cd77f748ed191b746f5225478afb288cb,capture_20260913T152812157990Z_34765489329_1_591acddd7a69,matchup_bec90fe45f91dcb38f05be1a35565a02b9c8e1ca4de8ffb24483749c9958aa9c,,8a0a35e7c74bebcc,98a58c26c5b1ed17,e93b04e308913c2e,Patricio Pitbull,Dooho Choi,2026-09-19,timestamp,2026-09-19T21:15:00.000000Z,2026-09-13T14:44:13.000000Z,0.24533110900000002,35e4ecfdff7cbda98fa3,point-in-time-elo-logistic-v2,2026-09-12,date,fd25fd9b3a84a37ba9b2d66d84c30dda47437dce,native_probability,
1,d9f9f06e3359bbfaa7947e6003c899b75792533f35d896e6b056b9b848dea662,capture_20260913T152812157990Z_34765489329_1_591acddd7a69,matchup_acd0e6b31a1c8fb3bae358145f988d378eaf334300bf13546996916eed3530b8,,8a0a35e7c74bebcc,1e719d4b676dc19a,4144798612ef96e5,Brunno Ferreira,Edmen Shahbazyan,2026-09-19,timestamp,2026-09-19T21:15:00.000000Z,2026-09-13T14:44:13.000000Z,0.29303726789999995,35e4ecfdff7cbda98fa3,point-in-time-elo-logistic-v2,2026-09-12,date,fd25fd9b3a84a37ba9b2d66d84c30dda47437dce,native_probability,
1,e9c2f055ed5c590dd48714e4a20d77dda68d1e3bdce1e7125c938e2dd3de8684,capture_20260913T152812157990Z_34765489329_1_591acddd7a69,matchup_8cb639734e70349cede5526c9186ce46910e1a9fe372bc84895459f47f63314c,,8a0a35e7c74bebcc,04835018f90b118c,de594b35c45c2e9a,Casey O'Neill,Eduarda Moura,2026-09-19,timestamp,2026-09-19T21:15:00.000000Z,2026-09-13T14:44:13.000000Z,0.5531087991,35e4ecfdff7cbda98fa3,point-in-time-elo-logistic-v2,2026-09-12,date,fd25fd9b3a84a37ba9b2d66d84c30dda47437dce,native_probability,
1,ed3ed86a6508158eb78321407209a97f4d52887f0ff6879f75bc157b4a89f234,capture_20260913T152812157990Z_34765489329_1_591acddd7a69,matchup_46acdff5f3e3f7792daa1d5df06232e0e473168e2b7cb8890421fed3e858632b,,8a0a35e7c74bebcc,9c393e836a852f30,eae48ff31db420c2,Mauricio Ruffy,Arman Tsarukyan,2026-09-19,timestamp,2026-09-19T21:15:00.000000Z,2026-09-13T14:44:13.000000Z,0.2523123301,35e4ecfdff7cbda98fa3,point-in-time-elo-logistic-v2,2026-09-12,date,fd25fd9b3a84a37ba9b2d66d84c30dda47437dce,native_probability,
1,f0f93d14aaca2c40465ca701934a841373bca632f4bfeaaea7bb30d3b9cd0409,capture_20260913T152812157990Z_34765489329_1_591acddd7a69,matchup_5b75d6b29b94ef096db1dd93571feaf46134f07f9341c05258a44c34dcd700ec,,8a0a35e7c74bebcc,b6452706b373eea1,def8166ff24bd237,Renato Moicano,Brian Ortega,2026-09-19,timestamp,2026-09-19T21:15:00.000000Z,2026-09-13T14:44:13.000000Z,0.7261976157000001,35e4ecfdff7cbda98fa3,point-in-time-elo-logistic-v2,2026-09-12,date,fd25fd9b3a84a37ba9b2d66d84c30dda47437dce,native_probability,
1,1b3d027fe8fb0c7003b545d91bd26f9866255131a227ab8146b36cd194b986fe,capture_20260915T043518516983Z_34929161501_1_4228060dcdad,matchup_8cb639734e70349cede5526c9186ce46910e1a9fe372bc84895459f47f63314c,,8a0a35e7c74bebcc,04835018f90b118c,de594b35c45c2e9a,Casey O'Neill,Eduarda Moura,2026-09-19,timestamp,2026-09-19T21:00:00.000000Z,2026-09-14T02:00:29.000000Z,0.5531087991,35e4ecfdff7cbda98fa3,point-in-time-elo-logistic-v2,2026-09-12,date,630ffff6f14703001064b4f14399a272e2616f98,native_probability,
1,410c3f0707ece7b358dd8fab398262336b028ee8425c40eeb5926a1ab6a48d6e,capture_20260915T043518516983Z_34929161501_1_4228060dcdad,matchup_bec90fe45f91dcb38f05be1a35565a02b9c8e1ca4de8ffb24483749c9958aa9c,,8a0a35e7c74bebcc,98a58c26c5b1ed17,e93b04e308913c2e,Patricio Pitbull,Dooho Choi,2026-09-19,timestamp,2026-09-19T21:00:00.000000Z,2026-09-14T02:00:29.000000Z,0.24533110900000002,35e4ecfdff7cbda98fa3,point-in-time-elo-logistic-v2,2026-09-12,date,630ffff6f14703001064b4f14399a272e2616f98,native_probability,
1,4d3312e636b72e4b6541201bf26cadde57d06568ee164f5dc3d226f48be14d01,capture_20260915T043518516983Z_34929161501_1_4228060dcdad,matchup_acd0e6b31a1c8fb3bae358145f988d378eaf334300bf13546996916eed3530b8,,8a0a35e7c74bebcc,1e719d4b676dc19a,4144798612ef96e5,Brunno Ferreira,Edmen Shahbazyan,2026-09-19,timestamp,2026-09-19T21:00:00.000000Z,2026-09-14T02:00:29.000000Z,0.29303726789999995,35e4ecfdff7cbda98fa3,point-in-time-elo-logistic-v2,2026-09-12,date,630ffff6f14703001064b4f14399a272e2616f98,native_probability,
1,4eed28e87a091a52c5d9a56cc6fe76e6a73a0be6c6750d2423043f319d15da89,capture_20260915T043518516983Z_34929161501_1_4228060dcdad,matchup_46acdff5f3e3f7792daa1d5df06232e0e473168e2b7cb8890421fed3e858632b,,8a0a35e7c74bebcc,9c393e836a852f30,eae48ff31db420c2,Mauricio Ruffy,Arman Tsarukyan,2026-09-19,timestamp,2026-09-19T21:00:00.000000Z,2026-09-14T02:00:29.000000Z,0.2523123301,35e4ecfdff7cbda98fa3,point-in-time-elo-logistic-v2,2026-09-12,date,630ffff6f14703001064b4f14399a272e2616f98,native_probability,
1,6323db776fa093f88b7f67b3def2a8ebb444a44442e51ebff6c35d717c946313,capture_20260915T043518516983Z_34929161501_1_4228060dcdad,matchup_6e355a8ad7d197cbe29ce642d75d50d2a8e45844e42d87852e64e4bf6ec40b9c,,8a0a35e7c74bebcc,17e97649403ba428,a0f0004aadf10b71,Joshua Van,Alexandre Pantoja,2026-09-19,timestamp,2026-09-19T21:00:00.000000Z,2026-09-14T02:00:29.000000Z,0.7779829299000001,35e4ecfdff7cbda98fa3,point-in-time-elo-logistic-v2,2026-09-12,date,630ffff6f14703001064b4f14399a272e2616f98,native_probability,
1,82e3217969598a199d8048f3cba28356ab0180ad9d9783c3cc141f34fbd427a7,capture_20260915T043518516983Z_34929161501_1_4228060dcdad,matchup_41ba239087a241674fcd8f74181fb92a25ca542b10d45301b7c21c7489209f99,,8a0a35e7c74bebcc,140567899d98978a,c62fbc117d57b943,Robelis Despaigne,Tai Tuivasa,2026-09-19,timestamp,2026-09-19T21:00:00.000000Z,2026-09-14T02:00:29.000000Z,0.5353771359999999,35e4ecfdff7cbda98fa3,point-in-time-elo-logistic-v2,2026-09-12,date,630ffff6f14703001064b4f14399a272e2616f98,native_probability,
1,a661e71e63d6e92afd003020972e42dd3b0a93963143468bf9db8971a68d84b6,capture_20260915T043518516983Z_34929161501_1_4228060dcdad,matchup_ae4469d6e6c383f48dab6d33688d521769dc4791855bdb3c6cf4abaa090c38c7,,8a0a35e7c74bebcc,7c7332319c14094c,f1d64ae34e088832,Marlon Vera,Charles Jourdain,2026-09-19,timestamp,2026-09-19T21:00:00.000000Z,2026-09-14T02:00:29.000000Z,0.2723364243,35e4ecfdff7cbda98fa3,point-in-time-elo-logistic-v2,2026-09-12,date,630ffff6f14703001064b4f14399a272e2616f98,native_probability,
1,ab1a0b0205ac8944fc02b2ad7755e9b2da13a66ce08d9560c8b210f69f2750ea,capture_20260915T043518516983Z_34929161501_1_4228060dcdad,matchup_24d2abb788a1cd512c495fdc548d6e73ba97540b84f658b9ddefdfce49e378d6,,8a0a35e7c74bebcc,0f3a990526c5e706,f7e856a73c96048e,Sean Sharaf,Gable Steveson,2026-09-19,timestamp,2026-09-19T21:00:00.000000Z,2026-09-14T02:00:29.000000Z,0.08680082619999996,35e4ecfdff7cbda98fa3,point-in-time-elo-logistic-v2,2026-09-12,date,630ffff6f14703001064b4f14399a272e2616f98,native_probability,
1,c3500bc1539207b8683fdc806b4d8ce7aab4273e560d1d77f0c1f8e25ffd38f9,capture_20260915T043518516983Z_34929161501_1_4228060dcdad,matchup_476907300c352a3007df1648d5891307dad34b5ffaf7f0940510328bb5dda3c1,,8a0a35e7c74bebcc,1c23ec2f1b71be40,a495f599e787614f,Iwo Baraniewski,Alonzo Menifield,2026-09-19,timestamp,2026-09-19T21:00:00.000000Z,2026-09-14T02:00:29.000000Z,0.7084329221,35e4ecfdff7cbda98fa3,point-in-time-elo-logistic-v2,2026-09-12,date,630ffff6f14703001064b4f14399a272e2616f98,native_probability,
1,d0a852776a9d574cfd6fb989e86b6c6e1c6df975064bd3be0788f0d9bd33c402,capture_20260915T043518516983Z_34929161501_1_4228060dcdad,matchup_c79dcc9635165d1f4a1e239bf9c5b598ecfcf90c75e2f49b00cff1c9260a3fd4,,8a0a35e7c74bebcc,6967153c7edb4d87,e463ce0a2ca474f4,Ozzy Diaz,Ryan Gandra,2026-09-19,timestamp,2026-09-19T21:00:00.000000Z,2026-09-14T02:00:29.000000Z,0.3650763641,35e4ecfdff7cbda98fa3,point-in-time-elo-logistic-v2,2026-09-12,date,630ffff6f14703001064b4f14399a272e2616f98,native_probability,
1,db0da843777fb0a38ec6e403cb67ebe7127cf1d0329c22e3c2b607b6c6e706d3,capture_20260915T043518516983Z_34929161501_1_4228060dcdad,matchup_730df33900ec43538f5d7a9c368cd8fc9d91aef0d76aae08a2e109ea2630641f,,8a0a35e7c74bebcc,791c8437b341fba5,9560ff14eb3129f7,Joanderson Brito,Giga Chikadze,2026-09-19,timestamp,2026-09-19T21:00:00.000000Z,2026-09-14T02:00:29.000000Z,0.7508323863999999,35e4ecfdff7cbda98fa3,point-in-time-elo-logistic-v2,2026-09-12,date,630ffff6f14703001064b4f14399a272e2616f98,native_probability,
1,e2193ffe25afa2307455df7b386cb1e732f040e5ef8475eb7f06b4b6a3029d3a,capture_20260915T043518516983Z_34929161501_1_4228060dcdad,matchup_5b75d6b29b94ef096db1dd93571feaf46134f07f9341c05258a44c34dcd700ec,,8a0a35e7c74bebcc,b6452706b373eea1,def8166ff24bd237,Renato Moicano,Brian Ortega,2026-09-19,timestamp,2026-09-19T21:00:00.000000Z,2026-09-14T02:00:29.000000Z,0.7261976157000001,35e4ecfdff7cbda98fa3,point-in-time-elo-logistic-v2,2026-09-12,date,630ffff6f14703001064b4f14399a272e2616f98,native_probability,
1,06e78ac60a70dfe019636827383ee25eb5d0b711d4306fec4b43b909cb57de0c,capture_20260915T172720944593Z_35001003309_1_5519b3fc5db6,matchup_8cb639734e70349cede5526c9186ce46910e1a9fe372bc84895459f47f63314c,,8a0a35e7c74bebcc,04835018f90b118c,de594b35c45c2e9a,Casey O'Neill,Eduarda Moura,2026-09-19,timestamp,2026-09-19T21:00:00.000000Z,2026-09-14T02:00:29.000000Z,0.5531087991,35e4ecfdff7cbda98fa3,point-in-time-elo-logistic-v2,2026-09-12,date,630ffff6f14703001064b4f14399a272e2616f98,native_probability,
1,35d0494bc391e49fef87c3084b93b76825a6e7c8634cbeda33863291ca8f9075,capture_20260915T172720944593Z_35001003309_1_5519b3fc5db6,matchup_bec90fe45f91dcb38f05be1a35565a02b9c8e1ca4de8ffb24483749c9958aa9c,,8a0a35e7c74bebcc,98a58c26c5b1ed17,e93b04e308913c2e,Patricio Pitbull,Dooho Choi,2026-09-19,timestamp,2026-09-19T21:00:00.000000Z,2026-09-14T02:00:29.000000Z,0.24533110900000002,35e4ecfdff7cbda98fa3,point-in-time-elo-logistic-v2,2026-09-12,date,630ffff6f14703001064b4f14399a272e2616f98,native_probability,
1,539b5ccc1c5117850c4d1298003e66177e089f8aa6bf0b1e3c64a3b360ba456c,capture_20260915T172720944593Z_35001003309_1_5519b3fc5db6,matchup_c79dcc9635165d1f4a1e239bf9c5b598ecfcf90c75e2f49b00cff1c9260a3fd4,,8a0a35e7c74bebcc,6967153c7edb4d87,e463ce0a2ca474f4,Ozzy Diaz,Ryan Gandra,2026-09-19,timestamp,2026-09-19T21:00:00.000000Z,2026-09-14T02:00:29.000000Z,0.3650763641,35e4ecfdff7cbda98fa3,point-in-time-elo-logistic-v2,2026-09-12,date,630ffff6f14703001064b4f14399a272e2616f98,native_probability,
1,57d093dc5d649e9c092c8e678ab2e8d73b2f26161505bb0165d4f1b7bf353bb1,capture_20260915T172720944593Z_35001003309_1_5519b3fc5db6,matchup_730df33900ec43538f5d7a9c368cd8fc9d91aef0d76aae08a2e109ea2630641f,,8a0a35e7c74bebcc,791c8437b341fba5,9560ff14eb3129f7,Joanderson Brito,Giga Chikadze,2026-09-19,timestamp,2026-09-19T21:00:00.000000Z,2026-09-14T02:00:29.000000Z,0.7508323863999999,35e4ecfdff7cbda98fa3,point-in-time-elo-logistic-v2,2026-09-12,date,630ffff6f14703001064b4f14399a272e2616f98,native_probability,
1,5f81d918e0e3ca8153913771873868077e765a50f73c880489e128e721d12de4,capture_20260915T172720944593Z_35001003309_1_5519b3fc5db6,matchup_5b75d6b29b94ef096db1dd93571feaf46134f07f9341c05258a44c34dcd700ec,,8a0a35e7c74bebcc,b6452706b373eea1,def8166ff24bd237,Renato Moicano,Brian Ortega,2026-09-19,timestamp,2026-09-19T21:00:00.000000Z,2026-09-14T02:00:29.000000Z,0.7261976157000001,35e4ecfdff7cbda98fa3,point-in-time-elo-logistic-v2,2026-09-12,date,630ffff6f14703001064b4f14399a272e2616f98,native_probability,
1,703577b0c991bf7cce08c63b2fed5a00e536953e4df612a80f6f6bc42a3bf53f,capture_20260915T172720944593Z_35001003309_1_5519b3fc5db6,matchup_ae4469d6e6c383f48dab6d33688d521769dc4791855bdb3c6cf4abaa090c38c7,,8a0a35e7c74bebcc,7c7332319c14094c,f1d64ae34e088832,Marlon Vera,Charles Jourdain,2026-09-19,timestamp,2026-09-19T21:00:00.000000Z,2026-09-14T02:00:29.000000Z,0.2723364243,35e4ecfdff7cbda98fa3,point-in-time-elo-logistic-v2,2026-09-12,date,630ffff6f14703001064b4f14399a272e2616f98,native_probability,
1,7e744382849f3c044459ae8cf65af8f2d3492e2435125214f77e299fcd93b274,capture_20260915T172720944593Z_35001003309_1_5519b3fc5db6,matchup_476907300c352a3007df1648d5891307dad34b5ffaf7f0940510328bb5dda3c1,,8a0a35e7c74bebcc,1c23ec2f1b71be40,a495f599e787614f,Iwo Baraniewski,Alonzo Menifield,2026-09-19,timestamp,2026-09-19T21:00:00.000000Z,2026-09-14T02:00:29.000000Z,0.7084329221,35e4ecfdff7cbda98fa3,point-in-time-elo-logistic-v2,2026-09-12,date,630ffff6f14703001064b4f14399a272e2616f98,native_probability,
1,920cf89678bdf9ae4558cd32dfe084a6f39345039beb8d1c626f7bd2a005efea,capture_20260915T172720944593Z_35001003309_1_5519b3fc5db6,matchup_24d2abb788a1cd512c495fdc548d6e73ba97540b84f658b9ddefdfce49e378d6,,8a0a35e7c74bebcc,0f3a990526c5e706,f7e856a73c96048e,Sean Sharaf,Gable Steveson,2026-09-19,timestamp,2026-09-19T21:00:00.000000Z,2026-09-14T02:00:29.000000Z,0.08680082619999996,35e4ecfdff7cbda98fa3,point-in-time-elo-logistic-v2,2026-09-12,date,630ffff6f14703001064b4f14399a272e2616f98,native_probability,
1,d3aa844af3f2c5f05084b4ad8c72019dedd53963484cfe1bca0cebea6f93636f,capture_20260915T172720944593Z_35001003309_1_5519b3fc5db6,matchup_46acdff5f3e3f7792daa1d5df06232e0e473168e2b7cb8890421fed3e858632b,,8a0a35e7c74bebcc,9c393e836a852f30,eae48ff31db420c2,Mauricio Ruffy,Arman Tsarukyan,2026-09-19,timestamp,2026-09-19T21:00:00.000000Z,2026-09-14T02:00:29.000000Z,0.2523123301,35e4ecfdff7cbda98fa3,point-in-time-elo-logistic-v2,2026-09-12,date,630ffff6f14703001064b4f14399a272e2616f98,native_probability,
1,f16016daae2776a132091e2f79901be28eaadbb907680830ce5c26b755953bfe,capture_20260915T172720944593Z_35001003309_1_5519b3fc5db6,matchup_6e355a8ad7d197cbe29ce642d75d50d2a8e45844e42d87852e64e4bf6ec40b9c,,8a0a35e7c74bebcc,17e97649403ba428,a0f0004aadf10b71,Joshua Van,Alexandre Pantoja,2026-09-19,timestamp,2026-09-19T21:00:00.000000Z,2026-09-14T02:00:29.000000Z,0.7779829299000001,35e4ecfdff7cbda98fa3,point-in-time-elo-logistic-v2,2026-09-12,date,630ffff6f14703001064b4f14399a272e2616f98,native_probability,
1,f7388d31313c71d3faf6b11d8e3ffa5e42015e8adac8b49232ab057ed7013797,capture_20260915T172720944593Z_35001003309_1_5519b3fc5db6,matchup_acd0e6b31a1c8fb3bae358145f988d378eaf334300bf13546996916eed3530b8,,8a0a35e7c74bebcc,1e719d4b676dc19a,4144798612ef96e5,Brunno Ferreira,Edmen Shahbazyan,2026-09-19,timestamp,2026-09-19T21:00:00.000000Z,2026-09-14T02:00:29.000000Z,0.29303726789999995,35e4ecfdff7cbda98fa3,point-in-time-elo-logistic-v2,2026-09-12,date,630ffff6f14703001064b4f14399a272e2616f98,native_probability,
1,f887685bb54f0c141808267cd753b2134e6a6d34ba581ca0890d8d657d6b3954,capture_20260915T172720944593Z_35001003309_1_5519b3fc5db6,matchup_41ba239087a241674fcd8f74181fb92a25ca542b10d45301b7c21c7489209f99,,8a0a35e7c74bebcc,140567899d98978a,c62fbc117d57b943,Robelis Despaigne,Tai Tuivasa,2026-09-19,timestamp,2026-09-19T21:00:00.000000Z,2026-09-14T02:00:29.000000Z,0.5353771359999999,35e4ecfdff7cbda98fa3,point-in-time-elo-logistic-v2,2026-09-12,date,630ffff6f14703001064b4f14399a272e2616f98,native_probability,
1,0a4ba08d8e14627209b2d1b45e8b5e9e5915fa34059c4233c103a761cbab2dbb,capture_20260915T232727232914Z_35035511527_1_c6a12a69dc71,matchup_bec90fe45f91dcb38f05be1a35565a02b9c8e1ca4de8ffb24483749c9958aa9c,,8a0a35e7c74bebcc,98a58c26c5b1ed17,e93b04e308913c2e,Patricio Pitbull,Dooho Choi,2026-09-19,timestamp,2026-09-19T21:00:00.000000Z,2026-09-14T02:00:29.000000Z,0.24533110900000002,35e4ecfdff7cbda98fa3,point-in-time-elo-logistic-v2,2026-09-12,date,630ffff6f14703001064b4f14399a272e2616f98,native_probability,
1,221d82a84e0abeca0aaf9cc916540227d305d925a78a020dfad8d1647f8ede5b,capture_20260915T232727232914Z_35035511527_1_c6a12a69dc71,matchup_c79dcc9635165d1f4a1e239bf9c5b598ecfcf90c75e2f49b00cff1c9260a3fd4,,8a0a35e7c74bebcc,6967153c7edb4d87,e463ce0a2ca474f4,Ozzy Diaz,Ryan Gandra,2026-09-19,timestamp,2026-09-19T21:00:00.000000Z,2026-09-14T02:00:29.000000Z,0.3650763641,35e4ecfdff7cbda98fa3,point-in-time-elo-logistic-v2,2026-09-12,date,630ffff6f14703001064b4f14399a272e2616f98,native_probability,
1,440639c7948f03a3d8e77a572cf0b0b8c6ddc7ea8f05e61eaae3e5e90083cc20,capture_20260915T232727232914Z_35035511527_1_c6a12a69dc71,matchup_ae4469d6e6c383f48dab6d33688d521769dc4791855bdb3c6cf4abaa090c38c7,,8a0a35e7c74bebcc,7c7332319c14094c,f1d64ae34e088832,Marlon Vera,Charles Jourdain,2026-09-19,timestamp,2026-09-19T21:00:00.000000Z,2026-09-14T02:00:29.000000Z,0.2723364243,35e4ecfdff7cbda98fa3,point-in-time-elo-logistic-v2,2026-09-12,date,630ffff6f14703001064b4f14399a272e2616f98,native_probability,
1,6092324117919672eb9dc7e62eec89f4ccae3a9bde91a957fa014fcce3e1e9c7,capture_20260915T232727232914Z_35035511527_1_c6a12a69dc71,matchup_24d2abb788a1cd512c495fdc548d6e73ba97540b84f658b9ddefdfce49e378d6,,8a0a35e7c74bebcc,0f3a990526c5e706,f7e856a73c96048e,Sean Sharaf,Gable Steveson,2026-09-19,timestamp,2026-09-19T21:00:00.000000Z,2026-09-14T02:00:29.000000Z,0.08680082619999996,35e4ecfdff7cbda98fa3,point-in-time-elo-logistic-v2,2026-09-12,date,630ffff6f14703001064b4f14399a272e2616f98,native_probability,
1,78c807012332e8e1c70f69a9d8de96779b40e5a7bc5ac82654f57f7ce132849e,capture_20260915T232727232914Z_35035511527_1_c6a12a69dc71,matchup_476907300c352a3007df1648d5891307dad34b5ffaf7f0940510328bb5dda3c1,,8a0a35e7c74bebcc,1c23ec2f1b71be40,a495f599e787614f,Iwo Baraniewski,Alonzo Menifield,2026-09-19,timestamp,2026-09-19T21:00:00.000000Z,2026-09-14T02:00:29.000000Z,0.7084329221,35e4ecfdff7cbda98fa3,point-in-time-elo-logistic-v2,2026-09-12,date,630ffff6f14703001064b4f14399a272e2616f98,native_probability,
1,a9594570d6fd25fdc90ccaac7a4c16cc36ea3ef7762c80cdf417d5960a08571e,capture_20260915T232727232914Z_35035511527_1_c6a12a69dc71,matchup_6e355a8ad7d197cbe29ce642d75d50d2a8e45844e42d87852e64e4bf6ec40b9c,,8a0a35e7c74bebcc,17e97649403ba428,a0f0004aadf10b71,Joshua Van,Alexandre Pantoja,2026-09-19,timestamp,2026-09-19T21:00:00.000000Z,2026-09-14T02:00:29.000000Z,0.7779829299000001,35e4ecfdff7cbda98fa3,point-in-time-elo-logistic-v2,2026-09-12,date,630ffff6f14703001064b4f14399a272e2616f98,native_probability,
1,a9d74d0a9478bb02a819a457a62172987d16e4bc30238a9ab80abe562b66e9ca,capture_20260915T232727232914Z_35035511527_1_c6a12a69dc71,matchup_8cb639734e70349cede5526c9186ce46910e1a9fe372bc84895459f47f63314c,,8a0a35e7c74bebcc,04835018f90b118c,de594b35c45c2e9a,Casey O'Neill,Eduarda Moura,2026-09-19,timestamp,2026-09-19T21:00:00.000000Z,2026-09-14T02:00:29.000000Z,0.5531087991,35e4ecfdff7cbda98fa3,point-in-time-elo-logistic-v2,2026-09-12,date,630ffff6f14703001064b4f14399a272e2616f98,native_probability,
1,b1b9e2cff847078615e927aa4c96b64de2e71a19b3312dbd94ec32f790789cde,capture_20260915T232727232914Z_35035511527_1_c6a12a69dc71,matchup_41ba239087a241674fcd8f74181fb92a25ca542b10d45301b7c21c7489209f99,,8a0a35e7c74bebcc,140567899d98978a,c62fbc117d57b943,Robelis Despaigne,Tai Tuivasa,2026-09-19,timestamp,2026-09-19T21:00:00.000000Z,2026-09-14T02:00:29.000000Z,0.5353771359999999,35e4ecfdff7cbda98fa3,point-in-time-elo-logistic-v2,2026-09-12,date,630ffff6f14703001064b4f14399a272e2616f98,native_probability,
1,bb428e54f8cfd76bd8454eb8dffd9a9d4997e41b3bd63e0395b01b27da0d4913,capture_20260915T232727232914Z_35035511527_1_c6a12a69dc71,matchup_46acdff5f3e3f7792daa1d5df06232e0e473168e2b7cb8890421fed3e858632b,,8a0a35e7c74bebcc,9c393e836a852f30,eae48ff31db420c2,Mauricio Ruffy,Arman Tsarukyan,2026-09-19,timestamp,2026-09-19T21:00:00.000000Z,2026-09-14T02:00:29.000000Z,0.2523123301,35e4ecfdff7cbda98fa3,point-in-time-elo-logistic-v2,2026-09-12,date,630ffff6f14703001064b4f14399a272e2616f98,native_probability,
1,c6d36f5c35933aaf6fb7d9e05aec497c70b8823e0f8402f5ceafc2c287376997,capture_20260915T232727232914Z_35035511527_1_c6a12a69dc71,matchup_acd0e6b31a1c8fb3bae358145f988d378eaf334300bf13546996916eed3530b8,,8a0a35e7c74bebcc,1e719d4b676dc19a,4144798612ef96e5,Brunno Ferreira,Edmen Shahbazyan,2026-09-19,timestamp,2026-09-19T21:00:00.000000Z,2026-09-14T02:00:29.000000Z,0.29303726789999995,35e4ecfdff7cbda98fa3,point-in-time-elo-logistic-v2,2026-09-12,date,630ffff6f14703001064b4f14399a272e2616f98,native_probability,
1,f54f867578e3e1b6f5159365bcf2f6d1ef9dfeff86ac89f93329cb2451530b77,capture_20260915T232727232914Z_35035511527_1_c6a12a69dc71,matchup_5b75d6b29b94ef096db1dd93571feaf46134f07f9341c05258a44c34dcd700ec,,8a0a35e7c74bebcc,b6452706b373eea1,def8166ff24bd237,Renato Moicano,Brian Ortega,2026-09-19,timestamp,2026-09-19T21:00:00.000000Z,2026-09-14T02:00:29.000000Z,0.7261976157000001,35e4ecfdff7cbda98fa3,point-in-time-elo-logistic-v2,2026-09-12,date,630ffff6f14703001064b4f14399a272e2616f98,native_probability,
1,fed074a88cbf1e7de4797e463f70227a5e1d449c77c9696549b505f1bfed2afb,capture_20260915T232727232914Z_35035511527_1_c6a12a69dc71,matchup_730df33900ec43538f5d7a9c368cd8fc9d91aef0d76aae08a2e109ea2630641f,,8a0a35e7c74bebcc,791c8437b341fba5,9560ff14eb3129f7,Joanderson Brito,Giga Chikadze,2026-09-19,timestamp,2026-09-19T21:00:00.000000Z,2026-09-14T02:00:29.000000Z,0.7508323863999999,35e4ecfdff7cbda98fa3,point-in-time-elo-logistic-v2,2026-09-12,date,630ffff6f14703001064b4f14399a272e2616f98,native_probability,
1,06b9c3e717abe666dbfa76afa4cb1cffd44fc6961f2436db28622ac09247176d,capture_20260916T172811225111Z_35127923030_1_8891492b8786,matchup_8cb639734e70349cede5526c9186ce46910e1a9fe372bc84895459f47f63314c,,8a0a35e7c74bebcc,04835018f90b118c,de594b35c45c2e9a,Casey O'Neill,Eduarda Moura,2026-09-19,timestamp,2026-09-19T21:00:00.000000Z,2026-09-14T02:00:29.000000Z,0.5531087991,35e4ecfdff7cbda98fa3,point-in-time-elo-logistic-v2,2026-09-12,date,630ffff6f14703001064b4f14399a272e2616f98,native_probability,
1,297ce129a202e8a0f3897679f07d8f434e8d593b832cc734fa7d99d564d59cb0,capture_20260916T172811225111Z_35127923030_1_8891492b8786,matchup_24d2abb788a1cd512c495fdc548d6e73ba97540b84f658b9ddefdfce49e378d6,,8a0a35e7c74bebcc,0f3a990526c5e706,f7e856a73c96048e,Sean Sharaf,Gable Steveson,2026-09-19,timestamp,2026-09-19T21:00:00.000000Z,2026-09-14T02:00:29.000000Z,0.08680082619999996,35e4ecfdff7cbda98fa3,point-in-time-elo-logistic-v2,2026-09-12,date,630ffff6f14703001064b4f14399a272e2616f98,native_probability,
1,4dc3b46f59f5e90bb4011d0287a03d6c3121192659cf0654c8382a1067b48f93,capture_20260916T172811225111Z_35127923030_1_8891492b8786,matchup_bec90fe45f91dcb38f05be1a35565a02b9c8e1ca4de8ffb24483749c9958aa9c,,8a0a35e7c74bebcc,98a58c26c5b1ed17,e93b04e308913c2e,Patricio Pitbull,Dooho Choi,2026-09-19,timestamp,2026-09-19T21:00:00.000000Z,2026-09-14T02:00:29.000000Z,0.24533110900000002,35e4ecfdff7cbda98fa3,point-in-time-elo-logistic-v2,2026-09-12,date,630ffff6f14703001064b4f14399a272e2616f98,native_probability,
1,5545b15689ce02e92466b9d960fcf68a296d41870daaec811df4ccd494bc0f35,capture_20260916T172811225111Z_35127923030_1_8891492b8786,matchup_41ba239087a241674fcd8f74181fb92a25ca542b10d45301b7c21c7489209f99,,8a0a35e7c74bebcc,140567899d98978a,c62fbc117d57b943,Robelis Despaigne,Tai Tuivasa,2026-09-19,timestamp,2026-09-19T21:00:00.000000Z,2026-09-14T02:00:29.000000Z,0.5353771359999999,35e4ecfdff7cbda98fa3,point-in-time-elo-logistic-v2,2026-09-12,date,630ffff6f14703001064b4f14399a272e2616f98,native_probability,
1,689bd66ccd659e7d56780e00d700725498a5840d075fa77f94b1e452daff902a,capture_20260916T172811225111Z_35127923030_1_8891492b8786,matchup_730df33900ec43538f5d7a9c368cd8fc9d91aef0d76aae08a2e109ea2630641f,,8a0a35e7c74bebcc,791c8437b341fba5,9560ff14eb3129f7,Joanderson Brito,Giga Chikadze,2026-09-19,timestamp,2026-09-19T21:00:00.000000Z,2026-09-14T02:00:29.000000Z,0.7508323863999999,35e4ecfdff7cbda98fa3,point-in-time-elo-logistic-v2,2026-09-12,date,630ffff6f14703001064b4f14399a272e2616f98,native_probability,
1,6abaff0f8f02778f5cbb3b0bccb4aab3d5d11cd87a9a8d909ed37e4fd6994e3d,capture_20260916T172811225111Z_35127923030_1_8891492b8786,matchup_c79dcc9635165d1f4a1e239bf9c5b598ecfcf90c75e2f49b00cff1c9260a3fd4,,8a0a35e7c74bebcc,6967153c7edb4d87,e463ce0a2ca474f4,Ozzy Diaz,Ryan Gandra,2026-09-19,timestamp,2026-09-19T21:00:00.000000Z,2026-09-14T02:00:29.000000Z,0.3650763641,35e4ecfdff7cbda98fa3,point-in-time-elo-logistic-v2,2026-09-12,date,630ffff6f14703001064b4f14399a272e2616f98,native_probability,
1,76f844863536352af69a80cd29da72422148a951e0299632e706e634c6a8e709,capture_20260916T172811225111Z_35127923030_1_8891492b8786,matchup_476907300c352a3007df1648d5891307dad34b5ffaf7f0940510328bb5dda3c1,,8a0a35e7c74bebcc,1c23ec2f1b71be40,a495f599e787614f,Iwo Baraniewski,Alonzo Menifield,2026-09-19,timestamp,2026-09-19T21:00:00.000000Z,2026-09-14T02:00:29.000000Z,0.7084329221,35e4ecfdff7cbda98fa3,point-in-time-elo-logistic-v2,2026-09-12,date,630ffff6f14703001064b4f14399a272e2616f98,native_probability,
1,80e8647b1f12c99e5d12af37b3fad2d40e80d59eb8f43b9ad70cc83478e298d8,capture_20260916T172811225111Z_35127923030_1_8891492b8786,matchup_46acdff5f3e3f7792daa1d5df06232e0e473168e2b7cb8890421fed3e858632b,,8a0a35e7c74bebcc,9c393e836a852f30,eae48ff31db420c2,Mauricio Ruffy,Arman Tsarukyan,2026-09-19,timestamp,2026-09-19T21:00:00.000000Z,2026-09-14T02:00:29.000000Z,0.2523123301,35e4ecfdff7cbda98fa3,point-in-time-elo-logistic-v2,2026-09-12,date,630ffff6f14703001064b4f14399a272e2616f98,native_probability,
1,8cbda9f874a6a8c8a2703f2974cdb07eeb57c9d2e615eef4b8ad745ea41edf7d,capture_20260916T172811225111Z_35127923030_1_8891492b8786,matchup_ae4469d6e6c383f48dab6d33688d521769dc4791855bdb3c6cf4abaa090c38c7,,8a0a35e7c74bebcc,7c7332319c14094c,f1d64ae34e088832,Marlon Vera,Charles Jourdain,2026-09-19,timestamp,2026-09-19T21:00:00.000000Z,2026-09-14T02:00:29.000000Z,0.2723364243,35e4ecfdff7cbda98fa3,point-in-time-elo-logistic-v2,2026-09-12,date,630ffff6f14703001064b4f14399a272e2616f98,native_probability,
1,92fed8110e5afd1753998bec1a98ca6b3b80ff6c3cf4c4ac0e6c3c4195b10f3f,capture_20260916T172811225111Z_35127923030_1_8891492b8786,matchup_6e355a8ad7d197cbe29ce642d75d50d2a8e45844e42d87852e64e4bf6ec40b9c,,8a0a35e7c74bebcc,17e97649403ba428,a0f0004aadf10b71,Joshua Van,Alexandre Pantoja,2026-09-19,timestamp,2026-09-19T21:00:00.000000Z,2026-09-14T02:00:29.000000Z,0.7779829299000001,35e4ecfdff7cbda98fa3,point-in-time-elo-logistic-v2,2026-09-12,date,630ffff6f14703001064b4f14399a272e2616f98,native_probability,
1,dec0351752dadf9fddabe530835617120528d045426ca65fb0fb6fca9b8114ac,capture_20260916T172811225111Z_35127923030_1_8891492b8786,matchup_5b75d6b29b94ef096db1dd93571feaf46134f07f9341c05258a44c34dcd700ec,,8a0a35e7c74bebcc,b6452706b373eea1,def8166ff24bd237,Renato Moicano,Brian Ortega,2026-09-19,timestamp,2026-09-19T21:00:00.000000Z,2026-09-14T02:00:29.000000Z,0.7261976157000001,35e4ecfdff7cbda98fa3,point-in-time-elo-logistic-v2,2026-09-12,date,630ffff6f14703001064b4f14399a272e2616f98,native_probability,
1,f6f8ff0cf11333d49658e84cfdac7850bf858a52d6b41fbf2ade53eaf52fdacf,capture_20260916T172811225111Z_35127923030_1_8891492b8786,matchup_acd0e6b31a1c8fb3bae358145f988d378eaf334300bf13546996916eed3530b8,,8a0a35e7c74bebcc,1e719d4b676dc19a,4144798612ef96e5,Brunno Ferreira,Edmen Shahbazyan,2026-09-19,timestamp,2026-09-19T21:00:00.000000Z,2026-09-14T02:00:29.000000Z,0.29303726789999995,35e4ecfdff7cbda98fa3,point-in-time-elo-logistic-v2,2026-09-12,date,630ffff6f14703001064b4f14399a272e2616f98,native_probability,
1,034bba1b0f4a382a5c27a8967e918869e96018642d0ee49b3a2652adb964b857,capture_20260916T232827437268Z_35162144096_1_74a600a1a75e,matchup_41ba239087a241674fcd8f74181fb92a25ca542b10d45301b7c21c7489209f99,,8a0a35e7c74bebcc,140567899d98978a,c62fbc117d57b943,Robelis Despaigne,Tai Tuivasa,2026-09-19,timestamp,2026-09-19T21:00:00.000000Z,2026-09-14T02:00:29.000000Z,0.5353771359999999,35e4ecfdff7cbda98fa3,point-in-time-elo-logistic-v2,2026-09-12,date,630ffff6f14703001064b4f14399a272e2616f98,native_probability,
1,3352e8f1e470dee777fccf01505bd31839fe427146f5382307aaec8931452457,capture_20260916T232827437268Z_35162144096_1_74a600a1a75e,matchup_c79dcc9635165d1f4a1e239bf9c5b598ecfcf90c75e2f49b00cff1c9260a3fd4,,8a0a35e7c74bebcc,6967153c7edb4d87,e463ce0a2ca474f4,Ozzy Diaz,Ryan Gandra,2026-09-19,timestamp,2026-09-19T21:00:00.000000Z,2026-09-14T02:00:29.000000Z,0.3650763641,35e4ecfdff7cbda98fa3,point-in-time-elo-logistic-v2,2026-09-12,date,630ffff6f14703001064b4f14399a272e2616f98,native_probability,
1,3653d10cb788f90b96be23b5bcac5f670c66b030dfc530768bdc0c566ba80dfe,capture_20260916T232827437268Z_35162144096_1_74a600a1a75e,matchup_730df33900ec43538f5d7a9c368cd8fc9d91aef0d76aae08a2e109ea2630641f,,8a0a35e7c74bebcc,791c8437b341fba5,9560ff14eb3129f7,Joanderson Brito,Giga Chikadze,2026-09-19,timestamp,2026-09-19T21:00:00.000000Z,2026-09-14T02:00:29.000000Z,0.7508323863999999,35e4ecfdff7cbda98fa3,point-in-time-elo-logistic-v2,2026-09-12,date,630ffff6f14703001064b4f14399a272e2616f98,native_probability,
1,4047b0d91c3e4d9f27ed503ceb9568df926023021b053ed7528d2366bcb0207c,capture_20260916T232827437268Z_35162144096_1_74a600a1a75e,matchup_8cb639734e70349cede5526c9186ce46910e1a9fe372bc84895459f47f63314c,,8a0a35e7c74bebcc,04835018f90b118c,de594b35c45c2e9a,Casey O'Neill,Eduarda Moura,2026-09-19,timestamp,2026-09-19T21:00:00.000000Z,2026-09-14T02:00:29.000000Z,0.5531087991,35e4ecfdff7cbda98fa3,point-in-time-elo-logistic-v2,2026-09-12,date,630ffff6f14703001064b4f14399a272e2616f98,native_probability,
1,583964896f67839e0b589c02fa99b157fe0f621a0552f0fafe418dd42116d8e1,capture_20260916T232827437268Z_35162144096_1_74a600a1a75e,matchup_acd0e6b31a1c8fb3bae358145f988d378eaf334300bf13546996916eed3530b8,,8a0a35e7c74bebcc,1e719d4b676dc19a,4144798612ef96e5,Brunno Ferreira,Edmen Shahbazyan,2026-09-19,timestamp,2026-09-19T21:00:00.000000Z,2026-09-14T02:00:29.000000Z,0.29303726789999995,35e4ecfdff7cbda98fa3,point-in-time-elo-logistic-v2,2026-09-12,date,630ffff6f14703001064b4f14399a272e2616f98,native_probability,
1,6d14d3185f13e51c4d54a1e32b103a3dad2047e508de5d4bbbc5334aebdba8e6,capture_20260916T232827437268Z_35162144096_1_74a600a1a75e,matchup_ae4469d6e6c383f48dab6d33688d521769dc4791855bdb3c6cf4abaa090c38c7,,8a0a35e7c74bebcc,7c7332319c14094c,f1d64ae34e088832,Marlon Vera,Charles Jourdain,2026-09-19,timestamp,2026-09-19T21:00:00.000000Z,2026-09-14T02:00:29.000000Z,0.2723364243,35e4ecfdff7cbda98fa3,point-in-time-elo-logistic-v2,2026-09-12,date,630ffff6f14703001064b4f14399a272e2616f98,native_probability,
1,8d2c5862115c23ef2c9be5ebc1a45ecad39b445c302fa9a0ff8d84dd2696a42d,capture_20260916T232827437268Z_35162144096_1_74a600a1a75e,matchup_476907300c352a3007df1648d5891307dad34b5ffaf7f0940510328bb5dda3c1,,8a0a35e7c74bebcc,1c23ec2f1b71be40,a495f599e787614f,Iwo Baraniewski,Alonzo Menifield,2026-09-19,timestamp,2026-09-19T21:00:00.000000Z,2026-09-14T02:00:29.000000Z,0.7084329221,35e4ecfdff7cbda98fa3,point-in-time-elo-logistic-v2,2026-09-12,date,630ffff6f14703001064b4f14399a272e2616f98,native_probability,
1,8df535feac789d13258631398a22edaa6d4f1fb937d827aed2f0ac4280691137,capture_20260916T232827437268Z_35162144096_1_74a600a1a75e,matchup_46acdff5f3e3f7792daa1d5df06232e0e473168e2b7cb8890421fed3e858632b,,8a0a35e7c74bebcc,9c393e836a852f30,eae48ff31db420c2,Mauricio Ruffy,Arman Tsarukyan,2026-09-19,timestamp,2026-09-19T21:00:00.000000Z,2026-09-14T02:00:29.000000Z,0.2523123301,35e4ecfdff7cbda98fa3,point-in-time-elo-logistic-v2,2026-09-12,date,630ffff6f14703001064b4f14399a272e2616f98,native_probability,
1,95acf55578a9211518411c91dc98f62a1c175af1473d6baae36a8bc71e097729,capture_20260916T232827437268Z_35162144096_1_74a600a1a75e,matchup_24d2abb788a1cd512c495fdc548d6e73ba97540b84f658b9ddefdfce49e378d6,,8a0a35e7c74bebcc,0f3a990526c5e706,f7e856a73c96048e,Sean Sharaf,Gable Steveson,2026-09-19,timestamp,2026-09-19T21:00:00.000000Z,2026-09-14T02:00:29.000000Z,0.08680082619999996,35e4ecfdff7cbda98fa3,point-in-time-elo-logistic-v2,2026-09-12,date,630ffff6f14703001064b4f14399a272e2616f98,native_probability,
1,985da6c7f5184ee9889c4f0617d8dfe92924201c15a4d5dceb81f56908070430,capture_20260916T232827437268Z_35162144096_1_74a600a1a75e,matchup_5b75d6b29b94ef096db1dd93571feaf46134f07f9341c05258a44c34dcd700ec,,8a0a35e7c74bebcc,b6452706b373eea1,def8166ff24bd237,Renato Moicano,Brian Ortega,2026-09-19,timestamp,2026-09-19T21:00:00.000000Z,2026-09-14T02:00:29.000000Z,0.7261976157000001,35e4ecfdff7cbda98fa3,point-in-time-elo-logistic-v2,2026-09-12,date,630ffff6f14703001064b4f14399a272e2616f98,native_probability,
1,d4800ffc4500a81d22997a1eecae40024ccc1c72575cc185cfdde9aaa8b8db3e,capture_20260916T232827437268Z_35162144096_1_74a600a1a75e,matchup_bec90fe45f91dcb38f05be1a35565a02b9c8e1ca4de8ffb24483749c9958aa9c,,8a0a35e7c74bebcc,98a58c26c5b1ed17,e93b04e308913c2e,Patricio Pitbull,Dooho Choi,2026-09-19,timestamp,2026-09-19T21:00:00.000000Z,2026-09-14T02:00:29.000000Z,0.24533110900000002,35e4ecfdff7cbda98fa3,point-in-time-elo-logistic-v2,2026-09-12,date,630ffff6f14703001064b4f14399a272e2616f98,native_probability,
1,e16c27760287c275f5b4e74f3a1fe6d1c3115224d22f5694ba4f39e9b37e0a04,capture_20260916T232827437268Z_35162144096_1_74a600a1a75e,matchup_6e355a8ad7d197cbe29ce642d75d50d2a8e45844e42d87852e64e4bf6ec40b9c,,8a0a35e7c74bebcc,17e97649403ba428,a0f0004aadf10b71,Joshua Van,Alexandre Pantoja,2026-09-19,timestamp,2026-09-19T21:00:00.000000Z,2026-09-14T02:00:29.000000Z,0.7779829299000001,35e4ecfdff7cbda98fa3,point-in-time-elo-logistic-v2,2026-09-12,date,630ffff6f14703001064b4f14399a272e2616f98,native_probability,
1,19c5c600e70e7fc8df6f402f61714ce4bc03ea9b0a59b9c879fe7a7b7e84463b,capture_20260917T172656841725Z_35252428675_1_2c0ed562a158,matchup_c79dcc9635165d1f4a1e239bf9c5b598ecfcf90c75e2f49b00cff1c9260a3fd4,,8a0a35e7c74bebcc,6967153c7edb4d87,e463ce0a2ca474f4,Ozzy Diaz,Ryan Gandra,2026-09-19,timestamp,2026-09-19T21:45:00.000000Z,2026-09-17T02:49:37.000000Z,0.3650763641,5ca0c9b4a2b142fb5faf,point-in-time-elo-logistic-v2,2026-09-12,date,b9b0d891c1095ed65a699ce2c1a8f8f539f57345,native_probability,
1,1c92136a2d4e81c32d2be476756ea6db35917c8ca5b430fc189305be3d1db9fa,capture_20260917T172656841725Z_35252428675_1_2c0ed562a158,matchup_6e355a8ad7d197cbe29ce642d75d50d2a8e45844e42d87852e64e4bf6ec40b9c,,8a0a35e7c74bebcc,17e97649403ba428,a0f0004aadf10b71,Joshua Van,Alexandre Pantoja,2026-09-19,timestamp,2026-09-19T21:45:00.000000Z,2026-09-17T02:49:37.000000Z,0.7779829299000001,5ca0c9b4a2b142fb5faf,point-in-time-elo-logistic-v2,2026-09-12,date,b9b0d891c1095ed65a699ce2c1a8f8f539f57345,native_probability,
1,3a81f550b949dda8d77b674254f1efc368cdd4403a4638e16f02f9ee8a99d9b6,capture_20260917T172656841725Z_35252428675_1_2c0ed562a158,matchup_ae4469d6e6c383f48dab6d33688d521769dc4791855bdb3c6cf4abaa090c38c7,,8a0a35e7c74bebcc,7c7332319c14094c,f1d64ae34e088832,Marlon Vera,Charles Jourdain,2026-09-19,timestamp,2026-09-19T21:45:00.000000Z,2026-09-17T02:49:37.000000Z,0.2723364243,5ca0c9b4a2b142fb5faf,point-in-time-elo-logistic-v2,2026-09-12,date,b9b0d891c1095ed65a699ce2c1a8f8f539f57345,native_probability,
1,4689e23f069a4d30b4d44e6c35f1b5282524567e12c7295814eb054ac41f5bde,capture_20260917T172656841725Z_35252428675_1_2c0ed562a158,matchup_bec90fe45f91dcb38f05be1a35565a02b9c8e1ca4de8ffb24483749c9958aa9c,,8a0a35e7c74bebcc,98a58c26c5b1ed17,e93b04e308913c2e,Patricio Pitbull,Dooho Choi,2026-09-19,timestamp,2026-09-19T21:45:00.000000Z,2026-09-17T02:49:37.000000Z,0.24533110900000002,5ca0c9b4a2b142fb5faf,point-in-time-elo-logistic-v2,2026-09-12,date,b9b0d891c1095ed65a699ce2c1a8f8f539f57345,native_probability,
1,8ffc5186bbdffc88b4575b1f7f2d10bebf0eb0286fc3ef9e0a55b9099b393080,capture_20260917T172656841725Z_35252428675_1_2c0ed562a158,matchup_46acdff5f3e3f7792daa1d5df06232e0e473168e2b7cb8890421fed3e858632b,,8a0a35e7c74bebcc,9c393e836a852f30,eae48ff31db420c2,Mauricio Ruffy,Arman Tsarukyan,2026-09-19,timestamp,2026-09-19T21:45:00.000000Z,2026-09-17T02:49:37.000000Z,0.2523123301,5ca0c9b4a2b142fb5faf,point-in-time-elo-logistic-v2,2026-09-12,date,b9b0d891c1095ed65a699ce2c1a8f8f539f57345,native_probability,
1,b18d92cfcbc22f4245518cdeb8b3aa055a641ff4a5a18aef26d39a9c18ecbca8,capture_20260917T172656841725Z_35252428675_1_2c0ed562a158,matchup_41ba239087a241674fcd8f74181fb92a25ca542b10d45301b7c21c7489209f99,,8a0a35e7c74bebcc,140567899d98978a,c62fbc117d57b943,Robelis Despaigne,Tai Tuivasa,2026-09-19,timestamp,2026-09-19T21:45:00.000000Z,2026-09-17T02:49:37.000000Z,0.5353771359999999,5ca0c9b4a2b142fb5faf,point-in-time-elo-logistic-v2,2026-09-12,date,b9b0d891c1095ed65a699ce2c1a8f8f539f57345,native_probability,
1,ba0c643efe99baf8df8023474a27e144ad9d9d5dbebb0e20429bb92efc6c33bb,capture_20260917T172656841725Z_35252428675_1_2c0ed562a158,matchup_476907300c352a3007df1648d5891307dad34b5ffaf7f0940510328bb5dda3c1,,8a0a35e7c74bebcc,1c23ec2f1b71be40,a495f599e787614f,Iwo Baraniewski,Alonzo Menifield,2026-09-19,timestamp,2026-09-19T21:45:00.000000Z,2026-09-17T02:49:37.000000Z,0.7084329221,5ca0c9b4a2b142fb5faf,point-in-time-elo-logistic-v2,2026-09-12,date,b9b0d891c1095ed65a699ce2c1a8f8f539f57345,native_probability,
1,bd78e68299c4e8dbe02f42b95e7d3dc253cfd845d3bf1235cb7ba6e29ff93520,capture_20260917T172656841725Z_35252428675_1_2c0ed562a158,matchup_acd0e6b31a1c8fb3bae358145f988d378eaf334300bf13546996916eed3530b8,,8a0a35e7c74bebcc,1e719d4b676dc19a,4144798612ef96e5,Brunno Ferreira,Edmen Shahbazyan,2026-09-19,timestamp,2026-09-19T21:45:00.000000Z,2026-09-17T02:49:37.000000Z,0.29303726789999995,5ca0c9b4a2b142fb5faf,point-in-time-elo-logistic-v2,2026-09-12,date,b9b0d891c1095ed65a699ce2c1a8f8f539f57345,native_probability,
1,d5b7611db788576aae893a0ae990408c724d120802133d8c254cb76b118ccd74,capture_20260917T172656841725Z_35252428675_1_2c0ed562a158,matchup_24d2abb788a1cd512c495fdc548d6e73ba97540b84f658b9ddefdfce49e378d6,,8a0a35e7c74bebcc,0f3a990526c5e706,f7e856a73c96048e,Sean Sharaf,Gable Steveson,2026-09-19,timestamp,2026-09-19T21:45:00.000000Z,2026-09-17T02:49:37.000000Z,0.08680082619999996,5ca0c9b4a2b142fb5faf,point-in-time-elo-logistic-v2,2026-09-12,date,b9b0d891c1095ed65a699ce2c1a8f8f539f57345,native_probability,
1,fe663447bf79da75873ce05b9dd1c536a464d00fd564d2dedb1937a1e75b66d5,capture_20260917T172656841725Z_35252428675_1_2c0ed562a158,matchup_8cb639734e70349cede5526c9186ce46910e1a9fe372bc84895459f47f63314c,,8a0a35e7c74bebcc,04835018f90b118c,de594b35c45c2e9a,Casey O'Neill,Eduarda Moura,2026-09-19,timestamp,2026-09-19T21:45:00.000000Z,2026-09-17T02:49:37.000000Z,0.5531087991,5ca0c9b4a2b142fb5faf,point-in-time-elo-logistic-v2,2026-09-12,date,b9b0d891c1095ed65a699ce2c1a8f8f539f57345,native_probability,
1,fed39ab09854e3a153a0ef773d16a56df886ee27095afbebd73c2666ac7c17ff,capture_20260917T172656841725Z_35252428675_1_2c0ed562a158,matchup_730df33900ec43538f5d7a9c368cd8fc9d91aef0d76aae08a2e109ea2630641f,,8a0a35e7c74bebcc,791c8437b341fba5,9560ff14eb3129f7,Joanderson Brito,Giga Chikadze,2026-09-19,timestamp,2026-09-19T21:45:00.000000Z,2026-09-17T02:49:37.000000Z,0.7508323863999999,5ca0c9b4a2b142fb5faf,point-in-time-elo-logistic-v2,2026-09-12,date,b9b0d891c1095ed65a699ce2c1a8f8f539f57345,native_probability,
1,07303c9cbec10a2a0f6a67454d8b30d0e86afcc956f03cb327c598a78a8a7d67,capture_20260917T232613862293Z_35286530597_1_41c509d8df72,matchup_46acdff5f3e3f7792daa1d5df06232e0e473168e2b7cb8890421fed3e858632b,,8a0a35e7c74bebcc,9c393e836a852f30,eae48ff31db420c2,Mauricio Ruffy,Arman Tsarukyan,2026-09-19,timestamp,2026-09-19T21:45:00.000000Z,2026-09-17T02:49:37.000000Z,0.2523123301,5ca0c9b4a2b142fb5faf,point-in-time-elo-logistic-v2,2026-09-12,date,b9b0d891c1095ed65a699ce2c1a8f8f539f57345,native_probability,
1,1c9d74a128f8c8b1881017342f3250094398b7d21c97d0ef64bbb5028039e25f,capture_20260917T232613862293Z_35286530597_1_41c509d8df72,matchup_6e355a8ad7d197cbe29ce642d75d50d2a8e45844e42d87852e64e4bf6ec40b9c,,8a0a35e7c74bebcc,17e97649403ba428,a0f0004aadf10b71,Joshua Van,Alexandre Pantoja,2026-09-19,timestamp,2026-09-19T21:45:00.000000Z,2026-09-17T02:49:37.000000Z,0.7779829299000001,5ca0c9b4a2b142fb5faf,point-in-time-elo-logistic-v2,2026-09-12,date,b9b0d891c1095ed65a699ce2c1a8f8f539f57345,native_probability,
1,21c7afba5584fcd6cc874fa65cee7928d61973a06bc8f79d2d9155359ea01c08,capture_20260917T232613862293Z_35286530597_1_41c509d8df72,matchup_476907300c352a3007df1648d5891307dad34b5ffaf7f0940510328bb5dda3c1,,8a0a35e7c74bebcc,1c23ec2f1b71be40,a495f599e787614f,Iwo Baraniewski,Alonzo Menifield,2026-09-19,timestamp,2026-09-19T21:45:00.000000Z,2026-09-17T02:49:37.000000Z,0.7084329221,5ca0c9b4a2b142fb5faf,point-in-time-elo-logistic-v2,2026-09-12,date,b9b0d891c1095ed65a699ce2c1a8f8f539f57345,native_probability,
1,2c1aefa2a768c24c6bd58e704f3763f80e930980a96f249c4fb9210b4203357d,capture_20260917T232613862293Z_35286530597_1_41c509d8df72,matchup_acd0e6b31a1c8fb3bae358145f988d378eaf334300bf13546996916eed3530b8,,8a0a35e7c74bebcc,1e719d4b676dc19a,4144798612ef96e5,Brunno Ferreira,Edmen Shahbazyan,2026-09-19,timestamp,2026-09-19T21:45:00.000000Z,2026-09-17T02:49:37.000000Z,0.29303726789999995,5ca0c9b4a2b142fb5faf,point-in-time-elo-logistic-v2,2026-09-12,date,b9b0d891c1095ed65a699ce2c1a8f8f539f57345,native_probability,
1,6d1ba7834e4a05889f5a53d990e265a3c9eeb58c1ef1e8e56dc37b9cceed5a91,capture_20260917T232613862293Z_35286530597_1_41c509d8df72,matchup_8cb639734e70349cede5526c9186ce46910e1a9fe372bc84895459f47f63314c,,8a0a35e7c74bebcc,04835018f90b118c,de594b35c45c2e9a,Casey O'Neill,Eduarda Moura,2026-09-19,timestamp,2026-09-19T21:45:00.000000Z,2026-09-17T02:49:37.000000Z,0.5531087991,5ca0c9b4a2b142fb5faf,point-in-time-elo-logistic-v2,2026-09-12,date,b9b0d891c1095ed65a699ce2c1a8f8f539f57345,native_probability,
1,79072870617cfde9cb608f93e06c785cc890b386b134d09b5bbf3f63dc401cf3,capture_20260917T232613862293Z_35286530597_1_41c509d8df72,matchup_c79dcc9635165d1f4a1e239bf9c5b598ecfcf90c75e2f49b00cff1c9260a3fd4,,8a0a35e7c74bebcc,6967153c7edb4d87,e463ce0a2ca474f4,Ozzy Diaz,Ryan Gandra,2026-09-19,timestamp,2026-09-19T21:45:00.000000Z,2026-09-17T02:49:37.000000Z,0.3650763641,5ca0c9b4a2b142fb5faf,point-in-time-elo-logistic-v2,2026-09-12,date,b9b0d891c1095ed65a699ce2c1a8f8f539f57345,native_probability,
1,91eedb971774ac3ec5f1925fc4de232932f0c523037fe930bd01d1893e2fdc31,capture_20260917T232613862293Z_35286530597_1_41c509d8df72,matchup_bec90fe45f91dcb38f05be1a35565a02b9c8e1ca4de8ffb24483749c9958aa9c,,8a0a35e7c74bebcc,98a58c26c5b1ed17,e93b04e308913c2e,Patricio Pitbull,Dooho Choi,2026-09-19,timestamp,2026-09-19T21:45:00.000000Z,2026-09-17T02:49:37.000000Z,0.24533110900000002,5ca0c9b4a2b142fb5faf,point-in-time-elo-logistic-v2,2026-09-12,date,b9b0d891c1095ed65a699ce2c1a8f8f539f57345,native_probability,
1,c75e7c7d4971d9059bb5d8c90920030cca17e4b232f8f33d8c6edfc42962034f,capture_20260917T232613862293Z_35286530597_1_41c509d8df72,matchup_41ba239087a241674fcd8f74181fb92a25ca542b10d45301b7c21c7489209f99,,8a0a35e7c74bebcc,140567899d98978a,c62fbc117d57b943,Robelis Despaigne,Tai Tuivasa,2026-09-19,timestamp,2026-09-19T21:45:00.000000Z,2026-09-17T02:49:37.000000Z,0.5353771359999999,5ca0c9b4a2b142fb5faf,point-in-time-elo-logistic-v2,2026-09-12,date,b9b0d891c1095ed65a699ce2c1a8f8f539f57345,native_probability,
1,c886ad4570d0c2656dd8271ed3dda183eaa8ad59bf20e77f872d809ff44cec72,capture_20260917T232613862293Z_35286530597_1_41c509d8df72,matchup_24d2abb788a1cd512c495fdc548d6e73ba97540b84f658b9ddefdfce49e378d6,,8a0a35e7c74bebcc,0f3a990526c5e706,f7e856a73c96048e,Sean Sharaf,Gable Steveson,2026-09-19,timestamp,2026-09-19T21:45:00.000000Z,2026-09-17T02:49:37.000000Z,0.08680082619999996,5ca0c9b4a2b142fb5faf,point-in-time-elo-logistic-v2,2026-09-12,date,b9b0d891c1095ed65a699ce2c1a8f8f539f57345,native_probability,
1,edba8594bffb21e51b7ada42e6e176c454fb8c6718c8854d20178b76dbf6564e,capture_20260917T232613862293Z_35286530597_1_41c509d8df72,matchup_ae4469d6e6c383f48dab6d33688d521769dc4791855bdb3c6cf4abaa090c38c7,,8a0a35e7c74bebcc,7c7332319c14094c,f1d64ae34e088832,Marlon Vera,Charles Jourdain,2026-09-19,timestamp,2026-09-19T21:45:00.000000Z,2026-09-17T02:49:37.000000Z,0.2723364243,5ca0c9b4a2b142fb5faf,point-in-time-elo-logistic-v2,2026-09-12,date,b9b0d891c1095ed65a699ce2c1a8f8f539f57345,native_probability,
1,ee821210c36e955003749df26bd6f855416f079dfa9c0d97ed1bc4c0dc8f1afa,capture_20260917T232613862293Z_35286530597_1_41c509d8df72,matchup_730df33900ec43538f5d7a9c368cd8fc9d91aef0d76aae08a2e109ea2630641f,,8a0a35e7c74bebcc,791c8437b341fba5,9560ff14eb3129f7,Joanderson Brito,Giga Chikadze,2026-09-19,timestamp,2026-09-19T21:45:00.000000Z,2026-09-17T02:49:37.000000Z,0.7508323863999999,5ca0c9b4a2b142fb5faf,point-in-time-elo-logistic-v2,2026-09-12,date,b9b0d891c1095ed65a699ce2c1a8f8f539f57345,native_probability,
1,067d4ef42ac7c26191a2652036b3c0d09a0971272db353ba93db59b95fcc1803,capture_20260918T172629663279Z_35374054183_1_c68cccdc485d,matchup_24d2abb788a1cd512c495fdc548d6e73ba97540b84f658b9ddefdfce49e378d6,,8a0a35e7c74bebcc,0f3a990526c5e706,f7e856a73c96048e,Sean Sharaf,Gable Steveson,2026-09-19,timestamp,2026-09-19T21:45:00.000000Z,2026-09-17T02:49:37.000000Z,0.08680082619999996,5ca0c9b4a2b142fb5faf,point-in-time-elo-logistic-v2,2026-09-12,date,b9b0d891c1095ed65a699ce2c1a8f8f539f57345,native_probability,
1,08f574f35d3cf8ae8bad00deb7d67068596eea5c78ba4f1d58aeb848ded1c168,capture_20260918T172629663279Z_35374054183_1_c68cccdc485d,matchup_46acdff5f3e3f7792daa1d5df06232e0e473168e2b7cb8890421fed3e858632b,,8a0a35e7c74bebcc,9c393e836a852f30,eae48ff31db420c2,Mauricio Ruffy,Arman Tsarukyan,2026-09-19,timestamp,2026-09-19T21:45:00.000000Z,2026-09-17T02:49:37.000000Z,0.2523123301,5ca0c9b4a2b142fb5faf,point-in-time-elo-logistic-v2,2026-09-12,date,b9b0d891c1095ed65a699ce2c1a8f8f539f57345,native_probability,
1,1e4ece603cce57f316e233b5cb5ac32911c0c5693ea06aa07cb524f7a064f042,capture_20260918T172629663279Z_35374054183_1_c68cccdc485d,matchup_6e355a8ad7d197cbe29ce642d75d50d2a8e45844e42d87852e64e4bf6ec40b9c,,8a0a35e7c74bebcc,17e97649403ba428,a0f0004aadf10b71,Joshua Van,Alexandre Pantoja,2026-09-19,timestamp,2026-09-19T21:45:00.000000Z,2026-09-17T02:49:37.000000Z,0.7779829299000001,5ca0c9b4a2b142fb5faf,point-in-time-elo-logistic-v2,2026-09-12,date,b9b0d891c1095ed65a699ce2c1a8f8f539f57345,native_probability,
1,3c98ff5c00a13d202aa358b5d1e72941356dbb49669ccd89783357602dd9780d,capture_20260918T172629663279Z_35374054183_1_c68cccdc485d,matchup_c79dcc9635165d1f4a1e239bf9c5b598ecfcf90c75e2f49b00cff1c9260a3fd4,,8a0a35e7c74bebcc,6967153c7edb4d87,e463ce0a2ca474f4,Ozzy Diaz,Ryan Gandra,2026-09-19,timestamp,2026-09-19T21:45:00.000000Z,2026-09-17T02:49:37.000000Z,0.3650763641,5ca0c9b4a2b142fb5faf,point-in-time-elo-logistic-v2,2026-09-12,date,b9b0d891c1095ed65a699ce2c1a8f8f539f57345,native_probability,
1,4fead2304d984af901ff8c3bb5a64aa61397d4046e9cb1197a95d8af263cda65,capture_20260918T172629663279Z_35374054183_1_c68cccdc485d,matchup_730df33900ec43538f5d7a9c368cd8fc9d91aef0d76aae08a2e109ea2630641f,,8a0a35e7c74bebcc,791c8437b341fba5,9560ff14eb3129f7,Joanderson Brito,Giga Chikadze,2026-09-19,timestamp,2026-09-19T21:45:00.000000Z,2026-09-17T02:49:37.000000Z,0.7508323863999999,5ca0c9b4a2b142fb5faf,point-in-time-elo-logistic-v2,2026-09-12,date,b9b0d891c1095ed65a699ce2c1a8f8f539f57345,native_probability,
1,5d16a1efed880c9c26fa8e6e8d59cd4c1f2deb3b953a3428249c0f72bc9e2a04,capture_20260918T172629663279Z_35374054183_1_c68cccdc485d,matchup_41ba239087a241674fcd8f74181fb92a25ca542b10d45301b7c21c7489209f99,,8a0a35e7c74bebcc,140567899d98978a,c62fbc117d57b943,Robelis Despaigne,Tai Tuivasa,2026-09-19,timestamp,2026-09-19T21:45:00.000000Z,2026-09-17T02:49:37.000000Z,0.5353771359999999,5ca0c9b4a2b142fb5faf,point-in-time-elo-logistic-v2,2026-09-12,date,b9b0d891c1095ed65a699ce2c1a8f8f539f57345,native_probability,
1,6c17acd8fab32b5bda6233e6100e44c88390056f05ef473545e6ce4084b37f00,capture_20260918T172629663279Z_35374054183_1_c68cccdc485d,matchup_8cb639734e70349cede5526c9186ce46910e1a9fe372bc84895459f47f63314c,,8a0a35e7c74bebcc,04835018f90b118c,de594b35c45c2e9a,Casey O'Neill,Eduarda Moura,2026-09-19,timestamp,2026-09-19T21:45:00.000000Z,2026-09-17T02:49:37.000000Z,0.5531087991,5ca0c9b4a2b142fb5faf,point-in-time-elo-logistic-v2,2026-09-12,date,b9b0d891c1095ed65a699ce2c1a8f8f539f57345,native_probability,
1,b3500b463bc40d811be4d17f4ba0986312468eb385594e6ad901fc6440a51585,capture_20260918T172629663279Z_35374054183_1_c68cccdc485d,matchup_476907300c352a3007df1648d5891307dad34b5ffaf7f0940510328bb5dda3c1,,8a0a35e7c74bebcc,1c23ec2f1b71be40,a495f599e787614f,Iwo Baraniewski,Alonzo Menifield,2026-09-19,timestamp,2026-09-19T21:45:00.000000Z,2026-09-17T02:49:37.000000Z,0.7084329221,5ca0c9b4a2b142fb5faf,point-in-time-elo-logistic-v2,2026-09-12,date,b9b0d891c1095ed65a699ce2c1a8f8f539f57345,native_probability,
1,d9b601677ce6b6b21d2a2031d2a4f85a2bb79841ecad026608a325f8c162091a,capture_20260918T172629663279Z_35374054183_1_c68cccdc485d,matchup_acd0e6b31a1c8fb3bae358145f988d378eaf334300bf13546996916eed3530b8,,8a0a35e7c74bebcc,1e719d4b676dc19a,4144798612ef96e5,Brunno Ferreira,Edmen Shahbazyan,2026-09-19,timestamp,2026-09-19T21:45:00.000000Z,2026-09-17T02:49:37.000000Z,0.29303726789999995,5ca0c9b4a2b142fb5faf,point-in-time-elo-logistic-v2,2026-09-12,date,b9b0d891c1095ed65a699ce2c1a8f8f539f57345,native_probability,
1,f517c9009bbc91833739fcb38d2116700006605bcb3cd10e3342b4bb279674a2,capture_20260918T172629663279Z_35374054183_1_c68cccdc485d,matchup_bec90fe45f91dcb38f05be1a35565a02b9c8e1ca4de8ffb24483749c9958aa9c,,8a0a35e7c74bebcc,98a58c26c5b1ed17,e93b04e308913c2e,Patricio Pitbull,Dooho Choi,2026-09-19,timestamp,2026-09-19T21:45:00.000000Z,2026-09-17T02:49:37.000000Z,0.24533110900000002,5ca0c9b4a2b142fb5faf,point-in-time-elo-logistic-v2,2026-09-12,date,b9b0d891c1095ed65a699ce2c1a8f8f539f57345,native_probability,
1,f8e819a2cb09bf185370fd690c9d8a7bb896018bbf90aad44e1533d40d7a0e66,capture_20260918T172629663279Z_35374054183_1_c68cccdc485d,matchup_ae4469d6e6c383f48dab6d33688d521769dc4791855bdb3c6cf4abaa090c38c7,,8a0a35e7c74bebcc,7c7332319c14094c,f1d64ae34e088832,Marlon Vera,Charles Jourdain,2026-09-19,timestamp,2026-09-19T21:45:00.000000Z,2026-09-17T02:49:37.000000Z,0.2723364243,5ca0c9b4a2b142fb5faf,point-in-time-elo-logistic-v2,2026-09-12,date,b9b0d891c1095ed65a699ce2c1a8f8f539f57345,native_probability,
1,1def7d178ebb721c0877149bdc8a4ff41585bb0420bea6caaf9f8648b51e80c1,capture_20260918T232830347226Z_35405613816_1_71cb2a01e5ef,matchup_ae4469d6e6c383f48dab6d33688d521769dc4791855bdb3c6cf4abaa090c38c7,,8a0a35e7c74bebcc,7c7332319c14094c,f1d64ae34e088832,Marlon Vera,Charles Jourdain,2026-09-19,timestamp,2026-09-19T21:45:00.000000Z,2026-09-17T02:49:37.000000Z,0.2723364243,5ca0c9b4a2b142fb5faf,point-in-time-elo-logistic-v2,2026-09-12,date,b9b0d891c1095ed65a699ce2c1a8f8f539f57345,native_probability,
1,1f7fde1985b2b0e55c1d6cd39556ce6db995997efdedf9f7f17399a0d9a4572d,capture_20260918T232830347226Z_35405613816_1_71cb2a01e5ef,matchup_c79dcc9635165d1f4a1e239bf9c5b598ecfcf90c75e2f49b00cff1c9260a3fd4,,8a0a35e7c74bebcc,6967153c7edb4d87,e463ce0a2ca474f4,Ozzy Diaz,Ryan Gandra,2026-09-19,timestamp,2026-09-19T21:45:00.000000Z,2026-09-17T02:49:37.000000Z,0.3650763641,5ca0c9b4a2b142fb5faf,point-in-time-elo-logistic-v2,2026-09-12,date,b9b0d891c1095ed65a699ce2c1a8f8f539f57345,native_probability,
1,464a6fcbc5ca6c823a8a5524ded34574de4bf8d34aaa4edf2a1a14893f1d33dd,capture_20260918T232830347226Z_35405613816_1_71cb2a01e5ef,matchup_41ba239087a241674fcd8f74181fb92a25ca542b10d45301b7c21c7489209f99,,8a0a35e7c74bebcc,140567899d98978a,c62fbc117d57b943,Robelis Despaigne,Tai Tuivasa,2026-09-19,timestamp,2026-09-19T21:45:00.000000Z,2026-09-17T02:49:37.000000Z,0.5353771359999999,5ca0c9b4a2b142fb5faf,point-in-time-elo-logistic-v2,2026-09-12,date,b9b0d891c1095ed65a699ce2c1a8f8f539f57345,native_probability,
1,63a178f0ff973127291ab8d0267eb19a0cfb19f14a2f6b6227a17859db7262fb,capture_20260918T232830347226Z_35405613816_1_71cb2a01e5ef,matchup_6e355a8ad7d197cbe29ce642d75d50d2a8e45844e42d87852e64e4bf6ec40b9c,,8a0a35e7c74bebcc,17e97649403ba428,a0f0004aadf10b71,Joshua Van,Alexandre Pantoja,2026-09-19,timestamp,2026-09-19T21:45:00.000000Z,2026-09-17T02:49:37.000000Z,0.7779829299000001,5ca0c9b4a2b142fb5faf,point-in-time-elo-logistic-v2,2026-09-12,date,b9b0d891c1095ed65a699ce2c1a8f8f539f57345,native_probability,
1,684775981382f57c3221fb9591ce966814596061e0be74644f554d3d8a93652c,capture_20260918T232830347226Z_35405613816_1_71cb2a01e5ef,matchup_730df33900ec43538f5d7a9c368cd8fc9d91aef0d76aae08a2e109ea2630641f,,8a0a35e7c74bebcc,791c8437b341fba5,9560ff14eb3129f7,Joanderson Brito,Giga Chikadze,2026-09-19,timestamp,2026-09-19T21:45:00.000000Z,2026-09-17T02:49:37.000000Z,0.7508323863999999,5ca0c9b4a2b142fb5faf,point-in-time-elo-logistic-v2,2026-09-12,date,b9b0d891c1095ed65a699ce2c1a8f8f539f57345,native_probability,
1,8f5e4a37ed129b1fa212f6eaa9c5ccedf5baec23765c655925ac4b00167bb5cb,capture_20260918T232830347226Z_35405613816_1_71cb2a01e5ef,matchup_46acdff5f3e3f7792daa1d5df06232e0e473168e2b7cb8890421fed3e858632b,,8a0a35e7c74bebcc,9c393e836a852f30,eae48ff31db420c2,Mauricio Ruffy,Arman Tsarukyan,2026-09-19,timestamp,2026-09-19T21:45:00.000000Z,2026-09-17T02:49:37.000000Z,0.2523123301,5ca0c9b4a2b142fb5faf,point-in-time-elo-logistic-v2,2026-09-12,date,b9b0d891c1095ed65a699ce2c1a8f8f539f57345,native_probability,
1,90e5da0c2c4112c517665af575329ac981632458da7ccdd3bda930a61df67d82,capture_20260918T232830347226Z_35405613816_1_71cb2a01e5ef,matchup_24d2abb788a1cd512c495fdc548d6e73ba97540b84f658b9ddefdfce49e378d6,,8a0a35e7c74bebcc,0f3a990526c5e706,f7e856a73c96048e,Sean Sharaf,Gable Steveson,2026-09-19,timestamp,2026-09-19T21:45:00.000000Z,2026-09-17T02:49:37.000000Z,0.08680082619999996,5ca0c9b4a2b142fb5faf,point-in-time-elo-logistic-v2,2026-09-12,date,b9b0d891c1095ed65a699ce2c1a8f8f539f57345,native_probability,
1,9ce165ca0e042f972d63537f6886314952270815ad8b0d5e65776fa2fa6527ff,capture_20260918T232830347226Z_35405613816_1_71cb2a01e5ef,matchup_476907300c352a3007df1648d5891307dad34b5ffaf7f0940510328bb5dda3c1,,8a0a35e7c74bebcc,1c23ec2f1b71be40,a495f599e787614f,Iwo Baraniewski,Alonzo Menifield,2026-09-19,timestamp,2026-09-19T21:45:00.000000Z,2026-09-17T02:49:37.000000Z,0.7084329221,5ca0c9b4a2b142fb5faf,point-in-time-elo-logistic-v2,2026-09-12,date,b9b0d891c1095ed65a699ce2c1a8f8f539f57345,native_probability,
1,a7ec94123789caf1178b205b847486a145dba2112c5bec0c641b1d02bd26a648,capture_20260918T232830347226Z_35405613816_1_71cb2a01e5ef,matchup_bec90fe45f91dcb38f05be1a35565a02b9c8e1ca4de8ffb24483749c9958aa9c,,8a0a35e7c74bebcc,98a58c26c5b1ed17,e93b04e308913c2e,Patricio Pitbull,Dooho Choi,2026-09-19,timestamp,2026-09-19T21:45:00.000000Z,2026-09-17T02:49:37.000000Z,0.24533110900000002,5ca0c9b4a2b142fb5faf,point-in-time-elo-logistic-v2,2026-09-12,date,b9b0d891c1095ed65a699ce2c1a8f8f539f57345,native_probability,
1,ae4ac9983b70ae1ddcd0e06921a0cb27a02676a199c96a875d7cc98388cb9e5e,capture_20260918T232830347226Z_35405613816_1_71cb2a01e5ef,matchup_acd0e6b31a1c8fb3bae358145f988d378eaf334300bf13546996916eed3530b8,,8a0a35e7c74bebcc,1e719d4b676dc19a,4144798612ef96e5,Brunno Ferreira,Edmen Shahbazyan,2026-09-19,timestamp,2026-09-19T21:45:00.000000Z,2026-09-17T02:49:37.000000Z,0.29303726789999995,5ca0c9b4a2b142fb5faf,point-in-time-elo-logistic-v2,2026-09-12,date,b9b0d891c1095ed65a699ce2c1a8f8f539f57345,native_probability,
1,e350a2322f4a6e16f4f06a439da070cc784411dece5dad29cc3e0cd1c1f8bf54,capture_20260918T232830347226Z_35405613816_1_71cb2a01e5ef,matchup_8cb639734e70349cede5526c9186ce46910e1a9fe372bc84895459f47f63314c,,8a0a35e7c74bebcc,04835018f90b118c,de594b35c45c2e9a,Casey O'Neill,Eduarda Moura,2026-09-19,timestamp,2026-09-19T21:45:00.000000Z,2026-09-17T02:49:37.000000Z,0.5531087991,5ca0c9b4a2b142fb5faf,point-in-time-elo-logistic-v2,2026-09-12,date,b9b0d891c1095ed65a699ce2c1a8f8f539f57345,native_probability,
1,32ea90a44a04c74a9d6734159dbaf909bdfe2d5e56334c638ee232415bcedda5,capture_20260919T043410186901Z_35421456982_1_b5ee2d1b1027,matchup_ae4469d6e6c383f48dab6d33688d521769dc4791855bdb3c6cf4abaa090c38c7,,8a0a35e7c74bebcc,7c7332319c14094c,f1d64ae34e088832,Marlon Vera,Charles Jourdain,2026-09-19,timestamp,2026-09-19T21:45:00.000000Z,2026-09-17T02:49:37.000000Z,0.2723364243,5ca0c9b4a2b142fb5faf,point-in-time-elo-logistic-v2,2026-09-12,date,b9b0d891c1095ed65a699ce2c1a8f8f539f57345,native_probability,
1,49cfa09e59aadc2ad94cd82c10f183b80c5de035454f41b13f3689f6da286917,capture_20260919T043410186901Z_35421456982_1_b5ee2d1b1027,matchup_24d2abb788a1cd512c495fdc548d6e73ba97540b84f658b9ddefdfce49e378d6,,8a0a35e7c74bebcc,0f3a990526c5e706,f7e856a73c96048e,Sean Sharaf,Gable Steveson,2026-09-19,timestamp,2026-09-19T21:45:00.000000Z,2026-09-17T02:49:37.000000Z,0.08680082619999996,5ca0c9b4a2b142fb5faf,point-in-time-elo-logistic-v2,2026-09-12,date,b9b0d891c1095ed65a699ce2c1a8f8f539f57345,native_probability,
1,6469d688c209479f828c958a155c370a023539721ffbbf9ec19583d0439c651b,capture_20260919T043410186901Z_35421456982_1_b5ee2d1b1027,matchup_acd0e6b31a1c8fb3bae358145f988d378eaf334300bf13546996916eed3530b8,,8a0a35e7c74bebcc,1e719d4b676dc19a,4144798612ef96e5,Brunno Ferreira,Edmen Shahbazyan,2026-09-19,timestamp,2026-09-19T21:45:00.000000Z,2026-09-17T02:49:37.000000Z,0.29303726789999995,5ca0c9b4a2b142fb5faf,point-in-time-elo-logistic-v2,2026-09-12,date,b9b0d891c1095ed65a699ce2c1a8f8f539f57345,native_probability,
1,6b1794a5dc90c27147e42d5e3f695411e6e00654c97e88e8a3ad134448a41b87,capture_20260919T043410186901Z_35421456982_1_b5ee2d1b1027,matchup_46acdff5f3e3f7792daa1d5df06232e0e473168e2b7cb8890421fed3e858632b,,8a0a35e7c74bebcc,9c393e836a852f30,eae48ff31db420c2,Mauricio Ruffy,Arman Tsarukyan,2026-09-19,timestamp,2026-09-19T21:45:00.000000Z,2026-09-17T02:49:37.000000Z,0.2523123301,5ca0c9b4a2b142fb5faf,point-in-time-elo-logistic-v2,2026-09-12,date,b9b0d891c1095ed65a699ce2c1a8f8f539f57345,native_probability,
1,7ebdf93de072fee28388491931c5ed6618a16c4cead9b5ccc2ff321bf1b8a77d,capture_20260919T043410186901Z_35421456982_1_b5ee2d1b1027,matchup_41ba239087a241674fcd8f74181fb92a25ca542b10d45301b7c21c7489209f99,,8a0a35e7c74bebcc,140567899d98978a,c62fbc117d57b943,Robelis Despaigne,Tai Tuivasa,2026-09-19,timestamp,2026-09-19T21:45:00.000000Z,2026-09-17T02:49:37.000000Z,0.5353771359999999,5ca0c9b4a2b142fb5faf,point-in-time-elo-logistic-v2,2026-09-12,date,b9b0d891c1095ed65a699ce2c1a8f8f539f57345,native_probability,
1,a72aab050e1cfaa108d286c4929f4e7da545c4307e36ffc8d3be06840f3c6f80,capture_20260919T043410186901Z_35421456982_1_b5ee2d1b1027,matchup_bec90fe45f91dcb38f05be1a35565a02b9c8e1ca4de8ffb24483749c9958aa9c,,8a0a35e7c74bebcc,98a58c26c5b1ed17,e93b04e308913c2e,Patricio Pitbull,Dooho Choi,2026-09-19,timestamp,2026-09-19T21:45:00.000000Z,2026-09-17T02:49:37.000000Z,0.24533110900000002,5ca0c9b4a2b142fb5faf,point-in-time-elo-logistic-v2,2026-09-12,date,b9b0d891c1095ed65a699ce2c1a8f8f539f57345,native_probability,
1,b1178daac69e47860019ec4f87258d812efbec2e4e91c7d36c0ee4fd9e230a5e,capture_20260919T043410186901Z_35421456982_1_b5ee2d1b1027,matchup_730df33900ec43538f5d7a9c368cd8fc9d91aef0d76aae08a2e109ea2630641f,,8a0a35e7c74bebcc,791c8437b341fba5,9560ff14eb3129f7,Joanderson Brito,Giga Chikadze,2026-09-19,timestamp,2026-09-19T21:45:00.000000Z,2026-09-17T02:49:37.000000Z,0.7508323863999999,5ca0c9b4a2b142fb5faf,point-in-time-elo-logistic-v2,2026-09-12,date,b9b0d891c1095ed65a699ce2c1a8f8f539f57345,native_probability,
1,c74bfa7ca100030ae2cb930ec36bceb9025fdf9a9b0c5f65ffed949213db9e1a,capture_20260919T043410186901Z_35421456982_1_b5ee2d1b1027,matchup_6e355a8ad7d197cbe29ce642d75d50d2a8e45844e42d87852e64e4bf6ec40b9c,,8a0a35e7c74bebcc,17e97649403ba428,a0f0004aadf10b71,Joshua Van,Alexandre Pantoja,2026-09-19,timestamp,2026-09-19T21:45:00.000000Z,2026-09-17T02:49:37.000000Z,0.7779829299000001,5ca0c9b4a2b142fb5faf,point-in-time-elo-logistic-v2,2026-09-12,date,b9b0d891c1095ed65a699ce2c1a8f8f539f57345,native_probability,
1,cdbc465e6ac17edca2b4d9a68034758a5147c73e2483945e3be602a00e030143,capture_20260919T043410186901Z_35421456982_1_b5ee2d1b1027,matchup_476907300c352a3007df1648d5891307dad34b5ffaf7f0940510328bb5dda3c1,,8a0a35e7c74bebcc,1c23ec2f1b71be40,a495f599e787614f,Iwo Baraniewski,Alonzo Menifield,2026-09-19,timestamp,2026-09-19T21:45:00.000000Z,2026-09-17T02:49:37.000000Z,0.7084329221,5ca0c9b4a2b142fb5faf,point-in-time-elo-logistic-v2,2026-09-12,date,b9b0d891c1095ed65a699ce2c1a8f8f539f57345,native_probability,
1,d9bed111558262ea1f70f60df13194516283a2d8c800275d2b7435a1131baac3,capture_20260919T043410186901Z_35421456982_1_b5ee2d1b1027,matchup_c79dcc9635165d1f4a1e239bf9c5b598ecfcf90c75e2f49b00cff1c9260a3fd4,,8a0a35e7c74bebcc,6967153c7edb4d87,e463ce0a2ca474f4,Ozzy Diaz,Ryan Gandra,2026-09-19,timestamp,2026-09-19T21:45:00.000000Z,2026-09-17T02:49:37.000000Z,0.3650763641,5ca0c9b4a2b142fb5faf,point-in-time-elo-logistic-v2,2026-09-12,date,b9b0d891c1095ed65a699ce2c1a8f8f539f57345,native_probability,
1,f2ba7dacf943fff69cf41690200513355790db249c2c6edf0d354420c802c82d,capture_20260919T043410186901Z_35421456982_1_b5ee2d1b1027,matchup_8cb639734e70349cede5526c9186ce46910e1a9fe372bc84895459f47f63314c,,8a0a35e7c74bebcc,04835018f90b118c,de594b35c45c2e9a,Casey O'Neill,Eduarda Moura,2026-09-19,timestamp,2026-09-19T21:45:00.000000Z,2026-09-17T02:49:37.000000Z,0.5531087991,5ca0c9b4a2b142fb5faf,point-in-time-elo-logistic-v2,2026-09-12,date,b9b0d891c1095ed65a699ce2c1a8f8f539f57345,native_probability,
1,3bcab6e8dc703fce0a999f755fbc46fea9d736c2562975cff426c1604b3fa5a6,capture_20260919T142801456564Z_35448613935_1_d07194477231,matchup_24d2abb788a1cd512c495fdc548d6e73ba97540b84f658b9ddefdfce49e378d6,,8a0a35e7c74bebcc,0f3a990526c5e706,f7e856a73c96048e,Sean Sharaf,Gable Steveson,2026-09-19,timestamp,2026-09-19T21:45:00.000000Z,2026-09-17T02:49:37.000000Z,0.08680082619999996,5ca0c9b4a2b142fb5faf,point-in-time-elo-logistic-v2,2026-09-12,date,b9b0d891c1095ed65a699ce2c1a8f8f539f57345,native_probability,
1,552df6b992eab87c5dcbf09a5ec00e8fb2f29883b75ca743fd23145509e827f1,capture_20260919T142801456564Z_35448613935_1_d07194477231,matchup_c79dcc9635165d1f4a1e239bf9c5b598ecfcf90c75e2f49b00cff1c9260a3fd4,,8a0a35e7c74bebcc,6967153c7edb4d87,e463ce0a2ca474f4,Ozzy Diaz,Ryan Gandra,2026-09-19,timestamp,2026-09-19T21:45:00.000000Z,2026-09-17T02:49:37.000000Z,0.3650763641,5ca0c9b4a2b142fb5faf,point-in-time-elo-logistic-v2,2026-09-12,date,b9b0d891c1095ed65a699ce2c1a8f8f539f57345,native_probability,
1,6a14b2b025737a22abbf0ed47cd9b271f2cebac75027a845f5e1f5d30a21fc10,capture_20260919T142801456564Z_35448613935_1_d07194477231,matchup_acd0e6b31a1c8fb3bae358145f988d378eaf334300bf13546996916eed3530b8,,8a0a35e7c74bebcc,1e719d4b676dc19a,4144798612ef96e5,Brunno Ferreira,Edmen Shahbazyan,2026-09-19,timestamp,2026-09-19T21:45:00.000000Z,2026-09-17T02:49:37.000000Z,0.29303726789999995,5ca0c9b4a2b142fb5faf,point-in-time-elo-logistic-v2,2026-09-12,date,b9b0d891c1095ed65a699ce2c1a8f8f539f57345,native_probability,
1,77f2fae77a61fe0ce90cce4edf7683f801a50aa708ee88dc0655f04ac9e8a0ea,capture_20260919T142801456564Z_35448613935_1_d07194477231,matchup_46acdff5f3e3f7792daa1d5df06232e0e473168e2b7cb8890421fed3e858632b,,8a0a35e7c74bebcc,9c393e836a852f30,eae48ff31db420c2,Mauricio Ruffy,Arman Tsarukyan,2026-09-19,timestamp,2026-09-19T21:45:00.000000Z,2026-09-17T02:49:37.000000Z,0.2523123301,5ca0c9b4a2b142fb5faf,point-in-time-elo-logistic-v2,2026-09-12,date,b9b0d891c1095ed65a699ce2c1a8f8f539f57345,native_probability,
1,7f6579f1250f43300ba591f6ae8fabb97ee0a65df670b8803ef8d38f15e68760,capture_20260919T142801456564Z_35448613935_1_d07194477231,matchup_41ba239087a241674fcd8f74181fb92a25ca542b10d45301b7c21c7489209f99,,8a0a35e7c74bebcc,140567899d98978a,c62fbc117d57b943,Robelis Despaigne,Tai Tuivasa,2026-09-19,timestamp,2026-09-19T21:45:00.000000Z,2026-09-17T02:49:37.000000Z,0.5353771359999999,5ca0c9b4a2b142fb5faf,point-in-time-elo-logistic-v2,2026-09-12,date,b9b0d891c1095ed65a699ce2c1a8f8f539f57345,native_probability,
1,a92d0c785b7231879a361561a894c22dadf84708fa6695682217ad2825cd8a14,capture_20260919T142801456564Z_35448613935_1_d07194477231,matchup_8cb639734e70349cede5526c9186ce46910e1a9fe372bc84895459f47f63314c,,8a0a35e7c74bebcc,04835018f90b118c,de594b35c45c2e9a,Casey O'Neill,Eduarda Moura,2026-09-19,timestamp,2026-09-19T21:45:00.000000Z,2026-09-17T02:49:37.000000Z,0.5531087991,5ca0c9b4a2b142fb5faf,point-in-time-elo-logistic-v2,2026-09-12,date,b9b0d891c1095ed65a699ce2c1a8f8f539f57345,native_probability,
1,b26f914e6a6197d8c76c1f50856e603c262d70466d433c2d1252134b855bedd0,capture_20260919T142801456564Z_35448613935_1_d07194477231,matchup_730df33900ec43538f5d7a9c368cd8fc9d91aef0d76aae08a2e109ea2630641f,,8a0a35e7c74bebcc,791c8437b341fba5,9560ff14eb3129f7,Joanderson Brito,Giga Chikadze,2026-09-19,timestamp,2026-09-19T21:45:00.000000Z,2026-09-17T02:49:37.000000Z,0.7508323863999999,5ca0c9b4a2b142fb5faf,point-in-time-elo-logistic-v2,2026-09-12,date,b9b0d891c1095ed65a699ce2c1a8f8f539f57345,native_probability,
1,b69c157165177c34278d9c64da95f93b79ca6e273ef82476a06fe07dedd497a2,capture_20260919T142801456564Z_35448613935_1_d07194477231,matchup_6e355a8ad7d197cbe29ce642d75d50d2a8e45844e42d87852e64e4bf6ec40b9c,,8a0a35e7c74bebcc,17e97649403ba428,a0f0004aadf10b71,Joshua Van,Alexandre Pantoja,2026-09-19,timestamp,2026-09-19T21:45:00.000000Z,2026-09-17T02:49:37.000000Z,0.7779829299000001,5ca0c9b4a2b142fb5faf,point-in-time-elo-logistic-v2,2026-09-12,date,b9b0d891c1095ed65a699ce2c1a8f8f539f57345,native_probability,
1,efc3c86c92ddd9f7e8429f7f952af7e5ff4dedd744444d8e9059432e30a165b5,capture_20260919T142801456564Z_35448613935_1_d07194477231,matchup_476907300c352a3007df1648d5891307dad34b5ffaf7f0940510328bb5dda3c1,,8a0a35e7c74bebcc,1c23ec2f1b71be40,a495f599e787614f,Iwo Baraniewski,Alonzo Menifield,2026-09-19,timestamp,2026-09-19T21:45:00.000000Z,2026-09-17T02:49:37.000000Z,0.7084329221,5ca0c9b4a2b142fb5faf,point-in-time-elo-logistic-v2,2026-09-12,date,b9b0d891c1095ed65a699ce2c1a8f8f539f57345,native_probability,
1,f37e1f5fa346c539a8bb33db76d803c6504f0774dccffde8d68b91bb574143ba,capture_20260919T142801456564Z_35448613935_1_d07194477231,matchup_bec90fe45f91dcb38f05be1a35565a02b9c8e1ca4de8ffb24483749c9958aa9c,,8a0a35e7c74bebcc,98a58c26c5b1ed17,e93b04e308913c2e,Patricio Pitbull,Dooho Choi,2026-09-19,timestamp,2026-09-19T21:45:00.000000Z,2026-09-17T02:49:37.000000Z,0.24533110900000002,5ca0c9b4a2b142fb5faf,point-in-time-elo-logistic-v2,2026-09-12,date,b9b0d891c1095ed65a699ce2c1a8f8f539f57345,native_probability,
1,f795656167e2ebec56ae68e1c159e9c8d6f4aacf61718dcdf23bcf62c2931e07,capture_20260919T142801456564Z_35448613935_1_d07194477231,matchup_ae4469d6e6c383f48dab6d33688d521769dc4791855bdb3c6cf4abaa090c38c7,,8a0a35e7c74bebcc,7c7332319c14094c,f1d64ae34e088832,Marlon Vera,Charles Jourdain,2026-09-19,timestamp,2026-09-19T21:45:00.000000Z,2026-09-17T02:49:37.000000Z,0.2723364243,5ca0c9b4a2b142fb5faf,point-in-time-elo-logistic-v2,2026-09-12,date,b9b0d891c1095ed65a699ce2c1a8f8f539f57345,native_probability,
1,1378bd1d04d660629358df1c0f50fad368996edea08ed5de5c74f75175b317b6,capture_20260919T172523381970Z_35457853865_1_3a38060e4f1a,matchup_6e355a8ad7d197cbe29ce642d75d50d2a8e45844e42d87852e64e4bf6ec40b9c,,8a0a35e7c74bebcc,17e97649403ba428,a0f0004aadf10b71,Joshua Van,Alexandre Pantoja,2026-09-19,timestamp,2026-09-19T21:45:00.000000Z,2026-09-17T02:49:37.000000Z,0.7779829299000001,5ca0c9b4a2b142fb5faf,point-in-time-elo-logistic-v2,2026-09-12,date,b9b0d891c1095ed65a699ce2c1a8f8f539f57345,native_probability,
1,19def08bf31083f51422d77a8b2f88dc112e518de3b9977839de86c734ebf6bd,capture_20260919T172523381970Z_35457853865_1_3a38060e4f1a,matchup_bec90fe45f91dcb38f05be1a35565a02b9c8e1ca4de8ffb24483749c9958aa9c,,8a0a35e7c74bebcc,98a58c26c5b1ed17,e93b04e308913c2e,Patricio Pitbull,Dooho Choi,2026-09-19,timestamp,2026-09-19T21:45:00.000000Z,2026-09-17T02:49:37.000000Z,0.24533110900000002,5ca0c9b4a2b142fb5faf,point-in-time-elo-logistic-v2,2026-09-12,date,b9b0d891c1095ed65a699ce2c1a8f8f539f57345,native_probability,
1,24e7b228b56072cdf81ac2b5ad4be661df10adb33a7c7092a7a57c97f591e9a0,capture_20260919T172523381970Z_35457853865_1_3a38060e4f1a,matchup_46acdff5f3e3f7792daa1d5df06232e0e473168e2b7cb8890421fed3e858632b,,8a0a35e7c74bebcc,9c393e836a852f30,eae48ff31db420c2,Mauricio Ruffy,Arman Tsarukyan,2026-09-19,timestamp,2026-09-19T21:45:00.000000Z,2026-09-17T02:49:37.000000Z,0.2523123301,5ca0c9b4a2b142fb5faf,point-in-time-elo-logistic-v2,2026-09-12,date,b9b0d891c1095ed65a699ce2c1a8f8f539f57345,native_probability,
1,2648920e605ff7e508dd5d1909aac1e30835951d7ef494d0eb979af34c8b741a,capture_20260919T172523381970Z_35457853865_1_3a38060e4f1a,matchup_ae4469d6e6c383f48dab6d33688d521769dc4791855bdb3c6cf4abaa090c38c7,,8a0a35e7c74bebcc,7c7332319c14094c,f1d64ae34e088832,Marlon Vera,Charles Jourdain,2026-09-19,timestamp,2026-09-19T21:45:00.000000Z,2026-09-17T02:49:37.000000Z,0.2723364243,5ca0c9b4a2b142fb5faf,point-in-time-elo-logistic-v2,2026-09-12,date,b9b0d891c1095ed65a699ce2c1a8f8f539f57345,native_probability,
1,31fa7808ca9831994822035038de3a72522c6ff611c7fd046a3ee81ac4f2b48d,capture_20260919T172523381970Z_35457853865_1_3a38060e4f1a,matchup_c79dcc9635165d1f4a1e239bf9c5b598ecfcf90c75e2f49b00cff1c9260a3fd4,,8a0a35e7c74bebcc,6967153c7edb4d87,e463ce0a2ca474f4,Ozzy Diaz,Ryan Gandra,2026-09-19,timestamp,2026-09-19T21:45:00.000000Z,2026-09-17T02:49:37.000000Z,0.3650763641,5ca0c9b4a2b142fb5faf,point-in-time-elo-logistic-v2,2026-09-12,date,b9b0d891c1095ed65a699ce2c1a8f8f539f57345,native_probability,
1,5ea00384772a8b4c52cb469e4834e7f923f493e339ac26ce04c32c835b4ebe22,capture_20260919T172523381970Z_35457853865_1_3a38060e4f1a,matchup_24d2abb788a1cd512c495fdc548d6e73ba97540b84f658b9ddefdfce49e378d6,,8a0a35e7c74bebcc,0f3a990526c5e706,f7e856a73c96048e,Sean Sharaf,Gable Steveson,2026-09-19,timestamp,2026-09-19T21:45:00.000000Z,2026-09-17T02:49:37.000000Z,0.08680082619999996,5ca0c9b4a2b142fb5faf,point-in-time-elo-logistic-v2,2026-09-12,date,b9b0d891c1095ed65a699ce2c1a8f8f539f57345,native_probability,
1,87631f1f37b3a71692c9987681f56865887b3cc762705279911e3c6a576a9a8b,capture_20260919T172523381970Z_35457853865_1_3a38060e4f1a,matchup_41ba239087a241674fcd8f74181fb92a25ca542b10d45301b7c21c7489209f99,,8a0a35e7c74bebcc,140567899d98978a,c62fbc117d57b943,Robelis Despaigne,Tai Tuivasa,2026-09-19,timestamp,2026-09-19T21:45:00.000000Z,2026-09-17T02:49:37.000000Z,0.5353771359999999,5ca0c9b4a2b142fb5faf,point-in-time-elo-logistic-v2,2026-09-12,date,b9b0d891c1095ed65a699ce2c1a8f8f539f57345,native_probability,
1,94444eeac8f1834d6ae7428942e91c5e8e8fb8e04fbdc68be536c062cae20501,capture_20260919T172523381970Z_35457853865_1_3a38060e4f1a,matchup_476907300c352a3007df1648d5891307dad34b5ffaf7f0940510328bb5dda3c1,,8a0a35e7c74bebcc,1c23ec2f1b71be40,a495f599e787614f,Iwo Baraniewski,Alonzo Menifield,2026-09-19,timestamp,2026-09-19T21:45:00.000000Z,2026-09-17T02:49:37.000000Z,0.7084329221,5ca0c9b4a2b142fb5faf,point-in-time-elo-logistic-v2,2026-09-12,date,b9b0d891c1095ed65a699ce2c1a8f8f539f57345,native_probability,
1,a5a4e11fad61d49d912393b966747dd932c5fc81b19d2dc9d71f4bc4f92ce772,capture_20260919T172523381970Z_35457853865_1_3a38060e4f1a,matchup_8cb639734e70349cede5526c9186ce46910e1a9fe372bc84895459f47f63314c,,8a0a35e7c74bebcc,04835018f90b118c,de594b35c45c2e9a,Casey O'Neill,Eduarda Moura,2026-09-19,timestamp,2026-09-19T21:45:00.000000Z,2026-09-17T02:49:37.000000Z,0.5531087991,5ca0c9b4a2b142fb5faf,point-in-time-elo-logistic-v2,2026-09-12,date,b9b0d891c1095ed65a699ce2c1a8f8f539f57345,native_probability,
1,bf6683bc339f1afea8c37d1d4797d159ad68661ebf885fd7c99c6ded27abd20c,capture_20260919T172523381970Z_35457853865_1_3a38060e4f1a,matchup_acd0e6b31a1c8fb3bae358145f988d378eaf334300bf13546996916eed3530b8,,8a0a35e7c74bebcc,1e719d4b676dc19a,4144798612ef96e5,Brunno Ferreira,Edmen Shahbazyan,2026-09-19,timestamp,2026-09-19T21:45:00.000000Z,2026-09-17T02:49:37.000000Z,0.29303726789999995,5ca0c9b4a2b142fb5faf,point-in-time-elo-logistic-v2,2026-09-12,date,b9b0d891c1095ed65a699ce2c1a8f8f539f57345,native_probability,
1,cd635a7553a683d4e35e1dad9837c70ba830f1f8ef880da2c71876e8cf4c14df,capture_20260919T172523381970Z_35457853865_1_3a38060e4f1a,matchup_730df33900ec43538f5d7a9c368cd8fc9d91aef0d76aae08a2e109ea2630641f,,8a0a35e7c74bebcc,791c8437b341fba5,9560ff14eb3129f7,Joanderson Brito,Giga Chikadze,2026-09-19,timestamp,2026-09-19T21:45:00.000000Z,2026-09-17T02:49:37.000000Z,0.7508323863999999,5ca0c9b4a2b142fb5faf,point-in-time-elo-logistic-v2,2026-09-12,date,b9b0d891c1095ed65a699ce2c1a8f8f539f57345,native_probability,
1,0926d7cf1a4a1dbbae7e9ac25f565ee993368b839ee310e6ee7de73b1bc2a7bb,capture_20260919T202904710456Z_35467315521_1_13829d4ab32a,matchup_476907300c352a3007df1648d5891307dad34b5ffaf7f0940510328bb5dda3c1,,8a0a35e7c74bebcc,1c23ec2f1b71be40,a495f599e787614f,Iwo Baraniewski,Alonzo Menifield,2026-09-19,timestamp,2026-09-19T21:45:00.000000Z,2026-09-17T02:49:37.000000Z,0.7084329221,5ca0c9b4a2b142fb5faf,point-in-time-elo-logistic-v2,2026-09-12,date,b9b0d891c1095ed65a699ce2c1a8f8f539f57345,native_probability,
1,202874e28872c07da3736f5f4af83b204f65febeb9c13a5b9584c10098e92b48,capture_20260919T202904710456Z_35467315521_1_13829d4ab32a,matchup_acd0e6b31a1c8fb3bae358145f988d378eaf334300bf13546996916eed3530b8,,8a0a35e7c74bebcc,1e719d4b676dc19a,4144798612ef96e5,Brunno Ferreira,Edmen Shahbazyan,2026-09-19,timestamp,2026-09-19T21:45:00.000000Z,2026-09-17T02:49:37.000000Z,0.29303726789999995,5ca0c9b4a2b142fb5faf,point-in-time-elo-logistic-v2,2026-09-12,date,b9b0d891c1095ed65a699ce2c1a8f8f539f57345,native_probability,
1,37249c6c08ec3ff35e0250c0413a7589757bb5272ff595a072c03ba1d6c0d9cb,capture_20260919T202904710456Z_35467315521_1_13829d4ab32a,matchup_41ba239087a241674fcd8f74181fb92a25ca542b10d45301b7c21c7489209f99,,8a0a35e7c74bebcc,140567899d98978a,c62fbc117d57b943,Robelis Despaigne,Tai Tuivasa,2026-09-19,timestamp,2026-09-19T21:45:00.000000Z,2026-09-17T02:49:37.000000Z,0.5353771359999999,5ca0c9b4a2b142fb5faf,point-in-time-elo-logistic-v2,2026-09-12,date,b9b0d891c1095ed65a699ce2c1a8f8f539f57345,native_probability,
1,54644ee9aef291d4e22c1f918cca5569075eb8b09462ae69486d796a834cda11,capture_20260919T202904710456Z_35467315521_1_13829d4ab32a,matchup_bec90fe45f91dcb38f05be1a35565a02b9c8e1ca4de8ffb24483749c9958aa9c,,8a0a35e7c74bebcc,98a58c26c5b1ed17,e93b04e308913c2e,Patricio Pitbull,Dooho Choi,2026-09-19,timestamp,2026-09-19T21:45:00.000000Z,2026-09-17T02:49:37.000000Z,0.24533110900000002,5ca0c9b4a2b142fb5faf,point-in-time-elo-logistic-v2,2026-09-12,date,b9b0d891c1095ed65a699ce2c1a8f8f539f57345,native_probability,
1,6887b4af308710050fb49f2cfafe3df3e1656a71e09e2f558d7b6d3a1f0e90ea,capture_20260919T202904710456Z_35467315521_1_13829d4ab32a,matchup_c79dcc9635165d1f4a1e239bf9c5b598ecfcf90c75e2f49b00cff1c9260a3fd4,,8a0a35e7c74bebcc,6967153c7edb4d87,e463ce0a2ca474f4,Ozzy Diaz,Ryan Gandra,2026-09-19,timestamp,2026-09-19T21:45:00.000000Z,2026-09-17T02:49:37.000000Z,0.3650763641,5ca0c9b4a2b142fb5faf,point-in-time-elo-logistic-v2,2026-09-12,date,b9b0d891c1095ed65a699ce2c1a8f8f539f57345,native_probability,
1,7773549ded13610c2fdb0377118f41509617116004dcc954380650df8630c8fa,capture_20260919T202904710456Z_35467315521_1_13829d4ab32a,matchup_730df33900ec43538f5d7a9c368cd8fc9d91aef0d76aae08a2e109ea2630641f,,8a0a35e7c74bebcc,791c8437b341fba5,9560ff14eb3129f7,Joanderson Brito,Giga Chikadze,2026-09-19,timestamp,2026-09-19T21:45:00.000000Z,2026-09-17T02:49:37.000000Z,0.7508323863999999,5ca0c9b4a2b142fb5faf,point-in-time-elo-logistic-v2,2026-09-12,date,b9b0d891c1095ed65a699ce2c1a8f8f539f57345,native_probability,
1,7de4a2f34a77847497bab2a509eef6a5fd0216404b11682e846c1464f2c802be,capture_20260919T202904710456Z_35467315521_1_13829d4ab32a,matchup_24d2abb788a1cd512c495fdc548d6e73ba97540b84f658b9ddefdfce49e378d6,,8a0a35e7c74bebcc,0f3a990526c5e706,f7e856a73c96048e,Sean Sharaf,Gable Steveson,2026-09-19,timestamp,2026-09-19T21:45:00.000000Z,2026-09-17T02:49:37.000000Z,0.08680082619999996,5ca0c9b4a2b142fb5faf,point-in-time-elo-logistic-v2,2026-09-12,date,b9b0d891c1095ed65a699ce2c1a8f8f539f57345,native_probability,
1,94c857b4f63c12fa0c737231a8ca6afbffe2e8a7fa3ecfb7e07804f78b18f876,capture_20260919T202904710456Z_35467315521_1_13829d4ab32a,matchup_46acdff5f3e3f7792daa1d5df06232e0e473168e2b7cb8890421fed3e858632b,,8a0a35e7c74bebcc,9c393e836a852f30,eae48ff31db420c2,Mauricio Ruffy,Arman Tsarukyan,2026-09-19,timestamp,2026-09-19T21:45:00.000000Z,2026-09-17T02:49:37.000000Z,0.2523123301,5ca0c9b4a2b142fb5faf,point-in-time-elo-logistic-v2,2026-09-12,date,b9b0d891c1095ed65a699ce2c1a8f8f539f57345,native_probability,
1,cdcaefc8a6666130ba7fbdaccd05e0c5867ebd23f0a9bd08db6be27e9f5a7dad,capture_20260919T202904710456Z_35467315521_1_13829d4ab32a,matchup_ae4469d6e6c383f48dab6d33688d521769dc4791855bdb3c6cf4abaa090c38c7,,8a0a35e7c74bebcc,7c7332319c14094c,f1d64ae34e088832,Marlon Vera,Charles Jourdain,2026-09-19,timestamp,2026-09-19T21:45:00.000000Z,2026-09-17T02:49:37.000000Z,0.2723364243,5ca0c9b4a2b142fb5faf,point-in-time-elo-logistic-v2,2026-09-12,date,b9b0d891c1095ed65a699ce2c1a8f8f539f57345,native_probability,
1,dcf3c26ce2e980c16f4216f6aa2a6a9004790c7dacb1725fb0c5596bbe34877e,capture_20260919T202904710456Z_35467315521_1_13829d4ab32a,matchup_8cb639734e70349cede5526c9186ce46910e1a9fe372bc84895459f47f63314c,,8a0a35e7c74bebcc,04835018f90b118c,de594b35c45c2e9a,Casey O'Neill,Eduarda Moura,2026-09-19,timestamp,2026-09-19T21:45:00.000000Z,2026-09-17T02:49:37.000000Z,0.5531087991,5ca0c9b4a2b142fb5faf,point-in-time-elo-logistic-v2,2026-09-12,date,b9b0d891c1095ed65a699ce2c1a8f8f539f57345,native_probability,
1,f5267364d0720faf3578d809628ea8ea3c79f5dd7d6e6654988d0d62655f2bbc,capture_20260919T202904710456Z_35467315521_1_13829d4ab32a,matchup_6e355a8ad7d197cbe29ce642d75d50d2a8e45844e42d87852e64e4bf6ec40b9c,,8a0a35e7c74bebcc,17e97649403ba428,a0f0004aadf10b71,Joshua Van,Alexandre Pantoja,2026-09-19,timestamp,2026-09-19T21:45:00.000000Z,2026-09-17T02:49:37.000000Z,0.7779829299000001,5ca0c9b4a2b142fb5faf,point-in-time-elo-logistic-v2,2026-09-12,date,b9b0d891c1095ed65a699ce2c1a8f8f539f57345,native_probability,
1,075e95e5bf1f8847c3a06939665ff51863ef0a6a4aa729b93f61c86c507d621d,capture_20260920T152728100707Z_35519478641_1_02cf0d344cbc,matchup_e6fbd5b4ed13b05288ca09bebeb9979c204884c0b08d8693b89a0d3ae9faae5a,,7e654edcddd71550,5987b2458f4b5290,cc1a8b4b38b92c6d,Ricky Simon,Montel Jackson,2026-09-26,timestamp,2026-09-26T22:00:00.000000Z,2026-09-20T14:43:29.000000Z,0.3566067304,bcc801e0c35c7cce7271,point-in-time-elo-logistic-v2,2026-09-19,date,289bc69c1e33e48931031741f175154d0cc329e4,native_probability,
1,28f4d18c8dcc4361fd80cd75da3882ef503608c1dc1567204b26b93e7b22b79b,capture_20260920T152728100707Z_35519478641_1_02cf0d344cbc,matchup_098d1e9838086ebc04614119e7c923e8f8c8b3dfb3e34717af46f8dbbe05441f,,7e654edcddd71550,130b65b53f30f33c,2bbdbc925f4323ac,Ilimbek Akylbek,Mehemmedeli Osmanli,2026-09-26,timestamp,2026-09-26T22:00:00.000000Z,2026-09-20T14:43:29.000000Z,0.5,bcc801e0c35c7cce7271,point-in-time-elo-logistic-v2,2026-09-19,date,289bc69c1e33e48931031741f175154d0cc329e4,native_probability,
1,47068429f0a4d1965b343e02d968411821e06c085a8d98ad6dc87885ee605e7b,capture_20260920T152728100707Z_35519478641_1_02cf0d344cbc,matchup_7aa95ba68484517158ef35e7f68d68ddaa97e6998cad2e106c8088000ff50d60,,7e654edcddd71550,06e4245d16fc5315,d3f5d33d61cd00c9,Ailin Perez,Norma Dumont,2026-09-26,timestamp,2026-09-26T22:00:00.000000Z,2026-09-20T14:43:29.000000Z,0.5853064635,bcc801e0c35c7cce7271,point-in-time-elo-logistic-v2,2026-09-19,date,289bc69c1e33e48931031741f175154d0cc329e4,native_probability,
1,5059368b1ac9947ff42971e1d4493ee95194c4068ed4468809fd05a4702e83af,capture_20260920T152728100707Z_35519478641_1_02cf0d344cbc,matchup_d14c691a367e024e5705220669d896edb1db21b218621339498702e2778d28e0,,7e654edcddd71550,260e9e0d4954aea6,f96856f9d69fd7e4,Rodolfo Vieira,Robert Bryczek,2026-09-26,timestamp,2026-09-26T22:00:00.000000Z,2026-09-20T14:43:29.000000Z,0.549106168,bcc801e0c35c7cce7271,point-in-time-elo-logistic-v2,2026-09-19,date,289bc69c1e33e48931031741f175154d0cc329e4,native_probability,
1,8958fed73fba8dd1c62234b6194b6b1f0f2eef1a46b6723a2dc6449e5520351d,capture_20260920T152728100707Z_35519478641_1_02cf0d344cbc,matchup_bd37b6457569db68ac2f9d98f3c91207a45248f8fc97c57786bba8dce606713e,,7e654edcddd71550,7af33fc4435017f1,d8c811df0386d5e8,Brady Hiestand,Rinya Nakamura,2026-09-26,timestamp,2026-09-26T22:00:00.000000Z,2026-09-20T14:43:29.000000Z,0.5720518408,bcc801e0c35c7cce7271,point-in-time-elo-logistic-v2,2026-09-19,date,289bc69c1e33e48931031741f175154d0cc329e4,native_probability,
1,b294c647b039e165444078df7dd60a0d04b6014d31f6446c7739604ec87115ff,capture_20260920T152728100707Z_35519478641_1_02cf0d344cbc,matchup_34028b84a7ec0b53a2fa9219c106e593df1824e7fab7bcebd62d525afd645b53,,7e654edcddd71550,2c483cf443f38ece,40cb680ae1cd331f,Vanessa Demopoulos,Yazmin Jauregui,2026-09-26,timestamp,2026-09-26T22:00:00.000000Z,2026-09-20T14:43:29.000000Z,0.1491701311,bcc801e0c35c7cce7271,point-in-time-elo-logistic-v2,2026-09-19,date,289bc69c1e33e48931031741f175154d0cc329e4,native_probability,
1,f0c00a8a796a83b621da0189323ad42727e664a0abbf544b86178f3ba2fd9a34,capture_20260920T152728100707Z_35519478641_1_02cf0d344cbc,matchup_18ab440feed6f9f325ffa5ed3e9df4506ddd14a36d46c45bc60ff2e433f67a5d,,7e654edcddd71550,71758ab9f337716c,a1a91dbf41a029c4,Melissa Amaya,Valesca Machado,2026-09-26,timestamp,2026-09-26T22:00:00.000000Z,2026-09-20T14:43:29.000000Z,0.5,bcc801e0c35c7cce7271,point-in-time-elo-logistic-v2,2026-09-19,date,289bc69c1e33e48931031741f175154d0cc329e4,native_probability,
1,f96df4146f675e9b2394d777f081969f953b6cfc2a32ff001741f2833be89ae7,capture_20260920T152728100707Z_35519478641_1_02cf0d344cbc,matchup_e7c500b651f8f8feef8228bdb897ec8da3fd58afb4035308f5df77b252e53330,,7e654edcddd71550,69898645d600abdb,f5d82eccdea4e2dd,Rodolfo Bellato,Christian Edwards,2026-09-26,timestamp,2026-09-26T22:00:00.000000Z,2026-09-20T14:43:29.000000Z,0.4252103816,bcc801e0c35c7cce7271,point-in-time-elo-logistic-v2,2026-09-19,date,289bc69c1e33e48931031741f175154d0cc329e4,native_probability,
1,f976467ec3cd10ebe5366fed348245fe4769aef6d84fc54655ae8c36f569a956,capture_20260920T152728100707Z_35519478641_1_02cf0d344cbc,matchup_77abcf3c53b775efe29136d638e75a9874c26ecf33cd29728d274597c66b3704,,7e654edcddd71550,1897b7b913736a7c,5fa2974cbd18e05c,Alatengheili,John Castaneda,2026-09-26,timestamp,2026-09-26T22:00:00.000000Z,2026-09-20T14:43:29.000000Z,0.30709780529999997,bcc801e0c35c7cce7271,point-in-time-elo-logistic-v2,2026-09-19,date,289bc69c1e33e48931031741f175154d0cc329e4,native_probability,
