{"0": 0.02631421162912321, "1": 0.0046226942638077535, "2": -0.0029966056150405665, "3": 0.3727411729784023, "4": 0.13430846195245344, "5": 0.08342956158237214, "6": 0.05262155795884465, "7": -0.061522974758315405, "8": -0.0680346311452748, "9": -0.08805345863723554, "10": -0.020419045689582024, "11": -0.035021665299642936, "12": 0.5454733809280481, "13": 0.08596182705625355}