{"0": 0.027785497253507117, "1": 0.010058967970482061, "2": -0.005968236906586127, "3": 0.5943089773953577, "4": 0.10423078483308364, "5": 0.04901230210112916, "6": 0.06320746250908996, "7": -0.07364988501399723, "8": -0.0746680239170963, "9": -0.08777818345195254, "10": -0.010853552048864085, "11": -0.02431897389594287, "12": 0.49398790087905486, "13": 0.07724995757602843}