{"0": 0.026801340645242623, "1": 0.009282868262387146, "2": -0.005384403531641923, "3": 0.6986365749153659, "4": 0.11881512265100329, "5": 0.04068799822806517, "6": 0.0460750027197318, "7": -0.04659177612478016, "8": -0.06791155413077271, "9": -0.08230147682049559, "10": -0.024649622178114904, "11": -0.03682957027419605, "12": 0.5047868489273095, "13": 0.09179043367339955}