{"0": 0.023717689980160665, "1": 0.005381525244450718, "2": -0.0029371486243705007, "3": 0.4589861271061498, "4": 0.17341358199132245, "5": 0.04907071202454717, "6": 0.052391318713751155, "7": -0.08021391959876734, "8": -0.06744440046160995, "9": -0.07308063500713671, "10": -0.04250324996919378, "11": -0.019216070067422614, "12": 0.5700363873255613, "13": 0.07003389852833504}