{"0": 0.027778658109651577, "1": 0.00943770146502948, "2": -0.003815007932062984, "3": 0.6869773453009028, "4": 0.1277042193199075, "5": 0.04185024005442715, "6": 0.06123337615046576, "7": -0.09240248527244387, "8": -0.07537449279530918, "9": -0.0712241388832819, "10": -0.010402057958846833, "11": -0.0027756458598240195, "12": 0.4946564783570519, "13": 0.045447761043929835}