{"0": 0.024100435976808887, "1": 0.0073070295375056845, "2": -0.003596485659211237, "3": 0.47591604143722077, "4": 0.16187860597207276, "5": 0.07369079692407461, "6": 0.020000743256601262, "7": -0.06356069333659312, "8": -0.06790176749543148, "9": -0.07316433647478078, "10": -0.040559681906623055, "11": 0.015921680914220516, "12": 0.4851764072426211, "13": 0.04555339777357099}