{"0": 0.022524085611441525, "1": 0.0062119917376533065, "2": -0.004003936333859237, "3": 0.49829396127102255, "4": 0.16932857252066424, "5": 0.07453500810873992, "6": 0.060283768503515925, "7": -0.07191793617352359, "8": -0.06243661038219225, "9": -0.0830209670112171, "10": -0.02758690410545744, "11": -0.006211190439098151, "12": 0.567135496875943, "13": 0.07354706328546341}