{"0": 0.021173367184913434, "1": 0.007565643806731158, "2": -0.002792496644167093, "3": 0.29462906404466677, "4": 0.15905569976246697, "5": 0.030222431652094255, "6": 0.039818841992623026, "7": -0.10238936793490122, "8": -0.06736217977770896, "9": -0.06606902277157573, "10": -0.03453686664736762, "11": 0.009525464634188414, "12": 0.5541306196842084, "13": 0.058631628573685986}