{"0": 0.024839763891821062, "1": 0.008540784419597429, "2": -0.00393719203944681, "3": 0.635801311062546, "4": 0.11678882750776434, "5": 0.027690882967089072, "6": 0.051758628842009866, "7": -0.06476240135964677, "8": -0.07092434943782847, "9": -0.08285874261457715, "10": -0.019224302879287346, "11": -0.005637884738569516, "12": 0.5470812679201704, "13": 0.07490646446727645}