{"0": 0.02219441672945321, "1": 0.007699207951342609, "2": -0.0030875205522070924, "3": 0.7127210498436883, "4": 0.12186629417382082, "5": 0.031799512601934456, "6": 0.0412603300936985, "7": -0.060293389611554275, "8": -0.07451024682244166, "9": -0.08715118960764041, "10": -0.02662114946570254, "11": -0.01652896457370607, "12": 0.5832461190643052, "13": 0.08161060283900783}