{"0": 0.023747482101718776, "1": 0.006363324720314547, "2": -0.003225249867779448, "3": 0.441953230762063, "4": 0.15314569733131675, "5": 0.05919928898146623, "6": 0.05368969447514766, "7": -0.10822760774562537, "8": -0.07326028961375151, "9": -0.07235232561183062, "10": -0.022838638177799957, "11": -0.013993601591814078, "12": 0.5566023751759515, "13": 0.06757541381775245}