{"0": 0.0245807805599247, "1": 0.0050994549305806575, "2": -0.0020222143923076612, "3": 0.6121009456765605, "4": 0.1543985349900234, "5": 0.06278130388855845, "6": 0.028893420483789522, "7": -0.07711954930809696, "8": -0.06616284955199629, "9": -0.07879716571117965, "10": -0.02467604040449365, "11": -0.007633376553592338, "12": 0.5340922300866535, "13": 0.06509459035649796}