{"0": 0.023273475468931996, "1": 0.008209335562041703, "2": -0.004571688533991543, "3": 0.651476808074832, "4": 0.1441559039594746, "5": 0.03288560334263295, "6": 0.04473245959904509, "7": -0.04753320048635062, "8": -0.06587101265594074, "9": -0.08656581300336054, "10": -0.02328781145174155, "11": 0.00028389514242196706, "12": 0.5520038068814445, "13": 0.07339855190505327}