{"0": 0.028570735995920304, "1": 0.01021371036228863, "2": -0.005611713050088624, "3": 0.6530114176723046, "4": 0.13422978335339064, "5": 0.04799504547604161, "6": 0.06318913699866524, "7": -0.06546483574283375, "8": -0.07094132725724903, "9": -0.0742127630433325, "10": -0.0213999025141139, "11": -0.01268111180377269, "12": 0.5224964996753282, "13": 0.05406128174260767}