{"0": 0.02356458846132112, "1": 0.005956336917721881, "2": -0.0019904582931545606, "3": 0.40563035966668154, "4": 0.1401631411899478, "5": 0.09642137875981167, "6": 0.019369848163090536, "7": -0.10028303468993208, "8": -0.06308483283374094, "9": -0.06913369613744969, "10": -0.033423304073017884, "11": 0.011570153587166964, "12": 0.5463254329873521, "13": 0.05377170721386883}