{"0": 0.022924043706426245, "1": 0.009745992107695153, "2": -0.004062005092332508, "3": 0.5592138050398979, "4": 0.12096672467813302, "5": 0.0393312008330279, "6": 0.03572866971737733, "7": -0.05088427567036553, "8": -0.07150706248590312, "9": -0.08249941992102724, "10": -0.016244315826677513, "11": -0.010231032824328749, "12": 0.5090410979492178, "13": 0.07689344952974815}