{"0": 0.025417525747470825, "1": 0.009701025934408355, "2": -0.00533328266130693, "3": 0.6154071279440806, "4": 0.10286738075358712, "5": 0.06644989109600105, "6": 0.03211275654994499, "7": -0.03611890986727011, "8": -0.06952241613019736, "9": -0.08588125264351255, "10": -0.020600989363504088, "11": -0.025343861921626656, "12": 0.5095123233617365, "13": 0.08271434387401207}