{"0": 0.024930814494933125, "1": 0.005267973083259835, "2": -0.002510300228772131, "3": 0.557344750128158, "4": 0.14232013918893643, "5": 0.08332840471498812, "6": 0.01847314189946564, "7": -0.0592486679282872, "8": -0.06514208440516245, "9": -0.07223415734877194, "10": -0.034117462942067904, "11": 0.0019903071053925282, "12": 0.45979183723710276, "13": 0.0576867479708258}