{"0": 0.023792643490607945, "1": 0.006616500830721027, "2": -0.002485654491019995, "3": 0.3967188487729731, "4": 0.13854546492584377, "5": 0.060885108622366076, "6": 0.009383512403478783, "7": -0.04399834983511588, "8": -0.06858486378693343, "9": -0.06636144255311495, "10": -0.034323886818914684, "11": 0.013889469901454274, "12": 0.4690071574928267, "13": 0.043179807683953714}