{"0": 0.023545490150268956, "1": 0.007403439508934876, "2": -0.002699974087454891, "3": 0.4836666555333952, "4": 0.16114041961653752, "5": 0.04021786325359304, "6": 0.026883894686638685, "7": -0.06618092410288674, "8": -0.06372477392561639, "9": -0.08053999615356305, "10": -0.030136666414428453, "11": 0.04170923280613866, "12": 0.4906474620757772, "13": 0.04390728926243572}