{"0": 0.02183175033736863, "1": 0.007702258199405153, "2": -0.0024997526662132777, "3": 0.3950240822486926, "4": 0.14004475798680732, "5": 0.06677712456424191, "6": 0.0034221636243527147, "7": -0.0854586049821779, "8": -0.06875288382656687, "9": -0.06255253500639503, "10": -0.03899272587259527, "11": 0.05790203616682635, "12": 0.47292080995192026, "13": 0.0431947046149516}