{"0": 0.023149003540795982, "1": 0.007961356097243176, "2": -0.004377588381672802, "3": 0.4253353897230088, "4": 0.14452393934373328, "5": 0.0633646314692064, "6": 0.049061524972741626, "7": -0.06893382262553281, "8": -0.06667244128187971, "9": -0.07229211828744272, "10": -0.03840148565455021, "11": -0.020464527861312275, "12": 0.5047950771410297, "13": 0.07683510840091734}