{"0": 0.028646320979273505, "1": 0.010073259513162467, "2": -0.005447288293937048, "3": 0.6147528880258003, "4": 0.10787568406311773, "5": 0.009885452413536534, "6": 0.05687107639454733, "7": -0.07449384459730705, "8": -0.06719001112527573, "9": -0.08363909776482854, "10": -0.01083959059272825, "11": -0.024033360101140346, "12": 0.5456453254290179, "13": 0.079858759622614}