{"0": 0.03129613442596889, "1": 0.007989473282342919, "2": -0.005137523578906979, "3": 0.7221032278832857, "4": 0.12416423816207094, "5": 0.025999060725483716, "6": 0.056783499695281126, "7": -0.04261265267907745, "8": -0.07355904698758568, "9": -0.08569421122876641, "10": 0.001582128922604619, "11": -0.003210906872016224, "12": 0.5049082352764664, "13": 0.06832964791519543}