{"0": 0.025557252237429478, "1": 0.003413513153688684, "2": -0.0010065011662214135, "3": 0.44760806002885073, "4": 0.1281973221696807, "5": 0.030899776760579024, "6": 0.06013366812494669, "7": -0.11275039192540638, "8": -0.0772757757654472, "9": -0.09240579976600513, "10": -0.007378670853454847, "11": -0.0124541565353149, "12": 0.5686134752784593, "13": 0.07071601970964898}