{"0": 0.02690099826144328, "1": 0.005751099455707077, "2": -0.003256799426501794, "3": 0.6264907086615609, "4": 0.1514374977108681, "5": 0.03753269117366499, "6": 0.054177563121571744, "7": -0.11573912644060143, "8": -0.05862218292926017, "9": -0.08039031386831594, "10": -0.015118270067776107, "11": 0.0017411070950705291, "12": 0.5483767540116853, "13": 0.06191688480592571}