{"0": 0.033852082751144416, "1": 0.0070219270567659755, "2": -0.005531992333615417, "3": 0.7419561893446381, "4": 0.11562380779935774, "5": 0.047987623254476454, "6": 0.06777242532988949, "7": -0.045712940761119175, "8": -0.06525176036669302, "9": -0.08668482536564195, "10": -0.009847375430165234, "11": -0.013052335656596432, "12": 0.4797208809536566, "13": 0.0784767076913726}