{"0": 0.027948233377487062, "1": 0.011168890841113475, "2": -0.005291680135733993, "3": 0.7426000042427585, "4": 0.1266962572865708, "5": 0.021293612928670342, "6": 0.05739590087043478, "7": -0.06822467000879147, "8": -0.0735149415504532, "9": -0.07024438463605892, "10": -0.022135150242978623, "11": -0.01387833706069782, "12": 0.5294611381553153, "13": 0.052688506345927914}