{"0": 0.023177150215813003, "1": 0.007276857173521507, "2": -0.00487104325167878, "3": 0.3892189252532745, "4": 0.1592163116260198, "5": 0.06401409079257331, "6": 0.01875698464133203, "7": -0.040121237534642654, "8": -0.056879144900907876, "9": -0.07375294801978244, "10": -0.040848767506798805, "11": -0.01885859357967545, "12": 0.5387702070835219, "13": 0.08108502590712838}