{"0": 0.025161789784608795, "1": 0.008982533001900325, "2": -0.004151354725507517, "3": 0.5795679697245457, "4": 0.09524383730365717, "5": 0.06572147785896383, "6": 0.039227690647109494, "7": -0.061298588044215355, "8": -0.06659698311787318, "9": -0.08405927544431017, "10": -0.01322671345601613, "11": -0.022485685016607568, "12": 0.5453003235251401, "13": 0.08737054512901259}