{"0": 0.032456535402064696, "1": 0.009670483212866666, "2": -0.0056148153661611305, "3": 0.6534215543032577, "4": 0.12716009956741342, "5": 0.05596985494267271, "6": 0.07432864896743441, "7": -0.06498368160519177, "8": -0.07568328452801525, "9": -0.07905144771353469, "10": -0.01276177222903908, "11": 0.0071131614809463945, "12": 0.5326304515892322, "13": 0.0591438029796797}