{"0": 0.024568583992714603, "1": 0.004165787658572513, "2": -0.0016835880902992839, "3": 0.5562692537271641, "4": 0.16962629304119564, "5": 0.08750641686076471, "6": 0.048803682057670335, "7": -0.0648840622786545, "8": -0.07375016860927662, "9": -0.07811586415704337, "10": -0.030844308415737695, "11": 0.0009147318581640143, "12": 0.4766412317042944, "13": 0.0583180208893514}