{"0": 0.02315194183451636, "1": 0.006450934102211784, "2": -0.0036990512666537027, "3": 0.6312886236925153, "4": 0.1336672111245753, "5": 0.03019795423798652, "6": 0.027717653326788147, "7": -0.09301555457567508, "8": -0.06304850816658976, "9": -0.0740719085773911, "10": -0.02407998495363184, "11": -0.021982414041160754, "12": 0.5292153248303578, "13": 0.07140220158609366}