{"0": 0.02680406149303554, "1": 0.008887371831333535, "2": -0.004467644224497063, "3": 0.5396250635197489, "4": 0.09180679823587584, "5": 0.06795205591959924, "6": 0.050061345361027854, "7": -0.04252375876594973, "8": -0.0718692600025878, "9": -0.08750049142201433, "10": -0.023232194188621397, "11": -0.014731691919871802, "12": 0.49181386718939135, "13": 0.0877037430915658}