{"0": 0.02165239935507826, "1": 0.005652113071573155, "2": -0.0032286121426651337, "3": 0.39065681761536847, "4": 0.16841344401687278, "5": 0.055548501663487224, "6": 0.041370825913909864, "7": -0.08653745856537447, "8": -0.05843779031023016, "9": -0.0820235014815916, "10": -0.031711794362847656, "11": -0.022551473312763824, "12": 0.544237430781327, "13": 0.07438843247447412}