{"0": 0.024799451597501108, "1": 0.005765290081024187, "2": -0.0019934603055481786, "3": 0.43973967713518364, "4": 0.16267200983890293, "5": 0.06482033668972931, "6": 0.029157577672640232, "7": -0.0688653268264045, "8": -0.07171123138078615, "9": -0.06699405809832254, "10": -0.036246186255942815, "11": 0.011662822738582044, "12": 0.4819861263816702, "13": 0.05149469048288791}