{"0": 0.02906365011106883, "1": 0.009910618573724727, "2": -0.004446579059620417, "3": 0.7019930754651715, "4": 0.11864215282843847, "5": 0.04230512460380861, "6": 0.0593043806299347, "7": -0.07471588219998747, "8": -0.06957808263704639, "9": -0.08058354659565578, "10": -0.006832410560017469, "11": -0.0015761573368679757, "12": 0.5618284207445533, "13": 0.04819526512779736}