{"0": 0.024221250281765076, "1": 0.00605603447848415, "2": -0.0019401761893748633, "3": 0.5676658717748543, "4": 0.13246921434194497, "5": 0.0642323503267475, "6": 0.04119836454371593, "7": -0.13100470396364375, "8": -0.06146649723402099, "9": -0.06664671791581861, "10": -0.030383332924867903, "11": -0.00872074275225813, "12": 0.5447470807940022, "13": 0.0612068209724045}