{"0": 0.02364392081445747, "1": 0.009372383860484581, "2": -0.003673404569700256, "3": 0.21094671353345607, "4": 0.13479876593071355, "5": 0.04994080009294033, "6": 0.010796786024300307, "7": -0.08114098474238282, "8": -0.05981091986930016, "9": -0.06531041837202395, "10": -0.03221481208140156, "11": 0.03983253540522574, "12": 0.5166591714492093, "13": 0.03519206493276155}