{"0": 0.023704717241678566, "1": 0.006583050929524879, "2": -0.003163561059229654, "3": 0.457157675849447, "4": 0.13535668940319542, "5": 0.06506618634902397, "6": 0.036585700784285864, "7": -0.03045744957148987, "8": -0.06640126654151032, "9": -0.07475429599162506, "10": -0.03888605681575881, "11": -0.014352478015908152, "12": 0.5033917953868607, "13": 0.07162733893668442}