{"0": 0.026068020889654486, "1": 0.004685416575516331, "2": -0.0018015085845621958, "3": 0.4621481970357088, "4": 0.14917309178962027, "5": 0.06391254017200514, "6": 0.030647171684020008, "7": -0.07384039920405214, "8": -0.06333210199877058, "9": -0.0693731061867367, "10": -0.02534772231765916, "11": -0.014371854952896019, "12": 0.5582972618090493, "13": 0.06336846978561443}