{"0": 0.023013789270851757, "1": 0.006059442694624742, "2": -0.002592031775115992, "3": 0.5602845221887555, "4": 0.12154676532916416, "5": 0.05621150015294094, "6": 0.050539487464670685, "7": -0.07799738893653088, "8": -0.07200787574225419, "9": -0.06766581420545037, "10": -0.04268494240457059, "11": -0.022134786998927326, "12": 0.5656039927243256, "13": 0.07481280204815875}