{"0": 0.022775852869422547, "1": 0.008011577560513615, "2": -0.002902184265165952, "3": 0.2774625616962944, "4": 0.1525467827635538, "5": 0.07054960424315433, "6": 0.009004370227488356, "7": -0.06824514402761989, "8": -0.07024006751041133, "9": -0.06632093122131098, "10": -0.03737090555527773, "11": 0.04843970981483071, "12": 0.5367960924824952, "13": 0.03433495602507763}