{"0": 0.02098518479182257, "1": 0.006939954065733639, "2": -0.002211535816983306, "3": 0.2830060316792751, "4": 0.1354482289825516, "5": 0.0640276030049476, "6": 0.009585105259032556, "7": -0.04428295895723675, "8": -0.06954510274858036, "9": -0.06597340135247019, "10": -0.029443325922634146, "11": 0.0628341916558571, "12": 0.4809920042933683, "13": 0.03514753143510833}