{"0": 0.02492743444414806, "1": 0.0071992322718206795, "2": -0.004547410100793063, "3": 0.5009168391236999, "4": 0.1459102127564236, "5": 0.04443221629734309, "6": 0.05875410082434985, "7": -0.059237227581772835, "8": -0.07918648047231652, "9": -0.08322322666835787, "10": -0.03731228468293909, "11": -0.005817650090031461, "12": 0.5261768104274018, "13": 0.07024117057804155}