{"0": 0.021572766963360013, "1": 0.007777822854503494, "2": -0.0047350106879014585, "3": 0.6014734039981408, "4": 0.1406597213754769, "5": 0.07176223550039447, "6": 0.036324129900687986, "7": -0.07784633980727419, "8": -0.06341934884376141, "9": -0.07671133220124042, "10": -0.037504063761697855, "11": -0.01586497993523058, "12": 0.5008340806272019, "13": 0.07567426455354423}