{"0": 0.02274374874334596, "1": 0.006288363797631923, "2": -0.0027188912444418823, "3": 0.20578659074650377, "4": 0.15421572149045734, "5": 0.029040581181887844, "6": 0.042010431500514846, "7": -0.0810561663911857, "8": -0.06929407953191738, "9": -0.07399940083983435, "10": -0.03129314011932684, "11": -0.007554342459046586, "12": 0.5803571700763475, "13": 0.06470536904455355}