{"0": 0.02247702779237244, "1": 0.006995405658837692, "2": -0.00447593800930307, "3": 0.27173659142849815, "4": 0.1524138094029466, "5": 0.07227141846032746, "6": 0.05221382692775752, "7": -0.0666649860647315, "8": -0.068094949704698, "9": -0.08748640544340859, "10": -0.020662399035406037, "11": -0.0006915454660042996, "12": 0.5420914587712274, "13": 0.05894956440486965}