{"0": 0.021419963856629302, "1": 0.004993231180261565, "2": -0.00152469201803698, "3": 0.38213195540384026, "4": 0.14784047106765327, "5": 0.0702009374270975, "6": 0.04221916625568276, "7": -0.11044638366735712, "8": -0.06813789783966301, "9": -0.08627004638455034, "10": -0.010623836217715298, "11": -0.010712055411745558, "12": 0.5216560799106618, "13": 0.06697457241607453}