{"0": 0.02213816274303542, "1": 0.00820765496297417, "2": -0.002148243087901536, "3": 0.1538451332779158, "4": 0.15971360047397234, "5": 0.034772763300335595, "6": 0.004659101263437741, "7": -0.06994478339700183, "8": -0.06877235390431931, "9": -0.07007540000091401, "10": -0.01676536511061051, "11": 0.06146461011128975, "12": 0.4639961062543717, "13": 0.03359406775515687}