{"0": 0.023614898363835138, "1": 0.008285951863564659, "2": -0.0046654192867885596, "3": 0.5051971036952932, "4": 0.1409640606028155, "5": 0.03492618510278839, "6": 0.04929512909516721, "7": -0.03604970041568, "8": -0.06841801527985257, "9": -0.07839588634520893, "10": -0.04051955138816283, "11": -0.008733236150284752, "12": 0.5433095772640287, "13": 0.06887210765855294}