{"0": 0.029517187397273666, "1": 0.009496451921387074, "2": -0.006806197577559256, "3": 0.7300759426078064, "4": 0.09742611349025262, "5": 0.06965091215744797, "6": 0.0582253092354724, "7": -0.018375585938067398, "8": -0.06957449468336845, "9": -0.09120047711942396, "10": -0.010370368573411842, "11": -0.019139832422780563, "12": 0.5349319212757482, "13": 0.08324390600044894}