{"0": 0.024595004663509407, "1": 0.006406343013013252, "2": -0.002510943647774033, "3": 0.3443615768571747, "4": 0.1453867139241547, "5": 0.08188737711971865, "6": 0.04396193368862199, "7": -0.0633325333141808, "8": -0.06969744524398291, "9": -0.07301504224716443, "10": -0.04363611136382563, "11": 0.008449281425878455, "12": 0.5205941889248402, "13": 0.06279165349427479}