{"0": 0.023920623785785796, "1": 0.008256112438102462, "2": -0.0038396820574026023, "3": 0.4946542450388714, "4": 0.13688441596300538, "5": 0.06322217346018333, "6": 0.049670585820960525, "7": -0.04624801666730503, "8": -0.07267216579491415, "9": -0.06677837848215354, "10": -0.04642718881713258, "11": -0.031216182506353597, "12": 0.5607934248415702, "13": 0.07961300673720012}