{"0": 0.026001758129270337, "1": 0.00461860702369301, "2": -0.0014109767871829492, "3": 0.3253814733011251, "4": 0.15396317440861107, "5": 0.030102218931423518, "6": 0.06312213954004424, "7": -0.08801313011618818, "8": -0.07599607315315596, "9": -0.07171595576122969, "10": -0.043444859007600686, "11": -0.0011528441159613652, "12": 0.6113554683132754, "13": 0.07077131897703673}