{"0": 0.027880017966851852, "1": 0.009600727470247079, "2": -0.003902636273211689, "3": 0.6885234545030323, "4": 0.12979731514339976, "5": 0.04076742667010048, "6": 0.062584899842967, "7": -0.09360651808766252, "8": -0.07512024037962668, "9": -0.06994765787041926, "10": -0.01097277387568461, "11": -0.003104896080312807, "12": 0.49425761440812377, "13": 0.04645574946453134}