{"0": 0.02246034419307239, "1": 0.005578896929055715, "2": -0.001971506083545233, "3": 0.20979493446046757, "4": 0.1688062414125825, "5": 0.054940090994435295, "6": 0.018372896936176948, "7": -0.0651697340063758, "8": -0.06913628535065698, "9": -0.07332182817577435, "10": -0.010539671660739176, "11": 0.0667421154224055, "12": 0.49566327684768324, "13": 0.03137302798026145}