{"0": 0.023668962138955675, "1": 0.008591384704269046, "2": -0.003699363582538975, "3": 0.6146689730490931, "4": 0.11925115814969463, "5": 0.06622179926423087, "6": 0.05781722492785306, "7": -0.03872656183288494, "8": -0.07748854858111383, "9": -0.0842600507509863, "10": -0.03571603341828557, "11": -0.02625596755638125, "12": 0.5318033890792327, "13": 0.09163800127180377}