{"0": 0.024267735767694112, "1": 0.006202664391012586, "2": -0.004611442452031148, "3": 0.6033574320533274, "4": 0.13961129104865874, "5": 0.07122890692519535, "6": 0.0595114064323234, "7": -0.1053570311260851, "8": -0.06032923822754772, "9": -0.0726199649584827, "10": -0.04331477185051849, "11": -0.030882205393801328, "12": 0.5242692486200335, "13": 0.07633858155866488}