{"0": 0.024084620755213365, "1": 0.004668737277564166, "2": -0.001605860942961659, "3": 0.36675006710547026, "4": 0.1549662038510592, "5": 0.017492693023809288, "6": 0.0229274468457919, "7": -0.03538252842149134, "8": -0.07046671367739557, "9": -0.07494554796287646, "10": -0.029123748180055024, "11": -0.0017637917579577005, "12": 0.5445759457175838, "13": 0.05872449227796934}