{"0": 0.028983447788900052, "1": 0.010070439978273121, "2": -0.006436457237115316, "3": 0.7780515984596872, "4": 0.10258017825105914, "5": 0.02296105245603478, "6": 0.05394932189683384, "7": -0.026006004847178084, "8": -0.07034355294066073, "9": -0.08316278039555638, "10": -0.01552816973217463, "11": -0.020739064912561507, "12": 0.5200072314305382, "13": 0.07874803710476992}