{"0": 0.02825356067650358, "1": 0.009891110847578244, "2": -0.0055719616541545945, "3": 0.649324502704285, "4": 0.10422663369247279, "5": 0.04269047683762853, "6": 0.05688700872494043, "7": -0.07090993070321813, "8": -0.0686612402217212, "9": -0.07816505601763307, "10": -0.02171250988790769, "11": -0.02146404033897849, "12": 0.5430072424727798, "13": 0.08220503620735839}