{"0": 0.022866119878505807, "1": 0.006131589622047785, "2": -0.0029661380298579535, "3": 0.26446161963533366, "4": 0.1509434325614791, "5": 0.07296274179746817, "6": 0.03173520798031073, "7": -0.09425159953302166, "8": -0.0703379720044732, "9": -0.08072789742368844, "10": -0.030527765187828005, "11": -0.022064845588899585, "12": 0.5947501378007378, "13": 0.07148659383847857}