{"0": 0.027863391150551246, "1": 0.011889379447597012, "2": -0.005687669780057423, "3": 0.7275559210256678, "4": 0.12075509473768174, "5": 0.0363640262712148, "6": 0.059178412176526314, "7": -0.0820607242147355, "8": -0.07024463220918815, "9": -0.08215119108351934, "10": -0.006142852593163621, "11": 0.012135315440280466, "12": 0.5451310394569515, "13": 0.05161875715531197}