{"0": 0.03142839990885397, "1": 0.009664618397595741, "2": -0.006430833990103279, "3": 0.6369654553800609, "4": 0.10617641567929044, "5": 0.044384388806015175, "6": 0.05332283250863663, "7": -0.044093555027391235, "8": -0.06211264204496802, "9": -0.08391139652263599, "10": -0.0009069950135936539, "11": -0.010246289593794195, "12": 0.5182855839804187, "13": 0.07891805268757206}