{"0": 0.020677421253875155, "1": 0.007262912766031445, "2": -0.002461413188538107, "3": 0.2876162504037447, "4": 0.16355229538044394, "5": 0.08732486023071008, "6": 0.010224673824163198, "7": -0.06000969999614896, "8": -0.07216106075723808, "9": -0.09372018354945082, "10": 0.007251773844505952, "11": 0.08431320674790917, "12": 0.42363127883199997, "13": 0.035814389462781336}