{"0": 0.027187809474066155, "1": 0.009395358870360037, "2": -0.005464921115923757, "3": 0.6611398853153325, "4": 0.10089083296065701, "5": 0.0486927616124354, "6": 0.055104889503624646, "7": -0.040916694165277205, "8": -0.07336722760935896, "9": -0.08494890943071459, "10": -0.019159571877394872, "11": -0.017893903430192936, "12": 0.5125092431589476, "13": 0.08396145841356106}