{"0": 0.02603792385538234, "1": 0.006557671874257347, "2": -0.0026180066230865493, "3": 0.2966748854490578, "4": 0.14357338515497156, "5": 0.056861697007745356, "6": 0.009341890388535815, "7": -0.03401167121546535, "8": -0.06824798373094203, "9": -0.0708194995478943, "10": -0.030085932021186635, "11": 0.01934574994731827, "12": 0.4759771896683809, "13": 0.04424099809029452}