{"0": 0.025676072841359053, "1": 0.00721060559049251, "2": -0.0031769201242309725, "3": 0.35913966375294837, "4": 0.15080101044068686, "5": 0.07736250875324963, "6": 0.036098776816869314, "7": -0.06958610039629326, "8": -0.0737516046648097, "9": -0.07311289791880624, "10": -0.029383719228055903, "11": 0.01641603635152844, "12": 0.5261997903129356, "13": 0.04990379464895602}