{"0": 0.023868796118740154, "1": 0.005329198235487915, "2": -0.0017395580385856774, "3": 0.5126221600686361, "4": 0.09721156221980645, "5": 0.07187832243819046, "6": 0.05408971930266532, "7": -0.1256110166280334, "8": -0.06667575962868273, "9": -0.083022009135569, "10": -0.025794566128522694, "11": -0.031188369007573647, "12": 0.5410138536038329, "13": 0.07997108105671229}