{"0": 0.023738429488422693, "1": 0.007630332828328861, "2": -0.002964294627693372, "3": 0.3292553738880448, "4": 0.1422931199663227, "5": 0.05419377578461858, "6": 0.020903524393215227, "7": -0.06379841234035609, "8": -0.06733264957868493, "9": -0.06748123717036635, "10": -0.044482320209456104, "11": 0.023673975012988114, "12": 0.4997020470131291, "13": 0.04681960653154284}