{"0": 0.024453899817500697, "1": 0.005776630184327885, "2": -0.0015141111930508753, "3": 0.4461526552199146, "4": 0.1141150257616816, "5": 0.027784931160619985, "6": 0.024605474871987672, "7": -0.0809375498328637, "8": -0.0680009816190133, "9": -0.0729059229436884, "10": -0.030737657142538757, "11": -0.006095140154255666, "12": 0.5369146571188517, "13": 0.06561151349804945}