{"0": 0.027704021297388942, "1": 0.010177614044034554, "2": -0.005396566667486295, "3": 0.6027106561539075, "4": 0.10319745489786127, "5": 0.04165204090475116, "6": 0.06401053809655158, "7": -0.051080639701449104, "8": -0.0781658402016387, "9": -0.08587348510713806, "10": -0.01692894885326691, "11": -0.017238211738064196, "12": 0.5459460622055096, "13": 0.07838473236887251}