{"0": 0.020892689184919485, "1": 0.006363560897236052, "2": -0.0015649199816537096, "3": 0.590611509736961, "4": 0.11366635086807426, "5": 0.05735010956603094, "6": 0.03698709792461212, "7": -0.1102834459300556, "8": -0.07463157908132229, "9": -0.08707577678423117, "10": -0.022011585937362795, "11": -0.022701298785467255, "12": 0.5488650136024192, "13": 0.0734258171741183}