{"0": 0.020930454499384646, "1": 0.00883731547780308, "2": -0.003629746889493937, "3": 0.1917384945154779, "4": 0.14928363512849127, "5": 0.05683567931621995, "6": -0.0017073333431108272, "7": -0.09930074476294341, "8": -0.05792586328930735, "9": -0.058290871314421365, "10": -0.03873832201039476, "11": 0.00629144003707217, "12": 0.5787049652920886, "13": 0.04580471209871044}