{"0": 0.02487162597596765, "1": 0.010198741850377181, "2": -0.004099263659621453, "3": 0.6778983669752776, "4": 0.11318812905970452, "5": 0.015341561023325455, "6": 0.0536120323662759, "7": -0.07030770204985637, "8": -0.07059219853278717, "9": -0.08305282538860474, "10": -0.014881822280537424, "11": -0.013275596842952018, "12": 0.5409848737773516, "13": 0.07801364670680495}