{"0": 0.02846461119223573, "1": 0.009754309053277378, "2": -0.005966060170794693, "3": 0.6519633870516117, "4": 0.08494123194849894, "5": 0.06466792713297927, "6": 0.03759301640017071, "7": -0.023010312699984443, "8": -0.06603361829361275, "9": -0.08631281810022497, "10": -0.01257518139674315, "11": -0.031220109635786572, "12": 0.5144120471514239, "13": 0.08734136345547025}