{"0": 0.02520069483232507, "1": 0.006890906098474046, "2": -0.004365567719816505, "3": 0.605088971647216, "4": 0.11159608760401252, "5": 0.051145447198702225, "6": 0.05590489510806109, "7": -0.09420835039156202, "8": -0.06110499320859289, "9": -0.08063876703805098, "10": -0.027297735087231077, "11": -0.01894443770922246, "12": 0.5498710437875203, "13": 0.07094730446714978}