{"0": 0.02116278836911737, "1": 0.007230723596271451, "2": -0.002315050215559862, "3": 0.13036470420051977, "4": 0.16317899209963033, "5": 0.06915695207292578, "6": 0.017065303152690243, "7": -0.08054591436274326, "8": -0.06925236284501605, "9": -0.06277099644239001, "10": -0.03341444949971312, "11": 0.03854642486010795, "12": 0.4848016147309243, "13": 0.04640898931204583}