{"0": 0.024266458366599453, "1": 0.010682794918461845, "2": -0.004804367354233807, "3": 0.5594883531991853, "4": 0.1015454951161724, "5": 0.03830080222981085, "6": 0.040634493903626154, "7": -0.07427335341743362, "8": -0.07553335219708364, "9": -0.07978865024869503, "10": -0.021118403819497394, "11": -0.023729473463126243, "12": 0.5112162966426577, "13": 0.08119255376679792}