{"0": 0.026316359332057115, "1": 0.006229300643346029, "2": -0.0033973626303975524, "3": 0.2831332860882887, "4": 0.15367551695073509, "5": 0.08203456835506899, "6": 0.014792130575669244, "7": -0.03774413634005323, "8": -0.06208409694420567, "9": -0.07448936183463103, "10": -0.03894851301463817, "11": 0.03836080395210288, "12": 0.4782616661093118, "13": 0.0405755744392582}