{"0": 0.02351088181013712, "1": 0.007152797016025896, "2": -0.0041901217850825855, "3": 0.4229545501482138, "4": 0.17201294246953105, "5": 0.053149327455524094, "6": 0.04363795520284016, "7": -0.047195096066785826, "8": -0.06740744914930491, "9": -0.07496287167976388, "10": -0.02920082647962282, "11": -0.014665014162343969, "12": 0.5708491429229441, "13": 0.068838568894035}