{"0": 0.029426062532489115, "1": 0.009085090082020927, "2": -0.0037506870663080167, "3": 0.7400490392669002, "4": 0.12837022142479348, "5": 0.012747183973633778, "6": 0.05260701301981381, "7": -0.07386542916729526, "8": -0.07238005854918517, "9": -0.08293436118473695, "10": -0.0012302482577626183, "11": 0.01929364397659679, "12": 0.5340704467789174, "13": 0.04845849671988916}