{"0": 0.023466456228593075, "1": 0.008801657362238197, "2": -0.003848356749039175, "3": 0.6638721348161899, "4": 0.10890563272521127, "5": 0.04739772481620328, "6": 0.0373963862630182, "7": -0.054010256203387695, "8": -0.06758437356984484, "9": -0.09129015574216733, "10": -0.009835877277121752, "11": -0.015514361573974495, "12": 0.5276034142281992, "13": 0.07919405129200738}