{"0": 0.024436400527494267, "1": 0.0053382487257480375, "2": -0.0038615932553201656, "3": 0.29864556093554834, "4": 0.16526269744323796, "5": 0.07252562788672821, "6": 0.05203891647516107, "7": -0.05180195006995855, "8": -0.06491996010700958, "9": -0.08319111760047099, "10": -0.023740356716206917, "11": -0.013373538241559057, "12": 0.5408547822287499, "13": 0.07210044184722736}