{"0": 0.026087622784942706, "1": 0.009209870019439426, "2": -0.004159525658144638, "3": 0.5949596370279367, "4": 0.09021045988136699, "5": 0.037836727892496806, "6": 0.04489520018849167, "7": -0.06217306867383964, "8": -0.06886239237115543, "9": -0.08473655559099427, "10": -0.010163907055669283, "11": -0.01230859044808973, "12": 0.5057921437631346, "13": 0.08145054887731173}