{"0": 0.021384958380467306, "1": 0.005821591237986736, "2": -0.0022438690279637428, "3": 0.37342870774779297, "4": 0.14783433706284183, "5": 0.05993735630932468, "6": 0.018822733651160932, "7": -0.05866598635798865, "8": -0.06838565763958028, "9": -0.07034886862763876, "10": -0.034356875014104414, "11": -0.0035119339276835164, "12": 0.5668028929396118, "13": 0.06003957303450972}