{"0": 0.02488421127459566, "1": 0.008448287547328385, "2": -0.004150147185323154, "3": 0.30557814622675594, "4": 0.16132661603151185, "5": 0.06609546900569493, "6": 0.021981248070321487, "7": -0.09639577424132273, "8": -0.058365150379810125, "9": -0.07856230872305531, "10": -0.028142972531505783, "11": 0.04658124811077451, "12": 0.4902657303533107, "13": 0.03520903677662576}