{"0": 0.0245787297387175, "1": 0.006137390322443329, "2": -0.0031515419463404005, "3": 0.22094264855644238, "4": 0.13913188658342865, "5": 0.0936123440864985, "6": 0.020039067249201358, "7": -0.06744330644503455, "8": -0.06233427900041048, "9": -0.0750377905581349, "10": -0.029394183264488644, "11": 0.012467294598352037, "12": 0.43972460833045907, "13": 0.047168435114323094}