{"0": 0.022150464296999937, "1": 0.00700222629692386, "2": -0.003204836437065452, "3": 0.58911702664852, "4": 0.12433322713349741, "5": 0.05961961793269167, "6": 0.034032559944771903, "7": -0.05748219068013382, "8": -0.06985652194133113, "9": -0.07761088348215202, "10": -0.04017505127645652, "11": -0.016356365938097837, "12": 0.5165567006947632, "13": 0.07018962673012245}