{"0": 0.022756881171674376, "1": 0.007693566007104734, "2": -0.0036089279312642333, "3": 0.4428840410395498, "4": 0.13133504214164965, "5": 0.04958174135879535, "6": 0.039364676735761245, "7": -0.05617110248695234, "8": -0.07030957974775096, "9": -0.07265539271580387, "10": -0.043490847118279635, "11": -0.012306565147104294, "12": 0.5503048792391695, "13": 0.06561123696647198}