{"0": 0.022461676079912993, "1": 0.0074875363306978575, "2": -0.0037427587504840834, "3": 0.34659134692880755, "4": 0.12651341620871476, "5": 0.0672271617293547, "6": 0.027930368844236216, "7": -0.0734822477628967, "8": -0.06910068350828794, "9": -0.07626876436271132, "10": -0.020726337143943837, "11": -0.01056705519420649, "12": 0.5516538755992687, "13": 0.06529604812098577}