{"0": 0.021963496394771034, "1": 0.008536595135186295, "2": -0.003260114290746557, "3": 0.1642766024194435, "4": 0.16310891574915645, "5": 0.06619910672527027, "6": 0.015608826532411794, "7": -0.09523456989944255, "8": -0.056298365554613684, "9": -0.06694933423961397, "10": -0.03657866725540684, "11": 0.03316562325695863, "12": 0.534864457149876, "13": 0.0580664655240704}