{"0": 0.022460782948681736, "1": 0.007860234656220716, "2": -0.0037123068744919956, "3": 0.34766034129629353, "4": 0.1467700633832878, "5": 0.0802269546670941, "6": -0.002277149626461586, "7": -0.044846558709749275, "8": -0.05737038118474362, "9": -0.07434251384217565, "10": -0.022451515024486834, "11": 0.05934076626265309, "12": 0.5315629017838089, "13": 0.035514817076810326}