{"0": 0.024333892780725487, "1": 0.005537574401120856, "2": -0.002491558122058649, "3": 0.4650796004230054, "4": 0.13416780319097188, "5": 0.04763232564706218, "6": 0.045375935113117695, "7": -0.11079959372820715, "8": -0.06682240752863121, "9": -0.08071344549457717, "10": -0.022975053302143535, "11": -0.016709931747077807, "12": 0.54428881515549, "13": 0.07191110470356635}