{"0": 0.023527114814245027, "1": 0.005626908288539459, "2": -0.003270318772954157, "3": 0.37766446517494406, "4": 0.15986059779061917, "5": 0.06850455439102723, "6": 0.042141195041947584, "7": -0.09340994841162929, "8": -0.06423384984461981, "9": -0.07690518668298166, "10": -0.02853974249934244, "11": -0.014390493002476362, "12": 0.608279090752761, "13": 0.0717392086307147}