{"0": 0.02339846883694344, "1": 0.004831209566223438, "2": -0.001210711054415235, "3": 0.44054216837197185, "4": 0.1419983467653559, "5": 0.03574855774695567, "6": 0.03526724308914831, "7": -0.05380440104266178, "8": -0.07263604118925954, "9": -0.07857662294659758, "10": -0.03166625569002851, "11": -0.008463012802835616, "12": 0.5190286485388074, "13": 0.06492842558714715}