{"0": 0.03150905196802941, "1": 0.00829149603606159, "2": -0.005004218318540998, "3": 0.6975455360454982, "4": 0.12426584493346866, "5": 0.047341099081565655, "6": 0.06932693296123284, "7": -0.08219706399280746, "8": -0.06610947196334682, "9": -0.06838930856756911, "10": -0.02753205376264569, "11": 0.01480172527323128, "12": 0.5284769380024118, "13": 0.05802030364519264}