{"0": 0.023506742341694913, "1": 0.006607594813701244, "2": -0.0028506981151925, "3": 0.22683057062216047, "4": 0.1314244082826281, "5": 0.0749600302318578, "6": 0.011456737061128859, "7": -0.02678560071085648, "8": -0.0647307281803271, "9": -0.06495186545285536, "10": -0.04233777216634395, "11": 0.037120671912478934, "12": 0.49334255043230907, "13": 0.05422284300558569}