{"0": 0.026011684909177855, "1": 0.006230796051309161, "2": -0.002742176380177257, "3": 0.599813811240689, "4": 0.11701397627275502, "5": 0.027299171044077367, "6": 0.06363642656125702, "7": -0.04414332556253331, "8": -0.07363199067871844, "9": -0.08451036449248041, "10": -0.02723003880210965, "11": -0.01061550340270268, "12": 0.5458462500110364, "13": 0.0849640499219487}