{"0": 0.02193726819300343, "1": 0.007075468818392271, "2": -0.002997393419233357, "3": 0.3471706316424495, "4": 0.14335431696294412, "5": 0.04410960798370172, "6": 0.009244420633684554, "7": -0.054651184775351046, "8": -0.055051924018882946, "9": -0.06743065678159067, "10": -0.03265401628957951, "11": -0.0007765718530175328, "12": 0.559973099887744, "13": 0.06066299757394217}