{"0": 0.03004835684068524, "1": 0.010629944034733801, "2": -0.006870372847116631, "3": 0.7410835039563922, "4": 0.11286231052133523, "5": 0.03744827648461697, "6": 0.04363084991426388, "7": -0.03102251597310385, "8": -0.06557345735582322, "9": -0.08141126276925148, "10": -0.0123178660947255, "11": -0.004919862147425382, "12": 0.5006050082267979, "13": 0.06784697229366035}