{"0": 0.02334179947637931, "1": 0.0056168958894270305, "2": -0.001425300483737517, "3": 0.29258333447516083, "4": 0.1418576898559911, "5": 0.08977850862125175, "6": 0.011228543720253358, "7": -0.05300238604951164, "8": -0.07021963049600871, "9": -0.06936184097134639, "10": -0.04241783669104825, "11": 0.024116086416334465, "12": 0.4711866102488019, "13": 0.037749425673838696}