{"0": 0.023176809441039663, "1": 0.008186076654763383, "2": -0.00395582139656353, "3": 0.5081022884428289, "4": 0.12770709663097266, "5": 0.04420239789216948, "6": 0.0461884367121841, "7": -0.0534478408296641, "8": -0.07296932535447745, "9": -0.07810968619121718, "10": -0.028460470231395963, "11": -0.012667984571194764, "12": 0.5631781963550521, "13": 0.0799993244856532}