{"0": 0.0225268837069807, "1": 0.004537983080864484, "2": 1.6891531059615562e-05, "3": 0.4737510146325186, "4": 0.11278259933171868, "5": 0.07126354578334032, "6": 0.007791554911143704, "7": -0.10298414011697905, "8": -0.06879870264194245, "9": -0.07951372230829692, "10": -0.012510425941060076, "11": 0.023808226983691002, "12": 0.516245715438695, "13": 0.043851742324188}