{"0": 0.020563554753763633, "1": 0.008634538276154824, "2": -0.0037869741505131243, "3": 0.6589817870293063, "4": 0.12282392615534883, "5": 0.07370177448386513, "6": 0.04407744392697184, "7": -0.06983344507686906, "8": -0.08076284310632825, "9": -0.07830308421077617, "10": -0.03769807054350629, "11": -0.02415054376563686, "12": 0.514826553314958, "13": 0.07540564575307096}