{"0": 0.030108524582331726, "1": 0.011674308067012982, "2": -0.006770552660108375, "3": 0.6916059109640817, "4": 0.12745739164282816, "5": 0.022989716638664948, "6": 0.07423507411539369, "7": -0.05062627076393988, "8": -0.07325137972758267, "9": -0.07192412915550815, "10": -0.013549312015357362, "11": -0.006724478500879575, "12": 0.5175487158906947, "13": 0.053913987654122884}