{"0": 0.021321048754005208, "1": 0.007355536619406226, "2": -0.002288939295104973, "3": 0.621288891852965, "4": 0.11950923070258347, "5": 0.06473392945091526, "6": 0.01769079045606832, "7": -0.038925762442607786, "8": -0.072874063077381, "9": -0.08444871581778873, "10": -0.024933326312874197, "11": -0.021256450672512313, "12": 0.5636730976163294, "13": 0.08513076663617865}