{"0": 0.02621104540888662, "1": 0.007821535550728505, "2": -0.0035489649646538697, "3": 0.701975554312705, "4": 0.10626052030735121, "5": 0.04210151496093996, "6": 0.047672234548808444, "7": -0.056913217393715056, "8": -0.07287363192504644, "9": -0.08960615017935332, "10": -0.017819857388818246, "11": -0.01596952650098688, "12": 0.5068420904917296, "13": 0.08025575259925795}