{"0": 0.021362617233923336, "1": 0.010795086255402268, "2": -0.005892080964165718, "3": 0.15150488859042893, "4": 0.15004684304876126, "5": 0.0731921692832787, "6": 0.011984921305796117, "7": -0.06284442651774856, "8": -0.05773438987878336, "9": -0.07256976041159406, "10": -0.0207721941340025, "11": 0.06068372594530732, "12": 0.5152725637233253, "13": 0.04190305676362146}