{"0": 0.029511031417849897, "1": 0.009888985704555053, "2": -0.005085444660609882, "3": 0.6412583922403265, "4": 0.12515387782883033, "5": 0.039139326314691324, "6": 0.08174506878195653, "7": -0.09345872807064087, "8": -0.07309839919887073, "9": -0.07790876008065775, "10": -0.0055009091121151175, "11": -0.010497800469604994, "12": 0.5455036572305612, "13": 0.054029149882929624}