{"0": 0.02408132330779239, "1": 0.008482309360142078, "2": -0.004402865459003908, "3": 0.6825529055988511, "4": 0.11847804351247589, "5": 0.03612819155874682, "6": 0.03442851426456513, "7": -0.0053746648223639455, "8": -0.06953271805867145, "9": -0.08386257577019288, "10": -0.03788403771344011, "11": -0.009208676126780954, "12": 0.5817983086663676, "13": 0.08283637227305607}