{"0": 0.023517191928289015, "1": 0.006702586715771907, "2": -0.002336706781680645, "3": 0.3116691885847841, "4": 0.15234345545475894, "5": 0.10688037424682259, "6": 0.030901984718272484, "7": -0.10165493213854958, "8": -0.07112663341634326, "9": -0.07647563373187946, "10": -0.023675995442862943, "11": 0.003095431995915996, "12": 0.5004421829419855, "13": 0.04639723658621851}