{"0": 0.02482524635325553, "1": 0.0037615751311446182, "2": -0.000650495396806991, "3": 0.5151612984929578, "4": 0.16360656497630224, "5": 0.02819626108116883, "6": 0.04518393111987214, "7": -0.06823557344378069, "8": -0.07393548066754398, "9": -0.07420613875132226, "10": -0.032422670155117204, "11": -0.013107639772441344, "12": 0.5808554143981757, "13": 0.05918762165309557}