{"0": 0.02319383973443937, "1": 0.007715083966634896, "2": -0.004436657472262249, "3": 0.5513385726182969, "4": 0.15517940417062062, "5": 0.05120113567770917, "6": 0.060576313256998186, "7": -0.0769528040374652, "8": -0.07169135652102762, "9": -0.07560961793039332, "10": -0.03626869727992796, "11": -0.021509945693493657, "12": 0.538035974797989, "13": 0.07768594252044668}