{"0": 0.03011402226213433, "1": 0.01037960613667974, "2": -0.006328935898176659, "3": 0.733945797732381, "4": 0.11073033757794239, "5": 0.06066276075976275, "6": 0.0455714694417317, "7": -0.03516823283537422, "8": -0.07317622319447584, "9": -0.08346803519855588, "10": 0.0014053889114049708, "11": -0.00028615845168998707, "12": 0.4680388811609636, "13": 0.07000695841616837}