{"0": 0.024959831175876673, "1": 0.008700435031666686, "2": -0.0039167174997481475, "3": 0.7520232845309814, "4": 0.10137207798444053, "5": 0.031761015795970286, "6": 0.04695580101343277, "7": -0.04522917383711345, "8": -0.07806234818798151, "9": -0.08506951254223892, "10": -0.014277418281373369, "11": -0.022971220014717464, "12": 0.5053958059888346, "13": 0.08373438939702943}