{"0": 0.03246495516867947, "1": 0.009309693726924084, "2": -0.005143755806200301, "3": 0.7157211009737152, "4": 0.1318544484374523, "5": 0.0074878185889623574, "6": 0.07146173927794243, "7": -0.05694690195896031, "8": -0.0752869591778282, "9": -0.07015647885445811, "10": -0.02322666616448473, "11": 0.019044861462866512, "12": 0.49800093244507737, "13": 0.05443359003915945}