{"0": 0.02791373631963609, "1": 0.009349370456283927, "2": -0.0062537651493735, "3": 0.7901619242737793, "4": 0.10133513417973389, "5": 0.05215547821359752, "6": 0.05556842296518744, "7": -0.038214612091659356, "8": -0.06763362456631676, "9": -0.08079067197190493, "10": -0.026350062109516455, "11": -0.02342988562831741, "12": 0.534612004742076, "13": 0.08517386625785005}