{"0": 0.031669576789489395, "1": 0.007818560002162541, "2": -0.004791461063381175, "3": 0.7429981821731606, "4": 0.12175760701978836, "5": 0.04312064412522115, "6": 0.05786938738872586, "7": -0.05591327128541592, "8": -0.0734957875794418, "9": -0.06908041843490081, "10": -0.0300980273653003, "11": 0.011470367005626722, "12": 0.5430830272159886, "13": 0.05960840956672501}