{"0": 0.02156153221576812, "1": 0.00916018794604411, "2": -0.004079719121707109, "3": 0.5172655809488907, "4": 0.1259384336245793, "5": 0.03319793035248325, "6": 0.03568772580295962, "7": -0.06880164232243793, "8": -0.06946602104272502, "9": -0.07060018617106563, "10": -0.042998725937386455, "11": -0.01621212030994458, "12": 0.5266840650024657, "13": 0.07207520807598825}