{"0": 0.026612104453746285, "1": 0.010922732070081695, "2": -0.006702150031844604, "3": 0.7881135765281612, "4": 0.09338544625952812, "5": 0.06245348527989231, "6": 0.036210482021963315, "7": -0.04395424879200927, "8": -0.06538432428579295, "9": -0.0840608630935321, "10": -0.01654460803052426, "11": -0.03150770104661945, "12": 0.5413122890667894, "13": 0.08821198439461854}