{"0": 0.02271272612269894, "1": 0.00810934026658467, "2": -0.003385683746606575, "3": 0.08034058616502496, "4": 0.16413760609747044, "5": 0.0889661115576175, "6": 0.008451024482416749, "7": -0.049070914784078205, "8": -0.06918781118551308, "9": -0.07570863633757459, "10": -0.015160719934726763, "11": 0.04795961740036399, "12": 0.5302241833422159, "13": 0.043302799962514904}