{"0": 0.02541222289048747, "1": 0.007095337048169432, "2": -0.004696941465177672, "3": 0.5402280503372652, "4": 0.1310767015520694, "5": 0.047022374649083924, "6": 0.05371134713802579, "7": -0.059234660752827684, "8": -0.06330952875968596, "9": -0.07766446260892004, "10": -0.04531135944041923, "11": -0.012884186636003632, "12": 0.5161151478700783, "13": 0.07356873350897299}