{"0": 0.024676418300077357, "1": 0.006079989528044586, "2": -0.0023425530243239854, "3": 0.26032172732729636, "4": 0.14837755249407178, "5": 0.08367841143222424, "6": 0.02579574218378107, "7": -0.05663356240516854, "8": -0.06442764881671263, "9": -0.07038325164977108, "10": -0.03336889192660301, "11": 0.015055732069651289, "12": 0.5221258333395288, "13": 0.05149335725354498}