{"0": 0.021457209497127157, "1": 0.004858138933436656, "2": -0.0009504516000200597, "3": 0.29864722275795125, "4": 0.1569038301415083, "5": 0.10034588020845236, "6": 0.00024576263408114876, "7": -0.030156005787972364, "8": -0.07638885141231849, "9": -0.07353371202260811, "10": -0.03892364588787392, "11": 0.029058201269285783, "12": 0.4935157127156222, "13": 0.04546547368755494}