{"0": 0.02584503923346078, "1": 0.005642390693295763, "2": -0.0031708214335412696, "3": 0.2781674856828829, "4": 0.16116966319488152, "5": 0.053396517585993994, "6": 0.05845365745269985, "7": -0.04948583737802687, "8": -0.07370331598670628, "9": -0.07090515080554682, "10": -0.04151676720091143, "11": -0.02573649808765417, "12": 0.5919241194612933, "13": 0.07848028089440344}