{"0": 0.024471546403698224, "1": 0.006262261163516829, "2": -0.0030135004354057684, "3": 0.3930722066676727, "4": 0.14033053183142222, "5": 0.027744359829713253, "6": 0.045042069321101406, "7": -0.11455892489994761, "8": -0.06309044501121892, "9": -0.07122437097592813, "10": -0.03162623298354101, "11": -0.008277718057673349, "12": 0.544649199984137, "13": 0.06611335089582153}