{"0": 0.021244835240394257, "1": 0.007646860731167032, "2": -0.0025049529430957477, "3": 0.40171353029926316, "4": 0.13630893761915217, "5": 0.04973544054181483, "6": 0.031334252193363894, "7": -0.11325267511455377, "8": -0.06280581172412994, "9": -0.07868770844780935, "10": -0.026110744037766084, "11": -0.011857874974523813, "12": 0.5574901625241969, "13": 0.07011844644051013}