{"0": 0.022994626775532725, "1": 0.005468188654291153, "2": -0.0019298172060047132, "3": 0.5419470422154379, "4": 0.14011198611529765, "5": 0.06040014343772261, "6": 0.037837803360546665, "7": -0.08825386987867244, "8": -0.06752598388618815, "9": -0.06911436043258859, "10": -0.0375031970906397, "11": -0.01295004579136428, "12": 0.5372588827709693, "13": 0.06865734984727338}