{"0": 0.021831930637256955, "1": 0.006722748525465792, "2": -0.002688769718947151, "3": 0.5382108410803496, "4": 0.14055318251908297, "5": 0.07347169652911074, "6": 0.040884604120283094, "7": -0.08505105284778162, "8": -0.07399108219798209, "9": -0.08413381539602942, "10": -0.023809380625329293, "11": -0.01601495454064221, "12": 0.5543587830845449, "13": 0.07056762513175649}