{"0": 0.02853554266319114, "1": 0.009896612098440115, "2": -0.005028896534378394, "3": 0.6867161180384399, "4": 0.12586417537441924, "5": 0.0330964970793127, "6": 0.061500171379415755, "7": -0.05173430157598366, "8": -0.07425799495786732, "9": -0.07069210655884564, "10": -0.016012871615833327, "11": -0.008686499154025109, "12": 0.4849426144694961, "13": 0.05071881176416112}