{"0": 0.035880786941799955, "1": 0.014728726540175447, "2": -0.008957228514816324, "3": 0.6698386072044313, "4": 0.1611542068769402, "5": 0.06789426834051854, "6": 0.050393965246390504, "7": -0.07360632014060384, "8": -0.06979714661279407, "9": -0.07236503273244957, "10": -0.015212948819915575, "11": -0.00981833670099022, "12": 0.5128669688453692, "13": 0.05405091829338505}