{"0": -0.06478474556521724, "1": 0.010185876612686526, "2": -0.11209324280232696, "3": -0.03298574931342086, "4": -0.05312738083232241, "5": 0.12806405135335455, "6": 0.021640572857351312, "7": -0.04785353801181188, "8": -0.0947005418754223, "9": -0.05414949078302106, "10": -0.04587834864185711, "11": -0.3614487870792182, "12": -0.1660883509286713, "13": 0.6539906116656167, "14": -0.014461829339026885, "15": 0.1806387006258377}