{"0": -0.07055744645563229, "1": 0.016565196104580182, "2": -0.07957957102168929, "3": -0.04969584622615386, "4": -0.04944763276343198, "5": 0.12175926251172522, "6": 0.041690815709277254, "7": -0.05422901561012338, "8": -0.1073920194258873, "9": -0.0689842123662106, "10": -0.044241432341811326, "11": -0.3186845385940538, "12": -0.16584859518804201, "13": 0.6724677178799074, "14": -0.016853633265683027, "15": 0.18847774613260582}