{"0": -0.0713170803529083, "1": 0.014636104083997991, "2": -0.08430053538823665, "3": -0.046367750822096765, "4": -0.07251269746874085, "5": 0.12633105168376008, "6": 0.021470948944938215, "7": -0.04488049259233436, "8": -0.09645627799977857, "9": -0.05606382556622805, "10": -0.06205483350030797, "11": -0.33437736806162566, "12": -0.16261240373799613, "13": 0.6556863334696864, "14": -0.015086010314859675, "15": 0.17747856365858586}