{"0": 0.026661520878566082, "1": 0.008906369726581282, "2": -0.003259888968006169, "3": 0.1508803906700067, "4": 0.16344784924570993, "5": 0.07249036552458925, "6": 0.050492539606411466, "7": -0.04631043720539795, "8": -0.0833554886653645, "9": -0.08734118649510653, "10": -0.014003046145074964, "11": 0.056533347131874134, "12": 0.4505326319494772, "13": 0.04618604186730352}